mtllib converted_link3_27_969696ff.mtl
usemtl material
v 0.004628665745258331 0.023265497758984566 -0.0010259893024340272
v 0.004628665745258331 0.023265497758984566 -0.0010259893024340272
v 0.004628665745258331 0.023265497758984566 -0.0010259893024340272
v 0.0046302927657961845 0.023296702653169632 -0.00015614248695783317
v 0.0046302927657961845 0.023296702653169632 -0.00015614248695783317
v 0.0033303159289062023 0.023296702653169632 -0.0001537105708848685
v 0.0033303159289062023 0.023296702653169632 -0.0001537105708848685
v 0.0033303159289062023 0.023296702653169632 -0.0001537105708848685
v 0.0033303159289062023 0.023296702653169632 -0.0001537105708848685
v 0.003295594360679388 -0.013543781824409962 -0.018714040517807007
v 0.003295594360679388 -0.013543781824409962 -0.018714040517807007
v 0.003295594360679388 -0.013543781824409962 -0.018714040517807007
v 0.003295594360679388 -0.013543781824409962 -0.018714040517807007
v 0.00459557119756937 -0.013543781824409962 -0.018716471269726753
v 0.00459557119756937 -0.013543781824409962 -0.018716471269726753
v 0.0045954142697155476 -0.013425488956272602 -0.018800420686602592
v 0.0045954142697155476 -0.013425488956272602 -0.018800420686602592
v 0.0032923815306276083 -0.010740706697106361 -0.02043149806559086
v 0.0032923815306276083 -0.010740706697106361 -0.02043149806559086
v 0.0032923815306276083 -0.010740706697106361 -0.02043149806559086
v 0.0032923815306276083 -0.010740706697106361 -0.02043149806559086
v 0.0032923815306276083 -0.010740706697106361 -0.02043149806559086
v 0.0032923815306276083 -0.010740706697106361 -0.02043149806559086
v 0.0032923815306276083 -0.010740706697106361 -0.02043149806559086
v 0.004591483157128096 -0.009787503629922867 -0.0209017563611269
v 0.004591483157128096 -0.009787503629922867 -0.0209017563611269
v 0.0032915063202381134 -0.009787503629922867 -0.020899325609207153
v 0.0032915063202381134 -0.009787503629922867 -0.020899325609207153
v 0.0032915063202381134 -0.009787503629922867 -0.020899325609207153
v 0.004600503481924534 -0.016626926138997078 -0.016079971566796303
v 0.004600503481924534 -0.016626926138997078 -0.016079971566796303
v 0.003300916403532028 -0.016828861087560654 -0.015869220718741417
v 0.003300916403532028 -0.016828861087560654 -0.015869220718741417
v 0.003300916403532028 -0.016828861087560654 -0.015869220718741417
v 0.003300916403532028 -0.016828861087560654 -0.015869220718741417
v 0.00460089324042201 -0.016828861087560654 -0.015871653333306313
v 0.00460089324042201 -0.016828861087560654 -0.015871653333306313
v 0.00460089324042201 -0.016828861087560654 -0.015871653333306313
v 0.00460658548399806 -0.019287794828414917 -0.012828809209167957
v 0.00460658548399806 -0.019287794828414917 -0.012828809209167957
v 0.0033072868827730417 -0.019528580829501152 -0.012463889084756374
v 0.0033072868827730417 -0.019528580829501152 -0.012463889084756374
v 0.0033072868827730417 -0.019528580829501152 -0.012463889084756374
v 0.0033072868827730417 -0.019528580829501152 -0.012463889084756374
v 0.0033072868827730417 -0.019528580829501152 -0.012463889084756374
v 0.00460726348683238 -0.019528580829501152 -0.01246632169932127
v 0.00460726348683238 -0.019528580829501152 -0.01246632169932127
v 0.00460726348683238 -0.019528580829501152 -0.01246632169932127
v 0.004613462369889021 -0.02132154442369938 -0.00915271695703268
v 0.004613462369889021 -0.02132154442369938 -0.00915271695703268
v 0.003314484376460314 -0.021548915654420853 -0.008616434410214424
v 0.003314484376460314 -0.021548915654420853 -0.008616434410214424
v 0.003314484376460314 -0.021548915654420853 -0.008616434410214424
v 0.004614461213350296 -0.021548915654420853 -0.008618866093456745
v 0.004614461213350296 -0.021548915654420853 -0.008618866093456745
v 0.004614461213350296 -0.021548915654420853 -0.008618866093456745
v 0.0046209110878407955 -0.022662147879600525 -0.005171067081391811
v 0.0046209110878407955 -0.022662147879600525 -0.005171067081391811
v 0.0033222585916519165 -0.02281969040632248 -0.004460690543055534
v 0.0033222585916519165 -0.02281969040632248 -0.004460690543055534
v 0.0033222585916519165 -0.02281969040632248 -0.004460690543055534
v 0.004622235428541899 -0.02281969040632248 -0.004463122691959143
v 0.004622235428541899 -0.02281969040632248 -0.004463122691959143
v 0.004622235428541899 -0.02281969040632248 -0.004463122691959143
v 0.004628689028322697 -0.023265982046723366 -0.0010134646436199546
v 0.004628689028322697 -0.023265982046723366 -0.0010134646436199546
v 0.0033303392119705677 -0.02329661324620247 -0.0001412157143931836
v 0.0033303392119705677 -0.02329661324620247 -0.0001412157143931836
v 0.0033303392119705677 -0.02329661324620247 -0.0001412157143931836
v 0.0033303392119705677 -0.02329661324620247 -0.0001412157143931836
v 0.00463031604886055 -0.02329661324620247 -0.00014364763046614826
v 0.00463031604886055 -0.02329661324620247 -0.00014364763046614826
v 0.00463031604886055 -0.02329661324620247 -0.00014364763046614826
v 0.004636543337255716 -0.02311328798532486 0.003184984438121319
v 0.004636543337255716 -0.02311328798532486 0.003184984438121319
v 0.0033384449779987335 -0.022963134571909904 0.004191646818071604
v 0.0033384449779987335 -0.022963134571909904 0.004191646818071604
v 0.0033384449779987335 -0.022963134571909904 0.004191646818071604
v 0.004638421814888716 -0.022963134571909904 0.004189215134829283
v 0.004638421814888716 -0.022963134571909904 0.004189215134829283
v 0.004638421814888716 -0.022963134571909904 0.004189215134829283
v 0.0046442183665931225 -0.022209202870726585 0.0072877430357038975
v 0.0046442183665931225 -0.022209202870726585 0.0072877430357038975
v 0.003346293931826949 -0.021830851212143898 0.008387255482375622
v 0.003346293931826949 -0.021830851212143898 0.008387255482375622
v 0.004646270535886288 -0.021830851212143898 0.0083848237991333
v 0.004646270535886288 -0.021830851212143898 0.0083848237991333
v 0.004646270535886288 -0.021830851212143898 0.0083848237991333
v 0.004651465453207493 -0.020583050325512886 0.011161536909639835
v 0.004651465453207493 -0.020583050325512886 0.011161536909639835
v 0.003353612730279565 -0.019939204677939415 0.012299583293497562
v 0.003353612730279565 -0.019939204677939415 0.012299583293497562
v 0.003353612730279565 -0.019939204677939415 0.012299583293497562
v 0.004653589800000191 -0.019939204677939415 0.012297150678932667
v 0.004653589800000191 -0.019939204677939415 0.012297150678932667
v 0.004653589800000191 -0.019939204677939415 0.012297150678932667
v 0.004658048041164875 -0.01828763261437416 0.014680302701890469
v 0.004658048041164875 -0.01828763261437416 0.014680302701890469
v 0.0033601473551243544 -0.017353897914290428 0.01579263247549534
v 0.0033601473551243544 -0.017353897914290428 0.01579263247549534
v 0.0033601473551243544 -0.017353897914290428 0.01579263247549534
v 0.0033601473551243544 -0.017353897914290428 0.01579263247549534
v 0.0033601473551243544 -0.017353897914290428 0.01579263247549534
v 0.00466012442484498 -0.017353897914290428 0.015790201723575592
v 0.00466012442484498 -0.017353897914290428 0.015790201723575592
v 0.00466012442484498 -0.017353897914290428 0.015790201723575592
v 0.004663752391934395 -0.015397734940052032 0.017729638144373894
v 0.004663752391934395 -0.015397734940052032 0.017729638144373894
v 0.003365670097991824 -0.014164901338517666 0.01874478906393051
v 0.003365670097991824 -0.014164901338517666 0.01874478906393051
v 0.003365670097991824 -0.014164901338517666 0.01874478906393051
v 0.003365670097991824 -0.014164901338517666 0.01874478906393051
v 0.00466564716771245 -0.014164901338517666 0.018742356449365616
v 0.00466564716771245 -0.014164901338517666 0.018742356449365616
v 0.00466564716771245 -0.014164901338517666 0.018742356449365616
v 0.004668393637984991 -0.012007185257971287 0.020210454240441322
v 0.004668393637984991 -0.012007185257971287 0.020210454240441322
v 0.003369741141796112 -0.010742154903709888 0.02092093415558338
v 0.003369741141796112 -0.010742154903709888 0.02092093415558338
v 0.003369741141796112 -0.010742154903709888 0.02092093415558338
v 0.003369741141796112 -0.010742154903709888 0.02092093415558338
v 0.003369741141796112 -0.010742154903709888 0.02092093415558338
v 0.003369741141796112 -0.010742154903709888 0.02092093415558338
v 0.003369741141796112 -0.010742154903709888 0.02092093415558338
v 0.003369741141796112 -0.010742154903709888 0.02092093415558338
v 0.004669965710490942 -0.010483215562999249 0.02105097286403179
v 0.004669965710490942 -0.010483215562999249 0.02105097286403179
v 0.004669965710490942 -0.010483215562999249 0.02105097286403179
v 0.0033699888736009598 -0.010483215562999249 0.021053405478596687
v 0.0033699888736009598 -0.010483215562999249 0.021053405478596687
v 0.0033699888736009598 -0.010483215562999249 0.021053405478596687
v 0.004671819973737001 -0.008226213976740837 0.022042063996195793
v 0.004671819973737001 -0.008226213976740837 0.022042063996195793
v 0.003372953739017248 -0.006436757277697325 0.0226382277905941
v 0.003372953739017248 -0.006436757277697325 0.0226382277905941
v 0.003372953739017248 -0.006436757277697325 0.0226382277905941
v 0.00467293057590723 -0.006436757277697325 0.022635797038674355
v 0.00467293057590723 -0.006436757277697325 0.022635797038674355
v 0.00467293057590723 -0.006436757277697325 0.022635797038674355
v 0.004673920571804047 -0.004177801311016083 0.02316497452557087
v 0.004673920571804047 -0.004177801311016083 0.02316497452557087
v 0.003374461317434907 -0.0021664679516106844 0.023444078862667084
v 0.003374461317434907 -0.0021664679516106844 0.023444078862667084
v 0.003374461317434907 -0.0021664679516106844 0.023444078862667084
v 0.004674438387155533 -0.0021664679516106844 0.023441646248102188
v 0.004674438387155533 -0.0021664679516106844 0.023441646248102188
v 0.004674438387155533 -0.0021664679516106844 0.023441646248102188
v 0.0046746269799768925 6.417967597371899e-06 0.0235426165163517
v 0.0046746269799768925 6.417967597371899e-06 0.0235426165163517
v 0.0033744589891284704 0.0021792042534798384 0.023442914709448814
v 0.0033744589891284704 0.0021792042534798384 0.023442914709448814
v 0.0033744589891284704 0.0021792042534798384 0.023442914709448814
v 0.0033744589891284704 0.0021792042534798384 0.023442914709448814
v 0.004674436058849096 0.0021792042534798384 0.02344048209488392
v 0.004674436058849096 0.0021792042534798384 0.02344048209488392
v 0.004674436058849096 0.0021792042534798384 0.02344048209488392
v 0.003372947219759226 0.006449107546359301 0.022634772583842278
v 0.003372947219759226 0.006449107546359301 0.022634772583842278
v 0.003372947219759226 0.006449107546359301 0.022634772583842278
v 0.0033699783962219954 0.01049464475363493 0.021047793328762054
v 0.0033699783962219954 0.01049464475363493 0.021047793328762054
v 0.0033699783962219954 0.01049464475363493 0.021047793328762054
v 0.0033699783962219954 0.01049464475363493 0.021047793328762054
v 0.004669955465942621 0.01049464475363493 0.02104536071419716
v 0.004669955465942621 0.01049464475363493 0.02104536071419716
v 0.00467181159183383 0.008238248527050018 0.022037630900740623
v 0.00467181159183383 0.008238248527050018 0.022037630900740623
v 0.00467181159183383 0.008238248527050018 0.022037630900740623
v 0.004672924056649208 0.006449107546359301 0.022632339969277382
v 0.004672924056649208 0.006449107546359301 0.022632339969277382
v 0.004673916380852461 0.004190400708466768 0.02316271699965
v 0.004673916380852461 0.004190400708466768 0.02316271699965
v 0.0033656558953225613 0.014175171963870525 0.018737193197011948
v 0.0033656558953225613 0.014175171963870525 0.018737193197011948
v 0.0033656558953225613 0.014175171963870525 0.018737193197011948
v 0.0033656558953225613 0.014175171963870525 0.018737193197011948
v 0.0033601298928260803 0.017362577840685844 0.015783226117491722
v 0.0033601298928260803 0.017362577840685844 0.015783226117491722
v 0.0033601298928260803 0.017362577840685844 0.015783226117491722
v 0.0033601298928260803 0.017362577840685844 0.015783226117491722
v 0.0046601067297160625 0.017362577840685844 0.015780795365571976
v 0.0046601067297160625 0.017362577840685844 0.015780795365571976
v 0.004663737025111914 0.015407435595989227 0.01772131770849228
v 0.004663737025111914 0.015407435595989227 0.01772131770849228
v 0.004663737025111914 0.015407435595989227 0.01772131770849228
v 0.0046656327322125435 0.014175171963870525 0.0187347624450922
v 0.0046656327322125435 0.014175171963870525 0.0187347624450922
v 0.004668381530791521 0.012018202804028988 0.020204002037644386
v 0.004668381530791521 0.012018202804028988 0.020204002037644386
v 0.0033535927068442106 0.01994594931602478 0.012288853526115417
v 0.0033535927068442106 0.01994594931602478 0.012288853526115417
v 0.0033535927068442106 0.01994594931602478 0.012288853526115417
v 0.003346271812915802 0.021835552528500557 0.008375504054129124
v 0.003346271812915802 0.021835552528500557 0.008375504054129124
v 0.003346271812915802 0.021835552528500557 0.008375504054129124
v 0.004646248649805784 0.021835552528500557 0.008373072370886803
v 0.004646248649805784 0.021835552528500557 0.008373072370886803
v 0.004651444498449564 0.020589157938957214 0.011150479316711426
v 0.004651444498449564 0.020589157938957214 0.011150479316711426
v 0.004651444498449564 0.020589157938957214 0.011150479316711426
v 0.0046535697765648365 0.01994594931602478 0.012286420911550522
v 0.0046535697765648365 0.01994594931602478 0.012286420911550522
v 0.004658029414713383 0.018295682966709137 0.014670401811599731
v 0.004658029414713383 0.018295682966709137 0.014670401811599731
v 0.003338421927765012 0.02296553924679756 0.004179319832473993
v 0.003338421927765012 0.02296553924679756 0.004179319832473993
v 0.003338421927765012 0.02296553924679756 0.004179319832473993
v 0.004636520054191351 0.023115165531635284 0.0031725645530968904
v 0.004636520054191351 0.023115165531635284 0.0031725645530968904
v 0.004638398997485638 0.02296553924679756 0.004176888149231672
v 0.004638398997485638 0.02296553924679756 0.004176888149231672
v 0.004644196014851332 0.022213267162442207 0.007275872863829136
v 0.004644196014851332 0.022213267162442207 0.007275872863829136
v 0.004622212611138821 0.02281741425395012 -0.004475335590541363
v 0.004622212611138821 0.02281741425395012 -0.004475335590541363
v 0.0033222357742488384 0.02281741425395012 -0.004472903907299042
v 0.0033222357742488384 0.02281741425395012 -0.004472903907299042
v 0.0033222357742488384 0.02281741425395012 -0.004472903907299042
v 0.0046208882704377174 0.02265951968729496 -0.005183301866054535
v 0.0046208882704377174 0.02265951968729496 -0.005183301866054535
v 0.0046208882704377174 0.02265951968729496 -0.005183301866054535
v 0.003314462723210454 0.021544402465224266 -0.00862796138972044
v 0.003314462723210454 0.021544402465224266 -0.00862796138972044
v 0.003314462723210454 0.021544402465224266 -0.00862796138972044
v 0.003314462723210454 0.021544402465224266 -0.00862796138972044
v 0.00461443979293108 0.021544402465224266 -0.008630393072962761
v 0.00461443979293108 0.021544402465224266 -0.008630393072962761
v 0.004613440949469805 0.021316781640052795 -0.009164170362055302
v 0.004613440949469805 0.021316781640052795 -0.009164170362055302
v 0.003307267092168331 0.019521962851285934 -0.012474365532398224
v 0.003307267092168331 0.019521962851285934 -0.012474365532398224
v 0.003307267092168331 0.019521962851285934 -0.012474365532398224
v 0.004607243929058313 0.019521962851285934 -0.012476797215640545
v 0.004607243929058313 0.019521962851285934 -0.012476797215640545
v 0.004606565926223993 0.01928103156387806 -0.012839237228035927
v 0.004606565926223993 0.01928103156387806 -0.012839237228035927
v 0.0033008994068950415 0.016820436343550682 -0.015878286212682724
v 0.0033008994068950415 0.016820436343550682 -0.015878286212682724
v 0.0033008994068950415 0.016820436343550682 -0.015878286212682724
v 0.00460087601095438 0.016820436343550682 -0.01588071882724762
v 0.00460087601095438 0.016820436343550682 -0.01588071882724762
v 0.004600486718118191 0.01661834865808487 -0.016088958829641342
v 0.004600486718118191 0.01661834865808487 -0.016088958829641342
v 0.0032955806236714125 0.01353384368121624 -0.018721362575888634
v 0.0032955806236714125 0.01353384368121624 -0.018721362575888634
v 0.0032955806236714125 0.01353384368121624 -0.018721362575888634
v 0.004595557693392038 0.01353384368121624 -0.01872379519045353
v 0.004595557693392038 0.01353384368121624 -0.01872379519045353
v 0.004595400765538216 0.01341546792536974 -0.018807679414749146
v 0.004595400765538216 0.01341546792536974 -0.018807679414749146
v 0.0032914963085204363 0.009776451624929905 -0.02090461738407612
v 0.0032914963085204363 0.009776451624929905 -0.02090461738407612
v 0.0032914963085204363 0.009776451624929905 -0.02090461738407612
v 0.0032914963085204363 0.009776451624929905 -0.02090461738407612
v 0.004591473378241062 0.009776451624929905 -0.020907048135995865
v 0.004591473378241062 0.009776451624929905 -0.020907048135995865
v 0.003304579295217991 -0.012713895179331303 -0.013911228626966476
v 0.003304579295217991 -0.012713895179331303 -0.013911228626966476
v 0.003304579295217991 -0.012713895179331303 -0.013911228626966476
v 0.003304579295217991 -0.012713895179331303 -0.013911228626966476
v 0.0033040831331163645 -0.013173488900065422 -0.014176429249346256
v 0.0033040831331163645 -0.013173488900065422 -0.014176429249346256
v 0.0033040831331163645 -0.013173488900065422 -0.014176429249346256
v 0.0033040831331163645 -0.013173488900065422 -0.014176429249346256
v 0.0033040831331163645 -0.013173488900065422 -0.014176429249346256
v 0.003357558511197567 -0.014155825600028038 0.014408706687390804
v 0.003357558511197567 -0.014155825600028038 0.014408706687390804
v 0.003357558511197567 -0.014155825600028038 0.014408706687390804
v 0.003357558511197567 -0.014155825600028038 0.014408706687390804
v 0.003357558511197567 -0.014155825600028038 0.014408706687390804
v 0.0033580544404685497 -0.013696281239390373 0.014673871919512749
v 0.0033580544404685497 -0.013696281239390373 0.014673871919512749
v 0.0033580544404685497 -0.013696281239390373 0.014673871919512749
v 0.0033580544404685497 -0.013696281239390373 0.014673871919512749
v 0.0033580544404685497 -0.013696281239390373 0.014673871919512749
v 0.0033580544404685497 -0.013696281239390373 0.014673871919512749
v 0.003358054207637906 -0.013165664859116077 0.014673765748739243
v 0.003358054207637906 -0.013165664859116077 0.014673765748739243
v 0.003358054207637906 -0.013165664859116077 0.014673765748739243
v 0.003358054207637906 -0.013165664859116077 0.014673765748739243
v 0.003357557812705636 -0.01270623505115509 0.014408309943974018
v 0.003357557812705636 -0.01270623505115509 0.014408309943974018
v 0.003357557812705636 -0.01270623505115509 0.014408309943974018
v 0.003357557812705636 -0.01270623505115509 0.014408309943974018
v 0.0033566979691386223 -0.012441117316484451 0.013948731124401093
v 0.0033566979691386223 -0.012441117316484451 0.013948731124401093
v 0.0033566979691386223 -0.012441117316484451 0.013948731124401093
v 0.0033566979691386223 -0.012441117316484451 0.013948731124401093
v 0.0033566979691386223 -0.012441117316484451 0.013948731124401093
v 0.0033566979691386223 -0.012441117316484451 0.013948731124401093
v 0.003354843473061919 -0.0027193936984986067 0.012957429513335228
v 0.003354843473061919 -0.0027193936984986067 0.012957429513335228
v 0.003354843473061919 -0.0027193936984986067 0.012957429513335228
v 0.003354843473061919 -0.0027193936984986067 0.012957429513335228
v 0.003304083365947008 -0.013704090379178524 -0.01417623832821846
v 0.003304083365947008 -0.013704090379178524 -0.01417623832821846
v 0.003304083365947008 -0.013704090379178524 -0.01417623832821846
v 0.003304083365947008 -0.013704090379178524 -0.01417623832821846
v 0.003304083365947008 -0.013704090379178524 -0.01417623832821846
v 0.003304083365947008 -0.013704090379178524 -0.01417623832821846
v 0.003304579993709922 -0.01416348572820425 -0.01391083188354969
v 0.003304579993709922 -0.01416348572820425 -0.01391083188354969
v 0.003304579993709922 -0.01416348572820425 -0.01391083188354969
v 0.003304579993709922 -0.01416348572820425 -0.01391083188354969
v 0.003304579993709922 -0.01416348572820425 -0.01391083188354969
v 0.003304579993709922 -0.01416348572820425 -0.01391083188354969
v 0.0033054386731237173 -0.012448523193597794 -0.013451785780489445
v 0.0033054386731237173 -0.012448523193597794 -0.013451785780489445
v 0.0033054386731237173 -0.012448523193597794 -0.013451785780489445
v 0.0033054386731237173 -0.012448523193597794 -0.013451785780489445
v 0.0033054386731237173 -0.012448523193597794 -0.013451785780489445
v 0.0033054386731237173 -0.012448523193597794 -0.013451785780489445
v 0.003307297360152006 -0.002761183539405465 -0.012458204291760921
v 0.003307297360152006 -0.002761183539405465 -0.012458204291760921
v 0.003307297360152006 -0.002761183539405465 -0.012458204291760921
v 0.003307297360152006 -0.002761183539405465 -0.012458204291760921
v 0.003307297360152006 -0.002761183539405465 -0.012458204291760921
v 0.0033064312301576138 -0.012448381632566452 -0.012921218760311604
v 0.0033064312301576138 -0.012448381632566452 -0.012921218760311604
v 0.0033064312301576138 -0.012448381632566452 -0.012921218760311604
v 0.0033064312301576138 -0.012448381632566452 -0.012921218760311604
v 0.0033064312301576138 -0.012448381632566452 -0.012921218760311604
v 0.0033088878262788057 -0.005338387098163366 -0.011608071625232697
v 0.0033088878262788057 -0.005338387098163366 -0.011608071625232697
v 0.0033088878262788057 -0.005338387098163366 -0.011608071625232697
v 0.0033088878262788057 -0.005338387098163366 -0.011608071625232697
v 0.003307290840893984 -0.012713547796010971 -0.012461675330996513
v 0.003307290840893984 -0.012713547796010971 -0.012461675330996513
v 0.003307290840893984 -0.012713547796010971 -0.012461675330996513
v 0.003307290840893984 -0.012713547796010971 -0.012461675330996513
v 0.003307290840893984 -0.012713547796010971 -0.012461675330996513
v 0.003311922075226903 -0.008019942790269852 -0.009986055083572865
v 0.003311922075226903 -0.008019942790269852 -0.009986055083572865
v 0.003311922075226903 -0.008019942790269852 -0.009986055083572865
v 0.0033077874686568975 -0.01317297201603651 -0.012196228839457035
v 0.0033077874686568975 -0.01317297201603651 -0.012196228839457035
v 0.0033077874686568975 -0.01317297201603651 -0.012196228839457035
v 0.0033077874686568975 -0.01317297201603651 -0.012196228839457035
v 0.0033548467326909304 -0.014156172052025795 0.012959154322743416
v 0.0033548467326909304 -0.014156172052025795 0.012959154322743416
v 0.0033548467326909304 -0.014156172052025795 0.012959154322743416
v 0.0033557063434273005 -0.014421339146792889 0.013418697752058506
v 0.0033557063434273005 -0.014421339146792889 0.013418697752058506
v 0.0033557063434273005 -0.014421339146792889 0.013418697752058506
v 0.0033557063434273005 -0.014421339146792889 0.013418697752058506
v 0.0033557063434273005 -0.014421339146792889 0.013418697752058506
v 0.0033557063434273005 -0.014421339146792889 0.013418697752058506
v 0.003356698900461197 -0.014421280473470688 0.013949276879429817
v 0.003356698900461197 -0.014421280473470688 0.013949276879429817
v 0.003356698900461197 -0.014421280473470688 0.013949276879429817
v 0.003356698900461197 -0.014421280473470688 0.013949276879429817
v 0.003356698900461197 -0.014421280473470688 0.013949276879429817
v 0.003354349872097373 -0.013166210614144802 0.01269360538572073
v 0.003354349872097373 -0.013166210614144802 0.01269360538572073
v 0.003354349872097373 -0.013166210614144802 0.01269360538572073
v 0.003354349872097373 -0.013166210614144802 0.01269360538572073
v 0.003354349872097373 -0.013166210614144802 0.01269360538572073
v 0.003343648975715041 -0.011123196221888065 0.006973456125706434
v 0.003343648975715041 -0.011123196221888065 0.006973456125706434
v 0.003343648975715041 -0.011123196221888065 0.006973456125706434
v 0.003343648975715041 -0.011123196221888065 0.006973456125706434
v 0.0033548458013683558 -0.012706630863249302 0.012958723120391369
v 0.0033548458013683558 -0.012706630863249302 0.012958723120391369
v 0.0033548458013683558 -0.012706630863249302 0.012958723120391369
v 0.0033548458013683558 -0.012706630863249302 0.012958723120391369
v 0.0033548458013683558 -0.012706630863249302 0.012958723120391369
v 0.0033548458013683558 -0.012706630863249302 0.012958723120391369
v 0.0033482632134109735 -0.009189706295728683 0.009439954534173012
v 0.0033482632134109735 -0.009189706295728683 0.009439954534173012
v 0.0033482632134109735 -0.009189706295728683 0.009439954534173012
v 0.0033482632134109735 -0.009189706295728683 0.009439954534173012
v 0.003355705412104726 -0.012441218830645084 0.013418194837868214
v 0.003355705412104726 -0.012441218830645084 0.013418194837868214
v 0.003355705412104726 -0.012441218830645084 0.013418194837868214
v 0.003355705412104726 -0.012441218830645084 0.013418194837868214
v 0.003355705412104726 -0.012441218830645084 0.013418194837868214
v 0.003355705412104726 -0.012441218830645084 0.013418194837868214
v 0.0033518774434924126 -0.0067222206853330135 0.011372005566954613
v 0.0033518774434924126 -0.0067222206853330135 0.011372005566954613
v 0.0033518774434924126 -0.0067222206853330135 0.011372005566954613
v 0.0033518774434924126 -0.0067222206853330135 0.011372005566954613
v 0.0033542823512107134 -0.003864079713821411 0.012657451443374157
v 0.0033542823512107134 -0.003864079713821411 0.012657451443374157
v 0.0033542823512107134 -0.003864079713821411 0.012657451443374157
v 0.003305439604446292 -0.01442865189164877 -0.013451289385557175
v 0.003305439604446292 -0.01442865189164877 -0.013451289385557175
v 0.003305439604446292 -0.01442865189164877 -0.013451289385557175
v 0.003305439604446292 -0.01442865189164877 -0.013451289385557175
v 0.003305439604446292 -0.01442865189164877 -0.013451289385557175
v 0.0033064321614801884 -0.014428544789552689 -0.012920673936605453
v 0.0033064321614801884 -0.014428544789552689 -0.012920673936605453
v 0.0033064321614801884 -0.014428544789552689 -0.012920673936605453
v 0.0033064321614801884 -0.014428544789552689 -0.012920673936605453
v 0.0033064321614801884 -0.014428544789552689 -0.012920673936605453
v 0.0033064321614801884 -0.014428544789552689 -0.012920673936605453
v 0.0033072917722165585 -0.014163088984787464 -0.012461245059967041
v 0.0033072917722165585 -0.014163088984787464 -0.012461245059967041
v 0.0033072917722165585 -0.014163088984787464 -0.012461245059967041
v 0.0033072917722165585 -0.014163088984787464 -0.012461245059967041
v 0.0033072917722165585 -0.014163088984787464 -0.012461245059967041
v 0.0033072917722165585 -0.014163088984787464 -0.012461245059967041
v 0.0033072917722165585 -0.014163088984787464 -0.012461245059967041
v 0.003307787701487541 -0.0137035446241498 -0.012196078896522522
v 0.003307787701487541 -0.0137035446241498 -0.012196078896522522
v 0.003307787701487541 -0.0137035446241498 -0.012196078896522522
v 0.003307787701487541 -0.0137035446241498 -0.012196078896522522
v 0.003307787701487541 -0.0137035446241498 -0.012196078896522522
v 0.003307787701487541 -0.0137035446241498 -0.012196078896522522
v 0.003307787701487541 -0.0137035446241498 -0.012196078896522522
v 0.003307787701487541 -0.0137035446241498 -0.012196078896522522
v 0.003307787701487541 -0.0137035446241498 -0.012196078896522522
v 0.003307787701487541 -0.0137035446241498 -0.012196078896522522
v 0.0033160687889903784 -0.010235396213829517 -0.007769456598907709
v 0.0033160687889903784 -0.010235396213829517 -0.007769456598907709
v 0.0033210869878530502 -0.011855944991111755 -0.005087046418339014
v 0.0033210869878530502 -0.011855944991111755 -0.005087046418339014
v 0.0033210869878530502 -0.011855944991111755 -0.005087046418339014
v 0.0033210869878530502 -0.011855944991111755 -0.005087046418339014
v 0.0033266847021877766 -0.012787516228854656 -0.002094748429954052
v 0.0033266847021877766 -0.012787516228854656 -0.002094748429954052
v 0.0033266847021877766 -0.012787516228854656 -0.002094748429954052
v 0.0033325369004160166 -0.012975924648344517 0.0010335278930142522
v 0.0033325369004160166 -0.012975924648344517 0.0010335278930142522
v 0.0033325369004160166 -0.012975924648344517 0.0010335278930142522
v 0.0033325369004160166 -0.012975924648344517 0.0010335278930142522
v 0.0033325369004160166 -0.012975924648344517 0.0010335278930142522
v 0.0033543501049280167 -0.013696826063096523 0.01269371248781681
v 0.0033543501049280167 -0.013696826063096523 0.01269371248781681
v 0.0033543501049280167 -0.013696826063096523 0.01269371248781681
v 0.0033543501049280167 -0.013696826063096523 0.01269371248781681
v 0.0033543501049280167 -0.013696826063096523 0.01269371248781681
v 0.003338303416967392 -0.012410138733685017 0.004115955904126167
v 0.003338303416967392 -0.012410138733685017 0.004115955904126167
v 0.003338303416967392 -0.012410138733685017 0.004115955904126167
v 0.0033077739644795656 0.013697103597223759 -0.012203497812151909
v 0.0033077739644795656 0.013697103597223759 -0.012203497812151909
v 0.0033077739644795656 0.013697103597223759 -0.012203497812151909
v 0.0033077739644795656 0.013697103597223759 -0.012203497812151909
v 0.0033077739644795656 0.013697103597223759 -0.012203497812151909
v 0.003307277336716652 0.014156498946249485 -0.012468905188143253
v 0.003307277336716652 0.014156498946249485 -0.012468905188143253
v 0.003307277336716652 0.014156498946249485 -0.012468905188143253
v 0.003296292619779706 0.0050920285284519196 -0.01834084838628769
v 0.003296292619779706 0.0050920285284519196 -0.01834084838628769
v 0.003296292619779706 0.0050920285284519196 -0.01834084838628769
v 0.003296292619779706 0.0050920285284519196 -0.01834084838628769
v 0.003295489586889744 0.006287247408181429 -0.018770072609186172
v 0.003295489586889744 0.006287247408181429 -0.018770072609186172
v 0.003295489586889744 0.006287247408181429 -0.018770072609186172
v 0.003295489586889744 0.006287247408181429 -0.018770072609186172
v 0.00330542610026896 0.012441394850611687 -0.013458517380058765
v 0.00330542610026896 0.012441394850611687 -0.013458517380058765
v 0.00330542610026896 0.012441394850611687 -0.013458517380058765
v 0.00330542610026896 0.012441394850611687 -0.013458517380058765
v 0.00330542610026896 0.012441394850611687 -0.013458517380058765
v 0.00330542610026896 0.012441394850611687 -0.013458517380058765
v 0.00330542610026896 0.012441394850611687 -0.013458517380058765
v 0.00330542610026896 0.012441394850611687 -0.013458517380058765
v 0.00330542610026896 0.012441394850611687 -0.013458517380058765
v 0.00328955240547657 0.008023219183087349 -0.021943796426057816
v 0.00328955240547657 0.008023219183087349 -0.021943796426057816
v 0.00328955240547657 0.008023219183087349 -0.021943796426057816
v 0.0032896290067583323 0.008024723269045353 -0.02190275490283966
v 0.0032896290067583323 0.008024723269045353 -0.02190275490283966
v 0.0032896290067583323 0.008024723269045353 -0.02190275490283966
v 0.0032918525394052267 0.007855410687625408 -0.02071418985724449
v 0.0032918525394052267 0.007855410687625408 -0.02071418985724449
v 0.0032918525394052267 0.007855410687625408 -0.02071418985724449
v 0.0032918525394052267 0.007855410687625408 -0.02071418985724449
v 0.0032918525394052267 0.007855410687625408 -0.02071418985724449
v 0.00330456648953259 0.012706561014056206 -0.01391806174069643
v 0.00330456648953259 0.012706561014056206 -0.01391806174069643
v 0.00330456648953259 0.012706561014056206 -0.01391806174069643
v 0.00330456648953259 0.012706561014056206 -0.01391806174069643
v 0.00330456648953259 0.012706561014056206 -0.01391806174069643
v 0.00330456648953259 0.012706561014056206 -0.01391806174069643
v 0.003306417725980282 0.014421616680920124 -0.012928484007716179
v 0.003306417725980282 0.014421616680920124 -0.012928484007716179
v 0.003306417725980282 0.014421616680920124 -0.012928484007716179
v 0.003306417725980282 0.014421616680920124 -0.012928484007716179
v 0.0033054251689463854 0.014421558007597923 -0.01345906313508749
v 0.0033054251689463854 0.014421558007597923 -0.01345906313508749
v 0.0033054251689463854 0.014421558007597923 -0.01345906313508749
v 0.0033054251689463854 0.014421558007597923 -0.01345906313508749
v 0.0033054251689463854 0.014421558007597923 -0.01345906313508749
v 0.0033054251689463854 0.014421558007597923 -0.01345906313508749
v 0.0033045655582100153 0.014156103134155273 -0.013918492943048477
v 0.0033045655582100153 0.014156103134155273 -0.013918492943048477
v 0.0033045655582100153 0.014156103134155273 -0.013918492943048477
v 0.0033045655582100153 0.014156103134155273 -0.013918492943048477
v 0.0033045655582100153 0.014156103134155273 -0.013918492943048477
v 0.0033045655582100153 0.014156103134155273 -0.013918492943048477
v 0.0033040696289390326 0.013696558773517609 -0.014183658175170422
v 0.0033040696289390326 0.013696558773517609 -0.014183658175170422
v 0.0033040696289390326 0.013696558773517609 -0.014183658175170422
v 0.0033040696289390326 0.013696558773517609 -0.014183658175170422
v 0.0033040696289390326 0.013696558773517609 -0.014183658175170422
v 0.0033040696289390326 0.013696558773517609 -0.014183658175170422
v 0.0033040696289390326 0.013165942393243313 -0.014183552004396915
v 0.0033040696289390326 0.013165942393243313 -0.014183552004396915
v 0.0033040696289390326 0.013165942393243313 -0.014183552004396915
v 0.0033040696289390326 0.013165942393243313 -0.014183552004396915
v 0.0033040696289390326 0.013165942393243313 -0.014183552004396915
v 0.0033040696289390326 0.013165942393243313 -0.014183552004396915
v 0.003293941728770733 0.007250671740621328 -0.01959746517241001
v 0.003293941728770733 0.007250671740621328 -0.01959746517241001
v 0.003293941728770733 0.007250671740621328 -0.01959746517241001
v 0.0033295871689915657 0.012976202182471752 -0.0005433139740489423
v 0.0033295871689915657 0.012976202182471752 -0.0005433139740489423
v 0.0033295871689915657 0.012976202182471752 -0.0005433139740489423
v 0.0033295871689915657 0.012976202182471752 -0.0005433139740489423
v 0.0033295871689915657 0.012976202182471752 -0.0005433139740489423
v 0.0033295871689915657 0.012976202182471752 -0.0005433139740489423
v 0.0033238206524401903 0.012410416267812252 -0.00362574215978384
v 0.0033238206524401903 0.012410416267812252 -0.00362574215978384
v 0.0033238206524401903 0.012410416267812252 -0.00362574215978384
v 0.0033238206524401903 0.012410416267812252 -0.00362574215978384
v 0.0033077741973102093 0.013166488148272038 -0.012203391641378403
v 0.0033077741973102093 0.013166488148272038 -0.012203391641378403
v 0.0033077741973102093 0.013166488148272038 -0.012203391641378403
v 0.0033077741973102093 0.013166488148272038 -0.012203391641378403
v 0.0033077741973102093 0.013166488148272038 -0.012203391641378403
v 0.0033184748608618975 0.01112342532724142 -0.006483277305960655
v 0.0033184748608618975 0.01112342532724142 -0.006483277305960655
v 0.0033184748608618975 0.01112342532724142 -0.006483277305960655
v 0.0033184748608618975 0.01112342532724142 -0.006483277305960655
v 0.003307278035208583 0.012706943787634373 -0.012468556873500347
v 0.003307278035208583 0.012706943787634373 -0.012468556873500347
v 0.003307278035208583 0.012706943787634373 -0.012468556873500347
v 0.003307278035208583 0.012706943787634373 -0.012468556873500347
v 0.003307278035208583 0.012706943787634373 -0.012468556873500347
v 0.0033138608559966087 0.009190032258629799 -0.00894970539957285
v 0.0033138608559966087 0.009190032258629799 -0.00894970539957285
v 0.0033138608559966087 0.009190032258629799 -0.00894970539957285
v 0.0033138608559966087 0.009190032258629799 -0.00894970539957285
v 0.0033064186573028564 0.01244149636477232 -0.012927981093525887
v 0.0033064186573028564 0.01244149636477232 -0.012927981093525887
v 0.0033064186573028564 0.01244149636477232 -0.012927981093525887
v 0.0033064186573028564 0.01244149636477232 -0.012927981093525887
v 0.0033064186573028564 0.01244149636477232 -0.012927981093525887
v 0.003310246393084526 0.006722582504153252 -0.010881805792450905
v 0.003310246393084526 0.006722582504153252 -0.010881805792450905
v 0.003310246393084526 0.006722582504153252 -0.010881805792450905
v 0.003310246393084526 0.006722582504153252 -0.010881805792450905
v 0.003307841718196869 0.00386435748077929 -0.01216723769903183
v 0.003307841718196869 0.00386435748077929 -0.01216723769903183
v 0.003307841718196869 0.00386435748077929 -0.01216723769903183
v 0.003307841718196869 0.00386435748077929 -0.01216723769903183
v 0.0032962977420538664 -0.005101734306663275 -0.018338099122047424
v 0.0032962977420538664 -0.005101734306663275 -0.018338099122047424
v 0.0032962977420538664 -0.005101734306663275 -0.018338099122047424
v 0.0032962977420538664 -0.005101734306663275 -0.018338099122047424
v 0.0032962977420538664 -0.005101734306663275 -0.018338099122047424
v 0.0032962977420538664 -0.005101734306663275 -0.018338099122047424
v 0.0032962486147880554 -0.003832004265859723 -0.018364353105425835
v 0.0032962486147880554 -0.003832004265859723 -0.018364353105425835
v 0.0032962486147880554 -0.003832004265859723 -0.018364353105425835
v 0.0032955999486148357 -0.001288495841436088 -0.01871107891201973
v 0.0032955999486148357 -0.001288495841436088 -0.01871107891201973
v 0.003295598551630974 0.0012785593280568719 -0.018711751326918602
v 0.003295598551630974 0.0012785593280568719 -0.018711751326918602
v 0.0032962446566671133 0.0038223271258175373 -0.018366435542702675
v 0.0032962446566671133 0.0038223271258175373 -0.018366435542702675
v 0.0032895603217184544 -0.008034899830818176 -0.021939517930150032
v 0.0032895603217184544 -0.008034899830818176 -0.021939517930150032
v 0.0032895603217184544 -0.008034899830818176 -0.021939517930150032
v 0.00328963715583086 -0.008036373183131218 -0.021898416802287102
v 0.00328963715583086 -0.008036373183131218 -0.021898416802287102
v 0.00328963715583086 -0.008036373183131218 -0.021898416802287102
v 0.003291860455647111 -0.007866359315812588 -0.02070995792746544
v 0.003291860455647111 -0.007866359315812588 -0.02070995792746544
v 0.003291860455647111 -0.007866359315812588 -0.02070995792746544
v 0.003291860455647111 -0.007866359315812588 -0.02070995792746544
v 0.003293948946520686 -0.007261042483150959 -0.01959357224404812
v 0.003293948946520686 -0.007261042483150959 -0.01959357224404812
v 0.003293948946520686 -0.007261042483150959 -0.01959357224404812
v 0.003293948946520686 -0.007261042483150959 -0.01959357224404812
v 0.003295496106147766 -0.006297199055552483 -0.018766622990369797
v 0.003295496106147766 -0.006297199055552483 -0.018766622990369797
v 0.003295496106147766 -0.006297199055552483 -0.018766622990369797
v 0.003295496106147766 -0.006297199055552483 -0.018766622990369797
v 0.003307142062112689 -0.002346618566662073 -0.01254124753177166
v 0.003307142062112689 -0.002346618566662073 -0.01254124753177166
v 0.003307142062112689 -0.002346618566662073 -0.01254124753177166
v 0.003307142062112689 -0.002346618566662073 -0.01254124753177166
v 0.0033067865297198296 0.0007815603166818619 -0.01273131649941206
v 0.0033067865297198296 0.0007815603166818619 -0.01273131649941206
v 0.0033067865297198296 0.0007815603166818619 -0.01273131649941206
v 0.0033354393672198057 0.012787793762981892 0.0025849624071270227
v 0.0033354393672198057 0.012787793762981892 0.0025849624071270227
v 0.0033354393672198057 0.012787793762981892 0.0025849624071270227
v 0.0033354393672198057 0.012787793762981892 0.0025849624071270227
v 0.003358040703460574 0.013704284094274044 0.014666466042399406
v 0.003358040703460574 0.013704284094274044 0.014666466042399406
v 0.003358040703460574 0.013704284094274044 0.014666466042399406
v 0.003358040703460574 0.013704284094274044 0.014666466042399406
v 0.003358040703460574 0.013704284094274044 0.014666466042399406
v 0.003358040703460574 0.013704284094274044 0.014666466042399406
v 0.003356685396283865 0.012448765337467194 0.013942047953605652
v 0.003356685396283865 0.012448765337467194 0.013942047953605652
v 0.003356685396283865 0.012448765337467194 0.013942047953605652
v 0.003356685396283865 0.012448765337467194 0.013942047953605652
v 0.003356685396283865 0.012448765337467194 0.013942047953605652
v 0.003356685396283865 0.012448765337467194 0.013942047953605652
v 0.003356685396283865 0.012448765337467194 0.013942047953605652
v 0.003356685396283865 0.012448765337467194 0.013942047953605652
v 0.003356685396283865 0.012448765337467194 0.013942047953605652
v 0.003356685396283865 0.012448765337467194 0.013942047953605652
v 0.003358040936291218 0.013173718005418777 0.014666608534753323
v 0.003358040936291218 0.013173718005418777 0.014666608534753323
v 0.003358040936291218 0.013173718005418777 0.014666608534753323
v 0.003358040936291218 0.013173718005418777 0.014666608534753323
v 0.003358040936291218 0.013173718005418777 0.014666608534753323
v 0.003358040936291218 0.013173718005418777 0.014666608534753323
v 0.0033575447741895914 0.012714172713458538 0.014401442371308804
v 0.0033575447741895914 0.012714172713458538 0.014401442371308804
v 0.0033575447741895914 0.012714172713458538 0.014401442371308804
v 0.0033575447741895914 0.012714172713458538 0.014401442371308804
v 0.0033575447741895914 0.012714172713458538 0.014401442371308804
v 0.0033575447741895914 0.012714172713458538 0.014401442371308804
v 0.0033575447741895914 0.012714172713458538 0.014401442371308804
v 0.0033543366007506847 0.013173215091228485 0.012686491943895817
v 0.0033543366007506847 0.013173215091228485 0.012686491943895817
v 0.0033543366007506847 0.013173215091228485 0.012686491943895817
v 0.0033543366007506847 0.013173215091228485 0.012686491943895817
v 0.0033543366007506847 0.013173215091228485 0.012686491943895817
v 0.0033543366007506847 0.013173215091228485 0.012686491943895817
v 0.0033543366007506847 0.013173215091228485 0.012686491943895817
v 0.003341037081554532 0.01185622252523899 0.0055772606283426285
v 0.003341037081554532 0.01185622252523899 0.0055772606283426285
v 0.003341037081554532 0.01185622252523899 0.0055772606283426285
v 0.003341037081554532 0.01185622252523899 0.0055772606283426285
v 0.003341037081554532 0.01185622252523899 0.0055772606283426285
v 0.0033543361350893974 0.013703822158277035 0.012686292640864849
v 0.0033543361350893974 0.013703822158277035 0.012686292640864849
v 0.0033543361350893974 0.013703822158277035 0.012686292640864849
v 0.0033543361350893974 0.013703822158277035 0.012686292640864849
v 0.0033543361350893974 0.013703822158277035 0.012686292640864849
v 0.003354832297191024 0.014163367450237274 0.012951458804309368
v 0.003354832297191024 0.014163367450237274 0.012951458804309368
v 0.003354832297191024 0.014163367450237274 0.012951458804309368
v 0.003354832297191024 0.014163367450237274 0.012951458804309368
v 0.003355691907927394 0.014428739435970783 0.0134109016507864
v 0.003355691907927394 0.014428739435970783 0.0134109016507864
v 0.003355691907927394 0.014428739435970783 0.0134109016507864
v 0.003355691907927394 0.014428739435970783 0.0134109016507864
v 0.003355691907927394 0.014428739435970783 0.0134109016507864
v 0.0033566844649612904 0.014428929425776005 0.013941503129899502
v 0.0033566844649612904 0.014428929425776005 0.013941503129899502
v 0.0033566844649612904 0.014428929425776005 0.013941503129899502
v 0.0033566844649612904 0.014428929425776005 0.013941503129899502
v 0.0033575440756976604 0.014163763262331486 0.014401046559214592
v 0.0033575440756976604 0.014163763262331486 0.014401046559214592
v 0.0033575440756976604 0.014163763262331486 0.014401046559214592
v 0.0033575440756976604 0.014163763262331486 0.014401046559214592
v 0.0033575440756976604 0.014163763262331486 0.014401046559214592
v 0.0033553375396877527 -0.0007812826079316437 0.013221530243754387
v 0.0033553375396877527 -0.0007812826079316437 0.013221530243754387
v 0.0033553375396877527 -0.0007812826079316437 0.013221530243754387
v 0.0033549820072948933 0.002346896333619952 0.013031461276113987
v 0.0033549820072948933 0.002346896333619952 0.013031461276113987
v 0.0033549820072948933 0.002346896333619952 0.013031461276113987
v 0.0033549820072948933 0.002346896333619952 0.013031461276113987
v 0.0033549820072948933 0.002346896333619952 0.013031461276113987
v 0.0033556928392499685 0.012448610737919807 0.01341139804571867
v 0.0033556928392499685 0.012448610737919807 0.01341139804571867
v 0.0033556928392499685 0.012448610737919807 0.01341139804571867
v 0.0033556928392499685 0.012448610737919807 0.01341139804571867
v 0.0033556928392499685 0.012448610737919807 0.01341139804571867
v 0.0033532362431287766 0.005338713061064482 0.012098320759832859
v 0.0033532362431287766 0.005338713061064482 0.012098320759832859
v 0.0033532362431287766 0.005338713061064482 0.012098320759832859
v 0.0033532362431287766 0.005338713061064482 0.012098320759832859
v 0.003354832995682955 0.012713776901364326 0.01295185461640358
v 0.003354832995682955 0.012713776901364326 0.01295185461640358
v 0.003354832995682955 0.012713776901364326 0.01295185461640358
v 0.003354832995682955 0.012713776901364326 0.01295185461640358
v 0.003354832995682955 0.012713776901364326 0.01295185461640358
v 0.0033502017613500357 0.008020220324397087 0.010476268827915192
v 0.0033502017613500357 0.008020220324397087 0.010476268827915192
v 0.0033502017613500357 0.008020220324397087 0.010476268827915192
v 0.003346055280417204 0.010235668160021305 0.00825967825949192
v 0.003346055280417204 0.010235668160021305 0.00825967825949192
v 0.003346055280417204 0.010235668160021305 0.00825967825949192
v 0.0008517269161529839 -0.013306254521012306 0.011293549090623856
v 0.0008517269161529839 -0.013306254521012306 0.011293549090623856
v 0.0008517269161529839 -0.013306254521012306 0.011293549090623856
v 0.0008517269161529839 -0.013306254521012306 0.011293549090623856
v 0.0008523610886186361 -0.01219665165990591 0.01163252629339695
v 0.0008523610886186361 -0.01219665165990591 0.01163252629339695
v 0.0008523610886186361 -0.01219665165990591 0.01163252629339695
v 0.0008523610886186361 -0.01219665165990591 0.01163252629339695
v 0.0008104203152470291 -0.013312230817973614 -0.010786814615130424
v 0.0008104203152470291 -0.013312230817973614 -0.010786814615130424
v 0.0008104203152470291 -0.013312230817973614 -0.010786814615130424
v 0.0008104203152470291 -0.013312230817973614 -0.010786814615130424
v 0.0008104203152470291 -0.013312230817973614 -0.010786814615130424
v 0.0008104203152470291 -0.013312230817973614 -0.010786814615130424
v 0.0008455050410702825 0.02377898432314396 0.007967660203576088
v 0.0008455050410702825 0.02377898432314396 0.007967660203576088
v 0.0008455050410702825 0.02377898432314396 0.007967660203576088
v 0.0008455050410702825 0.02377898432314396 0.007967660203576088
v 0.0008455050410702825 0.02377898432314396 0.007967660203576088
v 0.0008099922561086714 0.014445353299379349 -0.011015616357326508
v 0.0008099922561086714 0.014445353299379349 -0.011015616357326508
v 0.0008099922561086714 0.014445353299379349 -0.011015616357326508
v 0.0008099922561086714 0.014445353299379349 -0.011015616357326508
v 0.0008099922561086714 0.014445353299379349 -0.011015616357326508
v 0.0008099922561086714 0.014445353299379349 -0.011015616357326508
v 0.0008099922561086714 0.014445353299379349 -0.011015616357326508
v 0.0008104068692773581 0.013306532055139542 -0.01079398114234209
v 0.0008104068692773581 0.013306532055139542 -0.01079398114234209
v 0.0008104068692773581 0.013306532055139542 -0.01079398114234209
v 0.0008104068692773581 0.013306532055139542 -0.01079398114234209
v 0.0008104068692773581 0.013306532055139542 -0.01079398114234209
v 0.0008104068692773581 0.013306532055139542 -0.01079398114234209
v 0.0008104068692773581 0.013306532055139542 -0.01079398114234209
v 0.0008061741245910525 -0.011043645441532135 -0.013056586496531963
v 0.0008061741245910525 -0.011043645441532135 -0.013056586496531963
v 0.0008061741245910525 -0.011043645441532135 -0.013056586496531963
v 0.0008061741245910525 -0.011043645441532135 -0.013056586496531963
v 0.0008061741245910525 -0.011043645441532135 -0.013056586496531963
v 0.0008061741245910525 -0.011043645441532135 -0.013056586496531963
v 0.0008061741245910525 -0.011043645441532135 -0.013056586496531963
v 0.0008061741245910525 -0.011043645441532135 -0.013056586496531963
v 0.0008061741245910525 -0.011043645441532135 -0.013056586496531963
v 0.0008061741245910525 -0.011043645441532135 -0.013056586496531963
v 0.0008061741245910525 -0.011043645441532135 -0.013056586496531963
v 0.0008082384592853487 0.011376293376088142 -0.011953107081353664
v 0.0008082384592853487 0.011376293376088142 -0.011953107081353664
v 0.0008082384592853487 0.011376293376088142 -0.011953107081353664
v 0.0008082384592853487 0.011376293376088142 -0.011953107081353664
v 0.0008082384592853487 0.011376293376088142 -0.011953107081353664
v 0.0008061629487201571 0.011036756448447704 -0.013062562793493271
v 0.0008061629487201571 0.011036756448447704 -0.013062562793493271
v 0.0008061629487201571 0.011036756448447704 -0.013062562793493271
v 0.0008061629487201571 0.011036756448447704 -0.013062562793493271
v 0.0008061629487201571 0.011036756448447704 -0.013062562793493271
v 0.0008061629487201571 0.011036756448447704 -0.013062562793493271
v 0.0008534812950529158 -0.01500411331653595 0.012231335043907166
v 0.0008534812950529158 -0.01500411331653595 0.012231335043907166
v 0.0008534812950529158 -0.01500411331653595 0.012231335043907166
v 0.0008534812950529158 -0.01500411331653595 0.012231335043907166
v 0.0008534812950529158 -0.01500411331653595 0.012231335043907166
v 0.0008534812950529158 -0.01500411331653595 0.012231335043907166
v 0.0008526857709512115 -0.014810623601078987 0.011806106194853783
v 0.0008526857709512115 -0.014810623601078987 0.011806106194853783
v 0.0008526857709512115 -0.014810623601078987 0.011806106194853783
v 0.0008526857709512115 -0.014810623601078987 0.011806106194853783
v 0.0008557490073144436 -0.018274841830134392 0.013443532399833202
v 0.0008557490073144436 -0.018274841830134392 0.013443532399833202
v 0.0008086525485850871 0.015004390850663185 -0.011731768026947975
v 0.0008086525485850871 0.015004390850663185 -0.011731768026947975
v 0.0008086525485850871 0.015004390850663185 -0.011731768026947975
v 0.0008086525485850871 0.015004390850663185 -0.011731768026947975
v 0.0008086525485850871 0.015004390850663185 -0.011731768026947975
v 0.0008094480144791305 0.014810902066528797 -0.011306539177894592
v 0.0008094480144791305 0.014810902066528797 -0.011306539177894592
v 0.0008094480144791305 0.014810902066528797 -0.011306539177894592
v 0.0008094480144791305 0.014810902066528797 -0.011306539177894592
v 0.0008094480144791305 0.014810902066528797 -0.011306539177894592
v 0.0008094480144791305 0.014810902066528797 -0.011306539177894592
v 0.0008063848363235593 0.018275119364261627 -0.012943964451551437
v 0.0008063848363235593 0.018275119364261627 -0.012943964451551437
v 0.0008063848363235593 0.018275119364261627 -0.012943964451551437
v 0.000855366641189903 -0.019484486430883408 0.01323913224041462
v 0.000855366641189903 -0.019484486430883408 0.01323913224041462
v 0.000855366641189903 -0.019484486430883408 0.01323913224041462
v 0.0008067671442404389 0.019484715536236763 -0.01273959968239069
v 0.0008067671442404389 0.019484715536236763 -0.01273959968239069
v 0.0008067671442404389 0.019484715536236763 -0.01273959968239069
v 0.0008067671442404389 0.019484715536236763 -0.01273959968239069
v 0.0008522850694134831 0.022279174998402596 0.011591910384595394
v 0.0008522850694134831 0.022279174998402596 0.011591910384595394
v 0.0008522850694134831 0.022279174998402596 0.011591910384595394
v 0.0008522850694134831 0.022279174998402596 0.011591910384595394
v 0.0008522850694134831 0.022279174998402596 0.011591910384595394
v 0.0008374217431992292 0.007791772950440645 0.0036467539612203836
v 0.0008374217431992292 0.007791772950440645 0.0036467539612203836
v 0.0008374217431992292 0.007791772950440645 0.0036467539612203836
v 0.0008374217431992292 0.007791772950440645 0.0036467539612203836
v 0.0008374217431992292 0.007791772950440645 0.0036467539612203836
v 0.000832843070384115 0.008446883410215378 0.0011992213549092412
v 0.000832843070384115 0.008446883410215378 0.0011992213549092412
v 0.0008281064801849425 0.008351490832865238 -0.0013326983898878098
v 0.0008281064801849425 0.008351490832865238 -0.0013326983898878098
v 0.0008281064801849425 0.008351490832865238 -0.0013326983898878098
v 0.0008772576693445444 0.003917007241398096 0.024940958246588707
v 0.0008772576693445444 0.003917007241398096 0.024940958246588707
v 0.0008772576693445444 0.003917007241398096 0.024940958246588707
v 0.0008772576693445444 0.003917007241398096 0.024940958246588707
v 0.0008587739430367947 0.011556481942534447 0.015060520730912685
v 0.0008587739430367947 0.011556481942534447 0.015060520730912685
v 0.0008587739430367947 0.011556481942534447 0.015060520730912685
v 0.0008587739430367947 0.011556481942534447 0.015060520730912685
v 0.0008587739430367947 0.011556481942534447 0.015060520730912685
v 0.0008587739430367947 0.011556481942534447 0.015060520730912685
v 0.0008587739430367947 0.011556481942534447 0.015060520730912685
v 0.0008778352639637887 6.85907843944733e-06 0.025249697268009186
v 0.0008778352639637887 6.85907843944733e-06 0.025249697268009186
v 0.0008778352639637887 6.85907843944733e-06 0.025249697268009186
v 0.0008778352639637887 6.85907843944733e-06 0.025249697268009186
v 0.0008580901194363832 0.011265558190643787 0.014694972895085812
v 0.0008580901194363832 0.011265558190643787 0.014694972895085812
v 0.0008580901194363832 0.011265558190643787 0.014694972895085812
v 0.0008580901194363832 0.011265558190643787 0.014694972895085812
v 0.0008580901194363832 0.011265558190643787 0.014694972895085812
v 0.0008580901194363832 0.011265558190643787 0.014694972895085812
v 0.0008580901194363832 0.011265558190643787 0.014694972895085812
v 0.0008772616856731474 -0.003903460456058383 0.024943090975284576
v 0.0008772616856731474 -0.003903460456058383 0.024943090975284576
v 0.0008772616856731474 -0.003903460456058383 0.024943090975284576
v 0.0008755509043112397 -0.007717750500887632 0.024028588086366653
v 0.0008755509043112397 -0.007717750500887632 0.024028588086366653
v 0.0008755509043112397 -0.007717750500887632 0.024028588086366653
v 0.0008755509043112397 -0.007717750500887632 0.024028588086366653
v 0.0008755509043112397 -0.007717750500887632 0.024028588086366653
v 0.0008755509043112397 -0.007717750500887632 0.024028588086366653
v 0.0008097727550193667 0.012196929194033146 -0.011132958345115185
v 0.0008097727550193667 0.012196929194033146 -0.011132958345115185
v 0.0008097727550193667 0.012196929194033146 -0.011132958345115185
v 0.0008097727550193667 0.012196929194033146 -0.011132958345115185
v 0.0008097727550193667 0.012196929194033146 -0.011132958345115185
v 0.0008097727550193667 0.012196929194033146 -0.011132958345115185
v 0.0008097727550193667 0.012196929194033146 -0.011132958345115185
v 0.0008152661030180752 -0.0009538246667943895 -0.008196488954126835
v 0.0008152661030180752 -0.0009538246667943895 -0.008196488954126835
v 0.0008152661030180752 -0.0009538246667943895 -0.008196488954126835
v 0.0008154421811923385 0.0015781574184074998 -0.008102385327219963
v 0.0008154421811923385 0.0015781574184074998 -0.008102385327219963
v 0.0008154421811923385 0.0015781574184074998 -0.008102385327219963
v 0.000817006453871727 0.003969892859458923 -0.007266211323440075
v 0.000817006453871727 0.003969892859458923 -0.007266211323440075
v 0.000817006453871727 0.003969892859458923 -0.007266211323440075
v 0.0008198199793696404 0.00600886857137084 -0.005762232001870871
v 0.0008198199793696404 0.00600886857137084 -0.005762232001870871
v 0.0008198199793696404 0.00600886857137084 -0.005762232001870871
v 0.0008198199793696404 0.00600886857137084 -0.005762232001870871
v 0.0008236330468207598 0.007513992488384247 -0.0037239864468574524
v 0.0008236330468207598 0.007513992488384247 -0.0037239864468574524
v 0.0008236330468207598 0.007513992488384247 -0.0037239864468574524
v 0.0007953373133204877 -0.003932907711714506 -0.018849395215511322
v 0.0007953373133204877 -0.003932907711714506 -0.018849395215511322
v 0.0007953373133204877 -0.003932907711714506 -0.018849395215511322
v 0.0007952287560328841 -0.005376835819333792 -0.01890742965042591
v 0.0007952287560328841 -0.005376835819333792 -0.01890742965042591
v 0.0007952287560328841 -0.005376835819333792 -0.01890742965042591
v 0.0007952287560328841 -0.005376835819333792 -0.01890742965042591
v 0.0007952287560328841 -0.005376835819333792 -0.01890742965042591
v 0.0008029979071579874 -0.011981433257460594 -0.014754442498087883
v 0.0008029979071579874 -0.011981433257460594 -0.014754442498087883
v 0.0008029979071579874 -0.011981433257460594 -0.014754442498087883
v 0.0008029979071579874 -0.011981433257460594 -0.014754442498087883
v 0.0008029979071579874 -0.011981433257460594 -0.014754442498087883
v 0.0008029979071579874 -0.011981433257460594 -0.014754442498087883
v 0.0008033598423935473 -0.011556204408407211 -0.01456095278263092
v 0.0008033598423935473 -0.011556204408407211 -0.01456095278263092
v 0.0008033598423935473 -0.011556204408407211 -0.01456095278263092
v 0.0008033598423935473 -0.011556204408407211 -0.01456095278263092
v 0.0008033598423935473 -0.011556204408407211 -0.01456095278263092
v 0.0008033598423935473 -0.011556204408407211 -0.01456095278263092
v 0.000793870014604181 -0.006626130547374487 -0.01963374763727188
v 0.000793870014604181 -0.006626130547374487 -0.01963374763727188
v 0.000793870014604181 -0.006626130547374487 -0.01963374763727188
v 0.000793870014604181 -0.006626130547374487 -0.01963374763727188
v 0.000793870014604181 -0.006626130547374487 -0.01963374763727188
v 0.000793870014604181 -0.006626130547374487 -0.01963374763727188
v 0.000793870014604181 -0.006626130547374487 -0.01963374763727188
v 0.000793870014604181 -0.006626130547374487 -0.01963374763727188
v 0.0008523486903868616 0.012203050777316093 0.011625918559730053
v 0.0008523486903868616 0.012203050777316093 0.011625918559730053
v 0.0008523486903868616 0.012203050777316093 0.011625918559730053
v 0.0008523486903868616 0.012203050777316093 0.011625918559730053
v 0.0008523486903868616 0.012203050777316093 0.011625918559730053
v 0.0008414358017034829 0.006444353144615889 0.00579246086999774
v 0.0008414358017034829 0.006444353144615889 0.00579246086999774
v 0.0008414358017034829 0.006444353144615889 0.00579246086999774
v 0.0008414358017034829 0.006444353144615889 0.00579246086999774
v 0.0008166288607753813 -0.023778656497597694 -0.0074680563993752
v 0.0008166288607753813 -0.023778656497597694 -0.0074680563993752
v 0.0008166288607753813 -0.023778656497597694 -0.0074680563993752
v 0.0008166288607753813 -0.023778656497597694 -0.0074680563993752
v 0.0008166288607753813 -0.023778656497597694 -0.0074680563993752
v 0.0008166288607753813 -0.023778656497597694 -0.0074680563993752
v 0.0008166288607753813 -0.023778656497597694 -0.0074680563993752
v 0.0008237641886807978 -0.02469317615032196 -0.0036538569256663322
v 0.0008237641886807978 -0.02469317615032196 -0.0036538569256663322
v 0.0008237641886807978 -0.02469317615032196 -0.0036538569256663322
v 0.0008521414711140096 -0.014445124194025993 0.011515148915350437
v 0.0008521414711140096 -0.014445124194025993 0.011515148915350437
v 0.0008521414711140096 -0.014445124194025993 0.011515148915350437
v 0.0008521414711140096 -0.014445124194025993 0.011515148915350437
v 0.0008521414711140096 -0.014445124194025993 0.011515148915350437
v 0.0008521414711140096 -0.014445124194025993 0.011515148915350437
v 0.0008310794946737587 -0.024999817833304405 0.0002565040485933423
v 0.0008310794946737587 -0.024999817833304405 0.0002565040485933423
v 0.0008383943350054324 -0.024691078811883926 0.004166645463556051
v 0.0008383943350054324 -0.024691078811883926 0.004166645463556051
v 0.0008646060014143586 0.01335589587688446 0.018178030848503113
v 0.0008646060014143586 0.01335589587688446 0.018178030848503113
v 0.0008646060014143586 0.01335589587688446 0.018178030848503113
v 0.0008646060014143586 0.01335589587688446 0.018178030848503113
v 0.0008646060014143586 0.01335589587688446 0.018178030848503113
v 0.0008629243820905685 0.013600669801235199 0.01727912761271
v 0.0008629243820905685 0.013600669801235199 0.01727912761271
v 0.0008629243820905685 0.013600669801235199 0.01727912761271
v 0.0008612178498879075 0.013411720283329487 0.016366902738809586
v 0.0008612178498879075 0.013411720283329487 0.016366902738809586
v 0.0008612178498879075 0.013411720283329487 0.016366902738809586
v 0.0008612178498879075 0.013411720283329487 0.016366902738809586
v 0.0008612178498879075 0.013411720283329487 0.016366902738809586
v 0.0008652678807266057 -0.01318378560245037 0.018531832844018936
v 0.0008652678807266057 -0.01318378560245037 0.018531832844018936
v 0.0008652678807266057 -0.01318378560245037 0.018531832844018936
v 0.0008652678807266057 -0.01318378560245037 0.018531832844018936
v 0.0008652678807266057 -0.01318378560245037 0.018531832844018936
v 0.000867530528921634 -0.012978745624423027 0.01974133402109146
v 0.000867530528921634 -0.012978745624423027 0.01974133402109146
v 0.000867530528921634 -0.012978745624423027 0.01974133402109146
v 0.000867530528921634 -0.012978745624423027 0.01974133402109146
v 0.000867530528921634 -0.012978745624423027 0.01974133402109146
v 0.0008383695385418832 0.02469348907470703 0.004153376445174217
v 0.0008383695385418832 0.02469348907470703 0.004153376445174217
v 0.0008383695385418832 0.02469348907470703 0.004153376445174217
v 0.0008310543489642441 0.02500009536743164 0.0002430636086501181
v 0.0008310543489642441 0.02500009536743164 0.0002430636086501181
v 0.0008310543489642441 0.02500009536743164 0.0002430636086501181
v 0.0008310543489642441 0.02500009536743164 0.0002430636086501181
v 0.0008237395086325705 0.024691356346011162 -0.00366707774810493
v 0.0008237395086325705 0.024691356346011162 -0.00366707774810493
v 0.0008237395086325705 0.024691356346011162 -0.00366707774810493
v 0.0007915761088952422 -0.007390882819890976 -0.02085992507636547
v 0.0007915761088952422 -0.007390882819890976 -0.02085992507636547
v 0.0007915761088952422 -0.007390882819890976 -0.02085992507636547
v 0.0007946162950247526 -0.012989232316613197 -0.019234806299209595
v 0.0007946162950247526 -0.012989232316613197 -0.019234806299209595
v 0.0008269554818980396 -0.008210744708776474 -0.0019479724578559399
v 0.0008269554818980396 -0.008210744708776474 -0.0019479724578559399
v 0.0008269554818980396 -0.008210744708776474 -0.0019479724578559399
v 0.0008226105710491538 -0.00719820661470294 -0.004270530771464109
v 0.0008226105710491538 -0.00719820661470294 -0.004270530771464109
v 0.0008097850950434804 -0.012202773243188858 -0.011126350611448288
v 0.0008097850950434804 -0.012202773243188858 -0.011126350611448288
v 0.0008097850950434804 -0.012202773243188858 -0.011126350611448288
v 0.0008097850950434804 -0.012202773243188858 -0.011126350611448288
v 0.0008097850950434804 -0.012202773243188858 -0.011126350611448288
v 0.0008097850950434804 -0.012202773243188858 -0.011126350611448288
v 0.0008059936808422208 -0.016124248504638672 -0.013153056614100933
v 0.0008059936808422208 -0.016124248504638672 -0.013153056614100933
v 0.0008059936808422208 -0.016124248504638672 -0.013153056614100933
v 0.0008059936808422208 -0.016124248504638672 -0.013153056614100933
v 0.0008059936808422208 -0.016124248504638672 -0.013153056614100933
v 0.000805641058832407 -0.017036590725183487 -0.01334155909717083
v 0.000805641058832407 -0.017036590725183487 -0.01334155909717083
v 0.000805641058832407 -0.017036590725183487 -0.01334155909717083
v 0.000805641058832407 -0.017036590725183487 -0.01334155909717083
v 0.000806099851615727 -0.0179353766143322 -0.01309631671756506
v 0.000806099851615727 -0.0179353766143322 -0.01309631671756506
v 0.000806099851615727 -0.0179353766143322 -0.01309631671756506
v 0.000806099851615727 -0.0179353766143322 -0.01309631671756506
v 0.000806099851615727 -0.0179353766143322 -0.01309631671756506
v 0.0008064032299444079 -0.018281936645507812 -0.012934125028550625
v 0.0008064032299444079 -0.018281936645507812 -0.012934125028550625
v 0.0008064032299444079 -0.018281936645507812 -0.012934125028550625
v 0.0008064032299444079 -0.018281936645507812 -0.012934125028550625
v 0.0008064032299444079 -0.018281936645507812 -0.012934125028550625
v 0.0008067868766374886 -0.019491450861096382 -0.012729069218039513
v 0.0008067868766374886 -0.019491450861096382 -0.012729069218039513
v 0.0008067868766374886 -0.019491450861096382 -0.012729069218039513
v 0.0008067868766374886 -0.019491450861096382 -0.012729069218039513
v 0.0008067868766374886 -0.019491450861096382 -0.012729069218039513
v 0.0008714345167391002 0.01224703248590231 0.021828193217515945
v 0.0008714345167391002 0.01224703248590231 0.021828193217515945
v 0.0008696092991158366 0.012819224037230015 0.020852521061897278
v 0.0008696092991158366 0.012819224037230015 0.020852521061897278
v 0.0008696092991158366 0.012819224037230015 0.020852521061897278
v 0.0008727336535230279 0.01135427039116621 0.022522632032632828
v 0.0008727336535230279 0.01135427039116621 0.022522632032632828
v 0.0008727336535230279 0.01135427039116621 0.022522632032632828
v 0.0008675174321979284 0.012989545240998268 0.019734326750040054
v 0.0008675174321979284 0.012989545240998268 0.019734326750040054
v 0.0008675174321979284 0.012989545240998268 0.019734326750040054
v 0.0008675174321979284 0.012989545240998268 0.019734326750040054
v 0.0008755430462770164 0.007730796933174133 0.02402440272271633
v 0.0008755430462770164 0.007730796933174133 0.02402440272271633
v 0.0008755430462770164 0.007730796933174133 0.02402440272271633
v 0.0008598565473221242 0.01282999012619257 0.01563921943306923
v 0.0008598565473221242 0.01282999012619257 0.01563921943306923
v 0.0008598565473221242 0.01282999012619257 0.01563921943306923
v 0.0008598565473221242 0.01282999012619257 0.01563921943306923
v 0.0008591359364800155 0.011981711722910404 0.015254009515047073
v 0.0008591359364800155 0.011981711722910404 0.015254009515047073
v 0.0008591359364800155 0.011981711722910404 0.015254009515047073
v 0.0008591359364800155 0.011981711722910404 0.015254009515047073
v 0.0008591359364800155 0.011981711722910404 0.015254009515047073
v 0.0008591359364800155 0.011981711722910404 0.015254009515047073
v 0.0008652546093799174 0.01319391094148159 0.018524732440710068
v 0.0008652546093799174 0.01319391094148159 0.018524732440710068
v 0.0008652546093799174 0.01319391094148159 0.018524732440710068
v 0.0008696222212165594 -0.012807926163077354 0.02085942029953003
v 0.0008696222212165594 -0.012807926163077354 0.02085942029953003
v 0.0008714469149708748 -0.012235174886882305 0.021834805607795715
v 0.0008714469149708748 -0.012235174886882305 0.021834805607795715
v 0.0008714469149708748 -0.012235174886882305 0.021834805607795715
v 0.0008727451204322278 -0.011342007666826248 0.02252878062427044
v 0.0008727451204322278 -0.011342007666826248 0.02252878062427044
v 0.0008727451204322278 -0.011342007666826248 0.02252878062427044
v 0.0008727451204322278 -0.011342007666826248 0.02252878062427044
v 0.0007946716505102813 -0.0013223772402852774 -0.01920522190630436
v 0.0007946716505102813 -0.0013223772402852774 -0.01920522190630436
v 0.0007946716505102813 -0.0013223772402852774 -0.01920522190630436
v 0.0008040436077862978 -0.011265245266258717 -0.014195454306900501
v 0.0008040436077862978 -0.011265245266258717 -0.014195454306900501
v 0.0008040436077862978 -0.011265245266258717 -0.014195454306900501
v 0.0008040436077862978 -0.011265245266258717 -0.014195454306900501
v 0.0008040436077862978 -0.011265245266258717 -0.014195454306900501
v 0.0008082499261945486 -0.011382623575627804 -0.011946985498070717
v 0.0008082499261945486 -0.011382623575627804 -0.011946985498070717
v 0.0008082499261945486 -0.011382623575627804 -0.011946985498070717
v 0.0008082499261945486 -0.011382623575627804 -0.011946985498070717
v 0.0008082499261945486 -0.011382623575627804 -0.011946985498070717
v 0.000856033933814615 0.017935605719685555 0.013595850206911564
v 0.000856033933814615 0.017935605719685555 0.013595850206911564
v 0.000856033933814615 0.017935605719685555 0.013595850206911564
v 0.0008557306136935949 0.018282214179635048 0.01343369297683239
v 0.0008557306136935949 0.018282214179635048 0.01343369297683239
v 0.0008557306136935949 0.018282214179635048 0.01343369297683239
v 0.0008557306136935949 0.018282214179635048 0.01343369297683239
v 0.0008534662192687392 0.01501087099313736 0.012223275378346443
v 0.0008534662192687392 0.01501087099313736 0.012223275378346443
v 0.0008534662192687392 0.01501087099313736 0.012223275378346443
v 0.0008534662192687392 0.01501087099313736 0.012223275378346443
v 0.000853977631777525 -0.021578308194875717 0.01249665580689907
v 0.000853977631777525 -0.021578308194875717 0.01249665580689907
v 0.0008550481288693845 -0.020602669566869736 0.01306889671832323
v 0.0008550481288693845 -0.020602669566869736 0.01306889671832323
v 0.0008550481288693845 -0.020602669566869736 0.01306889671832323
v 0.0008523075375705957 -0.02227274887263775 0.01160389557480812
v 0.0008523075375705957 -0.02227274887263775 0.01160389557480812
v 0.0008523075375705957 -0.02227274887263775 0.01160389557480812
v 0.0008455289644189179 -0.0237745214253664 0.007980428636074066
v 0.0008455289644189179 -0.0237745214253664 0.007980428636074066
v 0.0008455289644189179 -0.0237745214253664 0.007980428636074066
v 0.0008561564609408379 -0.01611700840294361 0.013661341741681099
v 0.0008561564609408379 -0.01611700840294361 0.013661341741681099
v 0.0008561564609408379 -0.01611700840294361 0.013661341741681099
v 0.0008550682105123997 -0.015389323234558105 0.013079612515866756
v 0.0008550682105123997 -0.015389323234558105 0.013079612515866756
v 0.0008550682105123997 -0.015389323234558105 0.013079612515866756
v 0.0008550682105123997 -0.015389323234558105 0.013079612515866756
v 0.0008550682105123997 -0.015389323234558105 0.013079612515866756
v 0.0008565100142732263 -0.01702926866710186 0.013850339688360691
v 0.0008565100142732263 -0.01702926866710186 0.013850339688360691
v 0.0008565100142732263 -0.01702926866710186 0.013850339688360691
v 0.0008565100142732263 -0.01702926866710186 0.013850339688360691
v 0.0008565100142732263 -0.01702926866710186 0.013850339688360691
v 0.0008560520363971591 -0.017928140237927437 0.013605518266558647
v 0.0008560520363971591 -0.017928140237927437 0.013605518266558647
v 0.0008560520363971591 -0.017928140237927437 0.013605518266558647
v 0.0008071064949035645 -0.02060956321656704 -0.012558218091726303
v 0.0008071064949035645 -0.02060956321656704 -0.012558218091726303
v 0.0008081778651103377 -0.021584920585155487 -0.011985507793724537
v 0.0008081778651103377 -0.021584920585155487 -0.011985507793724537
v 0.0008081778651103377 -0.021584920585155487 -0.011985507793724537
v 0.0008098487160168588 -0.02227889746427536 -0.011092343367636204
v 0.0008098487160168588 -0.02227889746427536 -0.011092343367636204
v 0.0008098487160168588 -0.02227889746427536 -0.011092343367636204
v 0.0008098487160168588 -0.02227889746427536 -0.011092343367636204
v 0.0008081562118604779 0.021578585729002953 -0.01199708878993988
v 0.0008081562118604779 0.021578585729002953 -0.01199708878993988
v 0.0008070856565609574 0.02060294710099697 -0.012569328770041466
v 0.0008070856565609574 0.02060294710099697 -0.012569328770041466
v 0.0008070856565609574 0.02060294710099697 -0.012569328770041466
v 0.0008070856565609574 0.02060294710099697 -0.012569328770041466
v 0.0008098263060674071 0.022273026406764984 -0.011104327626526356
v 0.0008098263060674071 0.022273026406764984 -0.011104327626526356
v 0.0008098263060674071 0.022273026406764984 -0.011104327626526356
v 0.0008098263060674071 0.022273026406764984 -0.011104327626526356
v 0.000816604879219085 0.023774798959493637 -0.007480860687792301
v 0.000816604879219085 0.023774798959493637 -0.007480860687792301
v 0.000816604879219085 0.023774798959493637 -0.007480860687792301
v 0.000805977382697165 0.016117285937070847 -0.013161774724721909
v 0.000805977382697165 0.016117285937070847 -0.013161774724721909
v 0.000805977382697165 0.016117285937070847 -0.013161774724721909
v 0.000805977382697165 0.016117285937070847 -0.013161774724721909
v 0.0008070656331256032 0.015389600768685341 -0.012580044567584991
v 0.0008070656331256032 0.015389600768685341 -0.012580044567584991
v 0.0008070656331256032 0.015389600768685341 -0.012580044567584991
v 0.0008070656331256032 0.015389600768685341 -0.012580044567584991
v 0.0008056238293647766 0.017029546201229095 -0.013350771740078926
v 0.0008056238293647766 0.017029546201229095 -0.013350771740078926
v 0.0008056238293647766 0.017029546201229095 -0.013350771740078926
v 0.0008056238293647766 0.017029546201229095 -0.013350771740078926
v 0.0008060818072408438 0.017928417772054672 -0.013105950318276882
v 0.0008060818072408438 0.017928417772054672 -0.013105950318276882
v 0.0008060818072408438 0.017928417772054672 -0.013105950318276882
v 0.0007946033147163689 0.01297903060913086 -0.019241761416196823
v 0.0007946033147163689 0.01297903060913086 -0.019241761416196823
v 0.0007925115642137825 0.012808163650333881 -0.020359881222248077
v 0.0007925115642137825 0.012808163650333881 -0.020359881222248077
v 0.0007915686583146453 0.007379833608865738 -0.020863905549049377
v 0.0007915686583146453 0.007379833608865738 -0.020863905549049377
v 0.0007915686583146453 0.007379833608865738 -0.020863905549049377
v 0.0007906869286671281 0.01223545242100954 -0.021335238590836525
v 0.0007906869286671281 0.01223545242100954 -0.021335238590836525
v 0.0007906869286671281 0.01223545242100954 -0.021335238590836525
v 0.0007892243447713554 0.007508548442274332 -0.02211705408990383
v 0.0007892243447713554 0.007508548442274332 -0.02211705408990383
v 0.0007892243447713554 0.007508548442274332 -0.02211705408990383
v 0.0007892243447713554 0.007508548442274332 -0.02211705408990383
v 0.0007893886649981141 0.011342285200953484 -0.02202921360731125
v 0.0007893886649981141 0.011342285200953484 -0.02202921360731125
v 0.0007893886649981141 0.011342285200953484 -0.02202921360731125
v 0.00078698800643906 0.00711143109947443 -0.02331249602138996
v 0.00078698800643906 0.00711143109947443 -0.02331249602138996
v 0.0007865829393267632 0.007718028500676155 -0.023529021069407463
v 0.0007865829393267632 0.007718028500676155 -0.023529021069407463
v 0.000786024029366672 0.006728278007358313 -0.02382778748869896
v 0.000786024029366672 0.006728278007358313 -0.02382778748869896
v 0.000786024029366672 0.006728278007358313 -0.02382778748869896
v 0.000786024029366672 0.006728278007358313 -0.02382778748869896
v 0.0007925244863145053 -0.012818996794521809 -0.020352989435195923
v 0.0007925244863145053 -0.012818996794521809 -0.020352989435195923
v 0.0007906993268989027 -0.012246754951775074 -0.021328626200556755
v 0.0007906993268989027 -0.012246754951775074 -0.021328626200556755
v 0.0007906993268989027 -0.012246754951775074 -0.021328626200556755
v 0.000789400190114975 -0.011353992857038975 -0.022023065015673637
v 0.000789400190114975 -0.011353992857038975 -0.022023065015673637
v 0.000789400190114975 -0.011353992857038975 -0.022023065015673637
v 0.000789232028182596 -0.007520322222262621 -0.022112969309091568
v 0.000789232028182596 -0.007520322222262621 -0.022112969309091568
v 0.0007865907973609865 -0.007730519399046898 -0.02352483570575714
v 0.0007865907973609865 -0.007730519399046898 -0.02352483570575714
v 0.0007865907973609865 -0.007730519399046898 -0.02352483570575714
v 0.0007869951077736914 -0.007123860530555248 -0.02330869436264038
v 0.0007869951077736914 -0.007123860530555248 -0.02330869436264038
v 0.0007860308396629989 -0.006740923505276442 -0.023824144154787064
v 0.0007860308396629989 -0.006740923505276442 -0.023824144154787064
v 0.0007860308396629989 -0.006740923505276442 -0.023824144154787064
v 0.0008164941682480276 -0.0034010540693998337 -0.007540036458522081
v 0.0008164941682480276 -0.0034010540693998337 -0.007540036458522081
v 0.0008164941682480276 -0.0034010540693998337 -0.007540036458522081
v 0.000819017062895 -0.005546038970351219 -0.006191448774188757
v 0.000819017062895 -0.005546038970351219 -0.006191448774188757
v 0.0008460771641694009 -0.0028050842229276896 0.008273463696241379
v 0.0008460771641694009 -0.0028050842229276896 0.008273463696241379
v 0.0008460771641694009 -0.0028050842229276896 0.008273463696241379
v 0.0008438635268248618 -0.005045480560511351 0.0070901913568377495
v 0.0008438635268248618 -0.005045480560511351 0.0070901913568377495
v 0.0008438635268248618 -0.005045480560511351 0.0070901913568377495
v 0.0008538953843526542 -0.011376015841960907 0.01245267502963543
v 0.0008538953843526542 -0.011376015841960907 0.01245267502963543
v 0.0008538953843526542 -0.011376015841960907 0.01245267502963543
v 0.0008538953843526542 -0.011376015841960907 0.01245267502963543
v 0.0008538953843526542 -0.011376015841960907 0.01245267502963543
v 0.0008538953843526542 -0.011376015841960907 0.01245267502963543
v 0.0008538953843526542 -0.011376015841960907 0.01245267502963543
v 0.0008538953843526542 -0.011376015841960907 0.01245267502963543
v 0.0008538953843526542 -0.011376015841960907 0.01245267502963543
v 0.0008538953843526542 -0.011376015841960907 0.01245267502963543
v 0.0008405128610320389 -0.006837537977844477 0.005299094598740339
v 0.0008405128610320389 -0.006837537977844477 0.005299094598740339
v 0.0008405128610320389 -0.006837537977844477 0.005299094598740339
v 0.0008363227243535221 -0.008022082038223743 0.0030592598486691713
v 0.0008363227243535221 -0.008022082038223743 0.0030592598486691713
v 0.0008363227243535221 -0.008022082038223743 0.0030592598486691713
v 0.0008363227243535221 -0.008022082038223743 0.0030592598486691713
v 0.0008363227243535221 -0.008022082038223743 0.0030592598486691713
v 0.0008316657622344792 -0.008493832312524319 0.0005698881577700377
v 0.0008316657622344792 -0.008493832312524319 0.0005698881577700377
v 0.0008316657622344792 -0.008493832312524319 0.0005698881577700377
v 0.0008316657622344792 -0.008493832312524319 0.0005698881577700377
v 0.0008100068662315607 -0.014451205730438232 -0.011007830500602722
v 0.0008100068662315607 -0.014451205730438232 -0.011007830500602722
v 0.0008100068662315607 -0.014451205730438232 -0.011007830500602722
v 0.0008100068662315607 -0.014451205730438232 -0.011007830500602722
v 0.0008100068662315607 -0.014451205730438232 -0.011007830500602722
v 0.0008100068662315607 -0.014451205730438232 -0.011007830500602722
v 0.0008094629156403244 -0.014816876500844955 -0.011298581957817078
v 0.0008094629156403244 -0.014816876500844955 -0.011298581957817078
v 0.0008094629156403244 -0.014816876500844955 -0.011298581957817078
v 0.0008094629156403244 -0.014816876500844955 -0.011298581957817078
v 0.0008094629156403244 -0.014816876500844955 -0.011298581957817078
v 0.0008094629156403244 -0.014816876500844955 -0.011298581957817078
v 0.0008086676243692636 -0.015010586939752102 -0.01172371581196785
v 0.0008086676243692636 -0.015010586939752102 -0.01172371581196785
v 0.0008086676243692636 -0.015010586939752102 -0.01172371581196785
v 0.0008086676243692636 -0.015010586939752102 -0.01172371581196785
v 0.0008070811745710671 -0.015396229922771454 -0.012571741826832294
v 0.0008070811745710671 -0.015396229922771454 -0.012571741826832294
v 0.0008070811745710671 -0.015396229922771454 -0.012571741826832294
v 0.0008070811745710671 -0.015396229922771454 -0.012571741826832294
v 0.0008070811745710671 -0.015396229922771454 -0.012571741826832294
v 0.0008033482008613646 0.011548524722456932 -0.014567205682396889
v 0.0008033482008613646 0.011548524722456932 -0.014567205682396889
v 0.0008033482008613646 0.011548524722456932 -0.014567205682396889
v 0.0008033482008613646 0.011548524722456932 -0.014567205682396889
v 0.0008033482008613646 0.011548524722456932 -0.014567205682396889
v 0.0008029857999645174 0.01197366788983345 -0.014760910533368587
v 0.0008029857999645174 0.01197366788983345 -0.014760910533368587
v 0.0008029857999645174 0.01197366788983345 -0.014760910533368587
v 0.0008029857999645174 0.01197366788983345 -0.014760910533368587
v 0.000793863320723176 0.0066157132387161255 -0.019637295976281166
v 0.000793863320723176 0.0066157132387161255 -0.019637295976281166
v 0.000793863320723176 0.0066157132387161255 -0.019637295976281166
v 0.000793863320723176 0.0066157132387161255 -0.019637295976281166
v 0.000793863320723176 0.0066157132387161255 -0.019637295976281166
v 0.0008022643742151558 0.012821687385439873 -0.015146558173000813
v 0.0008022643742151558 0.012821687385439873 -0.015146558173000813
v 0.0008022643742151558 0.012821687385439873 -0.015146558173000813
v 0.0008022643742151558 0.012821687385439873 -0.015146558173000813
v 0.0008009024313651025 0.013403002172708511 -0.015874575823545456
v 0.0008009024313651025 0.013403002172708511 -0.015874575823545456
v 0.0008009024313651025 0.013403002172708511 -0.015874575823545456
v 0.0008009024313651025 0.013403002172708511 -0.015874575823545456
v 0.0007968659629113972 0.013184071518480778 -0.018032260239124298
v 0.0007968659629113972 0.013184071518480778 -0.018032260239124298
v 0.0007968659629113972 0.013184071518480778 -0.018032260239124298
v 0.0007968659629113972 0.013184071518480778 -0.018032260239124298
v 0.0007968659629113972 0.013184071518480778 -0.018032260239124298
v 0.0007975142798386514 0.013346254825592041 -0.017685705795884132
v 0.0007975142798386514 0.013346254825592041 -0.017685705795884132
v 0.0007975142798386514 0.013346254825592041 -0.017685705795884132
v 0.0007991956663317978 0.013591505587100983 -0.016786916181445122
v 0.0007991956663317978 0.013591505587100983 -0.016786916181445122
v 0.0007991956663317978 0.013591505587100983 -0.016786916181445122
v 0.0007991956663317978 0.013591505587100983 -0.016786916181445122
v 0.0007968792342580855 -0.01319363247603178 -0.018025163561105728
v 0.0007968792342580855 -0.01319363247603178 -0.018025163561105728
v 0.0007968792342580855 -0.01319363247603178 -0.018025163561105728
v 0.0007975278422236443 -0.013355618342757225 -0.017678463831543922
v 0.0007975278422236443 -0.013355618342757225 -0.017678463831543922
v 0.0007975278422236443 -0.013355618342757225 -0.017678463831543922
v 0.0007992094033397734 -0.013600392267107964 -0.01677956059575081
v 0.0007992094033397734 -0.013600392267107964 -0.01677956059575081
v 0.0007992094033397734 -0.013600392267107964 -0.01677956059575081
v 0.0007992094033397734 -0.013600392267107964 -0.01677956059575081
v 0.0008538839174434543 0.01138290110975504 0.012446552515029907
v 0.0008538839174434543 0.01138290110975504 0.012446552515029907
v 0.0008538839174434543 0.01138290110975504 0.012446552515029907
v 0.0008538839174434543 0.01138290110975504 0.012446552515029907
v 0.0008538839174434543 0.01138290110975504 0.012446552515029907
v 0.0008445285493507981 0.0045243557542562485 0.007445674855262041
v 0.0008445285493507981 0.0045243557542562485 0.007445674855262041
v 0.0008445285493507981 0.0045243557542562485 0.007445674855262041
v 0.0008559596608392894 0.01104392297565937 0.013556153513491154
v 0.0008559596608392894 0.01104392297565937 0.013556153513491154
v 0.0008559596608392894 0.01104392297565937 0.013556153513491154
v 0.0008559596608392894 0.01104392297565937 0.013556153513491154
v 0.0008559596608392894 0.01104392297565937 0.013556153513491154
v 0.0008559596608392894 0.01104392297565937 0.013556153513491154
v 0.0008464251877740026 0.002202332718297839 0.008459499105811119
v 0.0008464251877740026 0.002202332718297839 0.008459499105811119
v 0.0008469570893794298 -0.00031540991039946675 0.008743839338421822
v 0.0008469570893794298 -0.00031540991039946675 0.008743839338421822
v 0.0008469570893794298 -0.00031540991039946675 0.008743839338421822
v 0.0008469570893794298 -0.00031540991039946675 0.008743839338421822
v 0.0008526708697900176 0.014817160554230213 0.011798141524195671
v 0.0008526708697900176 0.014817160554230213 0.011798141524195671
v 0.0008526708697900176 0.014817160554230213 0.011798141524195671
v 0.0008526708697900176 0.014817160554230213 0.011798141524195671
v 0.0008526708697900176 0.014817160554230213 0.011798141524195671
v 0.0008526708697900176 0.014817160554230213 0.011798141524195671
v 0.0008526708697900176 0.014817160554230213 0.011798141524195671
v 0.0008526708697900176 0.014817160554230213 0.011798141524195671
v 0.0008553470252081752 0.01949172280728817 0.01322864554822445
v 0.0008553470252081752 0.01949172280728817 0.01322864554822445
v 0.0008553470252081752 0.01949172280728817 0.01322864554822445
v 0.0008550273487344384 0.020609840750694275 0.013057786040008068
v 0.0008550273487344384 0.020609840750694275 0.013057786040008068
v 0.0008550273487344384 0.020609840750694275 0.013057786040008068
v 0.0008040322572924197 0.011257773265242577 -0.014201534911990166
v 0.0008040322572924197 0.011257773265242577 -0.014201534911990166
v 0.0008040322572924197 0.011257773265242577 -0.014201534911990166
v 0.0008040322572924197 0.011257773265242577 -0.014201534911990166
v 0.0007952234009280801 0.00536683201789856 -0.018910270184278488
v 0.0007952234009280801 0.00536683201789856 -0.018910270184278488
v 0.0007952234009280801 0.00536683201789856 -0.018910270184278488
v 0.0007953334134072065 0.003922935109585524 -0.01885148324072361
v 0.0007953334134072065 0.003922935109585524 -0.01885148324072361
v 0.0007953334134072065 0.003922935109585524 -0.01885148324072361
v 0.0007946703117340803 0.001312210806645453 -0.019205937162041664
v 0.0007946703117340803 0.001312210806645453 -0.019205937162041664
v 0.0007946703117340803 0.001312210806645453 -0.019205937162041664
v 0.0008612314122729003 -0.013402724638581276 0.016374142840504646
v 0.0008612314122729003 -0.013402724638581276 0.016374142840504646
v 0.0008612314122729003 -0.013402724638581276 0.016374142840504646
v 0.0008612314122729003 -0.013402724638581276 0.016374142840504646
v 0.000862938177306205 -0.013591228052973747 0.017286483198404312
v 0.000862938177306205 -0.013591228052973747 0.017286483198404312
v 0.000862938177306205 -0.013591228052973747 0.017286483198404312
v 0.000862938177306205 -0.013591228052973747 0.017286483198404312
v 0.000859869469422847 -0.012821409851312637 0.015646126121282578
v 0.000859869469422847 -0.012821409851312637 0.015646126121282578
v 0.000859869469422847 -0.012821409851312637 0.015646126121282578
v 0.000859869469422847 -0.012821409851312637 0.015646126121282578
v 0.000859869469422847 -0.012821409851312637 0.015646126121282578
v 0.0008646195055916905 -0.013345934450626373 0.01818522997200489
v 0.0008646195055916905 -0.013345934450626373 0.01818522997200489
v 0.0008646195055916905 -0.013345934450626373 0.01818522997200489
v 0.0008646195055916905 -0.013345934450626373 0.01818522997200489
v 0.0008646195055916905 -0.013345934450626373 0.01818522997200489
v 0.0008646195055916905 -0.013345934450626373 0.01818522997200489
v 0.0008591480436734855 -0.011973390355706215 0.015260477550327778
v 0.0008591480436734855 -0.011973390355706215 0.015260477550327778
v 0.0008591480436734855 -0.011973390355706215 0.015260477550327778
v 0.0008591480436734855 -0.011973390355706215 0.015260477550327778
v 0.0008587856427766383 -0.011548238806426525 0.015066779218614101
v 0.0008587856427766383 -0.011548238806426525 0.015066779218614101
v 0.0008587856427766383 -0.011548238806426525 0.015066779218614101
v 0.0008587856427766383 -0.011548238806426525 0.015066779218614101
v 0.0008587856427766383 -0.011548238806426525 0.015066779218614101
v 0.0008581015863455832 -0.011257495731115341 0.01470110286027193
v 0.0008581015863455832 -0.011257495731115341 0.01470110286027193
v 0.0008581015863455832 -0.011257495731115341 0.01470110286027193
v 0.0008581015863455832 -0.011257495731115341 0.01470110286027193
v 0.0008559708367101848 -0.011036478914320469 0.013562129810452461
v 0.0008559708367101848 -0.011036478914320469 0.013562129810452461
v 0.0008559708367101848 -0.011036478914320469 0.013562129810452461
v 0.0008559708367101848 -0.011036478914320469 0.013562129810452461
v 0.0008559708367101848 -0.011036478914320469 0.013562129810452461
v 0.0008559708367101848 -0.011036478914320469 0.013562129810452461
v 0.0008517135283909738 0.01331250835210085 0.011286381632089615
v 0.0008517135283909738 0.01331250835210085 0.011286381632089615
v 0.0008517135283909738 0.01331250835210085 0.011286381632089615
v 0.0008517135283909738 0.01331250835210085 0.011286381632089615
v 0.0008517135283909738 0.01331250835210085 0.011286381632089615
v 0.0008521269774064422 0.014451483264565468 0.011507398448884487
v 0.0008521269774064422 0.014451483264565468 0.011507398448884487
v 0.0008521269774064422 0.014451483264565468 0.011507398448884487
v 0.0008521269774064422 0.014451483264565468 0.011507398448884487
v 0.0008521269774064422 0.014451483264565468 0.011507398448884487
v 0.0008521269774064422 0.014451483264565468 0.011507398448884487
v 0.0008539559203200042 0.021585149690508842 0.012485041283071041
v 0.0008539559203200042 0.021585149690508842 0.012485041283071041
v 0.0008539559203200042 0.021585149690508842 0.012485041283071041
v 0.0008539559203200042 0.021585149690508842 0.012485041283071041
v 0.0008009159937500954 -0.013411442749202251 -0.015867335721850395
v 0.0008009159937500954 -0.013411442749202251 -0.015867335721850395
v 0.0008009159937500954 -0.013411442749202251 -0.015867335721850395
v 0.0008009159937500954 -0.013411442749202251 -0.015867335721850395
v 0.0008022772963158786 -0.012829712592065334 -0.015139651484787464
v 0.0008022772963158786 -0.012829712592065334 -0.015139651484787464
v 0.0008022772963158786 -0.012829712592065334 -0.015139651484787464
v 0.0008022772963158786 -0.012829712592065334 -0.015139651484787464
v 0.0008022772963158786 -0.012829712592065334 -0.015139651484787464
v 0.0008550526690669358 0.01539650745689869 0.01307130977511406
v 0.0008550526690669358 0.01539650745689869 0.01307130977511406
v 0.0008550526690669358 0.01539650745689869 0.01307130977511406
v 0.0008550526690669358 0.01539650745689869 0.01307130977511406
v 0.0008561401627957821 0.016124526038765907 0.013652623631060123
v 0.0008561401627957821 0.016124526038765907 0.013652623631060123
v 0.0008561401627957821 0.016124526038765907 0.013652623631060123
v 0.0008561401627957821 0.016124526038765907 0.013652623631060123
v 0.0008564927848055959 0.017036868259310722 0.013841127045452595
v 0.0008564927848055959 0.017036868259310722 0.013841127045452595
v 0.0008564927848055959 0.017036868259310722 0.013841127045452595
v 0.0008564927848055959 0.017036868259310722 0.013841127045452595
v 0.0008564927848055959 0.017036868259310722 0.013841127045452595
v -0.0011439149966463447 -0.017928140237927437 0.013609259389340878
v -0.0011439149966463447 -0.017928140237927437 0.013609259389340878
v -0.0011439149966463447 -0.017928140237927437 0.013609259389340878
v -0.0011439149966463447 -0.017928140237927437 0.013609259389340878
v -0.0011439149966463447 -0.017928140237927437 0.013609259389340878
v -0.0056429835967719555 -0.01724817417562008 0.014127204194664955
v -0.0056429835967719555 -0.01724817417562008 0.014127204194664955
v -0.0011429617879912257 -0.01724817417562008 0.014118785969913006
v -0.0011429617879912257 -0.01724817417562008 0.014118785969913006
v -0.0011429617879912257 -0.01724817417562008 0.014118785969913006
v -0.005644239950925112 -0.018274841830134392 0.013455692678689957
v -0.005644239950925112 -0.018274841830134392 0.013455692678689957
v -0.005644239950925112 -0.018274841830134392 0.013455692678689957
v -0.005644622258841991 -0.019484486430883408 0.013251292519271374
v -0.005644622258841991 -0.019484486430883408 0.013251292519271374
v -0.0011353610316291451 0.01335589587688446 0.018181772902607918
v -0.0011353610316291451 0.01335589587688446 0.018181772902607918
v -0.005636654794216156 0.013865424320101738 0.017510225996375084
v -0.005636654794216156 0.013865424320101738 0.017510225996375084
v -0.001136633101850748 0.013865424320101738 0.01750180684030056
v -0.001136633101850748 0.013865424320101738 0.01750180684030056
v -0.001136633101850748 0.013865424320101738 0.01750180684030056
v -0.001136633101850748 0.013865424320101738 0.01750180684030056
v -0.001136633101850748 0.013865424320101738 0.01750180684030056
v -0.005634733941406012 0.01319391094148159 0.018536891788244247
v -0.005634733941406012 0.01319391094148159 0.018536891788244247
v -0.005632471293210983 0.012989545240998268 0.019746486097574234
v -0.005632471293210983 0.012989545240998268 0.019746486097574234
v -0.00119388522580266 0.017928417772054672 -0.013102209195494652
v -0.00119388522580266 0.017928417772054672 -0.013102209195494652
v -0.00119388522580266 0.017928417772054672 -0.013102209195494652
v -0.00119388522580266 0.017928417772054672 -0.013102209195494652
v -0.00119388522580266 0.017928417772054672 -0.013102209195494652
v -0.005694860126823187 0.017248451709747314 -0.01360331755131483
v -0.005694860126823187 0.017248451709747314 -0.01360331755131483
v -0.001194838434457779 0.017248451709747314 -0.01361173577606678
v -0.001194838434457779 0.017248451709747314 -0.01361173577606678
v -0.001194838434457779 0.017248451709747314 -0.01361173577606678
v -0.005693603772670031 0.018275119364261627 -0.012931805104017258
v -0.005693603772670031 0.018275119364261627 -0.012931805104017258
v -0.005693603772670031 0.018275119364261627 -0.012931805104017258
v -0.005693221464753151 0.019484715536236763 -0.012727439403533936
v -0.005693221464753151 0.019484715536236763 -0.012727439403533936
v -0.0012024391908198595 -0.013355618342757225 -0.017674721777439117
v -0.0012024391908198595 -0.013355618342757225 -0.017674721777439117
v -0.005701188929378986 -0.013865145854651928 -0.016986338421702385
v -0.005701188929378986 -0.013865145854651928 -0.016986338421702385
v -0.0012011671205982566 -0.013865145854651928 -0.01699475757777691
v -0.0012011671205982566 -0.013865145854651928 -0.01699475757777691
v -0.0012011671205982566 -0.013865145854651928 -0.01699475757777691
v -0.0012011671205982566 -0.013865145854651928 -0.01699475757777691
v -0.0012011671205982566 -0.013865145854651928 -0.01699475757777691
v -0.0012011671205982566 -0.013865145854651928 -0.01699475757777691
v -0.0057031093165278435 -0.01319363247603178 -0.01801300421357155
v -0.0057031093165278435 -0.01319363247603178 -0.01801300421357155
v -0.005705372430384159 -0.012989232316613197 -0.019222646951675415
v -0.005705372430384159 -0.012989232316613197 -0.019222646951675415
v -0.002183928620070219 0.02756601758301258 -0.007752001751214266
v -0.002183928620070219 0.02756601758301258 -0.007752001751214266
v -0.002183927921578288 0.026099471375346184 -0.007751608267426491
v -0.002183927921578288 0.026099471375346184 -0.007751608267426491
v -0.002183927921578288 0.026099471375346184 -0.007751608267426491
v -0.002183927921578288 0.026099471375346184 -0.007751608267426491
v -0.002183927921578288 0.026099471375346184 -0.007751608267426491
v -0.002183927921578288 0.026099471375346184 -0.007751608267426491
v -0.002183927921578288 0.026099471375346184 -0.007751608267426491
v -0.002183927921578288 0.026099471375346184 -0.007751608267426491
v -0.002183927921578288 0.026099471375346184 -0.007751608267426491
v -0.0021869936026632786 0.0255392137914896 -0.009390462189912796
v -0.0021869936026632786 0.0255392137914896 -0.009390462189912796
v -0.0021869936026632786 0.0255392137914896 -0.009390462189912796
v -0.0021889798808842897 -0.025112323462963104 -0.010452189482748508
v -0.0021889798808842897 -0.025112323462963104 -0.010452189482748508
v -0.0021889798808842897 -0.025112323462963104 -0.010452189482748508
v -0.002183901611715555 -0.026103507727384567 -0.007737608160823584
v -0.002183901611715555 -0.026103507727384567 -0.007737608160823584
v -0.002183901611715555 -0.026103507727384567 -0.007737608160823584
v -0.002183901611715555 -0.026103507727384567 -0.007737608160823584
v -0.002183901611715555 -0.026103507727384567 -0.007737608160823584
v -0.002183901611715555 -0.026103507727384567 -0.007737608160823584
v -0.002183901611715555 -0.026103507727384567 -0.007737608160823584
v -0.002183901611715555 -0.026103507727384567 -0.007737608160823584
v -0.002183901611715555 -0.026103507727384567 -0.007737608160823584
v -0.002183901611715555 -0.026103507727384567 -0.007737608160823584
v -0.002183901611715555 -0.026103507727384567 -0.007737608160823584
v -0.002194475382566452 -0.02671702392399311 -0.01338976714760065
v -0.002194475382566452 -0.02671702392399311 -0.01338976714760065
v -0.002194475382566452 -0.02671702392399311 -0.01338976714760065
v -0.002194475382566452 -0.02671702392399311 -0.01338976714760065
v -0.0021839009132236242 -0.027570093050599098 -0.007737177889794111
v -0.0021839009132236242 -0.027570093050599098 -0.007737177889794111
v -0.0021839009132236242 -0.027570093050599098 -0.007737177889794111
v -0.0021839009132236242 -0.027570093050599098 -0.007737177889794111
v -0.0021839009132236242 -0.027570093050599098 -0.007737177889794111
v -0.0021839009132236242 -0.027570093050599098 -0.007737177889794111
v -0.002186351688578725 -0.028521081432700157 -0.009047260507941246
v -0.002186351688578725 -0.028521081432700157 -0.009047260507941246
v -0.002186351688578725 -0.028521081432700157 -0.009047260507941246
v -0.002186351688578725 -0.028521081432700157 -0.009047260507941246
v -0.002184104872867465 -0.028024422004818916 -0.007846218533813953
v -0.002184104872867465 -0.028024422004818916 -0.007846218533813953
v -0.002184104872867465 -0.028024422004818916 -0.007846218533813953
v -0.002184104872867465 -0.028024422004818916 -0.007846218533813953
v -0.002184672746807337 -0.028379561379551888 -0.00814974308013916
v -0.002184672746807337 -0.028379561379551888 -0.00814974308013916
v -0.002184672746807337 -0.028379561379551888 -0.00814974308013916
v -0.002184672746807337 -0.028379561379551888 -0.00814974308013916
v -0.002184672746807337 -0.028379561379551888 -0.00814974308013916
v -0.002185480436310172 -0.02855815552175045 -0.008581488393247128
v -0.002185480436310172 -0.02855815552175045 -0.008581488393247128
v -0.002185480436310172 -0.02855815552175045 -0.008581488393247128
v -0.002185480436310172 -0.02855815552175045 -0.008581488393247128
v -0.0021847011521458626 0.028375348076224327 -0.008165004663169384
v -0.0021847011521458626 0.028375348076224327 -0.008165004663169384
v -0.0021847011521458626 0.028375348076224327 -0.008165004663169384
v -0.0021847011521458626 0.028375348076224327 -0.008165004663169384
v -0.002184133045375347 0.028020348399877548 -0.00786128081381321
v -0.002184133045375347 0.028020348399877548 -0.00786128081381321
v -0.002184133045375347 0.028020348399877548 -0.00786128081381321
v -0.002184133045375347 0.028020348399877548 -0.00786128081381321
v -0.0021855090744793415 0.028553633019328117 -0.008596858941018581
v -0.0021855090744793415 0.028553633019328117 -0.008596858941018581
v -0.0021855090744793415 0.028553633019328117 -0.008596858941018581
v -0.0021855090744793415 0.028553633019328117 -0.008596858941018581
v -0.0021855090744793415 0.028553633019328117 -0.008596858941018581
v -0.0021863803267478943 0.028516283258795738 -0.009062620811164379
v -0.0021863803267478943 0.028516283258795738 -0.009062620811164379
v -0.0021863803267478943 0.028516283258795738 -0.009062620811164379
v -0.002194502390921116 0.02670992910861969 -0.013404146768152714
v -0.002194502390921116 0.02670992910861969 -0.013404146768152714
v -0.002194502390921116 0.02670992910861969 -0.013404146768152714
v -0.002194502390921116 0.02670992910861969 -0.013404146768152714
v -0.0021948085632175207 0.02354167401790619 -0.013567863032221794
v -0.0021948085632175207 0.02354167401790619 -0.013567863032221794
v -0.0021948085632175207 0.02354167401790619 -0.013567863032221794
v -0.0022019962780177593 0.024247370660305023 -0.017410025000572205
v -0.0022019962780177593 0.024247370660305023 -0.017410025000572205
v -0.0022019962780177593 0.024247370660305023 -0.017410025000572205
v -0.002201879397034645 0.02086694911122322 -0.017347540706396103
v -0.002201879397034645 0.02086694911122322 -0.017347540706396103
v -0.0022086785174906254 0.021189022809267044 -0.020981967449188232
v -0.0022086785174906254 0.021189022809267044 -0.020981967449188232
v -0.0022086785174906254 0.021189022809267044 -0.020981967449188232
v -0.002208002842962742 0.017591875046491623 -0.020620880648493767
v -0.002208002842962742 0.017591875046491623 -0.020620880648493767
v -0.002208002842962742 0.017591875046491623 -0.020620880648493767
v -0.002208002842962742 0.017591875046491623 -0.020620880648493767
v -0.002196631394326687 -0.022941477596759796 -0.01454220898449421
v -0.002196631394326687 -0.022941477596759796 -0.01454220898449421
v -0.002196631394326687 -0.022941477596759796 -0.01454220898449421
v -0.002196631394326687 -0.022941477596759796 -0.01454220898449421
v -0.0022019718308001757 -0.02425660938024521 -0.01739698275923729
v -0.0022019718308001757 -0.02425660938024521 -0.01739698275923729
v -0.0022019718308001757 -0.02425660938024521 -0.01739698275923729
v -0.0022034861613065004 -0.0201107244938612 -0.018206417560577393
v -0.0022034861613065004 -0.0201107244938612 -0.018206417560577393
v -0.0022034861613065004 -0.0201107244938612 -0.018206417560577393
v -0.0022034861613065004 -0.0201107244938612 -0.018206417560577393
v -0.0022086570970714092 -0.02120024338364601 -0.020970551297068596
v -0.0022086570970714092 -0.02120024338364601 -0.020970551297068596
v -0.0022093476727604866 -0.016701383516192436 -0.021339666098356247
v -0.0022093476727604866 -0.016701383516192436 -0.021339666098356247
v -0.0022093476727604866 -0.016701383516192436 -0.021339666098356247
v -0.0022093476727604866 -0.016701383516192436 -0.021339666098356247
v -0.0022143665701150894 -0.01762300170958042 -0.02402259036898613
v -0.0022143665701150894 -0.01762300170958042 -0.02402259036898613
v -0.0022143665701150894 -0.01762300170958042 -0.02402259036898613
v -0.002214046660810709 -0.012811551801860332 -0.023851586505770683
v -0.002214046660810709 -0.012811551801860332 -0.023851586505770683
v -0.002214046660810709 -0.012811551801860332 -0.023851586505770683
v -0.002214046660810709 -0.012811551801860332 -0.023851586505770683
v -0.0022189603187143803 -0.013612735085189342 -0.026478154584765434
v -0.0022189603187143803 -0.013612735085189342 -0.026478154584765434
v -0.0022174485493451357 -0.008553152903914452 -0.0256700087338686
v -0.0022174485493451357 -0.008553152903914452 -0.0256700087338686
v -0.0022174485493451357 -0.008553152903914452 -0.0256700087338686
v -0.0022223254200071096 -0.009268052875995636 -0.028276951983571053
v -0.0022223254200071096 -0.009268052875995636 -0.028276951983571053
v -0.0022223254200071096 -0.009268052875995636 -0.028276951983571053
v -0.0022194550838321447 -0.004048674833029509 -0.026742571964859962
v -0.0022194550838321447 -0.004048674833029509 -0.026742571964859962
v -0.0022194550838321447 -0.004048674833029509 -0.026742571964859962
v -0.0022194550838321447 -0.004048674833029509 -0.026742571964859962
v -0.0022194550838321447 -0.004048674833029509 -0.026742571964859962
v -0.0022243792191147804 -0.004695677664130926 -0.029374735429883003
v -0.0022243792191147804 -0.004695677664130926 -0.029374735429883003
v -0.0022243792191147804 -0.004695677664130926 -0.029374735429883003
v -0.0022243792191147804 -0.004695677664130926 -0.029374735429883003
v -0.0022200087551027536 0.0005722406203858554 -0.02703852392733097
v -0.0022200087551027536 0.0005722406203858554 -0.02703852392733097
v -0.0022200087551027536 0.0005722406203858554 -0.02703852392733097
v -0.0022200087551027536 0.0005722406203858554 -0.02703852392733097
v -0.0022200087551027536 0.0005722406203858554 -0.02703852392733097
v -0.0022250707261264324 -7.940325303934515e-06 -0.02974448911845684
v -0.0022250707261264324 -7.940325303934515e-06 -0.02974448911845684
v -0.0022250707261264324 -7.940325303934515e-06 -0.02974448911845684
v -0.0022250707261264324 -7.940325303934515e-06 -0.02974448911845684
v -0.0022190932650119066 0.00517671462148428 -0.026549210771918297
v -0.0022190932650119066 0.00517671462148428 -0.026549210771918297
v -0.0022190932650119066 0.00517671462148428 -0.026549210771918297
v -0.0022190932650119066 0.00517671462148428 -0.026549210771918297
v -0.0022190932650119066 0.00517671462148428 -0.026549210771918297
v -0.0022243838757276535 0.0046800714917480946 -0.029377242550253868
v -0.0022243838757276535 0.0046800714917480946 -0.029377242550253868
v -0.0022243838757276535 0.0046800714917480946 -0.029377242550253868
v -0.0022243838757276535 0.0046800714917480946 -0.029377242550253868
v -0.002216735389083624 0.009632318280637264 -0.025288831442594528
v -0.002216735389083624 0.009632318280637264 -0.025288831442594528
v -0.002216735389083624 0.009632318280637264 -0.025288831442594528
v -0.002216735389083624 0.009632318280637264 -0.025288831442594528
v -0.002216735389083624 0.009632318280637264 -0.025288831442594528
v -0.002222334733232856 0.009252996183931828 -0.028281977400183678
v -0.002222334733232856 0.009252996183931828 -0.028281977400183678
v -0.002222334733232856 0.009252996183931828 -0.028281977400183678
v -0.002222334733232856 0.009252996183931828 -0.028281977400183678
v -0.0022130028810352087 0.013810776174068451 -0.02329355478286743
v -0.0022130028810352087 0.013810776174068451 -0.02329355478286743
v -0.0022130028810352087 0.013810776174068451 -0.02329355478286743
v -0.002218974055722356 0.01359863206744194 -0.026485523208975792
v -0.002218974055722356 0.01359863206744194 -0.026485523208975792
v -0.002218974055722356 0.01359863206744194 -0.026485523208975792
v -0.002218974055722356 0.01359863206744194 -0.026485523208975792
v -0.0022143844980746508 0.0176102127879858 -0.0240321047604084
v -0.0022143844980746508 0.0176102127879858 -0.0240321047604084
v -0.0022143844980746508 0.0176102127879858 -0.0240321047604084
v -0.0022143844980746508 0.0176102127879858 -0.0240321047604084
v -0.006204999051988125 -0.01686963066458702 -0.019038081169128418
v -0.006204999051988125 -0.01686963066458702 -0.019038081169128418
v -0.006204999051988125 -0.01686963066458702 -0.019038081169128418
v -0.006204999051988125 -0.01686963066458702 -0.019038081169128418
v -0.006204999051988125 -0.01686963066458702 -0.019038081169128418
v -0.006206476129591465 -0.01686982996761799 -0.019827481359243393
v -0.006206476129591465 -0.01686982996761799 -0.019827481359243393
v -0.006206476129591465 -0.01686982996761799 -0.019827481359243393
v -0.006207938771694899 -0.020846929401159286 -0.0206092931330204
v -0.006207938771694899 -0.020846929401159286 -0.0206092931330204
v -0.006207938771694899 -0.020846929401159286 -0.0206092931330204
v -0.006207938771694899 -0.020846929401159286 -0.0206092931330204
v -0.006207938771694899 -0.020846929401159286 -0.0206092931330204
v -0.006213553249835968 -0.017329314723610878 -0.023610472679138184
v -0.006213553249835968 -0.017329314723610878 -0.023610472679138184
v -0.006213553249835968 -0.017329314723610878 -0.023610472679138184
v -0.006201820448040962 -0.014218796975910664 -0.01733882911503315
v -0.006201820448040962 -0.014218796975910664 -0.01733882911503315
v -0.006201820448040962 -0.014218796975910664 -0.01733882911503315
v -0.006203420925885439 -0.013659198768436909 -0.01819443702697754
v -0.006203420925885439 -0.013659198768436909 -0.01819443702697754
v -0.006203420925885439 -0.013659198768436909 -0.01819443702697754
v -0.006203420925885439 -0.013659198768436909 -0.01819443702697754
v -0.00620372174307704 -0.014318082481622696 -0.018355123698711395
v -0.00620372174307704 -0.014318082481622696 -0.018355123698711395
v -0.00620372174307704 -0.014318082481622696 -0.018355123698711395
v -0.00620372174307704 -0.014318082481622696 -0.018355123698711395
v -0.00620372174307704 -0.014318082481622696 -0.018355123698711395
v -0.006205000914633274 -0.013923519290983677 -0.019038870930671692
v -0.006205000914633274 -0.013923519290983677 -0.019038870930671692
v -0.006205000914633274 -0.013923519290983677 -0.019038870930671692
v -0.006205000914633274 -0.013923519290983677 -0.019038870930671692
v -0.006184807512909174 0.027565881609916687 -0.00824450422078371
v -0.006184807512909174 0.027565881609916687 -0.00824450422078371
v -0.006184807512909174 0.027565881609916687 -0.00824450422078371
v -0.006184807512909174 0.027565881609916687 -0.00824450422078371
v -0.006184807512909174 0.027565881609916687 -0.00824450422078371
v -0.006184807512909174 0.027565881609916687 -0.00824450422078371
v -0.006184909492731094 0.027793042361736298 -0.008299187757074833
v -0.006184909492731094 0.027793042361736298 -0.008299187757074833
v -0.006185193546116352 0.02797059528529644 -0.008451012894511223
v -0.006185193546116352 0.02797059528529644 -0.008451012894511223
v -0.006185193546116352 0.02797059528529644 -0.008451012894511223
v -0.006185597740113735 0.028059719130396843 -0.008666923269629478
v -0.006185597740113735 0.028059719130396843 -0.008666923269629478
v -0.006185597740113735 0.028059719130396843 -0.008666923269629478
v -0.006186033133417368 0.028041047975420952 -0.008899799548089504
v -0.006186033133417368 0.028041047975420952 -0.008899799548089504
v -0.006186033133417368 0.028041047975420952 -0.008899799548089504
v -0.0061956788413226604 0.02077486179769039 -0.014055861160159111
v -0.0061956788413226604 0.02077486179769039 -0.014055861160159111
v -0.0061956788413226604 0.02077486179769039 -0.014055861160159111
v -0.006194019690155983 0.026264799758791924 -0.013169021345674992
v -0.006194019690155983 0.026264799758791924 -0.013169021345674992
v -0.006194019690155983 0.026264799758791924 -0.013169021345674992
v -0.006194019690155983 0.026264799758791924 -0.013169021345674992
v -0.00619055749848485 0.02271854318678379 -0.011318299919366837
v -0.00619055749848485 0.02271854318678379 -0.011318299919366837
v -0.00619055749848485 0.02271854318678379 -0.011318299919366837
v -0.00618541706353426 0.02392125315964222 -0.008570470847189426
v -0.00618541706353426 0.02392125315964222 -0.008570470847189426
v -0.00618541706353426 0.02392125315964222 -0.008570470847189426
v -0.00618541706353426 0.02392125315964222 -0.008570470847189426
v -0.0062004514038562775 0.020090535283088684 -0.01660706102848053
v -0.0062004514038562775 0.020090535283088684 -0.01660706102848053
v -0.0062004514038562775 0.020090535283088684 -0.01660706102848053
v -0.0062004514038562775 0.020090535283088684 -0.01660706102848053
v -0.0062004514038562775 0.020090535283088684 -0.01660706102848053
v -0.006199713330715895 0.02077426388859749 -0.016212573274970055
v -0.006199713330715895 0.02077426388859749 -0.016212573274970055
v -0.006199713330715895 0.02077426388859749 -0.016212573274970055
v -0.006201388780027628 0.02384328469634056 -0.017108164727687836
v -0.006201388780027628 0.02384328469634056 -0.017108164727687836
v -0.006201388780027628 0.02384328469634056 -0.017108164727687836
v -0.006201388780027628 0.02384328469634056 -0.017108164727687836
v -0.006201388780027628 0.02384328469634056 -0.017108164727687836
v -0.006201388780027628 0.02384328469634056 -0.017108164727687836
v -0.006198434624820948 0.0211691502481699 -0.01552898995578289
v -0.006198434624820948 0.0211691502481699 -0.01552898995578289
v -0.006198434624820948 0.0211691502481699 -0.01552898995578289
v -0.006198434624820948 0.0211691502481699 -0.01552898995578289
v -0.006196958012878895 0.021169384941458702 -0.014739638194441795
v -0.006196958012878895 0.021169384941458702 -0.014739638194441795
v -0.006196958012878895 0.021169384941458702 -0.014739638194441795
v -0.006201365031301975 -0.023852353915572166 -0.01709531806409359
v -0.006201365031301975 -0.023852353915572166 -0.01709531806409359
v -0.006201365031301975 -0.023852353915572166 -0.01709531806409359
v -0.006201365031301975 -0.023852353915572166 -0.01709531806409359
v -0.006193993147462606 -0.026271723210811615 -0.013154864311218262
v -0.006193993147462606 -0.026271723210811615 -0.013154864311218262
v -0.006193993147462606 -0.026271723210811615 -0.013154864311218262
v -0.006196936592459679 -0.021177152171730995 -0.014728203415870667
v -0.006196936592459679 -0.021177152171730995 -0.014728203415870667
v -0.006196936592459679 -0.021177152171730995 -0.014728203415870667
v -0.006196936592459679 -0.021177152171730995 -0.014728203415870667
v -0.00620045093819499 0.01930113323032856 -0.016606859862804413
v -0.00620045093819499 0.01930113323032856 -0.016606859862804413
v -0.00620045093819499 0.01930113323032856 -0.016606859862804413
v -0.00620045093819499 0.01930113323032856 -0.016606859862804413
v -0.006205016281455755 0.01685946062207222 -0.01904718391597271
v -0.006205016281455755 0.01685946062207222 -0.01904718391597271
v -0.006205016281455755 0.01685946062207222 -0.01904718391597271
v -0.006205016281455755 0.01685946062207222 -0.01904718391597271
v -0.00619971239939332 0.018617602065205574 -0.016211947426199913
v -0.00619971239939332 0.018617602065205574 -0.016211947426199913
v -0.00619971239939332 0.018617602065205574 -0.016211947426199913
v -0.00619971239939332 0.018617602065205574 -0.016211947426199913
v -0.006203737109899521 0.016464971005916595 -0.018363455310463905
v -0.006203737109899521 0.016464971005916595 -0.018363455310463905
v -0.006203737109899521 0.016464971005916595 -0.018363455310463905
v -0.006198433227837086 0.018223116174340248 -0.015528219752013683
v -0.006198433227837086 0.018223116174340248 -0.015528219752013683
v -0.006198433227837086 0.018223116174340248 -0.015528219752013683
v -0.006198433227837086 0.018223116174340248 -0.015528219752013683
v -0.006202998571097851 0.01578143611550331 -0.01796853356063366
v -0.006202998571097851 0.01578143611550331 -0.01796853356063366
v -0.006202998571097851 0.01578143611550331 -0.01796853356063366
v -0.006202998571097851 0.01578143611550331 -0.01796853356063366
v -0.006196956615895033 0.018223315477371216 -0.014738818630576134
v -0.006196956615895033 0.018223315477371216 -0.014738818630576134
v -0.006196956615895033 0.018223315477371216 -0.014738818630576134
v -0.006196956615895033 0.018223315477371216 -0.014738818630576134
v -0.006185097154229879 0.024027718231081963 -0.008399379439651966
v -0.006185097154229879 0.024027718231081963 -0.008399379439651966
v -0.006184881553053856 0.024193061515688896 -0.008284236304461956
v -0.006184881553053856 0.024193061515688896 -0.008284236304461956
v -0.006184881553053856 0.024193061515688896 -0.008284236304461956
v -0.006184805650264025 0.024390440434217453 -0.008243637159466743
v -0.006184805650264025 0.024390440434217453 -0.008243637159466743
v -0.006195474416017532 -0.01760929822921753 -0.013946504332125187
v -0.006195474416017532 -0.01760929822921753 -0.013946504332125187
v -0.006195474416017532 -0.01760929822921753 -0.013946504332125187
v -0.006196937989443541 -0.0182311050593853 -0.014728989452123642
v -0.006196937989443541 -0.0182311050593853 -0.014728989452123642
v -0.006196937989443541 -0.0182311050593853 -0.014728989452123642
v -0.006196937989443541 -0.0182311050593853 -0.014728989452123642
v -0.00619442667812109 -0.01846451871097088 -0.013386485166847706
v -0.00619442667812109 -0.01846451871097088 -0.013386485166847706
v -0.006195658817887306 -0.018625600263476372 -0.014045254327356815
v -0.006195658817887306 -0.018625600263476372 -0.014045254327356815
v -0.0061941067688167095 -0.019472448155283928 -0.013215617276728153
v -0.0061941067688167095 -0.019472448155283928 -0.013215617276728153
v -0.0061941067688167095 -0.019472448155283928 -0.013215617276728153
v -0.006194920279085636 -0.019309159368276596 -0.013650400564074516
v -0.006194920279085636 -0.019309159368276596 -0.013650400564074516
v -0.006194920279085636 -0.019309159368276596 -0.013650400564074516
v -0.006194920279085636 -0.019309159368276596 -0.013650400564074516
v -0.006193734239786863 -0.02077692374587059 -0.013016311451792717
v -0.006193734239786863 -0.02077692374587059 -0.013016311451792717
v -0.006193734239786863 -0.02077692374587059 -0.013016311451792717
v -0.006193734239786863 -0.02077692374587059 -0.013016311451792717
v -0.006194919813424349 -0.020098520442843437 -0.013650158420205116
v -0.006194919813424349 -0.020098520442843437 -0.013650158420205116
v -0.006194919813424349 -0.020098520442843437 -0.013650158420205116
v -0.006194919813424349 -0.020098520442843437 -0.013650158420205116
v -0.006192483939230442 -0.02191481739282608 -0.012348104268312454
v -0.006192483939230442 -0.02191481739282608 -0.012348104268312454
v -0.006192483939230442 -0.02191481739282608 -0.012348104268312454
v -0.006192483939230442 -0.02191481739282608 -0.012348104268312454
v -0.006195657886564732 -0.02078229933977127 -0.014044694602489471
v -0.006195657886564732 -0.02078229933977127 -0.014044694602489471
v -0.006195657886564732 -0.02078229933977127 -0.014044694602489471
v -0.006195657886564732 -0.02078229933977127 -0.014044694602489471
v -0.0061847795732319355 -0.027570223435759544 -0.008229688741266727
v -0.0061847795732319355 -0.027570223435759544 -0.008229688741266727
v -0.0061847795732319355 -0.027570223435759544 -0.008229688741266727
v -0.006192506290972233 0.021908292546868324 -0.012359872460365295
v -0.006192506290972233 0.021908292546868324 -0.012359872460365295
v -0.006192506290972233 0.021908292546868324 -0.012359872460365295
v -0.006193754728883505 0.020770004019141197 -0.013027455657720566
v -0.006193754728883505 0.020770004019141197 -0.013027455657720566
v -0.00619494030252099 0.020091362297534943 -0.013660989701747894
v -0.00619494030252099 0.020091362297534943 -0.013660989701747894
v -0.0061941263265907764 0.019465481862425804 -0.013226086273789406
v -0.0061941263265907764 0.019465481862425804 -0.013226086273789406
v -0.006194939836859703 0.019301922991871834 -0.013660755008459091
v -0.006194939836859703 0.019301922991871834 -0.013660755008459091
v -0.006194939836859703 0.019301922991871834 -0.013660755008459091
v -0.006194445304572582 0.01845743879675865 -0.013396469876170158
v -0.006194445304572582 0.01845743879675865 -0.013396469876170158
v -0.006194445304572582 0.01845743879675865 -0.013396469876170158
v -0.006195677910000086 0.018618173897266388 -0.01405531819909811
v -0.006195677910000086 0.018618173897266388 -0.01405531819909811
v -0.006195677910000086 0.018618173897266388 -0.01405531819909811
v -0.00619549211114645 0.017601879313588142 -0.013956032693386078
v -0.00619549211114645 0.017601879313588142 -0.013956032693386078
v -0.00619549211114645 0.017601879313588142 -0.013956032693386078
v -0.00619549211114645 0.017601879313588142 -0.013956032693386078
v -0.006206492893397808 0.016859259456396103 -0.019836582243442535
v -0.006206492893397808 0.016859259456396103 -0.019836582243442535
v -0.006206492893397808 0.016859259456396103 -0.019836582243442535
v -0.006206492893397808 0.016859259456396103 -0.019836582243442535
v -0.0062079597264528275 0.02083590067923069 -0.020620539784431458
v -0.0062079597264528275 0.02083590067923069 -0.020620539784431458
v -0.0062079597264528275 0.02083590067923069 -0.020620539784431458
v -0.0062079597264528275 0.02083590067923069 -0.020620539784431458
v -0.006207771599292755 0.016464395448565483 -0.020520076155662537
v -0.006207771599292755 0.016464395448565483 -0.020520076155662537
v -0.006207771599292755 0.016464395448565483 -0.020520076155662537
v -0.006207771599292755 0.016464395448565483 -0.020520076155662537
v -0.006207771599292755 0.016464395448565483 -0.020520076155662537
v -0.006213570479303598 0.017316695302724838 -0.023619800806045532
v -0.006213570479303598 0.017316695302724838 -0.023619800806045532
v -0.006213570479303598 0.017316695302724838 -0.023619800806045532
v -0.006213570479303598 0.017316695302724838 -0.023619800806045532
v -0.006213570479303598 0.017316695302724838 -0.023619800806045532
v -0.006208509672433138 0.015780676156282425 -0.020914629101753235
v -0.006208509672433138 0.015780676156282425 -0.020914629101753235
v -0.006208509672433138 0.015780676156282425 -0.020914629101753235
v -0.006208509672433138 0.015780676156282425 -0.020914629101753235
v -0.006186004728078842 -0.028045695275068283 -0.00888470746576786
v -0.006186004728078842 -0.028045695275068283 -0.00888470746576786
v -0.006186004728078842 -0.028045695275068283 -0.00888470746576786
v -0.006185569334775209 -0.028064250946044922 -0.008651841431856155
v -0.006185569334775209 -0.028064250946044922 -0.008651841431856155
v -0.006185165606439114 -0.02797498181462288 -0.008435988798737526
v -0.006185165606439114 -0.02797498181462288 -0.008435988798737526
v -0.006201834883540869 0.014209546148777008 -0.01734652742743492
v -0.006201834883540869 0.014209546148777008 -0.01734652742743492
v -0.006201834883540869 0.014209546148777008 -0.01734652742743492
v -0.006201834883540869 0.014209546148777008 -0.01734652742743492
v -0.0062029981054365635 0.014992034062743187 -0.01796833425760269
v -0.0062029981054365635 0.014992034062743187 -0.01796833425760269
v -0.0062029981054365635 0.014992034062743187 -0.01796833425760269
v -0.0062029981054365635 0.014992034062743187 -0.01796833425760269
v -0.006203434895724058 0.013649526983499527 -0.01820174604654312
v -0.006203434895724058 0.013649526983499527 -0.01820174604654312
v -0.006203434895724058 0.013649526983499527 -0.01820174604654312
v -0.006203434895724058 0.013649526983499527 -0.01820174604654312
v -0.006203736178576946 0.014308297075331211 -0.018362827599048615
v -0.006203736178576946 0.014308297075331211 -0.018362827599048615
v -0.006203736178576946 0.014308297075331211 -0.018362827599048615
v -0.006205320358276367 0.013478642329573631 -0.019209684804081917
v -0.006205320358276367 0.013478642329573631 -0.019209684804081917
v -0.006205014884471893 0.013913442380726337 -0.01904638670384884
v -0.006205014884471893 0.013913442380726337 -0.01904638670384884
v -0.006205014884471893 0.013913442380726337 -0.01904638670384884
v -0.00620776042342186 0.013279316946864128 -0.020514097064733505
v -0.00620776042342186 0.013279316946864128 -0.020514097064733505
v -0.00620776042342186 0.013279316946864128 -0.020514097064733505
v -0.00620776042342186 0.013279316946864128 -0.020514097064733505
v -0.006206491496413946 0.013913200236856937 -0.01983574405312538
v -0.006206491496413946 0.013913200236856937 -0.01983574405312538
v -0.006206491496413946 0.013913200236856937 -0.01983574405312538
v -0.006206491496413946 0.013913200236856937 -0.01983574405312538
v -0.006209889426827431 0.012611144222319126 -0.021652039140462875
v -0.006209889426827431 0.012611144222319126 -0.021652039140462875
v -0.006209889426827431 0.012611144222319126 -0.021652039140462875
v -0.0062077706679701805 0.014307737350463867 -0.020519522950053215
v -0.0062077706679701805 0.014307737350463867 -0.020519522950053215
v -0.0062077706679701805 0.014307737350463867 -0.020519522950053215
v -0.0062077706679701805 0.014307737350463867 -0.020519522950053215
v -0.006184881553053856 -0.02779736928641796 -0.008284226059913635
v -0.006184881553053856 -0.02779736928641796 -0.008284226059913635
v -0.006184881553053856 -0.02779736928641796 -0.008284226059913635
v -0.0061984132044017315 -0.02117740549147129 -0.015517630614340305
v -0.0061984132044017315 -0.02117740549147129 -0.015517630614340305
v -0.0061984132044017315 -0.02117740549147129 -0.015517630614340305
v -0.006199692375957966 -0.020782887935638428 -0.01620129868388176
v -0.006199692375957966 -0.020782887935638428 -0.01620129868388176
v -0.006199692375957966 -0.020782887935638428 -0.01620129868388176
v -0.006200431380420923 -0.02009935863316059 -0.01659621298313141
v -0.006200431380420923 -0.02009935863316059 -0.01659621298313141
v -0.006200431380420923 -0.02009935863316059 -0.01659621298313141
v -0.006200431380420923 -0.02009935863316059 -0.01659621298313141
v -0.006200431380420923 -0.019309956580400467 -0.016596412286162376
v -0.006200431380420923 -0.019309956580400467 -0.016596412286162376
v -0.006200431380420923 -0.019309956580400467 -0.016596412286162376
v -0.006200431380420923 -0.019309956580400467 -0.016596412286162376
v -0.006203720346093178 -0.016474716365337372 -0.01835455186665058
v -0.006203720346093178 -0.016474716365337372 -0.01835455186665058
v -0.006203720346093178 -0.016474716365337372 -0.01835455186665058
v -0.006203720346093178 -0.016474716365337372 -0.01835455186665058
v -0.006203720346093178 -0.016474716365337372 -0.01835455186665058
v -0.006199693772941828 -0.018626227974891663 -0.0162019245326519
v -0.006199693772941828 -0.018626227974891663 -0.0162019245326519
v -0.006199693772941828 -0.018626227974891663 -0.0162019245326519
v -0.006199693772941828 -0.018626227974891663 -0.0162019245326519
v -0.006202982738614082 -0.015790987759828568 -0.017960065975785255
v -0.006202982738614082 -0.015790987759828568 -0.017960065975785255
v -0.006202982738614082 -0.015790987759828568 -0.017960065975785255
v -0.006202982738614082 -0.015790987759828568 -0.017960065975785255
v -0.006202982738614082 -0.015790987759828568 -0.017960065975785255
v -0.006198415067046881 -0.018231306225061417 -0.015518390573561192
v -0.006198415067046881 -0.018231306225061417 -0.015518390573561192
v -0.006198415067046881 -0.018231306225061417 -0.015518390573561192
v -0.006198415067046881 -0.018231306225061417 -0.015518390573561192
v -0.006202982738614082 -0.015001585707068443 -0.017960265278816223
v -0.006202982738614082 -0.015001585707068443 -0.017960265278816223
v -0.006202982738614082 -0.015001585707068443 -0.017960265278816223
v -0.006207746919244528 -0.013290219008922577 -0.020506950095295906
v -0.006207746919244528 -0.013290219008922577 -0.020506950095295906
v -0.006207746919244528 -0.013290219008922577 -0.020506950095295906
v -0.006209876388311386 -0.012622634880244732 -0.021645236760377884
v -0.006209876388311386 -0.012622634880244732 -0.021645236760377884
v -0.006209876388311386 -0.012622634880244732 -0.021645236760377884
v -0.006209876388311386 -0.012622634880244732 -0.021645236760377884
v -0.006207756232470274 -0.014318626374006271 -0.0205118078738451
v -0.006207756232470274 -0.014318626374006271 -0.0205118078738451
v -0.006207756232470274 -0.014318626374006271 -0.0205118078738451
v -0.006207756232470274 -0.014318626374006271 -0.0205118078738451
v -0.006207756232470274 -0.014318626374006271 -0.0205118078738451
v -0.006207756232470274 -0.014318626374006271 -0.0205118078738451
v -0.006208509206771851 0.014991283416748047 -0.02091442607343197
v -0.006208509206771851 0.014991283416748047 -0.02091442607343197
v -0.006208509206771851 0.014991283416748047 -0.02091442607343197
v -0.006208509206771851 0.014991283416748047 -0.02091442607343197
v -0.006218083668500185 0.013372032903134823 -0.026032358407974243
v -0.006218083668500185 0.013372032903134823 -0.026032358407974243
v -0.006218083668500185 0.013372032903134823 -0.026032358407974243
v -0.006218083668500185 0.013372032903134823 -0.026032358407974243
v -0.006205306854099035 -0.013488849624991417 -0.019202429801225662
v -0.006205306854099035 -0.013488849624991417 -0.019202429801225662
v -0.006205306854099035 -0.013488849624991417 -0.019202429801225662
v -0.006206477526575327 -0.013923789374530315 -0.01982825994491577
v -0.006206477526575327 -0.013923789374530315 -0.01982825994491577
v -0.006206477526575327 -0.013923789374530315 -0.01982825994491577
v -0.006184857338666916 -0.024197356775403023 -0.008271181024610996
v -0.006184857338666916 -0.024197356775403023 -0.008271181024610996
v -0.006185072939842939 -0.024032099172472954 -0.008386470377445221
v -0.006185072939842939 -0.024032099172472954 -0.008386470377445221
v -0.006185072939842939 -0.024032099172472954 -0.008386470377445221
v -0.006184780970215797 -0.02439473383128643 -0.008230520412325859
v -0.006184780970215797 -0.02439473383128643 -0.008230520412325859
v -0.006184780970215797 -0.02439473383128643 -0.008230520412325859
v -0.006184780970215797 -0.02439473383128643 -0.008230520412325859
v -0.00618539284914732 -0.02392571046948433 -0.008557602763175964
v -0.00618539284914732 -0.02392571046948433 -0.008557602763175964
v -0.00618539284914732 -0.02392571046948433 -0.008557602763175964
v -0.006190534681081772 -0.02272445149719715 -0.011306111700832844
v -0.006190534681081772 -0.02272445149719715 -0.011306111700832844
v -0.006214265711605549 0.007872385904192924 -0.023991450667381287
v -0.006214265711605549 0.007872385904192924 -0.023991450667381287
v -0.0062114037573337555 0.011569101363420486 -0.022461706772446632
v -0.0062114037573337555 0.011569101363420486 -0.022461706772446632
v -0.006223403383046389 0.004602042958140373 -0.028875896707177162
v -0.006223403383046389 0.004602042958140373 -0.028875896707177162
v -0.006223403383046389 0.004602042958140373 -0.028875896707177162
v -0.006221388466656208 0.00909877847880125 -0.027798853814601898
v -0.006221388466656208 0.00909877847880125 -0.027798853814601898
v -0.006221388466656208 0.00909877847880125 -0.027798853814601898
v -0.006207755301147699 -0.016475342214107513 -0.020511209964752197
v -0.006207755301147699 -0.016475342214107513 -0.020511209964752197
v -0.006208493839949369 -0.0157917570322752 -0.020906096324324608
v -0.006208493839949369 -0.0157917570322752 -0.020906096324324608
v -0.006208493839949369 -0.0157917570322752 -0.020906096324324608
v -0.006218070164322853 -0.013385889120399952 -0.026025155559182167
v -0.006218070164322853 -0.013385889120399952 -0.026025155559182167
v -0.006218070164322853 -0.013385889120399952 -0.026025155559182167
v -0.006218070164322853 -0.013385889120399952 -0.026025155559182167
v -0.006208494305610657 -0.01500240433961153 -0.02090632915496826
v -0.006208494305610657 -0.01500240433961153 -0.02090632915496826
v -0.006208494305610657 -0.01500240433961153 -0.02090632915496826
v -0.006208494305610657 -0.01500240433961153 -0.02090632915496826
v -0.006221379153430462 -0.009113609790802002 -0.027793917804956436
v -0.006221379153430462 -0.009113609790802002 -0.027793917804956436
v -0.006221379153430462 -0.009113609790802002 -0.027793917804956436
v -0.006221379153430462 -0.009113609790802002 -0.027793917804956436
v -0.0062233987264335155 -0.004617432132363319 -0.028873419389128685
v -0.0062233987264335155 -0.004617432132363319 -0.028873419389128685
v -0.0062233987264335155 -0.004617432132363319 -0.028873419389128685
v -0.0062233987264335155 -0.004617432132363319 -0.028873419389128685
v -0.0062233987264335155 -0.004617432132363319 -0.028873419389128685
v -0.006211392115801573 -0.01158104557543993 -0.022455401718616486
v -0.006211392115801573 -0.01158104557543993 -0.022455401718616486
v -0.006211392115801573 -0.01158104557543993 -0.022455401718616486
v -0.006214257795363665 -0.007885139435529709 -0.023987270891666412
v -0.006214257795363665 -0.007885139435529709 -0.023987270891666412
v -0.0062160068191587925 -0.003995065111666918 -0.02492210455238819
v -0.0062160068191587925 -0.003995065111666918 -0.02492210455238819
v -0.006224078591912985 -7.8093517004163e-06 -0.029237011447548866
v -0.006224078591912985 -7.8093517004163e-06 -0.029237011447548866
v -0.006216595880687237 -6.711597052344587e-06 -0.025237027555704117
v -0.006216595880687237 -6.711597052344587e-06 -0.025237027555704117
v -0.006216010544449091 0.003981814719736576 -0.024924254044890404
v -0.006216010544449091 0.003981814719736576 -0.024924254044890404
v -0.005686324555426836 -0.028521081432700157 -0.009040712378919125
v -0.005686324555426836 -0.028521081432700157 -0.009040712378919125
v -0.005686324555426836 -0.028521081432700157 -0.009040712378919125
v -0.005694448482245207 -0.02671702392399311 -0.013383219949901104
v -0.005694448482245207 -0.02671702392399311 -0.013383219949901104
v -0.005701944697648287 -0.02425660938024521 -0.017390435561537743
v -0.005701944697648287 -0.02425660938024521 -0.017390435561537743
v -0.005708630196750164 -0.02120024338364601 -0.02096400409936905
v -0.005708630196750164 -0.02120024338364601 -0.02096400409936905
v -0.005714339669793844 -0.01762300170958042 -0.024016043171286583
v -0.005714339669793844 -0.01762300170958042 -0.024016043171286583
v -0.005718933418393135 -0.013612735085189342 -0.026471607387065887
v -0.005718933418393135 -0.013612735085189342 -0.026471607387065887
v -0.005722298286855221 -0.009268052875995636 -0.028270404785871506
v -0.005722298286855221 -0.009268052875995636 -0.028270404785871506
v -0.005724352318793535 -0.004695677664130926 -0.029368188232183456
v -0.005724352318793535 -0.004695677664130926 -0.029368188232183456
v -0.005725043825805187 -7.940325303934515e-06 -0.029737940058112144
v -0.005725043825805187 -7.940325303934515e-06 -0.029737940058112144
v -0.005724356975406408 0.0046800714917480946 -0.02937069535255432
v -0.005724356975406408 0.0046800714917480946 -0.02937069535255432
v -0.005722308065742254 0.009252996183931828 -0.02827543020248413
v -0.005722308065742254 0.009252996183931828 -0.02827543020248413
v -0.005718947388231754 0.01359863206744194 -0.026478976011276245
v -0.005718947388231754 0.01359863206744194 -0.026478976011276245
v -0.005714357364922762 0.0176102127879858 -0.024025557562708855
v -0.005714357364922762 0.0176102127879858 -0.024025557562708855
v -0.005714357364922762 0.0176102127879858 -0.024025557562708855
v -0.00570865161716938 0.021189022809267044 -0.020975420251488686
v -0.00570865161716938 0.021189022809267044 -0.020975420251488686
v -0.005701969377696514 0.024247370660305023 -0.017403477802872658
v -0.005701969377696514 0.024247370660305023 -0.017403477802872658
v -0.005694475490599871 0.02670992910861969 -0.013397599570453167
v -0.005694475490599871 0.02670992910861969 -0.013397599570453167
v -0.005686353426426649 0.028516283258795738 -0.009056073613464832
v -0.005686353426426649 0.028516283258795738 -0.009056073613464832
v 0.002837900770828128 -0.007126889657229185 0.003879868658259511
v 0.002837900770828128 -0.007126889657229185 0.003879868658259511
v 0.002837900770828128 -0.007126889657229185 0.003879868658259511
v 0.002837900770828128 -0.007126889657229185 0.003879868658259511
v 0.0028334478847682476 -0.007901026867330074 0.0014996315585449338
v 0.0028334478847682476 -0.007901026867330074 0.0014996315585449338
v 0.0028334478847682476 -0.007901026867330074 0.0014996315585449338
v 0.0028334478847682476 -0.007901026867330074 0.0014996315585449338
v 0.001333440188318491 -0.007901026867330074 0.0015024376334622502
v 0.001333440188318491 -0.007901026867330074 0.0015024376334622502
v 0.001333440188318491 -0.007901026867330074 0.0015024376334622502
v 0.001339985174126923 -0.006435326300561428 0.005001097917556763
v 0.001339985174126923 -0.006435326300561428 0.005001097917556763
v 0.0028416882269084454 -0.005655163899064064 0.005904408171772957
v 0.0028416882269084454 -0.005655163899064064 0.005904408171772957
v 0.0028416882269084454 -0.005655163899064064 0.005904408171772957
v 0.0013378929579630494 -0.007126889657229185 0.0038826747331768274
v 0.0013378929579630494 -0.007126889657229185 0.0038826747331768274
v 0.0013360417215153575 -0.007550158072263002 0.0028931095730513334
v 0.0013360417215153575 -0.007550158072263002 0.0028931095730513334
v 0.002824312075972557 -0.007128841709345579 -0.003383984323590994
v 0.002824312075972557 -0.007128841709345579 -0.003383984323590994
v 0.002824312075972557 -0.007128841709345579 -0.003383984323590994
v 0.002824312075972557 -0.007128841709345579 -0.003383984323590994
v 0.001327225472778082 -0.00772780692204833 -0.00181961664929986
v 0.001327225472778082 -0.00772780692204833 -0.00181961664929986
v 0.0028287656605243683 -0.007901654578745365 -0.0010033242870122194
v 0.0028287656605243683 -0.007901654578745365 -0.0010033242870122194
v 0.0028287656605243683 -0.007901654578745365 -0.0010033242870122194
v 0.0028287656605243683 -0.007901654578745365 -0.0010033242870122194
v 0.001328757731243968 -0.007901654578745365 -0.0010005180956795812
v 0.001328757731243968 -0.007901654578745365 -0.0010005180956795812
v 0.0013316585682332516 -0.007994175888597965 0.0005501293344423175
v 0.0013316585682332516 -0.007994175888597965 0.0005501293344423175
v 0.0028205232229083776 -0.005658236797899008 -0.0054092505015432835
v 0.0028205232229083776 -0.005658236797899008 -0.0054092505015432835
v 0.0028205232229083776 -0.005658236797899008 -0.0054092505015432835
v 0.0028205232229083776 -0.005658236797899008 -0.0054092505015432835
v 0.0013231361517682672 -0.0067747607827186584 -0.004005548544228077
v 0.0013231361517682672 -0.0067747607827186584 -0.004005548544228077
v 0.0013243041466921568 -0.007128841709345579 -0.003381178015843034
v 0.0013243041466921568 -0.007128841709345579 -0.003381178015843034
v 0.0028177700005471706 -0.003633693791925907 -0.006880973931401968
v 0.0028177700005471706 -0.003633693791925907 -0.006880973931401968
v 0.0028177700005471706 -0.003633693791925907 -0.006880973931401968
v 0.0028177700005471706 -0.003633693791925907 -0.006880973931401968
v 0.001319754053838551 -0.005219799000769854 -0.0058134482242167
v 0.001319754053838551 -0.005219799000769854 -0.0058134482242167
v 0.0013205154100432992 -0.005658236797899008 -0.005406444426625967
v 0.0013205154100432992 -0.005658236797899008 -0.005406444426625967
v 0.0028163217939436436 -0.001253452617675066 -0.007655109278857708
v 0.0028163217939436436 -0.001253452617675066 -0.007655109278857708
v 0.0028163217939436436 -0.001253452617675066 -0.007655109278857708
v 0.0028163217939436436 -0.001253452617675066 -0.007655109278857708
v 0.001317379530519247 -0.003201005281880498 -0.007082740310579538
v 0.001317379530519247 -0.003201005281880498 -0.007082740310579538
v 0.0013177621876820922 -0.003633693791925907 -0.0068781678564846516
v 0.0013177621876820922 -0.003633693791925907 -0.0068781678564846516
v 0.0028163206297904253 0.0012495075352489948 -0.007655737455934286
v 0.0028163206297904253 0.0012495075352489948 -0.007655737455934286
v 0.0028163206297904253 0.0012495075352489948 -0.007655737455934286
v 0.0028163206297904253 0.0012495075352489948 -0.007655737455934286
v 0.0013162237592041492 -0.0008977502002380788 -0.007700549438595772
v 0.0013162237592041492 -0.0008977502002380788 -0.007700549438595772
v 0.0013163139810785651 -0.001253452617675066 -0.0076523032039403915
v 0.0013163139810785651 -0.001253452617675066 -0.0076523032039403915
v 0.002817766508087516 0.003630171762779355 -0.006882925517857075
v 0.002817766508087516 0.003630171762779355 -0.006882925517857075
v 0.002817766508087516 0.003630171762779355 -0.006882925517857075
v 0.0013163893017917871 0.0014853226020932198 -0.00761205330491066
v 0.0013163893017917871 0.0014853226020932198 -0.00761205330491066
v 0.0013163128169253469 0.0012495075352489948 -0.00765293138101697
v 0.0013163128169253469 0.0012495075352489948 -0.00765293138101697
v 0.00282051763497293 0.005655441898852587 -0.005412323400378227
v 0.00282051763497293 0.005655441898852587 -0.005412323400378227
v 0.00282051763497293 0.005655441898852587 -0.005412323400378227
v 0.0013178616063669324 0.00373639352619648 -0.006825042422860861
v 0.0013178616063669324 0.00373639352619648 -0.006825042422860861
v 0.0013177585788071156 0.003630171762779355 -0.006880119442939758
v 0.0013177585788071156 0.003630171762779355 -0.006880119442939758
v 0.002824304858222604 0.007127167657017708 -0.003387784119695425
v 0.002824304858222604 0.007127167657017708 -0.003387784119695425
v 0.002824304858222604 0.007127167657017708 -0.003387784119695425
v 0.0013240983244031668 0.007072032894939184 -0.0034911762923002243
v 0.0013240983244031668 0.007072032894939184 -0.0034911762923002243
v 0.0013205097056925297 0.005655441898852587 -0.005409517325460911
v 0.0013205097056925297 0.005655441898852587 -0.005409517325460911
v 0.002828757744282484 0.00790125597268343 -0.0010075820609927177
v 0.002828757744282484 0.00790125597268343 -0.0010075820609927177
v 0.002828757744282484 0.00790125597268343 -0.0010075820609927177
v 0.002828757744282484 0.00790125597268343 -0.0010075820609927177
v 0.0013283087173476815 0.007860199548304081 -0.0012405563611537218
v 0.0013283087173476815 0.007860199548304081 -0.0012405563611537218
v 0.0013242970453575253 0.007127167657017708 -0.0033849780447781086
v 0.0013242970453575253 0.007127167657017708 -0.0033849780447781086
v 0.002833440201357007 0.0079019321128726 0.0014954088255763054
v 0.002833440201357007 0.0079019321128726 0.0014954088255763054
v 0.0013327666092664003 0.00795004889369011 0.0011424331460148096
v 0.0013327666092664003 0.00795004889369011 0.0011424331460148096
v 0.0013287498150020838 0.00790125597268343 -0.0010047759860754013
v 0.0013287498150020838 0.00790125597268343 -0.0010047759860754013
v 0.0028378935530781746 0.007129154168069363 0.0038760199677199125
v 0.0028378935530781746 0.007129154168069363 0.0038760199677199125
v 0.0013370760716497898 0.007333414629101753 0.0034460017923265696
v 0.0013370760716497898 0.007333414629101753 0.0034460017923265696
v 0.0013334322720766068 0.0079019321128726 0.0014982149004936218
v 0.0013334322720766068 0.0079019321128726 0.0014982149004936218
v 0.002841682406142354 0.0056585147976875305 0.005901335272938013
v 0.002841682406142354 0.0056585147976875305 0.005901335272938013
v 0.002841682406142354 0.0056585147976875305 0.005901335272938013
v 0.0013408539816737175 0.0060653043910861015 0.005465501919388771
v 0.0013408539816737175 0.0060653043910861015 0.005465501919388771
v 0.0013378857402130961 0.007129154168069363 0.003878826042637229
v 0.0013378857402130961 0.007129154168069363 0.003878826042637229
v 0.002844435628503561 0.003633971558883786 0.007373058702796698
v 0.002844435628503561 0.003633971558883786 0.007373058702796698
v 0.002844435628503561 0.003633971558883786 0.007373058702796698
v 0.002844435628503561 0.003633971558883786 0.007373058702796698
v 0.0013437648303806782 0.0042581986635923386 0.007021458353847265
v 0.0013437648303806782 0.0042581986635923386 0.007021458353847265
v 0.0013416745932772756 0.0056585147976875305 0.0059041413478553295
v 0.0013416745932772756 0.0056585147976875305 0.0059041413478553295
v 0.002845883835107088 0.001253765425644815 0.008147145621478558
v 0.002845883835107088 0.001253765425644815 0.008147145621478558
v 0.002845883835107088 0.001253765425644815 0.008147145621478558
v 0.002845883835107088 0.001253765425644815 0.008147145621478558
v 0.0013455498265102506 0.0020727331284433603 0.007975643500685692
v 0.0013455498265102506 0.0020727331284433603 0.007975643500685692
v 0.0013444278156384826 0.003633971558883786 0.007375864777714014
v 0.0013444278156384826 0.003633971558883786 0.007375864777714014
v 0.0028458849992603064 -0.001249181106686592 0.008147857151925564
v 0.0028458849992603064 -0.001249181106686592 0.008147857151925564
v 0.0028458849992603064 -0.001249181106686592 0.008147857151925564
v 0.0028458849992603064 -0.001249181106686592 0.008147857151925564
v 0.0013460505288094282 -0.0002968673361465335 0.008243286050856113
v 0.0013460505288094282 -0.0002968673361465335 0.008243286050856113
v 0.0013460505288094282 -0.0002968673361465335 0.008243286050856113
v 0.0013458759058266878 0.001253765425644815 0.008149951696395874
v 0.0013458759058266878 0.001253765425644815 0.008149951696395874
v 0.0028444393537938595 -0.0036298453342169523 0.007375045213848352
v 0.0028444393537938595 -0.0036298453342169523 0.007375045213848352
v 0.0028444393537938595 -0.0036298453342169523 0.007375045213848352
v 0.0013452222337946296 -0.0026400675997138023 0.007800562772899866
v 0.0013452222337946296 -0.0026400675997138023 0.007800562772899866
v 0.001345877186395228 -0.001249181106686592 0.00815066322684288
v 0.001345877186395228 -0.001249181106686592 0.00815066322684288
v 0.001341680297628045 -0.005655163899064064 0.005907214246690273
v 0.001341680297628045 -0.005655163899064064 0.005907214246690273
v 0.0013431388651952147 -0.004748677834868431 0.006686889100819826
v 0.0013431388651952147 -0.004748677834868431 0.006686889100819826
v 0.001344431540928781 -0.0036298453342169523 0.007377851288765669
v 0.001344431540928781 -0.0036298453342169523 0.007377851288765669
v 0.007307144813239574 -0.002346618566662073 -0.012548730708658695
v 0.007307144813239574 -0.002346618566662073 -0.012548730708658695
v 0.007306789513677359 0.0007815603166818619 -0.012738799676299095
v 0.007306789513677359 0.0007815603166818619 -0.012738799676299095
v 0.007307844702154398 0.00386435748077929 -0.012174720875918865
v 0.007307844702154398 0.00386435748077929 -0.012174720875918865
v 0.007310249377042055 0.006722582504153252 -0.010889288038015366
v 0.007310249377042055 0.006722582504153252 -0.010889288038015366
v 0.007313863839954138 0.009190032258629799 -0.008957188576459885
v 0.007313863839954138 0.009190032258629799 -0.008957188576459885
v 0.00731847807765007 0.01112342532724142 -0.006490760482847691
v 0.00731847807765007 0.01112342532724142 -0.006490760482847691
v 0.007323823403567076 0.012410416267812252 -0.003633225103840232
v 0.007323823403567076 0.012410416267812252 -0.003633225103840232
v 0.007329590152949095 0.012976202182471752 -0.000550796918105334
v 0.007329590152949095 0.012976202182471752 -0.000550796918105334
v 0.007335442118346691 0.012787793762981892 0.0025774792302399874
v 0.007335442118346691 0.012787793762981892 0.0025774792302399874
v 0.007335442118346691 0.012787793762981892 0.0025774792302399874
v 0.0073410398326814175 0.01185622252523899 0.005569777451455593
v 0.0073410398326814175 0.01185622252523899 0.005569777451455593
v 0.007346058264374733 0.010235668160021305 0.00825219601392746
v 0.007346058264374733 0.010235668160021305 0.00825219601392746
v 0.007350204978138208 0.008020220324397087 0.010468785651028156
v 0.007350204978138208 0.008020220324397087 0.010468785651028156
v 0.007353239227086306 0.005338713061064482 0.012090837582945824
v 0.007353239227086306 0.005338713061064482 0.012090837582945824
v 0.007354984991252422 0.002346896333619952 0.013023979030549526
v 0.007354984991252422 0.002346896333619952 0.013023979030549526
v 0.007355340290814638 -0.0007812826079316437 0.013214047998189926
v 0.007355340290814638 -0.0007812826079316437 0.013214047998189926
v 0.007354285102337599 -0.003864079713821411 0.012649968266487122
v 0.007354285102337599 -0.003864079713821411 0.012649968266487122
v 0.007351880427449942 -0.0067222206853330135 0.011364522390067577
v 0.007351880427449942 -0.0067222206853330135 0.011364522390067577
v 0.007348265964537859 -0.009189706295728683 0.009432471357285976
v 0.007348265964537859 -0.009189706295728683 0.009432471357285976
v 0.007343652192503214 -0.011123196221888065 0.006965972948819399
v 0.007343652192503214 -0.011123196221888065 0.006965972948819399
v 0.007338306400924921 -0.012410138733685017 0.004108473192900419
v 0.007338306400924921 -0.012410138733685017 0.004108473192900419
v 0.007332540117204189 -0.012975924648344517 0.0010260449489578605
v 0.007332540117204189 -0.012975924648344517 0.0010260449489578605
v 0.007326687686145306 -0.012787516228854656 -0.0021022313740104437
v 0.007326687686145306 -0.012787516228854656 -0.0021022313740104437
v 0.007321089971810579 -0.011855944991111755 -0.005094529595226049
v 0.007321089971810579 -0.011855944991111755 -0.005094529595226049
v 0.007316072005778551 -0.010235396213829517 -0.007776939310133457
v 0.007316072005778551 -0.010235396213829517 -0.007776939310133457
v 0.007311925292015076 -0.008019942790269852 -0.0099935382604599
v 0.007311925292015076 -0.008019942790269852 -0.0099935382604599
v 0.007308890577405691 -0.005338387098163366 -0.011615554802119732
v 0.007308890577405691 -0.005338387098163366 -0.011615554802119732
v 0.007832413539290428 0.009974784217774868 0.0009474141406826675
v 0.007832413539290428 0.009974784217774868 0.0009474141406826675
v 0.00783529318869114 0.012295973487198353 0.002486614743247628
v 0.00783529318869114 0.012295973487198353 0.002486614743247628
v 0.00783529318869114 0.012295973487198353 0.002486614743247628
v 0.007837616838514805 0.009370515123009682 0.003728792304173112
v 0.007837616838514805 0.009370515123009682 0.003728792304173112
v 0.007837616838514805 0.009370515123009682 0.003728792304173112
v 0.007837616838514805 0.009370515123009682 0.003728792304173112
v 0.007840675301849842 0.011400249786674976 0.005363781005144119
v 0.007840675301849842 0.011400249786674976 0.005363781005144119
v 0.007840675301849842 0.011400249786674976 0.005363781005144119
v 0.007842290215194225 0.008007120341062546 0.006227270700037479
v 0.007842290215194225 0.008007120341062546 0.006227270700037479
v 0.007842290215194225 0.008007120341062546 0.006227270700037479
v 0.007845500484108925 0.00984198972582817 0.007942995056509972
v 0.007845500484108925 0.00984198972582817 0.007942995056509972
v 0.00784605648368597 0.0059950463473796844 0.00824038777500391
v 0.00784605648368597 0.0059950463473796844 0.00824038777500391
v 0.00784605648368597 0.0059950463473796844 0.00824038777500391
v 0.007849487476050854 0.007711769547313452 0.010074332356452942
v 0.007849487476050854 0.007711769547313452 0.010074332356452942
v 0.007848610170185566 0.003497313940897584 0.009605199098587036
v 0.007848610170185566 0.003497313940897584 0.009605199098587036
v 0.007848610170185566 0.003497313940897584 0.009605199098587036
v 0.007848610170185566 0.003497313940897584 0.009605199098587036
v 0.007852405309677124 0.005133358761668205 0.011634022928774357
v 0.007852405309677124 0.005133358761668205 0.011634022928774357
v 0.007852405309677124 0.005133358761668205 0.011634022928774357
v 0.007852405309677124 0.005133358761668205 0.011634022928774357
v 0.007849742658436298 0.0007162127876654267 0.010210956446826458
v 0.007849742658436298 0.0007162127876654267 0.010210956446826458
v 0.007849742658436298 0.0007162127876654267 0.010210956446826458
v 0.007849742658436298 0.0007162127876654267 0.010210956446826458
v 0.007849742658436298 0.0007162127876654267 0.010210956446826458
v 0.007849742658436298 0.0007162127876654267 0.010210956446826458
v 0.007829754613339901 -0.009974506683647633 -0.0004740369040518999
v 0.007829754613339901 -0.009974506683647633 -0.0004740369040518999
v 0.007829754613339901 -0.009974506683647633 -0.0004740369040518999
v 0.00782687496393919 -0.012295646592974663 -0.002013202290982008
v 0.00782687496393919 -0.012295646592974663 -0.002013202290982008
v 0.007824551314115524 -0.009370286017656326 -0.003255450399592519
v 0.007824551314115524 -0.009370286017656326 -0.003255450399592519
v 0.007824551314115524 -0.009370286017656326 -0.003255450399592519
v 0.007821491919457912 -0.011399972252547741 -0.004890403710305691
v 0.007821491919457912 -0.011399972252547741 -0.004890403710305691
v 0.007821491919457912 -0.011399972252547741 -0.004890403710305691
v 0.00781987700611353 -0.00800684280693531 -0.005753893405199051
v 0.00781987700611353 -0.00800684280693531 -0.005753893405199051
v 0.00781987700611353 -0.00800684280693531 -0.005753893405199051
v 0.00781987700611353 -0.00800684280693531 -0.005753893405199051
v 0.00781987700611353 -0.00800684280693531 -0.005753893405199051
v 0.007816667668521404 -0.009841706603765488 -0.007469625677913427
v 0.007816667668521404 -0.009841706603765488 -0.007469625677913427
v 0.007816667668521404 -0.009841706603765488 -0.007469625677913427
v 0.007816667668521404 -0.009841706603765488 -0.007469625677913427
v 0.007816110737621784 -0.005994817707687616 -0.007767045870423317
v 0.007816110737621784 -0.005994817707687616 -0.007767045870423317
v 0.007816110737621784 -0.005994817707687616 -0.007767045870423317
v 0.007816110737621784 -0.005994817707687616 -0.007767045870423317
v 0.0078126797452569 -0.007711491547524929 -0.009600955061614513
v 0.0078126797452569 -0.007711491547524929 -0.009600955061614513
v 0.0078126797452569 -0.007711491547524929 -0.009600955061614513
v 0.007813557982444763 -0.0034970364067703485 -0.009131821803748608
v 0.007813557982444763 -0.0034970364067703485 -0.009131821803748608
v 0.007813557982444763 -0.0034970364067703485 -0.009131821803748608
v 0.007813557982444763 -0.0034970364067703485 -0.009131821803748608
v 0.007813557982444763 -0.0034970364067703485 -0.009131821803748608
v 0.007809762377291918 -0.005133116152137518 -0.011160597205162048
v 0.007809762377291918 -0.005133116152137518 -0.011160597205162048
v 0.007809762377291918 -0.005133116152137518 -0.011160597205162048
v 0.007809762377291918 -0.005133116152137518 -0.011160597205162048
v 0.007812424562871456 -0.0007159350789152086 -0.00973757915198803
v 0.007812424562871456 -0.0007159350789152086 -0.00973757915198803
v 0.007812424562871456 -0.0007159350789152086 -0.00973757915198803
v 0.007812424562871456 -0.0007159350789152086 -0.00973757915198803
v 0.007812424562871456 -0.0007159350789152086 -0.00973757915198803
v 0.007854083552956581 0.002256637904793024 0.012531292624771595
v 0.007854083552956581 0.002256637904793024 0.012531292624771595
v 0.007854083552956581 0.002256637904793024 0.012531292624771595
v 0.007854425348341465 -0.000751200073864311 0.012714019045233727
v 0.007854425348341465 -0.000751200073864311 0.012714019045233727
v 0.007854425348341465 -0.000751200073864311 0.012714019045233727
v 0.007849364541471004 -0.002122854348272085 0.010008684359490871
v 0.007849364541471004 -0.002122854348272085 0.010008684359490871
v 0.007849364541471004 -0.002122854348272085 0.010008684359490871
v 0.007849364541471004 -0.002122854348272085 0.010008684359490871
v 0.007853411138057709 -0.0037154434248805046 0.012171663343906403
v 0.007853411138057709 -0.0037154434248805046 0.012171663343906403
v 0.007853411138057709 -0.0037154434248805046 0.012171663343906403
v 0.007847504690289497 -0.004790025297552347 0.00901470985263586
v 0.007847504690289497 -0.004790025297552347 0.00901470985263586
v 0.007847504690289497 -0.004790025297552347 0.00901470985263586
v 0.007847504690289497 -0.004790025297552347 0.00901470985263586
v 0.007851098664104939 -0.006463709287345409 0.010935607366263866
v 0.007851098664104939 -0.006463709287345409 0.010935607366263866
v 0.007851098664104939 -0.006463709287345409 0.010935607366263866
v 0.007851098664104939 -0.006463709287345409 0.010935607366263866
v 0.007844315841794014 -0.007068999577313662 0.007309625390917063
v 0.007844315841794014 -0.007068999577313662 0.007309625390917063
v 0.007844315841794014 -0.007068999577313662 0.007309625390917063
v 0.007844315841794014 -0.007068999577313662 0.007309625390917063
v 0.007847622968256474 -0.008836278691887856 0.009077886119484901
v 0.007847622968256474 -0.008836278691887856 0.009077886119484901
v 0.007847622968256474 -0.008836278691887856 0.009077886119484901
v 0.007847622968256474 -0.008836278691887856 0.009077886119484901
v 0.007840054109692574 -0.008775315247476101 0.005031530279666185
v 0.007840054109692574 -0.008775315247476101 0.005031530279666185
v 0.007840054109692574 -0.008775315247476101 0.005031530279666185
v 0.007840054109692574 -0.008775315247476101 0.005031530279666185
v 0.00784318707883358 -0.010695335455238819 0.0067062960006296635
v 0.00784318707883358 -0.010695335455238819 0.0067062960006296635
v 0.00784318707883358 -0.010695335455238819 0.0067062960006296635
v 0.00784318707883358 -0.010695335455238819 0.0067062960006296635
v 0.007835065014660358 -0.009770715609192848 0.0023649525828659534
v 0.007835065014660358 -0.009770715609192848 0.0023649525828659534
v 0.007835065014660358 -0.009770715609192848 0.0023649525828659534
v 0.007838046178221703 -0.011932865716516972 0.003958660643547773
v 0.007838046178221703 -0.011932865716516972 0.003958660643547773
v 0.007838046178221703 -0.011932865716516972 0.003958660643547773
v 0.007838046178221703 -0.011932865716516972 0.003958660643547773
v 0.007832502014935017 -0.012476816773414612 0.0009947997750714421
v 0.007832502014935017 -0.012476816773414612 0.0009947997750714421
v 0.007832502014935017 -0.012476816773414612 0.0009947997750714421
v 0.007808083668351173 -0.0022563603706657887 -0.012057915329933167
v 0.007808083668351173 -0.0022563603706657887 -0.012057915329933167
v 0.007808083668351173 -0.0022563603706657887 -0.012057915329933167
v 0.0078077418729662895 0.0007514777826145291 -0.012240641750395298
v 0.0078077418729662895 0.0007514777826145291 -0.012240641750395298
v 0.0078077418729662895 0.0007514777826145291 -0.012240641750395298
v 0.0078077418729662895 0.0007514777826145291 -0.012240641750395298
v 0.00781280267983675 0.0021231805440038443 -0.009535272605717182
v 0.00781280267983675 0.0021231805440038443 -0.009535272605717182
v 0.00781280267983675 0.0021231805440038443 -0.009535272605717182
v 0.00781280267983675 0.0021231805440038443 -0.009535272605717182
v 0.007808756548911333 0.0037157698534429073 -0.011698251590132713
v 0.007808756548911333 0.0037157698534429073 -0.011698251590132713
v 0.007808756548911333 0.0037157698534429073 -0.011698251590132713
v 0.007808756548911333 0.0037157698534429073 -0.011698251590132713
v 0.007814662531018257 0.004790302831679583 -0.008541332557797432
v 0.007814662531018257 0.004790302831679583 -0.008541332557797432
v 0.007814662531018257 0.004790302831679583 -0.008541332557797432
v 0.007814662531018257 0.004790302831679583 -0.008541332557797432
v 0.007811069022864103 0.006463986821472645 -0.010462230071425438
v 0.007811069022864103 0.006463986821472645 -0.010462230071425438
v 0.007811069022864103 0.006463986821472645 -0.010462230071425438
v 0.007811069022864103 0.006463986821472645 -0.010462230071425438
v 0.007817852310836315 0.007069277111440897 -0.006836248096078634
v 0.007817852310836315 0.007069277111440897 -0.006836248096078634
v 0.007817852310836315 0.007069277111440897 -0.006836248096078634
v 0.007817852310836315 0.007069277111440897 -0.006836248096078634
v 0.007814544253051281 0.008836556226015091 -0.008604508824646473
v 0.007814544253051281 0.008836556226015091 -0.008604508824646473
v 0.007814544253051281 0.008836556226015091 -0.008604508824646473
v 0.007814544253051281 0.008836556226015091 -0.008604508824646473
v 0.007822114042937756 0.008775592781603336 -0.004558152984827757
v 0.007822114042937756 0.008775592781603336 -0.004558152984827757
v 0.007822114042937756 0.008775592781603336 -0.004558152984827757
v 0.007822114042937756 0.008775592781603336 -0.004558152984827757
v 0.007818981073796749 0.010695612989366055 -0.006232918705791235
v 0.007818981073796749 0.010695612989366055 -0.006232918705791235
v 0.007818981073796749 0.010695612989366055 -0.006232918705791235
v 0.007818981073796749 0.010695612989366055 -0.006232918705791235
v 0.007827102206647396 0.009770993143320084 -0.0018915754044428468
v 0.007827102206647396 0.009770993143320084 -0.0018915754044428468
v 0.007827102206647396 0.009770993143320084 -0.0018915754044428468
v 0.007824121043086052 0.011933094821870327 -0.0034853187389671803
v 0.007824121043086052 0.011933094821870327 -0.0034853187389671803
v 0.007824121043086052 0.011933094821870327 -0.0034853187389671803
v 0.007829665206372738 0.012477094307541847 -0.0005214225966483355
v 0.007829665206372738 0.012477094307541847 -0.0005214225966483355
v -0.0021539691369980574 -0.027565740048885345 0.008262794464826584
v -0.0021539691369980574 -0.027565740048885345 0.008262794464826584
v -0.0021539691369980574 -0.027565740048885345 0.008262794464826584
v -0.0021539691369980574 -0.027565740048885345 0.008262794464826584
v -0.0021539698354899883 -0.02609919384121895 0.008262400515377522
v -0.0021539698354899883 -0.02609919384121895 0.008262400515377522
v -0.0021539698354899883 -0.02609919384121895 0.008262400515377522
v -0.0021539698354899883 -0.02609919384121895 0.008262400515377522
v -0.0021539698354899883 -0.02609919384121895 0.008262400515377522
v -0.0021539698354899883 -0.02609919384121895 0.008262400515377522
v -0.0021539698354899883 -0.02609919384121895 0.008262400515377522
v -0.0021539698354899883 -0.02609919384121895 0.008262400515377522
v -0.0021539698354899883 -0.02609919384121895 0.008262400515377522
v -0.002146917162463069 -0.024628901854157448 0.012032353319227695
v -0.002146917162463069 -0.024628901854157448 0.012032353319227695
v -0.002146917162463069 -0.024628901854157448 0.012032353319227695
v -0.002153996843844652 0.027570370584726334 0.00824797060340643
v -0.002153996843844652 0.027570370584726334 0.00824797060340643
v -0.002153996843844652 0.027570370584726334 0.00824797060340643
v -0.002153996843844652 0.027570370584726334 0.00824797060340643
v -0.002153996843844652 0.027570370584726334 0.00824797060340643
v -0.0021537928842008114 0.02802469953894615 0.008357010781764984
v -0.0021537928842008114 0.02802469953894615 0.008357010781764984
v -0.0021537928842008114 0.02802469953894615 0.008357010781764984
v -0.0021537928842008114 0.02802469953894615 0.008357010781764984
v -0.0021532250102609396 0.028379838913679123 0.008660535328090191
v -0.0021532250102609396 0.028379838913679123 0.008660535328090191
v -0.0021532250102609396 0.028379838913679123 0.008660535328090191
v -0.0021532250102609396 0.028379838913679123 0.008660535328090191
v -0.0021532250102609396 0.028379838913679123 0.008660535328090191
v -0.0021529740188270807 0.02593023143708706 0.00879473052918911
v -0.0021529740188270807 0.02593023143708706 0.00879473052918911
v -0.0021529740188270807 0.02593023143708706 0.00879473052918911
v -0.0021529740188270807 0.02593023143708706 0.00879473052918911
v -0.0021539959125220776 0.026103787124156952 0.008248399943113327
v -0.0021539959125220776 0.026103787124156952 0.008248399943113327
v -0.0021539959125220776 0.026103787124156952 0.008248399943113327
v -0.0021539959125220776 0.026103787124156952 0.008248399943113327
v -0.0021539959125220776 0.026103787124156952 0.008248399943113327
v -0.0021539959125220776 0.026103787124156952 0.008248399943113327
v -0.0021539959125220776 0.026103787124156952 0.008248399943113327
v -0.0021539959125220776 0.026103787124156952 0.008248399943113327
v -0.0021539959125220776 0.026103787124156952 0.008248399943113327
v -0.0021539959125220776 0.026103787124156952 0.008248399943113327
v -0.0021539959125220776 0.026103787124156952 0.008248399943113327
v -0.0021539959125220776 0.026103787124156952 0.008248399943113327
v -0.0021515460684895515 0.028521358966827393 0.009558051824569702
v -0.0021515460684895515 0.028521358966827393 0.009558051824569702
v -0.0021515460684895515 0.028521358966827393 0.009558051824569702
v -0.0021515460684895515 0.028521358966827393 0.009558051824569702
v -0.0021524173207581043 0.028558433055877686 0.009092280641198158
v -0.0021524173207581043 0.028558433055877686 0.009092280641198158
v -0.0021524173207581043 0.028558433055877686 0.009092280641198158
v -0.0021524173207581043 0.028558433055877686 0.009092280641198158
v -0.0021515171974897385 -0.028516056016087532 0.009573377668857574
v -0.0021515171974897385 -0.028516056016087532 0.009573377668857574
v -0.0021515171974897385 -0.028516056016087532 0.009573377668857574
v -0.0021515171974897385 -0.028516056016087532 0.009573377668857574
v -0.0021523884497582912 -0.028553355485200882 0.009107651188969612
v -0.0021523884497582912 -0.028553355485200882 0.009107651188969612
v -0.0021523884497582912 -0.028553355485200882 0.009107651188969612
v -0.0021523884497582912 -0.028553355485200882 0.009107651188969612
v -0.00215319637209177 -0.02837507054209709 0.008675796911120415
v -0.00215319637209177 -0.02837507054209709 0.008675796911120415
v -0.00215319637209177 -0.02837507054209709 0.008675796911120415
v -0.00215319637209177 -0.02837507054209709 0.008675796911120415
v -0.0021450058557093143 0.024114079773426056 0.01305409800261259
v -0.0021450058557093143 0.024114079773426056 0.01305409800261259
v -0.0021450058557093143 0.024114079773426056 0.01305409800261259
v -0.0021450058557093143 0.024114079773426056 0.01305409800261259
v -0.0021450058557093143 0.024114079773426056 0.01305409800261259
v -0.0021434221416711807 0.026717301458120346 0.013900559395551682
v -0.0021434221416711807 0.026717301458120346 0.013900559395551682
v -0.0021434221416711807 0.026717301458120346 0.013900559395551682
v -0.0021434221416711807 0.026717301458120346 0.013900559395551682
v -0.002137726405635476 0.021604234352707863 0.01694524846971035
v -0.002137726405635476 0.021604234352707863 0.01694524846971035
v -0.002137726405635476 0.021604234352707863 0.01694524846971035
v -0.002137726405635476 0.021604234352707863 0.01694524846971035
v -0.002137726405635476 0.021604234352707863 0.01694524846971035
v -0.002135925693437457 0.024256881326436996 0.01790778338909149
v -0.002135925693437457 0.024256881326436996 0.01790778338909149
v -0.002135925693437457 0.024256881326436996 0.01790778338909149
v -0.002135925693437457 0.024256881326436996 0.01790778338909149
v -0.002131345449015498 0.018472880125045776 0.02035624161362648
v -0.002131345449015498 0.018472880125045776 0.02035624161362648
v -0.002131345449015498 0.018472880125045776 0.02035624161362648
v -0.002131345449015498 0.018472880125045776 0.02035624161362648
v -0.002131345449015498 0.018472880125045776 0.02035624161362648
v -0.002129240659996867 0.021200520917773247 0.021481342613697052
v -0.002129240659996867 0.021200520917773247 0.021481342613697052
v -0.002129240659996867 0.021200520917773247 0.021481342613697052
v -0.002129240659996867 0.021200520917773247 0.021481342613697052
v -0.0021260459907352924 0.014810089953243732 0.023188995197415352
v -0.0021260459907352924 0.014810089953243732 0.023188995197415352
v -0.0021260459907352924 0.014810089953243732 0.023188995197415352
v -0.0021260459907352924 0.014810089953243732 0.023188995197415352
v -0.0021260459907352924 0.014810089953243732 0.023188995197415352
v -0.0021235309541225433 0.017623279243707657 0.024533383548259735
v -0.0021235309541225433 0.017623279243707657 0.024533383548259735
v -0.0021235309541225433 0.017623279243707657 0.024533383548259735
v -0.0021235309541225433 0.017623279243707657 0.024533383548259735
v -0.002121980767697096 0.010721243917942047 0.025362065061926842
v -0.002121980767697096 0.010721243917942047 0.025362065061926842
v -0.002121980767697096 0.010721243917942047 0.025362065061926842
v -0.002121980767697096 0.010721243917942047 0.025362065061926842
v -0.0021189372055232525 0.013613061048090458 0.026988981291651726
v -0.0021189372055232525 0.013613061048090458 0.026988981291651726
v -0.0021192668937146664 0.006324009504169226 0.026812780648469925
v -0.0021192668937146664 0.006324009504169226 0.026812780648469925
v -0.0021192668937146664 0.006324009504169226 0.026812780648469925
v -0.0021192668937146664 0.006324009504169226 0.026812780648469925
v -0.002115572104230523 0.009268330410122871 0.02878774330019951
v -0.002115572104230523 0.009268330410122871 0.02878774330019951
v -0.002113518537953496 0.004695955663919449 0.02988552674651146
v -0.002113518537953496 0.004695955663919449 0.02988552674651146
v -0.002113518537953496 0.004695955663919449 0.02988552674651146
v -0.0021179821342229843 0.0017447855789214373 0.02749953232705593
v -0.0021179821342229843 0.0017447855789214373 0.02749953232705593
v -0.0021179821342229843 0.0017447855789214373 0.02749953232705593
v -0.0021179821342229843 0.0017447855789214373 0.02749953232705593
v -0.0021179821342229843 0.0017447855789214373 0.02749953232705593
v -0.0021128267981112003 8.218025868700352e-06 0.030255280435085297
v -0.0021128267981112003 8.218025868700352e-06 0.030255280435085297
v -0.0021128267981112003 8.218025868700352e-06 0.030255280435085297
v -0.0021128267981112003 8.218025868700352e-06 0.030255280435085297
v -0.0021181637421250343 -0.002884581219404936 0.027402488514780998
v -0.0021181637421250343 -0.002884581219404936 0.027402488514780998
v -0.0021181637421250343 -0.002884581219404936 0.027402488514780998
v -0.0021181637421250343 -0.002884581219404936 0.027402488514780998
v -0.0021181637421250343 -0.002884581219404936 0.027402488514780998
v -0.002113513881340623 -0.004679745528846979 0.02988806925714016
v -0.002113513881340623 -0.004679745528846979 0.02988806925714016
v -0.002113513881340623 -0.004679745528846979 0.02988806925714016
v -0.002113513881340623 -0.004679745528846979 0.02988806925714016
v -0.0021198063623160124 -0.007431001868098974 0.026524439454078674
v -0.0021198063623160124 -0.007431001868098974 0.026524439454078674
v -0.0021198063623160124 -0.007431001868098974 0.026524439454078674
v -0.0021198063623160124 -0.007431001868098974 0.026524439454078674
v -0.0021198063623160124 -0.007431001868098974 0.026524439454078674
v -0.002115562791004777 -0.009252767078578472 0.028792735189199448
v -0.002115562791004777 -0.009252767078578472 0.028792735189199448
v -0.002115562791004777 -0.009252767078578472 0.028792735189199448
v -0.002115562791004777 -0.009252767078578472 0.028792735189199448
v -0.002122862497344613 -0.011763633228838444 0.024890730157494545
v -0.002122862497344613 -0.011763633228838444 0.024890730157494545
v -0.002122862497344613 -0.011763633228838444 0.024890730157494545
v -0.002122862497344613 -0.011763633228838444 0.024890730157494545
v -0.002118923468515277 -0.013598402962088585 0.026996279135346413
v -0.002118923468515277 -0.013598402962088585 0.026996279135346413
v -0.002118923468515277 -0.013598402962088585 0.026996279135346413
v -0.002118923468515277 -0.013598402962088585 0.026996279135346413
v -0.0021272446028888226 -0.01575780101120472 0.022548295557498932
v -0.0021272446028888226 -0.01575780101120472 0.022548295557498932
v -0.0021272446028888226 -0.01575780101120472 0.022548295557498932
v -0.0021272446028888226 -0.01575780101120472 0.022548295557498932
v -0.0021235132589936256 -0.01760992780327797 0.024542903527617455
v -0.0021235132589936256 -0.01760992780327797 0.024542903527617455
v -0.0021235132589936256 -0.01760992780327797 0.024542903527617455
v -0.0021235132589936256 -0.01760992780327797 0.024542903527617455
v -0.0021328264847397804 -0.019298681989312172 0.019564561545848846
v -0.0021328264847397804 -0.019298681989312172 0.019564561545848846
v -0.0021328264847397804 -0.019298681989312172 0.019564561545848846
v -0.0021328264847397804 -0.019298681989312172 0.019564561545848846
v -0.0021328264847397804 -0.019298681989312172 0.019564561545848846
v -0.002129219239577651 -0.02118874527513981 0.02149275876581669
v -0.002129219239577651 -0.02118874527513981 0.02149275876581669
v -0.002129219239577651 -0.02118874527513981 0.02149275876581669
v -0.002129219239577651 -0.02118874527513981 0.02149275876581669
v -0.0021394474897533655 -0.022284341976046562 0.016025302931666374
v -0.0021394474897533655 -0.022284341976046562 0.016025302931666374
v -0.0021394474897533655 -0.022284341976046562 0.016025302931666374
v -0.0021394474897533655 -0.022284341976046562 0.016025302931666374
v -0.0021359012462198734 -0.024247052147984505 0.01792084611952305
v -0.0021359012462198734 -0.024247052147984505 0.01792084611952305
v -0.0021359012462198734 -0.024247052147984505 0.01792084611952305
v -0.0021359012462198734 -0.024247052147984505 0.01792084611952305
v -0.0021433953661471605 -0.026709700003266335 0.013914903625845909
v -0.0021433953661471605 -0.026709700003266335 0.013914903625845909
v -0.0021433953661471605 -0.026709700003266335 0.013914903625845909
v -0.0021433953661471605 -0.026709700003266335 0.013914903625845909
v -0.0021537647116929293 -0.028020070865750313 0.00837207306176424
v -0.0021537647116929293 -0.028020070865750313 0.00837207306176424
v -0.0021537647116929293 -0.028020070865750313 0.00837207306176424
v -0.0021537647116929293 -0.028020070865750313 0.00837207306176424
v 0.00034600097569637 0.026103787124156952 0.008243722841143608
v 0.00034600097569637 0.026103787124156952 0.008243722841143608
v 0.00034600097569637 0.026103787124156952 0.008243722841143608
v 0.00034600097569637 0.026103787124156952 0.008243722841143608
v 0.00031609530560672283 -0.026103507727384567 -0.007742284797132015
v 0.00031609530560672283 -0.026103507727384567 -0.007742284797132015
v 0.00031609530560672283 -0.026103507727384567 -0.007742284797132015
v 0.004596501588821411 -0.0201107244938612 -0.01821913942694664
v 0.004596501588821411 -0.0201107244938612 -0.01821913942694664
v 0.0019128457643091679 -0.020129665732383728 -0.01819353923201561
v 0.0019128457643091679 -0.020129665732383728 -0.01819353923201561
v 0.0023075565695762634 -0.019836921244859695 -0.018508773297071457
v 0.0023075565695762634 -0.019836921244859695 -0.018508773297071457
v 0.0024660241324454546 -0.019584905356168747 -0.018772106617689133
v 0.0024660241324454546 -0.019584905356168747 -0.018772106617689133
v 0.0025199807714670897 -0.019309096038341522 -0.019052181392908096
v 0.0025199807714670897 -0.019309096038341522 -0.019052181392908096
v 0.004593435674905777 -0.01847260259091854 -0.019858170300722122
v 0.004593435674905777 -0.01847260259091854 -0.019858170300722122
v 0.004593435674905777 -0.01847260259091854 -0.019858170300722122
v 0.0024649840779602528 -0.019029226154088974 -0.019328102469444275
v 0.0024649840779602528 -0.019029226154088974 -0.019328102469444275
v 0.004590640310198069 -0.016701383516192436 -0.021352387964725494
v 0.004590640310198069 -0.016701383516192436 -0.021352387964725494
v 0.004590640310198069 -0.016701383516192436 -0.021352387964725494
v 0.0023055525962263346 -0.018766319379210472 -0.019579976797103882
v 0.0023055525962263346 -0.018766319379210472 -0.019579976797103882
v 0.0017404698301106691 -0.01837253011763096 -0.019944338127970695
v 0.0017404698301106691 -0.01837253011763096 -0.019944338127970695
v 0.0017404698301106691 -0.01837253011763096 -0.019944338127970695
v 0.0009930913802236319 -0.018231013789772987 -0.020070847123861313
v 0.0009930913802236319 -0.018231013789772987 -0.020070847123861313
v 0.00024612259585410357 -0.01837253011763096 -0.0199415422976017
v 0.00024612259585410357 -0.01837253011763096 -0.0199415422976017
v -7.002444908721372e-05 -0.018542418256402016 -0.019785070791840553
v -7.002444908721372e-05 -0.018542418256402016 -0.019785070791840553
v -7.002444908721372e-05 -0.018542418256402016 -0.019785070791840553
v -0.00031758175464347005 -0.018766319379210472 -0.019575070589780807
v -0.00031758175464347005 -0.018766319379210472 -0.019575070589780807
v -0.0004759605217259377 -0.01902882009744644 -0.019322961568832397
v -0.0004759605217259377 -0.01902882009744644 -0.019322961568832397
v -0.0005300449556671083 -0.019309096038341522 -0.019046474248170853
v -0.0005300449556671083 -0.019309096038341522 -0.019046474248170853
v -0.00047498071216978133 -0.01958516612648964 -0.01876634918153286
v -0.00047498071216978133 -0.01958516612648964 -0.01876634918153286
v -0.00047498071216978133 -0.01958516612648964 -0.01876634918153286
v -0.00031557781039737165 -0.019836921244859695 -0.018503867089748383
v -0.00031557781039737165 -0.019836921244859695 -0.018503867089748383
v 8.029852324398234e-05 -0.020129665732383728 -0.018190110102295876
v 8.029852324398234e-05 -0.020129665732383728 -0.018190110102295876
v 0.0002495471271686256 -0.02020219899713993 -0.018110955134034157
v 0.0002495471271686256 -0.02020219899713993 -0.018110955134034157
v 0.0009970201645046473 -0.020329996943473816 -0.017970742657780647
v 0.0009970201645046473 -0.020329996943473816 -0.017970742657780647
v 0.001743894419632852 -0.02020219899713993 -0.018113750964403152
v 0.001743894419632852 -0.02020219899713993 -0.018113750964403152
v 0.004599816631525755 -0.021603956818580627 -0.016447177156805992
v 0.004599816631525755 -0.021603956818580627 -0.016447177156805992
v 0.004603356588631868 -0.022941477596759796 -0.014554929919540882
v 0.004603356588631868 -0.022941477596759796 -0.014554929919540882
v 0.004603356588631868 -0.022941477596759796 -0.014554929919540882
v -0.0002433996560284868 0.018766598775982857 0.02007879689335823
v -0.0002433996560284868 0.018766598775982857 0.02007879689335823
v -0.0002433996560284868 0.018766598775982857 0.02007879689335823
v -0.00040272067417390645 0.01902920939028263 0.019827228039503098
v -0.00040272067417390645 0.01902920939028263 0.019827228039503098
v -0.0004578390798997134 0.019309373572468758 0.019550999626517296
v -0.0004578390798997134 0.019309373572468758 0.019550999626517296
v -0.0004037621256429702 0.01958554983139038 0.019270524382591248
v -0.0004037621256429702 0.01958554983139038 0.019270524382591248
v -0.00024540352751500905 0.01983724720776081 0.019007626920938492
v -0.00024540352751500905 0.01983724720776081 0.019007626920938492
v 2.1266125713736983e-06 0.020046696066856384 0.01878310926258564
v 2.1266125713736983e-06 0.020046696066856384 0.01878310926258564
v 0.0003182473301421851 0.020202476531267166 0.018612569198012352
v 0.0003182473301421851 0.020202476531267166 0.018612569198012352
v 0.00106519041582942 0.02033022604882717 0.01846952736377716
v 0.00106519041582942 0.02033022604882717 0.01846952736377716
v 0.00106519041582942 0.02033022604882717 0.01846952736377716
v 0.0018125945935025811 0.020202476531267166 0.018609773367643356
v 0.0018125945935025811 0.020202476531267166 0.018609773367643356
v 0.0046622613444924355 0.021604234352707863 0.016932526603341103
v 0.0046622613444924355 0.021604234352707863 0.016932526603341103
v 0.002377730794250965 0.01983724720776081 0.019002720713615417
v 0.002377730794250965 0.01983724720776081 0.019002720713615417
v 0.004665576387196779 0.020111050456762314 0.018704524263739586
v 0.004665576387196779 0.020111050456762314 0.018704524263739586
v 0.002537122694775462 0.01958528906106949 0.019265279173851013
v 0.002537122694775462 0.01958528906106949 0.019265279173851013
v 0.004668642301112413 0.018472880125045776 0.020343519747257233
v 0.004668642301112413 0.018472880125045776 0.020343519747257233
v 0.004668642301112413 0.018472880125045776 0.020343519747257233
v 0.002592186676338315 0.019309373572468758 0.0195452943444252
v 0.002592186676338315 0.019309373572468758 0.0195452943444252
v 0.0025381038431078196 0.019029196351766586 0.019821643829345703
v 0.0025381038431078196 0.019029196351766586 0.019821643829345703
v 0.001816019183024764 0.018372807651758194 0.02044036239385605
v 0.001816019183024764 0.018372807651758194 0.02044036239385605
v 0.001816019183024764 0.018372807651758194 0.02044036239385605
v 0.0010691192001104355 0.018231242895126343 0.020569631829857826
v 0.0010691192001104355 0.018231242895126343 0.020569631829857826
v 0.0003216718905605376 0.018372807651758194 0.020443158224225044
v 0.0003216718905605376 0.018372807651758194 0.020443158224225044
v 0.00015243618690874428 0.01845226064324379 0.020370908081531525
v 0.00015243618690874428 0.01845226064324379 0.020370908081531525
v 0.00032169048790819943 -0.018361655995249748 0.020453110337257385
v 0.00032169048790819943 -0.018361655995249748 0.020453110337257385
v 0.001069137710146606 -0.018220044672489166 0.020579509437084198
v 0.001069137710146606 -0.018220044672489166 0.020579509437084198
v 0.001069137710146606 -0.018220044672489166 0.020579509437084198
v 4.960340902471216e-06 -0.018531568348407745 0.02029787190258503
v 4.960340902471216e-06 -0.018531568348407745 0.02029787190258503
v -0.0004578195803333074 -0.019298681989312172 0.01956142857670784
v -0.0004578195803333074 -0.019298681989312172 0.01956142857670784
v -0.0004578195803333074 -0.019298681989312172 0.01956142857670784
v -0.0004027013201266527 -0.019018208608031273 0.019837571308016777
v -0.0004027013201266527 -0.019018208608031273 0.019837571308016777
v -0.0002433807821944356 -0.018755624070763588 0.020088888704776764
v -0.0002433807821944356 -0.018755624070763588 0.020088888704776764
v 0.0025381825398653746 -0.019018514081835747 0.01983177475631237
v 0.0025381825398653746 -0.019018514081835747 0.01983177475631237
v 0.004667161498218775 -0.019298681989312172 0.019551841542124748
v 0.004667161498218775 -0.019298681989312172 0.019551841542124748
v 0.00237975362688303 -0.018755624070763588 0.02008398063480854
v 0.00237975362688303 -0.018755624070763588 0.02008398063480854
v 0.004670092836022377 -0.017591597512364388 0.021118951961398125
v 0.004670092836022377 -0.017591597512364388 0.021118951961398125
v 0.0018160378094762564 -0.018361655995249748 0.02045031450688839
v 0.0018160378094762564 -0.018361655995249748 0.02045031450688839
v 0.004672742914408445 -0.01575780101120472 0.022535573691129684
v 0.004672742914408445 -0.01575780101120472 0.022535573691129684
v 0.002592206234112382 -0.019298681989312172 0.019555723294615746
v 0.002592206234112382 -0.019298681989312172 0.019555723294615746
v 0.0025370826479047537 -0.019574914127588272 0.019275732338428497
v 0.0025370826479047537 -0.019574914127588272 0.019275732338428497
v 0.00466396939009428 -0.020866671577095985 0.01784561201930046
v 0.00466396939009428 -0.020866671577095985 0.01784561201930046
v 0.0023777508176863194 -0.019826829433441162 0.019013382494449615
v 0.0023777508176863194 -0.019826829433441162 0.019013382494449615
v 0.0023777508176863194 -0.019826829433441162 0.019013382494449615
v 0.004660540260374546 -0.022284341976046562 0.016012581065297127
v 0.004660540260374546 -0.022284341976046562 0.016012581065297127
v 0.004660540260374546 -0.022284341976046562 0.016012581065297127
v 0.0018126149661839008 -0.02019224688410759 0.018620649352669716
v 0.0018126149661839008 -0.02019224688410759 0.018620649352669716
v 0.0010652110213413835 -0.02032015472650528 0.018480531871318817
v 0.0010652110213413835 -0.02032015472650528 0.018480531871318817
v 0.00031826767371967435 -0.02019224688410759 0.01862344518303871
v 0.00031826767371967435 -0.02019224688410759 0.01862344518303871
v -0.0002453835913911462 -0.019826829433441162 0.01901828870177269
v -0.0002453835913911462 -0.019826829433441162 0.01901828870177269
v -0.00040374224772676826 -0.019574929028749466 0.01928115077316761
v -0.00040374224772676826 -0.019574929028749466 0.01928115077316761
v 0.0003213371383026242 0.026802020147442818 -0.004940278362482786
v 0.004617110826075077 0.026265231892466545 -0.00720260851085186
v 0.004617110826075077 0.026265231892466545 -0.00720260851085186
v 0.00031606911215931177 0.026099471375346184 -0.007756284903734922
v 0.00031606911215931177 0.026099471375346184 -0.007756284903734922
v 0.004612993914633989 0.0255392137914896 -0.009403183124959469
v 0.004612993914633989 0.0255392137914896 -0.009403183124959469
v 0.004612993914633989 0.0255392137914896 -0.009403183124959469
v 0.004653070587664843 -0.024628901854157448 0.012019632384181023
v 0.004653070587664843 -0.024628901854157448 0.012019632384181023
v 0.00034602716914378107 -0.02609919384121895 0.008257723413407803
v 0.00034602716914378107 -0.02609919384121895 0.008257723413407803
v 0.004649083595722914 -0.025538936257362366 0.009888533502817154
v 0.004649083595722914 -0.025538936257362366 0.009888533502817154
v 0.004649083595722914 -0.025538936257362366 0.009888533502817154
v 0.0003449762880336493 -0.02626500092446804 0.007695967797189951
v 0.004644967149943113 -0.02626500092446804 0.007687923964112997
v 0.004644967149943113 -0.02626500092446804 0.007687923964112997
v 0.004647013731300831 0.02593023143708706 0.008782009594142437
v 0.004647013731300831 0.02593023143708706 0.008782009594142437
v 0.004647013731300831 0.02593023143708706 0.008782009594142437
v 0.004642842337489128 0.026560943573713303 0.006552204489707947
v 0.004642842337489128 0.026560943573713303 0.006552204489707947
v 0.000342562299920246 0.02659720927476883 0.006405582185834646
v 0.0003385953314136714 0.02700037509202957 0.004285040777176619
v 0.004638586193323135 0.02700037509202957 0.004276996944099665
v 0.004638586193323135 0.02700037509202957 0.004276996944099665
v 0.00033428450115025043 0.02724526822566986 0.001980709843337536
v 0.00463427510112524 0.02724526822566986 0.0019726655445992947
v 0.00463427510112524 0.02724526822566986 0.0019726655445992947
v 0.0003299503878224641 0.027293814346194267 -0.00033609059755690396
v 0.004629941191524267 0.027293814346194267 -0.0003441347798798233
v 0.004629941191524267 0.027293814346194267 -0.0003441347798798233
v 0.0003256242780480534 0.027145694941282272 -0.002648594556376338
v 0.004625615198165178 0.027145694941282272 -0.002656638855114579
v 0.004625615198165178 0.027145694941282272 -0.002656638855114579
v 0.004621327854692936 0.026802020147442818 -0.004948322661221027
v 0.004621327854692936 0.026802020147442818 -0.004948322661221027
v 0.0046750931069254875 -0.013810498639941216 0.02379162609577179
v 0.0046750931069254875 -0.013810498639941216 0.02379162609577179
v 0.0046750931069254875 -0.013810498639941216 0.02379162609577179
v 0.0046771252527832985 -0.011763633228838444 0.024878010153770447
v 0.0046771252527832985 -0.011763633228838444 0.024878010153770447
v 0.004678825382143259 -0.009631992317736149 0.02578693814575672
v 0.004678825382143259 -0.009631992317736149 0.02578693814575672
v 0.004678825382143259 -0.009631992317736149 0.02578693814575672
v 0.004680181387811899 -0.007431001868098974 0.026511717587709427
v 0.004680181387811899 -0.007431001868098974 0.026511717587709427
v 0.0046811834909021854 -0.005176472943276167 0.027047332376241684
v 0.0046811834909021854 -0.005176472943276167 0.027047332376241684
v 0.0046811834909021854 -0.005176472943276167 0.027047332376241684
v 0.004681824240833521 -0.002884581219404936 0.0273897685110569
v 0.004681824240833521 -0.002884581219404936 0.0273897685110569
v 0.0046820989809930325 -0.0005719629116356373 0.02753659524023533
v 0.0046820989809930325 -0.0005719629116356373 0.02753659524023533
v 0.0046820989809930325 -0.0005719629116356373 0.02753659524023533
v 0.004682005848735571 0.0017447855789214373 0.027486812323331833
v 0.004682005848735571 0.0017447855789214373 0.027486812323331833
v 0.0046815453097224236 0.004049002192914486 0.027240678668022156
v 0.0046815453097224236 0.004049002192914486 0.027240678668022156
v 0.0046815453097224236 0.004049002192914486 0.027240678668022156
v 0.004680721089243889 0.006324009504169226 0.026800058782100677
v 0.004680721089243889 0.006324009504169226 0.026800058782100677
v 0.0046795387752354145 0.008553430438041687 0.026168080046772957
v 0.0046795387752354145 0.008553430438041687 0.026168080046772957
v 0.0046795387752354145 0.008553430438041687 0.026168080046772957
v 0.002379734767600894 0.018766598775982857 0.020073888823390007
v 0.002379734767600894 0.018766598775982857 0.020073888823390007
v 0.0019849834498018026 0.01845226064324379 0.02036747895181179
v 0.0019849834498018026 0.01845226064324379 0.02036747895181179
v 0.004671437665820122 0.01670166105031967 0.021837737411260605
v 0.004671437665820122 0.01670166105031967 0.021837737411260605
v 0.0046739415265619755 0.014810089953243732 0.023176273331046104
v 0.0046739415265619755 0.014810089953243732 0.023176273331046104
v 0.004676136653870344 0.012811829335987568 0.02434965781867504
v 0.004676136653870344 0.012811829335987568 0.02434965781867504
v 0.004676136653870344 0.012811829335987568 0.02434965781867504
v 0.004678006749600172 0.010721243917942047 0.025349345058202744
v 0.004678006749600172 0.010721243917942047 0.025349345058202744
v 0.004658721387386322 0.02294175513088703 0.015040280297398567
v 0.004658721387386322 0.02294175513088703 0.015040280297398567
v 0.0046510701067745686 0.02511260099709034 0.010950260795652866
v 0.0046510701067745686 0.02511260099709034 0.010950260795652866
v 0.0046510701067745686 0.02511260099709034 0.010950260795652866
v 0.004654982127249241 0.024114079773426056 0.013041377067565918
v 0.004654982127249241 0.024114079773426056 0.013041377067565918
v 0.004654982127249241 0.024114079773426056 0.013041377067565918
v 0.004609007388353348 0.024629179388284683 -0.011534282937645912
v 0.004609007388353348 0.024629179388284683 -0.011534282937645912
v 0.00459810858592391 0.02086694911122322 -0.0173602607101202
v 0.00459810858592391 0.02086694911122322 -0.0173602607101202
v 0.00459810858592391 0.02086694911122322 -0.0173602607101202
v 0.004601537715643644 0.022284621372818947 -0.015527231618762016
v 0.004601537715643644 0.022284621372818947 -0.015527231618762016
v 0.004605179186910391 0.02354167401790619 -0.013580583967268467
v 0.004605179186910391 0.02354167401790619 -0.013580583967268467
v 0.0009930729866027832 0.0182203222066164 -0.020080691203475
v 0.0009930729866027832 0.0182203222066164 -0.020080691203475
v 0.0017404512036591768 0.018361885100603104 -0.019954325631260872
v 0.0017404512036591768 0.018361885100603104 -0.019954325631260872
v 0.004591984674334526 0.017591875046491623 -0.020633600652217865
v 0.004591984674334526 0.017591875046491623 -0.020633600652217865
v 0.004591984674334526 0.017591875046491623 -0.020633600652217865
v 0.0023055337369441986 0.018755901604890823 -0.019590068608522415
v 0.0023055337369441986 0.018755901604890823 -0.019590068608522415
v 0.004594916477799416 0.019298911094665527 -0.019066525623202324
v 0.004594916477799416 0.019298911094665527 -0.019066525623202324
v 0.002464964985847473 0.01901893876492977 -0.019338352605700493
v 0.002464964985847473 0.01901893876492977 -0.019338352605700493
v 0.002307536546140909 0.019827058538794518 -0.018519505858421326
v 0.002307536546140909 0.019827058538794518 -0.018519505858421326
v 0.002307536546140909 0.019827058538794518 -0.018519505858421326
v 0.002466004341840744 0.019574886187911034 -0.018782708793878555
v 0.002466004341840744 0.019574886187911034 -0.018782708793878555
v 0.002466004341840744 0.019574886187911034 -0.018782708793878555
v 0.0025199612136930227 0.019298911094665527 -0.019062643870711327
v 0.0025199612136930227 0.019298911094665527 -0.019062643870711327
v -0.00047604096471332014 0.019018681719899178 -0.019333111122250557
v -0.00047604096471332014 0.019018681719899178 -0.019333111122250557
v -0.00031760064302943647 0.018755901604890823 -0.01958516240119934
v -0.00031760064302943647 0.018755901604890823 -0.01958516240119934
v -0.00031760064302943647 0.018755901604890823 -0.01958516240119934
v 0.00024610391119495034 0.018361885100603104 -0.019951529800891876
v 0.00024610391119495034 0.018361885100603104 -0.019951529800891876
v 0.0017438740469515324 0.020192524418234825 -0.018124625086784363
v 0.0017438740469515324 0.020192524418234825 -0.018124625086784363
v 0.0009969996754080057 0.020320432260632515 -0.01798171177506447
v 0.0009969996754080057 0.020320432260632515 -0.01798171177506447
v 0.00024952678359113634 0.020192524418234825 -0.018121829256415367
v 0.00024952678359113634 0.020192524418234825 -0.018121829256415367
v -6.722965918015689e-05 0.020036645233631134 -0.01829112507402897
v -6.722965918015689e-05 0.020036645233631134 -0.01829112507402897
v -0.0003155978920403868 0.019827058538794518 -0.018514597788453102
v -0.0003155978920403868 0.019827058538794518 -0.018514597788453102
v -0.00047493871534243226 0.019575295969843864 -0.01877676509320736
v -0.00047493871534243226 0.019575295969843864 -0.01877676509320736
v -0.0005300645134411752 0.019298911094665527 -0.019056938588619232
v -0.0005300645134411752 0.019298911094665527 -0.019056938588619232
v 0.004589334595948458 0.015758054330945015 -0.022050241008400917
v 0.004589334595948458 0.015758054330945015 -0.022050241008400917
v 0.004586984869092703 0.013810776174068451 -0.02330627478659153
v 0.004586984869092703 0.013810776174068451 -0.02330627478659153
v 0.004584952723234892 0.011763911694288254 -0.024392658844590187
v 0.004584952723234892 0.011763911694288254 -0.024392658844590187
v 0.004584952723234892 0.011763911694288254 -0.024392658844590187
v 0.004583252128213644 0.009632318280637264 -0.025301553308963776
v 0.004583252128213644 0.009632318280637264 -0.025301553308963776
v 0.004581896122545004 0.007431279867887497 -0.026026368141174316
v 0.004581896122545004 0.007431279867887497 -0.026026368141174316
v 0.004581896122545004 0.007431279867887497 -0.026026368141174316
v 0.004580894485116005 0.00517671462148428 -0.026561932638287544
v 0.004580894485116005 0.00517671462148428 -0.026561932638287544
v 0.0045802537351846695 0.0028849071823060513 -0.026904383674263954
v 0.0045802537351846695 0.0028849071823060513 -0.026904383674263954
v 0.0045802537351846695 0.0028849071823060513 -0.026904383674263954
v 0.004579978995025158 0.0005722406203858554 -0.02705124393105507
v 0.004579978995025158 0.0005722406203858554 -0.02705124393105507
v 0.0045800721272826195 -0.001744459499605 -0.027001427486538887
v 0.0045800721272826195 -0.001744459499605 -0.027001427486538887
v 0.0045800721272826195 -0.001744459499605 -0.027001427486538887
v 0.004580532666295767 -0.004048674833029509 -0.02675529383122921
v 0.004580532666295767 -0.004048674833029509 -0.02675529383122921
v 0.0045813568867743015 -0.00632373197004199 -0.026314709335565567
v 0.0045813568867743015 -0.00632373197004199 -0.026314709335565567
v 0.0045813568867743015 -0.00632373197004199 -0.026314709335565567
v 0.004582539200782776 -0.008553152903914452 -0.025682730600237846
v 0.004582539200782776 -0.008553152903914452 -0.025682730600237846
v 0.004584070760756731 -0.010720966383814812 -0.024863993749022484
v 0.004584070760756731 -0.010720966383814812 -0.024863993749022484
v 0.004588135983794928 -0.014809812419116497 -0.022690923884510994
v 0.004588135983794928 -0.014809812419116497 -0.022690923884510994
v 0.004588135983794928 -0.014809812419116497 -0.022690923884510994
v 0.004585940856486559 -0.012811551801860332 -0.02386430837213993
v 0.004585940856486559 -0.012811551801860332 -0.02386430837213993
v 0.0046407501213252544 -0.026801742613315582 0.0054336730390787125
v 0.0046407501213252544 -0.026801742613315582 0.0054336730390787125
v 0.00034075917210429907 -0.026801742613315582 0.005441716872155666
v 0.004636462777853012 -0.027145415544509888 0.0031419890001416206
v 0.004636462777853012 -0.027145415544509888 0.0031419890001416206
v 0.004636462777853012 -0.027145415544509888 0.0031419890001416206
v 0.00033647200325503945 -0.027145415544509888 0.003150033066049218
v 0.004632136784493923 -0.027293503284454346 0.0008294365252368152
v 0.004632136784493923 -0.027293503284454346 0.0008294365252368152
v 0.0003321458352729678 -0.027293503284454346 0.0008374807075597346
v 0.004627802409231663 -0.027244988828897476 -0.001487315515987575
v 0.004627802409231663 -0.027244988828897476 -0.001487315515987575
v 0.004627802409231663 -0.027244988828897476 -0.001487315515987575
v 0.0003278117801528424 -0.027244988828897476 -0.0014792713336646557
v 0.004623491782695055 -0.027000049129128456 -0.003791611874476075
v 0.004623491782695055 -0.027000049129128456 -0.003791611874476075
v 0.00032350103720091283 -0.027000049129128456 -0.003783567575737834
v 0.004619235638529062 -0.026560666039586067 -0.006066854577511549
v 0.004619235638529062 -0.026560666039586067 -0.006066854577511549
v 0.004619235638529062 -0.026560666039586067 -0.006066854577511549
v 0.00031924466020427644 -0.026560666039586067 -0.006058810278773308
v 0.0046150642447173595 -0.025929905474185944 -0.008296624757349491
v 0.0046150642447173595 -0.025929905474185944 -0.008296624757349491
v 0.004611007869243622 -0.025112323462963104 -0.010464910417795181
v 0.004611007869243622 -0.025112323462963104 -0.010464910417795181
v 0.0046070958487689495 -0.02411380223929882 -0.012556026689708233
v 0.0046070958487689495 -0.02411380223929882 -0.012556026689708233
v 0.0046568987891077995 -0.023541446775197983 0.014065898023545742
v 0.0046568987891077995 -0.023541446775197983 0.014065898023545742
v -0.006124231498688459 0.017329592257738113 0.02413623034954071
v -0.006124231498688459 0.017329592257738113 0.02413623034954071
v -0.006124231498688459 0.017329592257738113 0.02413623034954071
v -0.006124231498688459 0.017329592257738113 0.02413623034954071
v -0.006124231498688459 0.017329592257738113 0.02413623034954071
v -0.006129845976829529 0.02084720879793167 0.021135050803422928
v -0.006129845976829529 0.02084720879793167 0.021135050803422928
v -0.006129845976829529 0.02084720879793167 0.021135050803422928
v -0.006129845976829529 0.02084720879793167 0.021135050803422928
v -0.006129845976829529 0.02084720879793167 0.021135050803422928
v -0.006129845976829529 0.02084720879793167 0.021135050803422928
v -0.006131308153271675 0.016870107501745224 0.02035323902964592
v -0.006131308153271675 0.016870107501745224 0.02035323902964592
v -0.006131308153271675 0.016870107501745224 0.02035323902964592
v -0.006131308153271675 0.016870107501745224 0.02035323902964592
v -0.006132785230875015 0.016869908198714256 0.019563838839530945
v -0.006132785230875015 0.016869908198714256 0.019563838839530945
v -0.006132785230875015 0.016869908198714256 0.019563838839530945
v -0.006132785230875015 0.016869908198714256 0.019563838839530945
v -0.006132785230875015 0.016869908198714256 0.019563838839530945
v -0.006136419717222452 0.023852631449699402 0.017621075734496117
v -0.006136419717222452 0.023852631449699402 0.017621075734496117
v -0.006136419717222452 0.023852631449699402 0.017621075734496117
v -0.006136419717222452 0.023852631449699402 0.017621075734496117
v -0.006143791135400534 0.02627200074493885 0.013680621981620789
v -0.006143791135400534 0.02627200074493885 0.013680621981620789
v -0.006143791135400534 0.02627200074493885 0.013680621981620789
v -0.0061408476904034615 0.02117747999727726 0.015253997407853603
v -0.0061408476904034615 0.02117747999727726 0.015253997407853603
v -0.0061408476904034615 0.02117747999727726 0.015253997407853603
v -0.0061408476904034615 0.02117747999727726 0.015253997407853603
v -0.006124213803559542 -0.017316410318017006 0.024145564064383507
v -0.006124213803559542 -0.017316410318017006 0.024145564064383507
v -0.006124213803559542 -0.017316410318017006 0.024145564064383507
v -0.006124213803559542 -0.017316410318017006 0.024145564064383507
v -0.006124213803559542 -0.017316410318017006 0.024145564064383507
v -0.006129274610430002 -0.015780389308929443 0.02144039236009121
v -0.006129274610430002 -0.015780389308929443 0.02144039236009121
v -0.006129274610430002 -0.015780389308929443 0.02144039236009121
v -0.006130012683570385 -0.01646406762301922 0.0210458692163229
v -0.006130012683570385 -0.01646406762301922 0.0210458692163229
v -0.006130012683570385 -0.01646406762301922 0.0210458692163229
v -0.0061292750760912895 -0.014991004951298237 0.021440183743834496
v -0.0061292750760912895 -0.014991004951298237 0.021440183743834496
v -0.006119700614362955 -0.013371755369007587 0.02655811607837677
v -0.006119700614362955 -0.013371755369007587 0.02655811607837677
v -0.006119700614362955 -0.013371755369007587 0.02655811607837677
v -0.00613001361489296 -0.01430745143443346 0.02104528620839119
v -0.00613001361489296 -0.01430745143443346 0.02104528620839119
v -0.00613001361489296 -0.01430745143443346 0.02104528620839119
v -0.00613001361489296 -0.01430745143443346 0.02104528620839119
v -0.00613001361489296 -0.01430745143443346 0.02104528620839119
v -0.006134047172963619 -0.01646469347178936 0.018889212980866432
v -0.006134047172963619 -0.01646469347178936 0.018889212980866432
v -0.006140827666968107 -0.01822303608059883 0.015264577232301235
v -0.006140827666968107 -0.01822303608059883 0.015264577232301235
v -0.006140827666968107 -0.01822303608059883 0.015264577232301235
v -0.006140827666968107 -0.01822303608059883 0.015264577232301235
v -0.006132768001407385 -0.016859181225299835 0.019572941586375237
v -0.006132768001407385 -0.016859181225299835 0.019572941586375237
v -0.006132768001407385 -0.016859181225299835 0.019572941586375237
v -0.006132768001407385 -0.016859181225299835 0.019572941586375237
v -0.006139351055026054 -0.018222788348793983 0.01605401374399662
v -0.006139351055026054 -0.018222788348793983 0.01605401374399662
v -0.006139351055026054 -0.018222788348793983 0.01605401374399662
v -0.006139351055026054 -0.018222788348793983 0.01605401374399662
v -0.006131291389465332 -0.016858981922268867 0.020362339913845062
v -0.006131291389465332 -0.016858981922268867 0.020362339913845062
v -0.006131291389465332 -0.016858981922268867 0.020362339913845062
v -0.006131291389465332 -0.016858981922268867 0.020362339913845062
v -0.006131291389465332 -0.016858981922268867 0.020362339913845062
v -0.00613807188346982 -0.01861732453107834 0.01673770509660244
v -0.00613807188346982 -0.01861732453107834 0.01673770509660244
v -0.00613807188346982 -0.01861732453107834 0.01673770509660244
v -0.00613733334466815 -0.019300855696201324 0.01713261939585209
v -0.00613733334466815 -0.019300855696201324 0.01713261939585209
v -0.00613733334466815 -0.019300855696201324 0.01713261939585209
v -0.00613733334466815 -0.019300855696201324 0.01713261939585209
v -0.00613733334466815 -0.019300855696201324 0.01713261939585209
v -0.0061421263962984085 0.020782576873898506 0.014570452272891998
v -0.0061421263962984085 0.020782576873898506 0.014570452272891998
v -0.0061421263962984085 0.020782576873898506 0.014570452272891998
v -0.0061421263962984085 0.020782576873898506 0.014570452272891998
v -0.006143764592707157 -0.026264486834406853 0.013694731518626213
v -0.006143764592707157 -0.026264486834406853 0.013694731518626213
v -0.006143764592707157 -0.026264486834406853 0.013694731518626213
v -0.006143764592707157 -0.026264486834406853 0.013694731518626213
v -0.006143764592707157 -0.026264486834406853 0.013694731518626213
v -0.006136395502835512 -0.02384297177195549 0.017633873969316483
v -0.006136395502835512 -0.02384297177195549 0.017633873969316483
v -0.006136395502835512 -0.02384297177195549 0.017633873969316483
v -0.006136395502835512 -0.02384297177195549 0.017633873969316483
v -0.0061393496580421925 -0.021168872714042664 0.016054747626185417
v -0.0061393496580421925 -0.021168872714042664 0.016054747626185417
v -0.0061393496580421925 -0.021168872714042664 0.016054747626185417
v -0.0061393496580421925 -0.021168872714042664 0.016054747626185417
v -0.006135963834822178 0.014219075441360474 0.017864588648080826
v -0.006135963834822178 0.014219075441360474 0.017864588648080826
v -0.006135963834822178 0.014219075441360474 0.017864588648080826
v -0.006139369681477547 0.018231583759188652 0.016044149175286293
v -0.006139369681477547 0.018231583759188652 0.016044149175286293
v -0.006139369681477547 0.018231583759188652 0.016044149175286293
v -0.006139369681477547 0.018231583759188652 0.016044149175286293
v -0.006139369681477547 0.018231583759188652 0.016044149175286293
v -0.006142310332506895 0.017609575763344765 0.014472262002527714
v -0.006142310332506895 0.017609575763344765 0.014472262002527714
v -0.006142310332506895 0.017609575763344765 0.014472262002527714
v -0.006142310332506895 0.017609575763344765 0.014472262002527714
v -0.0061408462934195995 0.018231382593512535 0.015254748053848743
v -0.0061408462934195995 0.018231382593512535 0.015254748053848743
v -0.0061408462934195995 0.018231382593512535 0.015254748053848743
v -0.0061408462934195995 0.018231382593512535 0.015254748053848743
v -0.00614335760474205 0.018464796245098114 0.013912242837250233
v -0.00614335760474205 0.018464796245098114 0.013912242837250233
v -0.00614335760474205 0.018464796245098114 0.013912242837250233
v -0.00614335760474205 0.018464796245098114 0.013912242837250233
v -0.006142125464975834 0.018625877797603607 0.014571011997759342
v -0.006142125464975834 0.018625877797603607 0.014571011997759342
v -0.006142125464975834 0.018625877797603607 0.014571011997759342
v -0.006143677514046431 0.01947273127734661 0.013741366565227509
v -0.006143677514046431 0.01947273127734661 0.013741366565227509
v -0.006142864003777504 0.01930944435298443 0.014176149852573872
v -0.006142864003777504 0.01930944435298443 0.014176149852573872
v -0.006142864003777504 0.01930944435298443 0.014176149852573872
v -0.006144050043076277 0.020777201279997826 0.013542069122195244
v -0.006144050043076277 0.020777201279997826 0.013542069122195244
v -0.006144050043076277 0.020777201279997826 0.013542069122195244
v -0.006144050043076277 0.020777201279997826 0.013542069122195244
v -0.006142864469438791 0.02009880356490612 0.014175907708704472
v -0.006142864469438791 0.02009880356490612 0.014175907708704472
v -0.006142864469438791 0.02009880356490612 0.014175907708704472
v -0.006142864469438791 0.02009880356490612 0.014175907708704472
v -0.006145300343632698 0.021915094926953316 0.012873861938714981
v -0.006145300343632698 0.021915094926953316 0.012873861938714981
v -0.006145300343632698 0.021915094926953316 0.012873861938714981
v -0.006145300343632698 0.021915094926953316 0.012873861938714981
v -0.006145300343632698 0.021915094926953316 0.012873861938714981
v -0.006153004709631205 0.02757050096988678 0.008755447342991829
v -0.006153004709631205 0.02757050096988678 0.008755447342991829
v -0.006153004709631205 0.02757050096988678 0.008755447342991829
v -0.006153004709631205 0.02757050096988678 0.008755447342991829
v -0.006153004709631205 0.02757050096988678 0.008755447342991829
v -0.006153004709631205 0.02757050096988678 0.008755447342991829
v -0.006151779554784298 0.02804597280919552 0.009410465136170387
v -0.006151779554784298 0.02804597280919552 0.009410465136170387
v -0.006151779554784298 0.02804597280919552 0.009410465136170387
v -0.006152214948087931 0.028064528480172157 0.009177599102258682
v -0.006152214948087931 0.028064528480172157 0.009177599102258682
v -0.006152214948087931 0.028064528480172157 0.009177599102258682
v -0.0061526186764240265 0.027975259348750114 0.008961746469140053
v -0.0061526186764240265 0.027975259348750114 0.008961746469140053
v -0.006152902729809284 0.027797646820545197 0.008809983730316162
v -0.006152902729809284 0.027797646820545197 0.008809983730316162
v -0.006130029447376728 0.01647561974823475 0.021036967635154724
v -0.006130029447376728 0.01647561974823475 0.021036967635154724
v -0.006130029447376728 0.01647561974823475 0.021036967635154724
v -0.006129290442913771 0.015792036429047585 0.021431853994727135
v -0.006129290442913771 0.015792036429047585 0.021431853994727135
v -0.006129290442913771 0.015792036429047585 0.021431853994727135
v -0.006129290442913771 0.015792036429047585 0.021431853994727135
v -0.006119714118540287 0.013386166654527187 0.026550913229584694
v -0.006119714118540287 0.013386166654527187 0.026550913229584694
v -0.006119714118540287 0.013386166654527187 0.026550913229584694
v -0.006119714118540287 0.013386166654527187 0.026550913229584694
v -0.006129289977252483 0.015002681873738766 0.02143208682537079
v -0.006129289977252483 0.015002681873738766 0.02143208682537079
v -0.006129289977252483 0.015002681873738766 0.02143208682537079
v -0.006129289977252483 0.015002681873738766 0.02143208682537079
v -0.006116405129432678 0.009113887324929237 0.028319675475358963
v -0.006116405129432678 0.009113887324929237 0.028319675475358963
v -0.006116405129432678 0.009113887324929237 0.028319675475358963
v -0.006116405129432678 0.009113887324929237 0.028319675475358963
v -0.006130028050392866 0.014318903908133507 0.021037565544247627
v -0.006130028050392866 0.014318903908133507 0.021037565544247627
v -0.006130028050392866 0.014318903908133507 0.021037565544247627
v -0.006130028050392866 0.014318903908133507 0.021037565544247627
v -0.006130028050392866 0.014318903908133507 0.021037565544247627
v -0.006130028050392866 0.014318903908133507 0.021037565544247627
v -0.0061143855564296246 0.004617709666490555 0.029399177059531212
v -0.0061143855564296246 0.004617709666490555 0.029399177059531212
v -0.0061143855564296246 0.004617709666490555 0.029399177059531212
v -0.0061143855564296246 0.004617709666490555 0.029399177059531212
v -0.006129824556410313 -0.020835623145103455 0.021146297454833984
v -0.006129824556410313 -0.020835623145103455 0.021146297454833984
v -0.006129824556410313 -0.020835623145103455 0.021146297454833984
v -0.006129824556410313 -0.020835623145103455 0.021146297454833984
v -0.006137332879006863 -0.02009025774896145 0.017132818698883057
v -0.006137332879006863 -0.02009025774896145 0.017132818698883057
v -0.006137332879006863 -0.02009025774896145 0.017132818698883057
v -0.006137332879006863 -0.02009025774896145 0.017132818698883057
v -0.006138070952147245 -0.020773986354470253 0.01673833094537258
v -0.006138070952147245 -0.020773986354470253 0.01673833094537258
v -0.006138070952147245 -0.020773986354470253 0.01673833094537258
v -0.006127894856035709 -0.01261086668819189 0.022177796810865402
v -0.006127894856035709 -0.01261086668819189 0.022177796810865402
v -0.006131292786449194 -0.01391291432082653 0.020361509174108505
v -0.006131292786449194 -0.01391291432082653 0.020361509174108505
v -0.006131292786449194 -0.01391291432082653 0.020361509174108505
v -0.00613002385944128 -0.013279074802994728 0.02103990502655506
v -0.00613002385944128 -0.013279074802994728 0.02103990502655506
v -0.006132769398391247 -0.01391315646469593 0.019572149962186813
v -0.006132769398391247 -0.01391315646469593 0.019572149962186813
v -0.006132769398391247 -0.01391315646469593 0.019572149962186813
v -0.006132769398391247 -0.01391315646469593 0.019572149962186813
v -0.006132463924586773 -0.013478389009833336 0.0197354257106781
v -0.006132463924586773 -0.013478389009833336 0.0197354257106781
v -0.006132463924586773 -0.013478389009833336 0.0197354257106781
v -0.006134048104286194 -0.014308018609881401 0.01888858526945114
v -0.006134048104286194 -0.014308018609881401 0.01888858526945114
v -0.006134048104286194 -0.014308018609881401 0.01888858526945114
v -0.006134048104286194 -0.014308018609881401 0.01888858526945114
v -0.006134048104286194 -0.014308018609881401 0.01888858526945114
v -0.006134349852800369 -0.01364924106746912 0.018727511167526245
v -0.006134349852800369 -0.01364924106746912 0.018727511167526245
v -0.006134349852800369 -0.01364924106746912 0.018727511167526245
v -0.006134349852800369 -0.01364924106746912 0.018727511167526245
v -0.006134786177426577 -0.014991756528615952 0.01849409192800522
v -0.006134786177426577 -0.014991756528615952 0.01849409192800522
v -0.006134786177426577 -0.014991756528615952 0.01849409192800522
v -0.006134786177426577 -0.014991756528615952 0.01849409192800522
v -0.006134786177426577 -0.014991756528615952 0.01849409192800522
v -0.006135949399322271 -0.014209268614649773 0.017872285097837448
v -0.006135949399322271 -0.014209268614649773 0.017872285097837448
v -0.006135949399322271 -0.014209268614649773 0.017872285097837448
v -0.006134785711765289 -0.015781158581376076 0.018494291231036186
v -0.006134785711765289 -0.015781158581376076 0.018494291231036186
v -0.00614229217171669 -0.017601599916815758 0.014481790363788605
v -0.00614229217171669 -0.017601599916815758 0.014481790363788605
v -0.00614229217171669 -0.017601599916815758 0.014481790363788605
v -0.00614229217171669 -0.017601599916815758 0.014481790363788605
v -0.006123518571257591 -0.007872059941291809 0.02451724372804165
v -0.006123518571257591 -0.007872059941291809 0.02451724372804165
v -0.006123518571257591 -0.007872059941291809 0.02451724372804165
v -0.006126380525529385 -0.011568872258067131 0.022987430915236473
v -0.006126380525529385 -0.011568872258067131 0.022987430915236473
v -0.0061143808998167515 -0.0046017649583518505 0.02940165437757969
v -0.0061143808998167515 -0.0046017649583518505 0.02940165437757969
v -0.0061143808998167515 -0.0046017649583518505 0.02940165437757969
v -0.0061143808998167515 -0.0046017649583518505 0.02940165437757969
v -0.0061143808998167515 -0.0046017649583518505 0.02940165437757969
v -0.0061143808998167515 -0.0046017649583518505 0.02940165437757969
v -0.006152590736746788 -0.027970317751169205 0.00897677056491375
v -0.006152590736746788 -0.027970317751169205 0.00897677056491375
v -0.006152590736746788 -0.027970317751169205 0.00897677056491375
v -0.006152187008410692 -0.028059441596269608 0.009192680940032005
v -0.006152187008410692 -0.028059441596269608 0.009192680940032005
v -0.006151751149445772 -0.028040770441293716 0.009425557218492031
v -0.006151751149445772 -0.028040770441293716 0.009425557218492031
v -0.006151751149445772 -0.028040770441293716 0.009425557218492031
v -0.006152926944196224 0.024197634309530258 0.008796938695013523
v -0.006152926944196224 0.024197634309530258 0.008796938695013523
v -0.006152711343020201 0.02403237670660019 0.008912228047847748
v -0.006152711343020201 0.02403237670660019 0.008912228047847748
v -0.006152711343020201 0.02403237670660019 0.008912228047847748
v -0.006153003312647343 0.024395011365413666 0.00875627901405096
v -0.006153003312647343 0.024395011365413666 0.00875627901405096
v -0.006153003312647343 0.024395011365413666 0.00875627901405096
v -0.00615239143371582 0.023925988003611565 0.009083360433578491
v -0.00615239143371582 0.023925988003611565 0.009083360433578491
v -0.00615239143371582 0.023925988003611565 0.009083360433578491
v -0.006147249601781368 0.022724764421582222 0.01183182094246149
v -0.006147249601781368 0.022724764421582222 0.01183182094246149
v -0.006147249601781368 0.022724764421582222 0.01183182094246149
v -0.006116395816206932 -0.009098549373447895 0.02832457795739174
v -0.006116395816206932 -0.009098549373447895 0.02832457795739174
v -0.006116395816206932 -0.009098549373447895 0.02832457795739174
v -0.006126392167061567 0.01158137246966362 0.022981194779276848
v -0.006126392167061567 0.01158137246966362 0.022981194779276848
v -0.006127907894551754 0.012622912414371967 0.02217099443078041
v -0.006127907894551754 0.012622912414371967 0.02217099443078041
v -0.006127907894551754 0.012622912414371967 0.02217099443078041
v -0.006130037363618612 0.013290496543049812 0.021032707765698433
v -0.006130037363618612 0.013290496543049812 0.021032707765698433
v -0.006130037363618612 0.013290496543049812 0.021032707765698433
v -0.006130037363618612 0.013290496543049812 0.021032707765698433
v -0.006131306756287813 0.013924031518399715 0.020354067906737328
v -0.006131306756287813 0.013924031518399715 0.020354067906737328
v -0.006131306756287813 0.013924031518399715 0.020354067906737328
v -0.006132477428764105 0.013489128090441227 0.01972818747162819
v -0.006132477428764105 0.013489128090441227 0.01972818747162819
v -0.006132477428764105 0.013489128090441227 0.01972818747162819
v -0.006132783833891153 0.013923796825110912 0.01956462860107422
v -0.006132783833891153 0.013923796825110912 0.01956462860107422
v -0.006132783833891153 0.013923796825110912 0.01956462860107422
v -0.006134363356977701 0.01365951169282198 0.018720146268606186
v -0.006134363356977701 0.01365951169282198 0.018720146268606186
v -0.006134363356977701 0.01365951169282198 0.018720146268606186
v -0.0061340625397861 0.014318360947072506 0.018880881369113922
v -0.0061340625397861 0.014318360947072506 0.018880881369113922
v -0.006134801544249058 0.015001863241195679 0.01848602294921875
v -0.006134801544249058 0.015001863241195679 0.01848602294921875
v -0.006134801544249058 0.015001863241195679 0.01848602294921875
v -0.006134802009910345 0.01579130068421364 0.018485775217413902
v -0.006134802009910345 0.01579130068421364 0.018485775217413902
v -0.006134802009910345 0.01579130068421364 0.018485775217413902
v -0.006134802009910345 0.01579130068421364 0.018485775217413902
v -0.0061380909755826 0.018626505509018898 0.016727682203054428
v -0.0061380909755826 0.018626505509018898 0.016727682203054428
v -0.0061380909755826 0.018626505509018898 0.016727682203054428
v -0.0061380909755826 0.018626505509018898 0.016727682203054428
v -0.0061380909755826 0.018626505509018898 0.016727682203054428
v -0.006134063936769962 0.016474993899464607 0.018880309537053108
v -0.006134063936769962 0.016474993899464607 0.018880309537053108
v -0.006134063936769962 0.016474993899464607 0.018880309537053108
v -0.006134063936769962 0.016474993899464607 0.018880309537053108
v -0.006134063936769962 0.016474993899464607 0.018880309537053108
v -0.006137352902442217 0.019310234114527702 0.017122169956564903
v -0.006137352902442217 0.019310234114527702 0.017122169956564903
v -0.006137352902442217 0.019310234114527702 0.017122169956564903
v -0.006137352902442217 0.019310234114527702 0.017122169956564903
v -0.006137353368103504 0.020099636167287827 0.017121970653533936
v -0.006137353368103504 0.020099636167287827 0.017121970653533936
v -0.006137353368103504 0.020099636167287827 0.017121970653533936
v -0.006137353368103504 0.020099636167287827 0.017121970653533936
v -0.006138091906905174 0.020783130079507828 0.016727106645703316
v -0.006138091906905174 0.020783130079507828 0.016727106645703316
v -0.006138091906905174 0.020783130079507828 0.016727106645703316
v -0.006139371078461409 0.021177690476179123 0.01604337990283966
v -0.006139371078461409 0.021177690476179123 0.01604337990283966
v -0.006139371078461409 0.021177690476179123 0.01604337990283966
v -0.006152874790132046 -0.027792764827609062 0.00882494542747736
v -0.006152874790132046 -0.027792764827609062 0.00882494542747736
v -0.0061529772356152534 -0.02756560407578945 0.008770262822508812
v -0.0061529772356152534 -0.02756560407578945 0.008770262822508812
v -0.0061529772356152534 -0.02756560407578945 0.008770262822508812
v -0.0061529772356152534 -0.02756560407578945 0.008770262822508812
v -0.0061529772356152534 -0.02756560407578945 0.008770262822508812
v -0.00614210544154048 -0.020774584263563156 0.014581618830561638
v -0.00614210544154048 -0.020774584263563156 0.014581618830561638
v -0.00614210544154048 -0.020774584263563156 0.014581618830561638
v -0.00614210544154048 -0.020774584263563156 0.014581618830561638
v -0.006140826269984245 -0.021169107407331467 0.015265395864844322
v -0.006140826269984245 -0.021169107407331467 0.015265395864844322
v -0.006140826269984245 -0.021169107407331467 0.015265395864844322
v -0.006142106372863054 -0.018617896363139153 0.014581075869500637
v -0.006142106372863054 -0.018617896363139153 0.014581075869500637
v -0.006142106372863054 -0.018617896363139153 0.014581075869500637
v -0.006142106372863054 -0.018617896363139153 0.014581075869500637
v -0.006142106372863054 -0.018617896363139153 0.014581075869500637
v -0.006143338978290558 -0.018457161262631416 0.013922227546572685
v -0.006143338978290558 -0.018457161262631416 0.013922227546572685
v -0.006143338978290558 -0.018457161262631416 0.013922227546572685
v -0.006142844446003437 -0.019301673397421837 0.014186553657054901
v -0.006142844446003437 -0.019301673397421837 0.014186553657054901
v -0.006142844446003437 -0.019301673397421837 0.014186553657054901
v -0.006143657956272364 -0.01946515589952469 0.013751879334449768
v -0.006143657956272364 -0.01946515589952469 0.013751879334449768
v -0.00614284398034215 -0.020091036334633827 0.014186782762408257
v -0.00614284398034215 -0.020091036334633827 0.014186782762408257
v -0.006144029553979635 -0.02076977677643299 0.013553177937865257
v -0.006144029553979635 -0.02076977677643299 0.013553177937865257
v -0.006144029553979635 -0.02076977677643299 0.013553177937865257
v -0.006145278457552195 -0.02190801501274109 0.012885630130767822
v -0.006145278457552195 -0.02190801501274109 0.012885630130767822
v -0.006145278457552195 -0.02190801501274109 0.012885630130767822
v -0.006145278457552195 -0.02190801501274109 0.012885630130767822
v -0.00615236721932888 -0.023920975625514984 0.009096228517591953
v -0.00615236721932888 -0.023920975625514984 0.009096228517591953
v -0.00615236721932888 -0.023920975625514984 0.009096228517591953
v -0.00615236721932888 -0.023920975625514984 0.009096228517591953
v -0.006152687128633261 -0.024027440696954727 0.008925137110054493
v -0.006152687128633261 -0.024027440696954727 0.008925137110054493
v -0.006152902729809284 -0.02419278398156166 0.008809993974864483
v -0.006152902729809284 -0.02419278398156166 0.008809993974864483
v -0.006152902729809284 -0.02419278398156166 0.008809993974864483
v -0.00614722678437829 -0.022718265652656555 0.011844057589769363
v -0.00614722678437829 -0.022718265652656555 0.011844057589769363
v -0.00614722678437829 -0.022718265652656555 0.011844057589769363
v -0.006152978632599115 -0.024390162900090218 0.00876939482986927
v -0.006152978632599115 -0.024390162900090218 0.00876939482986927
v -0.006152978632599115 -0.024390162900090218 0.00876939482986927
v -0.0061235264874994755 0.007885416969656944 0.02451302856206894
v -0.0061235264874994755 0.007885416969656944 0.02451302856206894
v -0.006121777463704348 0.003995391074568033 0.025447897613048553
v -0.006121777463704348 0.003995391074568033 0.025447897613048553
v -0.006121777463704348 0.003995391074568033 0.025447897613048553
v -0.006121777463704348 0.003995391074568033 0.025447897613048553
v -0.006113705690950155 8.087051355687436e-06 0.029762770980596542
v -0.006113705690950155 8.087051355687436e-06 0.029762770980596542
v -0.006113705690950155 8.087051355687436e-06 0.029762770980596542
v -0.006113705690950155 8.087051355687436e-06 0.029762770980596542
v -0.006121188402175903 6.989296707615722e-06 0.025762785226106644
v -0.006121188402175903 6.989296707615722e-06 0.025762785226106644
v -0.006121188402175903 6.989296707615722e-06 0.025762785226106644
v -0.006121188402175903 6.989296707615722e-06 0.025762785226106644
v -0.006121773738414049 -0.003981537185609341 0.02545001171529293
v -0.006121773738414049 -0.003981537185609341 0.02545001171529293
v -0.006121773738414049 -0.003981537185609341 0.02545001171529293
v -0.005651519168168306 0.028521358966827393 0.009564599953591824
v -0.005651519168168306 0.028521358966827393 0.009564599953591824
v -0.0056433952413499355 0.026717301458120346 0.013907106593251228
v -0.0056433952413499355 0.026717301458120346 0.013907106593251228
v -0.0056358990259468555 0.024256881326436996 0.01791433058679104
v -0.0056358990259468555 0.024256881326436996 0.01791433058679104
v -0.005629213526844978 0.021200520917773247 0.021487891674041748
v -0.005629213526844978 0.021200520917773247 0.021487891674041748
v -0.005623504053801298 0.017623279243707657 0.024539930745959282
v -0.005623504053801298 0.017623279243707657 0.024539930745959282
v -0.005618910305202007 0.013613061048090458 0.026995528489351273
v -0.005618910305202007 0.013613061048090458 0.026995528489351273
v -0.005615545436739922 0.009268330410122871 0.028794290497899055
v -0.005615545436739922 0.009268330410122871 0.028794290497899055
v -0.005613491404801607 0.004695955663919449 0.029892073944211006
v -0.005613491404801607 0.004695955663919449 0.029892073944211006
v -0.005612799897789955 8.218025868700352e-06 0.030261827632784843
v -0.005612799897789955 8.218025868700352e-06 0.030261827632784843
v -0.005613486748188734 -0.004679745528846979 0.029894616454839706
v -0.005613486748188734 -0.004679745528846979 0.029894616454839706
v -0.005615535657852888 -0.009252767078578472 0.028799282386898994
v -0.005615535657852888 -0.009252767078578472 0.028799282386898994
v -0.005618896801024675 -0.013598402962088585 0.02700282819569111
v -0.005618896801024675 -0.013598402962088585 0.02700282819569111
v -0.0056234863586723804 -0.01760992780327797 0.024549450725317
v -0.0056234863586723804 -0.01760992780327797 0.024549450725317
v -0.005629192106425762 -0.02118874527513981 0.021499305963516235
v -0.005629192106425762 -0.02118874527513981 0.021499305963516235
v -0.005635874345898628 -0.024247052147984505 0.017927393317222595
v -0.005635874345898628 -0.024247052147984505 0.017927393317222595
v -0.005643368232995272 -0.026709700003266335 0.013921450823545456
v -0.005643368232995272 -0.026709700003266335 0.013921450823545456
v -0.005651490297168493 -0.028516056016087532 0.009579924866557121
v -0.005651490297168493 -0.028516056016087532 0.009579924866557121
v 0.0028453271370381117 0.0056953392922878265 0.00784959364682436
v 0.0028453271370381117 0.0056953392922878265 0.00784959364682436
v 0.0028453271370381117 0.0056953392922878265 0.00784959364682436
v 0.002847752533853054 0.0033224557992070913 0.009146109223365784
v 0.002847752533853054 0.0033224557992070913 0.009146109223365784
v 0.002847752533853054 0.0033224557992070913 0.009146109223365784
v 0.002847752533853054 0.0033224557992070913 0.009146109223365784
v 0.0028488291427493095 0.00068041862687096 0.009721579030156136
v 0.0028488291427493095 0.00068041862687096 0.009721579030156136
v 0.0028488291427493095 0.00068041862687096 0.009721579030156136
v 0.0028488291427493095 0.00068041862687096 0.009721579030156136
v 0.002848469652235508 -0.0020167361944913864 0.009529425762593746
v 0.002848469652235508 -0.0020167361944913864 0.009529425762593746
v 0.002848469652235508 -0.0020167361944913864 0.009529425762593746
v 0.002846703166142106 -0.004550461191684008 0.008585157804191113
v 0.002846703166142106 -0.004550461191684008 0.008585157804191113
v 0.002846703166142106 -0.004550461191684008 0.008585157804191113
v 0.002843672875314951 -0.006715524010360241 0.006965364329516888
v 0.002843672875314951 -0.006715524010360241 0.006965364329516888
v 0.002843672875314951 -0.006715524010360241 0.006965364329516888
v 0.002843672875314951 -0.006715524010360241 0.006965364329516888
v 0.0028396244160830975 -0.008336546830832958 0.004801166709512472
v 0.0028396244160830975 -0.008336546830832958 0.004801166709512472
v 0.0028396244160830975 -0.008336546830832958 0.004801166709512472
v 0.0028396244160830975 -0.008336546830832958 0.004801166709512472
v 0.002834885148331523 -0.009282144717872143 0.002267880365252495
v 0.002834885148331523 -0.009282144717872143 0.002267880365252495
v 0.002834885148331523 -0.009282144717872143 0.002267880365252495
v 0.002834885148331523 -0.009282144717872143 0.002267880365252495
v 0.0028298397082835436 -0.00947575457394123 -0.0004291285004001111
v 0.0028298397082835436 -0.00947575457394123 -0.0004291285004001111
v 0.0028298397082835436 -0.00947575457394123 -0.0004291285004001111
v 0.0028298397082835436 -0.00947575457394123 -0.0004291285004001111
v 0.002824896713718772 -0.008901716209948063 -0.003071472980082035
v 0.002824896713718772 -0.008901716209948063 -0.003071472980082035
v 0.002824896713718772 -0.008901716209948063 -0.003071472980082035
v 0.002824896713718772 -0.008901716209948063 -0.003071472980082035
v 0.002820456400513649 -0.007606511935591698 -0.0054450142197310925
v 0.002820456400513649 -0.007606511935591698 -0.0054450142197310925
v 0.002820456400513649 -0.007606511935591698 -0.0054450142197310925
v 0.00281687849201262 -0.005695061758160591 -0.00735750887542963
v 0.00281687849201262 -0.005695061758160591 -0.00735750887542963
v 0.00281687849201262 -0.005695061758160591 -0.00735750887542963
v 0.00281687849201262 -0.005695061758160591 -0.00735750887542963
v 0.0028144530951976776 -0.0033221780322492123 -0.008654024451971054
v 0.0028144530951976776 -0.0033221780322492123 -0.008654024451971054
v 0.0028144530951976776 -0.0033221780322492123 -0.008654024451971054
v 0.0028144530951976776 -0.0033221780322492123 -0.008654024451971054
v 0.002813376486301422 -0.0006801409181207418 -0.009229494258761406
v 0.002813376486301422 -0.0006801409181207418 -0.009229494258761406
v 0.002813376486301422 -0.0006801409181207418 -0.009229494258761406
v 0.002813376486301422 -0.0006801409181207418 -0.009229494258761406
v 0.0028137359768152237 0.002017013728618622 -0.009037340991199017
v 0.0028137359768152237 0.002017013728618622 -0.009037340991199017
v 0.0028137359768152237 0.002017013728618622 -0.009037340991199017
v 0.0028137359768152237 0.002017013728618622 -0.009037340991199017
v 0.0028155024629086256 0.0045507741160690784 -0.008093122392892838
v 0.0028155024629086256 0.0045507741160690784 -0.008093122392892838
v 0.0028155024629086256 0.0045507741160690784 -0.008093122392892838
v 0.0028185327537357807 0.006715801544487476 -0.006473280023783445
v 0.0028185327537357807 0.006715801544487476 -0.006473280023783445
v 0.0028185327537357807 0.006715801544487476 -0.006473280023783445
v 0.002822581445798278 0.008336789906024933 -0.004309033043682575
v 0.002822581445798278 0.008336789906024933 -0.004309033043682575
v 0.002822581445798278 0.008336789906024933 -0.004309033043682575
v 0.002822581445798278 0.008336789906024933 -0.004309033043682575
v 0.0028273204807192087 0.009282457642257214 -0.001775844139046967
v 0.0028273204807192087 0.009282457642257214 -0.001775844139046967
v 0.0028273204807192087 0.009282457642257214 -0.001775844139046967
v 0.002832365920767188 0.009476032108068466 0.0009212130680680275
v 0.002832365920767188 0.009476032108068466 0.0009212130680680275
v 0.0028373091481626034 0.008901993744075298 0.003563557518646121
v 0.0028373091481626034 0.008901993744075298 0.003563557518646121
v 0.0028417494613677263 0.007606783416122198 0.005937106907367706
v 0.0028417494613677263 0.007606783416122198 0.005937106907367706
v 0.0073436349630355835 -0.006715524010360241 0.006956946104764938
v 0.0073436349630355835 -0.006715524010360241 0.006956946104764938
v 0.0073436349630355835 -0.006715524010360241 0.006956946104764938
v 0.0073436349630355835 -0.006715524010360241 0.006956946104764938
v 0.00733958650380373 -0.008336546830832958 0.004792748484760523
v 0.00733958650380373 -0.008336546830832958 0.004792748484760523
v 0.00733958650380373 -0.008336546830832958 0.004792748484760523
v 0.007334847468882799 -0.009282144717872143 0.0022594621405005455
v 0.007334847468882799 -0.009282144717872143 0.0022594621405005455
v 0.00732980202883482 -0.00947575457394123 -0.0004375467833597213
v 0.00732980202883482 -0.00947575457394123 -0.0004375467833597213
v 0.007324858568608761 -0.008901716209948063 -0.0030798912048339844
v 0.007324858568608761 -0.008901716209948063 -0.0030798912048339844
v 0.007324858568608761 -0.008901716209948063 -0.0030798912048339844
v 0.0073204184882342815 -0.007606511935591698 -0.005453432444483042
v 0.0073204184882342815 -0.007606511935591698 -0.005453432444483042
v 0.0073204184882342815 -0.007606511935591698 -0.005453432444483042
v 0.007316840812563896 -0.005695061758160591 -0.00736592710018158
v 0.007316840812563896 -0.005695061758160591 -0.00736592710018158
v 0.007316840812563896 -0.005695061758160591 -0.00736592710018158
v 0.00731441518291831 -0.0033221780322492123 -0.008662442676723003
v 0.00731441518291831 -0.0033221780322492123 -0.008662442676723003
v 0.00731441518291831 -0.0033221780322492123 -0.008662442676723003
v 0.007313338574022055 -0.0006801409181207418 -0.009237912483513355
v 0.007313338574022055 -0.0006801409181207418 -0.009237912483513355
v 0.007313338574022055 -0.0006801409181207418 -0.009237912483513355
v 0.007313698064535856 0.002017013728618622 -0.009045759215950966
v 0.007313698064535856 0.002017013728618622 -0.009045759215950966
v 0.007313698064535856 0.002017013728618622 -0.009045759215950966
v 0.007315464783459902 0.0045507741160690784 -0.008101540617644787
v 0.007315464783459902 0.0045507741160690784 -0.008101540617644787
v 0.007315464783459902 0.0045507741160690784 -0.008101540617644787
v 0.007318494841456413 0.006715801544487476 -0.006481698248535395
v 0.007318494841456413 0.006715801544487476 -0.006481698248535395
v 0.007318494841456413 0.006715801544487476 -0.006481698248535395
v 0.007322543766349554 0.008336789906024933 -0.0043174512684345245
v 0.007322543766349554 0.008336789906024933 -0.0043174512684345245
v 0.007322543766349554 0.008336789906024933 -0.0043174512684345245
v 0.007327282335609198 0.009282457642257214 -0.0017842624802142382
v 0.007327282335609198 0.009282457642257214 -0.0017842624802142382
v 0.007332328241318464 0.009476032108068466 0.0009127947851084173
v 0.007332328241318464 0.009476032108068466 0.0009127947851084173
v 0.007337271235883236 0.008901993744075298 0.0035551392938941717
v 0.007337271235883236 0.008901993744075298 0.0035551392938941717
v 0.007337271235883236 0.008901993744075298 0.0035551392938941717
v 0.007341711316257715 0.007606783416122198 0.005928688682615757
v 0.007341711316257715 0.007606783416122198 0.005928688682615757
v 0.007341711316257715 0.007606783416122198 0.005928688682615757
v 0.007345289457589388 0.0056953392922878265 0.00784117542207241
v 0.007345289457589388 0.0056953392922878265 0.00784117542207241
v 0.007345289457589388 0.0056953392922878265 0.00784117542207241
v 0.007347714621573687 0.0033224557992070913 0.009137690998613834
v 0.007347714621573687 0.0033224557992070913 0.009137690998613834
v 0.007347714621573687 0.0033224557992070913 0.009137690998613834
v 0.007348791230469942 0.00068041862687096 0.009713160805404186
v 0.007348791230469942 0.00068041862687096 0.009713160805404186
v 0.007348791230469942 0.00068041862687096 0.009713160805404186
v 0.0073484317399561405 -0.0020167361944913864 0.009521007537841797
v 0.0073484317399561405 -0.0020167361944913864 0.009521007537841797
v 0.0073484317399561405 -0.0020167361944913864 0.009521007537841797
v 0.007346665486693382 -0.004550461191684008 0.008576739579439163
v 0.007346665486693382 -0.004550461191684008 0.008576739579439163
v 0.0012852877844125032 -0.005042192526161671 -0.024237284436821938
v 0.0012852877844125032 -0.005042192526161671 -0.024237284436821938
v 0.0012852877844125032 -0.005042192526161671 -0.024237284436821938
v -0.005715112667530775 -0.003916729707270861 -0.024429230019450188
v -0.005715112667530775 -0.003916729707270861 -0.024429230019450188
v -0.005715112667530775 -0.003916729707270861 -0.024429230019450188
v 0.0012310290476307273 -0.005582675337791443 -0.02411966770887375
v 0.0012310290476307273 -0.005582675337791443 -0.02411966770887375
v 0.0010820119641721249 -0.006100265309214592 -0.02399500645697117
v 0.0010820119641721249 -0.006100265309214592 -0.02399500645697117
v -0.00571058876812458 -0.011353992857038975 -0.02201090380549431
v -0.00571058876812458 -0.011353992857038975 -0.02201090380549431
v -0.005713398102670908 -0.007730519399046898 -0.023512674495577812
v -0.005713398102670908 -0.007730519399046898 -0.023512674495577812
v -0.0057151163928210735 0.003903786651790142 -0.02443132922053337
v -0.0057151163928210735 0.003903786651790142 -0.02443132922053337
v -0.0057151163928210735 0.003903786651790142 -0.02443132922053337
v 0.0012852826621383429 0.005029314197599888 -0.024240020662546158
v 0.0012852826621383429 0.005029314197599888 -0.024240020662546158
v 0.0012852826621383429 0.005029314197599888 -0.024240020662546158
v 0.0012314417399466038 0.005567826796323061 -0.024123121052980423
v 0.0012314417399466038 0.005567826796323061 -0.024123121052980423
v -0.005710599943995476 0.011342285200953484 -0.02201705425977707
v -0.005710599943995476 0.011342285200953484 -0.02201705425977707
v -0.005713406018912792 0.007718028500676155 -0.023516859859228134
v -0.005713406018912792 0.007718028500676155 -0.023516859859228134
v 0.0010820059105753899 0.006087496876716614 -0.02399824559688568
v 0.0010820059105753899 0.006087496876716614 -0.02399824559688568
v 0.004585226532071829 0.005029314197599888 -0.02424619533121586
v 0.004585226532071829 0.005029314197599888 -0.02424619533121586
v 0.004584844224154949 0.003903786651790142 -0.024450598284602165
v 0.004584844224154949 0.003903786651790142 -0.024450598284602165
v 0.004584376700222492 0.001682310365140438 -0.02470058761537075
v 0.004584376700222492 0.001682310365140438 -0.02470058761537075
v -0.005715690087527037 -6.581378329428844e-06 -0.024737969040870667
v -0.005715690087527037 -6.581378329428844e-06 -0.024737969040870667
v 0.004584270529448986 -6.581378329428844e-06 -0.02475723810493946
v 0.004584270529448986 -6.581378329428844e-06 -0.02475723810493946
v 0.004584270529448986 -6.581378329428844e-06 -0.02475723810493946
v 0.004584378097206354 -0.0016954382881522179 -0.024699637666344643
v 0.004584378097206354 -0.0016954382881522179 -0.024699637666344643
v 0.004584847949445248 -0.003916729707270861 -0.024448499083518982
v 0.004584847949445248 -0.003916729707270861 -0.024448499083518982
v 0.004584847949445248 -0.003916729707270861 -0.024448499083518982
v 0.004585231654345989 -0.005042192526161671 -0.02424345724284649
v 0.004585231654345989 -0.005042192526161671 -0.02424345724284649
v -0.005701202899217606 0.013856075704097748 -0.01699385605752468
v -0.005701202899217606 0.013856075704097748 -0.01699385605752468
v -0.005701202899217606 0.013856075704097748 -0.01699385605752468
v -0.0012011812068521976 0.013856075704097748 -0.017002273350954056
v -0.0012011812068521976 0.013856075704097748 -0.017002273350954056
v -0.0012011812068521976 0.013856075704097748 -0.017002273350954056
v -0.0012011812068521976 0.013856075704097748 -0.017002273350954056
v 0.0003165861126035452 0.023774798959493637 -0.007479925639927387
v 0.0003165861126035452 0.023774798959493637 -0.007479925639927387
v 0.0003148473333567381 0.023452209308743477 -0.008409387432038784
v 0.0003148473333567381 0.023452209308743477 -0.008409387432038784
v -0.005685122683644295 0.023452209308743477 -0.008398163132369518
v -0.005685122683644295 0.023452209308743477 -0.008398163132369518
v -0.005690162535756826 0.022273026406764984 -0.011092168278992176
v -0.005690162535756826 0.022273026406764984 -0.011092168278992176
v 0.00031998829217627645 0.02429104410111904 -0.00566130131483078
v 0.00032372071291320026 0.024691356346011162 -0.0036661424674093723
v 0.0003365990414749831 0.024823425337672234 0.003217935562133789
v 0.00033103558234870434 0.02500009536743164 0.00024399900576099753
v 0.00032547235605306923 0.024821791797876358 -0.0027298012282699347
v 0.00034208354190923274 0.02429419755935669 0.006149665452539921
v 0.00033835077192634344 0.02469348907470703 0.004154311493039131
v -0.005647703539580107 0.022279174998402596 0.011604070663452148
v -0.005647703539580107 0.022279174998402596 0.011604070663452148
v -0.005647703539580107 0.022279174998402596 0.011604070663452148
v -0.0056527447886765 0.023456880822777748 0.008909473195672035
v -0.0056527447886765 0.023456880822777748 0.008909473195672035
v -0.0056527447886765 0.023456880822777748 0.008909473195672035
v 0.0003472254320513457 0.023456880822777748 0.008898247964680195
v 0.0003454863035585731 0.02377898432314396 0.007968595251441002
v -0.005643000826239586 0.017255883663892746 0.014117870479822159
v -0.005643000826239586 0.017255883663892746 0.014117870479822159
v -0.0011429792502894998 0.017255883663892746 0.014109451323747635
v -0.0011429792502894998 0.017255883663892746 0.014109451323747635
v -0.005627243779599667 -0.011342007666826248 0.022540941834449768
v -0.005627243779599667 -0.011342007666826248 0.022540941834449768
v -0.005627243779599667 -0.011342007666826248 0.022540941834449768
v -0.00562443770468235 -0.007717750500887632 0.024040747433900833
v -0.00562443770468235 -0.007717750500887632 0.024040747433900833
v -0.0056227268651127815 -0.003903460456058383 0.024955250322818756
v -0.0056227268651127815 -0.003903460456058383 0.024955250322818756
v -0.005622153636068106 6.85907843944733e-06 0.025261856615543365
v -0.005622153636068106 6.85907843944733e-06 0.025261856615543365
v -0.005622731056064367 0.003917007241398096 0.024953117594122887
v -0.005622731056064367 0.003917007241398096 0.024953117594122887
v -0.005624445620924234 0.007730796933174133 0.02403656207025051
v -0.005624445620924234 0.007730796933174133 0.02403656207025051
v -0.005627254955470562 0.01135427039116621 0.022534791380167007
v -0.005627254955470562 0.01135427039116621 0.022534791380167007
v -0.005636640824377537 -0.013855846598744392 0.017517708241939545
v -0.005636640824377537 -0.013855846598744392 0.017517708241939545
v -0.005636640824377537 -0.013855846598744392 0.017517708241939545
v -0.001136619015596807 -0.013855846598744392 0.01750928908586502
v -0.001136619015596807 -0.013855846598744392 0.01750928908586502
v -0.005652721039950848 -0.023451929911971092 0.008922049775719643
v -0.005652721039950848 -0.023451929911971092 0.008922049775719643
v -0.005647681187838316 -0.02227274887263775 0.0116160549223423
v -0.005647681187838316 -0.02227274887263775 0.0116160549223423
v 0.00034724894794635475 -0.023451929911971092 0.008910825476050377
v 0.00034197664353996515 -0.024307681247591972 0.006092516239732504
v 0.00034551016869954765 -0.0237745214253664 0.00798136368393898
v 0.00033472952782176435 -0.024922264739871025 0.0022185854613780975
v 0.0003383755683898926 -0.024691078811883926 0.0041675809770822525
v 0.0003273917827755213 -0.024923289194703102 -0.001703775953501463
v 0.00033106072805821896 -0.024999817833304405 0.0002574394457042217
v 0.0003201441140845418 -0.024310855194926262 -0.005578012205660343
v 0.0003237454511690885 -0.02469317615032196 -0.0036529216449707747
v -0.005690140184015036 -0.02227889746427536 -0.01108018308877945
v -0.005690140184015036 -0.02227889746427536 -0.01108018308877945
v -0.005690140184015036 -0.02227889746427536 -0.01108018308877945
v -0.005685098934918642 -0.023456603288650513 -0.008385585620999336
v -0.005685098934918642 -0.023456603288650513 -0.008385585620999336
v -0.005685098934918642 -0.023456603288650513 -0.008385585620999336
v 0.0003148708783555776 -0.023456603288650513 -0.008396809920668602
v 0.0003166100650560111 -0.023778656497597694 -0.007467120885848999
v -0.0056948428973555565 -0.01725565455853939 -0.01359401736408472
v -0.0056948428973555565 -0.01725565455853939 -0.01359401736408472
v -0.0011948209721595049 -0.01725565455853939 -0.013602436520159245
v -0.0011948209721595049 -0.01725565455853939 -0.013602436520159245
v -0.0011948209721595049 -0.01725565455853939 -0.013602436520159245
v -0.0011948209721595049 -0.01725565455853939 -0.013602436520159245
v -0.005628554150462151 0.01224703248590231 0.021840352565050125
v -0.005628554150462151 0.01224703248590231 0.021840352565050125
v -0.005630379542708397 0.012819224037230015 0.020864680409431458
v -0.005630379542708397 0.012819224037230015 0.020864680409431458
v -0.005644641816616058 0.01949172280728817 0.013240804895758629
v -0.005644641816616058 0.01949172280728817 0.013240804895758629
v -0.0056449612602591515 0.020609840750694275 0.013069945387542248
v -0.0056449612602591515 0.020609840750694275 0.013069945387542248
v -0.0056449612602591515 0.020609840750694275 0.013069945387542248
v -0.005646032746881247 0.021585149690508842 0.01249720063060522
v -0.005646032746881247 0.021585149690508842 0.01249720063060522
v -0.00564601132646203 -0.021578308194875717 0.012508816085755825
v -0.00564601132646203 -0.021578308194875717 0.012508816085755825
v -0.00564601132646203 -0.021578308194875717 0.012508816085755825
v -0.00564494077116251 -0.020602669566869736 0.013081056997179985
v -0.00564494077116251 -0.020602669566869736 0.013081056997179985
v -0.005632458254694939 -0.012978745624423027 0.01975349336862564
v -0.005632458254694939 -0.012978745624423027 0.01975349336862564
v -0.005630366504192352 -0.012807926163077354 0.02087157964706421
v -0.005630366504192352 -0.012807926163077354 0.02087157964706421
v -0.005628542043268681 -0.012235174886882305 0.021846964955329895
v -0.005628542043268681 -0.012235174886882305 0.021846964955329895
v -0.005705385468900204 0.01297903060913086 -0.019229600206017494
v -0.005705385468900204 0.01297903060913086 -0.019229600206017494
v -0.00570747721940279 0.012808163650333881 -0.020347721874713898
v -0.00570747721940279 0.012808163650333881 -0.020347721874713898
v -0.005709301680326462 0.01223545242100954 -0.021323079243302345
v -0.005709301680326462 0.01223545242100954 -0.021323079243302345
v -0.005691832397133112 0.021578585729002953 -0.011984928511083126
v -0.005691832397133112 0.021578585729002953 -0.011984928511083126
v -0.005691832397133112 0.021578585729002953 -0.011984928511083126
v -0.0056929029524326324 0.02060294710099697 -0.012557169422507286
v -0.0056929029524326324 0.02060294710099697 -0.012557169422507286
v -0.005693201906979084 -0.019491450861096382 -0.012716909870505333
v -0.005693201906979084 -0.019491450861096382 -0.012716909870505333
v -0.005692882463335991 -0.02060956321656704 -0.012546058744192123
v -0.005692882463335991 -0.02060956321656704 -0.012546058744192123
v -0.005691810976713896 -0.021584920585155487 -0.011973348446190357
v -0.005691810976713896 -0.021584920585155487 -0.011973348446190357
v -0.005709289573132992 -0.012246754951775074 -0.021316466853022575
v -0.005709289573132992 -0.012246754951775074 -0.021316466853022575
v -0.0057074641808867455 -0.012818996794521809 -0.020340830087661743
v -0.0057074641808867455 -0.012818996794521809 -0.020340830087661743
v -0.0011938671814277768 -0.0179353766143322 -0.01309257559478283
v -0.0011938671814277768 -0.0179353766143322 -0.01309257559478283
v -0.0011938671814277768 -0.0179353766143322 -0.01309257559478283
v -0.005693585611879826 -0.018281936645507812 -0.012921965681016445
v -0.005693585611879826 -0.018281936645507812 -0.012921965681016445
v -0.0012024528114125133 0.013346254825592041 -0.017681963741779327
v -0.0012024528114125133 0.013346254825592041 -0.017681963741779327
v -0.0012024528114125133 0.013346254825592041 -0.017681963741779327
v -0.0012024528114125133 0.013346254825592041 -0.017681963741779327
v -0.005703122820705175 0.013184071518480778 -0.01802009902894497
v -0.005703122820705175 0.013184071518480778 -0.01802009902894497
v -0.0011439330410212278 0.017935605719685555 0.013599591329693794
v -0.0011439330410212278 0.017935605719685555 0.013599591329693794
v -0.0011439330410212278 0.017935605719685555 0.013599591329693794
v -0.005644258111715317 0.018282214179635048 0.013445853255689144
v -0.005644258111715317 0.018282214179635048 0.013445853255689144
v -0.0011353475274518132 -0.013345934450626373 0.018188972026109695
v -0.0011353475274518132 -0.013345934450626373 0.018188972026109695
v -0.0011353475274518132 -0.013345934450626373 0.018188972026109695
v -0.0011353475274518132 -0.013345934450626373 0.018188972026109695
v -0.005634720902889967 -0.01318378560245037 0.018543992191553116
v -0.005634720902889967 -0.01318378560245037 0.018543992191553116
v -0.001189960166811943 -0.014451205730438232 -0.011004089377820492
v -0.001189960166811943 -0.014451205730438232 -0.011004089377820492
v -0.001189960166811943 -0.014451205730438232 -0.011004089377820492
v -0.001189960166811943 -0.014451205730438232 -0.011004089377820492
v -0.001189960166811943 -0.014451205730438232 -0.011004089377820492
v -0.001189960166811943 -0.014451205730438232 -0.011004089377820492
v -0.0011895467760041356 -0.013312230817973614 -0.01078307256102562
v -0.0011895467760041356 -0.013312230817973614 -0.01078307256102562
v -0.0011895467760041356 -0.013312230817973614 -0.01078307256102562
v -0.0011895467760041356 -0.013312230817973614 -0.01078307256102562
v -0.0011895467760041356 -0.013312230817973614 -0.01078307256102562
v -0.0011901819380000234 -0.012202773243188858 -0.011122609488666058
v -0.0011901819380000234 -0.012202773243188858 -0.011122609488666058
v -0.0011901819380000234 -0.012202773243188858 -0.011122609488666058
v -0.0011901819380000234 -0.012202773243188858 -0.011122609488666058
v -0.0011917171068489552 -0.011382623575627804 -0.011943243443965912
v -0.0011917171068489552 -0.011382623575627804 -0.011943243443965912
v -0.0011917171068489552 -0.011382623575627804 -0.011943243443965912
v -0.0011917171068489552 -0.011382623575627804 -0.011943243443965912
v -0.0011917171068489552 -0.011382623575627804 -0.011943243443965912
v -0.0011937929084524512 -0.011043645441532135 -0.013052844442427158
v -0.0011937929084524512 -0.011043645441532135 -0.013052844442427158
v -0.0011937929084524512 -0.011043645441532135 -0.013052844442427158
v -0.0011937929084524512 -0.011043645441532135 -0.013052844442427158
v -0.0011937929084524512 -0.011043645441532135 -0.013052844442427158
v -0.0011937929084524512 -0.011043645441532135 -0.013052844442427158
v -0.001195923425257206 -0.011265245266258717 -0.014191713184118271
v -0.001195923425257206 -0.011265245266258717 -0.014191713184118271
v -0.001195923425257206 -0.011265245266258717 -0.014191713184118271
v -0.001195923425257206 -0.011265245266258717 -0.014191713184118271
v -0.001195923425257206 -0.011265245266258717 -0.014191713184118271
v -0.001194644602946937 -0.01220704149454832 -0.013508145697414875
v -0.001194644602946937 -0.01220704149454832 -0.013508145697414875
v -0.001194644602946937 -0.01220704149454832 -0.013508145697414875
v -0.001194644602946937 -0.01220704149454832 -0.013508145697414875
v -0.001194644602946937 -0.01220704149454832 -0.013508145697414875
v -0.0011934099020436406 -0.012206858024001122 -0.01284812856465578
v -0.0011934099020436406 -0.012206858024001122 -0.01284812856465578
v -0.0011934099020436406 -0.012206858024001122 -0.01284812856465578
v -0.0011934099020436406 -0.012206858024001122 -0.01284812856465578
v -0.001194643322378397 -0.014670155942440033 -0.013507467694580555
v -0.001194643322378397 -0.014670155942440033 -0.013507467694580555
v -0.001194643322378397 -0.014670155942440033 -0.013507467694580555
v -0.001194643322378397 -0.014670155942440033 -0.013507467694580555
v -0.001194643322378397 -0.014670155942440033 -0.013507467694580555
v -0.001194643322378397 -0.014670155942440033 -0.013507467694580555
v -0.001195712829940021 -0.014340301044285297 -0.01407915074378252
v -0.001195712829940021 -0.014340301044285297 -0.01407915074378252
v -0.001195712829940021 -0.014340301044285297 -0.01407915074378252
v -0.001196330413222313 -0.013768820092082024 -0.014409266412258148
v -0.001196330413222313 -0.013768820092082024 -0.014409266412258148
v -0.001196330413222313 -0.013768820092082024 -0.014409266412258148
v -0.001196330413222313 -0.013768820092082024 -0.014409266412258148
v -0.0011923405108973384 -0.012536684051156044 -0.012276485562324524
v -0.0011923405108973384 -0.012536684051156044 -0.012276485562324524
v -0.0011917229276150465 -0.013108163140714169 -0.011946368962526321
v -0.0011917229276150465 -0.013108163140714169 -0.011946368962526321
v -0.0011917229276150465 -0.013108163140714169 -0.011946368962526321
v -0.0011917229276150465 -0.013108163140714169 -0.011946368962526321
v -0.001191722578369081 -0.013768190518021584 -0.011946192011237144
v -0.001191722578369081 -0.013768190518021584 -0.011946192011237144
v -0.001191722578369081 -0.013768190518021584 -0.011946192011237144
v -0.001191722578369081 -0.013768190518021584 -0.011946192011237144
v -0.0011905040591955185 -0.014816876500844955 -0.011294840835034847
v -0.0011905040591955185 -0.014816876500844955 -0.011294840835034847
v -0.0011905040591955185 -0.014816876500844955 -0.011294840835034847
v -0.0011905040591955185 -0.014816876500844955 -0.011294840835034847
v -0.0011905040591955185 -0.014816876500844955 -0.011294840835034847
v -0.0011905040591955185 -0.014816876500844955 -0.011294840835034847
v -0.0011923395795747638 -0.014339827001094818 -0.01227601245045662
v -0.0011923395795747638 -0.014339827001094818 -0.01227601245045662
v -0.0011923395795747638 -0.014339827001094818 -0.01227601245045662
v -0.0011923395795747638 -0.014339827001094818 -0.01227601245045662
v -0.0011923395795747638 -0.014339827001094818 -0.01227601245045662
v -0.0011912994086742401 -0.015010586939752102 -0.01171997468918562
v -0.0011912994086742401 -0.015010586939752102 -0.01171997468918562
v -0.0011912994086742401 -0.015010586939752102 -0.01171997468918562
v -0.0011912994086742401 -0.015010586939752102 -0.01171997468918562
v -0.0011912994086742401 -0.015010586939752102 -0.01171997468918562
v -0.0011912994086742401 -0.015010586939752102 -0.01171997468918562
v -0.0011928859166800976 -0.015396229922771454 -0.012568000704050064
v -0.0011928859166800976 -0.015396229922771454 -0.012568000704050064
v -0.0011928859166800976 -0.015396229922771454 -0.012568000704050064
v -0.0011928859166800976 -0.015396229922771454 -0.012568000704050064
v -0.0011928859166800976 -0.015396229922771454 -0.012568000704050064
v -0.0011928859166800976 -0.015396229922771454 -0.012568000704050064
v -0.0011934087378904223 -0.014669942669570446 -0.01284749060869217
v -0.0011934087378904223 -0.014669942669570446 -0.01284749060869217
v -0.0011934087378904223 -0.014669942669570446 -0.01284749060869217
v -0.0011934087378904223 -0.014669942669570446 -0.01284749060869217
v -0.001193973352201283 -0.016124248504638672 -0.013149314559996128
v -0.001193973352201283 -0.016124248504638672 -0.013149314559996128
v -0.001193973352201283 -0.016124248504638672 -0.013149314559996128
v -0.001193973352201283 -0.016124248504638672 -0.013149314559996128
v -0.001193973352201283 -0.016124248504638672 -0.013149314559996128
v -0.001193973352201283 -0.016124248504638672 -0.013149314559996128
v -0.0011943259742110968 -0.017036590725183487 -0.0133378179743886
v -0.0011943259742110968 -0.017036590725183487 -0.0133378179743886
v -0.0011943259742110968 -0.017036590725183487 -0.0133378179743886
v -0.0011943259742110968 -0.017036590725183487 -0.0133378179743886
v -0.0011966071324422956 -0.011556204408407211 -0.01455721165984869
v -0.0011966071324422956 -0.011556204408407211 -0.01455721165984869
v -0.0011966071324422956 -0.011556204408407211 -0.01455721165984869
v -0.0011966071324422956 -0.011556204408407211 -0.01455721165984869
v -0.0011966071324422956 -0.011556204408407211 -0.01455721165984869
v -0.0011966071324422956 -0.011556204408407211 -0.01455721165984869
v -0.0011957137612625957 -0.012537158094346523 -0.014079624786973
v -0.0011957137612625957 -0.012537158094346523 -0.014079624786973
v -0.0011957137612625957 -0.012537158094346523 -0.014079624786973
v -0.0011957137612625957 -0.012537158094346523 -0.014079624786973
v -0.0011969690676778555 -0.011981433257460594 -0.014750700443983078
v -0.0011969690676778555 -0.011981433257460594 -0.014750700443983078
v -0.0011969690676778555 -0.011981433257460594 -0.014750700443983078
v -0.0011969690676778555 -0.011981433257460594 -0.014750700443983078
v -0.0011969690676778555 -0.011981433257460594 -0.014750700443983078
v -0.0011963307624682784 -0.013108843006193638 -0.014409479685127735
v -0.0011963307624682784 -0.013108843006193638 -0.014409479685127735
v -0.0011963307624682784 -0.013108843006193638 -0.014409479685127735
v -0.001197689794935286 -0.012829712592065334 -0.01513590943068266
v -0.001197689794935286 -0.012829712592065334 -0.01513590943068266
v -0.001197689794935286 -0.012829712592065334 -0.01513590943068266
v -0.001197689794935286 -0.012829712592065334 -0.01513590943068266
v -0.001197689794935286 -0.012829712592065334 -0.01513590943068266
v -0.0011990510392934084 -0.013411442749202251 -0.01586359366774559
v -0.0011990510392934084 -0.013411442749202251 -0.01586359366774559
v -0.0011990510392934084 -0.013411442749202251 -0.01586359366774559
v -0.0011990510392934084 -0.013411442749202251 -0.01586359366774559
v -0.0011990510392934084 -0.013411442749202251 -0.01586359366774559
v -0.0012007575714960694 -0.013600392267107964 -0.016775818541646004
v -0.0012007575714960694 -0.013600392267107964 -0.016775818541646004
v -0.0012007575714960694 -0.013600392267107964 -0.016775818541646004
v -0.001195934833958745 0.011257773265242577 -0.014197793789207935
v -0.001195934833958745 0.011257773265242577 -0.014197793789207935
v -0.001195934833958745 0.011257773265242577 -0.014197793789207935
v -0.001195934833958745 0.011257773265242577 -0.014197793789207935
v -0.001195934833958745 0.011257773265242577 -0.014197793789207935
v -0.0011938040843233466 0.011036756448447704 -0.013058820739388466
v -0.0011938040843233466 0.011036756448447704 -0.013058820739388466
v -0.0011938040843233466 0.011036756448447704 -0.013058820739388466
v -0.0011938040843233466 0.011036756448447704 -0.013058820739388466
v -0.0011938040843233466 0.011036756448447704 -0.013058820739388466
v -0.0011938040843233466 0.011036756448447704 -0.013058820739388466
v -0.0011917285155504942 0.011376293376088142 -0.011949365958571434
v -0.0011917285155504942 0.011376293376088142 -0.011949365958571434
v -0.0011917285155504942 0.011376293376088142 -0.011949365958571434
v -0.0011917285155504942 0.011376293376088142 -0.011949365958571434
v -0.0011917285155504942 0.011376293376088142 -0.011949365958571434
v -0.001190194278024137 0.012196929194033146 -0.011129217222332954
v -0.001190194278024137 0.012196929194033146 -0.011129217222332954
v -0.001190194278024137 0.012196929194033146 -0.011129217222332954
v -0.001190194278024137 0.012196929194033146 -0.011129217222332954
v -0.001190194278024137 0.012196929194033146 -0.011129217222332954
v -0.0011895601637661457 0.013306532055139542 -0.01079024001955986
v -0.0011895601637661457 0.013306532055139542 -0.01079024001955986
v -0.0011895601637661457 0.013306532055139542 -0.01079024001955986
v -0.0011895601637661457 0.013306532055139542 -0.01079024001955986
v -0.0011895601637661457 0.013306532055139542 -0.01079024001955986
v -0.0011899747187271714 0.014445353299379349 -0.011011874303221703
v -0.0011899747187271714 0.014445353299379349 -0.011011874303221703
v -0.0011899747187271714 0.014445353299379349 -0.011011874303221703
v -0.0011899747187271714 0.014445353299379349 -0.011011874303221703
v -0.0011899747187271714 0.014445353299379349 -0.011011874303221703
v -0.0011957264505326748 0.012529698200523853 -0.014086415059864521
v -0.0011957264505326748 0.012529698200523853 -0.014086415059864521
v -0.0011957264505326748 0.012529698200523853 -0.014086415059864521
v -0.0011957264505326748 0.012529698200523853 -0.014086415059864521
v -0.0011969811748713255 0.01197366788983345 -0.014757168479263783
v -0.0011969811748713255 0.01197366788983345 -0.014757168479263783
v -0.0011969811748713255 0.01197366788983345 -0.014757168479263783
v -0.0011969811748713255 0.01197366788983345 -0.014757168479263783
v -0.0011969811748713255 0.01197366788983345 -0.014757168479263783
v -0.0011969811748713255 0.01197366788983345 -0.014757168479263783
v -0.0011966188903898 0.011548524722456932 -0.014563464559614658
v -0.0011966188903898 0.011548524722456932 -0.014563464559614658
v -0.0011966188903898 0.011548524722456932 -0.014563464559614658
v -0.0011966188903898 0.011548524722456932 -0.014563464559614658
v -0.0011946582235395908 0.01466295588761568 -0.013515409082174301
v -0.0011946582235395908 0.01466295588761568 -0.013515409082174301
v -0.0011946582235395908 0.01466295588761568 -0.013515409082174301
v -0.0011957272654399276 0.014332840219140053 -0.014086889103055
v -0.0011957272654399276 0.014332840219140053 -0.014086889103055
v -0.0011957272654399276 0.014332840219140053 -0.014086889103055
v -0.0011963443830609322 0.013761155307292938 -0.014416744001209736
v -0.0011963443830609322 0.013761155307292938 -0.014416744001209736
v -0.0011963443830609322 0.013761155307292938 -0.014416744001209736
v -0.0011963443830609322 0.013761155307292938 -0.014416744001209736
v -0.0011923532001674175 0.012530171312391758 -0.012283275835216045
v -0.0011923532001674175 0.012530171312391758 -0.012283275835216045
v -0.0011923532001674175 0.012530171312391758 -0.012283275835216045
v -0.0011923532001674175 0.012530171312391758 -0.012283275835216045
v -0.0011923532001674175 0.012530171312391758 -0.012283275835216045
v -0.001191736082546413 0.01310186367481947 -0.011953415349125862
v -0.001191736082546413 0.01310186367481947 -0.011953415349125862
v -0.0011917365482077003 0.013761833310127258 -0.011953634209930897
v -0.0011917365482077003 0.013761833310127258 -0.011953634209930897
v -0.0011917365482077003 0.013761833310127258 -0.011953634209930897
v -0.0011946570593863726 0.012199877761304379 -0.013514779508113861
v -0.0011946570593863726 0.012199877761304379 -0.013514779508113861
v -0.0011934222420677543 0.012200054712593555 -0.012854753993451595
v -0.0011934222420677543 0.012200054712593555 -0.012854753993451595
v -0.0011934222420677543 0.012200054712593555 -0.012854753993451595
v -0.0011934222420677543 0.012200054712593555 -0.012854753993451595
v -0.0011905189603567123 0.014810902066528797 -0.011302797123789787
v -0.0011905189603567123 0.014810902066528797 -0.011302797123789787
v -0.0011905189603567123 0.014810902066528797 -0.011302797123789787
v -0.0011905189603567123 0.014810902066528797 -0.011302797123789787
v -0.0011923541314899921 0.014333313331007957 -0.012283749878406525
v -0.0011923541314899921 0.014333313331007957 -0.012283749878406525
v -0.0011923541314899921 0.014333313331007957 -0.012283749878406525
v -0.0011913145426660776 0.015004390850663185 -0.01172802597284317
v -0.0011913145426660776 0.015004390850663185 -0.01172802597284317
v -0.0011913145426660776 0.015004390850663185 -0.01172802597284317
v -0.0011913145426660776 0.015004390850663185 -0.01172802597284317
v -0.0011934235226362944 0.014663169160485268 -0.01285543292760849
v -0.0011934235226362944 0.014663169160485268 -0.01285543292760849
v -0.0011934235226362944 0.014663169160485268 -0.01285543292760849
v -0.0011934235226362944 0.014663169160485268 -0.01285543292760849
v -0.0011929013999179006 0.015389600768685341 -0.012576303444802761
v -0.0011929013999179006 0.015389600768685341 -0.012576303444802761
v -0.0011929013999179006 0.015389600768685341 -0.012576303444802761
v -0.0011929013999179006 0.015389600768685341 -0.012576303444802761
v -0.0011939896503463387 0.016117285937070847 -0.013158032670617104
v -0.0011939896503463387 0.016117285937070847 -0.013158032670617104
v -0.0011939896503463387 0.016117285937070847 -0.013158032670617104
v -0.0011939896503463387 0.016117285937070847 -0.013158032670617104
v -0.0011943432036787271 0.017029546201229095 -0.013347030617296696
v -0.0011943432036787271 0.017029546201229095 -0.013347030617296696
v -0.0011943432036787271 0.017029546201229095 -0.013347030617296696
v -0.0011943432036787271 0.017029546201229095 -0.013347030617296696
v -0.0011943432036787271 0.017029546201229095 -0.013347030617296696
v -0.0011977027170360088 0.012821687385439873 -0.015142816118896008
v -0.0011977027170360088 0.012821687385439873 -0.015142816118896008
v -0.0011977027170360088 0.012821687385439873 -0.015142816118896008
v -0.0011977027170360088 0.012821687385439873 -0.015142816118896008
v -0.0011977027170360088 0.012821687385439873 -0.015142816118896008
v -0.0011963440338149667 0.013101178221404552 -0.014416530728340149
v -0.0011963440338149667 0.013101178221404552 -0.014416530728340149
v -0.0011963440338149667 0.013101178221404552 -0.014416530728340149
v -0.0011990646598860621 0.013403002172708511 -0.01587083376944065
v -0.0011990646598860621 0.013403002172708511 -0.01587083376944065
v -0.0011990646598860621 0.013403002172708511 -0.01587083376944065
v -0.0011990646598860621 0.013403002172708511 -0.01587083376944065
v -0.0011990646598860621 0.013403002172708511 -0.01587083376944065
v -0.001200771308504045 0.013591505587100983 -0.016783174127340317
v -0.001200771308504045 0.013591505587100983 -0.016783174127340317
v -0.001200771308504045 0.013591505587100983 -0.016783174127340317
v -0.001200771308504045 0.013591505587100983 -0.016783174127340317
v -0.0011478400556370616 0.014451483264565468 0.011511139571666718
v -0.0011478400556370616 0.014451483264565468 0.011511139571666718
v -0.0011478400556370616 0.014451483264565468 0.011511139571666718
v -0.0011478400556370616 0.014451483264565468 0.011511139571666718
v -0.0011478400556370616 0.014451483264565468 0.011511139571666718
v -0.0011478400556370616 0.014451483264565468 0.011511139571666718
v -0.001148253446444869 0.01331250835210085 0.01129012368619442
v -0.001148253446444869 0.01331250835210085 0.01129012368619442
v -0.001148253446444869 0.01331250835210085 0.01129012368619442
v -0.001148253446444869 0.01331250835210085 0.01129012368619442
v -0.0011476182844489813 0.012203050777316093 0.011629659682512283
v -0.0011476182844489813 0.012203050777316093 0.011629659682512283
v -0.0011476182844489813 0.012203050777316093 0.011629659682512283
v -0.0011476182844489813 0.012203050777316093 0.011629659682512283
v -0.0011476182844489813 0.012203050777316093 0.011629659682512283
v -0.0011460831156000495 0.01138290110975504 0.012450294569134712
v -0.0011460831156000495 0.01138290110975504 0.012450294569134712
v -0.0011460831156000495 0.01138290110975504 0.012450294569134712
v -0.0011460831156000495 0.01138290110975504 0.012450294569134712
v -0.0011460831156000495 0.01138290110975504 0.012450294569134712
v -0.0011460831156000495 0.01138290110975504 0.012450294569134712
v -0.0011440073139965534 0.01104392297565937 0.013559895567595959
v -0.0011440073139965534 0.01104392297565937 0.013559895567595959
v -0.0011440073139965534 0.01104392297565937 0.013559895567595959
v -0.0011440073139965534 0.01104392297565937 0.013559895567595959
v -0.0011440073139965534 0.01104392297565937 0.013559895567595959
v -0.0011440073139965534 0.01104392297565937 0.013559895567595959
v -0.0011418769136071205 0.011265558190643787 0.014698714949190617
v -0.0011418769136071205 0.011265558190643787 0.014698714949190617
v -0.0011418769136071205 0.011265558190643787 0.014698714949190617
v -0.0011418769136071205 0.011265558190643787 0.014698714949190617
v -0.0011418769136071205 0.011265558190643787 0.014698714949190617
v -0.0011431556195020676 0.012207319028675556 0.0140151958912611
v -0.0011431556195020676 0.012207319028675556 0.0140151958912611
v -0.0011431556195020676 0.012207319028675556 0.0140151958912611
v -0.0011431556195020676 0.012207319028675556 0.0140151958912611
v -0.0011443902039900422 0.012207101099193096 0.013355227187275887
v -0.0011443902039900422 0.012207101099193096 0.013355227187275887
v -0.0011443902039900422 0.012207101099193096 0.013355227187275887
v -0.0011443902039900422 0.012207101099193096 0.013355227187275887
v -0.0011431567836552858 0.014670398086309433 0.01401456631720066
v -0.0011431567836552858 0.014670398086309433 0.01401456631720066
v -0.0011431567836552858 0.014670398086309433 0.01401456631720066
v -0.0011420873925089836 0.014340578578412533 0.01458620186895132
v -0.0011420873925089836 0.014340578578412533 0.01458620186895132
v -0.0011420873925089836 0.014340578578412533 0.01458620186895132
v -0.0011414698092266917 0.013769097626209259 0.014916316606104374
v -0.0011414698092266917 0.013769097626209259 0.014916316606104374
v -0.0011414698092266917 0.013769097626209259 0.014916316606104374
v -0.0011414698092266917 0.013769097626209259 0.014916316606104374
v -0.0011414698092266917 0.013769097626209259 0.014916316606104374
v -0.0011454597115516663 0.01253696158528328 0.01278353575617075
v -0.0011454597115516663 0.01253696158528328 0.01278353575617075
v -0.0011454597115516663 0.01253696158528328 0.01278353575617075
v -0.0011460772948339581 0.013108441606163979 0.012453420087695122
v -0.0011460772948339581 0.013108441606163979 0.012453420087695122
v -0.0011460772948339581 0.013108441606163979 0.012453420087695122
v -0.0011460776440799236 0.013768468052148819 0.01245324220508337
v -0.0011460776440799236 0.013768468052148819 0.01245324220508337
v -0.0011460776440799236 0.013768468052148819 0.01245324220508337
v -0.0011460776440799236 0.013768468052148819 0.01245324220508337
v -0.0011472961632534862 0.014817160554230213 0.011801882646977901
v -0.0011472961632534862 0.014817160554230213 0.011801882646977901
v -0.0011472961632534862 0.014817160554230213 0.011801882646977901
v -0.0011472961632534862 0.014817160554230213 0.011801882646977901
v -0.0011472961632534862 0.014817160554230213 0.011801882646977901
v -0.0011472961632534862 0.014817160554230213 0.011801882646977901
v -0.0011454606428742409 0.014340104535222054 0.012783062644302845
v -0.0011454606428742409 0.014340104535222054 0.012783062644302845
v -0.0011454606428742409 0.014340104535222054 0.012783062644302845
v -0.0011454606428742409 0.014340104535222054 0.012783062644302845
v -0.0011454606428742409 0.014340104535222054 0.012783062644302845
v -0.0011465008137747645 0.01501087099313736 0.012227017432451248
v -0.0011465008137747645 0.01501087099313736 0.012227017432451248
v -0.0011465008137747645 0.01501087099313736 0.012227017432451248
v -0.0011465008137747645 0.01501087099313736 0.012227017432451248
v -0.0011465008137747645 0.01501087099313736 0.012227017432451248
v -0.0011465008137747645 0.01501087099313736 0.012227017432451248
v -0.001144914305768907 0.01539650745689869 0.01307505089789629
v -0.001144914305768907 0.01539650745689869 0.01307505089789629
v -0.001144914305768907 0.01539650745689869 0.01307505089789629
v -0.001144914305768907 0.01539650745689869 0.01307505089789629
v -0.001144914305768907 0.01539650745689869 0.01307505089789629
v -0.001144914305768907 0.01539650745689869 0.01307505089789629
v -0.0011443914845585823 0.014670221135020256 0.01335454173386097
v -0.0011443914845585823 0.014670221135020256 0.01335454173386097
v -0.0011443914845585823 0.014670221135020256 0.01335454173386097
v -0.0011438268702477217 0.016124526038765907 0.013656365685164928
v -0.0011438268702477217 0.016124526038765907 0.013656365685164928
v -0.0011438268702477217 0.016124526038765907 0.013656365685164928
v -0.0011438268702477217 0.016124526038765907 0.013656365685164928
v -0.0011434742482379079 0.017036868259310722 0.013844868168234825
v -0.0011434742482379079 0.017036868259310722 0.013844868168234825
v -0.0011434742482379079 0.017036868259310722 0.013844868168234825
v -0.001141193090006709 0.011556481942534447 0.015064261853694916
v -0.001141193090006709 0.011556481942534447 0.015064261853694916
v -0.001141193090006709 0.011556481942534447 0.015064261853694916
v -0.001141193090006709 0.011556481942534447 0.015064261853694916
v -0.001141193090006709 0.011556481942534447 0.015064261853694916
v -0.001142086461186409 0.012537435628473759 0.014586674980819225
v -0.001142086461186409 0.012537435628473759 0.014586674980819225
v -0.001142086461186409 0.012537435628473759 0.014586674980819225
v -0.0011408311547711492 0.011981711722910404 0.015257751569151878
v -0.0011408311547711492 0.011981711722910404 0.015257751569151878
v -0.0011408311547711492 0.011981711722910404 0.015257751569151878
v -0.0011408311547711492 0.011981711722910404 0.015257751569151878
v -0.0011408311547711492 0.011981711722910404 0.015257751569151878
v -0.0011414694599807262 0.013109072111546993 0.014916494488716125
v -0.0011414694599807262 0.013109072111546993 0.014916494488716125
v -0.0011414694599807262 0.013109072111546993 0.014916494488716125
v -0.0011414694599807262 0.013109072111546993 0.014916494488716125
v -0.0011401104275137186 0.01282999012619257 0.015642959624528885
v -0.0011401104275137186 0.01282999012619257 0.015642959624528885
v -0.0011401104275137186 0.01282999012619257 0.015642959624528885
v -0.0011401104275137186 0.01282999012619257 0.015642959624528885
v -0.0011401104275137186 0.01282999012619257 0.015642959624528885
v -0.0011401104275137186 0.01282999012619257 0.015642959624528885
v -0.0011387491831555963 0.013411720283329487 0.01637064479291439
v -0.0011387491831555963 0.013411720283329487 0.01637064479291439
v -0.0011387491831555963 0.013411720283329487 0.01637064479291439
v -0.0011387491831555963 0.013411720283329487 0.01637064479291439
v -0.0011387491831555963 0.013411720283329487 0.01637064479291439
v -0.0011370426509529352 0.013600669801235199 0.017282869666814804
v -0.0011370426509529352 0.013600669801235199 0.017282869666814804
v -0.0011370426509529352 0.013600669801235199 0.017282869666814804
v -0.0011370426509529352 0.013600669801235199 0.017282869666814804
v -0.0011418653884902596 -0.011257495731115341 0.014704843983054161
v -0.0011418653884902596 -0.011257495731115341 0.014704843983054161
v -0.0011418653884902596 -0.011257495731115341 0.014704843983054161
v -0.0011418653884902596 -0.011257495731115341 0.014704843983054161
v -0.0011418653884902596 -0.011257495731115341 0.014704843983054161
v -0.001143996138125658 -0.011036478914320469 0.013565871864557266
v -0.001143996138125658 -0.011036478914320469 0.013565871864557266
v -0.001143996138125658 -0.011036478914320469 0.013565871864557266
v -0.001143996138125658 -0.011036478914320469 0.013565871864557266
v -0.001143996138125658 -0.011036478914320469 0.013565871864557266
v -0.001143996138125658 -0.011036478914320469 0.013565871864557266
v -0.0011460717068985105 -0.011376015841960907 0.01245641615241766
v -0.0011460717068985105 -0.011376015841960907 0.01245641615241766
v -0.0011460717068985105 -0.011376015841960907 0.01245641615241766
v -0.0011460717068985105 -0.011376015841960907 0.01245641615241766
v -0.0011460717068985105 -0.011376015841960907 0.01245641615241766
v -0.0011476059444248676 -0.01219665165990591 0.01163626741617918
v -0.0011476059444248676 -0.01219665165990591 0.01163626741617918
v -0.0011476059444248676 -0.01219665165990591 0.01163626741617918
v -0.0011476059444248676 -0.01219665165990591 0.01163626741617918
v -0.0011476059444248676 -0.01219665165990591 0.01163626741617918
v -0.0011476059444248676 -0.01219665165990591 0.01163626741617918
v -0.001148240058682859 -0.013306254521012306 0.011297290213406086
v -0.001148240058682859 -0.013306254521012306 0.011297290213406086
v -0.001148240058682859 -0.013306254521012306 0.011297290213406086
v -0.001148240058682859 -0.013306254521012306 0.011297290213406086
v -0.001148240058682859 -0.013306254521012306 0.011297290213406086
v -0.001148240058682859 -0.013306254521012306 0.011297290213406086
v -0.0011478255037218332 -0.014445124194025993 0.011518890038132668
v -0.0011478255037218332 -0.014445124194025993 0.011518890038132668
v -0.0011478255037218332 -0.014445124194025993 0.011518890038132668
v -0.0011478255037218332 -0.014445124194025993 0.011518890038132668
v -0.0011478255037218332 -0.014445124194025993 0.011518890038132668
v -0.0011420737719163299 -0.012529420666396618 0.014593465253710747
v -0.0011420737719163299 -0.012529420666396618 0.014593465253710747
v -0.0011420737719163299 -0.012529420666396618 0.014593465253710747
v -0.0011420737719163299 -0.012529420666396618 0.014593465253710747
v -0.0011408190475776792 -0.011973390355706215 0.015264218673110008
v -0.0011408190475776792 -0.011973390355706215 0.015264218673110008
v -0.0011408190475776792 -0.011973390355706215 0.015264218673110008
v -0.0011408190475776792 -0.011973390355706215 0.015264218673110008
v -0.0011408190475776792 -0.011973390355706215 0.015264218673110008
v -0.0011408190475776792 -0.011973390355706215 0.015264218673110008
v -0.0011411813320592046 -0.011548238806426525 0.015070521272718906
v -0.0011411813320592046 -0.011548238806426525 0.015070521272718906
v -0.0011411813320592046 -0.011548238806426525 0.015070521272718906
v -0.0011411813320592046 -0.011548238806426525 0.015070521272718906
v -0.0011411813320592046 -0.011548238806426525 0.015070521272718906
v -0.0011411813320592046 -0.011548238806426525 0.015070521272718906
v -0.0011431419989094138 -0.014662678353488445 0.014022459276020527
v -0.0011431419989094138 -0.014662678353488445 0.014022459276020527
v -0.001142072957009077 -0.014332562685012817 0.0145939402282238
v -0.001142072957009077 -0.014332562685012817 0.0145939402282238
v -0.0011414558393880725 -0.013760877773165703 0.014923794195055962
v -0.0011414558393880725 -0.013760877773165703 0.014923794195055962
v -0.0011414558393880725 -0.013760877773165703 0.014923794195055962
v -0.0011460636742413044 -0.013761555776000023 0.012460684403777122
v -0.0011460636742413044 -0.013761555776000023 0.012460684403777122
v -0.0011460636742413044 -0.013761555776000023 0.012460684403777122
v -0.0011472812620922923 -0.014810623601078987 0.011809848248958588
v -0.0011472812620922923 -0.014810623601078987 0.011809848248958588
v -0.0011472812620922923 -0.014810623601078987 0.011809848248958588
v -0.0011472812620922923 -0.014810623601078987 0.011809848248958588
v -0.0011454460909590125 -0.014333035796880722 0.01279080007225275
v -0.0011454460909590125 -0.014333035796880722 0.01279080007225275
v -0.001146485679782927 -0.01500411331653595 0.01223507709801197
v -0.001146485679782927 -0.01500411331653595 0.01223507709801197
v -0.001146485679782927 -0.01500411331653595 0.01223507709801197
v -0.0011443766998127103 -0.014662891626358032 0.01336248405277729
v -0.0011443766998127103 -0.014662891626358032 0.01336248405277729
v -0.001144898822531104 -0.015389323234558105 0.013083353638648987
v -0.001144898822531104 -0.015389323234558105 0.013083353638648987
v -0.001144898822531104 -0.015389323234558105 0.013083353638648987
v -0.001144898822531104 -0.015389323234558105 0.013083353638648987
v -0.001143810572102666 -0.01611700840294361 0.013665083795785904
v -0.001143810572102666 -0.01611700840294361 0.013665083795785904
v -0.001143810572102666 -0.01611700840294361 0.013665083795785904
v -0.001143810572102666 -0.01611700840294361 0.013665083795785904
v -0.0011434570187702775 -0.01702926866710186 0.013854080811142921
v -0.0011434570187702775 -0.01702926866710186 0.013854080811142921
v -0.0011434570187702775 -0.01702926866710186 0.013854080811142921
v -0.0011434570187702775 -0.01702926866710186 0.013854080811142921
v -0.0011454470222815871 -0.012529893778264523 0.012790326029062271
v -0.0011454470222815871 -0.012529893778264523 0.012790326029062271
v -0.0011454470222815871 -0.012529893778264523 0.012790326029062271
v -0.0011454470222815871 -0.012529893778264523 0.012790326029062271
v -0.0011454470222815871 -0.012529893778264523 0.012790326029062271
v -0.0011460641399025917 -0.013101586140692234 0.012460465542972088
v -0.0011460641399025917 -0.013101586140692234 0.012460465542972088
v -0.0011460641399025917 -0.013101586140692234 0.012460465542972088
v -0.001143143163062632 -0.012199600227177143 0.014021830633282661
v -0.001143143163062632 -0.012199600227177143 0.014021830633282661
v -0.001143143163062632 -0.012199600227177143 0.014021830633282661
v -0.001143143163062632 -0.012199600227177143 0.014021830633282661
v -0.0011443778639659286 -0.01219977717846632 0.013361805118620396
v -0.0011443778639659286 -0.01219977717846632 0.013361805118620396
v -0.0011443778639659286 -0.01219977717846632 0.013361805118620396
v -0.0011443778639659286 -0.01219977717846632 0.013361805118620396
v -0.0011400975054129958 -0.012821409851312637 0.015649866312742233
v -0.0011400975054129958 -0.012821409851312637 0.015649866312742233
v -0.0011400975054129958 -0.012821409851312637 0.015649866312742233
v -0.0011400975054129958 -0.012821409851312637 0.015649866312742233
v -0.001141456188634038 -0.013100899755954742 0.01492358185350895
v -0.001141456188634038 -0.013100899755954742 0.01492358185350895
v -0.001141456188634038 -0.013100899755954742 0.01492358185350895
v -0.0011387355625629425 -0.013402724638581276 0.01637788489460945
v -0.0011387355625629425 -0.013402724638581276 0.01637788489460945
v -0.0011387355625629425 -0.013402724638581276 0.01637788489460945
v -0.0011387355625629425 -0.013402724638581276 0.01637788489460945
v -0.0011370289139449596 -0.013591228052973747 0.017290225252509117
v -0.0011370289139449596 -0.013591228052973747 0.017290225252509117
v -0.0011370289139449596 -0.013591228052973747 0.017290225252509117
v -0.0011370289139449596 -0.013591228052973747 0.017290225252509117
v 0.00011094116052845493 -0.019695967435836792 0.015647994354367256
v -0.0006423964514397085 -0.01937277428805828 0.014441884122788906
v -0.0006423964514397085 -0.01937277428805828 0.014441884122788906
v -0.0006423964514397085 -0.01937277428805828 0.014441884122788906
v -0.0006423964514397085 -0.01937277428805828 0.014441884122788906
v -0.000642396102193743 -0.020019816234707832 0.014442086219787598
v -0.000642396102193743 -0.020019816234707832 0.014442086219787598
v -0.000642396102193743 -0.020019816234707832 0.014442086219787598
v -0.0006417914992198348 -0.01881229877471924 0.014765279367566109
v -0.0006417914992198348 -0.01881229877471924 0.014765279367566109
v -0.0006417914992198348 -0.01881229877471924 0.014765279367566109
v -0.0006417914992198348 -0.01881229877471924 0.014765279367566109
v -0.0006407421315088868 -0.020903486758470535 0.015326208434998989
v -0.0006407421315088868 -0.020903486758470535 0.015326208434998989
v -0.0006407421315088868 -0.020903486758470535 0.015326208434998989
v -0.0006395317032001913 -0.02090327814221382 0.01597324013710022
v -0.0006395317032001913 -0.02090327814221382 0.01597324013710022
v -0.0006395317032001913 -0.02090327814221382 0.01597324013710022
v -0.0006395317032001913 -0.02090327814221382 0.01597324013710022
v -0.0006417906261049211 -0.020580090582370758 0.014765731990337372
v -0.0006417906261049211 -0.020580090582370758 0.014765731990337372
v -0.0006417906261049211 -0.020580090582370758 0.014765731990337372
v -0.0006417906261049211 -0.020580090582370758 0.014765731990337372
v -0.0006378786638379097 -0.020019134506583214 0.016856860369443893
v -0.0006378786638379097 -0.020019134506583214 0.016856860369443893
v -0.0006378786638379097 -0.020019134506583214 0.016856860369443893
v -0.0006378789548762143 -0.019372127950191498 0.016856707632541656
v -0.0006378789548762143 -0.019372127950191498 0.016856707632541656
v -0.0006378789548762143 -0.019372127950191498 0.016856707632541656
v -0.0006378789548762143 -0.019372127950191498 0.016856707632541656
v -0.0006384835578501225 -0.020579632371664047 0.016533512622117996
v -0.0006384835578501225 -0.020579632371664047 0.016533512622117996
v -0.0006384835578501225 -0.020579632371664047 0.016533512622117996
v -0.0006384835578501225 -0.020579632371664047 0.016533512622117996
v -0.0006395329255610704 -0.018488449975848198 0.015972593799233437
v -0.0006395329255610704 -0.018488449975848198 0.015972593799233437
v -0.0006395329255610704 -0.018488449975848198 0.015972593799233437
v -0.0006395329255610704 -0.018488449975848198 0.015972593799233437
v -0.000640743353869766 -0.018488653004169464 0.01532555278390646
v -0.000640743353869766 -0.018488653004169464 0.01532555278390646
v -0.000640743353869766 -0.018488653004169464 0.01532555278390646
v -0.000640743353869766 -0.018488653004169464 0.01532555278390646
v -0.0006384844891726971 -0.018811818212270737 0.016533013433218002
v -0.0006384844891726971 -0.018811818212270737 0.016533013433218002
v -0.0006384844891726971 -0.018811818212270737 0.016533013433218002
v -0.0006384844891726971 -0.018811818212270737 0.016533013433218002
v -0.005866783205419779 -0.01881229877471924 0.014775054529309273
v -0.005866783205419779 -0.01881229877471924 0.014775054529309273
v -0.005866783205419779 -0.01881229877471924 0.014775054529309273
v -0.005866783205419779 -0.01881229877471924 0.014775054529309273
v -0.005866783205419779 -0.01881229877471924 0.014775054529309273
v -0.005867388099431992 -0.01937277428805828 0.01445165928453207
v -0.005867388099431992 -0.01937277428805828 0.01445165928453207
v -0.005867388099431992 -0.01937277428805828 0.01445165928453207
v -0.005867388099431992 -0.01937277428805828 0.01445165928453207
v -0.005867387633770704 -0.020019816234707832 0.014451861381530762
v -0.005867387633770704 -0.020019816234707832 0.014451861381530762
v -0.005867387633770704 -0.020019816234707832 0.014451861381530762
v -0.005867387633770704 -0.020019816234707832 0.014451861381530762
v -0.005866782274097204 -0.020580090582370758 0.014775506220757961
v -0.005866782274097204 -0.020580090582370758 0.014775506220757961
v -0.005866782274097204 -0.020580090582370758 0.014775506220757961
v -0.0058657340705394745 -0.020903486758470535 0.015335982665419579
v -0.0058657340705394745 -0.020903486758470535 0.015335982665419579
v -0.0058657340705394745 -0.020903486758470535 0.015335982665419579
v -0.0058657340705394745 -0.020903486758470535 0.015335982665419579
v -0.005864523351192474 -0.02090327814221382 0.015983015298843384
v -0.005864523351192474 -0.02090327814221382 0.015983015298843384
v -0.005864523351192474 -0.02090327814221382 0.015983015298843384
v -0.005864523351192474 -0.02090327814221382 0.015983015298843384
v -0.005863475147634745 -0.020579632371664047 0.01654328778386116
v -0.005863475147634745 -0.020579632371664047 0.01654328778386116
v -0.005863475147634745 -0.020579632371664047 0.01654328778386116
v -0.005862870253622532 -0.020019134506583214 0.016866635531187057
v -0.005862870253622532 -0.020019134506583214 0.016866635531187057
v -0.005862870253622532 -0.020019134506583214 0.016866635531187057
v -0.005862870253622532 -0.020019134506583214 0.016866635531187057
v -0.005862870719283819 -0.019372127950191498 0.01686648279428482
v -0.005862870719283819 -0.019372127950191498 0.01686648279428482
v -0.005862870719283819 -0.019372127950191498 0.01686648279428482
v -0.005862870719283819 -0.019372127950191498 0.01686648279428482
v -0.005863476078957319 -0.018811818212270737 0.016542788594961166
v -0.005863476078957319 -0.018811818212270737 0.016542788594961166
v -0.005863476078957319 -0.018811818212270737 0.016542788594961166
v -0.005863476078957319 -0.018811818212270737 0.016542788594961166
v -0.005864524748176336 -0.018488449975848198 0.01598236709833145
v -0.005864524748176336 -0.018488449975848198 0.01598236709833145
v -0.005864524748176336 -0.018488449975848198 0.01598236709833145
v -0.005864524748176336 -0.018488449975848198 0.01598236709833145
v -0.005865735001862049 -0.018488653004169464 0.01533532701432705
v -0.005865735001862049 -0.018488653004169464 0.01533532701432705
v -0.005865735001862049 -0.018488653004169464 0.01533532701432705
v -0.005865735001862049 -0.018488653004169464 0.01533532701432705
v 0.00011899950914084911 -0.015386096201837063 0.01995556429028511
v -0.0006343380664475262 -0.015062891878187656 0.018749471753835678
v -0.0006343380664475262 -0.015062891878187656 0.018749471753835678
v -0.0006343380664475262 -0.015062891878187656 0.018749471753835678
v -0.0006343380664475262 -0.015062891878187656 0.018749471753835678
v -0.0006343377754092216 -0.0157098900526762 0.018749631941318512
v -0.0006343377754092216 -0.0157098900526762 0.018749631941318512
v -0.0006343377754092216 -0.0157098900526762 0.018749631941318512
v -0.0006343377754092216 -0.0157098900526762 0.018749631941318512
v -0.0006337331142276525 -0.014502440579235554 0.019072849303483963
v -0.0006337331142276525 -0.014502440579235554 0.019072849303483963
v -0.0006337331142276525 -0.014502440579235554 0.019072849303483963
v -0.0006337331142276525 -0.014502440579235554 0.019072849303483963
v -0.0006326838629320264 -0.016593562439084053 0.019633738324046135
v -0.0006326838629320264 -0.016593562439084053 0.019633738324046135
v -0.0006326838629320264 -0.016593562439084053 0.019633738324046135
v -0.0006314734346233308 -0.016593359410762787 0.020280778408050537
v -0.0006314734346233308 -0.016593359410762787 0.020280778408050537
v -0.0006314734346233308 -0.016593359410762787 0.020280778408050537
v -0.0006314734346233308 -0.016593359410762787 0.020280778408050537
v -0.0006337322411127388 -0.016270194202661514 0.01907331869006157
v -0.0006337322411127388 -0.016270194202661514 0.01907331869006157
v -0.0006337322411127388 -0.016270194202661514 0.01907331869006157
v -0.0006337322411127388 -0.016270194202661514 0.01907331869006157
v -0.0006298203370533884 -0.01570926234126091 0.0211644284427166
v -0.0006298203370533884 -0.01570926234126091 0.0211644284427166
v -0.0006298203370533884 -0.01570926234126091 0.0211644284427166
v -0.0006298203370533884 -0.01570926234126091 0.0211644284427166
v -0.0006298206862993538 -0.015062213875353336 0.02116423286497593
v -0.0006298206862993538 -0.015062213875353336 0.02116423286497593
v -0.0006298206862993538 -0.015062213875353336 0.02116423286497593
v -0.0006298206862993538 -0.015062213875353336 0.02116423286497593
v -0.000630425289273262 -0.016269715502858162 0.020841052755713463
v -0.000630425289273262 -0.016269715502858162 0.020841052755713463
v -0.000630425289273262 -0.016269715502858162 0.020841052755713463
v -0.0006314745405688882 -0.014178592711687088 0.02028016373515129
v -0.0006314745405688882 -0.014178592711687088 0.02028016373515129
v -0.0006314745405688882 -0.014178592711687088 0.02028016373515129
v -0.0006314745405688882 -0.014178592711687088 0.02028016373515129
v -0.0006326850852929056 -0.014178751036524773 0.019633080810308456
v -0.0006326850852929056 -0.014178751036524773 0.019633080810308456
v -0.0006326850852929056 -0.014178751036524773 0.019633080810308456
v -0.0006326850852929056 -0.014178751036524773 0.019633080810308456
v -0.0006304261623881757 -0.01450195349752903 0.020840590819716454
v -0.0006304261623881757 -0.01450195349752903 0.020840590819716454
v -0.0006304261623881757 -0.01450195349752903 0.020840590819716454
v -0.005858724936842918 -0.014502440579235554 0.019082624465227127
v -0.005858724936842918 -0.014502440579235554 0.019082624465227127
v -0.005858724936842918 -0.014502440579235554 0.019082624465227127
v -0.005858724936842918 -0.014502440579235554 0.019082624465227127
v -0.005858724936842918 -0.014502440579235554 0.019082624465227127
v -0.005858724936842918 -0.014502440579235554 0.019082624465227127
v -0.005859329830855131 -0.015062891878187656 0.018759246915578842
v -0.005859329830855131 -0.015062891878187656 0.018759246915578842
v -0.005859329830855131 -0.015062891878187656 0.018759246915578842
v -0.005859329830855131 -0.015062891878187656 0.018759246915578842
v -0.005859329830855131 -0.015062891878187656 0.018759246915578842
v -0.005859329365193844 -0.0157098900526762 0.018759407103061676
v -0.005859329365193844 -0.0157098900526762 0.018759407103061676
v -0.005859329365193844 -0.0157098900526762 0.018759407103061676
v -0.005859329365193844 -0.0157098900526762 0.018759407103061676
v -0.005858724005520344 -0.016270194202661514 0.019083091989159584
v -0.005858724005520344 -0.016270194202661514 0.019083091989159584
v -0.005858724005520344 -0.016270194202661514 0.019083091989159584
v -0.005857675801962614 -0.016593562439084053 0.0196435134857893
v -0.005857675801962614 -0.016593562439084053 0.0196435134857893
v -0.005857675801962614 -0.016593562439084053 0.0196435134857893
v -0.005857675801962614 -0.016593562439084053 0.0196435134857893
v -0.005857675801962614 -0.016593562439084053 0.0196435134857893
v -0.005856465082615614 -0.016593359410762787 0.020290551707148552
v -0.005856465082615614 -0.016593359410762787 0.020290551707148552
v -0.005856465082615614 -0.016593359410762787 0.020290551707148552
v -0.005855416879057884 -0.016269715502858162 0.020850826054811478
v -0.005855416879057884 -0.016269715502858162 0.020850826054811478
v -0.005855416879057884 -0.016269715502858162 0.020850826054811478
v -0.005855416879057884 -0.016269715502858162 0.020850826054811478
v -0.0058548119850456715 -0.01570926234126091 0.021174203604459763
v -0.0058548119850456715 -0.01570926234126091 0.021174203604459763
v -0.0058548119850456715 -0.01570926234126091 0.021174203604459763
v -0.0058548119850456715 -0.01570926234126091 0.021174203604459763
v -0.005854812450706959 -0.015062213875353336 0.021174008026719093
v -0.005854812450706959 -0.015062213875353336 0.021174008026719093
v -0.005854812450706959 -0.015062213875353336 0.021174008026719093
v -0.005855417810380459 -0.01450195349752903 0.02085036411881447
v -0.005855417810380459 -0.01450195349752903 0.02085036411881447
v -0.005855417810380459 -0.01450195349752903 0.02085036411881447
v -0.005855417810380459 -0.01450195349752903 0.02085036411881447
v -0.005855417810380459 -0.01450195349752903 0.02085036411881447
v -0.005856466479599476 -0.014178592711687088 0.020289938896894455
v -0.005856466479599476 -0.014178592711687088 0.020289938896894455
v -0.005856466479599476 -0.014178592711687088 0.020289938896894455
v -0.005856466479599476 -0.014178592711687088 0.020289938896894455
v -0.005856466479599476 -0.014178592711687088 0.020289938896894455
v -0.005857676733285189 -0.014178751036524773 0.01964285410940647
v -0.005857676733285189 -0.014178751036524773 0.01964285410940647
v -0.005857676733285189 -0.014178751036524773 0.01964285410940647
v -0.005857676733285189 -0.014178751036524773 0.01964285410940647
v 0.00011898396769538522 0.01539697591215372 0.01994725689291954
v -0.000634353666100651 0.015720169991254807 0.018741147592663765
v -0.000634353666100651 0.015720169991254807 0.018741147592663765
v -0.000634353666100651 0.015720169991254807 0.018741147592663765
v -0.000634353666100651 0.015720169991254807 0.018741147592663765
v -0.0006343532586470246 0.015073128044605255 0.018741348758339882
v -0.0006343532586470246 0.015073128044605255 0.018741348758339882
v -0.0006343532586470246 0.015073128044605255 0.018741348758339882
v -0.0006343532586470246 0.015073128044605255 0.018741348758339882
v -0.0006337486556731164 0.0162806399166584 0.01906454935669899
v -0.0006337486556731164 0.0162806399166584 0.01906454935669899
v -0.0006337486556731164 0.0162806399166584 0.01906454935669899
v -0.0006337486556731164 0.0162806399166584 0.01906454935669899
v -0.0006326994043774903 0.014189492911100388 0.01962541975080967
v -0.0006326994043774903 0.014189492911100388 0.01962541975080967
v -0.0006326994043774903 0.014189492911100388 0.01962541975080967
v -0.0006326994043774903 0.014189492911100388 0.01962541975080967
v -0.0006314888596534729 0.014189660549163818 0.0202725101262331
v -0.0006314888596534729 0.014189660549163818 0.0202725101262331
v -0.0006314888596534729 0.014189660549163818 0.0202725101262331
v -0.0006314888596534729 0.014189660549163818 0.0202725101262331
v -0.0006337478407658637 0.01451285369694233 0.019064994528889656
v -0.0006337478407658637 0.01451285369694233 0.019064994528889656
v -0.0006337478407658637 0.01451285369694233 0.019064994528889656
v -0.0006337478407658637 0.01451285369694233 0.019064994528889656
v -0.0006298358784988523 0.01507381908595562 0.021156130358576775
v -0.0006298358784988523 0.01507381908595562 0.021156130358576775
v -0.0006298358784988523 0.01507381908595562 0.021156130358576775
v -0.0006298358784988523 0.01507381908595562 0.021156130358576775
v -0.0006298361695371568 0.01572081632912159 0.02115597017109394
v -0.0006298361695371568 0.01572081632912159 0.02115597017109394
v -0.0006298361695371568 0.01572081632912159 0.02115597017109394
v -0.0006298361695371568 0.01572081632912159 0.02115597017109394
v -0.0006304408307187259 0.014513341709971428 0.020832734182476997
v -0.0006304408307187259 0.014513341709971428 0.020832734182476997
v -0.0006304408307187259 0.014513341709971428 0.020832734182476997
v -0.0006304408307187259 0.014513341709971428 0.020832734182476997
v -0.0006314900820143521 0.016604486852884293 0.020271863788366318
v -0.0006314900820143521 0.016604486852884293 0.020271863788366318
v -0.0006314900820143521 0.016604486852884293 0.020271863788366318
v -0.0006314900820143521 0.016604486852884293 0.020271863788366318
v -0.0006327005103230476 0.016604285687208176 0.019624821841716766
v -0.0006327005103230476 0.016604285687208176 0.019624821841716766
v -0.0006327005103230476 0.016604285687208176 0.019624821841716766
v -0.0006327005103230476 0.016604285687208176 0.019624821841716766
v -0.0006304417038336396 0.0162811242043972 0.020832275971770287
v -0.0006304417038336396 0.0162811242043972 0.020832275971770287
v -0.0006304417038336396 0.0162811242043972 0.020832275971770287
v -0.0006304417038336396 0.0162811242043972 0.020832275971770287
v -0.0058587403036653996 0.0162806399166584 0.019074324518442154
v -0.0058587403036653996 0.0162806399166584 0.019074324518442154
v -0.0058587403036653996 0.0162806399166584 0.019074324518442154
v -0.0058587403036653996 0.0162806399166584 0.019074324518442154
v -0.0058587403036653996 0.0162806399166584 0.019074324518442154
v -0.005859345197677612 0.015720169991254807 0.01875092089176178
v -0.005859345197677612 0.015720169991254807 0.01875092089176178
v -0.005859345197677612 0.015720169991254807 0.01875092089176178
v -0.005859345197677612 0.015720169991254807 0.01875092089176178
v -0.005859345197677612 0.015073128044605255 0.018751123920083046
v -0.005859345197677612 0.015073128044605255 0.018751123920083046
v -0.005859345197677612 0.015073128044605255 0.018751123920083046
v -0.005859345197677612 0.015073128044605255 0.018751123920083046
v -0.005858739372342825 0.01451285369694233 0.01907476969063282
v -0.005858739372342825 0.01451285369694233 0.01907476969063282
v -0.005858739372342825 0.01451285369694233 0.01907476969063282
v -0.005858739372342825 0.01451285369694233 0.01907476969063282
v -0.005857691168785095 0.014189492911100388 0.019635194912552834
v -0.005857691168785095 0.014189492911100388 0.019635194912552834
v -0.005857691168785095 0.014189492911100388 0.019635194912552834
v -0.005857691168785095 0.014189492911100388 0.019635194912552834
v -0.005856480449438095 0.014189660549163818 0.020282283425331116
v -0.005856480449438095 0.014189660549163818 0.020282283425331116
v -0.005856480449438095 0.014189660549163818 0.020282283425331116
v -0.005856480449438095 0.014189660549163818 0.020282283425331116
v -0.005855432711541653 0.014513341709971428 0.02084250934422016
v -0.005855432711541653 0.014513341709971428 0.02084250934422016
v -0.005855432711541653 0.014513341709971428 0.02084250934422016
v -0.005855432711541653 0.014513341709971428 0.02084250934422016
v -0.00585482781752944 0.01507381908595562 0.02116590365767479
v -0.00585482781752944 0.01507381908595562 0.02116590365767479
v -0.00585482781752944 0.01507381908595562 0.02116590365767479
v -0.00585482781752944 0.01507381908595562 0.02116590365767479
v -0.00585482781752944 0.01572081632912159 0.021165745332837105
v -0.00585482781752944 0.01572081632912159 0.021165745332837105
v -0.00585482781752944 0.01572081632912159 0.021165745332837105
v -0.00585482781752944 0.01572081632912159 0.021165745332837105
v -0.005855433642864227 0.0162811242043972 0.02084205113351345
v -0.005855433642864227 0.0162811242043972 0.02084205113351345
v -0.005855433642864227 0.0162811242043972 0.02084205113351345
v -0.005855433642864227 0.0162811242043972 0.02084205113351345
v -0.005856481846421957 0.016604486852884293 0.020281637087464333
v -0.005856481846421957 0.016604486852884293 0.020281637087464333
v -0.005856481846421957 0.016604486852884293 0.020281637087464333
v -0.005856481846421957 0.016604486852884293 0.020281637087464333
v -0.00585769210010767 0.016604285687208176 0.01963459700345993
v -0.00585769210010767 0.016604285687208176 0.01963459700345993
v -0.00585769210010767 0.016604285687208176 0.01963459700345993
v -0.00585769210010767 0.016604285687208176 0.01963459700345993
v 0.00011092127533629537 0.019704511389136314 0.015637364238500595
v -0.000642416242044419 0.02002774178981781 0.014431305229663849
v -0.000642416242044419 0.02002774178981781 0.014431305229663849
v -0.000642416242044419 0.02002774178981781 0.014431305229663849
v -0.000642416242044419 0.02002774178981781 0.014431305229663849
v -0.0006424160092137754 0.019380668178200722 0.014431447722017765
v -0.0006424160092137754 0.019380668178200722 0.014431447722017765
v -0.0006424160092137754 0.019380668178200722 0.014431447722017765
v -0.0006424160092137754 0.019380668178200722 0.014431447722017765
v -0.0006418113480322063 0.02058817446231842 0.014754656702280045
v -0.0006418113480322063 0.02058817446231842 0.014754656702280045
v -0.0006418113480322063 0.02058817446231842 0.014754656702280045
v -0.0006407619803212583 0.018497053533792496 0.015315594151616096
v -0.0006407619803212583 0.018497053533792496 0.015315594151616096
v -0.0006407619803212583 0.018497053533792496 0.015315594151616096
v -0.0006407619803212583 0.018497053533792496 0.015315594151616096
v -0.0006395516102202237 0.01849721372127533 0.015962591394782066
v -0.0006395516102202237 0.01849721372127533 0.015962591394782066
v -0.0006395516102202237 0.01849721372127533 0.015962591394782066
v -0.0006395516102202237 0.01849721372127533 0.015962591394782066
v -0.0006418104167096317 0.018820419907569885 0.014755160547792912
v -0.0006418104167096317 0.018820419907569885 0.014755160547792912
v -0.0006418104167096317 0.018820419907569885 0.014755160547792912
v -0.0006418104167096317 0.018820419907569885 0.014755160547792912
v -0.0006378985126502812 0.019381321966648102 0.01684626191854477
v -0.0006378985126502812 0.019381321966648102 0.01684626191854477
v -0.0006378985126502812 0.019381321966648102 0.01684626191854477
v -0.0006378985126502812 0.019381321966648102 0.01684626191854477
v -0.0006378988618962467 0.020028362050652504 0.016846060752868652
v -0.0006378988618962467 0.020028362050652504 0.016846060752868652
v -0.0006378988618962467 0.020028362050652504 0.016846060752868652
v -0.0006378988618962467 0.020028362050652504 0.016846060752868652
v -0.0006385034066624939 0.018820900470018387 0.01652289554476738
v -0.0006385034066624939 0.018820900470018387 0.01652289554476738
v -0.0006385034066624939 0.018820900470018387 0.01652289554476738
v -0.0006385034066624939 0.018820900470018387 0.01652289554476738
v -0.0006395527743734419 0.02091200277209282 0.01596198044717312
v -0.0006395527743734419 0.02091200277209282 0.01596198044717312
v -0.0006395527743734419 0.02091200277209282 0.01596198044717312
v -0.0006395527743734419 0.02091200277209282 0.01596198044717312
v -0.0006407632608897984 0.020911825820803642 0.015314907766878605
v -0.0006407632608897984 0.020911825820803642 0.015314907766878605
v -0.0006407632608897984 0.020911825820803642 0.015314907766878605
v -0.0006407632608897984 0.020911825820803642 0.015314907766878605
v -0.0006385043961927295 0.020588671788573265 0.016522366553544998
v -0.0006385043961927295 0.020588671788573265 0.016522366553544998
v -0.0006385043961927295 0.020588671788573265 0.016522366553544998
v -0.005866803228855133 0.02058817446231842 0.014764430932700634
v -0.005866803228855133 0.02058817446231842 0.014764430932700634
v -0.005866803228855133 0.02058817446231842 0.014764430932700634
v -0.005866803228855133 0.02058817446231842 0.014764430932700634
v -0.005867408122867346 0.02002774178981781 0.014441079460084438
v -0.005867408122867346 0.02002774178981781 0.014441079460084438
v -0.005867408122867346 0.02002774178981781 0.014441079460084438
v -0.005867408122867346 0.02002774178981781 0.014441079460084438
v -0.0058674076572060585 0.019380668178200722 0.014441221952438354
v -0.0058674076572060585 0.019380668178200722 0.014441221952438354
v -0.0058674076572060585 0.019380668178200722 0.014441221952438354
v -0.0058674076572060585 0.019380668178200722 0.014441221952438354
v -0.0058668022975325584 0.018820419907569885 0.014764934778213501
v -0.0058668022975325584 0.018820419907569885 0.014764934778213501
v -0.0058668022975325584 0.018820419907569885 0.014764934778213501
v -0.0058668022975325584 0.018820419907569885 0.014764934778213501
v -0.005865753628313541 0.018497053533792496 0.01532536931335926
v -0.005865753628313541 0.018497053533792496 0.01532536931335926
v -0.005865753628313541 0.018497053533792496 0.01532536931335926
v -0.005865753628313541 0.018497053533792496 0.01532536931335926
v -0.005864543374627829 0.01849721372127533 0.01597236655652523
v -0.005864543374627829 0.01849721372127533 0.01597236655652523
v -0.005864543374627829 0.01849721372127533 0.01597236655652523
v -0.005864543374627829 0.01849721372127533 0.01597236655652523
v -0.005863495171070099 0.018820900470018387 0.016532668843865395
v -0.005863495171070099 0.018820900470018387 0.016532668843865395
v -0.005863495171070099 0.018820900470018387 0.016532668843865395
v -0.005863495171070099 0.018820900470018387 0.016532668843865395
v -0.005863495171070099 0.018820900470018387 0.016532668843865395
v -0.005862890277057886 0.019381321966648102 0.016856037080287933
v -0.005862890277057886 0.019381321966648102 0.016856037080287933
v -0.005862890277057886 0.019381321966648102 0.016856037080287933
v -0.005862890277057886 0.019381321966648102 0.016856037080287933
v -0.005862890742719173 0.020028362050652504 0.016855834051966667
v -0.005862890742719173 0.020028362050652504 0.016855834051966667
v -0.005862890742719173 0.020028362050652504 0.016855834051966667
v -0.0058634961023926735 0.020588671788573265 0.016532141715288162
v -0.0058634961023926735 0.020588671788573265 0.016532141715288162
v -0.0058634961023926735 0.020588671788573265 0.016532141715288162
v -0.0058634961023926735 0.020588671788573265 0.016532141715288162
v -0.005864544305950403 0.02091200277209282 0.015971753746271133
v -0.005864544305950403 0.02091200277209282 0.015971753746271133
v -0.005864544305950403 0.02091200277209282 0.015971753746271133
v -0.005864544305950403 0.02091200277209282 0.015971753746271133
v -0.005865755025297403 0.020911825820803642 0.015324682928621769
v -0.005865755025297403 0.020911825820803642 0.015324682928621769
v -0.005865755025297403 0.020911825820803642 0.015324682928621769
v 5.3334289987105876e-05 0.019696244969964027 -0.015145624987781048
v -0.000700003351084888 0.020019447430968285 -0.01635172963142395
v -0.000700003351084888 0.020019447430968285 -0.01635172963142395
v -0.000700003351084888 0.020019447430968285 -0.01635172963142395
v -0.000700003351084888 0.020019447430968285 -0.01635172963142395
v -0.0007000030018389225 0.019372357055544853 -0.01635156199336052
v -0.0007000030018389225 0.019372357055544853 -0.01635156199336052
v -0.0007000030018389225 0.019372357055544853 -0.01635156199336052
v -0.0007000030018389225 0.019372357055544853 -0.01635156199336052
v -0.0006993983988650143 0.020579861477017403 -0.01602836698293686
v -0.0006993983988650143 0.020579861477017403 -0.01602836698293686
v -0.0006993983988650143 0.020579861477017403 -0.01602836698293686
v -0.0006993983988650143 0.020579861477017403 -0.01602836698293686
v -0.0006983489729464054 0.018488727509975433 -0.015467413701117039
v -0.0006983489729464054 0.018488727509975433 -0.015467413701117039
v -0.0006983489729464054 0.018488727509975433 -0.015467413701117039
v -0.0006983489729464054 0.018488727509975433 -0.015467413701117039
v -0.0006971386028453708 0.018488889560103416 -0.014820401556789875
v -0.0006971386028453708 0.018488889560103416 -0.014820401556789875
v -0.0006971386028453708 0.018488889560103416 -0.014820401556789875
v -0.0006971386028453708 0.018488889560103416 -0.014820401556789875
v -0.0006993974675424397 0.018812131136655807 -0.01602788269519806
v -0.0006993974675424397 0.018812131136655807 -0.01602788269519806
v -0.0006993974675424397 0.018812131136655807 -0.01602788269519806
v -0.0006954855052754283 0.019373003393411636 -0.013936739414930344
v -0.0006954855052754283 0.019373003393411636 -0.013936739414930344
v -0.0006954855052754283 0.019373003393411636 -0.013936739414930344
v -0.0006954855052754283 0.019373003393411636 -0.013936739414930344
v -0.0006954857963137329 0.020020093768835068 -0.0139369061216712
v -0.0006954857963137329 0.020020093768835068 -0.0139369061216712
v -0.0006954857963137329 0.020020093768835068 -0.0139369061216712
v -0.0006954857963137329 0.020020093768835068 -0.0139369061216712
v -0.000696090399287641 0.018812576308846474 -0.014260100200772285
v -0.000696090399287641 0.018812576308846474 -0.014260100200772285
v -0.000696090399287641 0.018812576308846474 -0.014260100200772285
v -0.000697139766998589 0.02090376429259777 -0.014821028336882591
v -0.000697139766998589 0.02090376429259777 -0.014821028336882591
v -0.000697139766998589 0.02090376429259777 -0.014821028336882591
v -0.000697139766998589 0.02090376429259777 -0.014821028336882591
v -0.0006983501953072846 0.020903555676341057 -0.015468060038983822
v -0.0006983501953072846 0.020903555676341057 -0.015468060038983822
v -0.0006983501953072846 0.020903555676341057 -0.015468060038983822
v -0.0006983501953072846 0.020903555676341057 -0.015468060038983822
v -0.0006960912724025548 0.020580368116497993 -0.014260551892220974
v -0.0006960912724025548 0.020580368116497993 -0.014260551892220974
v -0.0006960912724025548 0.020580368116497993 -0.014260551892220974
v -0.0006960912724025548 0.020580368116497993 -0.014260551892220974
v -0.005924390163272619 0.020579861477017403 -0.016018593683838844
v -0.005924390163272619 0.020579861477017403 -0.016018593683838844
v -0.005924390163272619 0.020579861477017403 -0.016018593683838844
v -0.005924390163272619 0.020579861477017403 -0.016018593683838844
v -0.005924995057284832 0.020019447430968285 -0.016341954469680786
v -0.005924995057284832 0.020019447430968285 -0.016341954469680786
v -0.005924995057284832 0.020019447430968285 -0.016341954469680786
v -0.005924995057284832 0.020019447430968285 -0.016341954469680786
v -0.005924995057284832 0.020019447430968285 -0.016341954469680786
v -0.005924994591623545 0.019372357055544853 -0.016341788694262505
v -0.005924994591623545 0.019372357055544853 -0.016341788694262505
v -0.005924994591623545 0.019372357055544853 -0.016341788694262505
v -0.005924994591623545 0.019372357055544853 -0.016341788694262505
v -0.005924389231950045 0.018812131136655807 -0.016018107533454895
v -0.005924389231950045 0.018812131136655807 -0.016018107533454895
v -0.005924389231950045 0.018812131136655807 -0.016018107533454895
v -0.005924389231950045 0.018812131136655807 -0.016018107533454895
v -0.005924389231950045 0.018812131136655807 -0.016018107533454895
v -0.005923340562731028 0.018488727509975433 -0.015457638539373875
v -0.005923340562731028 0.018488727509975433 -0.015457638539373875
v -0.005923340562731028 0.018488727509975433 -0.015457638539373875
v -0.005923340562731028 0.018488727509975433 -0.015457638539373875
v -0.005923340562731028 0.018488727509975433 -0.015457638539373875
v -0.005922130309045315 0.018488889560103416 -0.014810627326369286
v -0.005922130309045315 0.018488889560103416 -0.014810627326369286
v -0.005922130309045315 0.018488889560103416 -0.014810627326369286
v -0.005922130309045315 0.018488889560103416 -0.014810627326369286
v -0.005921082105487585 0.018812576308846474 -0.014250325039029121
v -0.005921082105487585 0.018812576308846474 -0.014250325039029121
v -0.005921082105487585 0.018812576308846474 -0.014250325039029121
v -0.005921082105487585 0.018812576308846474 -0.014250325039029121
v -0.005920477211475372 0.019373003393411636 -0.013926965184509754
v -0.005920477211475372 0.019373003393411636 -0.013926965184509754
v -0.005920477211475372 0.019373003393411636 -0.013926965184509754
v -0.005920477211475372 0.019373003393411636 -0.013926965184509754
v -0.00592047767713666 0.020020093768835068 -0.01392713189125061
v -0.00592047767713666 0.020020093768835068 -0.01392713189125061
v -0.00592047767713666 0.020020093768835068 -0.01392713189125061
v -0.00592047767713666 0.020020093768835068 -0.01392713189125061
v -0.00592108303681016 0.020580368116497993 -0.01425077673047781
v -0.00592108303681016 0.020580368116497993 -0.01425077673047781
v -0.00592108303681016 0.020580368116497993 -0.01425077673047781
v -0.00592108303681016 0.020580368116497993 -0.01425077673047781
v -0.005922131706029177 0.02090376429259777 -0.014811253175139427
v -0.005922131706029177 0.02090376429259777 -0.014811253175139427
v -0.005922131706029177 0.02090376429259777 -0.014811253175139427
v -0.005922131706029177 0.02090376429259777 -0.014811253175139427
v -0.0059233419597148895 0.020903555676341057 -0.015458285808563232
v -0.0059233419597148895 0.020903555676341057 -0.015458285808563232
v -0.0059233419597148895 0.020903555676341057 -0.015458285808563232
v -0.0059233419597148895 0.020903555676341057 -0.015458285808563232
v 4.527603596216068e-05 0.015386353246867657 -0.019453147426247597
v -0.0007080615614540875 0.015709547325968742 -0.02065924182534218
v -0.0007080615614540875 0.015709547325968742 -0.02065924182534218
v -0.0007080615614540875 0.015709547325968742 -0.02065924182534218
v -0.0007080615614540875 0.015709547325968742 -0.02065924182534218
v -0.000708061212208122 0.015062499791383743 -0.02065904811024666
v -0.000708061212208122 0.015062499791383743 -0.02065904811024666
v -0.000708061212208122 0.015062499791383743 -0.02065904811024666
v -0.0007074566674418747 0.016269944608211517 -0.020335907116532326
v -0.0007074566674418747 0.016269944608211517 -0.020335907116532326
v -0.0007074566674418747 0.016269944608211517 -0.020335907116532326
v -0.0007074566674418747 0.016269944608211517 -0.020335907116532326
v -0.0007064073579385877 0.014178878627717495 -0.01977497711777687
v -0.0007064073579385877 0.014178878627717495 -0.01977497711777687
v -0.0007064073579385877 0.014178878627717495 -0.01977497711777687
v -0.0007051968132145703 0.01417903695255518 -0.019127894192934036
v -0.0007051968132145703 0.01417903695255518 -0.019127894192934036
v -0.0007051968132145703 0.01417903695255518 -0.019127894192934036
v -0.0007051968132145703 0.01417903695255518 -0.019127894192934036
v -0.0007074557361193001 0.014502239413559437 -0.020335404202342033
v -0.0007074557361193001 0.014502239413559437 -0.020335404202342033
v -0.0007074557361193001 0.014502239413559437 -0.020335404202342033
v -0.0007074557361193001 0.014502239413559437 -0.020335404202342033
v -0.0007035438902676105 0.015063120983541012 -0.01824432797729969
v -0.0007035438902676105 0.015063120983541012 -0.01824432797729969
v -0.0007035438902676105 0.015063120983541012 -0.01824432797729969
v -0.0007035438902676105 0.015063120983541012 -0.01824432797729969
v -0.0007035441230982542 0.015710169449448586 -0.01824445277452469
v -0.0007035441230982542 0.015710169449448586 -0.01824445277452469
v -0.0007035441230982542 0.015710169449448586 -0.01824445277452469
v -0.0007035441230982542 0.015710169449448586 -0.01824445277452469
v -0.0007041487842798233 0.01450272649526596 -0.018567664548754692
v -0.0007041487842798233 0.01450272649526596 -0.018567664548754692
v -0.0007041487842798233 0.01450272649526596 -0.018567664548754692
v -0.0007041487842798233 0.01450272649526596 -0.018567664548754692
v -0.0007051980355754495 0.01659383997321129 -0.01912855915725231
v -0.0007051980355754495 0.01659383997321129 -0.01912855915725231
v -0.0007051980355754495 0.01659383997321129 -0.01912855915725231
v -0.0007064085220918059 0.016593636944890022 -0.019775597378611565
v -0.0007064085220918059 0.016593636944890022 -0.019775597378611565
v -0.0007064085220918059 0.016593636944890022 -0.019775597378611565
v -0.0007064085220918059 0.016593636944890022 -0.019775597378611565
v -0.000704149657394737 0.01627047173678875 -0.018568137660622597
v -0.000704149657394737 0.01627047173678875 -0.018568137660622597
v -0.000704149657394737 0.01627047173678875 -0.018568137660622597
v -0.000704149657394737 0.01627047173678875 -0.018568137660622597
v -0.00593244843184948 0.016269944608211517 -0.02032613195478916
v -0.00593244843184948 0.016269944608211517 -0.02032613195478916
v -0.00593244843184948 0.016269944608211517 -0.02032613195478916
v -0.00593244843184948 0.016269944608211517 -0.02032613195478916
v -0.00593244843184948 0.016269944608211517 -0.02032613195478916
v -0.005933053325861692 0.015709547325968742 -0.020649468526244164
v -0.005933053325861692 0.015709547325968742 -0.020649468526244164
v -0.005933053325861692 0.015709547325968742 -0.020649468526244164
v -0.005933053325861692 0.015709547325968742 -0.020649468526244164
v -0.005933052860200405 0.015062499791383743 -0.020649272948503494
v -0.005933052860200405 0.015062499791383743 -0.020649272948503494
v -0.005933052860200405 0.015062499791383743 -0.020649272948503494
v -0.005933052860200405 0.015062499791383743 -0.020649272948503494
v -0.005932447500526905 0.014502239413559437 -0.02032562904059887
v -0.005932447500526905 0.014502239413559437 -0.02032562904059887
v -0.005932447500526905 0.014502239413559437 -0.02032562904059887
v -0.005931399296969175 0.014178878627717495 -0.019765203818678856
v -0.005931399296969175 0.014178878627717495 -0.019765203818678856
v -0.005931399296969175 0.014178878627717495 -0.019765203818678856
v -0.005931399296969175 0.014178878627717495 -0.019765203818678856
v -0.005930188577622175 0.01417903695255518 -0.019118119031190872
v -0.005930188577622175 0.01417903695255518 -0.019118119031190872
v -0.005930188577622175 0.01417903695255518 -0.019118119031190872
v -0.005930188577622175 0.01417903695255518 -0.019118119031190872
v -0.0059291403740644455 0.01450272649526596 -0.018557889387011528
v -0.0059291403740644455 0.01450272649526596 -0.018557889387011528
v -0.0059291403740644455 0.01450272649526596 -0.018557889387011528
v -0.0059291403740644455 0.01450272649526596 -0.018557889387011528
v -0.005928535480052233 0.015063120983541012 -0.018234552815556526
v -0.005928535480052233 0.015063120983541012 -0.018234552815556526
v -0.005928535480052233 0.015063120983541012 -0.018234552815556526
v -0.005928535480052233 0.015063120983541012 -0.018234552815556526
v -0.00592853594571352 0.015710169449448586 -0.018234677612781525
v -0.00592853594571352 0.015710169449448586 -0.018234677612781525
v -0.00592853594571352 0.015710169449448586 -0.018234677612781525
v -0.00592853594571352 0.015710169449448586 -0.018234677612781525
v -0.00592914130538702 0.01627047173678875 -0.018558364361524582
v -0.00592914130538702 0.01627047173678875 -0.018558364361524582
v -0.00592914130538702 0.01627047173678875 -0.018558364361524582
v -0.005930189974606037 0.01659383997321129 -0.019118783995509148
v -0.005930189974606037 0.01659383997321129 -0.019118783995509148
v -0.005930189974606037 0.01659383997321129 -0.019118783995509148
v -0.005930189974606037 0.01659383997321129 -0.019118783995509148
v -0.00593140022829175 0.016593636944890022 -0.01976582407951355
v -0.00593140022829175 0.016593636944890022 -0.01976582407951355
v -0.00593140022829175 0.016593636944890022 -0.01976582407951355
v -0.00593140022829175 0.016593636944890022 -0.01976582407951355
v 4.5291486458154395e-05 -0.015396698378026485 -0.019444886595010757
v -0.0007080460200086236 -0.01507354062050581 -0.020650949329137802
v -0.0007080460200086236 -0.01507354062050581 -0.020650949329137802
v -0.0007080460200086236 -0.01507354062050581 -0.020650949329137802
v -0.0007080460200086236 -0.01507354062050581 -0.020650949329137802
v -0.000708045728970319 -0.015720538794994354 -0.020650791004300117
v -0.000708045728970319 -0.015720538794994354 -0.020650791004300117
v -0.000708045728970319 -0.015720538794994354 -0.020650791004300117
v -0.000708045728970319 -0.015720538794994354 -0.020650791004300117
v -0.0007074410677887499 -0.014513063244521618 -0.020327553153038025
v -0.0007074410677887499 -0.014513063244521618 -0.020327553153038025
v -0.0007074410677887499 -0.014513063244521618 -0.020327553153038025
v -0.0007074410677887499 -0.014513063244521618 -0.020327553153038025
v -0.0007063917582854629 -0.016604160889983177 -0.01976664923131466
v -0.0007063917582854629 -0.016604160889983177 -0.01976664923131466
v -0.0007063917582854629 -0.016604160889983177 -0.01976664923131466
v -0.0007063917582854629 -0.016604160889983177 -0.01976664923131466
v -0.0007051813881844282 -0.01660400815308094 -0.019119642674922943
v -0.0007051813881844282 -0.01660400815308094 -0.019119642674922943
v -0.0007051813881844282 -0.01660400815308094 -0.019119642674922943
v -0.0007051813881844282 -0.01660400815308094 -0.019119642674922943
v -0.0007074401364661753 -0.016280798241496086 -0.020327061414718628
v -0.0007074401364661753 -0.016280798241496086 -0.020327061414718628
v -0.0007074401364661753 -0.016280798241496086 -0.020327061414718628
v -0.0007074401364661753 -0.016280798241496086 -0.020327061414718628
v -0.0007035282324068248 -0.01571989245712757 -0.018235966563224792
v -0.0007035282324068248 -0.01571989245712757 -0.018235966563224792
v -0.0007035282324068248 -0.01571989245712757 -0.018235966563224792
v -0.0007035282324068248 -0.01571989245712757 -0.018235966563224792
v -0.0007035286398604512 -0.015072849579155445 -0.01823616959154606
v -0.0007035286398604512 -0.015072849579155445 -0.01823616959154606
v -0.0007035286398604512 -0.015072849579155445 -0.01823616959154606
v -0.0007035286398604512 -0.015072849579155445 -0.01823616959154606
v -0.0007041331846266985 -0.016280313953757286 -0.01855933479964733
v -0.0007041331846266985 -0.016280313953757286 -0.01855933479964733
v -0.0007041331846266985 -0.016280313953757286 -0.01855933479964733
v -0.0007051825523376465 -0.014189179986715317 -0.019120289012789726
v -0.0007051825523376465 -0.014189179986715317 -0.019120289012789726
v -0.0007051825523376465 -0.014189179986715317 -0.019120289012789726
v -0.0007051825523376465 -0.014189179986715317 -0.019120289012789726
v -0.000706393038854003 -0.014189382083714008 -0.01976732909679413
v -0.000706393038854003 -0.014189382083714008 -0.01976732909679413
v -0.000706393038854003 -0.014189382083714008 -0.01976732909679413
v -0.000706393038854003 -0.014189382083714008 -0.01976732909679413
v -0.0007041340577416122 -0.014512576162815094 -0.018559815362095833
v -0.0007041340577416122 -0.014512576162815094 -0.018559815362095833
v -0.0007041340577416122 -0.014512576162815094 -0.018559815362095833
v -0.0007041340577416122 -0.014512576162815094 -0.018559815362095833
v -0.005932432599365711 -0.014513063244521618 -0.02031777985394001
v -0.005932432599365711 -0.014513063244521618 -0.02031777985394001
v -0.005932432599365711 -0.014513063244521618 -0.02031777985394001
v -0.005932432599365711 -0.014513063244521618 -0.02031777985394001
v -0.005933037959039211 -0.01507354062050581 -0.020641174167394638
v -0.005933037959039211 -0.01507354062050581 -0.020641174167394638
v -0.005933037959039211 -0.01507354062050581 -0.020641174167394638
v -0.005933037959039211 -0.01507354062050581 -0.020641174167394638
v -0.005933037493377924 -0.015720538794994354 -0.020641015842556953
v -0.005933037493377924 -0.015720538794994354 -0.020641015842556953
v -0.005933037493377924 -0.015720538794994354 -0.020641015842556953
v -0.005933037493377924 -0.015720538794994354 -0.020641015842556953
v -0.005932431668043137 -0.016280798241496086 -0.020317286252975464
v -0.005932431668043137 -0.016280798241496086 -0.020317286252975464
v -0.005932431668043137 -0.016280798241496086 -0.020317286252975464
v -0.005932431668043137 -0.016280798241496086 -0.020317286252975464
v -0.005931383464485407 -0.016604160889983177 -0.019756874069571495
v -0.005931383464485407 -0.016604160889983177 -0.019756874069571495
v -0.005931383464485407 -0.016604160889983177 -0.019756874069571495
v -0.005931383464485407 -0.016604160889983177 -0.019756874069571495
v -0.005930173210799694 -0.01660400815308094 -0.01910986751317978
v -0.005930173210799694 -0.01660400815308094 -0.01910986751317978
v -0.005930173210799694 -0.01660400815308094 -0.01910986751317978
v -0.005930173210799694 -0.01660400815308094 -0.01910986751317978
v -0.005929125007241964 -0.016280313953757286 -0.018549559637904167
v -0.005929125007241964 -0.016280313953757286 -0.018549559637904167
v -0.005929125007241964 -0.016280313953757286 -0.018549559637904167
v -0.005929125007241964 -0.016280313953757286 -0.018549559637904167
v -0.005929125007241964 -0.016280313953757286 -0.018549559637904167
v -0.005928520113229752 -0.01571989245712757 -0.01822619140148163
v -0.005928520113229752 -0.01571989245712757 -0.01822619140148163
v -0.005928520113229752 -0.01571989245712757 -0.01822619140148163
v -0.005928520113229752 -0.01571989245712757 -0.01822619140148163
v -0.005928520113229752 -0.01571989245712757 -0.01822619140148163
v -0.005928520578891039 -0.015072849579155445 -0.018226394429802895
v -0.005928520578891039 -0.015072849579155445 -0.018226394429802895
v -0.005928520578891039 -0.015072849579155445 -0.018226394429802895
v -0.005928520578891039 -0.015072849579155445 -0.018226394429802895
v -0.005929125938564539 -0.014512576162815094 -0.01855004020035267
v -0.005929125938564539 -0.014512576162815094 -0.01855004020035267
v -0.005929125938564539 -0.014512576162815094 -0.01855004020035267
v -0.005929125938564539 -0.014512576162815094 -0.01855004020035267
v -0.005930174142122269 -0.014189179986715317 -0.019110513851046562
v -0.005930174142122269 -0.014189179986715317 -0.019110513851046562
v -0.005930174142122269 -0.014189179986715317 -0.019110513851046562
v -0.005930174142122269 -0.014189179986715317 -0.019110513851046562
v -0.005931384861469269 -0.014189382083714008 -0.019757555797696114
v -0.005931384861469269 -0.014189382083714008 -0.019757555797696114
v -0.005931384861469269 -0.014189382083714008 -0.019757555797696114
v -0.005931384861469269 -0.014189382083714008 -0.019757555797696114
v 5.335416426532902e-05 -0.01970422826707363 -0.015135002322494984
v -0.0006999833858571947 -0.019381044432520866 -0.016341082751750946
v -0.0006999833858571947 -0.019381044432520866 -0.016341082751750946
v -0.0006999833858571947 -0.019381044432520866 -0.016341082751750946
v -0.0006999833858571947 -0.019381044432520866 -0.016341082751750946
v -0.0006999830366112292 -0.02002808451652527 -0.01634087972342968
v -0.0006999830366112292 -0.02002808451652527 -0.01634087972342968
v -0.0006999830366112292 -0.02002808451652527 -0.01634087972342968
v -0.0006999830366112292 -0.02002808451652527 -0.01634087972342968
v -0.0006993784918449819 -0.01882062293589115 -0.016017714515328407
v -0.0006993784918449819 -0.01882062293589115 -0.016017714515328407
v -0.0006993784918449819 -0.01882062293589115 -0.016017714515328407
v -0.0006993784918449819 -0.01882062293589115 -0.016017714515328407
v -0.0006983291241340339 -0.02091173641383648 -0.015456783585250378
v -0.0006983291241340339 -0.02091173641383648 -0.015456783585250378
v -0.0006983291241340339 -0.02091173641383648 -0.015456783585250378
v -0.0006983291241340339 -0.02091173641383648 -0.015456783585250378
v -0.0006971186376176775 -0.02091154083609581 -0.014809736050665379
v -0.0006971186376176775 -0.02091154083609581 -0.014809736050665379
v -0.0006971186376176775 -0.02091154083609581 -0.014809736050665379
v -0.0006971186376176775 -0.02091154083609581 -0.014809736050665379
v -0.0006993775605224073 -0.020588358864188194 -0.016017235815525055
v -0.0006993775605224073 -0.020588358864188194 -0.016017235815525055
v -0.0006993775605224073 -0.020588358864188194 -0.016017235815525055
v -0.0006954656564630568 -0.020027464255690575 -0.013926125131547451
v -0.0006954656564630568 -0.020027464255690575 -0.013926125131547451
v -0.0006954656564630568 -0.020027464255690575 -0.013926125131547451
v -0.0006954658892937005 -0.019380390644073486 -0.013926267623901367
v -0.0006954658892937005 -0.019380390644073486 -0.013926267623901367
v -0.0006954658892937005 -0.019380390644073486 -0.013926267623901367
v -0.0006960705504752696 -0.020587891340255737 -0.014249484986066818
v -0.0006960705504752696 -0.020587891340255737 -0.014249484986066818
v -0.0006960705504752696 -0.020587891340255737 -0.014249484986066818
v -0.0006960705504752696 -0.020587891340255737 -0.014249484986066818
v -0.0006971198599785566 -0.01849672757089138 -0.014810379594564438
v -0.0006971198599785566 -0.01849672757089138 -0.014810379594564438
v -0.0006971198599785566 -0.01849672757089138 -0.014810379594564438
v -0.0006971198599785566 -0.01849672757089138 -0.014810379594564438
v -0.0006983302882872522 -0.018496936187148094 -0.015457412227988243
v -0.0006983302882872522 -0.018496936187148094 -0.015457412227988243
v -0.0006983302882872522 -0.018496936187148094 -0.015457412227988243
v -0.0006983302882872522 -0.018496936187148094 -0.015457412227988243
v -0.0006960714235901833 -0.018820099532604218 -0.014249937608838081
v -0.0006960714235901833 -0.018820099532604218 -0.014249937608838081
v -0.0006960714235901833 -0.018820099532604218 -0.014249937608838081
v -0.0006960714235901833 -0.018820099532604218 -0.014249937608838081
v -0.005924370139837265 -0.01882062293589115 -0.016007939353585243
v -0.005924370139837265 -0.01882062293589115 -0.016007939353585243
v -0.005924370139837265 -0.01882062293589115 -0.016007939353585243
v -0.005924370139837265 -0.01882062293589115 -0.016007939353585243
v -0.005924975033849478 -0.019381044432520866 -0.016331307590007782
v -0.005924975033849478 -0.019381044432520866 -0.016331307590007782
v -0.005924975033849478 -0.019381044432520866 -0.016331307590007782
v -0.005924975033849478 -0.019381044432520866 -0.016331307590007782
v -0.0059249745681881905 -0.02002808451652527 -0.016331104561686516
v -0.0059249745681881905 -0.02002808451652527 -0.016331104561686516
v -0.0059249745681881905 -0.02002808451652527 -0.016331104561686516
v -0.00592436920851469 -0.020588358864188194 -0.01600746065378189
v -0.00592436920851469 -0.020588358864188194 -0.01600746065378189
v -0.00592436920851469 -0.020588358864188194 -0.01600746065378189
v -0.00592436920851469 -0.020588358864188194 -0.01600746065378189
v -0.005923321004956961 -0.02091173641383648 -0.015447009354829788
v -0.005923321004956961 -0.02091173641383648 -0.015447009354829788
v -0.005923321004956961 -0.02091173641383648 -0.015447009354829788
v -0.005923321004956961 -0.02091173641383648 -0.015447009354829788
v -0.0059221102856099606 -0.02091154083609581 -0.014799961820244789
v -0.0059221102856099606 -0.02091154083609581 -0.014799961820244789
v -0.0059221102856099606 -0.02091154083609581 -0.014799961820244789
v -0.0059221102856099606 -0.02091154083609581 -0.014799961820244789
v -0.005921062547713518 -0.020587891340255737 -0.014239709824323654
v -0.005921062547713518 -0.020587891340255737 -0.014239709824323654
v -0.005921062547713518 -0.020587891340255737 -0.014239709824323654
v -0.005920457188040018 -0.020027464255690575 -0.013916349969804287
v -0.005920457188040018 -0.020027464255690575 -0.013916349969804287
v -0.005920457188040018 -0.020027464255690575 -0.013916349969804287
v -0.005920457653701305 -0.019380390644073486 -0.013916492462158203
v -0.005920457653701305 -0.019380390644073486 -0.013916492462158203
v -0.005920457653701305 -0.019380390644073486 -0.013916492462158203
v -0.005920457653701305 -0.019380390644073486 -0.013916492462158203
v -0.0059210630133748055 -0.018820099532604218 -0.014240163378417492
v -0.0059210630133748055 -0.018820099532604218 -0.014240163378417492
v -0.0059210630133748055 -0.018820099532604218 -0.014240163378417492
v -0.0059210630133748055 -0.018820099532604218 -0.014240163378417492
v -0.0059221116825938225 -0.01849672757089138 -0.014800605364143848
v -0.0059221116825938225 -0.01849672757089138 -0.014800605364143848
v -0.0059221116825938225 -0.01849672757089138 -0.014800605364143848
v -0.0059221116825938225 -0.01849672757089138 -0.014800605364143848
v -0.005923321936279535 -0.018496936187148094 -0.015447637997567654
v -0.005923321936279535 -0.018496936187148094 -0.015447637997567654
v -0.005923321936279535 -0.018496936187148094 -0.015447637997567654
v -0.005923321936279535 -0.018496936187148094 -0.015447637997567654
v -0.0008951366762630641 -0.012706630863249302 0.012966673821210861
v -0.0008951366762630641 -0.012706630863249302 0.012966673821210861
v -0.0008951366762630641 -0.012706630863249302 0.012966673821210861
v -0.0008956326055340469 -0.013166210614144802 0.012701556086540222
v -0.0008956326055340469 -0.013166210614144802 0.012701556086540222
v -0.0008956326055340469 -0.013166210614144802 0.012701556086540222
v -0.0008956324309110641 -0.013696826063096523 0.012701663188636303
v -0.0008956324309110641 -0.013696826063096523 0.012701663188636303
v -0.0008956324309110641 -0.013696826063096523 0.012701663188636303
v -0.0008951358613558114 -0.014156172052025795 0.012967105023562908
v -0.0008951358613558114 -0.014156172052025795 0.012967105023562908
v -0.0008951358613558114 -0.014156172052025795 0.012967105023562908
v -0.0008951358613558114 -0.014156172052025795 0.012967105023562908
v -0.0008942761342041194 -0.014421339146792889 0.013426648452877998
v -0.0008942761342041194 -0.014421339146792889 0.013426648452877998
v -0.0008942761342041194 -0.014421339146792889 0.013426648452877998
v -0.0008942761342041194 -0.014421339146792889 0.013426648452877998
v -0.000893283577170223 -0.014421280473470688 0.01395722758024931
v -0.000893283577170223 -0.014421280473470688 0.01395722758024931
v -0.000893283577170223 -0.014421280473470688 0.01395722758024931
v -0.0008924240828491747 -0.014155825600028038 0.014416657388210297
v -0.0008924240828491747 -0.014155825600028038 0.014416657388210297
v -0.0008924240828491747 -0.014155825600028038 0.014416657388210297
v -0.0008924240828491747 -0.014155825600028038 0.014416657388210297
v -0.0008919280371628702 -0.013696281239390373 0.014681822620332241
v -0.0008919280371628702 -0.013696281239390373 0.014681822620332241
v -0.0008919280371628702 -0.013696281239390373 0.014681822620332241
v -0.0008919282699935138 -0.013165664859116077 0.014681716449558735
v -0.0008919282699935138 -0.013165664859116077 0.014681716449558735
v -0.0008919282699935138 -0.013165664859116077 0.014681716449558735
v -0.0008924248395487666 -0.01270623505115509 0.01441626064479351
v -0.0008924248395487666 -0.01270623505115509 0.01441626064479351
v -0.0008924248395487666 -0.01270623505115509 0.01441626064479351
v -0.0008924248395487666 -0.01270623505115509 0.01441626064479351
v -0.0008932846249081194 -0.012441117316484451 0.013956681825220585
v -0.0008932846249081194 -0.012441117316484451 0.013956681825220585
v -0.0008932846249081194 -0.012441117316484451 0.013956681825220585
v -0.0008932846249081194 -0.012441117316484451 0.013956681825220585
v -0.000894277123734355 -0.012441218830645084 0.013426145538687706
v -0.000894277123734355 -0.012441218830645084 0.013426145538687706
v -0.000894277123734355 -0.012441218830645084 0.013426145538687706
v -0.000894277123734355 -0.012441218830645084 0.013426145538687706
v -0.000895150238648057 0.014163367450237274 0.01295940950512886
v -0.000895150238648057 0.014163367450237274 0.01295940950512886
v -0.000895150238648057 0.014163367450237274 0.01295940950512886
v -0.000895150238648057 0.014163367450237274 0.01295940950512886
v -0.0008956462843343616 0.013703822158277035 0.012694243341684341
v -0.0008956462843343616 0.013703822158277035 0.012694243341684341
v -0.0008956462843343616 0.013703822158277035 0.012694243341684341
v -0.0008956462843343616 0.013703822158277035 0.012694243341684341
v -0.0008956459350883961 0.013173215091228485 0.01269444264471531
v -0.0008956459350883961 0.013173215091228485 0.01269444264471531
v -0.0008956459350883961 0.013173215091228485 0.01269444264471531
v -0.0008956459350883961 0.013173215091228485 0.01269444264471531
v -0.0008951494819484651 0.012713776901364326 0.012959805317223072
v -0.0008951494819484651 0.012713776901364326 0.012959805317223072
v -0.0008951494819484651 0.012713776901364326 0.012959805317223072
v -0.0008942898130044341 0.012448610737919807 0.013419348746538162
v -0.0008942898130044341 0.012448610737919807 0.013419348746538162
v -0.0008942898130044341 0.012448610737919807 0.013419348746538162
v -0.0008942898130044341 0.012448610737919807 0.013419348746538162
v -0.0008932970813475549 0.012448765337467194 0.013949998654425144
v -0.0008932970813475549 0.012448765337467194 0.013949998654425144
v -0.0008932970813475549 0.012448765337467194 0.013949998654425144
v -0.0008932970813475549 0.012448765337467194 0.013949998654425144
v -0.0008924377034418285 0.012714172713458538 0.014409393072128296
v -0.0008924377034418285 0.012714172713458538 0.014409393072128296
v -0.0008924377034418285 0.012714172713458538 0.014409393072128296
v -0.0008924377034418285 0.012714172713458538 0.014409393072128296
v -0.0008919416577555239 0.013173718005418777 0.014674559235572815
v -0.0008919416577555239 0.013173718005418777 0.014674559235572815
v -0.0008919416577555239 0.013173718005418777 0.014674559235572815
v -0.0008919416577555239 0.013173718005418777 0.014674559235572815
v -0.0008919418905861676 0.013704284094274044 0.014674416743218899
v -0.0008919418905861676 0.013704284094274044 0.014674416743218899
v -0.0008919418905861676 0.013704284094274044 0.014674416743218899
v -0.0008919418905861676 0.013704284094274044 0.014674416743218899
v -0.0008924384601414204 0.014163763262331486 0.014408997260034084
v -0.0008924384601414204 0.014163763262331486 0.014408997260034084
v -0.0008924384601414204 0.014163763262331486 0.014408997260034084
v -0.0008924384601414204 0.014163763262331486 0.014408997260034084
v -0.0008932981290854514 0.014428929425776005 0.013949453830718994
v -0.0008932981290854514 0.014428929425776005 0.013949453830718994
v -0.0008932981290854514 0.014428929425776005 0.013949453830718994
v -0.0008932981290854514 0.014428929425776005 0.013949453830718994
v -0.0008942907443270087 0.014428739435970783 0.013418852351605892
v -0.0008942907443270087 0.014428739435970783 0.013418852351605892
v -0.0008942907443270087 0.014428739435970783 0.013418852351605892
v -0.0008942907443270087 0.014428739435970783 0.013418852351605892
v -0.0009454169776290655 0.014156103134155273 -0.013910542242228985
v -0.0009454169776290655 0.014156103134155273 -0.013910542242228985
v -0.0009454169776290655 0.014156103134155273 -0.013910542242228985
v -0.0009454169776290655 0.014156103134155273 -0.013910542242228985
v -0.0009459130233153701 0.013696558773517609 -0.01417570747435093
v -0.0009459130233153701 0.013696558773517609 -0.01417570747435093
v -0.0009459130233153701 0.013696558773517609 -0.01417570747435093
v -0.0009459130233153701 0.013696558773517609 -0.01417570747435093
v -0.0009459127904847264 0.013165942393243313 -0.014175601303577423
v -0.0009459127904847264 0.013165942393243313 -0.014175601303577423
v -0.0009459127904847264 0.013165942393243313 -0.014175601303577423
v -0.0009454161627218127 0.012706561014056206 -0.013910111039876938
v -0.0009454161627218127 0.012706561014056206 -0.013910111039876938
v -0.0009454161627218127 0.012706561014056206 -0.013910111039876938
v -0.0009454161627218127 0.012706561014056206 -0.013910111039876938
v -0.0009445564355701208 0.012441394850611687 -0.013450566679239273
v -0.0009445564355701208 0.012441394850611687 -0.013450566679239273
v -0.0009445564355701208 0.012441394850611687 -0.013450566679239273
v -0.0009445564355701208 0.012441394850611687 -0.013450566679239273
v -0.0009435639367438853 0.01244149636477232 -0.012920030392706394
v -0.0009435639367438853 0.01244149636477232 -0.012920030392706394
v -0.0009435639367438853 0.01244149636477232 -0.012920030392706394
v -0.0009435639367438853 0.01244149636477232 -0.012920030392706394
v -0.0009427045006304979 0.012706943787634373 -0.012460606172680855
v -0.0009427045006304979 0.012706943787634373 -0.012460606172680855
v -0.0009427045006304979 0.012706943787634373 -0.012460606172680855
v -0.0009427045006304979 0.012706943787634373 -0.012460606172680855
v -0.0009422084549441934 0.013166488148272038 -0.01219544094055891
v -0.0009422084549441934 0.013166488148272038 -0.01219544094055891
v -0.0009422084549441934 0.013166488148272038 -0.01219544094055891
v -0.0009422086295671761 0.013697103597223759 -0.012195547111332417
v -0.0009422086295671761 0.013697103597223759 -0.012195547111332417
v -0.0009422086295671761 0.013697103597223759 -0.012195547111332417
v -0.000942705140914768 0.014156498946249485 -0.012460954487323761
v -0.000942705140914768 0.014156498946249485 -0.012460954487323761
v -0.000942705140914768 0.014156498946249485 -0.012460954487323761
v -0.0009435649262741208 0.014421616680920124 -0.012920533306896687
v -0.0009435649262741208 0.014421616680920124 -0.012920533306896687
v -0.0009435649262741208 0.014421616680920124 -0.012920533306896687
v -0.0009435649262741208 0.014421616680920124 -0.012920533306896687
v -0.0009445574833080173 0.014421558007597923 -0.013451112434267998
v -0.0009445574833080173 0.014421558007597923 -0.013451112434267998
v -0.0009445574833080173 0.014421558007597923 -0.013451112434267998
v -0.0009445574833080173 0.014421558007597923 -0.013451112434267998
v -0.0009454033570364118 -0.012713895179331303 -0.013903277926146984
v -0.0009454033570364118 -0.012713895179331303 -0.013903277926146984
v -0.0009454033570364118 -0.012713895179331303 -0.013903277926146984
v -0.0009458994609303772 -0.013173488900065422 -0.014168478548526764
v -0.0009458994609303772 -0.013173488900065422 -0.014168478548526764
v -0.0009458994609303772 -0.013173488900065422 -0.014168478548526764
v -0.0009458994609303772 -0.013173488900065422 -0.014168478548526764
v -0.0009458991116844118 -0.013704090379178524 -0.014168287627398968
v -0.0009458991116844118 -0.013704090379178524 -0.014168287627398968
v -0.0009458991116844118 -0.013704090379178524 -0.014168287627398968
v -0.0009458991116844118 -0.013704090379178524 -0.014168287627398968
v -0.0009454026003368199 -0.01416348572820425 -0.013902882114052773
v -0.0009454026003368199 -0.01416348572820425 -0.013902882114052773
v -0.0009454026003368199 -0.01416348572820425 -0.013902882114052773
v -0.0009454026003368199 -0.01416348572820425 -0.013902882114052773
v -0.0009445429313927889 -0.01442865189164877 -0.013443338684737682
v -0.0009445429313927889 -0.01442865189164877 -0.013443338684737682
v -0.0009445429313927889 -0.01442865189164877 -0.013443338684737682
v -0.0009445429313927889 -0.01442865189164877 -0.013443338684737682
v -0.0009435503161512315 -0.014428544789552689 -0.012912723235785961
v -0.0009435503161512315 -0.014428544789552689 -0.012912723235785961
v -0.0009435503161512315 -0.014428544789552689 -0.012912723235785961
v -0.0009435503161512315 -0.014428544789552689 -0.012912723235785961
v -0.0009426908218301833 -0.014163088984787464 -0.012453294359147549
v -0.0009426908218301833 -0.014163088984787464 -0.012453294359147549
v -0.0009426908218301833 -0.014163088984787464 -0.012453294359147549
v -0.0009426908218301833 -0.014163088984787464 -0.012453294359147549
v -0.0009421947761438787 -0.0137035446241498 -0.01218812819570303
v -0.0009421947761438787 -0.0137035446241498 -0.01218812819570303
v -0.0009421947761438787 -0.0137035446241498 -0.01218812819570303
v -0.0009421950671821833 -0.01317297201603651 -0.012188278138637543
v -0.0009421950671821833 -0.01317297201603651 -0.012188278138637543
v -0.0009421950671821833 -0.01317297201603651 -0.012188278138637543
v -0.0009421950671821833 -0.01317297201603651 -0.012188278138637543
v -0.0009426916367374361 -0.012713547796010971 -0.012453724630177021
v -0.0009426916367374361 -0.012713547796010971 -0.012453724630177021
v -0.0009426916367374361 -0.012713547796010971 -0.012453724630177021
v -0.0009426916367374361 -0.012713547796010971 -0.012453724630177021
v -0.0009435513056814671 -0.012448381632566452 -0.012913268059492111
v -0.0009435513056814671 -0.012448381632566452 -0.012913268059492111
v -0.0009435513056814671 -0.012448381632566452 -0.012913268059492111
v -0.0009435513056814671 -0.012448381632566452 -0.012913268059492111
v -0.0009445438627153635 -0.012448523193597794 -0.013443835079669952
v -0.0009445438627153635 -0.012448523193597794 -0.013443835079669952
v -0.0009445438627153635 -0.012448523193597794 -0.013443835079669952
v 0.0022944272495806217 -0.004033721052110195 -0.01934194006025791
v 0.0022944272495806217 -0.004033721052110195 -0.01934194006025791
v 0.0012944492045789957 -0.004033721052110195 -0.019340069964528084
v 0.0012944492045789957 -0.004033721052110195 -0.019340069964528084
v 0.0012937665451318026 -0.001356313587166369 -0.01970500499010086
v 0.0012937665451318026 -0.001356313587166369 -0.01970500499010086
v 0.002293744357302785 -0.001356313587166369 -0.01970687508583069
v 0.002293744357302785 -0.001356313587166369 -0.01970687508583069
v 0.0012937651481479406 0.001345871714875102 -0.01970573142170906
v 0.0012937651481479406 0.001345871714875102 -0.01970573142170906
v 0.0022937431931495667 0.001345871714875102 -0.01970760151743889
v 0.0022937431931495667 0.001345871714875102 -0.01970760151743889
v 0.0012944451300427318 0.004023515619337559 -0.019342221319675446
v 0.0012944451300427318 0.004023515619337559 -0.019342221319675446
v 0.002294423058629036 0.004023515619337559 -0.019344093278050423
v 0.002294423058629036 0.004023515619337559 -0.019344093278050423
v 0.002294423058629036 0.004023515619337559 -0.019344093278050423
v 0.0022912928834557533 -0.006915407720953226 -0.021017378196120262
v 0.0022912928834557533 -0.006915407720953226 -0.021017378196120262
v 0.0012913149548694491 -0.006915407720953226 -0.021015506237745285
v 0.0012913149548694491 -0.006915407720953226 -0.021015506237745285
v 0.0022927846293896437 -0.006483019329607487 -0.02021995186805725
v 0.0022927846293896437 -0.006483019329607487 -0.02021995186805725
v 0.0012932264944538474 -0.006278099957853556 -0.01999368891119957
v 0.0012932264944538474 -0.006278099957853556 -0.01999368891119957
v 0.0022932044230401516 -0.006278099957853556 -0.019995559006929398
v 0.0022932044230401516 -0.006278099957853556 -0.019995559006929398
v 0.002293889643624425 -0.005794568452984095 -0.019629307091236115
v 0.002293889643624425 -0.005794568452984095 -0.019629307091236115
v 0.0022943366784602404 -0.005237000063061714 -0.019390273839235306
v 0.0022943366784602404 -0.005237000063061714 -0.019390273839235306
v 0.0012943587498739362 -0.005237000063061714 -0.01938840188086033
v 0.0012943587498739362 -0.005237000063061714 -0.01938840188086033
v 0.00229446217417717 -0.004940648563206196 -0.01932319812476635
v 0.00229446217417717 -0.004940648563206196 -0.01932319812476635
v 0.0022867852821946144 -0.006427985616028309 -0.023426895961165428
v 0.0022867852821946144 -0.006427985616028309 -0.023426895961165428
v 0.0022867852821946144 -0.006427985616028309 -0.023426895961165428
v 0.001286051468923688 -0.005982500035315752 -0.023829085752367973
v 0.001286051468923688 -0.005982500035315752 -0.023829085752367973
v 0.0022874956484884024 -0.006699243560433388 -0.023047106340527534
v 0.0022874956484884024 -0.006699243560433388 -0.023047106340527534
v 0.0012874974636361003 -0.0066928560845553875 -0.023056138306856155
v 0.0012874974636361003 -0.0066928560845553875 -0.023056138306856155
v 0.0022881333716213703 -0.006864211522042751 -0.02270624041557312
v 0.0022881333716213703 -0.006864211522042751 -0.02270624041557312
v 0.0022881333716213703 -0.006864211522042751 -0.02270624041557312
v 0.0012893615057691932 -0.007023240905255079 -0.022059710696339607
v 0.0012893615057691932 -0.007023240905255079 -0.022059710696339607
v 0.0022897047456353903 -0.007036800030618906 -0.02186625637114048
v 0.0022897047456353903 -0.007036800030618906 -0.02186625637114048
v 0.004585777409374714 -0.00580209493637085 -0.02395167574286461
v 0.004585777409374714 -0.00580209493637085 -0.02395167574286461
v 0.0045860158279538155 -0.005997917614877224 -0.023824242874979973
v 0.0045860158279538155 -0.005997917614877224 -0.023824242874979973
v 0.0045860158279538155 -0.005997917614877224 -0.023824242874979973
v 0.004586751107126474 -0.006427985616028309 -0.02343119867146015
v 0.004586751107126474 -0.006427985616028309 -0.02343119867146015
v 0.0022912858985364437 0.006904228124767542 -0.02102106437087059
v 0.0022912858985364437 0.006904228124767542 -0.02102106437087059
v 0.0022912858985364437 0.006904228124767542 -0.02102106437087059
v 0.0012913079699501395 0.006904228124767542 -0.021019194275140762
v 0.0012913079699501395 0.006904228124767542 -0.021019194275140762
v 0.0012913079699501395 0.006904228124767542 -0.021019194275140762
v 0.0012893544044345617 0.00701149133965373 -0.022063512355089188
v 0.0012893544044345617 0.00701149133965373 -0.022063512355089188
v 0.0012893544044345617 0.00701149133965373 -0.022063512355089188
v 0.0012874907115474343 0.006680582650005817 -0.02305971272289753
v 0.0012874907115474343 0.006680582650005817 -0.02305971272289753
v 0.0012874907115474343 0.006680582650005817 -0.02305971272289753
v 0.0022881263867020607 0.0068521648645401 -0.022709958255290985
v 0.0022881263867020607 0.0068521648645401 -0.022709958255290985
v 0.002289697527885437 0.007025214843451977 -0.02187008410692215
v 0.002289697527885437 0.007025214843451977 -0.02187008410692215
v 0.002289697527885437 0.007025214843451977 -0.02187008410692215
v 0.0045860097743570805 0.005985263269394636 -0.023827506229281425
v 0.0045860097743570805 0.005985263269394636 -0.023827506229281425
v 0.004586744587868452 0.006415554787963629 -0.023434653878211975
v 0.004586744587868452 0.006415554787963629 -0.023434653878211975
v 0.001286045415326953 0.005969865247607231 -0.023832276463508606
v 0.001286045415326953 0.005969865247607231 -0.023832276463508606
v 0.002286778762936592 0.006415554787963629 -0.02343035116791725
v 0.002286778762936592 0.006415554787963629 -0.02343035116791725
v 0.0022874888963997364 0.006686998996883631 -0.023050712421536446
v 0.0022874888963997364 0.006686998996883631 -0.023050712421536446
v 0.004585771821439266 0.005789422895759344 -0.02395477145910263
v 0.004585771821439266 0.005789422895759344 -0.02395477145910263
v 0.004585771821439266 0.005789422895759344 -0.02395477145910263
v 0.002294457284733653 0.00493039283901453 -0.019325844943523407
v 0.002294457284733653 0.00493039283901453 -0.019325844943523407
v 0.0012943536275997758 0.005226742476224899 -0.01939118094742298
v 0.0012943536275997758 0.005226742476224899 -0.01939118094742298
v 0.00229433155618608 0.005226742476224899 -0.01939305104315281
v 0.00229433155618608 0.005226742476224899 -0.01939305104315281
v 0.0022938838228583336 0.005784188397228718 -0.019632413983345032
v 0.0022938838228583336 0.005784188397228718 -0.019632413983345032
v 0.001293220091611147 0.006267496384680271 -0.019997064024209976
v 0.001293220091611147 0.006267496384680271 -0.019997064024209976
v 0.002293198136612773 0.006267496384680271 -0.019998934119939804
v 0.002293198136612773 0.006267496384680271 -0.019998934119939804
v 0.0022927781101316214 0.006472267676144838 -0.020223423838615417
v 0.0022927781101316214 0.006472267676144838 -0.020223423838615417
v 0.0010032692225649953 -0.014887722209095955 -0.014630353078246117
v 0.0020855809561908245 -0.01586074009537697 -0.01472125668078661
v 0.0020855809561908245 -0.01586074009537697 -0.01472125668078661
v 0.0020855809561908245 -0.01586074009537697 -0.01472125668078661
v 0.0020855809561908245 -0.01586074009537697 -0.01472125668078661
v 0.0016286581521853805 -0.01618420146405697 -0.014396815560758114
v 0.0016286581521853805 -0.01618420146405697 -0.014396815560758114
v 0.0016286581521853805 -0.01618420146405697 -0.014396815560758114
v 0.0016286581521853805 -0.01618420146405697 -0.014396815560758114
v 0.002252244623377919 -0.01541894394904375 -0.015163620002567768
v 0.002252244623377919 -0.01541894394904375 -0.015163620002567768
v 0.002252244623377919 -0.01541894394904375 -0.015163620002567768
v 0.002252244623377919 -0.01541894394904375 -0.015163620002567768
v 0.00037868943763896823 -0.01618420146405697 -0.014394477009773254
v 0.00037868943763896823 -0.01618420146405697 -0.014394477009773254
v 0.00037868943763896823 -0.01618420146405697 -0.014394477009773254
v 0.00037868943763896823 -0.01618420146405697 -0.014394477009773254
v -7.943476521177217e-05 -0.01586074009537697 -0.014717206358909607
v -7.943476521177217e-05 -0.01586074009537697 -0.014717206358909607
v -7.943476521177217e-05 -0.01586074009537697 -0.014717206358909607
v -7.943476521177217e-05 -0.01586074009537697 -0.014717206358909607
v 0.0010039298795163631 -0.01630261540412903 -0.014277175068855286
v 0.0010039298795163631 -0.01630261540412903 -0.014277175068855286
v 0.0010039298795163631 -0.01630261540412903 -0.014277175068855286
v 0.0010039298795163631 -0.01630261540412903 -0.014277175068855286
v -8.108879410428926e-05 -0.01497711893171072 -0.015601362101733685
v -8.108879410428926e-05 -0.01497711893171072 -0.015601362101733685
v -8.108879410428926e-05 -0.01497711893171072 -0.015601362101733685
v -8.108879410428926e-05 -0.01497711893171072 -0.015601362101733685
v 0.00037582466029562056 -0.014653698541224003 -0.015925832092761993
v 0.00037582466029562056 -0.014653698541224003 -0.015925832092761993
v 0.00037582466029562056 -0.014653698541224003 -0.015925832092761993
v 0.00037582466029562056 -0.014653698541224003 -0.015925832092761993
v -0.0002477504895068705 -0.01541894394904375 -0.015158943831920624
v -0.0002477504895068705 -0.01541894394904375 -0.015158943831920624
v -0.0002477504895068705 -0.01541894394904375 -0.015158943831920624
v -0.0002477504895068705 -0.01541894394904375 -0.015158943831920624
v 0.0016257934039458632 -0.014653698541224003 -0.015928169712424278
v 0.0016257934039458632 -0.014653698541224003 -0.015928169712424278
v 0.0016257934039458632 -0.014653698541224003 -0.015928169712424278
v 0.0016257934039458632 -0.014653698541224003 -0.015928169712424278
v 0.0020839269272983074 -0.01497711893171072 -0.015605412423610687
v 0.0020839269272983074 -0.01497711893171072 -0.015605412423610687
v 0.0020839269272983074 -0.01497711893171072 -0.015605412423610687
v 0.0020839269272983074 -0.01497711893171072 -0.015605412423610687
v 0.0010006219381466508 -0.014535273425281048 -0.016045402735471725
v 0.0010006219381466508 -0.014535273425281048 -0.016045402735471725
v 0.0010006219381466508 -0.014535273425281048 -0.016045402735471725
v 0.0010006219381466508 -0.014535273425281048 -0.016045402735471725
v 0.0022453346755355597 -0.01911451853811741 -0.018857277929782867
v 0.0022453346755355597 -0.01911451853811741 -0.018857277929782867
v 0.0022453346755355597 -0.01911451853811741 -0.018857277929782867
v 0.0022453346755355597 -0.01911451853811741 -0.018857277929782867
v 0.002078671008348465 -0.019556399434804916 -0.018414901569485664
v 0.002078671008348465 -0.019556399434804916 -0.018414901569485664
v 0.002078671008348465 -0.019556399434804916 -0.018414901569485664
v 0.002078671008348465 -0.019556399434804916 -0.018414901569485664
v 0.0016217483207583427 -0.019879812374711037 -0.018090425059199333
v 0.0016217483207583427 -0.019879812374711037 -0.018090425059199333
v 0.0016217483207583427 -0.019879812374711037 -0.018090425059199333
v 0.0016217483207583427 -0.019879812374711037 -0.018090425059199333
v 0.0009970200480893254 -0.01999819092452526 -0.01797083392739296
v 0.0009970200480893254 -0.01999819092452526 -0.01797083392739296
v 0.0009970200480893254 -0.01999819092452526 -0.01797083392739296
v 0.0009970200480893254 -0.01999819092452526 -0.01797083392739296
v 0.0003717796644195914 -0.019879812374711037 -0.01808808743953705
v 0.0003717796644195914 -0.019879812374711037 -0.01808808743953705
v 0.0003717796644195914 -0.019879812374711037 -0.01808808743953705
v 0.0003717796644195914 -0.019879812374711037 -0.01808808743953705
v -8.634461846668273e-05 -0.019556399434804916 -0.018410850316286087
v -8.634461846668273e-05 -0.019556399434804916 -0.018410850316286087
v -8.634461846668273e-05 -0.019556399434804916 -0.018410850316286087
v -8.634461846668273e-05 -0.019556399434804916 -0.018410850316286087
v -0.0002546603500377387 -0.01911451853811741 -0.01885260082781315
v -0.0002546603500377387 -0.01911451853811741 -0.01885260082781315
v -0.0002546603500377387 -0.01911451853811741 -0.01885260082781315
v -0.0002546603500377387 -0.01911451853811741 -0.01885260082781315
v -8.799857459962368e-05 -0.018672728911042213 -0.019294971600174904
v -8.799857459962368e-05 -0.018672728911042213 -0.019294971600174904
v -8.799857459962368e-05 -0.018672728911042213 -0.019294971600174904
v -8.799857459962368e-05 -0.018672728911042213 -0.019294971600174904
v 0.00036891488707624376 -0.018349308520555496 -0.019619440659880638
v 0.00036891488707624376 -0.018349308520555496 -0.019619440659880638
v 0.00036891488707624376 -0.018349308520555496 -0.019619440659880638
v 0.00036891488707624376 -0.018349308520555496 -0.019619440659880638
v 0.000993712106719613 -0.01823093369603157 -0.019739046692848206
v 0.000993712106719613 -0.01823093369603157 -0.019739046692848206
v 0.000993712106719613 -0.01823093369603157 -0.019739046692848206
v 0.000993712106719613 -0.01823093369603157 -0.019739046692848206
v 0.0016188835725188255 -0.018349308520555496 -0.019621780142188072
v 0.0016188835725188255 -0.018349308520555496 -0.019621780142188072
v 0.0016188835725188255 -0.018349308520555496 -0.019621780142188072
v 0.0016188835725188255 -0.018349308520555496 -0.019621780142188072
v 0.0020770172122865915 -0.018672728911042213 -0.019299020990729332
v 0.0020770172122865915 -0.018672728911042213 -0.019299020990729332
v 0.0020770172122865915 -0.018672728911042213 -0.019299020990729332
v 0.0020770172122865915 -0.018672728911042213 -0.019299020990729332
v 0.0010032540885731578 0.014879927039146423 -0.014638425782322884
v 0.00208391179330647 0.014968805946409702 -0.015613466501235962
v 0.00208391179330647 0.014968805946409702 -0.015613466501235962
v 0.00208391179330647 0.014968805946409702 -0.015613466501235962
v 0.00208391179330647 0.014968805946409702 -0.015613466501235962
v 0.0016257786191999912 0.014645220711827278 -0.015936071053147316
v 0.0016257786191999912 0.014645220711827278 -0.015936071053147316
v 0.0016257786191999912 0.014645220711827278 -0.015936071053147316
v 0.0016257786191999912 0.014645220711827278 -0.015936071053147316
v 0.0022522290237247944 0.015410905703902245 -0.015171948820352554
v 0.0022522290237247944 0.015410905703902245 -0.015171948820352554
v 0.0022522290237247944 0.015410905703902245 -0.015171948820352554
v 0.0022522290237247944 0.015410905703902245 -0.015171948820352554
v 0.000375809904653579 0.014645220711827278 -0.01593373343348503
v 0.000375809904653579 0.014645220711827278 -0.01593373343348503
v 0.000375809904653579 0.014645220711827278 -0.01593373343348503
v 0.000375809904653579 0.014645220711827278 -0.01593373343348503
v -8.110386261250824e-05 0.014968805946409702 -0.015609417110681534
v -8.110386261250824e-05 0.014968805946409702 -0.015609417110681534
v -8.110386261250824e-05 0.014968805946409702 -0.015609417110681534
v -8.110386261250824e-05 0.014968805946409702 -0.015609417110681534
v 0.0010006072698161006 0.014526797458529472 -0.016053279861807823
v 0.0010006072698161006 0.014526797458529472 -0.016053279861807823
v 0.0010006072698161006 0.014526797458529472 -0.016053279861807823
v 0.0010006072698161006 0.014526797458529472 -0.016053279861807823
v -7.94508378021419e-05 0.01585296355187893 -0.01472579687833786
v -7.94508378021419e-05 0.01585296355187893 -0.01472579687833786
v -7.94508378021419e-05 0.01585296355187893 -0.01472579687833786
v -7.94508378021419e-05 0.01585296355187893 -0.01472579687833786
v 0.00037867313949391246 0.01617654226720333 -0.014403183944523335
v 0.00037867313949391246 0.01617654226720333 -0.014403183944523335
v 0.00037867313949391246 0.01617654226720333 -0.014403183944523335
v 0.00037867313949391246 0.01617654226720333 -0.014403183944523335
v -0.00024776606005616486 0.015410905703902245 -0.01516727264970541
v -0.00024776606005616486 0.015410905703902245 -0.01516727264970541
v -0.00024776606005616486 0.015410905703902245 -0.01516727264970541
v -0.00024776606005616486 0.015410905703902245 -0.01516727264970541
v 0.0016286418540403247 0.01617654226720333 -0.014405522495508194
v 0.0016286418540403247 0.01617654226720333 -0.014405522495508194
v 0.0016286418540403247 0.01617654226720333 -0.014405522495508194
v 0.0016286418540403247 0.01617654226720333 -0.014405522495508194
v 0.0020855648908764124 0.01585296355187893 -0.014729847200214863
v 0.0020855648908764124 0.01585296355187893 -0.014729847200214863
v 0.0020855648908764124 0.01585296355187893 -0.014729847200214863
v 0.0020855648908764124 0.01585296355187893 -0.014729847200214863
v 0.0010039133485406637 0.01629498042166233 -0.014285977929830551
v 0.0010039133485406637 0.01629498042166233 -0.014285977929830551
v 0.0010039133485406637 0.01629498042166233 -0.014285977929830551
v 0.0010039133485406637 0.01629498042166233 -0.014285977929830551
v 0.0022453153505921364 0.019104473292827606 -0.01886758767068386
v 0.0022453153505921364 0.019104473292827606 -0.01886758767068386
v 0.0022453153505921364 0.019104473292827606 -0.01886758767068386
v 0.0022453153505921364 0.019104473292827606 -0.01886758767068386
v 0.0022453153505921364 0.019104473292827606 -0.01886758767068386
v 0.0020769983530044556 0.018662456423044205 -0.019309120252728462
v 0.0020769983530044556 0.018662456423044205 -0.019309120252728462
v 0.0020769983530044556 0.018662456423044205 -0.019309120252728462
v 0.0020769983530044556 0.018662456423044205 -0.019309120252728462
v 0.001618865062482655 0.01833883672952652 -0.019631676375865936
v 0.001618865062482655 0.01833883672952652 -0.019631676375865936
v 0.001618865062482655 0.01833883672952652 -0.019631676375865936
v 0.001618865062482655 0.01833883672952652 -0.019631676375865936
v 0.0009936937130987644 0.018220413476228714 -0.019748885184526443
v 0.0009936937130987644 0.018220413476228714 -0.019748885184526443
v 0.0009936937130987644 0.018220413476228714 -0.019748885184526443
v 0.0009936937130987644 0.018220413476228714 -0.019748885184526443
v 0.0003688963770400733 0.01833883672952652 -0.019629336893558502
v 0.0003688963770400733 0.01833883672952652 -0.019629336893558502
v 0.0003688963770400733 0.01833883672952652 -0.019629336893558502
v 0.0003688963770400733 0.01833883672952652 -0.019629336893558502
v -8.801747026154771e-05 0.018662456423044205 -0.019305068999528885
v -8.801747026154771e-05 0.018662456423044205 -0.019305068999528885
v -8.801747026154771e-05 0.018662456423044205 -0.019305068999528885
v -8.801747026154771e-05 0.018662456423044205 -0.019305068999528885
v -0.0002546796458773315 0.019104473292827606 -0.018862910568714142
v -0.0002546796458773315 0.019104473292827606 -0.018862910568714142
v -0.0002546796458773315 0.019104473292827606 -0.018862910568714142
v -0.0002546796458773315 0.019104473292827606 -0.018862910568714142
v -0.0002546796458773315 0.019104473292827606 -0.018862910568714142
v -8.63643508637324e-05 0.01954657956957817 -0.01842140033841133
v -8.63643508637324e-05 0.01954657956957817 -0.01842140033841133
v -8.63643508637324e-05 0.01954657956957817 -0.01842140033841133
v -8.63643508637324e-05 0.01954657956957817 -0.01842140033841133
v 0.0003717595536727458 0.019870193675160408 -0.01809883676469326
v 0.0003717595536727458 0.019870193675160408 -0.01809883676469326
v 0.0003717595536727458 0.019870193675160408 -0.01809883676469326
v 0.0003717595536727458 0.019870193675160408 -0.01809883676469326
v 0.0009969997918233275 0.01998862996697426 -0.017981629818677902
v 0.0009969997918233275 0.01998862996697426 -0.017981629818677902
v 0.0009969997918233275 0.01998862996697426 -0.017981629818677902
v 0.0009969997918233275 0.01998862996697426 -0.017981629818677902
v 0.0016217281809076667 0.019870193675160408 -0.018101174384355545
v 0.0016217281809076667 0.019870193675160408 -0.018101174384355545
v 0.0016217281809076667 0.019870193675160408 -0.018101174384355545
v 0.0016217281809076667 0.019870193675160408 -0.018101174384355545
v 0.002078651450574398 0.01954657956957817 -0.01842545159161091
v 0.002078651450574398 0.01954657956957817 -0.01842545159161091
v 0.002078651450574398 0.01954657956957817 -0.01842545159161091
v 0.002078651450574398 0.01954657956957817 -0.01842545159161091
v 0.0010589414741843939 0.01488799974322319 0.01512917224317789
v -2.1775855202577077e-05 0.014977396465837955 0.016104230657219887
v -2.1775855202577077e-05 0.014977396465837955 0.016104230657219887
v -2.1775855202577077e-05 0.014977396465837955 0.016104230657219887
v -2.1775855202577077e-05 0.014977396465837955 0.016104230657219887
v 0.0004363483458291739 0.014653927646577358 0.01642695441842079
v 0.0004363483458291739 0.014653927646577358 0.01642695441842079
v 0.0004363483458291739 0.014653927646577358 0.01642695441842079
v 0.0004363483458291739 0.014653927646577358 0.01642695441842079
v -0.0001900916831800714 0.015419221483170986 0.015662439167499542
v -0.0001900916831800714 0.015419221483170986 0.015662439167499542
v -0.0001900916831800714 0.015419221483170986 0.015662439167499542
v -0.0001900916831800714 0.015419221483170986 0.015662439167499542
v 0.0016863170312717557 0.014653927646577358 0.016424616798758507
v 0.0016863170312717557 0.014653927646577358 0.016424616798758507
v 0.0016863170312717557 0.014653927646577358 0.016424616798758507
v 0.0016863170312717557 0.014653927646577358 0.016424616798758507
v 0.0021432398352771997 0.014977396465837955 0.01610018126666546
v 0.0021432398352771997 0.014977396465837955 0.01610018126666546
v 0.0021432398352771997 0.014977396465837955 0.01610018126666546
v 0.0021432398352771997 0.014977396465837955 0.01610018126666546
v 0.0010615887586027384 0.014535551890730858 0.016544220969080925
v 0.0010615887586027384 0.014535551890730858 0.016544220969080925
v 0.0010615887586027384 0.014535551890730858 0.016544220969080925
v 0.0010615887586027384 0.014535551890730858 0.016544220969080925
v 0.0021415858063846827 0.015861066058278084 0.015216059982776642
v 0.0021415858063846827 0.015861066058278084 0.015216059982776642
v 0.0021415858063846827 0.015861066058278084 0.015216059982776642
v 0.0021415858063846827 0.015861066058278084 0.015216059982776642
v 0.0016834522830322385 0.016184478998184204 0.014893296174705029
v 0.0016834522830322385 0.016184478998184204 0.014893296174705029
v 0.0016834522830322385 0.016184478998184204 0.014893296174705029
v 0.0016834522830322385 0.016184478998184204 0.014893296174705029
v 0.0023099035024642944 0.015419221483170986 0.015657762065529823
v 0.0023099035024642944 0.015419221483170986 0.015657762065529823
v 0.0023099035024642944 0.015419221483170986 0.015657762065529823
v 0.0023099035024642944 0.015419221483170986 0.015657762065529823
v 0.0004334836557973176 0.016184478998184204 0.014895634725689888
v 0.0004334836557973176 0.016184478998184204 0.014895634725689888
v 0.0004334836557973176 0.016184478998184204 0.014895634725689888
v 0.0004334836557973176 0.016184478998184204 0.014895634725689888
v -2.3429814973496832e-05 0.015861066058278084 0.015220110304653645
v -2.3429814973496832e-05 0.015861066058278084 0.015220110304653645
v -2.3429814973496832e-05 0.015861066058278084 0.015220110304653645
v -2.3429814973496832e-05 0.015861066058278084 0.015220110304653645
v 0.001058280817233026 0.01630280911922455 0.014776008203625679
v 0.001058280817233026 0.01630280911922455 0.014776008203625679
v 0.001058280817233026 0.01630280911922455 0.014776008203625679
v 0.001058280817233026 0.01630280911922455 0.014776008203625679
v -0.00018318173533771187 0.019114844501018524 0.019356131553649902
v -0.00018318173533771187 0.019114844501018524 0.019356131553649902
v -0.00018318173533771187 0.019114844501018524 0.019356131553649902
v -0.00018318173533771187 0.019114844501018524 0.019356131553649902
v -1.486606925027445e-05 0.01867300644516945 0.01979784108698368
v -1.486606925027445e-05 0.01867300644516945 0.01979784108698368
v -1.486606925027445e-05 0.01867300644516945 0.01979784108698368
v -1.486606925027445e-05 0.01867300644516945 0.01979784108698368
v 0.0004432582063600421 0.01834958605468273 0.02012059837579727
v 0.0004432582063600421 0.01834958605468273 0.02012059837579727
v 0.0004432582063600421 0.01834958605468273 0.02012059837579727
v 0.0004432582063600421 0.01834958605468273 0.02012059837579727
v 0.001068498590029776 0.018231211230158806 0.020237866789102554
v 0.001068498590029776 0.018231211230158806 0.020237866789102554
v 0.001068498590029776 0.018231211230158806 0.020237866789102554
v 0.001068498590029776 0.018231211230158806 0.020237866789102554
v 0.0016932268626987934 0.01834958605468273 0.020118260756134987
v 0.0016932268626987934 0.01834958605468273 0.020118260756134987
v 0.0016932268626987934 0.01834958605468273 0.020118260756134987
v 0.0016932268626987934 0.01834958605468273 0.020118260756134987
v 0.0021501495502889156 0.01867300644516945 0.019793789833784103
v 0.0021501495502889156 0.01867300644516945 0.019793789833784103
v 0.0021501495502889156 0.01867300644516945 0.019793789833784103
v 0.0021501495502889156 0.01867300644516945 0.019793789833784103
v 0.002316813450306654 0.019114844501018524 0.019351456314325333
v 0.002316813450306654 0.019114844501018524 0.019351456314325333
v 0.002316813450306654 0.019114844501018524 0.019351456314325333
v 0.002316813450306654 0.019114844501018524 0.019351456314325333
v 0.002148495754227042 0.019556676968932152 0.018909670412540436
v 0.002148495754227042 0.019556676968932152 0.018909670412540436
v 0.002148495754227042 0.019556676968932152 0.018909670412540436
v 0.002148495754227042 0.019556676968932152 0.018909670412540436
v 0.0016903621144592762 0.019880089908838272 0.018586905673146248
v 0.0016903621144592762 0.019880089908838272 0.018586905673146248
v 0.0016903621144592762 0.019880089908838272 0.018586905673146248
v 0.0016903621144592762 0.019880089908838272 0.018586905673146248
v 0.0010651906486600637 0.019998468458652496 0.01846965216100216
v 0.0010651906486600637 0.019998468458652496 0.01846965216100216
v 0.0010651906486600637 0.019998468458652496 0.01846965216100216
v 0.0010651906486600637 0.019998468458652496 0.01846965216100216
v 0.0004403934290166944 0.019880089908838272 0.018589245155453682
v 0.0004403934290166944 0.019880089908838272 0.018589245155453682
v 0.0004403934290166944 0.019880089908838272 0.018589245155453682
v 0.0004403934290166944 0.019880089908838272 0.018589245155453682
v -1.6520029021194205e-05 0.019556676968932152 0.018913719803094864
v -1.6520029021194205e-05 0.019556676968932152 0.018913719803094864
v -1.6520029021194205e-05 0.019556676968932152 0.018913719803094864
v -1.6520029021194205e-05 0.019556676968932152 0.018913719803094864
v 0.0010589566081762314 -0.014879649505019188 0.015137244947254658
v -2.3413809685735032e-05 -0.015852686017751694 0.015228666365146637
v -2.3413809685735032e-05 -0.015852686017751694 0.015228666365146637
v -2.3413809685735032e-05 -0.015852686017751694 0.015228666365146637
v -2.3413809685735032e-05 -0.015852686017751694 0.015228666365146637
v 0.00043349992483854294 -0.016176264733076096 0.014904341660439968
v 0.00043349992483854294 -0.016176264733076096 0.014904341660439968
v 0.00043349992483854294 -0.016176264733076096 0.014904341660439968
v 0.00043349992483854294 -0.016176264733076096 0.014904341660439968
v -0.0001900760253192857 -0.01541057974100113 0.01567080430686474
v -0.0001900760253192857 -0.01541057974100113 0.01567080430686474
v -0.0001900760253192857 -0.01541057974100113 0.01567080430686474
v -0.0001900760253192857 -0.01541057974100113 0.01567080430686474
v 0.0016834685811772943 -0.016176264733076096 0.014902004040777683
v 0.0016834685811772943 -0.016176264733076096 0.014902004040777683
v 0.0016834685811772943 -0.016176264733076096 0.014902004040777683
v 0.0016834685811772943 -0.016176264733076096 0.014902004040777683
v 0.0021416018716990948 -0.015852686017751694 0.015224616043269634
v 0.0021416018716990948 -0.015852686017751694 0.015224616043269634
v 0.0021416018716990948 -0.015852686017751694 0.015224616043269634
v 0.0021416018716990948 -0.015852686017751694 0.015224616043269634
v 0.0010582972317934036 -0.016294701024889946 0.014784797094762325
v 0.0010582972317934036 -0.016294701024889946 0.014784797094762325
v 0.0010582972317934036 -0.016294701024889946 0.014784797094762325
v 0.0010582972317934036 -0.016294701024889946 0.014784797094762325
v 0.0021432549692690372 -0.014968528412282467 0.016108235344290733
v 0.0021432549692690372 -0.014968528412282467 0.016108235344290733
v 0.0021432549692690372 -0.014968528412282467 0.016108235344290733
v 0.0021432549692690372 -0.014968528412282467 0.016108235344290733
v 0.0016863318160176277 -0.014644943177700043 0.01643255352973938
v 0.0016863318160176277 -0.014644943177700043 0.01643255352973938
v 0.0016863318160176277 -0.014644943177700043 0.01643255352973938
v 0.0016863318160176277 -0.014644943177700043 0.01643255352973938
v 0.0023099191021174192 -0.01541057974100113 0.01566612720489502
v 0.0023099191021174192 -0.01541057974100113 0.01566612720489502
v 0.0023099191021174192 -0.01541057974100113 0.01566612720489502
v 0.0023099191021174192 -0.01541057974100113 0.01566612720489502
v 0.00043636318878270686 -0.014644943177700043 0.016434891149401665
v 0.00043636318878270686 -0.014644943177700043 0.016434891149401665
v 0.00043636318878270686 -0.014644943177700043 0.016434891149401665
v 0.00043636318878270686 -0.014644943177700043 0.016434891149401665
v -2.17607848753687e-05 -0.014968528412282467 0.01611228659749031
v -2.17607848753687e-05 -0.014968528412282467 0.01611228659749031
v -2.17607848753687e-05 -0.014968528412282467 0.01611228659749031
v -2.17607848753687e-05 -0.014968528412282467 0.01611228659749031
v 0.0010616034269332886 -0.014526519924402237 0.016552099958062172
v 0.0010616034269332886 -0.014526519924402237 0.016552099958062172
v 0.0010616034269332886 -0.014526519924402237 0.016552099958062172
v 0.0010616034269332886 -0.014526519924402237 0.016552099958062172
v -0.0001831625122576952 -0.01910419575870037 0.01936640776693821
v -0.0001831625122576952 -0.01910419575870037 0.01936640776693821
v -0.0001831625122576952 -0.01910419575870037 0.01936640776693821
v -0.0001831625122576952 -0.01910419575870037 0.01936640776693821
v -1.6500292986165732e-05 -0.019546302035450935 0.018924269825220108
v -1.6500292986165732e-05 -0.019546302035450935 0.018924269825220108
v -1.6500292986165732e-05 -0.019546302035450935 0.018924269825220108
v -1.6500292986165732e-05 -0.019546302035450935 0.018924269825220108
v 0.00044041353976354003 -0.019869916141033173 0.018599994480609894
v 0.00044041353976354003 -0.019869916141033173 0.018599994480609894
v 0.00044041353976354003 -0.019869916141033173 0.018599994480609894
v 0.00044041353976354003 -0.019869916141033173 0.018599994480609894
v 0.0010652109049260616 -0.019988352432847023 0.01848044991493225
v 0.0010652109049260616 -0.019988352432847023 0.01848044991493225
v 0.0010652109049260616 -0.019988352432847023 0.01848044991493225
v 0.0010652109049260616 -0.019988352432847023 0.01848044991493225
v 0.0016903822543099523 -0.019869916141033173 0.01859765686094761
v 0.0016903822543099523 -0.019869916141033173 0.01859765686094761
v 0.0016903822543099523 -0.019869916141033173 0.01859765686094761
v 0.0016903822543099523 -0.019869916141033173 0.01859765686094761
v 0.0021485155448317528 -0.019546302035450935 0.01892022043466568
v 0.0021485155448317528 -0.019546302035450935 0.01892022043466568
v 0.0021485155448317528 -0.019546302035450935 0.01892022043466568
v 0.0021485155448317528 -0.019546302035450935 0.01892022043466568
v 0.0023168325424194336 -0.01910419575870037 0.01936173066496849
v 0.0023168325424194336 -0.01910419575870037 0.01936173066496849
v 0.0023168325424194336 -0.01910419575870037 0.01936173066496849
v 0.0023168325424194336 -0.01910419575870037 0.01936173066496849
v 0.0021501686424016953 -0.01866217888891697 0.019803889095783234
v 0.0021501686424016953 -0.01866217888891697 0.019803889095783234
v 0.0021501686424016953 -0.01866217888891697 0.019803889095783234
v 0.0021501686424016953 -0.01866217888891697 0.019803889095783234
v 0.001693245372734964 -0.018338559195399284 0.02012815698981285
v 0.001693245372734964 -0.018338559195399284 0.02012815698981285
v 0.001693245372734964 -0.018338559195399284 0.02012815698981285
v 0.001693245372734964 -0.018338559195399284 0.02012815698981285
v 0.0010685169836506248 -0.01822013594210148 0.020247703418135643
v 0.0010685169836506248 -0.01822013594210148 0.020247703418135643
v 0.0010685169836506248 -0.01822013594210148 0.020247703418135643
v 0.0010685169836506248 -0.01822013594210148 0.020247703418135643
v 0.0004432767163962126 -0.018338559195399284 0.020130494609475136
v 0.0004432767163962126 -0.018338559195399284 0.020130494609475136
v 0.0004432767163962126 -0.018338559195399284 0.020130494609475136
v 0.0004432767163962126 -0.018338559195399284 0.020130494609475136
v -1.4847179045318626e-05 -0.01866217888891697 0.019807938486337662
v -1.4847179045318626e-05 -0.01866217888891697 0.019807938486337662
v -1.4847179045318626e-05 -0.01866217888891697 0.019807938486337662
v -1.4847179045318626e-05 -0.01866217888891697 0.019807938486337662
v -0.00018389729666523635 -0.024208789691329002 -0.007759227883070707
v -0.00018389729666523635 -0.024208789691329002 -0.007759227883070707
v -0.00018386458395980299 -0.024394594132900238 -0.0077417464926838875
v -0.00018386458395980299 -0.024394594132900238 -0.0077417464926838875
v -0.00018363782146479934 -0.024254268035292625 -0.00762053020298481
v -0.00018003305012825876 -0.02479710802435875 -0.005693609360605478
v -0.0001593778288224712 -0.026310857385396957 0.005347592290490866
v -0.00015393229841720313 -0.025575799867510796 0.008258486166596413
v -0.00015393229841720313 -0.025575799867510796 0.008258486166596413
v -0.00015393229841720313 -0.025575799867510796 0.008258486166596413
v -0.00015393288049381226 -0.024390293285250664 0.008258177898824215
v -0.00015393288049381226 -0.024390293285250664 0.008258177898824215
v -0.00018386411829851568 -0.02558007650077343 -0.0077414922416210175
v -0.00018386411829851568 -0.02558007650077343 -0.0077414922416210175
v -0.00018386411829851568 -0.02558007650077343 -0.0077414922416210175
v -0.00018049837672151625 -0.026074199005961418 -0.005942344665527344
v -0.00017635968106333166 -0.025187039747834206 -0.003730014432221651
v -0.00017631986702326685 -0.026505567133426666 -0.00370873068459332
v -0.0001726404152577743 -0.02542180009186268 -0.0017418937059119344
v -0.00017208814097102731 -0.026745939627289772 -0.0014466705033555627
v -0.0001688982010819018 -0.02549981139600277 0.0002585049660410732
v -0.00016783336468506604 -0.026793599128723145 0.0008277050219476223
v -0.00016515598690602928 -0.025420701131224632 0.002258892171084881
v -0.00016358646098524332 -0.0266482625156641 0.0030978803988546133
v -0.0001614370266906917 -0.025184888392686844 0.004246851429343224
v -0.0001577640068717301 -0.02479388378560543 0.006210260093212128
v -0.0001539003715151921 -0.024204544723033905 0.00827555637806654
v -0.0001539003715151921 -0.024204544723033905 0.00827555637806654
v -0.0056539420038461685 -0.027565740048885345 0.00826934166252613
v -0.0056539420038461685 -0.027565740048885345 0.00826934166252613
v -0.005653943866491318 -0.024390293285250664 0.008268467150628567
v -0.005653943866491318 -0.024390293285250664 0.008268467150628567
v 0.00025858732988126576 -0.026091117411851883 0.008257899433374405
v 0.00025858732988126576 -0.026091117411851883 0.008257899433374405
v 0.00025858732988126576 -0.026091117411851883 0.008257899433374405
v 9.950648382073268e-05 -0.026031218469142914 0.008258162066340446
v 9.950648382073268e-05 -0.026031218469142914 0.008258162066340446
v 9.950648382073268e-05 -0.026031218469142914 0.008258162066340446
v 9.950648382073268e-05 -0.026031218469142914 0.008258162066340446
v -0.0001235933741554618 -0.02575542964041233 0.008258544839918613
v -0.0001235933741554618 -0.02575542964041233 0.008258544839918613
v -0.0001235933741554618 -0.02575542964041233 0.008258544839918613
v -8.71228621690534e-05 -0.02583732083439827 0.00825846940279007
v -8.71228621690534e-05 -0.02583732083439827 0.00825846940279007
v -8.71228621690534e-05 -0.02583732083439827 0.00825846940279007
v -3.502285107970238e-05 -0.02591477893292904 0.008258402347564697
v -3.502285107970238e-05 -0.02591477893292904 0.008258402347564697
v -3.502285107970238e-05 -0.02591477893292904 0.008258402347564697
v -3.502285107970238e-05 -0.02591477893292904 0.008258402347564697
v -0.005683875642716885 -0.024394594132900238 -0.007731457706540823
v -0.005683875642716885 -0.024394594132900238 -0.007731457706540823
v -0.005683875642716885 -0.024394594132900238 -0.007731457706540823
v -0.005683873780071735 -0.027570093050599098 -0.0077306306920945644
v -0.005683873780071735 -0.027570093050599098 -0.0077306306920945644
v 0.00015605527732986957 -0.026075970381498337 -0.0077419765293598175
v 0.00015605527732986957 -0.026075970381498337 -0.0077419765293598175
v 0.00015605527732986957 -0.026075970381498337 -0.0077419765293598175
v 0.00015605527732986957 -0.026075970381498337 -0.0077419765293598175
v 6.593511352548376e-05 -0.026033304631710052 -0.007741785608232021
v 6.593511352548376e-05 -0.026033304631710052 -0.007741785608232021
v 6.593511352548376e-05 -0.026033304631710052 -0.007741785608232021
v 1.4135050150798634e-05 -0.025997307151556015 -0.0077416859567165375
v 1.4135050150798634e-05 -0.025997307151556015 -0.0077416859567165375
v 1.4135050150798634e-05 -0.025997307151556015 -0.0077416859567165375
v -9.708529250929132e-05 -0.025874944403767586 -0.007741549983620644
v -9.708529250929132e-05 -0.025874944403767586 -0.007741549983620644
v -9.708529250929132e-05 -0.025874944403767586 -0.007741549983620644
v -0.00011699510650942102 -0.02584172785282135 -0.007741530425846577
v -0.00011699510650942102 -0.02584172785282135 -0.007741530425846577
v -0.00011699510650942102 -0.02584172785282135 -0.007741530425846577
v -0.00016640539979562163 -0.02571721374988556 -0.007741436827927828
v -0.00016640539979562163 -0.02571721374988556 -0.007741436827927828
v -0.00016640539979562163 -0.02571721374988556 -0.007741436827927828
v -0.005683901719748974 0.02756601758301258 -0.007745454553514719
v -0.005683901719748974 0.02756601758301258 -0.007745454553514719
v -0.005683899857103825 0.0243905708193779 -0.007744579575955868
v -0.005683899857103825 0.0243905708193779 -0.007744579575955868
v -0.005683899857103825 0.0243905708193779 -0.007744579575955868
v 0.000228629243792966 0.02609139494597912 -0.007756134029477835
v 0.000228629243792966 0.02609139494597912 -0.007756134029477835
v 0.000228629243792966 0.02609139494597912 -0.007756134029477835
v 6.954851414775476e-05 0.02603149600327015 -0.00775580108165741
v 6.954851414775476e-05 0.02603149600327015 -0.00775580108165741
v 6.954851414775476e-05 0.02603149600327015 -0.00775580108165741
v 6.954851414775476e-05 0.02603149600327015 -0.00775580108165741
v -0.00015355115465354174 0.025755755603313446 -0.00775531493127346
v -0.00015355115465354174 0.025755755603313446 -0.00775531493127346
v -0.00015355115465354174 0.025755755603313446 -0.00775531493127346
v -0.00011708067904692143 0.025837600231170654 -0.007755409926176071
v -0.00011708067904692143 0.025837600231170654 -0.007755409926176071
v -0.00011708067904692143 0.025837600231170654 -0.007755409926176071
v -6.498077709693462e-05 0.025915056467056274 -0.007755538448691368
v -6.498077709693462e-05 0.025915056467056274 -0.007755538448691368
v -6.498077709693462e-05 0.025915056467056274 -0.007755538448691368
v -0.00018388913304079324 0.0243905708193779 -0.00775486882776022
v -0.00018388913304079324 0.0243905708193779 -0.00775486882776022
v -0.00018388913304079324 0.0243905708193779 -0.00775486882776022
v -0.0001838897733250633 0.02557602897286415 -0.007755212020128965
v -0.0001838897733250633 0.02557602897286415 -0.007755212020128965
v -0.0001838897733250633 0.02557602897286415 -0.007755212020128965
v -0.005653968080878258 0.024394871667027473 0.008255344815552235
v -0.005653968080878258 0.024394871667027473 0.008255344815552235
v -0.005653968080878258 0.024394871667027473 0.008255344815552235
v -0.005653968080878258 0.024394871667027473 0.008255344815552235
v -0.005653969943523407 0.027570370584726334 0.008254517801105976
v -0.005653969943523407 0.027570370584726334 0.008254517801105976
v 0.00018596083100419492 0.02607628144323826 0.008243964985013008
v 0.00018596083100419492 0.02607628144323826 0.008243964985013008
v 0.00018596083100419492 0.02607628144323826 0.008243964985013008
v 0.00018596083100419492 0.02607628144323826 0.008243964985013008
v 9.584067447576672e-05 0.026033582165837288 0.008244159631431103
v 9.584067447576672e-05 0.026033582165837288 0.008244159631431103
v 9.584067447576672e-05 0.026033582165837288 0.008244159631431103
v 4.4040596549166366e-05 0.02599758468568325 0.008244254626333714
v 4.4040596549166366e-05 0.02599758468568325 0.008244254626333714
v 4.4040596549166366e-05 0.02599758468568325 0.008244254626333714
v -6.717947690049186e-05 0.02587522193789482 0.008244534023106098
v -6.717947690049186e-05 0.02587522193789482 0.008244534023106098
v -6.717947690049186e-05 0.02587522193789482 0.008244534023106098
v -6.717947690049186e-05 0.02587522193789482 0.008244534023106098
v -0.00015395799709949642 0.0255803894251585 0.008244751952588558
v -0.00015395799709949642 0.0255803894251585 0.008244751952588558
v -0.00015395799709949642 0.0255803894251585 0.008244751952588558
v -0.00015395742957480252 0.024394871667027473 0.008245055563747883
v -0.00015395742957480252 0.024394871667027473 0.008245055563747883
v -8.708932000445202e-05 0.02584204077720642 0.00824454054236412
v -8.708932000445202e-05 0.02584204077720642 0.00824454054236412
v -8.708932000445202e-05 0.02584204077720642 0.00824454054236412
v -0.00013649952597916126 0.025717491284012794 0.008244680240750313
v -0.00013649952597916126 0.025717491284012794 0.008244680240750313
v -0.00013649952597916126 0.025717491284012794 0.008244680240750313
v -0.00015760774840600789 0.026110129430890083 0.006293789017945528
v -0.0001784441847121343 0.026311134919524193 -0.004844283685088158
v -0.0001801920443540439 0.024776794016361237 -0.0057785967364907265
v -0.0001742355671012774 0.026648541912436485 -0.002594571327790618
v -0.00017459833179600537 0.025318220257759094 -0.0027884922455996275
v -0.00016998859064187855 0.02679392695426941 -0.00032436003675684333
v -0.00016892382700461894 0.025500088930130005 0.0002448040759190917
v -0.0001657339744269848 0.026746252551674843 0.001949931145645678
v -0.00016324914759024978 0.025319885462522507 0.0032781879417598248
v -0.00018392171477898955 0.02420477382838726 -0.007772283162921667
v -0.00018392171477898955 0.02420477382838726 -0.007772283162921667
v -0.00015392473142128438 0.024209067225456238 0.00826253741979599
v -0.00015392473142128438 0.024209067225456238 0.00826253741979599
v -0.00015765494026709348 0.024780072271823883 0.0062685622833669186
v -0.00016150208830367774 0.02650589309632778 0.00421207444742322
v 7.138137152651325e-05 0.02673628181219101 -0.004927084315568209
v 7.138137152651325e-05 0.02673628181219101 -0.004927084315568209
v 7.138137152651325e-05 0.02673628181219101 -0.004927084315568209
v -0.00011154319508932531 0.026556571945548058 -0.004891941323876381
v -0.00011154319508932531 0.026556571945548058 -0.004891941323876381
v 9.255446639144793e-05 0.02653198316693306 0.006390946451574564
v 9.255446639144793e-05 0.02653198316693306 0.006390946451574564
v -9.051238157553598e-05 0.02635366842150688 0.006350028794258833
v -9.051238157553598e-05 0.02635366842150688 0.006350028794258833
v -9.44430721574463e-05 0.026753075420856476 0.004248888231813908
v -9.44430721574463e-05 0.026753075420856476 0.004248888231813908
v -9.871440852293745e-05 0.026995759457349777 0.001965655479580164
v -9.871440852293745e-05 0.026995759457349777 0.001965655479580164
v -0.00010300876601831988 0.02704382687807083 -0.00032988458406180143
v -0.00010300876601831988 0.02704382687807083 -0.00032988458406180143
v -0.0001072953236871399 0.026897095143795013 -0.002621251158416271
v -0.0001072953236871399 0.026897095143795013 -0.002621251158416271
v 8.859723311616108e-05 0.026934120804071426 0.004275616258382797
v 8.859723311616108e-05 0.026934120804071426 0.004275616258382797
v 8.429697481915355e-05 0.027178389951586723 0.0019769242499023676
v 8.429697481915355e-05 0.027178389951586723 0.0019769242499023676
v 7.997359352884814e-05 0.02722683921456337 -0.0003341303672641516
v 7.997359352884814e-05 0.02722683921456337 -0.0003341303672641516
v 7.565792475361377e-05 0.02707911655306816 -0.002641060156747699
v 7.565792475361377e-05 0.02707911655306816 -0.002641060156747699
v -0.00011972100764978677 0.024594126269221306 0.006223347038030624
v -0.00011972100764978677 0.024594126269221306 0.006223347038030624
v -0.00011086963058914989 0.023969348520040512 0.008340188302099705
v -0.00011086963058914989 0.023969348520040512 0.008340188302099705
v -0.00011086963058914989 0.023969348520040512 0.008340188302099705
v -1.1362595614627935e-05 0.02443649433553219 0.006184890866279602
v -1.1362595614627935e-05 0.02443649433553219 0.006184890866279602
v 1.2791487279173452e-05 0.023738591000437737 0.008490476757287979
v 1.2791487279173452e-05 0.023738591000437737 0.008490476757287979
v 1.2791487279173452e-05 0.023738591000437737 0.008490476757287979
v 0.00015076977433636785 0.02433113381266594 0.006159008014947176
v 0.00015076977433636785 0.02433113381266594 0.006159008014947176
v 0.00015076977433636785 0.02433113381266594 0.006159008014947176
v 0.00015076977433636785 0.02433113381266594 0.006159008014947176
v 0.00016022886848077178 0.023579826578497887 0.008665420114994049
v 0.00016022886848077178 0.023579826578497887 0.008665420114994049
v 0.00016022886848077178 0.023579826578497887 0.008665420114994049
v 0.0003436366969253868 0.023458635434508324 0.008893579244613647
v 0.0003112761478405446 0.023453963920474052 -0.008404665626585484
v 0.0003112761478405446 0.023453963920474052 -0.008404665626585484
v -0.00014115704107098281 0.023965010419487953 -0.007849880494177341
v -0.00014115704107098281 0.023965010419487953 -0.007849880494177341
v -0.00014115704107098281 0.023965010419487953 -0.007849880494177341
v 0.00013413335545919836 0.024859577417373657 -0.0027339577209204435
v 0.00012864088057540357 0.02432800643146038 -0.005669943522661924
v 0.00012864088057540357 0.02432800643146038 -0.005669943522661924
v 0.00012864088057540357 0.02432800643146038 -0.005669943522661924
v 0.0001397050218656659 0.02503814548254013 0.0002443685953039676
v 0.0001452768628951162 0.0248611718416214 0.0032227833289653063
v 0.0001452768628951162 0.0248611718416214 0.0032227833289653063
v -1.6879270333447494e-05 0.02496878057718277 0.0032359652686864138
v -1.6879270333447494e-05 0.02496878057718277 0.0032359652686864138
v -2.2475327568827197e-05 0.025146551430225372 0.00024460567510686815
v -2.2475327568827197e-05 0.025146551430225372 0.00024460567510686815
v -2.807113378366921e-05 0.02496720664203167 -0.0027466192841529846
v -2.807113378366921e-05 0.02496720664203167 -0.0027466192841529846
v -3.358725007274188e-05 0.024433281272649765 -0.005695245694369078
v -3.358725007274188e-05 0.024433281272649765 -0.005695245694369078
v 0.00012872299703303725 0.02357536554336548 -0.008175970055162907
v -0.0001252733200090006 0.02512984350323677 0.003255374263972044
v -0.0001252733200090006 0.02512984350323677 0.003255374263972044
v -0.00013090536231175065 0.025308765470981598 0.00024477887200191617
v -0.00013090536231175065 0.025308765470981598 0.00024477887200191617
v -0.0001365372008876875 0.025128250941634178 -0.00276571256108582
v -0.0001365372008876875 0.025128250941634178 -0.00276571256108582
v -0.00014208900392986834 0.024590888991951942 -0.005733416881412268
v -0.00014208900392986834 0.024590888991951942 -0.005733416881412268
v -0.00014208900392986834 0.024590888991951942 -0.005733416881412268
v -1.8058968635159545e-05 0.02373414672911167 -0.008000562898814678
v -1.8058968635159545e-05 0.02373414672911167 -0.008000562898814678
v -0.00011084551806561649 -0.023964768275618553 0.008353076875209808
v -0.00011084551806561649 -0.023964768275618553 0.008353076875209808
v -8.515416266163811e-05 -0.023900847882032394 0.008385853841900826
v -8.515416266163811e-05 -0.023900847882032394 0.008385853841900826
v -9.088337537832558e-05 -0.02455081045627594 0.006151717621833086
v -0.000141133030410856 -0.023969070985913277 -0.007837039418518543
v -0.000141133030410856 -0.023969070985913277 -0.007837039418518543
v -0.000141133030410856 -0.023969070985913277 -0.007837039418518543
v -1.8035072571365163e-05 -0.0237383134663105 -0.007987789809703827
v -1.8035072571365163e-05 -0.0237383134663105 -0.007987789809703827
v -0.0001155645732069388 -0.0239051952958107 -0.007869962602853775
v -0.0001155645732069388 -0.0239051952958107 -0.007869962602853775
v -0.00011650357919279486 -0.024016449227929115 -0.007543503772467375
v -0.00011650357919279486 -0.024016449227929115 -0.007543503772467375
v 6.659173959633335e-05 -0.023842401802539825 -0.007487370632588863
v 6.659173959633335e-05 -0.023842401802539825 -0.007487370632588863
v 6.962895713513717e-05 -0.023635054007172585 -0.008092150092124939
v 6.962895713513717e-05 -0.023635054007172585 -0.008092150092124939
v 6.962895713513717e-05 -0.023635054007172585 -0.008092150092124939
v 0.0003112996055278927 -0.023458357900381088 -0.008392127230763435
v 1.2815383342967834e-05 -0.023733869194984436 0.00850324984639883
v 1.2815383342967834e-05 -0.023733869194984436 0.00850324984639883
v 0.00010086913243867457 -0.023630520328879356 0.008607213385403156
v 0.00010086913243867457 -0.023630520328879356 0.008607213385403156
v 9.202631190419197e-05 -0.02437286637723446 0.006108622066676617
v 9.202631190419197e-05 -0.02437286637723446 0.006108622066676617
v 9.202631190419197e-05 -0.02437286637723446 0.006108622066676617
v 0.0003436602419242263 -0.023453721776604652 0.008906165137887001
v 0.0003436602419242263 -0.023453721776604652 0.008906165137887001
v 8.841570524964482e-05 -0.024757208302617073 0.004178579896688461
v 8.841570524964482e-05 -0.024757208302617073 0.004178579896688461
v 8.475985669065267e-05 -0.024989036843180656 0.0022243543062359095
v 8.475985669065267e-05 -0.024989036843180656 0.0022243543062359095
v 8.108120528049767e-05 -0.025066766887903214 0.0002579418942332268
v 8.108120528049767e-05 -0.025066766887903214 0.0002579418942332268
v 7.740248838672414e-05 -0.024990065023303032 -0.0017085103318095207
v 7.740248838672414e-05 -0.024990065023303032 -0.0017085103318095207
v 7.374636334134266e-05 -0.024759354069828987 -0.003662883071228862
v 7.374636334134266e-05 -0.024759354069828987 -0.003662883071228862
v 7.013537106104195e-05 -0.024376029148697853 -0.005593129899352789
v 7.013537106104195e-05 -0.024376029148697853 -0.005593129899352789
v -0.00011293413990642875 -0.024553973227739334 -0.0056354692205786705
v -0.00011293413990642875 -0.024553973227739334 -0.0056354692205786705
v -0.00010929673589998856 -0.024940125644207 -0.00369110144674778
v -0.00010929673589998856 -0.024940125644207 -0.00369110144674778
v -0.00010561399540165439 -0.025172507390379906 -0.0017225021729245782
v -0.00010561399540165439 -0.025172507390379906 -0.0017225021729245782
v -0.00010190839384449646 -0.025249861180782318 0.00025831841048784554
v -0.00010190839384449646 -0.025249861180782318 0.00025831841048784554
v -9.820285777095705e-05 -0.02517145685851574 0.002239105524495244
v -9.820285777095705e-05 -0.02517145685851574 0.002239105524495244
v -9.452034282730892e-05 -0.024938000366091728 0.004207582212984562
v -9.452034282730892e-05 -0.024938000366091728 0.004207582212984562
v 9.075576963368803e-05 -0.026736004278063774 0.005429457873106003
v 9.075576963368803e-05 -0.026736004278063774 0.005429457873106003
v -9.229899296769872e-05 -0.026556294411420822 0.005394999403506517
v -9.229899296769872e-05 -0.026556294411420822 0.005394999403506517
v 6.92939865984954e-05 -0.026495471596717834 -0.0060428897850215435
v 6.92939865984954e-05 -0.026495471596717834 -0.0060428897850215435
v -0.0001136165446951054 -0.02631746046245098 -0.006000248249620199
v -0.00010939910862362012 -0.026752876117825508 -0.0037458259612321854
v -0.00010939910862362012 -0.026752876117825508 -0.0037458259612321854
v -0.00010512777953408659 -0.026995481923222542 -0.0014625971671193838
v -0.00010512777953408659 -0.026995481923222542 -0.0014625971671193838
v -0.00010083342203870416 -0.027043549343943596 0.0008329430129379034
v -0.00010083342203870416 -0.027043549343943596 0.0008329430129379034
v -9.654686436988413e-05 -0.026896817609667778 0.0031243094708770514
v -9.654686436988413e-05 -0.026896817609667778 0.0031243094708770514
v 7.35399080440402e-05 -0.02693384326994419 -0.003773242700845003
v 7.35399080440402e-05 -0.02693384326994419 -0.003773242700845003
v 7.784016634104773e-05 -0.027178112417459488 -0.0014745504595339298
v 7.784016634104773e-05 -0.027178112417459488 -0.0014745504595339298
v 8.216361311497167e-05 -0.027226513251662254 0.0008365389658138156
v 8.216361311497167e-05 -0.027226513251662254 0.0008365389658138156
v 8.647912181913853e-05 -0.02707880362868309 0.0031433855183422565
v 8.647912181913853e-05 -0.02707880362868309 0.0031433855183422565
v -0.005684051662683487 0.02399582602083683 -0.007825693115592003
v -0.005684051662683487 0.02399582602083683 -0.007825693115592003
v -0.005684482399374247 0.023665132001042366 -0.00805598497390747
v -0.005684482399374247 0.023665132001042366 -0.00805598497390747
v -0.0056533850729465485 0.023669611662626266 0.008567162789404392
v -0.0056533850729465485 0.023669611662626266 0.008567162789404392
v -0.0056533850729465485 0.023669611662626266 0.008567162789404392
v -0.005653816275298595 0.02400013618171215 0.00833666231483221
v -0.005653816275298595 0.02400013618171215 0.00833666231483221
v -0.005685482174158096 0.028553633019328117 -0.008590311743319035
v -0.005685482174158096 0.028553633019328117 -0.008590311743319035
v -0.005685482174158096 0.028553633019328117 -0.008590311743319035
v -0.005684674251824617 0.028375348076224327 -0.008158456534147263
v -0.005684674251824617 0.028375348076224327 -0.008158456534147263
v -0.005684674251824617 0.028375348076224327 -0.008158456534147263
v -0.005684674251824617 0.028375348076224327 -0.008158456534147263
v -0.005684106145054102 0.028020348399877548 -0.007854732684791088
v -0.005684106145054102 0.028020348399877548 -0.007854732684791088
v -0.005684106145054102 0.028020348399877548 -0.007854732684791088
v -0.005684106145054102 0.028020348399877548 -0.007854732684791088
v -0.005653765983879566 0.02802469953894615 0.008363557979464531
v -0.005653765983879566 0.02802469953894615 0.008363557979464531
v -0.005653765983879566 0.02802469953894615 0.008363557979464531
v -0.005653197877109051 0.028379838913679123 0.008667082525789738
v -0.005653197877109051 0.028379838913679123 0.008667082525789738
v -0.005653197877109051 0.028379838913679123 0.008667082525789738
v -0.005653197877109051 0.028379838913679123 0.008667082525789738
v -0.005652390420436859 0.028558433055877686 0.009098827838897705
v -0.005652390420436859 0.028558433055877686 0.009098827838897705
v -0.005652390420436859 0.028558433055877686 0.009098827838897705
v -0.005652390420436859 0.028558433055877686 0.009098827838897705
v -0.005684458650648594 -0.02366933412849903 -0.008043275214731693
v -0.005684458650648594 -0.02366933412849903 -0.008043275214731693
v -0.005684027448296547 -0.023999907076358795 -0.007812810130417347
v -0.005684027448296547 -0.023999907076358795 -0.007812810130417347
v -0.005684077739715576 -0.028024422004818916 -0.007839670404791832
v -0.005684077739715576 -0.028024422004818916 -0.007839670404791832
v -0.005684077739715576 -0.028024422004818916 -0.007839670404791832
v -0.005684645846486092 -0.028379561379551888 -0.008143195882439613
v -0.005684645846486092 -0.028379561379551888 -0.008143195882439613
v -0.005684645846486092 -0.028379561379551888 -0.008143195882439613
v -0.005684645846486092 -0.028379561379551888 -0.008143195882439613
v -0.005685453303158283 -0.02855815552175045 -0.008574940264225006
v -0.005685453303158283 -0.02855815552175045 -0.008574940264225006
v -0.005685453303158283 -0.02855815552175045 -0.008574940264225006
v -0.005685453303158283 -0.02855815552175045 -0.008574940264225006
v -0.005652361549437046 -0.028553355485200882 0.009114198386669159
v -0.005652361549437046 -0.028553355485200882 0.009114198386669159
v -0.005652361549437046 -0.028553355485200882 0.009114198386669159
v -0.005653169471770525 -0.02837507054209709 0.008682344108819962
v -0.005653169471770525 -0.02837507054209709 0.008682344108819962
v -0.005653169471770525 -0.02837507054209709 0.008682344108819962
v -0.005653169471770525 -0.02837507054209709 0.008682344108819962
v -0.00565373757854104 -0.028020070865750313 0.008378620259463787
v -0.00565373757854104 -0.028020070865750313 0.008378620259463787
v -0.00565373757854104 -0.028020070865750313 0.008378620259463787
v -0.00565373757854104 -0.028020070865750313 0.008378620259463787
v -0.005653792060911655 -0.023995548486709595 0.008349579758942127
v -0.005653792060911655 -0.023995548486709595 0.008349579758942127
v -0.0056533608585596085 -0.023664841428399086 0.00857995729893446
v -0.0056533608585596085 -0.023664841428399086 0.00857995729893446
v 0.005151903256773949 0.021030999720096588 0.011383593082427979
v 0.005151903256773949 0.021030999720096588 0.011383593082427979
v 0.005151903256773949 0.021030999720096588 0.011383593082427979
v 0.005151903256773949 0.021030999720096588 0.011383593082427979
v 0.005151903256773949 0.021030999720096588 0.011383593082427979
v 0.005150723736733198 0.024652661755681038 0.010753225535154343
v 0.005150723736733198 0.024652661755681038 0.010753225535154343
v 0.005150723736733198 0.024652661755681038 0.010753225535154343
v 0.005158234853297472 0.022521615028381348 0.01476834062486887
v 0.005158234853297472 0.022521615028381348 0.01476834062486887
v 0.005158234853297472 0.022521615028381348 0.01476834062486887
v 0.005158234853297472 0.022521615028381348 0.01476834062486887
v 0.005158234853297472 0.022521615028381348 0.01476834062486887
v 0.00508615979924798 -0.006806044839322567 -0.023759430274367332
v 0.00508615979924798 -0.006806044839322567 -0.023759430274367332
v 0.00508615979924798 -0.006806044839322567 -0.023759430274367332
v 0.005084951873868704 -0.01052457932382822 -0.024405071511864662
v 0.005084951873868704 -0.01052457932382822 -0.024405071511864662
v 0.005084951873868704 -0.01052457932382822 -0.024405071511864662
v 0.005084951873868704 -0.01052457932382822 -0.024405071511864662
v 0.005084991455078125 -0.0060549527406692505 -0.024383949115872383
v 0.005084991455078125 -0.0060549527406692505 -0.024383949115872383
v 0.005084991455078125 -0.0060549527406692505 -0.024383949115872383
v 0.005082287359982729 -0.006207872647792101 -0.0258292518556118
v 0.005082287359982729 -0.006207872647792101 -0.0258292518556118
v 0.005082287359982729 -0.006207872647792101 -0.0258292518556118
v 0.005084336269646883 -0.00514309061691165 -0.024734118953347206
v 0.005084336269646883 -0.00514309061691165 -0.024734118953347206
v 0.005084336269646883 -0.00514309061691165 -0.024734118953347206
v 0.0050834654830396175 -0.0017293348209932446 -0.02519947849214077
v 0.0050834654830396175 -0.0017293348209932446 -0.02519947849214077
v 0.0050834654830396175 -0.0017293348209932446 -0.02519947849214077
v 0.0050834654830396175 -0.0017293348209932446 -0.02519947849214077
v 0.0050810263492167 -0.0017125046579167247 -0.02650340087711811
v 0.0050810263492167 -0.0017125046579167247 -0.02650340087711811
v 0.0050810263492167 -0.0017125046579167247 -0.02650340087711811
v 0.005083463620394468 0.0017159193521365523 -0.025200430303812027
v 0.005083463620394468 0.0017159193521365523 -0.025200430303812027
v 0.005083463620394468 0.0017159193521365523 -0.025200430303812027
v 0.005083463620394468 0.0017159193521365523 -0.025200430303812027
v 0.0050812046974897385 0.002832059981301427 -0.026408156380057335
v 0.0050812046974897385 0.002832059981301427 -0.026408156380057335
v 0.0050812046974897385 0.002832059981301427 -0.026408156380057335
v 0.005084331147372723 0.0051299165934324265 -0.02473684586584568
v 0.005084331147372723 0.0051299165934324265 -0.02473684586584568
v 0.005084331147372723 0.0051299165934324265 -0.02473684586584568
v 0.005084331147372723 0.0051299165934324265 -0.02473684586584568
v 0.005082816816866398 0.007295157760381699 -0.02554619312286377
v 0.005082816816866398 0.007295157760381699 -0.02554619312286377
v 0.005084984935820103 0.006042017601430416 -0.024387210607528687
v 0.005084984935820103 0.006042017601430416 -0.024387210607528687
v 0.005164475180208683 -0.015728093683719635 0.018103964626789093
v 0.005164475180208683 -0.015728093683719635 0.018103964626789093
v 0.005164475180208683 -0.015728093683719635 0.018103964626789093
v 0.005164475180208683 -0.015728093683719635 0.018103964626789093
v 0.005164475180208683 -0.015728093683719635 0.018103964626789093
v 0.005164475180208683 -0.015728093683719635 0.018103964626789093
v 0.005166520364582539 -0.018945176154375076 0.01919724978506565
v 0.005166520364582539 -0.018945176154375076 0.01919724978506565
v 0.005166520364582539 -0.018945176154375076 0.01919724978506565
v 0.005166520364582539 -0.018945176154375076 0.01919724978506565
v 0.005158648360520601 -0.01868007704615593 0.014989183284342289
v 0.005158648360520601 -0.01868007704615593 0.014989183284342289
v 0.005158648360520601 -0.01868007704615593 0.014989183284342289
v 0.005158648360520601 -0.01868007704615593 0.014989183284342289
v 0.005163386929780245 -0.020484507083892822 0.017522303387522697
v 0.005163386929780245 -0.020484507083892822 0.017522303387522697
v 0.005163386929780245 -0.020484507083892822 0.017522303387522697
v 0.0051519242115318775 -0.02102474682033062 0.011394906789064407
v 0.0051519242115318775 -0.02102474682033062 0.011394906789064407
v 0.0051519242115318775 -0.02102474682033062 0.011394906789064407
v 0.005156445782631636 -0.02311027981340885 0.013811830431222916
v 0.005156445782631636 -0.02311027981340885 0.013811830431222916
v 0.005156445782631636 -0.02311027981340885 0.013811830431222916
v 0.005144522059708834 -0.02268579788506031 0.007438010070472956
v 0.005144522059708834 -0.02268579788506031 0.007438010070472956
v 0.005144522059708834 -0.02268579788506031 0.007438010070472956
v 0.005144522059708834 -0.02268579788506031 0.007438010070472956
v 0.005148774012923241 -0.025071216747164726 0.009710973128676414
v 0.005148774012923241 -0.025071216747164726 0.009710973128676414
v 0.005148774012923241 -0.025071216747164726 0.009710973128676414
v 0.005148774012923241 -0.025071216747164726 0.009710973128676414
v 0.005148774012923241 -0.025071216747164726 0.009710973128676414
v 0.005136682186275721 -0.023609306663274765 0.0032471981830894947
v 0.005136682186275721 -0.023609306663274765 0.0032471981830894947
v 0.005136682186275721 -0.023609306663274765 0.0032471981830894947
v 0.005136682186275721 -0.023609306663274765 0.0032471981830894947
v 0.005136682186275721 -0.023609306663274765 0.0032471981830894947
v 0.005140592809766531 -0.026310857385396957 0.005337677430361509
v 0.005140592809766531 -0.026310857385396957 0.005337677430361509
v 0.005140592809766531 -0.026310857385396957 0.005337677430361509
v 0.005140592809766531 -0.026310857385396957 0.005337677430361509
v 0.005140592809766531 -0.026310857385396957 0.005337677430361509
v 0.0051286593079566956 -0.023765210062265396 -0.001041338429786265
v 0.0051286593079566956 -0.023765210062265396 -0.001041338429786265
v 0.0051286593079566956 -0.023765210062265396 -0.001041338429786265
v 0.0051286593079566956 -0.023765210062265396 -0.001041338429786265
v 0.005132137332111597 -0.026793599128723145 0.0008177901618182659
v 0.005132137332111597 -0.026793599128723145 0.0008177901618182659
v 0.005132137332111597 -0.026793599128723145 0.0008177901618182659
v 0.005120714195072651 -0.023148471489548683 -0.005288228392601013
v 0.005120714195072651 -0.023148471489548683 -0.005288228392601013
v 0.005120714195072651 -0.023148471489548683 -0.005288228392601013
v 0.005088724661618471 -0.008274032734334469 -0.022388281300663948
v 0.005088724661618471 -0.008274032734334469 -0.022388281300663948
v 0.005088724661618471 -0.008274032734334469 -0.022388281300663948
v 0.005090654827654362 -0.009997513145208359 -0.0213564895093441
v 0.005090654827654362 -0.009997513145208359 -0.0213564895093441
v 0.005090654827654362 -0.009997513145208359 -0.0213564895093441
v 0.005090654827654362 -0.009997513145208359 -0.0213564895093441
v 0.005088942591100931 -0.014538561925292015 -0.022271884605288506
v 0.005088942591100931 -0.014538561925292015 -0.022271884605288506
v 0.005088942591100931 -0.014538561925292015 -0.022271884605288506
v 0.005088942591100931 -0.014538561925292015 -0.022271884605288506
v 0.005088942591100931 -0.014538561925292015 -0.022271884605288506
v 0.005094670224934816 -0.013713554479181767 -0.01921001635491848
v 0.005094670224934816 -0.013713554479181767 -0.01921001635491848
v 0.005094670224934816 -0.013713554479181767 -0.01921001635491848
v 0.005094670224934816 -0.013713554479181767 -0.01921001635491848
v 0.005094144959002733 -0.018134279176592827 -0.019490936771035194
v 0.005094144959002733 -0.018134279176592827 -0.019490936771035194
v 0.005094144959002733 -0.018134279176592827 -0.019490936771035194
v 0.005094144959002733 -0.018134279176592827 -0.019490936771035194
v 0.00509986886754632 -0.01698373071849346 -0.0164311695843935
v 0.00509986886754632 -0.01698373071849346 -0.0164311695843935
v 0.00509986886754632 -0.01698373071849346 -0.0164311695843935
v 0.00509986886754632 -0.01698373071849346 -0.0164311695843935
v 0.00509986886754632 -0.01698373071849346 -0.0164311695843935
v 0.005100409034639597 -0.021208269521594048 -0.016142429783940315
v 0.005100409034639597 -0.021208269521594048 -0.016142429783940315
v 0.005100409034639597 -0.021208269521594048 -0.016142429783940315
v 0.005100409034639597 -0.021208269521594048 -0.016142429783940315
v 0.0051060812547802925 -0.019701696932315826 -0.013110244646668434
v 0.0051060812547802925 -0.019701696932315826 -0.013110244646668434
v 0.0051060812547802925 -0.019701696932315826 -0.013110244646668434
v 0.0051060812547802925 -0.019701696932315826 -0.013110244646668434
v 0.0051060812547802925 -0.019701696932315826 -0.013110244646668434
v 0.0051075550727546215 -0.023672141134738922 -0.012322538532316685
v 0.0051075550727546215 -0.023672141134738922 -0.012322538532316685
v 0.0051075550727546215 -0.023672141134738922 -0.012322538532316685
v 0.0051075550727546215 -0.023672141134738922 -0.012322538532316685
v 0.005113106220960617 -0.021779123693704605 -0.00935524981468916
v 0.005113106220960617 -0.021779123693704605 -0.00935524981468916
v 0.005113106220960617 -0.021779123693704605 -0.00935524981468916
v 0.005113106220960617 -0.021779123693704605 -0.00935524981468916
v 0.005115377251058817 -0.025454992428421974 -0.00814121775329113
v 0.005115377251058817 -0.025454992428421974 -0.00814121775329113
v 0.005115377251058817 -0.025454992428421974 -0.00814121775329113
v 0.005115377251058817 -0.025454992428421974 -0.00814121775329113
v 0.0051236506551504135 -0.026505567133426666 -0.0037186455447226763
v 0.0051236506551504135 -0.026505567133426666 -0.0037186455447226763
v 0.005158629268407822 0.018688324838876724 0.014979067258536816
v 0.005158629268407822 0.018688324838876724 0.014979067258536816
v 0.005158629268407822 0.018688324838876724 0.014979067258536816
v 0.005158629268407822 0.018688324838876724 0.014979067258536816
v 0.005158629268407822 0.018688324838876724 0.014979067258536816
v 0.005164964124560356 0.01974264159798622 0.018365461379289627
v 0.005164964124560356 0.01974264159798622 0.018365461379289627
v 0.005164964124560356 0.01974264159798622 0.018365461379289627
v 0.005164964124560356 0.01974264159798622 0.018365461379289627
v 0.005164964124560356 0.01974264159798622 0.018365461379289627
v 0.0051644593477249146 0.015738053247332573 0.018095484003424644
v 0.0051644593477249146 0.015738053247332573 0.018095484003424644
v 0.0051644593477249146 0.015738053247332573 0.018095484003424644
v 0.005170718301087618 0.016395779326558113 0.02144123986363411
v 0.005170718301087618 0.016395779326558113 0.02144123986363411
v 0.005169203504920006 0.012276086956262589 0.020631417632102966
v 0.005169203504920006 0.012276086956262589 0.020631417632102966
v 0.005169203504920006 0.012276086956262589 0.020631417632102966
v 0.005169203504920006 0.012276086956262589 0.020631417632102966
v 0.005175331607460976 0.012577173300087452 0.02390720508992672
v 0.005175331607460976 0.012577173300087452 0.02390720508992672
v 0.005175331607460976 0.012577173300087452 0.02390720508992672
v 0.005172707140445709 0.008415027521550655 0.02250439114868641
v 0.005172707140445709 0.008415027521550655 0.02250439114868641
v 0.005172707140445709 0.008415027521550655 0.02250439114868641
v 0.005172707140445709 0.008415027521550655 0.02250439114868641
v 0.0051786708645522594 0.008396750316023827 0.02569233626127243
v 0.0051786708645522594 0.008396750316023827 0.02569233626127243
v 0.0051786708645522594 0.008396750316023827 0.02569233626127243
v 0.0051786708645522594 0.008396750316023827 0.02569233626127243
v 0.0051786708645522594 0.008396750316023827 0.02569233626127243
v 0.005174857098609209 0.004280323628336191 0.023653585463762283
v 0.005174857098609209 0.004280323628336191 0.023653585463762283
v 0.005174857098609209 0.004280323628336191 0.023653585463762283
v 0.005174857098609209 0.004280323628336191 0.023653585463762283
v 0.005174857098609209 0.004280323628336191 0.023653585463762283
v 0.005180640611797571 0.003974792081862688 0.026745306327939034
v 0.005180640611797571 0.003974792081862688 0.026745306327939034
v 0.005180640611797571 0.003974792081862688 0.026745306327939034
v 0.005180640611797571 0.003974792081862688 0.026745306327939034
v 0.005175583064556122 6.5489416556374636e-06 0.02404167503118515
v 0.005175583064556122 6.5489416556374636e-06 0.02404167503118515
v 0.005175583064556122 6.5489416556374636e-06 0.02404167503118515
v 0.005175583064556122 6.5489416556374636e-06 0.02404167503118515
v 0.005181184038519859 -0.0005614915280602872 0.027035748586058617
v 0.005181184038519859 -0.0005614915280602872 0.027035748586058617
v 0.005181184038519859 -0.0005614915280602872 0.027035748586058617
v 0.005174861289560795 -0.004267472308129072 0.023655910044908524
v 0.005174861289560795 -0.004267472308129072 0.023655910044908524
v 0.005174861289560795 -0.004267472308129072 0.023655910044908524
v 0.005174861289560795 -0.004267472308129072 0.023655910044908524
v 0.005174861289560795 -0.004267472308129072 0.023655910044908524
v 0.005180285777896643 -0.00508166803047061 0.026555439457297325
v 0.005180285777896643 -0.00508166803047061 0.026555439457297325
v 0.005180285777896643 -0.00508166803047061 0.026555439457297325
v 0.005180285777896643 -0.00508166803047061 0.026555439457297325
v 0.005172715522348881 -0.008402765728533268 0.022508900612592697
v 0.005172715522348881 -0.008402765728533268 0.022508900612592697
v 0.005172715522348881 -0.008402765728533268 0.022508900612592697
v 0.005172715522348881 -0.008402765728533268 0.022508900612592697
v 0.005177970975637436 -0.009455591440200806 0.02531813271343708
v 0.005177970975637436 -0.009455591440200806 0.02531813271343708
v 0.005169215612113476 -0.012264876626431942 0.020638002082705498
v 0.005169215612113476 -0.012264876626431942 0.020638002082705498
v 0.005174306686967611 -0.013557519763708115 0.023359389975667
v 0.005174306686967611 -0.013557519763708115 0.023359389975667
v 0.005174306686967611 -0.013557519763708115 0.023359389975667
v 0.0051693981513381 -0.017269350588321686 0.02073565497994423
v 0.0051693981513381 -0.017269350588321686 0.02073565497994423
v 0.0051693981513381 -0.017269350588321686 0.02073565497994423
v 0.005142646841704845 0.02607451006770134 0.006435690447688103
v 0.005142646841704845 0.02607451006770134 0.006435690447688103
v 0.005142646841704845 0.02607451006770134 0.006435690447688103
v 0.005142646841704845 0.02607451006770134 0.006435690447688103
v 0.005144499242305756 0.0226899441331625 0.00742587074637413
v 0.005144499242305756 0.0226899441331625 0.00742587074637413
v 0.005144499242305756 0.0226899441331625 0.00742587074637413
v 0.005144499242305756 0.0226899441331625 0.00742587074637413
v 0.00513423653319478 0.026746252551674843 0.0019400162855163217
v 0.00513423653319478 0.026746252551674843 0.0019400162855163217
v 0.00513423653319478 0.026746252551674843 0.0019400162855163217
v 0.005136658437550068 0.023611189797520638 0.00323452684096992
v 0.005136658437550068 0.023611189797520638 0.00323452684096992
v 0.005136658437550068 0.023611189797520638 0.00323452684096992
v 0.005136658437550068 0.023611189797520638 0.00323452684096992
v 0.005125734955072403 0.026648541912436485 -0.0026044861879199743
v 0.005125734955072403 0.026648541912436485 -0.0026044861879199743
v 0.005125734955072403 0.026648541912436485 -0.0026044861879199743
v 0.005125734955072403 0.026648541912436485 -0.0026044861879199743
v 0.0051286350935697556 0.023764802142977715 -0.0010541366646066308
v 0.0051286350935697556 0.023764802142977715 -0.0010541366646066308
v 0.0051286350935697556 0.023764802142977715 -0.0010541366646066308
v 0.0051286350935697556 0.023764802142977715 -0.0010541366646066308
v 0.00511738657951355 0.02578417770564556 -0.007067164406180382
v 0.00511738657951355 0.02578417770564556 -0.007067164406180382
v 0.00511738657951355 0.02578417770564556 -0.007067164406180382
v 0.00511738657951355 0.02578417770564556 -0.007067164406180382
v 0.0051206909120082855 0.02314574271440506 -0.005300662014633417
v 0.0051206909120082855 0.02314574271440506 -0.005300662014633417
v 0.0051206909120082855 0.02314574271440506 -0.005300662014633417
v 0.0051206909120082855 0.02314574271440506 -0.005300662014633417
v 0.005109431222081184 0.02417813427746296 -0.011319552548229694
v 0.005109431222081184 0.02417813427746296 -0.011319552548229694
v 0.005109431222081184 0.02417813427746296 -0.011319552548229694
v 0.005113084334880114 0.021774254739284515 -0.009366958402097225
v 0.005113084334880114 0.021774254739284515 -0.009366958402097225
v 0.005102098453789949 0.021876467391848564 -0.015239367261528969
v 0.005102098453789949 0.021876467391848564 -0.015239367261528969
v 0.005102098453789949 0.021876467391848564 -0.015239367261528969
v 0.005106061697006226 0.019694779068231583 -0.013120826333761215
v 0.005106061697006226 0.019694779068231583 -0.013120826333761215
v 0.005106061697006226 0.019694779068231583 -0.013120826333761215
v 0.005095598753541708 0.01894545368850231 -0.01871377043426037
v 0.005095598753541708 0.01894545368850231 -0.01871377043426037
v 0.005095598753541708 0.01894545368850231 -0.01871377043426037
v 0.005095598753541708 0.01894545368850231 -0.01871377043426037
v 0.005095598753541708 0.01894545368850231 -0.01871377043426037
v 0.00509985163807869 0.016974983736872673 -0.016440346837043762
v 0.00509985163807869 0.016974983736872673 -0.016440346837043762
v 0.00509985163807869 0.016974983736872673 -0.016440346837043762
v 0.00509985163807869 0.016974983736872673 -0.016440346837043762
v 0.0050901188515126705 0.015469462610781193 -0.02164289355278015
v 0.0050901188515126705 0.015469462610781193 -0.02164289355278015
v 0.0050901188515126705 0.015469462610781193 -0.02164289355278015
v 0.0050901188515126705 0.015469462610781193 -0.02164289355278015
v 0.0050946567207574844 0.0137033611536026 -0.01921739988029003
v 0.0050946567207574844 0.0137033611536026 -0.01921739988029003
v 0.0050946567207574844 0.0137033611536026 -0.01921739988029003
v 0.005085817072540522 0.011548419483006 -0.023942425847053528
v 0.005085817072540522 0.011548419483006 -0.023942425847053528
v 0.005085817072540522 0.011548419483006 -0.023942425847053528
v 0.005090645048767328 0.009986168704926968 -0.02136184647679329
v 0.005090645048767328 0.009986168704926968 -0.02136184647679329
v 0.005090645048767328 0.009986168704926968 -0.02136184647679329
v 0.0050887162797153 0.008262167684733868 -0.02239276096224785
v 0.0050887162797153 0.008262167684733868 -0.02239276096224785
v 0.0050887162797153 0.008262167684733868 -0.02239276096224785
v 0.0050861528143286705 0.006793396081775427 -0.023763062432408333
v 0.0050861528143286705 0.006793396081775427 -0.023763062432408333
v 0.0024809339083731174 0.0070316544733941555 -0.022781120613217354
v 0.0024809339083731174 0.0070316544733941555 -0.022781120613217354
v 0.0024809339083731174 0.0070316544733941555 -0.022781120613217354
v 0.0045894430950284 0.007961645722389221 -0.02199219912290573
v 0.0045894430950284 0.007961645722389221 -0.02199219912290573
v 0.003230215748772025 0.007961645722389221 -0.02198965661227703
v 0.003230215748772025 0.007961645722389221 -0.02198965661227703
v 0.0028176717460155487 0.0075028082355856895 -0.02235557697713375
v 0.0028176717460155487 0.0075028082355856895 -0.02235557697713375
v 0.004589451011270285 -0.007973277010023594 -0.021987920626997948
v 0.004589451011270285 -0.007973277010023594 -0.021987920626997948
v 0.0024809411261230707 -0.007043729070574045 -0.022777296602725983
v 0.0024809411261230707 -0.007043729070574045 -0.022777296602725983
v 0.002816305495798588 -0.007512936368584633 -0.022352980449795723
v 0.002816305495798588 -0.007512936368584633 -0.022352980449795723
v 0.002816305495798588 -0.007512936368584633 -0.022352980449795723
f 1 4 6
f 10 14 17
f 10 17 24
f 24 17 26
f 24 26 27
f 14 10 30
f 30 10 32
f 30 32 38
f 38 32 40
f 40 32 44
f 40 44 46
f 46 44 49
f 49 44 53
f 49 53 56
f 56 53 58
f 58 53 61
f 58 61 64
f 64 61 66
f 66 61 70
f 66 70 73
f 73 70 74
f 74 70 77
f 74 77 81
f 81 77 82
f 82 77 85
f 82 85 88
f 88 85 90
f 90 85 92
f 90 92 94
f 94 92 97
f 97 92 99
f 97 99 105
f 105 99 107
f 107 99 109
f 107 109 115
f 115 109 117
f 117 109 118
f 117 118 127
f 127 118 131
f 127 131 132
f 132 131 134
f 132 134 139
f 139 134 141
f 141 134 144
f 141 144 146
f 146 144 148
f 148 144 151
f 148 151 154
f 159 163 164
f 164 166 159
f 159 166 170
f 159 170 151
f 151 170 172
f 151 172 154
f 173 178 181
f 181 185 173
f 173 185 186
f 173 186 163
f 163 186 188
f 163 188 164
f 190 195 197
f 197 198 190
f 190 198 201
f 190 201 178
f 178 201 204
f 178 204 181
f 6 4 205
f 4 208 205
f 205 208 210
f 205 210 195
f 195 210 212
f 195 212 197
f 1 6 215
f 215 6 217
f 215 217 221
f 221 217 223
f 221 223 226
f 226 223 229
f 229 223 230
f 229 230 233
f 233 230 236
f 236 230 239
f 236 239 240
f 240 239 242
f 242 239 244
f 242 244 247
f 247 244 250
f 250 244 253
f 250 253 256
f 258 265 18
f 102 267 111
f 112 270 276
f 110 273 123
f 122 272 279
f 125 280 284
f 281 285 291
f 21 263 11
f 12 261 296
f 13 297 34
f 35 298 302
f 33 303 45
f 257 22 309
f 310 23 316
f 308 314 320
f 322 315 324
f 320 325 327
f 330 326 333
f 327 334 337
f 84 341 91
f 91 341 347
f 93 346 100
f 101 343 348
f 103 351 266
f 353 361 366
f 365 359 368
f 367 371 376
f 374 370 379
f 377 380 285
f 289 378 384
f 286 383 294
f 306 388 42
f 43 389 395
f 41 390 52
f 51 391 396
f 52 402 60
f 59 397 69
f 68 401 406
f 67 407 76
f 334 413 337
f 337 413 416
f 335 417 408
f 412 415 419
f 411 420 424
f 84 78 341
f 341 78 410
f 341 410 427
f 430 404 425
f 428 426 357
f 353 422 432
f 355 433 358
f 437 442 224
f 224 442 232
f 444 447 454
f 462 254 463
f 465 251 466
f 453 449 474
f 442 478 232
f 231 477 485
f 232 481 238
f 237 486 492
f 238 491 245
f 246 490 497
f 245 494 254
f 252 498 503
f 254 500 468
f 469 504 471
f 467 473 506
f 507 476 450
f 222 513 435
f 439 512 516
f 437 514 520
f 518 515 526
f 520 524 527
f 531 523 535
f 527 534 540
f 539 533 542
f 540 541 455
f 458 543 547
f 546 551 452
f 451 552 555
f 455 556 559
f 559 560 455
f 455 560 562
f 455 562 446
f 564 568 28
f 29 567 572
f 28 571 19
f 20 570 576
f 19 577 314
f 313 575 578
f 314 581 585
f 583 580 549
f 584 553 587
f 588 554 545
f 225 218 511
f 509 216 9
f 510 7 590
f 589 8 207
f 591 206 194
f 177 174 594
f 135 129 605
f 598 175 611
f 612 176 161
f 610 162 621
f 626 629 635
f 636 632 591
f 636 591 639
f 639 591 194
f 639 194 645
f 644 193 192
f 645 191 648
f 648 191 180
f 648 180 655
f 656 179 597
f 281 291 123
f 121 293 659
f 124 657 661
f 130 119 602
f 599 120 664
f 601 662 666
f 667 663 673
f 665 671 677
f 675 670 679
f 675 679 625
f 624 680 682
f 623 683 631
f 160 157 619
f 620 158 152
f 618 153 604
f 608 150 142
f 606 143 136
f 686 692 696
f 702 707 715
f 728 729 738
f 740 748 750
f 753 761 764
f 750 748 768
f 763 762 772
f 776 703 781
f 778 700 716
f 778 716 783
f 783 716 785
f 789 795 800
f 799 798 805
f 802 809 812
f 810 808 816
f 823 827 830
f 831 832 824
f 825 834 835
f 822 836 716
f 712 837 840
f 717 839 786
f 843 848 721
f 851 856 862
f 873 780 877
f 879 886 894
f 893 887 896
f 893 896 748
f 748 896 897
f 748 897 768
f 900 906 911
f 912 918 818
f 701 924 706
f 705 923 928
f 708 925 762
f 759 926 931
f 762 929 772
f 862 932 935
f 939 941 943
f 952 956 957
f 962 970 880
f 973 974 978
f 977 976 981
f 978 980 985
f 909 989 901
f 902 990 996
f 903 994 999
f 998 995 793
f 999 792 980
f 980 792 791
f 983 788 984
f 1000 1003 920
f 919 1002 1006
f 917 1005 814
f 844 726 1011
f 865 861 846
f 845 857 1015
f 849 1016 727
f 943 941 1017
f 1024 1026 1029
f 1033 1037 1039
f 1039 1037 768
f 1040 767 1042
f 1043 768 897
f 1045 1048 1052
f 1056 1049 745
f 1052 740 1057
f 1057 740 750
f 1061 1062 968
f 969 1063 1066
f 967 1065 881
f 1069 1072 1075
f 1076 1073 771
f 1077 769 1079
f 1081 772 929
f 1083 1088 1092
f 1092 1088 756
f 1092 756 1095
f 1095 756 763
f 1097 1099 1102
f 1102 1099 1104
f 1102 1104 1110
f 1109 1105 1111
f 1110 1113 1114
f 1114 1113 1116
f 1114 1116 1119
f 1122 935 1126
f 1126 935 932
f 1124 933 1127
f 1129 932 1131
f 1129 1131 1133
f 1133 1131 1136
f 1133 1136 1137
f 822 732 828
f 828 732 720
f 828 720 1140
f 1141 723 1020
f 1140 1017 1144
f 1144 1017 941
f 1145 1148 1159
f 1157 1149 1161
f 1160 1163 1165
f 692 1158 696
f 693 1155 1164
f 696 1167 943
f 944 1168 1172
f 942 1170 937
f 686 696 893
f 891 694 1173
f 893 1178 881
f 883 1174 1184
f 882 1183 964
f 966 1182 1188
f 966 1188 961
f 960 1186 1193
f 958 1192 950
f 1194 1201 1204
f 1203 1200 1211
f 1203 1211 1214
f 1097 1102 1216
f 1220 1101 1205
f 1218 1206 1221
f 1223 1203 1214
f 1223 1214 1226
f 935 1230 862
f 866 1229 1231
f 867 1232 1234
f 874 878 1242
f 1238 876 1244
f 1242 1243 1247
f 1247 1243 1252
f 1247 1252 1255
f 1029 1026 1264
f 1263 1025 1267
f 1265 1268 1269
f 1195 1203 1272
f 1272 1203 1276
f 1275 1278 737
f 735 1276 1281
f 735 1281 720
f 718 1280 1284
f 719 1283 1009
f 1286 1289 1295
f 1294 1292 1303
f 1295 1299 1307
f 1304 1301 913
f 1307 915 1310
f 1308 914 817
f 1310 815 1316
f 1316 815 809
f 1316 809 1317
f 1319 806 1246
f 1321 1251 1156
f 1158 1247 1255
f 1151 1256 1146
f 874 1323 778
f 779 1324 1328
f 778 1329 777
f 774 1332 1260
f 777 1264 1336
f 1335 1262 1271
f 1235 1338 863
f 869 1341 1343
f 868 1346 850
f 1349 1351 1029
f 1029 1351 1356
f 1030 1359 1022
f 1362 1058 751
f 1365 1369 1370
f 1370 1369 1363
f 1362 751 1372
f 1372 751 766
f 1372 766 1374
f 1375 899 997
f 1377 1383 1384
f 1384 1383 1375
f 1375 997 1384
f 1384 997 982
f 1384 982 1386
f 1389 1096 765
f 1393 1396 1400
f 1400 1396 1392
f 1389 765 1399
f 1399 765 770
f 1399 770 1402
f 1403 1233 1228
f 1406 1410 1413
f 1413 1410 1403
f 1403 1228 1413
f 1413 1228 936
f 1413 936 1415
f 1418 1420 1430
f 1433 1444 1446
f 1445 1443 1453
f 1448 1454 1457
f 1459 1467 1452
f 1449 1464 1470
f 1452 1471 1456
f 1472 1478 1481
f 1480 1479 1418
f 1480 1418 1487
f 1487 1418 1430
f 1485 1428 1489
f 1488 1430 1492
f 1490 1493 1495
f 1497 1492 1499
f 1497 1499 1501
f 1501 1499 1506
f 1433 1446 1509
f 1509 1446 1513
f 1508 1511 1517
f 1515 1513 1519
f 1515 1519 1522
f 1522 1519 1524
f 1520 1526 1528
f 1530 1524 1531
f 1530 1531 1534
f 1534 1531 1538
f 1534 1538 1539
f 1540 1536 1546
f 1541 1545 1550
f 1548 1547 1555
f 1549 1553 1558
f 1557 1556 1565
f 1561 1563 1567
f 1566 1564 1573
f 1569 1571 1575
f 1577 1572 1580
f 1575 1581 1506
f 1504 1578 1584
f 1505 1585 1502
f 1589 1592 1598
f 1597 1593 1601
f 1604 1605 1612
f 1611 1606 1614
f 1618 1625 1628
f 1627 1629 1623
f 1619 1631 1633
f 1623 1632 1635
f 1635 1632 1639
f 1621 1643 1645
f 1652 1655 1659
f 1658 1656 1663
f 1660 1664 1639
f 1641 1665 1668
f 1640 1667 1636
f 1672 1675 1678
f 1682 1685 1690
f 1690 1685 1693
f 1689 1695 1697
f 1698 1693 1700
f 1698 1700 1705
f 1709 1712 1647
f 1648 1710 1714
f 1648 1714 1623
f 1716 1719 1723
f 1723 1719 1724
f 1723 1724 1728
f 1728 1724 1729
f 1726 1731 1736
f 1735 1732 1739
f 1734 1738 1743
f 1744 1740 1748
f 1741 1746 1749
f 1644 1622 1754
f 1753 1623 1635
f 1753 1635 1755
f 1755 1635 1757
f 1755 1757 1759
f 1759 1757 1761
f 1759 1761 1766
f 1765 1763 1767
f 1766 1769 1771
f 1684 1653 1688
f 1686 1649 1657
f 1685 1660 1775
f 1776 1661 1781
f 1777 1779 1783
f 1784 1778 1789
f 1785 1790 1794
f 1798 1800 1801
f 1769 1705 1771
f 1772 1704 1703
f 1773 1701 1806
f 1804 1700 1807
f 1805 1808 1814
f 1812 1809 1815
f 1813 1816 1818
f 1818 1816 1822
f 1818 1822 1826
f 1825 1820 1828
f 1824 1830 1831
f 1833 1829 1834
f 1801 1838 1798
f 1797 1840 1750
f 1798 1749 1675
f 1675 1749 1746
f 1676 1747 1679
f 1680 1842 1673
f 1672 1843 1845
f 1671 1846 1596
f 1598 1845 1847
f 1594 1850 1586
f 1590 1849 1851
f 1589 1854 1855
f 1859 1852 1863
f 1858 1862 1865
f 1864 1861 1871
f 1866 1869 1873
f 1875 1872 1721
f 1873 1719 1609
f 1613 1720 1717
f 1609 1716 1603
f 1876 1882 1886
f 1795 1791 1892
f 1890 1787 1896
f 1891 1893 1834
f 1608 1898 1615
f 1617 1897 1876
f 1617 1876 1900
f 1901 1878 1887
f 1903 1906 1911
f 1910 1905 1912
f 1908 1913 1749
f 1749 1913 1916
f 1749 1916 1741
f 1917 1919 1923
f 1894 1926 1836
f 1835 1925 1921
f 1834 1923 1833
f 1833 1923 1919
f 1592 1928 1599
f 1599 1928 1930
f 1599 1930 1934
f 1933 1931 1936
f 1932 1938 1943
f 1941 1939 1888
f 1942 1885 1945
f 1948 1884 1879
f 1947 1880 1949
f 1951 1952 1944
f 1944 1952 1955
f 1944 1955 1957
f 1957 1955 1958
f 1957 1958 1923
f 1923 1958 1960
f 1923 1960 1917
f 1455 1962 1966
f 1455 1966 1447
f 1447 1966 1967
f 1447 1967 1512
f 1512 1967 1970
f 1512 1970 1518
f 1518 1970 1972
f 1518 1972 1525
f 1525 1972 1974
f 1525 1974 1532
f 1532 1974 1976
f 1532 1976 1537
f 1537 1976 1978
f 1537 1978 1544
f 1544 1978 1979
f 1544 1979 1554
f 1554 1979 1981
f 1554 1981 1562
f 1562 1981 1984
f 1562 1984 1574
f 1574 1984 1985
f 1574 1985 1579
f 1579 1985 1988
f 1579 1988 1582
f 1583 1987 1990
f 1583 1990 1500
f 1500 1990 1992
f 1500 1992 1496
f 1496 1992 1994
f 1496 1994 1491
f 1491 1994 1997
f 1491 1997 1486
f 1998 2004 2008
f 2010 2011 2014
f 2014 2011 1998
f 2014 1998 2017
f 2017 1998 2008
f 2021 2022 2024
f 2024 2022 2028
f 2024 2028 2004
f 2004 2028 2030
f 2004 2030 2008
f 2033 2036 2021
f 2021 2036 2039
f 2021 2039 2022
f 2041 2044 2033
f 2033 2044 2047
f 2033 2047 2036
f 2049 2053 2041
f 2041 2053 2054
f 2041 2054 2044
f 2057 2060 2049
f 2049 2060 2062
f 2049 2062 2053
f 2066 2067 2057
f 2057 2067 2069
f 2057 2069 2060
f 2073 2074 2066
f 2066 2074 2076
f 2066 2076 2067
f 2080 2082 2073
f 2073 2082 2084
f 2073 2084 2074
f 2087 2090 2080
f 2080 2090 2091
f 2080 2091 2082
f 2093 2095 2087
f 2087 2095 2097
f 2087 2097 2090
f 2100 2101 2093
f 2093 2101 2103
f 2093 2103 2095
f 2106 2109 2100
f 2100 2109 2111
f 2100 2111 2101
f 2112 2116 2106
f 2106 2116 2119
f 2106 2119 2109
f 2121 2125 2112
f 2112 2125 2126
f 2112 2126 2116
f 2130 2132 2121
f 2121 2132 2136
f 2121 2136 2125
f 2139 2140 2130
f 2130 2140 2143
f 2130 2143 2132
f 2010 2145 2011
f 2011 2145 2146
f 2011 2146 2139
f 2139 2146 2148
f 2139 2148 2140
f 2151 586 2152
f 2152 586 548
f 2152 548 2154
f 2154 548 544
f 2154 544 2156
f 2156 544 532
f 2156 532 2158
f 2158 532 525
f 2158 525 2160
f 2160 525 517
f 2160 517 2163
f 2163 517 508
f 2163 508 2165
f 2165 508 592
f 2165 592 2166
f 2166 592 633
f 2167 630 2169
f 2169 630 684
f 2169 684 2171
f 2171 684 681
f 2171 681 2173
f 2173 681 672
f 2173 672 2175
f 2175 672 660
f 2175 660 2177
f 2177 660 658
f 2177 658 2179
f 2179 658 292
f 2179 292 2182
f 292 382 2182
f 2182 382 381
f 2182 381 2184
f 2184 381 369
f 2184 369 2185
f 2185 369 360
f 2185 360 2188
f 2188 360 434
f 2188 434 2189
f 2189 434 423
f 2189 423 2192
f 2192 423 421
f 2192 421 2193
f 2193 421 418
f 2193 418 2195
f 2195 418 414
f 2195 414 2197
f 2197 414 332
f 2197 332 2200
f 2200 332 323
f 2200 323 2202
f 2202 323 317
f 2202 317 2151
f 2151 317 582
f 2151 582 586
f 2204 2205 2211
f 2209 2206 2214
f 2211 2213 2215
f 2215 2213 2218
f 2215 2218 2222
f 2222 2218 2224
f 2222 2224 2227
f 2227 2224 2231
f 2228 2229 2234
f 2239 2243 2244
f 2244 2243 2249
f 2244 2249 2253
f 2252 2248 2256
f 2251 2255 2260
f 2261 2257 2264
f 2261 2264 2269
f 2266 2265 2273
f 2270 2272 2277
f 2230 2282 2237
f 2235 2280 2285
f 2233 2283 2288
f 2286 2285 2290
f 2286 2290 2293
f 2296 2292 2299
f 2293 2298 2301
f 2303 2300 2306
f 2301 2305 2310
f 2311 2307 2316
f 2310 2314 2317
f 2319 2315 2322
f 2317 2321 2239
f 2240 2320 2324
f 2239 2326 2243
f 2271 2328 2275
f 2278 2329 2333
f 2275 2330 2335
f 2334 2332 2340
f 2335 2338 2342
f 2345 2339 2347
f 2342 2346 2350
f 2351 2348 2357
f 2350 2354 2358
f 2359 2355 2364
f 2358 2363 2366
f 2368 2365 2371
f 2366 2369 2204
f 2204 2369 2372
f 2204 2372 2205
f 2374 2378 2387
f 2392 2395 2402
f 2405 2409 2421
f 2422 2416 2390
f 2422 2390 2425
f 2424 2394 2401
f 2429 2434 2437
f 2406 2422 2441
f 2444 2423 2448
f 2443 2446 2449
f 2450 2447 2457
f 2453 2455 2459
f 2458 2456 2464
f 2460 2463 2470
f 2468 2465 2473
f 2467 2472 2476
f 2478 2475 2480
f 2478 2480 2482
f 2480 2487 2482
f 2482 2487 2488
f 2485 2489 2491
f 2495 2488 2497
f 2494 2496 2500
f 2502 2498 2505
f 2503 2507 2512
f 2509 2508 2514
f 2513 2517 2520
f 2519 2515 2523
f 2520 2524 2528
f 2529 2525 2531
f 2528 2533 2537
f 2538 2532 2540
f 2536 2539 2543
f 2546 2542 2548
f 2544 2547 2387
f 2389 2550 2552
f 2387 2551 2374
f 2375 2553 2431
f 2377 2428 2558
f 2557 2429 2437
f 2559 2418 2404
f 2565 1442 1431
f 2567 2568 2571
f 2571 2572 2567
f 2567 2572 2575
f 2567 2575 2577
f 2577 2575 2579
f 2577 2579 2582
f 2582 2579 2585
f 2582 2585 2588
f 2589 2591 1521
f 1521 2591 2594
f 2593 2597 1523
f 1523 2597 2599
f 1523 2599 1516
f 1516 2599 2600
f 1516 2600 2604
f 2602 2606 1514
f 1514 2606 2608
f 1514 2608 1510
f 1510 2608 2610
f 1510 2610 2612
f 2568 2567 2614
f 2614 2567 2616
f 2614 2616 2619
f 2622 2624 2462
f 2462 2624 2626
f 2462 2626 2451
f 2451 2626 2628
f 2451 2628 2630
f 2630 2632 2451
f 2451 2632 2634
f 2451 2634 2637
f 2636 2639 2640
f 2640 2639 2643
f 2640 2643 2644
f 2644 2643 2646
f 2644 2646 2650
f 2650 2646 2652
f 2650 2652 2654
f 2657 2659 2471
f 2471 2659 2660
f 2471 2660 2461
f 2461 2660 2663
f 2461 2663 2621
f 2664 2666 2526
f 2664 2526 2670
f 2535 2671 2675
f 2535 2675 2526
f 2526 2675 2676
f 2526 2676 2670
f 2679 2680 2682
f 2682 2680 2684
f 2682 2684 2686
f 2686 2684 2688
f 2686 2688 2668
f 2679 2690 2680
f 2680 2690 2693
f 2680 2693 2694
f 2694 2693 2697
f 2694 2697 2701
f 2703 2705 2545
f 2705 2707 2545
f 2545 2707 2709
f 2545 2709 2534
f 2534 2709 2710
f 2534 2710 2673
f 2712 2714 2715
f 2715 2714 2717
f 2715 2717 1427
f 2721 2722 2724
f 2724 2722 2727
f 2724 2727 2729
f 2730 2734 2735
f 2735 2734 2736
f 2736 2734 2738
f 2736 2738 2739
f 2739 2738 2741
f 2739 2741 2742
f 2742 2741 2744
f 2742 2744 2745
f 2745 2744 2747
f 2745 2747 2712
f 2712 2747 2749
f 2712 2749 2714
f 2668 2688 2527
f 2527 2688 2751
f 2527 2751 2518
f 2750 2754 2521
f 2521 2754 2757
f 2521 2757 2511
f 2756 2759 2510
f 2510 2759 2762
f 2510 2762 2504
f 2760 2764 2501
f 2501 2764 2766
f 2501 2766 2493
f 2765 2768 2492
f 2492 2768 2772
f 2492 2772 2483
f 2771 2774 2484
f 2484 2774 2777
f 2484 2777 2477
f 2654 2778 2650
f 2650 2778 2780
f 2650 2780 2782
f 2782 2780 2655
f 2782 2655 2784
f 2784 2655 2469
f 2784 2469 2787
f 2787 2469 2479
f 2788 2477 2789
f 2789 2477 2777
f 2636 2640 2452
f 2452 2640 2791
f 2452 2791 2442
f 2735 2562 2730
f 2731 2561 2407
f 2731 2407 2795
f 2795 2407 2440
f 2794 2442 2798
f 2798 2442 2791
f 1427 2717 1429
f 1429 2717 2800
f 1429 2800 1494
f 2802 1498 2805
f 2805 1498 1494
f 2805 1494 2807
f 2807 1494 2800
f 2808 2810 2814
f 2814 2810 2816
f 2814 2816 2818
f 2818 2816 2819
f 2822 2803 2824
f 2824 2803 2818
f 2824 2818 2827
f 2827 2818 2819
f 2830 2831 1503
f 1503 2831 2834
f 1503 2834 2808
f 2821 2836 2802
f 2802 2836 2839
f 2802 2839 1498
f 1498 2839 2841
f 1498 2841 2843
f 2843 2845 1498
f 1498 2845 2847
f 1498 2847 1503
f 1503 2847 2849
f 1503 2849 2830
f 2808 2814 1503
f 1503 2814 2850
f 1503 2850 1576
f 2850 2853 1576
f 1576 2853 2855
f 1576 2855 1570
f 2854 2857 1568
f 1568 2857 2860
f 1568 2860 1560
f 2859 2862 1559
f 1559 2862 2866
f 1559 2866 1551
f 2864 2867 1552
f 1552 2867 2870
f 1552 2870 1543
f 2869 2872 1542
f 1542 2872 2874
f 1542 2874 1535
f 2875 2878 1533
f 1533 2878 2879
f 1533 2879 1529
f 2587 2589 2583
f 2583 2589 1521
f 2583 1521 2882
f 2882 1521 1527
f 2883 1529 2884
f 2884 1529 2879
f 2729 2727 2886
f 2886 2727 2888
f 2886 2888 2889
f 2889 2888 2892
f 2889 2892 2894
f 2894 2892 2895
f 2894 2895 2897
f 2897 2895 2899
f 2897 2899 2900
f 2900 2899 2902
f 2900 2902 2905
f 2905 2902 2906
f 2905 2906 2908
f 2908 2906 2564
f 2908 2564 2909
f 2909 2564 1432
f 2909 1432 2912
f 2912 1432 1507
f 2912 1507 2617
f 2619 1510 2612
f 2619 2612 2614
f 2698 2703 2699
f 2699 2703 2545
f 2699 2545 2914
f 2914 2545 2388
f 2914 2388 2721
f 2721 2388 2384
f 2721 2384 2722
f 2919 2922 2927
f 2926 2923 2930
f 2938 2941 2943
f 2947 2952 2956
f 2951 2946 2957
f 2957 2946 2959
f 2957 2959 2965
f 2967 2972 2976
f 2973 2971 2980
f 2976 2978 2981
f 2985 2979 2986
f 2983 2988 2993
f 2942 2940 2996
f 3000 3003 3007
f 3012 3018 3021
f 3020 3016 3023
f 3019 3024 3029
f 3030 3025 3031
f 3027 3033 3035
f 3035 3033 3036
f 3035 3036 3040
f 3041 3038 3045
f 3039 3043 3048
f 3050 3044 2995
f 3051 2994 3052
f 3053 2996 2940
f 3053 2940 3060
f 3059 3061 3056
f 3053 3063 3065
f 3053 3065 3066
f 2929 3069 2916
f 2917 3068 3073
f 2918 3072 3075
f 3077 3074 3081
f 3078 3080 3085
f 3084 3082 3087
f 3083 3092 3096
f 2955 2981 2946
f 2948 2982 2991
f 2950 2990 3098
f 3099 2989 3104
f 3097 3102 3004
f 3005 3101 3105
f 3004 3107 3009
f 2965 3108 3110
f 3110 3108 3113
f 3110 3113 3115
f 3115 3113 3119
f 3118 3120 3123
f 3122 3119 3127
f 3124 3128 3134
f 3133 3129 3138
f 3132 3136 3139
f 3139 3136 3142
f 3145 3149 3153
f 3156 3160 3163
f 3164 3167 3171
f 3170 3166 3173
f 3170 3173 3053
f 3054 3174 3177
f 3057 3176 3049
f 2960 3179 2966
f 2964 3178 3151
f 2965 3153 3108
f 3108 3153 3149
f 3182 3093 3185
f 3185 3093 3091
f 3184 3090 3189
f 3187 3088 3192
f 3186 3190 3195
f 3195 3190 3196
f 3194 3197 3201
f 3199 3196 3202
f 3199 3202 3013
f 3013 3202 3206
f 3013 3206 3014
f 3017 3204 3210
f 3014 3208 3211
f 3214 3207 3217
f 3215 3219 3224
f 3222 3216 2931
f 3223 2934 3228
f 3227 2933 2921
f 3226 2920 3229
f 3231 2925 2935
f 3231 2935 3234
f 3233 2936 2944
f 3236 3156 3237
f 3238 3158 3162
f 3237 3163 3244
f 3244 3163 3002
f 3242 2998 3246
f 3247 3001 3008
f 2967 3139 2972
f 2972 3139 3142
f 2970 3143 3250
f 3251 3144 3255
f 3252 3256 3259
f 3259 3256 3260
f 3259 3260 3262
f 3262 3260 3264
f 3262 3264 3244
f 3243 3265 3268
f 3244 3269 3237
f 3271 3275 3277
f 3267 3282 3239
f 3237 3280 3272
f 3240 3273 3285
f 3283 3272 3279
f 3182 3287 3093
f 3093 3287 3291
f 3095 3288 3293
f 3295 3289 3296
f 3294 3298 3155
f 3154 3299 3302
f 3152 3301 3147
f 2420 3304 3306
f 2420 3306 2445
f 2445 3306 3307
f 2445 3307 2454
f 2454 3307 3310
f 2454 3310 2466
f 2466 3310 3311
f 2466 3311 2474
f 2474 3311 3314
f 2474 3314 2481
f 2481 3314 3315
f 2481 3315 2486
f 2486 3315 3318
f 2486 3318 2490
f 2490 3318 3319
f 2490 3319 2499
f 2499 3319 3322
f 2499 3322 2506
f 2506 3322 3323
f 2506 3323 2516
f 2516 3323 3326
f 2516 3326 2522
f 2522 3326 3327
f 2522 3327 2530
f 2530 3327 3330
f 2530 3330 2541
f 2541 3330 3331
f 2541 3331 2549
f 2549 3331 3333
f 2549 3333 2554
f 2554 3333 3335
f 2554 3335 2430
f 2105 3339 2113
f 2115 3338 3342
f 2114 3340 2123
f 2120 3343 3345
f 2122 3347 2131
f 2128 3346 3348
f 2129 3349 2137
f 2138 3348 3353
f 2138 3353 2012
f 2013 3352 3357
f 2012 3355 2001
f 1999 3354 3359
f 2000 3360 2002
f 2005 3361 3362
f 2003 3363 2025
f 2026 3364 3367
f 2027 3368 2020
f 2018 3369 3371
f 2019 3370 2032
f 3372 3374 2034
f 2035 3376 3378
f 2032 3377 2040
f 2042 3379 3382
f 2043 3381 2050
f 2048 3384 3388
f 2051 3386 2056
f 2059 3385 3392
f 2058 3391 2064
f 2065 3390 3394
f 2065 3394 2072
f 2071 3395 3397
f 2072 3396 2078
f 2078 3396 3402
f 2079 3401 2085
f 2086 3400 3403
f 2088 3405 2094
f 2094 3405 3407
f 2094 3407 2099
f 2099 3407 3409
f 2099 3409 2107
f 2107 3409 3411
f 2107 3411 3338
f 3356 3413 3358
f 3358 3413 3418
f 3358 3418 3365
f 3365 3418 3419
f 3365 3419 3366
f 3366 3419 3421
f 3366 3421 3373
f 3373 3421 3423
f 3373 3423 3375
f 3375 3423 3427
f 3375 3427 3380
f 3380 3427 3430
f 3380 3430 3383
f 3383 3430 3434
f 3383 3434 3387
f 3387 3434 3437
f 3387 3437 3389
f 3389 3437 3439
f 3389 3439 3393
f 3393 3439 3442
f 3393 3442 3398
f 3398 3442 3445
f 3398 3445 3399
f 3399 3445 3447
f 3399 3447 3404
f 3404 3447 3450
f 3404 3450 3406
f 3406 3450 3452
f 3406 3452 3408
f 3408 3452 3456
f 3408 3456 3410
f 3410 3456 3459
f 3410 3459 3337
f 3337 3459 3460
f 3337 3460 3341
f 3341 3460 3463
f 3341 3463 3344
f 3344 3463 3466
f 3344 3466 3350
f 3350 3466 3470
f 3350 3470 3351
f 3351 3470 3473
f 3351 3473 3356
f 3356 3473 3413
f 3475 3479 3480
f 3480 3479 3483
f 3484 1128 3486
f 3486 1128 1134
f 3486 1134 3477
f 3479 1132 1138
f 3479 1138 3483
f 3488 3493 3495
f 1112 3497 1117
f 1117 3497 3499
f 1117 3499 1121
f 1121 3499 3488
f 1121 3488 3500
f 3500 3488 3495
f 3503 3491 3504
f 3504 3491 3489
f 3504 3489 3506
f 3506 3489 3509
f 3506 3509 3510
f 3510 3509 3514
f 3514 3509 3479
f 3514 3479 3516
f 3516 3479 3475
f 3515 3474 3519
f 3520 3524 1393
f 1393 3524 1396
f 1080 3527 3530
f 3532 3534 3530
f 3530 3534 1078
f 3530 1078 1080
f 3527 1080 3535
f 3535 1080 930
f 3535 930 3536
f 922 3537 927
f 927 3537 3538
f 927 3538 930
f 930 3538 3539
f 930 3539 3536
f 699 3540 922
f 922 3540 3541
f 922 3541 3537
f 3543 3545 775
f 775 3545 3548
f 775 3548 699
f 699 3548 3549
f 699 3549 3540
f 3550 3552 1377
f 1377 3552 1383
f 1007 3555 813
f 813 3555 3557
f 813 3557 811
f 811 3557 3559
f 811 3559 801
f 801 3559 3561
f 801 3561 790
f 790 3561 3564
f 790 3564 986
f 986 3564 3565
f 986 3565 979
f 979 3565 3567
f 3570 3572 1365
f 1365 3572 1369
f 3575 3576 3578
f 3578 3576 1038
f 3578 1038 1041
f 898 3579 1041
f 1041 3579 3580
f 1041 3580 3578
f 895 3581 898
f 898 3581 3582
f 898 3582 3579
f 888 3583 895
f 895 3583 3584
f 895 3584 3581
f 885 3585 888
f 888 3585 3586
f 888 3586 3583
f 3589 3590 1068
f 1068 3590 3593
f 1068 3593 884
f 885 3593 3594
f 885 3594 3585
f 3595 3600 1406
f 1406 3600 1410
f 979 3567 972
f 972 3567 3601
f 972 3601 975
f 975 3601 3603
f 975 3603 982
f 982 3603 1386
f 1266 3606 1270
f 1270 3606 3608
f 1270 3608 1337
f 1334 3607 3610
f 1334 3610 773
f 773 3610 3542
f 1038 3576 1034
f 1034 3576 3613
f 1034 3613 1036
f 1035 3612 3616
f 1035 3616 766
f 766 3616 1374
f 921 3617 1001
f 1001 3617 3619
f 1001 3619 1004
f 1004 3619 3621
f 1004 3621 1008
f 1008 3621 3554
f 1098 3623 1100
f 1100 3623 3626
f 1100 3626 1106
f 1106 3626 3628
f 1106 3628 1112
f 1112 3628 3497
f 1078 3534 1070
f 1070 3534 3629
f 1070 3629 1074
f 1071 3630 3632
f 1071 3632 770
f 770 3632 1402
f 971 3634 1060
f 1060 3634 3637
f 1060 3637 1064
f 1064 3637 3639
f 1064 3639 1067
f 1067 3639 3588
f 1128 3484 1125
f 1125 3484 3641
f 1125 3641 1123
f 1123 3641 3643
f 1123 3643 936
f 936 3643 1415
f 965 959 3644
f 3600 3595 3645
f 3645 3595 3647
f 3645 3647 963
f 963 3647 3634
f 963 3634 971
f 1219 1222 3649
f 3524 3520 3651
f 3652 3522 3653
f 3652 3653 1217
f 1217 3653 3623
f 1217 3623 1098
f 1027 1023 3655
f 3552 3550 3657
f 3657 3550 3659
f 3657 3659 1028
f 1028 3659 3606
f 1028 3606 1266
f 916 1302 3663
f 3572 3570 3661
f 3663 3571 3665
f 3663 3665 916
f 916 3665 3617
f 916 3617 921
f 3666 1177 698
f 3670 695 3674
f 3676 697 947
f 3673 946 3680
f 3677 945 1018
f 3678 1019 3681
f 3682 1021 722
f 3683 724 3690
f 3689 725 1012
f 3688 1014 3694
f 3698 3703 3691
f 3599 3708 1407
f 1411 3707 3714
f 1409 3713 3717
f 3687 3704 3684
f 3685 3705 3719
f 3685 3719 3679
f 3679 3719 3675
f 3675 3719 3722
f 3672 3721 3668
f 3669 3724 3728
f 3667 3727 3731
f 3732 3726 3739
f 3730 3736 3744
f 3745 3735 3748
f 3749 3737 3755
f 3750 3754 3760
f 3756 3753 3709
f 3761 3706 3764
f 3765 3711 3598
f 3764 3597 3646
f 3686 3695 3699
f 3697 3692 3770
f 3700 3769 3774
f 3772 3767 3779
f 3775 3780 3783
f 3781 3778 3785
f 3783 3786 3715
f 3715 3786 3793
f 3716 3790 1408
f 1412 3793 3795
f 1412 3795 1404
f 3797 1273 739
f 3798 734 3803
f 3804 736 733
f 3806 731 3808
f 3809 730 819
f 3811 820 3816
f 3815 821 713
f 3817 711 3819
f 3820 714 710
f 3821 704 3826
f 3831 3833 3840
f 3844 1397 3845
f 3845 1397 3523
f 3847 3525 3851
f 3853 3814 3857
f 3857 3814 3822
f 3857 3822 3859
f 3829 3839 3862
f 3862 3839 3800
f 3862 3800 3867
f 3864 3801 3807
f 3866 3805 3856
f 3854 3802 3812
f 3855 3810 3813
f 3818 3824 3861
f 3859 3823 3869
f 3859 3869 3872
f 3872 3869 3877
f 3874 3878 3882
f 3880 3877 3886
f 3879 3883 3842
f 3844 3886 3889
f 3844 3889 1397
f 1397 3889 3891
f 1395 3893 1388
f 3836 3830 3897
f 3896 3829 3901
f 3896 3901 3905
f 3906 3902 3849
f 3905 3848 3909
f 3909 3848 3523
f 3911 3526 3650
f 3918 1333 1326
f 3917 1327 3919
f 3920 1325 870
f 3922 872 3927
f 3926 871 1241
f 3925 1240 3930
f 3928 1239 1250
f 3933 1249 3934
f 3936 1248 807
f 3938 804 3944
f 3947 3950 3935
f 3553 3954 1382
f 1380 3955 3958
f 1379 3957 3960
f 3937 3952 3931
f 3929 3949 3966
f 3932 3965 3924
f 3923 3966 3921
f 3921 3966 3969
f 3921 3969 3916
f 3914 3967 3973
f 3915 3971 3979
f 3976 3970 3980
f 3978 3984 3989
f 3988 3982 3992
f 3991 3981 3997
f 3993 3998 4000
f 4000 3998 3954
f 4000 3954 4004
f 4004 3954 3553
f 4004 3553 3656
f 3939 3940 3946
f 3948 3943 4010
f 3946 4007 4012
f 4014 4011 4017
f 4012 4018 4022
f 4021 4019 4026
f 4020 4024 3961
f 3963 4025 4033
f 3962 4034 1381
f 1382 4030 4037
f 1382 4037 1376
f 4041 1313 1320
f 4040 1322 4046
f 4048 1318 1154
f 4044 1153 4053
f 4054 1152 691
f 4050 690 4055
f 4056 689 687
f 4057 685 4065
f 4064 688 890
f 4063 892 4068
f 4073 4077 4082
f 4088 1367 4090
f 4090 1367 3573
f 4090 3573 4093
f 4095 4100 4103
f 4103 4100 4104
f 4103 4104 4107
f 4107 4104 4109
f 4107 4109 4088
f 4088 4109 4113
f 4088 4113 1367
f 1367 4113 4120
f 1368 4118 1360
f 4121 4059 4128
f 4126 4060 4062
f 4128 4066 4095
f 4096 4061 4067
f 4095 4070 4100
f 4072 4087 4131
f 4129 4083 4039
f 4132 4042 4133
f 4135 4039 4049
f 4134 4045 4123
f 4124 4047 4052
f 4122 4051 4058
f 4081 4074 4139
f 4139 4074 4143
f 4139 4143 4146
f 4147 4141 4092
f 4146 4093 4148
f 4148 4093 3573
f 4148 3573 3662
f 4152 4153 4159
f 4162 4153 4152
f 4152 4164 4170
f 4173 4164 4152
f 4159 4173 4152
f 4152 4177 4179
f 4185 4177 4152
f 4170 4185 4152
f 4152 4187 4192
f 4194 4187 4152
f 4179 4194 4152
f 4192 4162 4152
f 4163 4202 4155
f 4154 4199 4205
f 4156 4203 4157
f 4157 4203 4208
f 4158 4207 4172
f 4174 4209 4213
f 4171 4211 4166
f 4166 4211 4215
f 4165 4214 4169
f 4167 4216 4218
f 4168 4219 4182
f 4184 4221 4222
f 4183 4223 4176
f 4176 4223 4227
f 4175 4228 4180
f 4181 4225 4230
f 4178 4231 4196
f 4197 4229 4233
f 4195 4235 4188
f 4189 4234 4238
f 4186 4239 4193
f 4191 4237 4241
f 4190 4242 4161
f 4160 4243 4198
f 4206 3258 4210
f 4210 3258 3263
f 4210 3263 4212
f 4212 3263 3245
f 4212 3245 4217
f 4217 3245 3248
f 4217 3248 4220
f 4220 3248 3010
f 4220 3010 4224
f 4224 3010 3106
f 4224 3106 4226
f 4226 3106 3103
f 4226 3103 4232
f 4232 3103 2992
f 4232 2992 4236
f 4236 2992 2987
f 4236 2987 4240
f 4240 2987 2977
f 4240 2977 4244
f 4244 2977 2969
f 4244 2969 4201
f 4201 2969 3253
f 4200 3249 4204
f 4204 3249 3257
f 4245 4248 4252
f 4255 4248 4245
f 4245 4260 4262
f 4267 4260 4245
f 4252 4267 4245
f 4245 4269 4273
f 4279 4269 4245
f 4262 4279 4245
f 4245 4282 4284
f 4288 4282 4245
f 4273 4288 4245
f 4284 4255 4245
f 4257 4296 4247
f 4249 4291 4300
f 4246 4301 4253
f 4250 4299 4305
f 4251 4304 4268
f 4265 4303 4308
f 4266 4306 4259
f 4259 4306 4310
f 4258 4309 4264
f 4261 4311 4315
f 4263 4316 4277
f 4277 4316 4318
f 4278 4319 4270
f 4271 4320 4321
f 4272 4323 4275
f 4276 4322 4326
f 4274 4327 4290
f 4290 4327 4331
f 4289 4332 4283
f 4281 4328 4334
f 4280 4337 4286
f 4285 4336 4338
f 4287 4339 4256
f 4254 4341 4292
f 4297 3131 4302
f 4302 3131 3140
f 4302 3140 4307
f 4307 3140 2968
f 4307 2968 4313
f 4313 2968 2974
f 4312 2975 4314
f 4314 2975 2984
f 4314 2984 4317
f 4317 2984 2954
f 4317 2954 4324
f 4324 2954 2953
f 4324 2953 4325
f 4325 2953 2958
f 4325 2958 4330
f 4330 2958 2962
f 4329 2963 4333
f 4333 2963 3111
f 4335 3112 4340
f 4340 3112 3117
f 4340 3117 4293
f 4294 3116 3125
f 4295 3126 4298
f 4298 3126 3135
f 4342 4346 4349
f 4353 4346 4342
f 4342 4357 4360
f 4365 4357 4342
f 4349 4365 4342
f 4342 4370 4374
f 4377 4370 4342
f 4360 4377 4342
f 4342 4381 4386
f 4390 4381 4342
f 4374 4390 4342
f 4386 4353 4342
f 4351 4391 4343
f 4344 4393 4396
f 4345 4397 4350
f 4347 4398 4401
f 4348 4402 4366
f 4364 4400 4405
f 4363 4407 4356
f 4358 4406 4409
f 4355 4408 4362
f 4359 4410 4412
f 4361 4414 4378
f 4376 4415 4419
f 4375 4417 4367
f 4368 4416 4421
f 4369 4422 4372
f 4373 4420 4424
f 4371 4425 4389
f 4387 4426 4429
f 4388 4428 4380
f 4382 4430 4433
f 4379 4434 4384
f 4383 4435 4439
f 4385 4438 4352
f 4354 4437 4392
f 4399 3209 4403
f 4403 3209 3205
f 4403 3205 4404
f 4404 3205 3203
f 4404 3203 4411
f 4411 3203 3198
f 4411 3198 4413
f 4413 3198 3191
f 4413 3191 4418
f 4418 3191 3089
f 4418 3089 4423
f 4423 3089 3079
f 4423 3079 4427
f 4427 3079 3071
f 4427 3071 4431
f 4431 3071 3070
f 4431 3070 4432
f 4432 3070 2928
f 4432 2928 4436
f 4436 2928 2932
f 4436 2932 4394
f 4394 2932 3218
f 4395 3220 4399
f 4399 3220 3209
f 4440 4443 4447
f 4451 4443 4440
f 4440 4452 4458
f 4460 4452 4440
f 4447 4460 4440
f 4440 4465 4468
f 4475 4465 4440
f 4458 4475 4440
f 4440 4478 4481
f 4486 4478 4440
f 4468 4486 4440
f 4481 4451 4440
f 4450 4490 4442
f 4441 4488 4492
f 4444 4491 4446
f 4448 4494 4497
f 4445 4495 4463
f 4462 4496 4501
f 4461 4500 4453
f 4455 4502 4504
f 4454 4503 4459
f 4456 4505 4509
f 4457 4508 4474
f 4472 4507 4514
f 4473 4515 4464
f 4466 4511 4519
f 4467 4518 4469
f 4470 4516 4521
f 4471 4522 4485
f 4485 4522 4523
f 4484 4526 4477
f 4479 4524 4530
f 4476 4529 4480
f 4483 4527 4531
f 4482 4532 4449
f 4449 4532 4487
f 4493 3046 4498
f 4498 3046 3037
f 4498 3037 4499
f 4499 3037 3032
f 4499 3032 4506
f 4506 3032 3026
f 4506 3026 4510
f 4510 3026 3015
f 4510 3015 4513
f 4513 3015 3212
f 4512 3213 4517
f 4517 3213 3221
f 4517 3221 4520
f 4520 3221 3225
f 4520 3225 4525
f 4525 3225 3230
f 4525 3230 4528
f 4528 3230 3232
f 4528 3232 4533
f 4533 3232 2945
f 4533 2945 4489
f 4489 2945 2997
f 4489 2997 4493
f 4493 2997 3046
f 4534 4538 4542
f 4544 4538 4534
f 4534 4549 4552
f 4555 4549 4534
f 4542 4555 4534
f 4534 4559 4563
f 4567 4559 4534
f 4552 4567 4534
f 4534 4570 4574
f 4577 4570 4534
f 4563 4577 4534
f 4574 4544 4534
f 4545 4584 4536
f 4535 4581 4588
f 4537 4586 4539
f 4541 4585 4590
f 4540 4591 4557
f 4557 4591 4595
f 4556 4596 4550
f 4548 4597 4600
f 4547 4602 4551
f 4554 4599 4605
f 4553 4606 4566
f 4566 4606 4608
f 4568 4610 4558
f 4561 4609 4614
f 4560 4613 4562
f 4564 4612 4619
f 4565 4616 4579
f 4578 4617 4621
f 4580 4623 4571
f 4569 4622 4627
f 4572 4624 4573
f 4576 4626 4629
f 4575 4628 4546
f 4543 4630 4582
f 4589 1650 4592
f 4592 1650 1683
f 4593 1681 4598
f 4598 1681 1691
f 4594 1692 4603
f 4603 1692 1699
f 4601 1696 4604
f 4604 1696 1706
f 4607 1707 4611
f 4611 1707 1768
f 4611 1768 4615
f 4615 1768 1762
f 4615 1762 4618
f 4618 1762 1758
f 4618 1758 4620
f 4620 1758 1637
f 4620 1637 4625
f 4625 1637 1669
f 4625 1669 4631
f 4631 1669 1666
f 4631 1666 4583
f 4583 1666 1654
f 4583 1654 4587
f 4587 1654 1651
f 4632 4636 4639
f 4640 4636 4632
f 4632 4644 4650
f 4651 4644 4632
f 4639 4651 4632
f 4632 4655 4662
f 4665 4655 4632
f 4650 4665 4632
f 4632 4667 4673
f 4677 4667 4632
f 4662 4677 4632
f 4673 4640 4632
f 4641 4681 4635
f 4633 4678 4684
f 4634 4686 4637
f 4637 4686 4690
f 4638 4689 4653
f 4652 4688 4691
f 4654 4693 4645
f 4645 4693 4695
f 4646 4696 4649
f 4648 4697 4699
f 4647 4701 4664
f 4666 4698 4702
f 4663 4704 4657
f 4658 4703 4709
f 4656 4707 4659
f 4660 4708 4711
f 4661 4713 4674
f 4676 4712 4716
f 4675 4714 4668
f 4668 4714 4717
f 4669 4720 4670
f 4672 4718 4722
f 4671 4724 4642
f 4643 4723 4679
f 4685 1793 4687
f 4687 1793 1889
f 4687 1889 4692
f 4692 1889 1837
f 4692 1837 4694
f 4694 1837 1827
f 4694 1827 4700
f 4700 1827 1821
f 4700 1821 4705
f 4705 1821 1817
f 4705 1817 4706
f 4706 1817 1810
f 4706 1810 4710
f 4710 1810 1702
f 4710 1702 4715
f 4715 1702 1694
f 4715 1694 4719
f 4719 1694 1687
f 4719 1687 4721
f 4721 1687 1774
f 4721 1774 4680
f 4680 1774 1782
f 4682 1786 4683
f 4683 1786 1792
f 4725 4728 4731
f 4736 4728 4725
f 4725 4738 4742
f 4746 4738 4725
f 4731 4746 4725
f 4725 4750 4757
f 4760 4750 4725
f 4742 4760 4725
f 4725 4764 4765
f 4769 4764 4725
f 4757 4769 4725
f 4765 4736 4725
f 4734 4774 4726
f 4727 4776 4777
f 4729 4780 4733
f 4732 4778 4781
f 4730 4782 4747
f 4749 4783 4786
f 4748 4788 4739
f 4741 4785 4792
f 4740 4790 4744
f 4743 4791 4796
f 4745 4795 4758
f 4758 4795 4798
f 4759 4800 4751
f 4752 4801 4804
f 4753 4805 4756
f 4754 4806 4807
f 4755 4809 4770
f 4772 4810 4812
f 4771 4814 4762
f 4761 4813 4818
f 4763 4816 4768
f 4767 4817 4821
f 4766 4819 4735
f 4737 4822 4775
f 4779 1937 4784
f 4784 1937 1929
f 4784 1929 4787
f 4787 1929 1927
f 4787 1927 4789
f 4789 1927 1591
f 4789 1591 4793
f 4793 1591 1587
f 4794 1588 4797
f 4797 1588 1856
f 4799 1857 4803
f 4803 1857 1868
f 4802 1867 4808
f 4808 1867 1874
f 4808 1874 4811
f 4811 1874 1610
f 4811 1610 4815
f 4815 1610 1616
f 4815 1616 4820
f 4820 1616 1902
f 4820 1902 4773
f 4773 1902 1883
f 4773 1883 4779
f 4779 1883 1937
f 4823 4826 4828
f 4832 4826 4823
f 4823 4838 4840
f 4845 4838 4823
f 4828 4845 4823
f 4823 4847 4852
f 4853 4847 4823
f 4840 4853 4823
f 4823 4857 4863
f 4865 4857 4823
f 4852 4865 4823
f 4863 4832 4823
f 4835 4870 4827
f 4824 4872 4873
f 4825 4875 4829
f 4831 4876 4877
f 4830 4879 4844
f 4844 4879 4881
f 4846 4880 4837
f 4836 4882 4886
f 4839 4885 4843
f 4842 4884 4888
f 4841 4890 4855
f 4856 4889 4892
f 4854 4894 4849
f 4849 4894 4897
f 4848 4896 4850
f 4850 4896 4899
f 4851 4901 4867
f 4866 4898 4904
f 4868 4902 4860
f 4858 4905 4909
f 4859 4906 4861
f 4864 4907 4910
f 4862 4911 4834
f 4833 4912 4869
f 4874 1853 4878
f 4878 1853 1848
f 4878 1848 4883
f 4883 1848 1844
f 4883 1844 4887
f 4887 1844 1841
f 4887 1841 4891
f 4891 1841 1677
f 4891 1677 4893
f 4893 1677 1745
f 4893 1745 4895
f 4895 1745 1737
f 4895 1737 4900
f 4900 1737 1730
f 4900 1730 4903
f 4903 1730 1725
f 4903 1725 4908
f 4908 1725 1718
f 4908 1718 4913
f 4913 1718 1870
f 4913 1870 4871
f 4871 1870 1860
f 4871 1860 4874
f 4874 1860 1853
f 362 4915 356
f 356 4915 4917
f 354 4919 431
f 431 4919 4922
f 429 4921 339
f 339 4921 4923
f 340 4925 344
f 342 4926 4928
f 345 4929 349
f 352 4930 4932
f 350 4931 268
f 268 4931 4935
f 269 4937 271
f 274 4936 4938
f 275 4939 277
f 277 4939 4942
f 278 4943 282
f 282 4943 4945
f 283 4947 287
f 288 4944 4948
f 290 4949 372
f 375 4951 4952
f 373 4953 364
f 363 4955 4914
f 4918 4127 4920
f 4920 4127 4097
f 4920 4097 4924
f 4924 4097 4102
f 4924 4102 4927
f 4927 4102 4108
f 4927 4108 4933
f 4933 4108 4089
f 4933 4089 4934
f 4934 4089 4091
f 4934 4091 4940
f 4940 4091 4094
f 4940 4094 4941
f 4941 4094 4142
f 4941 4142 4946
f 4946 4142 4075
f 4946 4075 4950
f 4950 4075 4130
f 4950 4130 4954
f 4954 4130 4136
f 4954 4136 4916
f 4916 4136 4125
f 4916 4125 4918
f 4918 4125 4127
f 642 4956 637
f 638 4957 4960
f 634 4961 622
f 627 4962 4965
f 628 4966 676
f 674 4967 4970
f 678 4969 669
f 669 4969 4971
f 668 4972 607
f 603 4973 4977
f 600 4978 615
f 616 4975 4981
f 617 4979 609
f 613 4982 4984
f 614 4986 596
f 595 4985 4987
f 593 4988 654
f 653 4990 4991
f 652 4993 650
f 651 4992 4997
f 649 4996 647
f 646 4995 5000
f 643 4999 641
f 640 5001 4959
f 4963 3972 4964
f 4964 3972 3968
f 4964 3968 4968
f 4968 3968 3964
f 4968 3964 4974
f 4974 3964 3951
f 4974 3951 4976
f 4976 3951 3945
f 4976 3945 4980
f 4980 3945 4013
f 4980 4013 4983
f 4983 4013 4023
f 4983 4023 4989
f 4989 4023 3959
f 4989 3959 4994
f 4994 3959 3956
f 4994 3956 4998
f 4998 3956 3953
f 4998 3953 5002
f 5002 3953 3999
f 5002 3999 4958
f 4958 3999 3983
f 4958 3983 4963
f 4963 3983 3972
f 488 5003 493
f 495 5004 5010
f 496 5009 502
f 501 5007 5012
f 499 5013 475
f 475 5013 5014
f 472 5015 457
f 456 5016 5019
f 459 5020 538
f 537 5021 5025
f 536 5023 529
f 530 5022 5027
f 528 5026 519
f 522 5029 5031
f 521 5030 436
f 436 5030 5033
f 438 5034 440
f 440 5034 5036
f 441 5037 479
f 479 5037 5039
f 480 5042 484
f 483 5041 5046
f 482 5044 487
f 489 5043 5006
f 5008 3850 5011
f 5011 3850 3903
f 5011 3903 5017
f 5017 3903 3828
f 5017 3828 5018
f 5018 3828 3863
f 5018 3863 5024
f 5024 3863 3865
f 5024 3865 5028
f 5028 3865 3852
f 5028 3852 5032
f 5032 3852 3858
f 5032 3858 5035
f 5035 3858 3860
f 5035 3860 5038
f 5038 3860 3873
f 5038 3873 5040
f 5040 3873 3881
f 5040 3881 5045
f 5045 3881 3843
f 5045 3843 5005
f 5005 3843 3846
f 5005 3846 5008
f 5008 3846 3850
f 260 5047 264
f 264 5047 5050
f 262 5053 299
f 300 5051 5057
f 295 5056 305
f 301 5054 5058
f 304 5059 387
f 386 5061 5062
f 385 5064 392
f 393 5063 5068
f 394 5067 398
f 399 5066 5072
f 400 5073 409
f 403 5071 5076
f 405 5074 336
f 336 5074 5079
f 338 5077 329
f 328 5078 5081
f 331 5083 318
f 321 5084 5087
f 319 5088 307
f 311 5086 5089
f 312 5091 259
f 259 5091 5049
f 5052 3782 5055
f 5055 3782 3718
f 5055 3718 5060
f 5060 3718 3712
f 5060 3712 5065
f 5065 3712 3710
f 5065 3710 5069
f 5069 3710 3752
f 5069 3752 5070
f 5070 3752 3738
f 5070 3738 5075
f 5075 3738 3725
f 5075 3725 5080
f 5080 3725 3723
f 5080 3723 5082
f 5082 3723 3720
f 5082 3720 5085
f 5085 3720 3702
f 5085 3702 5090
f 5090 3702 3701
f 5090 3701 5048
f 5048 3701 3773
f 5048 3773 5052
f 5052 3773 3782
f 5092 5095 5096
f 5092 5096 5098
f 5098 5096 5101
f 5098 5101 5102
f 5102 5101 5104
f 5102 5104 5108
f 5109 5112 5113
f 5113 5112 5115
f 5113 5115 5117
f 5117 5115 5119
f 5119 5115 5122
f 5122 5115 5124
f 5122 5124 5125
f 5125 5124 5095
f 5125 5095 5092
f 5127 5131 5133
f 5133 5131 5135
f 5133 5135 5138
f 5138 5135 5140
f 5138 5140 5141
f 5141 5140 5112
f 5141 5112 5109
f 3519 3474 5143
f 5143 3474 5131
f 5143 5131 5145
f 5145 5131 5127
f 5146 5128 5149
f 5151 5155 5158
f 5159 5162 5158
f 5158 5162 5164
f 5158 5164 5151
f 5167 5169 5172
f 5172 5169 5174
f 5172 5174 5159
f 5159 5174 5176
f 5159 5176 5162
f 5167 5172 5177
f 5177 5172 3491
f 5177 3491 3503
f 5108 5104 5181
f 5181 5104 5183
f 5181 5183 5184
f 5184 5183 5186
f 5186 5183 5188
f 5186 5188 5190
f 5190 5188 5193
f 5193 5188 5153
f 5193 5153 5150
f 5194 5198 5199
f 5203 5198 5194
f 5194 5210 5212
f 5218 5210 5194
f 5199 5218 5194
f 5194 5222 5226
f 5227 5222 5194
f 5212 5227 5194
f 5194 5232 5238
f 5240 5232 5194
f 5226 5240 5194
f 5238 5203 5194
f 5204 5246 5195
f 5196 5245 5248
f 5197 5249 5200
f 5201 5247 5252
f 5202 5254 5217
f 5216 5251 5255
f 5215 5257 5207
f 5209 5258 5259
f 5208 5262 5214
f 5213 5260 5263
f 5211 5266 5229
f 5230 5264 5267
f 5228 5268 5220
f 5221 5270 5272
f 5219 5273 5223
f 5224 5274 5278
f 5225 5277 5239
f 5242 5276 5280
f 5241 5279 5233
f 5234 5281 5283
f 5231 5284 5236
f 5235 5285 5290
f 5237 5289 5205
f 5206 5287 5243
f 5271 2596 2595
f 5271 2595 5275
f 2596 5271 2598
f 2598 5271 5269
f 2598 5269 2601
f 5253 2611 5256
f 5256 2611 2609
f 5256 2609 5261
f 5261 2609 2607
f 5261 2607 5265
f 5265 2607 2605
f 5265 2605 5269
f 5269 2605 2603
f 5269 2603 2601
f 5250 2569 5253
f 5253 2569 2613
f 5253 2613 2611
f 5244 2573 5250
f 5250 2573 2570
f 5250 2570 2569
f 2584 2580 5244
f 5244 2580 2574
f 5244 2574 2573
f 2595 2592 5275
f 5275 2592 2590
f 5275 2590 5282
f 5282 2590 2586
f 5282 2586 5286
f 5286 2586 2584
f 5286 2584 5288
f 5288 2584 5244
f 5291 5292 5296
f 5300 5292 5291
f 5291 5305 5309
f 5315 5305 5291
f 5296 5315 5291
f 5291 5318 5323
f 5326 5318 5291
f 5309 5326 5291
f 5291 5328 5335
f 5336 5328 5291
f 5323 5336 5291
f 5335 5300 5291
f 5301 5344 5293
f 5294 5342 5345
f 5295 5347 5299
f 5298 5348 5349
f 5297 5351 5312
f 5313 5352 5355
f 5314 5354 5304
f 5307 5356 5358
f 5306 5359 5311
f 5308 5360 5362
f 5310 5363 5324
f 5325 5364 5368
f 5327 5369 5316
f 5317 5366 5371
f 5319 5373 5322
f 5321 5372 5377
f 5320 5374 5338
f 5337 5375 5378
f 5339 5379 5331
f 5330 5380 5385
f 5329 5382 5332
f 5334 5383 5387
f 5333 5389 5302
f 5303 5388 5340
f 5376 5370 2842
f 5367 2846 5370
f 5370 2846 2844
f 5370 2844 2842
f 2833 2829 5367
f 5367 2829 2848
f 5367 2848 2846
f 5346 2811 5350
f 5350 2811 2809
f 5350 2809 5353
f 5353 2809 2835
f 5353 2835 5357
f 5357 2835 2832
f 5357 2832 5361
f 5361 2832 5365
f 5341 2820 5346
f 5346 2820 2815
f 5346 2815 2811
f 2823 2826 5343
f 5341 2825 2828
f 5341 2828 2820
f 2842 2840 5376
f 5376 2840 2838
f 5376 2838 5381
f 5381 2838 2837
f 5381 2837 5384
f 5384 2837 2823
f 5384 2823 5386
f 5386 2823 5343
f 5390 5393 5397
f 5401 5393 5390
f 5390 5403 5410
f 5413 5403 5390
f 5397 5413 5390
f 5390 5417 5422
f 5426 5417 5390
f 5410 5426 5390
f 5390 5427 5432
f 5438 5427 5390
f 5422 5438 5390
f 5432 5401 5390
f 5400 5442 5391
f 5392 5439 5444
f 5394 5445 5398
f 5396 5446 5447
f 5395 5450 5414
f 5411 5448 5451
f 5412 5454 5405
f 5404 5452 5455
f 5406 5458 5408
f 5407 5456 5461
f 5409 5460 5425
f 5423 5462 5464
f 5424 5466 5418
f 5415 5465 5470
f 5416 5468 5420
f 5421 5469 5474
f 5419 5473 5435
f 5436 5472 5476
f 5437 5477 5430
f 5429 5478 5481
f 5428 5479 5433
f 5434 5480 5483
f 5431 5484 5402
f 5399 5485 5441
f 5467 2638 5471
f 5471 2638 2635
f 5471 2635 5475
f 5475 2635 2633
f 5475 2633 5482
f 5482 2633 5486
f 2653 2651 5463
f 5463 2651 2647
f 5463 2647 5467
f 5467 2647 2642
f 5467 2642 2638
f 2653 5463 2779
f 2779 5463 5459
f 2779 5459 2781
f 2781 5459 5457
f 2781 5457 2656
f 2656 5457 5453
f 2656 5453 2658
f 2658 5453 5449
f 2658 5449 2661
f 2661 5449 2662
f 2662 5449 5443
f 2662 5443 2620
f 2620 5443 2623
f 2623 5443 5440
f 2623 5440 2625
f 2633 2631 5486
f 5486 2631 2629
f 5486 2629 5440
f 5440 2629 2627
f 5440 2627 2625
f 5487 5491 5492
f 5496 5491 5487
f 5487 5503 5505
f 5509 5503 5487
f 5492 5509 5487
f 5487 5512 5516
f 5520 5512 5487
f 5505 5520 5487
f 5487 5524 5531
f 5535 5524 5487
f 5516 5535 5487
f 5531 5496 5487
f 5497 5537 5490
f 5488 5538 5541
f 5489 5540 5493
f 5494 5542 5547
f 5495 5545 5511
f 5508 5546 5548
f 5510 5550 5500
f 5501 5551 5553
f 5502 5554 5504
f 5507 5555 5556
f 5506 5557 5521
f 5523 5558 5562
f 5522 5560 5513
f 5514 5563 5566
f 5515 5567 5519
f 5517 5564 5568
f 5518 5570 5532
f 5534 5571 5574
f 5533 5573 5526
f 5525 5572 5577
f 5527 5578 5529
f 5528 5579 5583
f 5530 5580 5498
f 5499 5581 5536
f 5565 2687 5569
f 5569 2687 2667
f 5569 2667 5575
f 5575 2667 2665
f 5575 2665 5576
f 5576 2665 5582
f 5561 2678 5565
f 5565 2678 2683
f 5565 2683 2687
f 2696 2692 5561
f 5561 2692 2691
f 5561 2691 2678
f 5561 5559 2696
f 2696 5559 5552
f 2696 5552 2702
f 2702 5552 5549
f 2702 5549 2704
f 2704 5549 5544
f 2704 5544 2706
f 2706 5544 5543
f 2706 5543 2708
f 2708 5543 2711
f 2711 5543 5539
f 2711 5539 2672
f 2665 2669 5582
f 5582 2669 2677
f 5582 2677 5539
f 5539 2677 2674
f 5539 2674 2672
f 787 841 2092
f 2092 2089 787
f 787 2089 2098
f 787 2098 784
f 2098 2096 784
f 784 2096 2104
f 784 2104 782
f 2104 2102 782
f 782 2102 2110
f 782 2110 875
f 2110 2108 875
f 875 2108 2118
f 875 2118 1245
f 2118 2117 1245
f 1245 2117 2127
f 1245 2127 1253
f 2127 2124 1253
f 1253 2124 2135
f 1253 2135 1254
f 2135 2133 1254
f 1257 2134 2142
f 1257 2142 1147
f 2142 2141 1147
f 1147 2141 2149
f 1147 2149 1150
f 1150 2149 2147
f 1150 2147 1162
f 2147 2144 1162
f 1162 2144 2009
f 1162 2009 1166
f 2009 2015 1166
f 1166 2015 2016
f 1166 2016 1169
f 2016 2007 1169
f 1171 2006 2031
f 1171 2031 938
f 2031 2029 938
f 938 2029 2023
f 938 2023 940
f 2023 2038 940
f 940 2038 2037
f 940 2037 1143
f 2037 2046 1143
f 1143 2046 2045
f 1143 2045 1142
f 2045 2055 1142
f 1142 2055 2052
f 1142 2052 826
f 2052 2063 826
f 826 2063 2061
f 826 2061 829
f 2061 2070 829
f 829 2070 2068
f 829 2068 833
f 2068 2077 833
f 833 2077 2075
f 833 2075 838
f 838 2075 2083
f 838 2083 841
f 841 2083 2081
f 841 2081 2092
f 3417 2312 3420
f 3420 2312 2318
f 3420 2318 3422
f 3422 2318 2241
f 3422 2241 3425
f 3425 2241 2245
f 3424 2246 3428
f 3428 2246 2250
f 3426 2254 3431
f 3431 2254 2259
f 3429 2262 3433
f 3433 2262 2267
f 3432 2268 3435
f 3435 2268 2279
f 3436 2276 3440
f 3440 2276 2337
f 3438 2336 3443
f 3443 2336 2343
f 3441 2344 3444
f 3444 2344 2353
f 3446 2352 3448
f 3448 2352 2360
f 3449 2361 3451
f 3451 2361 2367
f 3451 2367 3453
f 3453 2367 2203
f 3453 2203 3455
f 3455 2203 2210
f 3454 2208 3458
f 3458 2208 2217
f 3457 2216 3461
f 3461 2216 2221
f 3462 2220 3464
f 3464 2220 2226
f 3465 2225 3468
f 3468 2225 2236
f 3467 2238 3471
f 3471 2238 2287
f 3469 2289 3472
f 3472 2289 2295
f 3472 2295 3414
f 3412 2294 2302
f 3415 2304 3416
f 3416 2304 2309
f 2159 2349 2157
f 2157 2349 2341
f 2157 2341 2155
f 2155 2341 2331
f 2155 2331 2153
f 2153 2331 2327
f 2153 2327 2150
f 2150 2327 2274
f 2150 2274 2201
f 2201 2274 2263
f 2201 2263 2199
f 2199 2263 2258
f 2199 2258 2198
f 2198 2258 2247
f 2198 2247 2196
f 2196 2247 2242
f 2196 2242 2194
f 2194 2242 2325
f 2194 2325 2191
f 2191 2325 2323
f 2191 2323 2190
f 2190 2323 2313
f 2190 2313 2187
f 2187 2313 2308
f 2187 2308 2186
f 2186 2308 2297
f 2186 2297 2183
f 2183 2297 2291
f 2183 2291 2181
f 2181 2291 2284
f 2181 2284 2180
f 2180 2284 2281
f 2180 2281 2178
f 2178 2281 2232
f 2178 2232 2176
f 2176 2232 2223
f 2176 2223 2174
f 2174 2223 2219
f 2174 2219 2172
f 2172 2219 2212
f 2172 2212 2170
f 2170 2212 2207
f 2170 2207 2168
f 2168 2207 2373
f 2168 2373 2164
f 2164 2373 2370
f 2164 2370 2162
f 2162 2370 2362
f 2162 2362 2161
f 2161 2362 2356
f 2161 2356 2159
f 2159 2356 2349
f 5585 5586 5588
f 5588 5586 5589
f 5590 5591 5594
f 5586 5598 5589
f 5589 5598 5599
f 5589 5599 5600
f 5600 5599 5601
f 5600 5601 5602
f 5602 5601 5603
f 5602 5603 5604
f 5604 5603 5605
f 5604 5605 5606
f 5606 5605 5607
f 5606 5607 5608
f 5608 5607 5590
f 5608 5590 5609
f 5609 5590 5594
f 5609 5594 5611
f 2376 5613 2379
f 2379 5613 5615
f 2723 2380 5618
f 5617 2381 5621
f 5625 5627 2382
f 2383 5626 5630
f 2385 5629 5620
f 5615 5595 2379
f 2379 5595 5593
f 2386 5592 5624
f 5633 5637 1450
f 1437 2563 5638
f 5639 5643 1438
f 1439 5642 5645
f 1440 5646 5650
f 1451 1434 5634
f 5634 1434 5596
f 5634 5596 5587
f 5649 5652 1441
f 1436 5653 5655
f 1435 5656 5597
f 1417 5657 1426
f 1426 5657 5661
f 2716 1425 5662
f 5663 1419 5667
f 5671 5673 1423
f 1424 5674 5676
f 1422 5677 5666
f 5661 5679 1426
f 1426 5679 5683
f 1421 5682 5669
f 5687 5688 2391
f 2411 2560 5693
f 5691 5696 2413
f 2414 5695 5698
f 2415 5697 5703
f 2393 2412 5686
f 5685 2408 5706
f 5685 5706 5708
f 5702 5710 2419
f 2417 5709 5713
f 2410 5714 5705
f 5707 5704 5715
f 5716 5717 5718
f 5718 5717 5719
f 5718 5719 5720
f 5720 5719 5721
f 5720 5721 5722
f 5722 5721 5723
f 5716 5681 5717
f 5717 5681 5678
f 5717 5678 5725
f 5727 5707 5728
f 5728 5707 5715
f 5728 5715 5723
f 5723 5715 5729
f 5723 5729 5722
f 5664 5668 5732
f 5675 5672 5733
f 5670 5681 5716
f 5692 2562 2735
f 5699 5694 5735
f 5735 5694 5690
f 5712 5711 5737
f 5737 5711 5700
f 5738 5701 5699
f 5715 5704 5712
f 5712 5737 5715
f 5715 5737 5739
f 5715 5739 5729
f 5729 5739 5741
f 5729 5741 5722
f 5722 5741 5744
f 5722 5744 5720
f 5720 5744 5745
f 5720 5745 5718
f 5718 5745 5733
f 5718 5733 5716
f 5716 5733 5672
f 5716 5672 5670
f 5699 5735 5738
f 5738 5735 5748
f 5738 5748 5740
f 5740 5748 5749
f 5740 5749 5742
f 5742 5749 5752
f 5742 5752 5743
f 5743 5752 5753
f 5743 5753 5746
f 5746 5753 5730
f 5746 5730 5734
f 5733 5731 5665
f 5733 5665 5675
f 5692 2735 5736
f 5736 2735 2736
f 5736 2736 5747
f 5747 2736 2739
f 5747 2739 5750
f 5750 2739 2742
f 5750 2742 5751
f 5751 2742 2745
f 5751 2745 5754
f 5754 2745 2712
f 5754 2712 5732
f 5732 2712 2715
f 5732 2715 5664
f 5756 5757 5727
f 5761 5762 5758
f 5765 5769 5762
f 5770 5766 5772
f 5772 5767 3549
f 5772 3549 3548
f 5773 3529 3528
f 5717 5725 5777
f 3536 5778 5779
f 5773 3528 5781
f 5779 3527 3535
f 5779 3535 3536
f 3536 3539 5778
f 5778 3539 3538
f 5778 3538 5782
f 5782 3538 3537
f 5782 3537 5784
f 5784 3537 3541
f 5784 3541 5768
f 5768 3541 3540
f 5768 3540 3549
f 5762 5761 5765
f 5765 5761 5785
f 5765 5785 5783
f 5783 5785 5788
f 5783 5788 5782
f 5782 5788 5790
f 5782 5790 5778
f 5778 5790 5792
f 5778 5792 5780
f 5780 5792 5793
f 5780 5793 5774
f 5757 5756 5760
f 5760 5756 5794
f 5760 5794 5786
f 5786 5794 5796
f 5786 5796 5787
f 5787 5796 5798
f 5787 5798 5789
f 5789 5798 5802
f 5789 5802 5791
f 5792 5801 5804
f 5792 5804 5793
f 5727 5728 5756
f 5755 5728 5723
f 5755 5723 5795
f 5795 5723 5721
f 5795 5721 5797
f 5797 5721 5719
f 5797 5719 5799
f 5799 5719 5717
f 5799 5717 5800
f 5800 5717 5777
f 5801 5775 5804
f 5805 5807 5809
f 5811 5585 5588
f 5813 5815 5817
f 5817 5815 5812
f 5820 5823 5813
f 5822 5819 5824
f 5825 5828 5829
f 5829 5828 5832
f 5830 5833 3580
f 3580 5833 3578
f 3580 3579 5831
f 5831 3579 3582
f 5831 3582 5835
f 5835 3582 3581
f 5835 3581 5836
f 5836 3581 3584
f 5836 3584 5839
f 5839 3584 3583
f 5839 3583 5841
f 5841 3583 3586
f 5841 3586 5842
f 5842 3586 3585
f 5842 3585 5844
f 5844 3585 3594
f 5844 3594 5819
f 5819 3594 3593
f 5819 3593 5824
f 5813 5817 5820
f 5820 5817 5846
f 5820 5846 5845
f 5845 5846 5849
f 5845 5849 5843
f 5843 5849 5851
f 5843 5851 5840
f 5840 5851 5852
f 5840 5852 5838
f 5838 5852 5854
f 5838 5854 5837
f 5837 5854 5856
f 5837 5856 5834
f 5834 5856 5809
f 5834 5809 5829
f 5829 5809 5807
f 5829 5807 5825
f 5811 5588 5818
f 5818 5588 5589
f 5818 5589 5847
f 5847 5589 5600
f 5847 5600 5848
f 5848 5600 5602
f 5848 5602 5850
f 5850 5602 5604
f 5850 5604 5853
f 5853 5604 5606
f 5853 5606 5855
f 5855 5606 5608
f 5855 5608 5857
f 5857 5608 5609
f 5857 5609 5809
f 5809 5609 5611
f 5809 5611 5805
f 5616 5619 5858
f 5631 5628 5860
f 5623 5591 5590
f 5647 5644 5863
f 5863 5644 5641
f 5654 5651 5864
f 5864 5651 5648
f 5864 5648 5647
f 5599 5598 5654
f 5654 5864 5599
f 5599 5864 5866
f 5599 5866 5601
f 5601 5866 5868
f 5601 5868 5603
f 5603 5868 5870
f 5603 5870 5605
f 5605 5870 5871
f 5605 5871 5607
f 5607 5871 5860
f 5607 5860 5590
f 5590 5860 5628
f 5590 5628 5623
f 5647 5863 5864
f 5864 5863 5874
f 5864 5874 5865
f 5865 5874 5876
f 5865 5876 5867
f 5867 5876 5877
f 5867 5877 5869
f 5869 5877 5880
f 5869 5880 5872
f 5872 5880 5859
f 5872 5859 5861
f 5861 5859 5622
f 5861 5622 5632
f 2722 5616 2727
f 2727 5616 5858
f 2727 5858 2888
f 2888 5858 5879
f 2888 5879 2892
f 2892 5879 5878
f 2892 5878 2895
f 2895 5878 5875
f 2895 5875 2899
f 2899 5875 5873
f 2899 5873 2902
f 2902 5873 5862
f 2902 5862 2906
f 2906 5862 5640
f 2906 5640 2564
f 5680 5660 5724
f 5724 5660 5882
f 5724 5882 5776
f 5776 5882 5883
f 3530 5774 3532
f 3532 5774 5793
f 3532 5793 5883
f 5883 5793 5803
f 5883 5803 5776
f 5763 5771 3546
f 3545 5770 5772
f 3545 5772 3548
f 3546 5885 5763
f 5764 5887 5889
f 5764 5889 5759
f 5685 5708 5889
f 5889 5708 5726
f 5889 5726 5759
f 1486 1997 5890
f 1486 5890 1483
f 1482 5891 5894
f 1484 5896 1475
f 1474 5895 5900
f 1473 5898 1477
f 1476 5899 5657
f 1476 5657 1417
f 2391 5688 5902
f 2391 5902 2398
f 2397 5901 5904
f 2396 5906 2403
f 2400 5907 5908
f 2399 5911 2427
f 2426 5909 3304
f 2426 3304 2420
f 5814 5821 5913
f 5913 5821 3591
f 3590 5822 5824
f 3590 5824 3593
f 5914 5634 5587
f 5587 5584 5914
f 5914 5584 5810
f 5914 5810 5913
f 5913 5810 5816
f 5913 5816 5814
f 1450 5637 5916
f 1450 5916 1460
f 1461 5917 5919
f 1462 5920 1466
f 1463 5922 5925
f 1465 5924 1469
f 1468 5926 1964
f 1468 1964 1458
f 2430 3335 5929
f 2430 5929 2432
f 2433 5927 5933
f 2435 5930 2436
f 2439 5931 5934
f 2438 5935 2556
f 2555 5936 5613
f 2555 5613 2376
f 5595 5615 5610
f 5610 5615 5939
f 5941 5808 5939
f 5939 5808 5806
f 5939 5806 5610
f 3578 5833 3575
f 3575 5833 5827
f 3575 5827 5941
f 5941 5827 5826
f 5941 5826 5808
f 1634 1996 1995
f 1634 1995 1638
f 1638 1995 1993
f 1638 1993 1662
f 1662 1993 1991
f 1662 1991 1780
f 1780 1991 1989
f 1780 1989 1788
f 1788 1989 1986
f 1788 1986 1895
f 1895 1986 1983
f 1895 1983 1924
f 1924 1983 1982
f 1924 1982 1922
f 1922 1982 1980
f 1922 1980 1956
f 1956 1980 1977
f 1956 1977 1946
f 1946 1977 1975
f 1946 1975 1940
f 1940 1975 1973
f 1940 1973 1935
f 1935 1973 1971
f 1935 1971 1600
f 1600 1971 1969
f 1600 1969 1595
f 1595 1969 1968
f 1595 1968 1670
f 1670 1968 1965
f 1670 1965 1674
f 1674 1965 1963
f 1674 1963 1796
f 1620 5658 5897
f 1620 5897 1624
f 1624 5897 5893
f 1624 5893 1626
f 1626 5893 5892
f 1626 5892 1630
f 1630 5892 1996
f 1630 1996 1634
f 1796 1963 5923
f 1796 5923 1799
f 1799 5923 5921
f 1799 5921 1802
f 1802 5921 5918
f 1802 5918 1839
f 1839 5918 5636
f 1839 5636 1751
f 1713 5659 1620
f 1620 5659 5658
f 5635 1909 5636
f 5636 1909 1751
f 1646 3531 5884
f 1646 5884 1708
f 1708 5884 5881
f 1708 5881 1711
f 1711 5881 5659
f 1711 5659 1713
f 1909 5635 5915
f 1909 5915 1904
f 1904 5915 5912
f 1904 5912 1907
f 1907 5912 3592
f 1907 3592 1914
f 3531 1646 3533
f 3533 1646 1642
f 3587 1915 3592
f 3592 1915 1914
f 3533 1642 3631
f 3631 1642 1752
f 3631 1752 3633
f 3633 1752 1756
f 3633 1756 1401
f 1401 1756 1760
f 3635 1727 3636
f 3636 1727 1733
f 3636 1733 3638
f 3638 1733 1742
f 3638 1742 3587
f 3587 1742 1915
f 1770 1394 1398
f 1770 1398 1764
f 1764 1398 1401
f 1764 1401 1760
f 1727 3635 3648
f 1727 3648 1722
f 1722 3648 3596
f 1722 3596 1715
f 1803 3521 1770
f 1770 3521 1394
f 1405 1602 3596
f 3596 1602 1715
f 1819 3624 3654
f 1819 3654 1811
f 1811 3654 3521
f 1811 3521 1803
f 1602 1405 1414
f 1602 1414 1607
f 1607 1414 1416
f 1607 1416 1899
f 3624 1819 3625
f 3625 1819 1823
f 3625 1823 3627
f 3627 1823 1832
f 3627 1832 3496
f 3496 1832 1920
f 3485 1950 3640
f 3640 1950 1881
f 3640 1881 3642
f 3642 1881 1877
f 3642 1877 1416
f 1416 1877 1899
f 3496 1920 3498
f 3498 1920 1918
f 3498 1918 3490
f 3490 1918 1961
f 3490 1961 3508
f 3508 1961 1959
f 3508 1959 3478
f 3478 1959 1954
f 3478 1954 3487
f 3487 1954 1953
f 3487 1953 3485
f 3485 1953 1950
f 3161 3336 3334
f 3161 3334 2999
f 2999 3334 3332
f 2999 3332 3006
f 3006 3332 3329
f 3006 3329 3100
f 3100 3329 3328
f 3100 3328 2949
f 2949 3328 3325
f 2949 3325 2961
f 2961 3325 3324
f 2961 3324 3180
f 3180 3324 3321
f 3180 3321 3150
f 3150 3321 3320
f 3150 3320 3292
f 3292 3320 3317
f 3292 3317 3094
f 3094 3317 3316
f 3094 3316 3086
f 3086 3316 3313
f 3086 3313 3076
f 3076 3313 3312
f 3076 3312 2915
f 2915 3312 3309
f 2915 3309 2924
f 2924 3309 3308
f 2924 3308 2937
f 2937 3308 3305
f 2937 3305 2939
f 2939 3305 3303
f 2939 3303 3058
f 3241 5612 5937
f 3241 5937 3235
f 3235 5937 5932
f 3235 5932 3157
f 3157 5932 5928
f 3157 5928 3159
f 3159 5928 3336
f 3159 3336 3161
f 3058 3303 5910
f 3058 5910 3062
f 3062 5910 5905
f 3062 5905 3064
f 3064 5905 5903
f 3064 5903 3067
f 3067 5903 5689
f 3067 5689 3055
f 3284 5614 3241
f 3241 5614 5612
f 5684 3169 5689
f 5689 3169 3055
f 3274 3574 5940
f 3274 5940 3276
f 3276 5940 5938
f 3276 5938 3278
f 3278 5938 5614
f 3278 5614 3284
f 3169 5684 5888
f 3169 5888 3165
f 3165 5888 5886
f 3165 5886 3168
f 3168 5886 3547
f 3168 3547 3172
f 3574 3274 3577
f 3577 3274 3281
f 3544 3175 3547
f 3547 3175 3172
f 3577 3281 3614
f 3614 3281 3270
f 3614 3270 3615
f 3615 3270 3266
f 3615 3266 1373
f 1373 3266 3261
f 3605 3034 3609
f 3609 3034 3042
f 3609 3042 3611
f 3611 3042 3047
f 3611 3047 3544
f 3544 3047 3175
f 3141 1366 1371
f 3141 1371 3254
f 3254 1371 1373
f 3254 1373 3261
f 3034 3605 3658
f 3034 3658 3028
f 3028 3658 3551
f 3028 3551 3022
f 3137 3569 3141
f 3141 3569 1366
f 1378 3011 3551
f 3551 3011 3022
f 3121 3618 3664
f 3121 3664 3130
f 3130 3664 3569
f 3130 3569 3137
f 3011 1378 1385
f 3011 1385 3200
f 3200 1385 1387
f 3200 1387 3193
f 3618 3121 3620
f 3620 3121 3114
f 3620 3114 3622
f 3622 3114 3109
f 3622 3109 3556
f 3556 3109 3148
f 3568 3181 3602
f 3602 3181 3183
f 3602 3183 3604
f 3604 3183 3188
f 3604 3188 1387
f 1387 3188 3193
f 3556 3148 3558
f 3558 3148 3146
f 3558 3146 3560
f 3560 3146 3300
f 3560 3300 3562
f 3562 3300 3297
f 3562 3297 3563
f 3563 3297 3290
f 3563 3290 3566
f 3566 3290 3286
f 3566 3286 3568
f 3568 3286 3181
f 3494 3492 5171
f 5160 1120 5171
f 5171 1120 3501
f 5171 3501 3494
f 5154 1103 5157
f 5157 1103 1107
f 5156 1108 5161
f 5161 1108 1115
f 5161 1115 1118
f 5105 1279 5182
f 5182 1279 1277
f 5182 1277 5189
f 5189 1277 1207
f 5189 1207 5154
f 5154 1207 1103
f 1279 5105 5100
f 1279 5100 1282
f 1282 5100 5097
f 1282 5097 1010
f 1010 5097 5094
f 1010 5094 842
f 5111 934 5116
f 5116 934 864
f 5116 864 5123
f 5123 864 847
f 5123 847 5094
f 5094 847 842
f 3476 3481 5130
f 5130 3481 3482
f 5130 3482 5134
f 3482 1139 5134
f 5134 1139 1135
f 5134 1135 5139
f 5139 1135 1130
f 5139 1130 5111
f 5111 1130 934
f 1059 1364 1055
f 1053 1361 4119
f 1054 4117 1044
f 1044 4117 4116
f 1046 4114 1047
f 1051 4115 4112
f 1050 4110 742
f 741 4111 4105
f 1306 4076 1293
f 1296 4080 4137
f 1297 4138 1285
f 1287 4140 4144
f 1288 4145 1291
f 1291 4145 4151
f 1290 4149 1300
f 1298 4150 3660
f 1032 3990 1350
f 1348 3987 3996
f 1347 3995 1354
f 1352 3994 4001
f 1353 4003 1358
f 1355 4002 4005
f 1357 4006 1023
f 1023 4006 3655
f 899 1375 905
f 905 1375 4036
f 904 4035 908
f 907 4038 4031
f 910 4032 987
f 987 4032 4029
f 988 4028 993
f 991 4027 4015
f 1094 1390 1090
f 1091 1391 3892
f 1093 3895 1084
f 1082 3894 3888
f 1085 3890 1089
f 1086 3887 3885
f 1087 3884 754
f 754 3884 3876
f 1199 3834 1210
f 1209 3837 3898
f 1208 3900 1213
f 1215 3899 3908
f 1212 3907 1225
f 1227 3904 3910
f 1224 3912 1222
f 1222 3912 3649
f 1233 1403 1237
f 1237 1403 3796
f 1236 3794 1339
f 1339 3794 3791
f 1340 3789 1342
f 1344 3792 3784
f 1345 3788 854
f 855 3787 3776
f 1187 3741 1189
f 1191 3740 3746
f 1190 3747 948
f 951 3751 3759
f 949 3758 953
f 955 3757 3763
f 954 3762 959
f 959 3762 3644
f 3941 803 794
f 3942 796 4009
f 4008 797 992
f 4008 992 4016
f 1330 3913 3977
f 1331 3975 1261
f 1258 3974 3985
f 1259 3986 1031
f 4071 889 746
f 4069 747 4098
f 4099 749 743
f 4101 744 4106
f 1314 4043 4084
f 1315 4085 1309
f 1311 4086 4079
f 1312 4078 1305
f 3693 1013 858
f 3696 859 3768
f 3771 860 852
f 3766 853 3777
f 1175 3671 3734
f 1176 3729 1179
f 1180 3733 3742
f 1181 3743 1185
f 1274 3799 3841
f 1274 3841 1196
f 1197 3838 3835
f 1198 3832 1202
f 3825 709 760
f 3827 757 3870
f 3871 758 752
f 3868 755 3875
f 5946 5948 5953
f 5955 5959 5962
f 5962 5959 5965
f 5964 5967 5970
f 5968 5965 5971
f 5971 5965 5976
f 5973 5975 5980
f 5981 5976 5982
f 5979 5984 5985
f 5986 5982 5989
f 5986 5989 5991
f 5995 6001 6004
f 6003 5999 6007
f 6004 6008 6011
f 6011 6008 6015
f 6011 6015 6018
f 6019 6014 6023
f 6018 6020 6025
f 6029 6022 6033
f 6028 6034 6035
f 6037 6031 6039
f 6037 6039 6043
f 5956 6046 5960
f 5961 6045 6049
f 5959 6048 6055
f 6054 6051 6059
f 6053 6058 6061
f 6063 6060 6067
f 6064 6069 6072
f 6070 6066 6075
f 6073 6074 6082
f 6079 6077 6086
f 6080 6085 6087
f 6088 6084 6043
f 6088 6043 6091
f 6091 6043 6039
f 5944 5950 6094
f 6095 5951 6102
f 6097 6099 6103
f 6104 6101 6107
f 6104 6107 6110
f 6110 6107 6114
f 6109 6113 6117
f 6118 6114 6119
f 6115 6120 6126
f 6124 6121 6129
f 6128 6131 6135
f 6133 6132 6137
f 6133 6137 6143
f 6142 6139 6146
f 6141 6148 6152
f 6149 6147 6154
f 6149 6154 6156
f 6156 6154 6158
f 6156 6158 5995
f 5994 6159 6160
f 5993 6161 6002
f 5949 5942 6163
f 6164 5943 6167
f 6166 6169 6171
f 6171 6169 6174
f 6173 6177 6181
f 6178 6176 6182
f 6180 6185 6189
f 6189 6185 6193
f 6188 6191 6195
f 6194 6193 6197
f 6194 6197 6201
f 6201 6197 6202
f 6200 6204 6209
f 6208 6202 6210
f 6207 6212 6216
f 6214 6213 6220
f 6217 6219 6221
f 6219 6224 6221
f 6222 6225 6229
f 6221 6227 5989
f 5989 6227 6230
f 5989 6230 5991
f 6234 5174 5169
f 6235 256 253
f 253 461 6235
f 6235 461 6238
f 6235 6238 5169
f 5169 6238 6239
f 5169 6239 6234
f 27 26 6242
f 5128 6243 5149
f 5149 6243 6245
f 5149 6245 6242
f 6242 6245 566
f 6242 566 27
f 6237 460 464
f 6232 6240 5165
f 5166 5163 6233
f 6233 5163 5175
f 6233 5175 5173
f 6240 6237 5165
f 5165 6237 464
f 5165 464 5152
f 5152 464 470
f 445 563 5106
f 5107 5180 443
f 443 5180 5185
f 443 5185 448
f 448 5185 5187
f 448 5187 505
f 5152 470 5192
f 5192 470 505
f 5192 505 5191
f 5191 505 5187
f 557 5093 5099
f 557 5099 558
f 558 5099 5103
f 558 5103 561
f 561 5103 5106
f 561 5106 563
f 574 573 5110
f 5110 5114 574
f 574 5114 5118
f 574 5118 579
f 579 5118 5120
f 579 5120 550
f 5093 557 5126
f 5126 557 550
f 5126 550 5121
f 5121 550 5120
f 5129 5132 6244
f 6244 5132 5136
f 6244 5136 6246
f 6247 5137 5142
f 6247 5142 565
f 5110 573 5142
f 5142 573 569
f 5142 569 565
f 6057 6050 25
f 25 16 6057
f 6057 16 15
f 6057 15 6065
f 15 31 6065
f 6065 31 36
f 6068 37 6076
f 37 39 6076
f 6076 39 47
f 6078 48 6083
f 48 50 6083
f 6083 50 54
f 6083 54 6042
f 55 57 6044
f 6044 57 63
f 6044 63 6036
f 62 65 6038
f 6038 65 71
f 6038 71 6026
f 72 75 6027
f 6027 75 80
f 6027 80 6017
f 79 83 6016
f 6016 83 86
f 6016 86 6010
f 87 89 6012
f 6012 89 95
f 6012 95 6005
f 96 98 6006
f 6006 98 106
f 6006 106 5997
f 104 108 5996
f 5996 108 113
f 5998 114 6155
f 114 116 6155
f 6155 116 126
f 6155 126 6151
f 128 133 6150
f 6150 133 137
f 6150 137 6140
f 156 6127 6134
f 138 140 6144
f 6144 140 145
f 6144 145 6136
f 6134 147 149
f 6134 149 156
f 155 171 6125
f 6125 171 169
f 6125 169 6116
f 6116 169 167
f 6116 167 6108
f 168 165 6111
f 6111 165 189
f 6111 189 6105
f 189 187 6105
f 6105 187 184
f 6105 184 6096
f 183 182 6093
f 6093 182 203
f 6093 203 5945
f 203 202 5945
f 5945 202 200
f 5945 200 6168
f 199 196 6170
f 6170 196 213
f 6170 213 6175
f 213 211 6175
f 6175 211 209
f 6175 209 6183
f 209 5 6183
f 6183 5 3
f 6184 2 6190
f 2 214 6190
f 6190 214 219
f 6192 220 6198
f 220 227 6198
f 6198 227 228
f 6198 228 6203
f 228 234 6203
f 6203 234 235
f 6203 235 6211
f 235 241 6211
f 6211 241 243
f 6211 243 6218
f 255 6226 249
f 249 6226 6218
f 249 6218 248
f 248 6218 243
f 6226 255 6236
f 6226 6236 6228
f 6228 6236 5170
f 6228 5170 6231
f 5957 5148 6241
f 5957 6241 6047
f 6047 6241 25
f 6047 25 6050
f 5992 6231 5170
f 3502 5987 5179
f 5178 5988 5992
f 5178 5992 5168
f 5168 5992 5170
f 5963 5969 3518
f 5148 5957 5147
f 5147 5957 5963
f 5147 5963 5144
f 5144 5963 3518
f 5987 3502 3505
f 5987 3505 5978
f 3505 3507 5978
f 5978 3507 3511
f 5978 3511 5974
f 5972 3512 3513
f 5972 3513 5969
f 5969 3513 3517
f 5969 3517 3518
f 6199 6205 2801
f 2801 2804 6199
f 6199 2804 2806
f 6199 2806 6196
f 2806 2799 6196
f 6196 2799 2718
f 6196 2718 6186
f 2719 2713 6187
f 6187 2713 2748
f 6187 2748 6179
f 6179 2748 2746
f 6179 2746 6172
f 6172 2746 2743
f 2743 2740 6172
f 6172 2740 2737
f 6172 2737 6165
f 2737 2733 6165
f 6165 2733 2732
f 6165 2732 5947
f 5947 2732 2793
f 5947 2793 5954
f 2793 2797 5954
f 5952 2796 2792
f 5952 2792 6100
f 6100 2792 2641
f 2641 2645 6100
f 6100 2645 2648
f 6098 2649 6106
f 2649 2783 6106
f 6106 2783 2785
f 6106 2785 6112
f 6112 2785 2786
f 6112 2786 6123
f 6123 2786 2790
f 2790 2775 6123
f 6122 2776 2773
f 6122 2773 6130
f 2773 2770 6130
f 6130 2770 2769
f 6130 2769 6138
f 2769 2767 6138
f 6138 2767 2763
f 6138 2763 6145
f 6145 2763 2761
f 6145 2761 6153
f 6153 2761 2758
f 2758 2755 6153
f 6153 2755 2753
f 6153 2753 6157
f 6157 2753 2752
f 6157 2752 6162
f 2752 2689 6162
f 6162 2689 2685
f 6162 2685 6000
f 6000 2685 2681
f 6000 2681 6009
f 2681 2695 6009
f 6009 2695 2700
f 6009 2700 6013
f 2700 2913 6013
f 6013 2913 2720
f 6013 2720 6024
f 6024 2720 2725
f 6021 2726 6030
f 6030 2726 2728
f 2728 2887 6030
f 6030 2887 2891
f 6032 2890 6041
f 2890 2893 6041
f 6041 2893 2898
f 6040 2896 6092
f 2896 2901 6092
f 6092 2901 2903
f 6092 2903 6090
f 2904 2907 6089
f 6089 2907 2910
f 6089 2910 6081
f 6081 2910 2911
f 6081 2911 6071
f 6071 2911 2618
f 2618 2615 6071
f 6071 2615 2566
f 6071 2566 6062
f 6062 2566 2578
f 6062 2578 6056
f 6052 2576 2581
f 2581 2881 6052
f 6052 2881 2885
f 6052 2885 5958
f 2885 2880 5958
f 5958 2880 2877
f 5958 2877 5966
f 5966 2877 2876
f 5966 2876 5977
f 5977 2876 2873
f 2873 2871 5977
f 5977 2871 2868
f 5977 2868 5983
f 2868 2865 5983
f 5983 2865 2863
f 5983 2863 5990
f 5990 2863 2861
f 5990 2861 6223
f 6223 2861 2858
f 2858 2856 6223
f 6223 2856 2852
f 6223 2852 6215
f 2852 2851 6215
f 6215 2851 2812
f 6215 2812 6206
f 6205 2813 2817
f 6205 2817 2801
