mtllib converted_link2_3_161616ff.mtl
usemtl material
v -0.00010472362919244915 -0.0025863023474812508 -0.019233394414186478
v -0.00010472362919244915 -0.0025863023474812508 -0.019233394414186478
v -0.00010472362919244915 -0.0025863023474812508 -0.019233394414186478
v -0.00010472362919244915 -0.0025863023474812508 -0.019233394414186478
v -9.390562627231702e-05 -0.001487341825850308 -0.02033047191798687
v -9.390562627231702e-05 -0.001487341825850308 -0.02033047191798687
v -9.390562627231702e-05 -0.001487341825850308 -0.02033047191798687
v -6.549234240083024e-05 -0.003660330781713128 -0.023211922496557236
v -6.195362948346883e-05 1.543716098240111e-05 -0.023570790886878967
v -8.995510870590806e-05 1.304038414673414e-05 -0.02073110267519951
v -8.995510870590806e-05 1.304038414673414e-05 -0.02073110267519951
v -8.995510870590806e-05 1.304038414673414e-05 -0.02073110267519951
v -8.995510870590806e-05 1.304038414673414e-05 -0.02073110267519951
v -6.555417348863557e-05 0.0036905508022755384 -0.023205652832984924
v -9.393129585077986e-05 0.0015126497019082308 -0.020327867940068245
v -9.393129585077986e-05 0.0015126497019082308 -0.020327867940068245
v -9.393129585077986e-05 0.0015126497019082308 -0.020327867940068245
v -9.393129585077986e-05 0.0015126497019082308 -0.020327867940068245
v -7.615487993462011e-05 0.007223884109407663 -0.022130612283945084
v -0.00010476735042175278 0.0026097793597728014 -0.019228961318731308
v -0.00010476735042175278 0.0026097793597728014 -0.019228961318731308
v -0.00010476735042175278 0.0026097793597728014 -0.019228961318731308
v -0.00010476735042175278 0.0026097793597728014 -0.019228961318731308
v -9.334885544376448e-05 0.010479561984539032 -0.020386936143040657
v -0.00011956152593484148 0.003010418498888612 -0.01772865280508995
v -0.00011956152593484148 0.003010418498888612 -0.01772865280508995
v -0.00011956152593484148 0.003010418498888612 -0.01772865280508995
v -0.00011956152593484148 0.003010418498888612 -0.01772865280508995
v -0.00011647561768768355 0.013332453556358814 -0.01804160140454769
v -0.00014464548439718783 0.015673015266656876 -0.015184836462140083
v -0.00013434866559691727 0.00260716094635427 -0.01622905768454075
v -0.00013434866559691727 0.00260716094635427 -0.01622905768454075
v -0.00013434866559691727 0.00260716094635427 -0.01622905768454075
v -0.00013434866559691727 0.00260716094635427 -0.01622905768454075
v -0.00017677692812867463 0.017411179840564728 -0.01192631758749485
v -0.00014516658848151565 0.001508211251348257 -0.015131989493966103
v -0.00014516658848151565 0.001508211251348257 -0.015131989493966103
v -0.00014516658848151565 0.001508211251348257 -0.015131989493966103
v -0.0003510575625114143 0.015655113384127617 0.005747848656028509
v -0.0003189556591678411 0.017398875206708908 0.0024923288729041815
v -0.0002838044601958245 -0.01848161779344082 -0.0010724308667704463
v -0.0003186618268955499 -0.017412560060620308 0.002462530042976141
v -0.00014514150097966194 -0.0014917855150997639 -0.015134532935917377
v -0.00014514150097966194 -0.0014917855150997639 -0.015134532935917377
v -0.00014514150097966194 -0.0014917855150997639 -0.015134532935917377
v -0.00014514150097966194 -0.0014917855150997639 -0.015134532935917377
v -0.0003507932706270367 -0.015674395486712456 0.005721048451960087
v -7.603354606544599e-05 -0.00719546340405941 -0.022142916917800903
v -9.317233343608677e-05 -0.010454140603542328 -0.020404836162924767
v -0.00011951068154303357 -0.0029895592015236616 -0.017733808606863022
v -0.00011951068154303357 -0.0029895592015236616 -0.017733808606863022
v -0.00011951068154303357 -0.0029895592015236616 -0.017733808606863022
v -0.00011951068154303357 -0.0029895592015236616 -0.017733808606863022
v -0.00011625090701272711 -0.013311044313013554 -0.018064389005303383
v -0.0001343048643320799 -0.002588910050690174 -0.016233500093221664
v -0.0001343048643320799 -0.002588910050690174 -0.016233500093221664
v -0.0001343048643320799 -0.002588910050690174 -0.016233500093221664
v -0.00014438120706472546 -0.015656491741538048 -0.015211636200547218
v -0.0002841160458046943 0.018473967909812927 -0.001040832488797605
v -0.00024787840084172785 0.018839122727513313 -0.004715767689049244
v -0.00021163430938031524 0.01848023757338524 -0.008391357026994228
v -0.00042988458881154656 -0.0036919305566698313 0.013741864822804928
v -0.0004334851400926709 -1.6816922652651556e-05 0.014107003808021545
v -0.00014911711332388222 7.858990102249663e-06 -0.014731357805430889
v -0.00014911711332388222 7.858990102249663e-06 -0.014731357805430889
v -0.00014911711332388222 7.858990102249663e-06 -0.014731357805430889
v -0.00014911711332388222 7.858990102249663e-06 -0.014731357805430889
v -0.00042994640534743667 0.0036589510273188353 0.013748135417699814
v -0.00037896313006058335 -0.013333833776414394 0.008577813394367695
v -0.00040208990685641766 -0.010480942204594612 0.01092314813286066
v -0.0004192838678136468 -0.007225263863801956 0.012666825205087662
v -0.00017648309585638344 -0.01740025356411934 -0.011956116184592247
v -0.00021132273832336068 -0.018475346267223358 -0.008422954939305782
v -0.00024756035418249667 -0.018840502947568893 -0.004748019855469465
v -0.0004194052307866514 0.007194083649665117 0.012679129838943481
v -0.00040226642158813775 0.010452760383486748 0.010941049084067345
v -0.0003791878407355398 0.013309664092957973 0.008600601926445961
v -0.0006291999015957117 -1.7538151951157488e-05 0.014950360171496868
v -0.0006255029002204537 0.0038231227081269026 0.014575433917343616
v -0.0006144886137917638 0.00751687353476882 0.013458454050123692
v -0.0005965803284198046 0.01092174556106329 0.011642340570688248
v -0.0005724664661101997 0.013906816951930523 0.009196900762617588
v -0.0005430737510323524 0.016357460990548134 0.006216124631464481
v -0.0005095319938845932 0.018179478123784065 0.002814582781866193
v -0.00047312944661825895 0.019302858039736748 -0.0008770765853114426
v -0.00043526594527065754 0.01968436874449253 -0.004716894123703241
v -0.00039739598287269473 0.019309423863887787 -0.008557368069887161
v -0.00036097457632422447 0.018192389979958534 -0.012250939384102821
v -0.0003274015907663852 0.016376188024878502 -0.015655646100640297
v -0.00029796798480674624 0.013930629007518291 -0.01864057220518589
v -0.00027380394749343395 0.01094970852136612 -0.021091096103191376
v -0.00025583835667930543 0.007548001129180193 -0.022913025692105293
v -0.00024476152611896396 0.003856162540614605 -0.024036351591348648
v -0.00024099972506519407 1.6158390280907042e-05 -0.02441784366965294
v -0.0002446967700961977 -0.0038245024625211954 -0.024042917415499687
v -0.0002557110565248877 -0.007518253289163113 -0.022925937548279762
v -0.000273619283689186 -0.010923124849796295 -0.021109823137521744
v -0.0002977331751026213 -0.013908196240663528 -0.01866438239812851
v -0.00032712589018046856 -0.016358841210603714 -0.015683608129620552
v -0.00036066764732822776 -0.018180856481194496 -0.01228206604719162
v -0.00039707019459456205 -0.019304238259792328 -0.008590406738221645
v -0.00043493369594216347 -0.01968574896454811 -0.004750588908791542
v -0.0004728036583401263 -0.019310804083943367 -0.0009101147879846394
v -0.0005092250648885965 -0.018193770200014114 0.0027834565844386816
v -0.0005427980213426054 -0.016377568244934082 0.006188162602484226
v -0.0005722316564060748 -0.013932009227573872 0.00917308870702982
v -0.0005963956937193871 -0.0109510887414217 0.011623614467680454
v -0.0006143612554296851 -0.007549380883574486 0.013445542193949223
v -0.000625438115093857 -0.0038575422950088978 0.014568868093192577
v -0.0017740085022524 0.004291879013180733 0.016931312158703804
v -0.0017616440309211612 0.008438417688012123 0.015677407383918762
v -0.0017415405018255115 0.01226064283400774 0.013638661243021488
v -0.0017144709127023816 0.015611656941473484 0.01089347805827856
v -0.0016814753180369735 0.018362712115049362 0.007547321729362011
v -0.001643821713514626 0.020408079028129578 0.0037287878803908825
v -0.001602956559509039 0.021669162437319756 -0.0004154263879172504
v -0.0015604521613568068 0.022097408771514893 -0.004725894425064325
v -0.001517939381301403 0.02167651429772377 -0.009037196636199951
v -0.001477053388953209 0.020422546193003654 -0.013183534145355225
v -0.0014393652090802789 0.018383702263236046 -0.017005573958158493
v -0.0014063232811167836 0.015638384968042374 -0.020356424152851105
v -0.0013791971141472459 0.012292065657675266 -0.023107346147298813
v -0.0013590292073786259 0.008473346941173077 -0.02515261247754097
v -0.0013465946540236473 0.004328930750489235 -0.026413634419441223
v -0.0013423720374703407 1.8253278540214524e-05 -0.02684186026453972
v -0.0013465221272781491 -0.0042932587675750256 -0.026420986279845238
v -0.0013588865986093879 -0.008439797908067703 -0.025167079642415047
v -0.0013789901277050376 -0.01226202305406332 -0.023128334432840347
v -0.0014060597168281674 -0.01561303623020649 -0.02038315124809742
v -0.0014390554279088974 -0.018364092335104942 -0.01703699491918087
v -0.0014767090324312449 -0.02040945738554001 -0.013218460604548454
v -0.001517574186436832 -0.02167048305273056 -0.009074240922927856
v -0.0015600785845890641 -0.022098788991570473 -0.004763778764754534
v -0.001602591248229146 -0.0216778926551342 -0.0004524763789959252
v -0.0016434772405773401 -0.020423926413059235 0.0036938609555363655
v -0.0016811654204502702 -0.018385080620646477 0.007515900768339634
v -0.0017142073484137654 -0.015639765188097954 0.010866750963032246
v -0.0017413335153833032 -0.012293445877730846 0.013617672957479954
v -0.0017615014221519232 -0.008474726229906082 0.015662940219044685
v -0.0017739360919222236 -0.004330310504883528 0.01692396216094494
v -0.0017781587084755301 -1.963304021046497e-05 0.017352188006043434
v -0.001969575649127364 0.004456066060811281 0.017758551985025406
v -0.0019567380659282207 0.008761212229728699 0.016456671059131622
v -0.0019358661957085133 0.012729622423648834 0.014340011402964592
v -0.0019077606266364455 0.016208820044994354 0.011489767581224442
v -0.001873503322713077 0.019065117463469505 0.008015662431716919
v -0.0018344091949984431 0.021188681945204735 0.0040510413236916065
v -0.0017919812817126513 0.0224979929625988 -0.00025166579871438444
v -0.0017478507943451405 0.02294265478849411 -0.0047270311042666435
v -0.0017037121579051018 0.022505639120936394 -0.009203223511576653
v -0.0016612621257081628 0.021203696727752686 -0.013508160598576069
v -0.0016221326077356935 0.0190869327634573 -0.01747637800872326
v -0.0015878267586231232 0.016236551105976105 -0.0209554061293602
v -0.0015596628654748201 0.012762277387082577 -0.023811563849449158
v -0.0015387239400297403 0.008797463029623032 -0.02593502588570118
v -0.001525813713669777 0.004494546912610531 -0.02724427357316017
v -0.001521429279819131 1.896441972348839e-05 -0.02768891304731369
v -0.0015257383929565549 -0.004457445815205574 -0.027251919731497765
v -0.0015385758597403765 -0.008762591518461704 -0.02595004066824913
v -0.001559447729960084 -0.012731002643704414 -0.02383337914943695
v -0.0015875532990321517 -0.016210198402404785 -0.0209831353276968
v -0.0016218106029555202 -0.019066495820879936 -0.017509030178189278
v -0.001660904730670154 -0.021190060302615166 -0.013544409535825253
v -0.001703332643955946 -0.02249937318265438 -0.00924170296639204
v -0.0017474631313234568 -0.02294403500854969 -0.00476633757352829
v -0.0017916017677634954 -0.022507019340991974 -0.00029014478786848485
v -0.0018340516835451126 -0.021205076947808266 0.0040147919207811356
v -0.0018731813179329038 -0.01908831298351288 0.007983009330928326
v -0.001907487167045474 -0.016237931326031685 0.011462036520242691
v -0.001935651060193777 -0.012763656675815582 0.014318195171654224
v -0.001956589985638857 -0.008798843249678612 0.01644165627658367
v -0.0019695002119988203 -0.004495927132666111 0.017750905826687813
v -0.0019738846458494663 -2.0344181393738836e-05 0.01819554530084133
v -0.0015583101194351912 0.01614058017730713 -0.023948751389980316
v -0.001533549395389855 0.012560761533677578 -0.02645978517830372
v -0.001515294425189495 0.008599304594099522 -0.02831105887889862
v -0.0015040988801047206 0.004376534838229418 -0.029446417465806007
v -0.0015003043226897717 2.0782001229235902e-05 -0.029831234365701675
v -0.001504026004113257 -0.004335649311542511 -0.029453817754983902
v -0.0015151494881138206 -0.008560344576835632 -0.02832576259970665
v -0.0015333377523347735 -0.012524938210844994 -0.026481250301003456
v -0.0015580382896587253 -0.016109030693769455 -0.023976312950253487
v -0.0015884996391832829 -0.01920369081199169 -0.020887169986963272
v -0.0016237975796684623 -0.021714847534894943 -0.017307525500655174
v -0.0016628586454316974 -0.02356621064245701 -0.013346261344850063
v -0.001704496331512928 -0.024701625108718872 -0.009123696014285088
v -0.0017474452033638954 -0.025086458772420883 -0.004768155049532652
v -0.0017904008273035288 -0.024709025397896767 -0.00041193561628460884
v -0.0018320574890822172 -0.023580914363265038 0.0038125545252114534
v -0.0018711501033976674 -0.02173631824553013 0.007777014747262001
v -0.0019068142864853144 0.01920231059193611 0.011393800377845764
v -0.001871516346000135 0.021713467314839363 0.007814155891537666
v -0.0018324552802368999 0.023564830422401428 0.0038528924342244864
v -0.0017908175941556692 0.024700244888663292 -0.0003696722269523889
v -0.0017478687223047018 0.025085078552365303 -0.004725213628262281
v -0.0017049130983650684 0.024707645177841187 -0.009081432595849037
v -0.00166325643658638 0.023579534143209457 -0.013305922970175743
v -0.0016241638222709298 0.02173493802547455 -0.01727038249373436
v -0.0015888243215158582 0.019229872152209282 -0.020854242146015167
v -0.001906489604152739 -0.019231252372264862 0.011360874399542809
v -0.001937003922648728 -0.016141900792717934 0.01445538830012083
v -0.0019617644138634205 -0.012562140822410583 0.01696641743183136
v -0.001980019500479102 -0.008600684814155102 0.018817691132426262
v -0.001991214929148555 -0.004377914592623711 0.01995304971933365
v -0.0019950096029788256 -2.2161762899486348e-05 0.020337864756584167
v -0.001991288037970662 0.004334269557148218 0.019960450008511543
v -0.0019801645539700985 0.008558965288102627 0.018832392990589142
v -0.0019619762897491455 0.012523617595434189 0.016987888142466545
v -0.001937275636009872 0.016107652336359024 0.014482943341135979
v -0.0019188262522220612 0.004400361329317093 0.020338131114840508
v -0.0019188262522220612 0.004400361329317093 0.020338131114840508
v -0.0019075330346822739 0.008689522743225098 0.019192853942513466
v -0.0019075330346822739 0.008689522743225098 0.019192853942513466
v -0.0018890670035034418 0.01271463930606842 0.01732018031179905
v -0.0018890670035034418 0.01271463930606842 0.01732018031179905
v -0.0018639897461980581 0.016353385522961617 0.014777044765651226
v -0.0018639897461980581 0.016353385522961617 0.014777044765651226
v -0.0018330634338781238 0.019495241343975067 0.01164073497056961
v -0.0018330634338781238 0.019495241343975067 0.01164073497056961
v -0.0017972271889448166 0.022044731304049492 0.0080065056681633
v -0.0017972271889448166 0.022044731304049492 0.0080065056681633
v -0.0017575700767338276 0.02392435260117054 0.003984796814620495
v -0.0017575700767338276 0.02392435260117054 0.003984796814620495
v -0.0017152972286567092 0.025077061727643013 -0.0003021824231836945
v -0.0017152972286567092 0.025077061727643013 -0.0003021824231836945
v -0.001671693753451109 0.0254677627235651 -0.0047241016291081905
v -0.001671693753451109 0.0254677627235651 -0.0047241016291081905
v -0.0016280829440802336 0.025084594264626503 -0.00914677046239376
v -0.0016280829440802336 0.025084594264626503 -0.00914677046239376
v -0.0015857905382290483 0.023939261212944984 -0.013435723260045052
v -0.0015857905382290483 0.023939261212944984 -0.013435723260045052
v -0.0015461018774658442 0.022066496312618256 -0.017460644245147705
v -0.0015461018774658442 0.022066496312618256 -0.017460644245147705
v -0.0015102227916941047 0.01952323690056801 -0.021099213510751724
v -0.0015102227916941047 0.01952323690056801 -0.021099213510751724
v -0.0014792431611567736 0.01638677529990673 -0.024240916594862938
v -0.0014792431611567736 0.01638677529990673 -0.024240916594862938
v -0.001454104552976787 0.012752369046211243 -0.026790281757712364
v -0.001454104552976787 0.012752369046211243 -0.026790281757712364
v -0.0014355710009112954 0.008730464614927769 -0.0286698117852211
v -0.0014355710009112954 0.008730464614927769 -0.0286698117852211
v -0.0014242049073800445 0.004443276673555374 -0.029822466894984245
v -0.0014242049073800445 0.004443276673555374 -0.029822466894984245
v -0.0014203524915501475 2.114260678354185e-05 -0.030213147401809692
v -0.0014203524915501475 2.114260678354185e-05 -0.030213147401809692
v -0.0014241306344047189 -0.004401741083711386 -0.029829997569322586
v -0.0014241306344047189 -0.004401741083711386 -0.029829997569322586
v -0.001435423968359828 -0.008690902963280678 -0.028684720396995544
v -0.001435423968359828 -0.008690902963280678 -0.028684720396995544
v -0.0014538898831233382 -0.012716018594801426 -0.026812046766281128
v -0.0014538898831233382 -0.012716018594801426 -0.026812046766281128
v -0.001478967140428722 -0.016354765743017197 -0.02426891215145588
v -0.001478967140428722 -0.016354765743017197 -0.02426891215145588
v -0.001509893569163978 -0.019496621564030647 -0.02113260142505169
v -0.001509893569163978 -0.019496621564030647 -0.02113260142505169
v -0.0015457298140972853 -0.022046111524105072 -0.017498372122645378
v -0.0015457298140972853 -0.022046111524105072 -0.017498372122645378
v -0.0015853869263082743 -0.02392573282122612 -0.013476663269102573
v -0.0015853869263082743 -0.02392573282122612 -0.013476663269102573
v -0.0016276597743853927 -0.025078441947698593 -0.009189683943986893
v -0.0016276597743853927 -0.025078441947698593 -0.009189683943986893
v -0.001671263249590993 -0.025469141080975533 -0.004767764359712601
v -0.001671263249590993 -0.025469141080975533 -0.004767764359712601
v -0.0017148740589618683 -0.025085974484682083 -0.0003450959047768265
v -0.0017148740589618683 -0.025085974484682083 -0.0003450959047768265
v -0.0017571663483977318 -0.023940641433000565 0.00394385727122426
v -0.0017571663483977318 -0.023940641433000565 0.00394385727122426
v -0.0017968551255762577 -0.022067876532673836 0.007968777790665627
v -0.0017968551255762577 -0.022067876532673836 0.007968777790665627
v -0.0018327342113479972 -0.01952461712062359 0.01160734798759222
v -0.0018327342113479972 -0.01952461712062359 0.01160734798759222
v -0.0018637137254700065 -0.01638815551996231 0.01474905014038086
v -0.0018637137254700065 -0.01638815551996231 0.01474905014038086
v -0.0018888524500653148 -0.012753748334944248 0.017298415303230286
v -0.0018888524500653148 -0.012753748334944248 0.017298415303230286
v -0.0019073860021308064 -0.008731843903660774 0.01917794719338417
v -0.0019073860021308064 -0.008731843903660774 0.01917794719338417
v -0.0019187519792467356 -0.004444656427949667 0.020330600440502167
v -0.0019187519792467356 -0.004444656427949667 0.020330600440502167
v -0.0019226043950766325 -2.2522368453792296e-05 0.020721280947327614
v -0.0019226043950766325 -2.2522368453792296e-05 0.020721280947327614
v -0.0005673222476616502 -0.008308013901114464 0.02767970785498619
v -0.0005673222476616502 -0.008308013901114464 0.02767970785498619
v -0.0005673222476616502 -0.008308013901114464 0.02767970785498619
v -0.0005673222476616502 -0.008308013901114464 0.02767970785498619
v -0.0005673222476616502 -0.008308013901114464 0.02767970785498619
v -0.0005674457061104476 -0.008276754058897495 0.02769223041832447
v -0.0005674457061104476 -0.008276754058897495 0.02769223041832447
v -0.0005674457061104476 -0.008276754058897495 0.02769223041832447
v -0.0005674457061104476 -0.008276754058897495 0.02769223041832447
v -0.0005556122632697225 -0.008245212025940418 0.026492176577448845
v -0.0005556122632697225 -0.008245212025940418 0.026492176577448845
v -0.0005556122632697225 -0.008245212025940418 0.026492176577448845
v -0.0005556122632697225 -0.008245212025940418 0.026492176577448845
v -0.0005556122632697225 -0.008245212025940418 0.026492176577448845
v -0.0005676911678165197 -0.00825573317706585 0.027717122808098793
v -0.0005676911678165197 -0.00825573317706585 0.027717122808098793
v -0.0005676911678165197 -0.00825573317706585 0.027717122808098793
v -0.0005676911678165197 -0.00825573317706585 0.027717122808098793
v -0.0005852818721905351 -0.007278186269104481 0.02950103022158146
v -0.0005852818721905351 -0.007278186269104481 0.02950103022158146
v -0.0005852818721905351 -0.007278186269104481 0.02950103022158146
v -0.0005848306464031339 -0.007354625500738621 0.029455270618200302
v -0.0005848306464031339 -0.007354625500738621 0.029455270618200302
v -0.0005848306464031339 -0.007354625500738621 0.029455270618200302
v -0.000585234840400517 -0.007306486368179321 0.029496263712644577
v -0.000585234840400517 -0.007306486368179321 0.029496263712644577
v -0.000585234840400517 -0.007306486368179321 0.029496263712644577
v -0.0005851290188729763 -0.007327614352107048 0.029485531151294708
v -0.0005851290188729763 -0.007327614352107048 0.029485531151294708
v -0.0005845430423505604 -0.0067554740235209465 0.029426107183098793
v -0.0005845430423505604 -0.0067554740235209465 0.029426107183098793
v -0.0005845430423505604 -0.0067554740235209465 0.029426107183098793
v -0.0005845430423505604 -0.0067554740235209465 0.029426107183098793
v -0.0005841591046191752 -0.006764120422303677 0.02938716858625412
v -0.0005841591046191752 -0.006764120422303677 0.02938716858625412
v -0.0005841591046191752 -0.006764120422303677 0.02938716858625412
v -0.0005852855974808335 -0.006834407802671194 0.029501408338546753
v -0.0005852855974808335 -0.006834407802671194 0.029501408338546753
v -0.0005852855974808335 -0.006834407802671194 0.029501408338546753
v -0.0005852855974808335 -0.006834407802671194 0.029501408338546753
v -0.0005676982109434903 -0.008381092920899391 0.02771783620119095
v -0.0005676982109434903 -0.008381092920899391 0.02771783620119095
v -0.0005676982109434903 -0.008381092920899391 0.02771783620119095
v -0.0005556186661124229 -0.00839026179164648 0.026492822915315628
v -0.0005556186661124229 -0.00839026179164648 0.026492822915315628
v -0.0005556186661124229 -0.00839026179164648 0.026492822915315628
v -0.0005556186661124229 -0.00839026179164648 0.026492822915315628
v -0.0005556186661124229 -0.00839026179164648 0.026492822915315628
v -0.0005848066648468375 -0.009266259148716927 0.029452841728925705
v -0.0005848066648468375 -0.009266259148716927 0.029452841728925705
v -0.0005842337850481272 -0.009872417896986008 0.029394742101430893
v -0.0005842337850481272 -0.009872417896986008 0.029394742101430893
v -0.0005842337850481272 -0.009872417896986008 0.029394742101430893
v -0.000567357346881181 -0.00834225956350565 0.02768326923251152
v -0.000567357346881181 -0.00834225956350565 0.02768326923251152
v -0.000567357346881181 -0.00834225956350565 0.02768326923251152
v -0.000567357346881181 -0.00834225956350565 0.02768326923251152
v -0.000567357346881181 -0.00834225956350565 0.02768326923251152
v -0.000567357346881181 -0.00834225956350565 0.02768326923251152
v -0.000567357346881181 -0.00834225956350565 0.02768326923251152
v -0.0005552168586291373 -0.008291452191770077 0.026452073827385902
v -0.0005552168586291373 -0.008291452191770077 0.026452073827385902
v -0.0005552168586291373 -0.008291452191770077 0.026452073827385902
v -0.0005551859503611922 -0.00833090953528881 0.026448940858244896
v -0.0005551859503611922 -0.00833090953528881 0.026448940858244896
v -0.0005551859503611922 -0.00833090953528881 0.026448940858244896
v -0.0005551859503611922 -0.00833090953528881 0.026448940858244896
v -0.0005551859503611922 -0.00833090953528881 0.026448940858244896
v -0.0005553137743845582 -0.008271560072898865 0.026461901143193245
v -0.0005553137743845582 -0.008271560072898865 0.026461901143193245
v -0.0005553137743845582 -0.008271560072898865 0.026461901143193245
v -0.0005674363928847015 -0.008357925340533257 0.027691282331943512
v -0.0005674363928847015 -0.008357925340533257 0.027691282331943512
v -0.0005674363928847015 -0.008357925340533257 0.027691282331943512
v -0.0005553386290557683 -0.008366982452571392 0.026464425027370453
v -0.0005553386290557683 -0.008366982452571392 0.026464425027370453
v -0.0005553386290557683 -0.008366982452571392 0.026464425027370453
v -0.0005553386290557683 -0.008366982452571392 0.026464425027370453
v -0.000585191766731441 -0.006796472705900669 0.029491892084479332
v -0.000585191766731441 -0.006796472705900669 0.029491892084479332
v -0.0005851498572155833 -0.006789632607251406 0.029487645253539085
v -0.0005851498572155833 -0.006789632607251406 0.029487645253539085
v -0.0005851498572155833 -0.006789632607251406 0.029487645253539085
v -0.0005851498572155833 -0.006789632607251406 0.029487645253539085
v -0.0005849750014021993 -0.00986618921160698 0.029469909146428108
v -0.0005849750014021993 -0.00986618921160698 0.029469909146428108
v -0.0005849750014021993 -0.00986618921160698 0.029469909146428108
v -0.0005849750014021993 -0.00986618921160698 0.029469909146428108
v -0.0005851936875842512 -0.009839307516813278 0.02949208952486515
v -0.0005851936875842512 -0.009839307516813278 0.02949208952486515
v -0.0005851936875842512 -0.009839307516813278 0.02949208952486515
v -0.0005851936875842512 -0.009839307516813278 0.02949208952486515
v -0.0005846581771038473 -0.009879633784294128 0.029437784105539322
v -0.0005846581771038473 -0.009879633784294128 0.029437784105539322
v -0.0005846581771038473 -0.009879633784294128 0.029437784105539322
v -0.0005846581771038473 -0.009879633784294128 0.029437784105539322
v -0.0005852604517713189 -0.009808674454689026 0.029498860239982605
v -0.0005852604517713189 -0.009808674454689026 0.029498860239982605
v -0.0005852604517713189 -0.009808674454689026 0.029498860239982605
v -0.0005852604517713189 -0.009808674454689026 0.029498860239982605
v -0.0005852604517713189 -0.009808674454689026 0.029498860239982605
v -0.0005845684790983796 -0.009880376048386097 0.02942868322134018
v -0.0005845684790983796 -0.009880376048386097 0.02942868322134018
v -0.0005845684790983796 -0.009880376048386097 0.02942868322134018
v -0.0005851605092175305 -0.009301614947617054 0.02948872558772564
v -0.0005851605092175305 -0.009301614947617054 0.02948872558772564
v -0.0005850713350810111 -0.009288196451961994 0.029479684308171272
v -0.0005850713350810111 -0.009288196451961994 0.029479684308171272
v -0.0005850713350810111 -0.009288196451961994 0.029479684308171272
v -0.0005852644680999219 -0.009343534708023071 0.029499266296625137
v -0.0005852644680999219 -0.009343534708023071 0.029499266296625137
v -0.0005849147564731538 -0.006767066661268473 0.02946380339562893
v -0.0005849147564731538 -0.006767066661268473 0.02946380339562893
v -0.0005849147564731538 -0.006767066661268473 0.02946380339562893
v -0.0005849147564731538 -0.006767066661268473 0.02946380339562893
v -0.0005840904777869582 -0.0020059349481016397 0.029380207881331444
v -0.0005840904777869582 -0.0020059349481016397 0.029380207881331444
v -0.0005840904777869582 -0.0020059349481016397 0.029380207881331444
v -0.0005840904777869582 -0.0020059349481016397 0.029380207881331444
v -0.0005555091192945838 -0.002003452042117715 0.026481714099645615
v -0.0005555091192945838 -0.002003452042117715 0.026481714099645615
v -0.0005555091192945838 -0.002003452042117715 0.026481714099645615
v -0.0005555046955123544 -0.002563937334343791 0.0264812633395195
v -0.0005555046955123544 -0.002563937334343791 0.0264812633395195
v -0.0005555046955123544 -0.002563937334343791 0.0264812633395195
v -0.0005549034685827792 -0.002018735511228442 0.026420291513204575
v -0.0005549034685827792 -0.002018735511228442 0.026420291513204575
v -0.0005549034685827792 -0.002018735511228442 0.026420291513204575
v -0.0005549034685827792 -0.002018735511228442 0.026420291513204575
v -0.0005544426967389882 -0.002060585655272007 0.026373568922281265
v -0.0005544426967389882 -0.002060585655272007 0.026373568922281265
v -0.0005544426967389882 -0.002060585655272007 0.026373568922281265
v -0.0005542156868614256 -0.0024329745210707188 0.02635054662823677
v -0.0005542156868614256 -0.0024329745210707188 0.02635054662823677
v -0.0005542156868614256 -0.0024329745210707188 0.02635054662823677
v -0.0005542156868614256 -0.0024329745210707188 0.02635054662823677
v -0.0005542156868614256 -0.0024329745210707188 0.02635054662823677
v -0.0005543685983866453 -0.002495170570909977 0.026366055011749268
v -0.0005543685983866453 -0.002495170570909977 0.026366055011749268
v -0.0005543685983866453 -0.002495170570909977 0.026366055011749268
v -0.0005547797190956771 -0.002541419118642807 0.026407742872834206
v -0.0005547797190956771 -0.002541419118642807 0.026407742872834206
v -0.0005547797190956771 -0.002541419118642807 0.026407742872834206
v -0.0005547797190956771 -0.002541419118642807 0.026407742872834206
v -0.0005542281433008611 -0.0021179530303925276 0.02635180577635765
v -0.0005542281433008611 -0.0021179530303925276 0.02635180577635765
v -0.0005542281433008611 -0.0021179530303925276 0.02635180577635765
v -0.000554218131583184 -0.0021342069376260042 0.02635079249739647
v -0.000554218131583184 -0.0021342069376260042 0.02635079249739647
v -0.000554218131583184 -0.0021342069376260042 0.02635079249739647
v -0.000554218131583184 -0.0021342069376260042 0.02635079249739647
v -0.0005553473019972444 -0.0025629790034145117 0.02646530605852604
v -0.0005553473019972444 -0.0025629790034145117 0.02646530605852604
v -0.0005553473019972444 -0.0025629790034145117 0.02646530605852604
v -0.0005553473019972444 -0.0025629790034145117 0.02646530605852604
v -0.0005846892599947751 -0.0025512152351439 0.029440931975841522
v -0.0005846892599947751 -0.0025512152351439 0.029440931975841522
v -0.0005846892599947751 -0.0025512152351439 0.029440931975841522
v -0.0005846892599947751 -0.0025512152351439 0.029440931975841522
v -0.0005851516616530716 -0.002509330166503787 0.02948782965540886
v -0.0005851516616530716 -0.002509330166503787 0.02948782965540886
v -0.0005851516616530716 -0.002509330166503787 0.02948782965540886
v -0.0005851516616530716 -0.002509330166503787 0.02948782965540886
v -0.0005840853555127978 -0.002566414186730981 0.029379691928625107
v -0.0005840853555127978 -0.002566414186730981 0.029379691928625107
v -0.0005840853555127978 -0.002566414186730981 0.029379691928625107
v -0.0005840853555127978 -0.002566414186730981 0.029379691928625107
v -0.0005853667389601469 -0.002452097600325942 0.029509639367461205
v -0.0005853667389601469 -0.002452097600325942 0.029509639367461205
v -0.0005853667389601469 -0.002452097600325942 0.029509639367461205
v -0.0005853769253008068 -0.0024356746580451727 0.02951067127287388
v -0.0005853769253008068 -0.0024356746580451727 0.02951067127287388
v -0.0005853769253008068 -0.0024356746580451727 0.02951067127287388
v -0.0005853793700225651 -0.0021369075402617455 0.029510922729969025
v -0.0005853793700225651 -0.0021369075402617455 0.029510922729969025
v -0.0005853793700225651 -0.0021369075402617455 0.029510922729969025
v -0.0005853793700225651 -0.0021369075402617455 0.029510922729969025
v -0.0005852320464327931 -0.0020763976499438286 0.029495980590581894
v -0.0005852320464327931 -0.0020763976499438286 0.029495980590581894
v -0.0005852320464327931 -0.0020763976499438286 0.029495980590581894
v -0.0005852320464327931 -0.0020763976499438286 0.029495980590581894
v -0.0005848173168487847 -0.0020290620159357786 0.02945391833782196
v -0.0005848173168487847 -0.0020290620159357786 0.02945391833782196
v -0.0005848173168487847 -0.0020290620159357786 0.02945391833782196
v -0.0005848173168487847 -0.0020290620159357786 0.02945391833782196
v -0.000584254739806056 -0.002007055329158902 0.029396865516901016
v -0.000584254739806056 -0.002007055329158902 0.029396865516901016
v -0.000584254739806056 -0.002007055329158902 0.029396865516901016
v -0.000584254739806056 -0.002007055329158902 0.029396865516901016
v -0.000559947278816253 0.0027342280372977257 0.026931799948215485
v -0.000559947278816253 0.0027342280372977257 0.026931799948215485
v -0.000559947278816253 0.0027342280372977257 0.026931799948215485
v -0.000559947278816253 0.0027342280372977257 0.026931799948215485
v -0.000559947278816253 0.0027342280372977257 0.026931799948215485
v -0.0005543797742575407 0.002327563241124153 0.0263671875
v -0.0005543797742575407 0.002327563241124153 0.0263671875
v -0.0005543797742575407 0.002327563241124153 0.0263671875
v -0.0005545914173126221 0.002241420093923807 0.02638864703476429
v -0.0005545914173126221 0.002241420093923807 0.02638864703476429
v -0.0005545914173126221 0.002241420093923807 0.02638864703476429
v -0.0005545914173126221 0.002241420093923807 0.02638864703476429
v -0.0005551613867282867 0.002177133224904537 0.026446450501680374
v -0.0005551613867282867 0.002177133224904537 0.026446450501680374
v -0.0005551613867282867 0.002177133224904537 0.026446450501680374
v -0.0005551613867282867 0.002177133224904537 0.026446450501680374
v -0.0005559409037232399 0.0021474703680723906 0.026525503024458885
v -0.0005559409037232399 0.0021474703680723906 0.026525503024458885
v -0.0005559409037232399 0.0021474703680723906 0.026525503024458885
v -0.0005559409037232399 0.0021474703680723906 0.026525503024458885
v -0.000560168526135385 0.0027138846926391125 0.02695423550903797
v -0.000560168526135385 0.0027138846926391125 0.02695423550903797
v -0.000560168526135385 0.0027138846926391125 0.02695423550903797
v -0.000560168526135385 0.0027138846926391125 0.02695423550903797
v -0.000560168526135385 0.0027138846926391125 0.02695423550903797
v -0.000560168526135385 0.0027138846926391125 0.02695423550903797
v -0.0005561587167903781 0.0021461211144924164 0.026547590270638466
v -0.0005561587167903781 0.0021461211144924164 0.026547590270638466
v -0.0005561587167903781 0.0021461211144924164 0.026547590270638466
v -0.0005561587167903781 0.0021461211144924164 0.026547590270638466
v -0.0005561587167903781 0.0021461211144924164 0.026547590270638466
v -0.0005561587167903781 0.0021461211144924164 0.026547590270638466
v -0.0005604693433269858 0.0027062203735113144 0.026984738186001778
v -0.0005604693433269858 0.0027062203735113144 0.026984738186001778
v -0.0005604693433269858 0.0027062203735113144 0.026984738186001778
v -0.0005598444258794188 0.002762375632300973 0.026921365410089493
v -0.0005598444258794188 0.002762375632300973 0.026921365410089493
v -0.0005598444258794188 0.002762375632300973 0.026921365410089493
v -0.0005598404677584767 0.002770130755379796 0.026920966804027557
v -0.0005598404677584767 0.002770130755379796 0.026920966804027557
v -0.0005598404677584767 0.002770130755379796 0.026920966804027557
v -0.0005544113228097558 0.004229732323437929 0.02637038566172123
v -0.0005544113228097558 0.004229732323437929 0.02637038566172123
v -0.0005544113228097558 0.004229732323437929 0.02637038566172123
v -0.000559853098820895 0.004300225526094437 0.02692224457859993
v -0.000559853098820895 0.004300225526094437 0.02692224457859993
v -0.000559853098820895 0.004300225526094437 0.02692224457859993
v -0.000559853098820895 0.004300225526094437 0.02692224457859993
v -0.0005854170303791761 0.0023390743881464005 0.0295147392898798
v -0.0005854170303791761 0.0023390743881464005 0.0295147392898798
v -0.0005854170303791761 0.0023390743881464005 0.0295147392898798
v -0.0005854170303791761 0.0023390743881464005 0.0295147392898798
v -0.0005854335031472147 0.004232584498822689 0.02951641194522381
v -0.0005854335031472147 0.004232584498822689 0.02951641194522381
v -0.0005854335031472147 0.004232584498822689 0.02951641194522381
v -0.0005854335031472147 0.004232584498822689 0.02951641194522381
v -0.0005854335031472147 0.004232584498822689 0.02951641194522381
v -0.0005854335031472147 0.004232584498822689 0.02951641194522381
v -0.000579992716666311 0.0042803119868040085 0.02896464802324772
v -0.000579992716666311 0.0042803119868040085 0.02896464802324772
v -0.000579992716666311 0.0042803119868040085 0.02896464802324772
v -0.000579992716666311 0.0042803119868040085 0.02896464802324772
v -0.0005670397658832371 0.0027389521710574627 0.027651062235236168
v -0.0005670397658832371 0.0027389521710574627 0.027651062235236168
v -0.0005670397658832371 0.0027389521710574627 0.027651062235236168
v -0.0005670397658832371 0.0027389521710574627 0.027651062235236168
v -0.0005670397658832371 0.0027389521710574627 0.027651062235236168
v -0.0005670397658832371 0.0027389521710574627 0.027651062235236168
v -0.0005670397658832371 0.0027389521710574627 0.027651062235236168
v -0.000572561111766845 0.0027612883131951094 0.028210993856191635
v -0.000572561111766845 0.0027612883131951094 0.028210993856191635
v -0.000572561111766845 0.0027612883131951094 0.028210993856191635
v -0.000572561111766845 0.0027612883131951094 0.028210993856191635
v -0.0005671159597113729 0.0027694508899003267 0.02765878662467003
v -0.0005671159597113729 0.0027694508899003267 0.02765878662467003
v -0.0005671159597113729 0.0027694508899003267 0.02765878662467003
v -0.0005725565715692937 0.0027689889539033175 0.028210530057549477
v -0.0005725565715692937 0.0027689889539033175 0.028210530057549477
v -0.0005725565715692937 0.0027689889539033175 0.028210530057549477
v -0.0005671285907737911 0.004295650403946638 0.0276600681245327
v -0.0005671285907737911 0.004295650403946638 0.0276600681245327
v -0.0005671285907737911 0.004295650403946638 0.0276600681245327
v -0.0005671285907737911 0.004295650403946638 0.0276600681245327
v -0.0005668390658684075 0.002716516610234976 0.02763071097433567
v -0.0005668390658684075 0.002716516610234976 0.02763071097433567
v -0.0005668390658684075 0.002716516610234976 0.02763071097433567
v -0.0005668390658684075 0.002716516610234976 0.02763071097433567
v -0.0005834880284965038 0.0021436933893710375 0.029319116845726967
v -0.0005834880284965038 0.0021436933893710375 0.029319116845726967
v -0.0005834880284965038 0.0021436933893710375 0.029319116845726967
v -0.0005834880284965038 0.0021436933893710375 0.029319116845726967
v -0.0005834880284965038 0.0021436933893710375 0.029319116845726967
v -0.0005834880284965038 0.0021436933893710375 0.029319116845726967
v -0.0005834880284965038 0.0021436933893710375 0.029319116845726967
v -0.000566561589948833 0.0027061430737376213 0.02760257013142109
v -0.000566561589948833 0.0027061430737376213 0.02760257013142109
v -0.000566561589948833 0.0027061430737376213 0.02760257013142109
v -0.000566561589948833 0.0027061430737376213 0.02760257013142109
v -0.0005664856871590018 0.0027056888211518526 0.027594871819019318
v -0.0005664856871590018 0.0027056888211518526 0.027594871819019318
v -0.0005664856871590018 0.0027056888211518526 0.027594871819019318
v -0.0005597330746240914 0.004349407274276018 0.026910075917840004
v -0.0005597330746240914 0.004349407274276018 0.026910075917840004
v -0.0005597330746240914 0.004349407274276018 0.026910075917840004
v -0.0005597330746240914 0.004349407274276018 0.026910075917840004
v -0.0005593961104750633 0.004387914203107357 0.026875903829932213
v -0.0005593961104750633 0.004387914203107357 0.026875903829932213
v -0.0005593961104750633 0.004387914203107357 0.026875903829932213
v -0.0005593961104750633 0.004387914203107357 0.026875903829932213
v -0.0005852367612533271 0.004312851931899786 0.029496457427740097
v -0.0005852367612533271 0.004312851931899786 0.029496457427740097
v -0.0005852367612533271 0.004312851931899786 0.029496457427740097
v -0.0005852367612533271 0.004312851931899786 0.029496457427740097
v -0.000584693974815309 0.0043744961731135845 0.029441412538290024
v -0.000584693974815309 0.0043744961731135845 0.029441412538290024
v -0.000584693974815309 0.0043744961731135845 0.029441412538290024
v -0.000584693974815309 0.0043744961731135845 0.029441412538290024
v -0.0005799800856038928 0.002768347505480051 0.028963366523385048
v -0.0005799800856038928 0.002768347505480051 0.028963366523385048
v -0.0005799800856038928 0.002768347505480051 0.028963366523385048
v -0.0005799063364975154 0.0027385505381971598 0.028955888003110886
v -0.0005799063364975154 0.0027385505381971598 0.028955888003110886
v -0.0005799063364975154 0.0027385505381971598 0.028955888003110886
v -0.0005799063364975154 0.0027385505381971598 0.028955888003110886
v -0.0005799063364975154 0.0027385505381971598 0.028955888003110886
v -0.0005799063364975154 0.0027385505381971598 0.028955888003110886
v -0.0005854024784639478 0.0023148502223193645 0.029513264074921608
v -0.0005854024784639478 0.0023148502223193645 0.029513264074921608
v -0.0005854024784639478 0.0023148502223193645 0.029513264074921608
v -0.0005854024784639478 0.0023148502223193645 0.029513264074921608
v -0.000579704181291163 0.0027158360462635756 0.0289353895932436
v -0.000579704181291163 0.0027158360462635756 0.0289353895932436
v -0.000579704181291163 0.0027158360462635756 0.0289353895932436
v -0.000579704181291163 0.0027158360462635756 0.0289353895932436
v -0.000579704181291163 0.0027158360462635756 0.0289353895932436
v -0.000579704181291163 0.0027158360462635756 0.0289353895932436
v -0.0005850828601978719 0.002229090314358473 0.02948085032403469
v -0.0005850828601978719 0.002229090314358473 0.02948085032403469
v -0.0005850828601978719 0.002229090314358473 0.02948085032403469
v -0.0005850828601978719 0.002229090314358473 0.02948085032403469
v -0.0005843966500833631 0.0021666728425771 0.029411260038614273
v -0.0005843966500833631 0.0021666728425771 0.029411260038614273
v -0.0005843966500833631 0.0021666728425771 0.029411260038614273
v -0.0005843966500833631 0.0021666728425771 0.029411260038614273
v -0.00057942233979702 0.0027050706557929516 0.028906801715493202
v -0.00057942233979702 0.0027050706557929516 0.028906801715493202
v -0.00057942233979702 0.0027050706557929516 0.028906801715493202
v -0.0005793421878479421 0.002704533515498042 0.02889867313206196
v -0.0005793421878479421 0.002704533515498042 0.02889867313206196
v -0.0005793421878479421 0.002704533515498042 0.02889867313206196
v -0.0005731859127990901 0.0027051237411797047 0.028274355456233025
v -0.0005731859127990901 0.0027051237411797047 0.028274355456233025
v -0.0005731859127990901 0.0027051237411797047 0.028274355456233025
v -0.000572884629946202 0.002712792716920376 0.02824379876255989
v -0.000572884629946202 0.002712792716920376 0.02824379876255989
v -0.000572884629946202 0.002712792716920376 0.02824379876255989
v -0.000572884629946202 0.002712792716920376 0.02824379876255989
v -0.000572884629946202 0.002712792716920376 0.02824379876255989
v -0.000572884629946202 0.002712792716920376 0.02824379876255989
v -0.00057266402291134 0.002733140718191862 0.028221428394317627
v -0.00057266402291134 0.002733140718191862 0.028221428394317627
v -0.00057266402291134 0.002733140718191862 0.028221428394317627
v -0.00057266402291134 0.002733140718191862 0.028221428394317627
v -0.0005561618017964065 0.004406966269016266 0.026547903195023537
v -0.0005561618017964065 0.004406966269016266 0.026547903195023537
v -0.0005561618017964065 0.004406966269016266 0.026547903195023537
v -0.0005561618017964065 0.004406966269016266 0.026547903195023537
v -0.0005561618017964065 0.004406966269016266 0.026547903195023537
v -0.0005553328082896769 0.0043859644792973995 0.026463832706212997
v -0.0005553328082896769 0.0043859644792973995 0.026463832706212997
v -0.0005553328082896769 0.0043859644792973995 0.026463832706212997
v -0.0005553328082896769 0.0043859644792973995 0.026463832706212997
v -0.0005547135369852185 0.0043294113129377365 0.026401035487651825
v -0.0005547135369852185 0.0043294113129377365 0.026401035487651825
v -0.0005547135369852185 0.0043294113129377365 0.026401035487651825
v -0.0005547135369852185 0.0043294113129377365 0.026401035487651825
v -0.0005812215968035161 0.004404776263982058 0.029089268296957016
v -0.0005812215968035161 0.004404776263982058 0.029089268296957016
v -0.0005812215968035161 0.004404776263982058 0.029089268296957016
v -0.0005806381814181805 0.004390016198158264 0.029030105099081993
v -0.0005806381814181805 0.004390016198158264 0.029030105099081993
v -0.0005806381814181805 0.004390016198158264 0.029030105099081993
v -0.0005806381814181805 0.004390016198158264 0.029030105099081993
v -0.0005802041268907487 0.004350286442786455 0.028986087068915367
v -0.0005802041268907487 0.004350286442786455 0.028986087068915367
v -0.0005802041268907487 0.004350286442786455 0.028986087068915367
v -0.0005589384818449616 0.004405838903039694 0.026829492300748825
v -0.0005589384818449616 0.004405838903039694 0.026829492300748825
v -0.0005589384818449616 0.004405838903039694 0.026829492300748825
v -0.0005588047206401825 0.004406736232340336 0.026815930381417274
v -0.0005588047206401825 0.004406736232340336 0.026815930381417274
v -0.0005588047206401825 0.004406736232340336 0.026815930381417274
v -0.0005588047206401825 0.004406736232340336 0.026815930381417274
v -0.0005544244195334613 0.004251460079103708 0.026371711865067482
v -0.0005544244195334613 0.004251460079103708 0.026371711865067482
v -0.0005544244195334613 0.004251460079103708 0.026371711865067482
v -0.0005544244195334613 0.004251460079103708 0.026371711865067482
v -0.0005839531077072024 0.004403159953653812 0.029366279020905495
v -0.0005839531077072024 0.004403159953653812 0.029366279020905495
v -0.0005839531077072024 0.004403159953653812 0.029366279020905495
v -0.0005837401258759201 0.004404586274176836 0.029344681650400162
v -0.0005837401258759201 0.004404586274176836 0.029344681650400162
v -0.0005837401258759201 0.004404586274176836 0.029344681650400162
v -0.0005837401258759201 0.004404586274176836 0.029344681650400162
v -0.0005800018552690744 0.004295488819479942 0.028965577483177185
v -0.0005800018552690744 0.004295488819479942 0.028965577483177185
v -0.0005800018552690744 0.004295488819479942 0.028965577483177185
v -0.0005724224029108882 0.004338576924055815 0.028196923434734344
v -0.0005724224029108882 0.004338576924055815 0.028196923434734344
v -0.0005724224029108882 0.004338576924055815 0.028196923434734344
v -0.0005724224029108882 0.004338576924055815 0.028196923434734344
v -0.0005720226909033954 0.0043836794793605804 0.02815638855099678
v -0.0005720226909033954 0.0043836794793605804 0.02815638855099678
v -0.0005720226909033954 0.0043836794793605804 0.02815638855099678
v -0.0005720226909033954 0.0043836794793605804 0.02815638855099678
v -0.0005725696100853384 0.004278609994798899 0.02821185439825058
v -0.0005725696100853384 0.004278609994798899 0.02821185439825058
v -0.0005725696100853384 0.004278609994798899 0.02821185439825058
v -0.0005725696100853384 0.004278609994798899 0.02821185439825058
v -0.000571473385207355 0.004404693376272917 0.02810068428516388
v -0.000571473385207355 0.004404693376272917 0.02810068428516388
v -0.000571473385207355 0.004404693376272917 0.02810068428516388
v -0.0005713190766982734 0.004405664745718241 0.02808503806591034
v -0.0005713190766982734 0.004405664745718241 0.02808503806591034
v -0.0005713190766982734 0.004405664745718241 0.02808503806591034
v -0.0005713190766982734 0.004405664745718241 0.02808503806591034
v -0.000568217714317143 0.004405927378684282 0.027770517393946648
v -0.000568217714317143 0.004405927378684282 0.027770517393946648
v -0.000568217714317143 0.004405927378684282 0.027770517393946648
v -0.000568217714317143 0.004405927378684282 0.027770517393946648
v -0.000568217714317143 0.004405927378684282 0.027770517393946648
v -0.0005677103181369603 0.004393116571009159 0.027719061821699142
v -0.0005677103181369603 0.004393116571009159 0.027719061821699142
v -0.0005677103181369603 0.004393116571009159 0.027719061821699142
v -0.0005673196283169091 0.004357786383479834 0.02767944149672985
v -0.0005673196283169091 0.004357786383479834 0.02767944149672985
v -0.0005673196283169091 0.004357786383479834 0.02767944149672985
v -0.0005673196283169091 0.004357786383479834 0.02767944149672985
v -0.0005671370890922844 0.00430951826274395 0.027660934254527092
v -0.0005671370890922844 0.00430951826274395 0.027660934254527092
v -0.0005671370890922844 0.00430951826274395 0.027660934254527092
v -0.0005671370890922844 0.00430951826274395 0.027660934254527092
v -0.0005709623219445348 0.005800420884042978 0.028048858046531677
v -0.0005709623219445348 0.005800420884042978 0.028048858046531677
v -0.0005709623219445348 0.005800420884042978 0.028048858046531677
v -0.0005709623219445348 0.005800420884042978 0.028048858046531677
v -0.0005709623219445348 0.005800420884042978 0.028048858046531677
v -0.0005718967877328396 0.0058950274251401424 0.028143620118498802
v -0.0005718967877328396 0.0058950274251401424 0.028143620118498802
v -0.0005718967877328396 0.0058950274251401424 0.028143620118498802
v -0.0005696891457773745 0.006024554837495089 0.027919741347432137
v -0.0005696891457773745 0.006024554837495089 0.027919741347432137
v -0.0005696891457773745 0.006024554837495089 0.027919741347432137
v -0.0005696891457773745 0.006024554837495089 0.027919741347432137
v -0.0005696891457773745 0.006024554837495089 0.027919741347432137
v -0.0005696891457773745 0.006024554837495089 0.027919741347432137
v -0.0005696891457773745 0.006024554837495089 0.027919741347432137
v -0.000572239572647959 0.006024319678544998 0.0281783826649189
v -0.000572239572647959 0.006024319678544998 0.0281783826649189
v -0.000572239572647959 0.006024319678544998 0.0281783826649189
v -0.000572239572647959 0.006024319678544998 0.0281783826649189
v -0.0005718989996239543 0.0061536212451756 0.028143849223852158
v -0.0005718989996239543 0.0061536212451756 0.028143849223852158
v -0.0005718989996239543 0.0061536212451756 0.028143849223852158
v -0.0005718989996239543 0.0061536212451756 0.028143849223852158
v -0.0005718989996239543 0.0061536212451756 0.028143849223852158
v -0.0005674796993844211 0.005895412992686033 0.027695678174495697
v -0.0005674796993844211 0.005895412992686033 0.027695678174495697
v -0.0005674796993844211 0.005895412992686033 0.027695678174495697
v -0.0005674796993844211 0.005895412992686033 0.027695678174495697
v -0.0005674796993844211 0.005895412992686033 0.027695678174495697
v -0.0005684125935658813 0.005800649523735046 0.027790280058979988
v -0.0005684125935658813 0.005800649523735046 0.027790280058979988
v -0.0005684125935658813 0.005800649523735046 0.027790280058979988
v -0.0005684125935658813 0.005800649523735046 0.027790280058979988
v -0.0005684125935658813 0.005800649523735046 0.027790280058979988
v -0.000569687457755208 0.005765896290540695 0.02791956625878811
v -0.000569687457755208 0.005765896290540695 0.02791956625878811
v -0.000569687457755208 0.005765896290540695 0.02791956625878811
v -0.000569687457755208 0.005765896290540695 0.02791956625878811
v -0.000569687457755208 0.005765896290540695 0.02791956625878811
v -0.0005684163770638406 0.006248613819479942 0.02779066562652588
v -0.0005684163770638406 0.006248613819479942 0.02779066562652588
v -0.0005684163770638406 0.006248613819479942 0.02779066562652588
v -0.0005684163770638406 0.006248613819479942 0.02779066562652588
v -0.0005684163770638406 0.006248613819479942 0.02779066562652588
v -0.0005674819694831967 0.006154006812721491 0.027695907279849052
v -0.0005674819694831967 0.006154006812721491 0.027695907279849052
v -0.0005674819694831967 0.006154006812721491 0.027695907279849052
v -0.0005674819694831967 0.006154006812721491 0.027695907279849052
v -0.0005671391845680773 0.006024724803864956 0.027661146596074104
v -0.0005671391845680773 0.006024724803864956 0.027661146596074104
v -0.0005671391845680773 0.006024724803864956 0.027661146596074104
v -0.0005671391845680773 0.006024724803864956 0.027661146596074104
v -0.0005709661636501551 0.006248384714126587 0.028049247339367867
v -0.0005709661636501551 0.006248384714126587 0.028049247339367867
v -0.0005709661636501551 0.006248384714126587 0.028049247339367867
v -0.0005709661636501551 0.006248384714126587 0.028049247339367867
v -0.0005709661636501551 0.006248384714126587 0.028049247339367867
v -0.0005696912994608283 0.006283148191869259 0.027919957414269447
v -0.0005696912994608283 0.006283148191869259 0.027919957414269447
v -0.0005696912994608283 0.006283148191869259 0.027919957414269447
v -0.0005696912994608283 0.006283148191869259 0.027919957414269447
v -0.0005696912994608283 0.006283148191869259 0.027919957414269447
v -0.0005741100176237524 0.008396961726248264 0.028368068858981133
v -0.0005741100176237524 0.008396961726248264 0.028368068858981133
v -0.0005741100176237524 0.008396961726248264 0.028368068858981133
v -0.0005741100176237524 0.008396961726248264 0.028368068858981133
v -0.0005741100176237524 0.008396961726248264 0.028368068858981133
v -0.0005741100176237524 0.008396961726248264 0.028368068858981133
v -0.0005741100176237524 0.008396961726248264 0.028368068858981133
v -0.0005657927831634879 0.00838896632194519 0.02752460539340973
v -0.0005657927831634879 0.00838896632194519 0.02752460539340973
v -0.0005657927831634879 0.00838896632194519 0.02752460539340973
v -0.0005657927831634879 0.00838896632194519 0.02752460539340973
v -0.0005657927831634879 0.00838896632194519 0.02752460539340973
v -0.0005657927831634879 0.00838896632194519 0.02752460539340973
v -0.0005699325120076537 0.008013378828763962 0.027944417670369148
v -0.0005699325120076537 0.008013378828763962 0.027944417670369148
v -0.0005699325120076537 0.008013378828763962 0.027944417670369148
v -0.0005699325120076537 0.008013378828763962 0.027944417670369148
v -0.0005699325120076537 0.008013378828763962 0.027944417670369148
v -0.0005554318777285516 0.00747229577973485 0.026473883539438248
v -0.0005554318777285516 0.00747229577973485 0.026473883539438248
v -0.0005554318777285516 0.00747229577973485 0.026473883539438248
v -0.000585279252845794 0.007330753840506077 0.02950076386332512
v -0.000585279252845794 0.007330753840506077 0.02950076386332512
v -0.000585279252845794 0.007330753840506077 0.02950076386332512
v -0.0005845864652656019 0.007447840180248022 0.029430510476231575
v -0.0005845864652656019 0.007447840180248022 0.029430510476231575
v -0.0005845864652656019 0.007447840180248022 0.029430510476231575
v -0.0005845864652656019 0.007447840180248022 0.029430510476231575
v -0.0005824110121466219 0.0069620730355381966 0.029209893196821213
v -0.0005824110121466219 0.0069620730355381966 0.029209893196821213
v -0.0005824110121466219 0.0069620730355381966 0.029209893196821213
v -0.0005826099077239633 0.00981276948004961 0.029230063781142235
v -0.0005826099077239633 0.00981276948004961 0.029230063781142235
v -0.000581456464715302 0.00978767592459917 0.02911308966577053
v -0.000581456464715302 0.00978767592459917 0.02911308966577053
v -0.000581456464715302 0.00978767592459917 0.02911308966577053
v -0.0005803940584883094 0.009702599607408047 0.029005348682403564
v -0.0005803940584883094 0.009702599607408047 0.029005348682403564
v -0.0005803940584883094 0.009702599607408047 0.029005348682403564
v -0.0005803940584883094 0.009702599607408047 0.029005348682403564
v -0.0005699702305719256 0.008772548288106918 0.02794824354350567
v -0.0005699702305719256 0.008772548288106918 0.02794824354350567
v -0.0005699702305719256 0.008772548288106918 0.02794824354350567
v -0.0005699702305719256 0.008772548288106918 0.02794824354350567
v -0.0005699702305719256 0.008772548288106918 0.02794824354350567
v -0.0005699702305719256 0.008772548288106918 0.02794824354350567
v -0.0005591200315393507 0.009757273830473423 0.026847902685403824
v -0.0005591200315393507 0.009757273830473423 0.026847902685403824
v -0.0005591200315393507 0.009757273830473423 0.026847902685403824
v -0.0005554475937969983 0.009325605817139149 0.02647547610104084
v -0.0005554475937969983 0.009325605817139149 0.02647547610104084
v -0.0005554475937969983 0.009325605817139149 0.02647547610104084
v -0.0005554475937969983 0.009325605817139149 0.02647547610104084
v -0.0005554475937969983 0.009325605817139149 0.02647547610104084
v -0.0005580206052400172 0.009815230965614319 0.026736406609416008
v -0.0005580206052400172 0.009815230965614319 0.026736406609416008
v -0.0005580206052400172 0.009815230965614319 0.026736406609416008
v -0.0005580206052400172 0.009815230965614319 0.026736406609416008
v -0.0005580206052400172 0.009815230965614319 0.026736406609416008
v -0.0005580206052400172 0.009815230965614319 0.026736406609416008
v -0.0005548424669541419 0.009402405470609665 0.026414109393954277
v -0.0005548424669541419 0.009402405470609665 0.026414109393954277
v -0.0005548424669541419 0.009402405470609665 0.026414109393954277
v -0.0005548424669541419 0.009402405470609665 0.026414109393954277
v -0.0005548424669541419 0.009402405470609665 0.026414109393954277
v -0.0005548424669541419 0.009402405470609665 0.026414109393954277
v -0.0005844557890668511 0.007460315711796284 0.029417257755994797
v -0.0005844557890668511 0.007460315711796284 0.029417257755994797
v -0.0005844557890668511 0.007460315711796284 0.029417257755994797
v -0.0005844557890668511 0.007460315711796284 0.029417257755994797
v -0.0005807833513244987 0.007028658874332905 0.029044829308986664
v -0.0005807833513244987 0.007028658874332905 0.029044829308986664
v -0.0005807833513244987 0.007028658874332905 0.029044829308986664
v -0.0005819768412038684 0.006968292407691479 0.029165862128138542
v -0.0005819768412038684 0.006968292407691479 0.029165862128138542
v -0.0005819768412038684 0.006968292407691479 0.029165862128138542
v -0.0005829211440868676 0.009811054915189743 0.029261624440550804
v -0.0005829211440868676 0.009811054915189743 0.029261624440550804
v -0.0005829211440868676 0.009811054915189743 0.029261624440550804
v -0.000584471388719976 0.009313627146184444 0.029418841004371643
v -0.000584471388719976 0.009313627146184444 0.029418841004371643
v -0.000584471388719976 0.009313627146184444 0.029418841004371643
v -0.0005544816958718002 0.00725990254431963 0.026377521455287933
v -0.0005544816958718002 0.00725990254431963 0.026377521455287933
v -0.0005544816958718002 0.00725990254431963 0.026377521455287933
v -0.0005544816958718002 0.00725990254431963 0.026377521455287933
v -0.0005544816958718002 0.00725990254431963 0.026377521455287933
v -0.0005544816958718002 0.00725990254431963 0.026377521455287933
v -0.0005548261688090861 0.007121581118553877 0.02641245163977146
v -0.0005548261688090861 0.007121581118553877 0.02641245163977146
v -0.0005548261688090861 0.007121581118553877 0.02641245163977146
v -0.0005548261688090861 0.007121581118553877 0.02641245163977146
v -0.0005557344411499798 0.007020993623882532 0.02650456316769123
v -0.0005557344411499798 0.007020993623882532 0.02650456316769123
v -0.0005557344411499798 0.007020993623882532 0.02650456316769123
v -0.0005557344411499798 0.007020993623882532 0.02650456316769123
v -0.0005548291956074536 0.00967305339872837 0.026412762701511383
v -0.0005548291956074536 0.00967305339872837 0.026412762701511383
v -0.0005548291956074536 0.00967305339872837 0.026412762701511383
v -0.0005545009626075625 0.009535320103168488 0.026379473507404327
v -0.0005545009626075625 0.009535320103168488 0.026379473507404327
v -0.0005545009626075625 0.009535320103168488 0.026379473507404327
v -0.0005545009626075625 0.009535320103168488 0.026379473507404327
v -0.0005545009626075625 0.009535320103168488 0.026379473507404327
v -0.0005557417753152549 0.009775747545063496 0.026505306363105774
v -0.0005557417753152549 0.009775747545063496 0.026505306363105774
v -0.0005557417753152549 0.009775747545063496 0.026505306363105774
v -0.0005557417753152549 0.009775747545063496 0.026505306363105774
v -0.0005557417753152549 0.009775747545063496 0.026505306363105774
v -0.0005557417753152549 0.009775747545063496 0.026505306363105774
v -0.0005570218781940639 0.009822924621403217 0.026635125279426575
v -0.0005570218781940639 0.009822924621403217 0.026635125279426575
v -0.0005570218781940639 0.009822924621403217 0.026635125279426575
v -0.0005570218781940639 0.009822924621403217 0.026635125279426575
v -0.0005570218781940639 0.009822924621403217 0.026635125279426575
v -0.0005570131470449269 0.0069745308719575405 0.02663424052298069
v -0.0005570131470449269 0.0069745308719575405 0.02663424052298069
v -0.0005570131470449269 0.0069745308719575405 0.02663424052298069
v -0.0005570131470449269 0.0069745308719575405 0.02663424052298069
v -0.0005570131470449269 0.0069745308719575405 0.02663424052298069
v -0.0005582895246334374 0.0069916341453790665 0.026763681322336197
v -0.0005582895246334374 0.0069916341453790665 0.026763681322336197
v -0.0005582895246334374 0.0069916341453790665 0.026763681322336197
v -0.0005582895246334374 0.0069916341453790665 0.026763681322336197
v -0.0005582895246334374 0.0069916341453790665 0.026763681322336197
v -0.0005547342007048428 0.0073770033195614815 0.02640312723815441
v -0.0005547342007048428 0.0073770033195614815 0.02640312723815441
v -0.0005547342007048428 0.0073770033195614815 0.02640312723815441
v -0.0005547342007048428 0.0073770033195614815 0.02640312723815441
v -0.0005547342007048428 0.0073770033195614815 0.02640312723815441
v -0.0005547342007048428 0.0073770033195614815 0.02640312723815441
v -0.0005592914531007409 0.0070580593310296535 0.026865288615226746
v -0.0005592914531007409 0.0070580593310296535 0.026865288615226746
v -0.0005592914531007409 0.0070580593310296535 0.026865288615226746
v -0.0005592914531007409 0.0070580593310296535 0.026865288615226746
v -0.0005595092661678791 0.007083333563059568 0.026887375861406326
v -0.0005595092661678791 0.007083333563059568 0.026887375861406326
v -0.0005595092661678791 0.007083333563059568 0.026887375861406326
v -0.0005595092661678791 0.007083333563059568 0.026887375861406326
v -0.0005595092661678791 0.007083333563059568 0.026887375861406326
v -0.0005837451899424195 0.006986619904637337 0.02934519201517105
v -0.0005837451899424195 0.006986619904637337 0.02934519201517105
v -0.0005837451899424195 0.006986619904637337 0.02934519201517105
v -0.0005848084692843258 0.007071509025990963 0.02945302426815033
v -0.0005848084692843258 0.007071509025990963 0.02945302426815033
v -0.0005848084692843258 0.007071509025990963 0.02945302426815033
v -0.0005848084692843258 0.007071509025990963 0.02945302426815033
v -0.000585366680752486 0.0072015016339719296 0.029509631916880608
v -0.000585366680752486 0.0072015016339719296 0.029509631916880608
v -0.000585366680752486 0.0072015016339719296 0.029509631916880608
v -0.000585366680752486 0.0072015016339719296 0.029509631916880608
v -0.0005850711022503674 0.009665480814874172 0.029479660093784332
v -0.0005850711022503674 0.009665480814874172 0.029479660093784332
v -0.0005850711022503674 0.009665480814874172 0.029479660093784332
v -0.0005850711022503674 0.009665480814874172 0.029479660093784332
v -0.0005841588135808706 0.009765561670064926 0.02938714250922203
v -0.0005841588135808706 0.009765561670064926 0.02938714250922203
v -0.0005841588135808706 0.009765561670064926 0.02938714250922203
v -0.0005841588135808706 0.009765561670064926 0.02938714250922203
v -0.0005854215123690665 0.009527165442705154 0.029515191912651062
v -0.0005854215123690665 0.009527165442705154 0.029515191912651062
v -0.0005854215123690665 0.009527165442705154 0.029515191912651062
v -0.0005854215123690665 0.009527165442705154 0.029515191912651062
v -0.0005854215123690665 0.009527165442705154 0.029515191912651062
v -0.0005851692403666675 0.009408978745341301 0.029489612206816673
v -0.0005851692403666675 0.009408978745341301 0.029489612206816673
v -0.0005851692403666675 0.009408978745341301 0.029489612206816673
v -0.0005851692403666675 0.009408978745341301 0.029489612206816673
v -0.0005853917100466788 -0.0006612216238863766 0.02951217256486416
v -0.0005853917100466788 -0.0006612216238863766 0.02951217256486416
v -0.0005853917100466788 -0.0006612216238863766 0.02951217256486416
v -0.0005853917100466788 -0.0006612216238863766 0.02951217256486416
v -0.0005853917100466788 -0.0006612216238863766 0.02951217256486416
v -0.0005854075425304472 0.0011645014164969325 0.029513776302337646
v -0.0005854075425304472 0.0011645014164969325 0.029513776302337646
v -0.0005854075425304472 0.0011645014164969325 0.029513776302337646
v -0.0005854075425304472 0.0011645014164969325 0.029513776302337646
v -0.0005854075425304472 0.0011645014164969325 0.029513776302337646
v -0.0005800128565169871 0.001164973247796297 0.028966691344976425
v -0.0005800128565169871 0.001164973247796297 0.028966691344976425
v -0.0005800128565169871 0.001164973247796297 0.028966691344976425
v -0.0005800128565169871 0.001164973247796297 0.028966691344976425
v -0.0005800128565169871 0.001164973247796297 0.028966691344976425
v -0.0005800128565169871 0.001164973247796297 0.028966691344976425
v -0.0005791704170405865 -0.000262546498561278 0.028881259262561798
v -0.0005791704170405865 -0.000262546498561278 0.028881259262561798
v -0.0005791704170405865 -0.000262546498561278 0.028881259262561798
v -0.0005791704170405865 -0.000262546498561278 0.028881259262561798
v -0.0005834627081640065 -0.000856592261698097 0.029316546395421028
v -0.0005834627081640065 -0.000856592261698097 0.029316546395421028
v -0.0005834627081640065 -0.000856592261698097 0.029316546395421028
v -0.0005834627081640065 -0.000856592261698097 0.029316546395421028
v -0.0005834627081640065 -0.000856592261698097 0.029316546395421028
v -0.0005843712133355439 -0.0008336222381331027 0.029408682137727737
v -0.0005843712133355439 -0.0008336222381331027 0.029408682137727737
v -0.0005843712133355439 -0.0008336222381331027 0.029408682137727737
v -0.0005843712133355439 -0.0008336222381331027 0.029408682137727737
v -0.0005843712133355439 -0.0008336222381331027 0.029408682137727737
v -0.0005783368833363056 -0.00029421967337839305 0.02879672683775425
v -0.0005783368833363056 -0.00029421967337839305 0.02879672683775425
v -0.0005783368833363056 -0.00029421967337839305 0.02879672683775425
v -0.000578103878069669 -0.00029559488757513463 0.028773095458745956
v -0.000578103878069669 -0.00029559488757513463 0.028773095458745956
v -0.000578103878069669 -0.00029559488757513463 0.028773095458745956
v -0.000578103878069669 -0.00029559488757513463 0.028773095458745956
v -0.0005554099916480482 -0.0008541576098650694 0.026471659541130066
v -0.0005554099916480482 -0.0008541576098650694 0.026471659541130066
v -0.0005554099916480482 -0.0008541576098650694 0.026471659541130066
v -0.0005554099916480482 -0.0008541576098650694 0.026471659541130066
v -0.0005852340254932642 0.00123498379252851 0.02949618175625801
v -0.0005852340254932642 0.00123498379252851 0.02949618175625801
v -0.0005852340254932642 0.00123498379252851 0.02949618175625801
v -0.0005852340254932642 0.00123498379252851 0.02949618175625801
v -0.0005847654538229108 0.0012876500841230154 0.02944866195321083
v -0.0005847654538229108 0.0012876500841230154 0.02944866195321083
v -0.0005847654538229108 0.0012876500841230154 0.02944866195321083
v -0.0005800023791380227 -0.00010341437155148014 0.028965625911951065
v -0.0005800023791380227 -0.00010341437155148014 0.028965625911951065
v -0.0005800023791380227 -0.00010341437155148014 0.028965625911951065
v -0.0005797767662443221 -0.00019444421923253685 0.02894274890422821
v -0.0005797767662443221 -0.00019444421923253685 0.02894274890422821
v -0.0005797767662443221 -0.00019444421923253685 0.02894274890422821
v -0.0005797767662443221 -0.00019444421923253685 0.02894274890422821
v -0.0005797767662443221 -0.00019444421923253685 0.02894274890422821
v -0.0005853771581314504 -0.0006854455568827689 0.02951069362461567
v -0.0005853771581314504 -0.0006854455568827689 0.02951069362461567
v -0.0005850575398653746 -0.0007711955695413053 0.02947828359901905
v -0.0005850575398653746 -0.0007711955695413053 0.02947828359901905
v -0.0005850575398653746 -0.0007711955695413053 0.02947828359901905
v -0.0005814913311041892 0.0013138148933649063 0.02911662682890892
v -0.0005814913311041892 0.0013138148933649063 0.02911662682890892
v -0.0005814913311041892 0.0013138148933649063 0.02911662682890892
v -0.0005814913311041892 0.0013138148933649063 0.02911662682890892
v -0.0005814913311041892 0.0013138148933649063 0.02911662682890892
v -0.0005807866109535098 0.00129595585167408 0.029045158997178078
v -0.0005807866109535098 0.00129595585167408 0.029045158997178078
v -0.0005807866109535098 0.00129595585167408 0.029045158997178078
v -0.0005802648374810815 0.001248277840204537 0.028992241248488426
v -0.0005802648374810815 0.001248277840204537 0.028992241248488426
v -0.0005802648374810815 0.001248277840204537 0.028992241248488426
v -0.0005802648374810815 0.001248277840204537 0.028992241248488426
v -0.0005841132951900363 0.0013124676188454032 0.029382525011897087
v -0.0005841132951900363 0.0013124676188454032 0.029382525011897087
v -0.0005841132951900363 0.0013124676188454032 0.029382525011897087
v -0.0005839319201186299 0.0013136105844751 0.02936413325369358
v -0.0005839319201186299 0.0013136105844751 0.02936413325369358
v -0.0005839319201186299 0.0013136105844751 0.02936413325369358
v -0.0005839319201186299 0.0013136105844751 0.02936413325369358
v -0.0005800237995572388 0.0011829959694296122 0.028967801481485367
v -0.0005800237995572388 0.0011829959694296122 0.028967801481485367
v -0.0005800237995572388 0.0011829959694296122 0.028967801481485367
v -0.0005800237995572388 0.0011829959694296122 0.028967801481485367
v -0.0005548576009459794 -0.00030774742481298745 0.026415644213557243
v -0.0005548576009459794 -0.00030774742481298745 0.026415644213557243
v -0.0005548576009459794 -0.00030774742481298745 0.026415644213557243
v -0.0005548576009459794 -0.00030774742481298745 0.026415644213557243
v -0.0005544372834265232 -0.0003459840372670442 0.026373015716671944
v -0.0005544372834265232 -0.0003459840372670442 0.026373015716671944
v -0.0005544372834265232 -0.0003459840372670442 0.026373015716671944
v -0.0005544372834265232 -0.0003459840372670442 0.026373015716671944
v -0.0005554149975068867 -0.0002936478122137487 0.026472169905900955
v -0.0005554149975068867 -0.0002936478122137487 0.026472169905900955
v -0.0005554149975068867 -0.0002936478122137487 0.026472169905900955
v -0.0005554149975068867 -0.0002936478122137487 0.026472169905900955
v -0.0005542415892705321 -0.0003985614748671651 0.026353172957897186
v -0.0005542415892705321 -0.0003985614748671651 0.026353172957897186
v -0.0005542415892705321 -0.0003985614748671651 0.026353172957897186
v -0.0005542327417060733 -0.0004133801267016679 0.026352275162935257
v -0.0005542327417060733 -0.0004133801267016679 0.026352275162935257
v -0.0005542327417060733 -0.0004133801267016679 0.026352275162935257
v -0.0005542300059460104 -0.0007342005847021937 0.02635199949145317
v -0.0005542300059460104 -0.0007342005847021937 0.02635199949145317
v -0.0005542300059460104 -0.0007342005847021937 0.02635199949145317
v -0.0005542300059460104 -0.0007342005847021937 0.02635199949145317
v -0.0005542300059460104 -0.0007342005847021937 0.02635199949145317
v -0.0005543656880035996 -0.0007898074109107256 0.02636575885117054
v -0.0005543656880035996 -0.0007898074109107256 0.02636575885117054
v -0.0005543656880035996 -0.0007898074109107256 0.02636575885117054
v -0.0005547445616684854 -0.0008330565760843456 0.026404177770018578
v -0.0005547445616684854 -0.0008330565760843456 0.026404177770018578
v -0.0005547445616684854 -0.0008330565760843456 0.026404177770018578
v -0.0005547445616684854 -0.0008330565760843456 0.026404177770018578
v -0.0005552598158828914 -0.0008531734347343445 0.026456428691744804
v -0.0005552598158828914 -0.0008531734347343445 0.026456428691744804
v -0.0005552598158828914 -0.0008531734347343445 0.026456428691744804
v -0.0005552598158828914 -0.0008531734347343445 0.026456428691744804
v -0.0005850571324117482 -0.005074359010905027 0.02947823889553547
v -0.0005850571324117482 -0.005074359010905027 0.02947823889553547
v -0.0005850571324117482 -0.005074359010905027 0.02947823889553547
v -0.0005852092290297151 -0.004846241790801287 0.0294936653226614
v -0.0005852092290297151 -0.004846241790801287 0.0294936653226614
v -0.0005852092290297151 -0.004846241790801287 0.0294936653226614
v -0.0005804518004879355 -0.0048545412719249725 0.029011204838752747
v -0.0005804518004879355 -0.0048545412719249725 0.029011204838752747
v -0.0005804518004879355 -0.0048545412719249725 0.029011204838752747
v -0.0005804518004879355 -0.0048545412719249725 0.029011204838752747
v -0.0005804518004879355 -0.0048545412719249725 0.029011204838752747
v -0.0005804518004879355 -0.0048545412719249725 0.029011204838752747
v -0.0005543428706005216 -0.004843603353947401 0.026363443583250046
v -0.0005543428706005216 -0.004843603353947401 0.026363443583250046
v -0.0005543428706005216 -0.004843603353947401 0.026363443583250046
v -0.0005543428706005216 -0.004843603353947401 0.026363443583250046
v -0.0005543428706005216 -0.004843603353947401 0.026363443583250046
v -0.0005562033620662987 -0.005621577613055706 0.026552118360996246
v -0.0005562033620662987 -0.005621577613055706 0.026552118360996246
v -0.0005562033620662987 -0.005621577613055706 0.026552118360996246
v -0.0005562033620662987 -0.005621577613055706 0.026552118360996246
v -0.0005562033620662987 -0.005621577613055706 0.026552118360996246
v -0.0005610008956864476 -0.005517133045941591 0.02703864499926567
v -0.0005610008956864476 -0.005517133045941591 0.02703864499926567
v -0.0005610008956864476 -0.005517133045941591 0.02703864499926567
v -0.0005610008956864476 -0.005517133045941591 0.02703864499926567
v -0.0005796944606117904 -0.004435053560882807 0.028934398666024208
v -0.0005796944606117904 -0.004435053560882807 0.028934398666024208
v -0.0005796944606117904 -0.004435053560882807 0.028934398666024208
v -0.0005837629432789981 -0.004156948067247868 0.029346995055675507
v -0.0005837629432789981 -0.004156948067247868 0.029346995055675507
v -0.0005837629432789981 -0.004156948067247868 0.029346995055675507
v -0.0005837629432789981 -0.004156948067247868 0.029346995055675507
v -0.0005837629432789981 -0.004156948067247868 0.029346995055675507
v -0.0005776133621111512 -0.0040864660404622555 0.028723349794745445
v -0.0005776133621111512 -0.0040864660404622555 0.028723349794745445
v -0.0005776133621111512 -0.0040864660404622555 0.028723349794745445
v -0.000579856161493808 -0.0036129269283264875 0.028950797393918037
v -0.000579856161493808 -0.0036129269283264875 0.028950797393918037
v -0.000579856161493808 -0.0036129269283264875 0.028950797393918037
v -0.000579856161493808 -0.0036129269283264875 0.028950797393918037
v -0.0005773265147581697 -0.004062894731760025 0.028694262728095055
v -0.0005773265147581697 -0.004062894731760025 0.028694262728095055
v -0.0005773265147581697 -0.004062894731760025 0.028694262728095055
v -0.0005773265147581697 -0.004062894731760025 0.028694262728095055
v -0.0005784464883618057 -0.0035372113343328238 0.02880784124135971
v -0.0005784464883618057 -0.0035372113343328238 0.02880784124135971
v -0.0005784464883618057 -0.0035372113343328238 0.02880784124135971
v -0.0005784464883618057 -0.0035372113343328238 0.02880784124135971
v -0.0005767196416854858 -0.004046985879540443 0.028632715344429016
v -0.0005767196416854858 -0.004046985879540443 0.028632715344429016
v -0.0005767196416854858 -0.004046985879540443 0.028632715344429016
v -0.0005776259349659085 -0.003526807064190507 0.028724627569317818
v -0.0005776259349659085 -0.003526807064190507 0.028724627569317818
v -0.0005776259349659085 -0.003526807064190507 0.028724627569317818
v -0.0005682164919562638 -0.004046248737722635 0.027770398184657097
v -0.0005682164919562638 -0.004046248737722635 0.027770398184657097
v -0.0005682164919562638 -0.004046248737722635 0.027770398184657097
v -0.0005682164919562638 -0.004046248737722635 0.027770398184657097
v -0.0005822433740831912 -0.00580584304407239 0.029192890971899033
v -0.0005822433740831912 -0.00580584304407239 0.029192890971899033
v -0.0005822433740831912 -0.00580584304407239 0.029192890971899033
v -0.0005822433740831912 -0.00580584304407239 0.029192890971899033
v -0.0005791287403553724 -0.005399406421929598 0.028877027332782745
v -0.0005791287403553724 -0.005399406421929598 0.028877027332782745
v -0.0005791287403553724 -0.005399406421929598 0.028877027332782745
v -0.0005791287403553724 -0.005399406421929598 0.028877027332782745
v -0.0005766533431597054 -0.00630457466468215 0.02862599305808544
v -0.0005766533431597054 -0.00630457466468215 0.02862599305808544
v -0.0005766533431597054 -0.00630457466468215 0.02862599305808544
v -0.0005766533431597054 -0.00630457466468215 0.02862599305808544
v -0.0005756031023338437 -0.005802110768854618 0.028519487008452415
v -0.0005756031023338437 -0.005802110768854618 0.028519487008452415
v -0.0005756031023338437 -0.005802110768854618 0.028519487008452415
v -0.0005756031023338437 -0.005802110768854618 0.028519487008452415
v -0.0005697580054402351 -0.006475141737610102 0.027926724404096603
v -0.0005697580054402351 -0.006475141737610102 0.027926724404096603
v -0.0005697580054402351 -0.006475141737610102 0.027926724404096603
v -0.0005697580054402351 -0.006475141737610102 0.027926724404096603
v -0.0005697580054402351 -0.006475141737610102 0.027926724404096603
v -0.0005710156983695924 -0.005979654844850302 0.028054269030690193
v -0.0005710156983695924 -0.005979654844850302 0.028054269030690193
v -0.0005710156983695924 -0.005979654844850302 0.028054269030690193
v -0.0005697004380635917 -0.0059879678301513195 0.027920886874198914
v -0.0005697004380635917 -0.0059879678301513195 0.027920886874198914
v -0.0005697004380635917 -0.0059879678301513195 0.027920886874198914
v -0.0005697004380635917 -0.0059879678301513195 0.027920886874198914
v -0.0005697004380635917 -0.0059879678301513195 0.027920886874198914
v -0.0005648651858791709 -0.005866258405148983 0.02743053063750267
v -0.0005648651858791709 -0.005866258405148983 0.02743053063750267
v -0.0005648651858791709 -0.005866258405148983 0.02743053063750267
v -0.0005648651858791709 -0.005866258405148983 0.02743053063750267
v -0.0005648651858791709 -0.005866258405148983 0.02743053063750267
v -0.0005648651858791709 -0.005866258405148983 0.02743053063750267
v -0.0005612430395558476 -0.006203597877174616 0.02706320397555828
v -0.0005612430395558476 -0.006203597877174616 0.02706320397555828
v -0.0005612430395558476 -0.006203597877174616 0.02706320397555828
v -0.0005612430395558476 -0.006203597877174616 0.02706320397555828
v -0.0005612430395558476 -0.006203597877174616 0.02706320397555828
v -0.0005678199231624603 -0.006462203338742256 0.027730179950594902
v -0.0005678199231624603 -0.006462203338742256 0.027730179950594902
v -0.0005678199231624603 -0.006462203338742256 0.027730179950594902
v -0.0005678199231624603 -0.006462203338742256 0.027730179950594902
v -0.0005678337183780968 -0.0035375384613871574 0.027731580659747124
v -0.0005678337183780968 -0.0035375384613871574 0.027731580659747124
v -0.0005678337183780968 -0.0035375384613871574 0.027731580659747124
v -0.0005678337183780968 -0.0035375384613871574 0.027731580659747124
v -0.0005674870917573571 -0.0035690264776349068 0.02769642509520054
v -0.0005674870917573571 -0.0035690264776349068 0.02769642509520054
v -0.0005674870917573571 -0.0035690264776349068 0.02769642509520054
v -0.0005674870917573571 -0.0035690264776349068 0.02769642509520054
v -0.0005682910559698939 -0.0035259949509054422 0.027777954936027527
v -0.0005682910559698939 -0.0035259949509054422 0.027777954936027527
v -0.0005682910559698939 -0.0035259949509054422 0.027777954936027527
v -0.0005682910559698939 -0.0035259949509054422 0.027777954936027527
v -0.0005673260893672705 -0.0036122272722423077 0.02768009901046753
v -0.0005673260893672705 -0.0036122272722423077 0.02768009901046753
v -0.0005673260893672705 -0.0036122272722423077 0.02768009901046753
v -0.0005673184059560299 -0.003624456003308296 0.02767931856215
v -0.0005673184059560299 -0.003624456003308296 0.02767931856215
v -0.0005673184059560299 -0.003624456003308296 0.02767931856215
v -0.0005673157284036279 -0.003954703453928232 0.027679044753313065
v -0.0005673157284036279 -0.003954703453928232 0.027679044753313065
v -0.0005673157284036279 -0.003954703453928232 0.027679044753313065
v -0.0005673157284036279 -0.003954703453928232 0.027679044753313065
v -0.0005674209678545594 -0.003997719381004572 0.027689717710018158
v -0.0005674209678545594 -0.003997719381004572 0.027689717710018158
v -0.0005674209678545594 -0.003997719381004572 0.027689717710018158
v -0.0005674209678545594 -0.003997719381004572 0.027689717710018158
v -0.0005677093868143857 -0.004030340816825628 0.02771897055208683
v -0.0005677093868143857 -0.004030340816825628 0.02771897055208683
v -0.0005677093868143857 -0.004030340816825628 0.02771897055208683
v -0.0005677093868143857 -0.004030340816825628 0.02771897055208683
v -0.0005596646806225181 -0.0044543626718223095 0.02690313756465912
v -0.0005596646806225181 -0.0044543626718223095 0.02690313756465912
v -0.0005553192459046841 -0.004274148028343916 0.026462458074092865
v -0.0005553192459046841 -0.004274148028343916 0.026462458074092865
v -0.0005553192459046841 -0.004274148028343916 0.026462458074092865
v -0.0005553192459046841 -0.004274148028343916 0.026462458074092865
v -0.0005553192459046841 -0.004274148028343916 0.026462458074092865
v -0.0005553192459046841 -0.004274148028343916 0.026462458074092865
v -0.0005589753272943199 -0.004852685611695051 0.02683323249220848
v -0.0005589753272943199 -0.004852685611695051 0.02683323249220848
v -0.0005590723594650626 -0.005006920080631971 0.02684306725859642
v -0.0005590723594650626 -0.005006920080631971 0.02684306725859642
v -0.0005590723594650626 -0.005006920080631971 0.02684306725859642
v -0.0005681044422090054 -0.004045546054840088 0.027759036049246788
v -0.0005681044422090054 -0.004045546054840088 0.027759036049246788
v -0.0005681044422090054 -0.004045546054840088 0.027759036049246788
v -0.0005681044422090054 -0.004045546054840088 0.027759036049246788
v -0.0005596838309429586 -0.003776714438572526 0.026905082166194916
v -0.0005596838309429586 -0.003776714438572526 0.026905082166194916
v -0.0005596838309429586 -0.003776714438572526 0.026905082166194916
v -0.0005596838309429586 -0.003776714438572526 0.026905082166194916
v -0.0005591704975813627 -0.003750992938876152 0.02685302495956421
v -0.0005591704975813627 -0.003750992938876152 0.02685302495956421
v -0.0005591704975813627 -0.003750992938876152 0.02685302495956421
v -0.0005591704975813627 -0.003750992938876152 0.02685302495956421
v -0.0005585997714661062 -0.0037525948137044907 0.026795143261551857
v -0.0005585997714661062 -0.0037525948137044907 0.026795143261551857
v -0.0005585997714661062 -0.0037525948137044907 0.026795143261551857
v -0.0005585997714661062 -0.0037525948137044907 0.026795143261551857
v -0.0005615546833723783 -0.004118197597563267 0.027094805613160133
v -0.0005615546833723783 -0.004118197597563267 0.027094805613160133
v -0.0005615546833723783 -0.004118197597563267 0.027094805613160133
v -0.0005618510185740888 -0.004054917022585869 0.027124861255288124
v -0.0005618510185740888 -0.004054917022585869 0.027124861255288124
v -0.0005618510185740888 -0.004054917022585869 0.027124861255288124
v -0.0005618510185740888 -0.004054917022585869 0.027124861255288124
v -0.0005618205759674311 -0.003989662043750286 0.02712177112698555
v -0.0005618205759674311 -0.003989662043750286 0.02712177112698555
v -0.0005618205759674311 -0.003989662043750286 0.02712177112698555
v -0.0005618205759674311 -0.003989662043750286 0.02712177112698555
v -0.0005615089903585613 -0.003935530781745911 0.027090175077319145
v -0.0005615089903585613 -0.003935530781745911 0.027090175077319145
v -0.0005615089903585613 -0.003935530781745911 0.027090175077319145
v -0.0005614159163087606 -0.003926615696400404 0.027080735191702843
v -0.0005614159163087606 -0.003926615696400404 0.027080735191702843
v -0.0005614159163087606 -0.003926615696400404 0.027080735191702843
v -0.0005614159163087606 -0.003926615696400404 0.027080735191702843
v -0.0005579970311373472 -0.0037922889459878206 0.026734016835689545
v -0.0005579970311373472 -0.0037922889459878206 0.026734016835689545
v -0.0005579970311373472 -0.0037922889459878206 0.026734016835689545
v -0.0005579970311373472 -0.0037922889459878206 0.026734016835689545
v -0.000558111525606364 -0.003780043451115489 0.026745630428195
v -0.000558111525606364 -0.003780043451115489 0.026745630428195
v -0.000558111525606364 -0.003780043451115489 0.026745630428195
v -0.0002556366962380707 -0.008245212025940418 0.026495134457945824
v -0.0002556366962380707 -0.008245212025940418 0.026495134457945824
v -0.0002556366962380707 -0.008245212025940418 0.026495134457945824
v -0.0002556366962380707 -0.008245212025940418 0.026495134457945824
v -0.000284183508483693 -0.006764120422303677 0.0293901264667511
v -0.000284183508483693 -0.006764120422303677 0.0293901264667511
v -0.00025533814914524555 -0.008271560072898865 0.026464859023690224
v -0.00025533814914524555 -0.008271560072898865 0.026464859023690224
v -0.00025533814914524555 -0.008271560072898865 0.026464859023690224
v -0.00025533814914524555 -0.008271560072898865 0.026464859023690224
v -0.0002845674753189087 -0.0067554740235209465 0.029429065063595772
v -0.0002845674753189087 -0.0067554740235209465 0.029429065063595772
v -0.0002845674753189087 -0.0067554740235209465 0.029429065063595772
v -0.0002845674753189087 -0.0067554740235209465 0.029429065063595772
v -0.0002845674753189087 -0.0067554740235209465 0.029429065063595772
v -0.0002552412624936551 -0.008291452191770077 0.02645503170788288
v -0.0002552412624936551 -0.008291452191770077 0.02645503170788288
v -0.0002552412624936551 -0.008291452191770077 0.02645503170788288
v -0.00025521035422571003 -0.00833090953528881 0.026451898738741875
v -0.00025521035422571003 -0.00833090953528881 0.026451898738741875
v -0.00025521035422571003 -0.00833090953528881 0.026451898738741875
v -0.00025521035422571003 -0.00833090953528881 0.026451898738741875
v -0.00025521035422571003 -0.00833090953528881 0.026451898738741875
v -0.00025536303292028606 -0.008366982452571392 0.02646738290786743
v -0.00025536303292028606 -0.008366982452571392 0.02646738290786743
v -0.00025536303292028606 -0.008366982452571392 0.02646738290786743
v -0.00025536303292028606 -0.008366982452571392 0.02646738290786743
v -0.00025564306997694075 -0.00839026179164648 0.026495782658457756
v -0.00025564306997694075 -0.00839026179164648 0.026495782658457756
v -0.00025564306997694075 -0.00839026179164648 0.026495782658457756
v -0.000284258188912645 -0.009872417896986008 0.02939769998192787
v -0.000284258188912645 -0.009872417896986008 0.02939769998192787
v -0.000284258188912645 -0.009872417896986008 0.02939769998192787
v -0.000284258188912645 -0.009872417896986008 0.02939769998192787
v -0.00028459285385906696 -0.009880376048386097 0.029431641101837158
v -0.00028459285385906696 -0.009880376048386097 0.029431641101837158
v -0.00028459285385906696 -0.009880376048386097 0.029431641101837158
v -0.00028468261007219553 -0.009879633784294128 0.0294407419860363
v -0.00028468261007219553 -0.009879633784294128 0.0294407419860363
v -0.00028468261007219553 -0.009879633784294128 0.0294407419860363
v -0.0002849993761628866 -0.00986618921160698 0.029472867026925087
v -0.0002849993761628866 -0.00986618921160698 0.029472867026925087
v -0.0002849993761628866 -0.00986618921160698 0.029472867026925087
v -0.0002849993761628866 -0.00986618921160698 0.029472867026925087
v -0.000285218091448769 -0.009839307516813278 0.02949504740536213
v -0.000285218091448769 -0.009839307516813278 0.02949504740536213
v -0.000285218091448769 -0.009839307516813278 0.02949504740536213
v -0.000285218091448769 -0.009839307516813278 0.02949504740536213
v -0.000285218091448769 -0.009839307516813278 0.02949504740536213
v -0.0002852848556358367 -0.009808674454689026 0.029501818120479584
v -0.0002852848556358367 -0.009808674454689026 0.029501818120479584
v -0.0002852848556358367 -0.009808674454689026 0.029501818120479584
v -0.0002852848556358367 -0.009808674454689026 0.029501818120479584
v -0.00028528887196443975 -0.009343534708023071 0.029502224177122116
v -0.00028528887196443975 -0.009343534708023071 0.029502224177122116
v -0.00028528887196443975 -0.009343534708023071 0.029502224177122116
v -0.00028528887196443975 -0.009343534708023071 0.029502224177122116
v -0.00028528887196443975 -0.009343534708023071 0.029502224177122116
v -0.00028518494218587875 -0.009301614947617054 0.029491683468222618
v -0.00028518494218587875 -0.009301614947617054 0.029491683468222618
v -0.00028518494218587875 -0.009301614947617054 0.029491683468222618
v -0.0002850957680493593 -0.009288196451961994 0.02948264218866825
v -0.0002850957680493593 -0.009288196451961994 0.02948264218866825
v -0.0002850957680493593 -0.009288196451961994 0.02948264218866825
v -0.0002850957680493593 -0.009288196451961994 0.02948264218866825
v -0.0002850957680493593 -0.009288196451961994 0.02948264218866825
v -0.0002848310978151858 -0.009266259148716927 0.029455799609422684
v -0.0002848310978151858 -0.009266259148716927 0.029455799609422684
v -0.0002848310978151858 -0.009266259148716927 0.029455799609422684
v -0.0002848310978151858 -0.009266259148716927 0.029455799609422684
v -0.0002677226148080081 -0.008381092920899391 0.027720794081687927
v -0.0002677226148080081 -0.008381092920899391 0.027720794081687927
v -0.0002677226148080081 -0.008381092920899391 0.027720794081687927
v -0.0002677226148080081 -0.008381092920899391 0.027720794081687927
v -0.00026746076764538884 -0.008357925340533257 0.02769424021244049
v -0.00026746076764538884 -0.008357925340533257 0.02769424021244049
v -0.0002673817507456988 -0.00834225956350565 0.0276862271130085
v -0.0002673817507456988 -0.00834225956350565 0.0276862271130085
v -0.0002673817507456988 -0.00834225956350565 0.0276862271130085
v -0.0002673817507456988 -0.00834225956350565 0.0276862271130085
v -0.000267346651526168 -0.008308013901114464 0.02768266573548317
v -0.000267346651526168 -0.008308013901114464 0.02768266573548317
v -0.000267346651526168 -0.008308013901114464 0.02768266573548317
v -0.000267346651526168 -0.008308013901114464 0.02768266573548317
v -0.0002674701390787959 -0.008276754058897495 0.02769518829882145
v -0.0002674701390787959 -0.008276754058897495 0.02769518829882145
v -0.0002674701390787959 -0.008276754058897495 0.02769518829882145
v -0.0002674701390787959 -0.008276754058897495 0.02769518829882145
v -0.000267715600784868 -0.00825573317706585 0.027720080688595772
v -0.000267715600784868 -0.00825573317706585 0.027720080688595772
v -0.000267715600784868 -0.00825573317706585 0.027720080688595772
v -0.000267715600784868 -0.00825573317706585 0.027720080688595772
v -0.000267715600784868 -0.00825573317706585 0.027720080688595772
v -0.000267715600784868 -0.00825573317706585 0.027720080688595772
v -0.0002848550211638212 -0.007354625500738621 0.02945822849869728
v -0.0002848550211638212 -0.007354625500738621 0.02945822849869728
v -0.0002848550211638212 -0.007354625500738621 0.02945822849869728
v -0.0002848550211638212 -0.007354625500738621 0.02945822849869728
v -0.0002851534227374941 -0.007327614352107048 0.029488489031791687
v -0.0002851534227374941 -0.007327614352107048 0.029488489031791687
v -0.0002851534227374941 -0.007327614352107048 0.029488489031791687
v -0.0002851534227374941 -0.007327614352107048 0.029488489031791687
v -0.00028525927336886525 -0.007306486368179321 0.029499221593141556
v -0.00028525927336886525 -0.007306486368179321 0.029499221593141556
v -0.00028525927336886525 -0.007306486368179321 0.029499221593141556
v -0.0002853062760550529 -0.007278186269104481 0.029503988102078438
v -0.0002853062760550529 -0.007278186269104481 0.029503988102078438
v -0.0002853062760550529 -0.007278186269104481 0.029503988102078438
v -0.0002853062760550529 -0.007278186269104481 0.029503988102078438
v -0.00028531000134535134 -0.006834407802671194 0.02950436621904373
v -0.00028531000134535134 -0.006834407802671194 0.02950436621904373
v -0.00028531000134535134 -0.006834407802671194 0.02950436621904373
v -0.00028521614149212837 -0.006796472705900669 0.02949484996497631
v -0.00028521614149212837 -0.006796472705900669 0.02949484996497631
v -0.00028521614149212837 -0.006796472705900669 0.02949484996497631
v -0.0002851742901839316 -0.006789632607251406 0.029490604996681213
v -0.0002851742901839316 -0.006789632607251406 0.029490604996681213
v -0.0002851742901839316 -0.006789632607251406 0.029490604996681213
v -0.00028493916033767164 -0.006767066661268473 0.029466761276125908
v -0.00028493916033767164 -0.006767066661268473 0.029466761276125908
v -0.00028493916033767164 -0.006767066661268473 0.029466761276125908
v -0.00028493916033767164 -0.006767066661268473 0.029466761276125908
v -0.0002555335231591016 -0.002003452042117715 0.026484671980142593
v -0.0002555335231591016 -0.002003452042117715 0.026484671980142593
v -0.0002555335231591016 -0.002003452042117715 0.026484671980142593
v -0.0002555335231591016 -0.002003452042117715 0.026484671980142593
v -0.0002555335231591016 -0.002003452042117715 0.026484671980142593
v -0.00028411485254764557 -0.0020059349481016397 0.029383165761828423
v -0.00028411485254764557 -0.0020059349481016397 0.029383165761828423
v -0.00028411485254764557 -0.0020059349481016397 0.029383165761828423
v -0.00028411485254764557 -0.0020059349481016397 0.029383165761828423
v -0.0002549278433434665 -0.002018735511228442 0.026423249393701553
v -0.0002549278433434665 -0.002018735511228442 0.026423249393701553
v -0.0002549278433434665 -0.002018735511228442 0.026423249393701553
v -0.0002549278433434665 -0.002018735511228442 0.026423249393701553
v -0.00028484169160947204 -0.0020290620159357786 0.02945687621831894
v -0.00028484169160947204 -0.0020290620159357786 0.02945687621831894
v -0.00028484169160947204 -0.0020290620159357786 0.02945687621831894
v -0.00028484169160947204 -0.0020290620159357786 0.02945687621831894
v -0.0002842791145667434 -0.002007055329158902 0.029399823397397995
v -0.0002842791145667434 -0.002007055329158902 0.029399823397397995
v -0.0002842791145667434 -0.002007055329158902 0.029399823397397995
v -0.0002544671297073364 -0.002060585655272007 0.026376526802778244
v -0.0002544671297073364 -0.002060585655272007 0.026376526802778244
v -0.0002544671297073364 -0.002060585655272007 0.026376526802778244
v -0.0002544671297073364 -0.002060585655272007 0.026376526802778244
v -0.0002544671297073364 -0.002060585655272007 0.026376526802778244
v -0.00025425254716537893 -0.0021179530303925276 0.02635476365685463
v -0.00025425254716537893 -0.0021179530303925276 0.02635476365685463
v -0.00025425254716537893 -0.0021179530303925276 0.02635476365685463
v -0.00025425254716537893 -0.0021179530303925276 0.02635476365685463
v -0.0002542425354477018 -0.0021342069376260042 0.026353750377893448
v -0.0002542425354477018 -0.0021342069376260042 0.026353750377893448
v -0.0002542425354477018 -0.0021342069376260042 0.026353750377893448
v -0.0002542401198297739 -0.0024329745210707188 0.02635350450873375
v -0.0002542401198297739 -0.0024329745210707188 0.02635350450873375
v -0.0002543930313549936 -0.002495170570909977 0.026369012892246246
v -0.0002543930313549936 -0.002495170570909977 0.026369012892246246
v -0.0002543930313549936 -0.002495170570909977 0.026369012892246246
v -0.0002543930313549936 -0.002495170570909977 0.026369012892246246
v -0.0002543930313549936 -0.002495170570909977 0.026369012892246246
v -0.00025480412296019495 -0.002541419118642807 0.026410700753331184
v -0.00025480412296019495 -0.002541419118642807 0.026410700753331184
v -0.00025480412296019495 -0.002541419118642807 0.026410700753331184
v -0.00025480412296019495 -0.002541419118642807 0.026410700753331184
v -0.0002553717349655926 -0.0025629790034145117 0.026468263939023018
v -0.0002553717349655926 -0.0025629790034145117 0.026468263939023018
v -0.0002553717349655926 -0.0025629790034145117 0.026468263939023018
v -0.0002553717349655926 -0.0025629790034145117 0.026468263939023018
v -0.0002555290993768722 -0.002563937334343791 0.02648422122001648
v -0.0002555290993768722 -0.002563937334343791 0.02648422122001648
v -0.0002555290993768722 -0.002563937334343791 0.02648422122001648
v -0.0002841097884811461 -0.002566414186730981 0.029382649809122086
v -0.0002841097884811461 -0.002566414186730981 0.029382649809122086
v -0.0002841097884811461 -0.002566414186730981 0.029382649809122086
v -0.0002841097884811461 -0.002566414186730981 0.029382649809122086
v -0.00028471366385929286 -0.0025512152351439 0.0294438898563385
v -0.00028471366385929286 -0.0025512152351439 0.0294438898563385
v -0.00028471366385929286 -0.0025512152351439 0.0294438898563385
v -0.00028471366385929286 -0.0025512152351439 0.0294438898563385
v -0.0002851760946214199 -0.002509330166503787 0.029490787535905838
v -0.0002851760946214199 -0.002509330166503787 0.029490787535905838
v -0.0002851760946214199 -0.002509330166503787 0.029490787535905838
v -0.0002851760946214199 -0.002509330166503787 0.029490787535905838
v -0.0002851760946214199 -0.002509330166503787 0.029490787535905838
v -0.0002853911428246647 -0.002452097600325942 0.029512597247958183
v -0.0002853911428246647 -0.002452097600325942 0.029512597247958183
v -0.0002853911428246647 -0.002452097600325942 0.029512597247958183
v -0.0002853911428246647 -0.002452097600325942 0.029512597247958183
v -0.00028540132916532457 -0.0024356746580451727 0.029513629153370857
v -0.00028540132916532457 -0.0024356746580451727 0.029513629153370857
v -0.00028540132916532457 -0.0024356746580451727 0.029513629153370857
v -0.0002854038029909134 -0.0021369075402617455 0.029513880610466003
v -0.0002854038029909134 -0.0021369075402617455 0.029513880610466003
v -0.0002854038029909134 -0.0021369075402617455 0.029513880610466003
v -0.0002852564794011414 -0.0020763976499438286 0.029498938471078873
v -0.0002852564794011414 -0.0020763976499438286 0.029498938471078873
v -0.0002852564794011414 -0.0020763976499438286 0.029498938471078873
v -0.00027321031666360795 0.0027051237411797047 0.028277313336730003
v -0.00027321031666360795 0.0027051237411797047 0.028277313336730003
v -0.00027321031666360795 0.0027051237411797047 0.028277313336730003
v -0.00027321031666360795 0.0027051237411797047 0.028277313336730003
v -0.00027321031666360795 0.0027051237411797047 0.028277313336730003
v -0.00027936656260862947 0.002704533515498042 0.028901631012558937
v -0.00027936656260862947 0.002704533515498042 0.028901631012558937
v -0.00027936656260862947 0.002704533515498042 0.028901631012558937
v -0.0002729090047068894 0.002712792716920376 0.02824675664305687
v -0.0002729090047068894 0.002712792716920376 0.02824675664305687
v -0.0002729090047068894 0.002712792716920376 0.02824675664305687
v -0.0002729090047068894 0.002712792716920376 0.02824675664305687
v -0.00027972861425951123 0.0027158360462635756 0.028938347473740578
v -0.00027972861425951123 0.0027158360462635756 0.028938347473740578
v -0.00027972861425951123 0.0027158360462635756 0.028938347473740578
v -0.00027972861425951123 0.0027158360462635756 0.028938347473740578
v -0.0002794467145577073 0.0027050706557929516 0.02890975959599018
v -0.0002794467145577073 0.0027050706557929516 0.02890975959599018
v -0.0002794467145577073 0.0027050706557929516 0.02890975959599018
v -0.0002794467145577073 0.0027050706557929516 0.02890975959599018
v -0.0002726884267758578 0.002733140718191862 0.028224386274814606
v -0.0002726884267758578 0.002733140718191862 0.028224386274814606
v -0.0002726884267758578 0.002733140718191862 0.028224386274814606
v -0.0002726884267758578 0.002733140718191862 0.028224386274814606
v -0.00027258554473519325 0.0027612883131951094 0.028213951736688614
v -0.00027258554473519325 0.0027612883131951094 0.028213951736688614
v -0.00027258554473519325 0.0027612883131951094 0.028213951736688614
v -0.00027258554473519325 0.0027612883131951094 0.028213951736688614
v -0.0002725809463299811 0.0027689889539033175 0.028213487938046455
v -0.0002725809463299811 0.0027689889539033175 0.028213487938046455
v -0.0002725809463299811 0.0027689889539033175 0.028213487938046455
v -0.00027259401394985616 0.004278609994798899 0.02821481227874756
v -0.00027259401394985616 0.004278609994798899 0.02821481227874756
v -0.00027259401394985616 0.004278609994798899 0.02821481227874756
v -0.00027259401394985616 0.004278609994798899 0.02821481227874756
v -0.00027244677767157555 0.004338576924055815 0.028199881315231323
v -0.00027244677767157555 0.004338576924055815 0.028199881315231323
v -0.00027244677767157555 0.004338576924055815 0.028199881315231323
v -0.00027244677767157555 0.004338576924055815 0.028199881315231323
v -0.00027204706566408277 0.0043836794793605804 0.02815934643149376
v -0.00027204706566408277 0.0043836794793605804 0.02815934643149376
v -0.00027204706566408277 0.0043836794793605804 0.02815934643149376
v -0.00027204706566408277 0.0043836794793605804 0.02815934643149376
v -0.00027204706566408277 0.0043836794793605804 0.02815934643149376
v -0.00027149778907187283 0.004404693376272917 0.028103642165660858
v -0.00027149778907187283 0.004404693376272917 0.028103642165660858
v -0.00027149778907187283 0.004404693376272917 0.028103642165660858
v -0.00027149778907187283 0.004404693376272917 0.028103642165660858
v -0.0002713435096666217 0.004405664745718241 0.028087995946407318
v -0.0002713435096666217 0.004405664745718241 0.028087995946407318
v -0.0002713435096666217 0.004405664745718241 0.028087995946407318
v -0.00026824211818166077 0.004405927378684282 0.027773475274443626
v -0.00026824211818166077 0.004405927378684282 0.027773475274443626
v -0.00026824211818166077 0.004405927378684282 0.027773475274443626
v -0.0002677347220014781 0.004393116571009159 0.02772201970219612
v -0.0002677347220014781 0.004393116571009159 0.02772201970219612
v -0.0002677347220014781 0.004393116571009159 0.02772201970219612
v -0.0002677347220014781 0.004393116571009159 0.02772201970219612
v -0.0002677347220014781 0.004393116571009159 0.02772201970219612
v -0.0002677347220014781 0.004393116571009159 0.02772201970219612
v -0.0002673440321814269 0.004357786383479834 0.02768239937722683
v -0.0002673440321814269 0.004357786383479834 0.02768239937722683
v -0.0002673440321814269 0.004357786383479834 0.02768239937722683
v -0.0002673440321814269 0.004357786383479834 0.02768239937722683
v -0.0002671615220606327 0.00430951826274395 0.02766389213502407
v -0.0002671615220606327 0.00430951826274395 0.02766389213502407
v -0.0002671615220606327 0.00430951826274395 0.02766389213502407
v -0.0002671615220606327 0.00430951826274395 0.02766389213502407
v -0.0002671529946383089 0.004295650403946638 0.02766302600502968
v -0.0002671529946383089 0.004295650403946638 0.02766302600502968
v -0.0002671529946383089 0.004295650403946638 0.02766302600502968
v -0.0002671403344720602 0.0027694508899003267 0.027661744505167007
v -0.0002671403344720602 0.0027694508899003267 0.027661744505167007
v -0.0002671403344720602 0.0027694508899003267 0.027661744505167007
v -0.00026706416974775493 0.0027389521710574627 0.027654020115733147
v -0.00026706416974775493 0.0027389521710574627 0.027654020115733147
v -0.00026706416974775493 0.0027389521710574627 0.027654020115733147
v -0.00026706416974775493 0.0027389521710574627 0.027654020115733147
v -0.00026686349883675575 0.002716516610234976 0.02763366885483265
v -0.00026686349883675575 0.002716516610234976 0.02763366885483265
v -0.00026686349883675575 0.002716516610234976 0.02763366885483265
v -0.00026686349883675575 0.002716516610234976 0.02763366885483265
v -0.00026658602291718125 0.0027061430737376213 0.027605528011918068
v -0.00026658602291718125 0.0027061430737376213 0.027605528011918068
v -0.00026658602291718125 0.0027061430737376213 0.027605528011918068
v -0.00026658602291718125 0.0027061430737376213 0.027605528011918068
v -0.00026651009102351964 0.0027056888211518526 0.027597829699516296
v -0.00026651009102351964 0.0027056888211518526 0.027597829699516296
v -0.0002604937180876732 0.0027062203735113144 0.026987697929143906
v -0.0002604937180876732 0.0027062203735113144 0.026987697929143906
v -0.0002604937180876732 0.0027062203735113144 0.026987697929143906
v -0.00026019292999990284 0.0027138846926391125 0.02695719338953495
v -0.00026019292999990284 0.0027138846926391125 0.02695719338953495
v -0.00026019292999990284 0.0027138846926391125 0.02695719338953495
v -0.00026019292999990284 0.0027138846926391125 0.02695719338953495
v -0.0002599717117846012 0.0027342280372977257 0.026934757828712463
v -0.0002599717117846012 0.0027342280372977257 0.026934757828712463
v -0.0002599717117846012 0.0027342280372977257 0.026934757828712463
v -0.0002599717117846012 0.0027342280372977257 0.026934757828712463
v -0.00025986882974393666 0.002762375632300973 0.02692432329058647
v -0.00025986882974393666 0.002762375632300973 0.02692432329058647
v -0.00025986882974393666 0.002762375632300973 0.02692432329058647
v -0.000259864900726825 0.002770130755379796 0.026923924684524536
v -0.000259864900726825 0.002770130755379796 0.026923924684524536
v -0.00025987750268541276 0.004300225526094437 0.02692520245909691
v -0.00025987750268541276 0.004300225526094437 0.02692520245909691
v -0.00025987750268541276 0.004300225526094437 0.02692520245909691
v -0.0002597574784886092 0.004349407274276018 0.026913033798336983
v -0.0002597574784886092 0.004349407274276018 0.026913033798336983
v -0.0002597574784886092 0.004349407274276018 0.026913033798336983
v -0.0002597574784886092 0.004349407274276018 0.026913033798336983
v -0.0002597574784886092 0.004349407274276018 0.026913033798336983
v -0.0002594205434434116 0.004387914203107357 0.02687886171042919
v -0.0002594205434434116 0.004387914203107357 0.02687886171042919
v -0.0002594205434434116 0.004387914203107357 0.02687886171042919
v -0.0002594205434434116 0.004387914203107357 0.02687886171042919
v -0.0002594205434434116 0.004387914203107357 0.02687886171042919
v -0.00025896288570947945 0.004405838903039694 0.026832450181245804
v -0.00025896288570947945 0.004405838903039694 0.026832450181245804
v -0.00025896288570947945 0.004405838903039694 0.026832450181245804
v -0.00025896288570947945 0.004405838903039694 0.026832450181245804
v -0.00025882915360853076 0.004406736232340336 0.026818888261914253
v -0.00025882915360853076 0.004406736232340336 0.026818888261914253
v -0.00025882915360853076 0.004406736232340336 0.026818888261914253
v -0.0002561862056609243 0.004406966269016266 0.026550861075520515
v -0.0002561862056609243 0.004406966269016266 0.026550861075520515
v -0.0002561862056609243 0.004406966269016266 0.026550861075520515
v -0.0002553572121541947 0.0043859644792973995 0.026466790586709976
v -0.0002553572121541947 0.0043859644792973995 0.026466790586709976
v -0.0002553572121541947 0.0043859644792973995 0.026466790586709976
v -0.0002553572121541947 0.0043859644792973995 0.026466790586709976
v -0.0002547379699535668 0.0043294113129377365 0.026403993368148804
v -0.0002547379699535668 0.0043294113129377365 0.026403993368148804
v -0.0002547379699535668 0.0043294113129377365 0.026403993368148804
v -0.0002547379699535668 0.0043294113129377365 0.026403993368148804
v -0.0002547379699535668 0.0043294113129377365 0.026403993368148804
v -0.00025444882339797914 0.004251460079103708 0.02637466974556446
v -0.00025444882339797914 0.004251460079103708 0.02637466974556446
v -0.00025444882339797914 0.004251460079103708 0.02637466974556446
v -0.00025444882339797914 0.004251460079103708 0.02637466974556446
v -0.00025443575577810407 0.004229732323437929 0.02637334354221821
v -0.00025443575577810407 0.004229732323437929 0.02637334354221821
v -0.00025443575577810407 0.004229732323437929 0.02637334354221821
v -0.00025443575577810407 0.004229732323437929 0.02637334354221821
v -0.00025443575577810407 0.004229732323437929 0.02637334354221821
v -0.00025440420722588897 0.002327563241124153 0.02637014538049698
v -0.00025440420722588897 0.002327563241124153 0.02637014538049698
v -0.00025440420722588897 0.002327563241124153 0.02637014538049698
v -0.00025440420722588897 0.002327563241124153 0.02637014538049698
v -0.0002546158211771399 0.002241420093923807 0.02639160491526127
v -0.0002546158211771399 0.002241420093923807 0.02639160491526127
v -0.0002546158211771399 0.002241420093923807 0.02639160491526127
v -0.0002546158211771399 0.002241420093923807 0.02639160491526127
v -0.000255185819696635 0.002177133224904537 0.026449408382177353
v -0.000255185819696635 0.002177133224904537 0.026449408382177353
v -0.000255185819696635 0.002177133224904537 0.026449408382177353
v -0.000255185819696635 0.002177133224904537 0.026449408382177353
v -0.00025596533669158816 0.0021474703680723906 0.026528460904955864
v -0.00025596533669158816 0.0021474703680723906 0.026528460904955864
v -0.00025596533669158816 0.0021474703680723906 0.026528460904955864
v -0.0002561831206548959 0.0021461211144924164 0.026550548151135445
v -0.0002561831206548959 0.0021461211144924164 0.026550548151135445
v -0.0002561831206548959 0.0021461211144924164 0.026550548151135445
v -0.0002835124614648521 0.0021436933893710375 0.029322074726223946
v -0.0002835124614648521 0.0021436933893710375 0.029322074726223946
v -0.0002835124614648521 0.0021436933893710375 0.029322074726223946
v -0.00028442105394788086 0.0021666728425771 0.029414217919111252
v -0.00028442105394788086 0.0021666728425771 0.029414217919111252
v -0.00028442105394788086 0.0021666728425771 0.029414217919111252
v -0.00028442105394788086 0.0021666728425771 0.029414217919111252
v -0.00028510726406238973 0.002229090314358473 0.02948380820453167
v -0.00028510726406238973 0.002229090314358473 0.02948380820453167
v -0.00028510726406238973 0.002229090314358473 0.02948380820453167
v -0.00028510726406238973 0.002229090314358473 0.02948380820453167
v -0.00028510726406238973 0.002229090314358473 0.02948380820453167
v -0.00028542691143229604 0.0023148502223193645 0.029516221955418587
v -0.00028542691143229604 0.0023148502223193645 0.029516221955418587
v -0.00028542691143229604 0.0023148502223193645 0.029516221955418587
v -0.00028544143424369395 0.0023390743881464005 0.029517697170376778
v -0.00028544143424369395 0.0023390743881464005 0.029517697170376778
v -0.00028544143424369395 0.0023390743881464005 0.029517697170376778
v -0.0002854579361155629 0.004232584498822689 0.029519369825720787
v -0.0002854579361155629 0.004232584498822689 0.029519369825720787
v -0.0002854579361155629 0.004232584498822689 0.029519369825720787
v -0.00028526116511784494 0.004312851931899786 0.029499415308237076
v -0.00028526116511784494 0.004312851931899786 0.029499415308237076
v -0.00028526116511784494 0.004312851931899786 0.029499415308237076
v -0.00028471837867982686 0.0043744961731135845 0.029444370418787003
v -0.00028471837867982686 0.0043744961731135845 0.029444370418787003
v -0.00028471837867982686 0.0043744961731135845 0.029444370418787003
v -0.00028471837867982686 0.0043744961731135845 0.029444370418787003
v -0.00028471837867982686 0.0043744961731135845 0.029444370418787003
v -0.00028397751157172024 0.004403159953653812 0.029369236901402473
v -0.00028397751157172024 0.004403159953653812 0.029369236901402473
v -0.00028397751157172024 0.004403159953653812 0.029369236901402473
v -0.0002837645588442683 0.004404586274176836 0.02934763953089714
v -0.0002837645588442683 0.004404586274176836 0.02934763953089714
v -0.0002837645588442683 0.004404586274176836 0.02934763953089714
v -0.0002812459715642035 0.004404776263982058 0.029092226177453995
v -0.0002812459715642035 0.004404776263982058 0.029092226177453995
v -0.0002806625852826983 0.004390016198158264 0.029033062979578972
v -0.0002806625852826983 0.004390016198158264 0.029033062979578972
v -0.0002806625852826983 0.004390016198158264 0.029033062979578972
v -0.0002806625852826983 0.004390016198158264 0.029033062979578972
v -0.0002806625852826983 0.004390016198158264 0.029033062979578972
v -0.0002806625852826983 0.004390016198158264 0.029033062979578972
v -0.00028022853075526655 0.004350286442786455 0.028989044949412346
v -0.00028022853075526655 0.004350286442786455 0.028989044949412346
v -0.00028022853075526655 0.004350286442786455 0.028989044949412346
v -0.00028022853075526655 0.004350286442786455 0.028989044949412346
v -0.0002800262882374227 0.004295488819479942 0.028968535363674164
v -0.0002800262882374227 0.004295488819479942 0.028968535363674164
v -0.0002800262882374227 0.004295488819479942 0.028968535363674164
v -0.0002800262882374227 0.004295488819479942 0.028968535363674164
v -0.0002800262882374227 0.004295488819479942 0.028968535363674164
v -0.00028001712053082883 0.0042803119868040085 0.028967605903744698
v -0.00028001712053082883 0.0042803119868040085 0.028967605903744698
v -0.00028001712053082883 0.0042803119868040085 0.028967605903744698
v -0.0002800044894684106 0.002768347505480051 0.028966324403882027
v -0.0002800044894684106 0.002768347505480051 0.028966324403882027
v -0.0002800044894684106 0.002768347505480051 0.028966324403882027
v -0.0002800044894684106 0.002768347505480051 0.028966324403882027
v -0.0002800044894684106 0.002768347505480051 0.028966324403882027
v -0.00027993074036203325 0.0027385505381971598 0.028958845883607864
v -0.00027993074036203325 0.0027385505381971598 0.028958845883607864
v -0.00027993074036203325 0.0027385505381971598 0.028958845883607864
v -0.00027993074036203325 0.0027385505381971598 0.028958845883607864
v -0.0002671636175364256 0.006024724803864956 0.027664104476571083
v -0.0002671636175364256 0.006024724803864956 0.027664104476571083
v -0.0002671636175364256 0.006024724803864956 0.027664104476571083
v -0.0002671636175364256 0.006024724803864956 0.027664104476571083
v -0.0002671636175364256 0.006024724803864956 0.027664104476571083
v -0.00026750637334771454 0.006154006812721491 0.02769886516034603
v -0.00026750637334771454 0.006154006812721491 0.02769886516034603
v -0.00026750637334771454 0.006154006812721491 0.02769886516034603
v -0.00026750637334771454 0.006154006812721491 0.02769886516034603
v -0.00026750637334771454 0.006154006812721491 0.02769886516034603
v -0.00026844078092835844 0.006248613819479942 0.027793623507022858
v -0.00026844078092835844 0.006248613819479942 0.027793623507022858
v -0.00026844078092835844 0.006248613819479942 0.027793623507022858
v -0.00026844078092835844 0.006248613819479942 0.027793623507022858
v -0.0002697157033253461 0.006283148191869259 0.027922917157411575
v -0.0002697157033253461 0.006283148191869259 0.027922917157411575
v -0.0002697157033253461 0.006283148191869259 0.027922917157411575
v -0.0002697157033253461 0.006283148191869259 0.027922917157411575
v -0.00027099059661850333 0.006248384714126587 0.028052205219864845
v -0.00027099059661850333 0.006248384714126587 0.028052205219864845
v -0.00027099059661850333 0.006248384714126587 0.028052205219864845
v -0.00027099059661850333 0.006248384714126587 0.028052205219864845
v -0.00027192343259230256 0.0061536212451756 0.028146807104349136
v -0.00027192343259230256 0.0061536212451756 0.028146807104349136
v -0.00027192343259230256 0.0061536212451756 0.028146807104349136
v -0.00027192343259230256 0.0061536212451756 0.028146807104349136
v -0.00027192343259230256 0.0061536212451756 0.028146807104349136
v -0.00027226394740864635 0.006024319678544998 0.02818134054541588
v -0.00027226394740864635 0.006024319678544998 0.02818134054541588
v -0.00027226394740864635 0.006024319678544998 0.02818134054541588
v -0.00027226394740864635 0.006024319678544998 0.02818134054541588
v -0.00027226394740864635 0.006024319678544998 0.02818134054541588
v -0.0002719211915973574 0.0058950274251401424 0.02814657799899578
v -0.0002719211915973574 0.0058950274251401424 0.02814657799899578
v -0.0002719211915973574 0.0058950274251401424 0.02814657799899578
v -0.0002719211915973574 0.0058950274251401424 0.02814657799899578
v -0.0002719211915973574 0.0058950274251401424 0.02814657799899578
v -0.00027098675491288304 0.005800420884042978 0.028051815927028656
v -0.00027098675491288304 0.005800420884042978 0.028051815927028656
v -0.00027098675491288304 0.005800420884042978 0.028051815927028656
v -0.00027098675491288304 0.005800420884042978 0.028051815927028656
v -0.00027098675491288304 0.005800420884042978 0.028051815927028656
v -0.00026971183251589537 0.005765896290540695 0.027922524139285088
v -0.00026971183251589537 0.005765896290540695 0.027922524139285088
v -0.00026971183251589537 0.005765896290540695 0.027922524139285088
v -0.00026971183251589537 0.005765896290540695 0.027922524139285088
v -0.00026971183251589537 0.005765896290540695 0.027922524139285088
v -0.0002684369683265686 0.005800649523735046 0.027793237939476967
v -0.0002684369683265686 0.005800649523735046 0.027793237939476967
v -0.0002684369683265686 0.005800649523735046 0.027793237939476967
v -0.0002684369683265686 0.005800649523735046 0.027793237939476967
v -0.0002684369683265686 0.005800649523735046 0.027793237939476967
v -0.0002675041323527694 0.005895412992686033 0.027698636054992676
v -0.0002675041323527694 0.005895412992686033 0.027698636054992676
v -0.0002675041323527694 0.005895412992686033 0.027698636054992676
v -0.0002675041323527694 0.005895412992686033 0.027698636054992676
v -0.0002675041323527694 0.005895412992686033 0.027698636054992676
v -0.0002675041323527694 0.005895412992686033 0.027698636054992676
v -0.0002741343923844397 0.008396961726248264 0.02837102673947811
v -0.0002741343923844397 0.008396961726248264 0.02837102673947811
v -0.0002741343923844397 0.008396961726248264 0.02837102673947811
v -0.00028448019293136895 0.007460315711796284 0.029420215636491776
v -0.00028448019293136895 0.007460315711796284 0.029420215636491776
v -0.00028448019293136895 0.007460315711796284 0.029420215636491776
v -0.0002853036276064813 0.007330753840506077 0.029503721743822098
v -0.0002853036276064813 0.007330753840506077 0.029503721743822098
v -0.0002853036276064813 0.007330753840506077 0.029503721743822098
v -0.0002853036276064813 0.007330753840506077 0.029503721743822098
v -0.0002853036276064813 0.007330753840506077 0.029503721743822098
v -0.0002853036276064813 0.007330753840506077 0.029503721743822098
v -0.00028461089823395014 0.007447840180248022 0.029433468356728554
v -0.00028461089823395014 0.007447840180248022 0.029433468356728554
v -0.00028461089823395014 0.007447840180248022 0.029433468356728554
v -0.00028461089823395014 0.007447840180248022 0.029433468356728554
v -0.0002844958216883242 0.009313627146184444 0.029421798884868622
v -0.0002844958216883242 0.009313627146184444 0.029421798884868622
v -0.0002844958216883242 0.009313627146184444 0.029421798884868622
v -0.0002851936733350158 0.009408978745341301 0.029492570087313652
v -0.0002851936733350158 0.009408978745341301 0.029492570087313652
v -0.0002851936733350158 0.009408978745341301 0.029492570087313652
v -0.0002851936733350158 0.009408978745341301 0.029492570087313652
v -0.00028544588712975383 0.009527165442705154 0.02951814979314804
v -0.00028544588712975383 0.009527165442705154 0.02951814979314804
v -0.00028544588712975383 0.009527165442705154 0.02951814979314804
v -0.00028544588712975383 0.009527165442705154 0.02951814979314804
v -0.00028544588712975383 0.009527165442705154 0.02951814979314804
v -0.00028544588712975383 0.009527165442705154 0.02951814979314804
v -0.00028509553521871567 0.009665480814874172 0.02948261797428131
v -0.00028509553521871567 0.009665480814874172 0.02948261797428131
v -0.00028509553521871567 0.009665480814874172 0.02948261797428131
v -0.00028509553521871567 0.009665480814874172 0.02948261797428131
v -0.00028509553521871567 0.009665480814874172 0.02948261797428131
v -0.0002841832465492189 0.009765561670064926 0.02939010038971901
v -0.0002841832465492189 0.009765561670064926 0.02939010038971901
v -0.0002841832465492189 0.009765561670064926 0.02939010038971901
v -0.0002841832465492189 0.009765561670064926 0.02939010038971901
v -0.0002841832465492189 0.009765561670064926 0.02939010038971901
v -0.0002829455479513854 0.009811054915189743 0.029264582321047783
v -0.0002829455479513854 0.009811054915189743 0.029264582321047783
v -0.0002829455479513854 0.009811054915189743 0.029264582321047783
v -0.0002826343406923115 0.00981276948004961 0.029233023524284363
v -0.0002826343406923115 0.00981276948004961 0.029233023524284363
v -0.0002826343406923115 0.00981276948004961 0.029233023524284363
v -0.0002814808685798198 0.00978767592459917 0.02911604754626751
v -0.0002814808685798198 0.00978767592459917 0.02911604754626751
v -0.0002814808685798198 0.00978767592459917 0.02911604754626751
v -0.0002814808685798198 0.00978767592459917 0.02911604754626751
v -0.0002814808685798198 0.00978767592459917 0.02911604754626751
v -0.0002804184623528272 0.009702599607408047 0.029008306562900543
v -0.0002804184623528272 0.009702599607408047 0.029008306562900543
v -0.0002804184623528272 0.009702599607408047 0.029008306562900543
v -0.000269994605332613 0.008772548288106918 0.027951201424002647
v -0.000269994605332613 0.008772548288106918 0.027951201424002647
v -0.000269994605332613 0.008772548288106918 0.027951201424002647
v -0.000269994605332613 0.008772548288106918 0.027951201424002647
v -0.0002591444063000381 0.009757273830473423 0.026850860565900803
v -0.0002591444063000381 0.009757273830473423 0.026850860565900803
v -0.0002591444063000381 0.009757273830473423 0.026850860565900803
v -0.0002580449800007045 0.009815230965614319 0.026739364489912987
v -0.0002580449800007045 0.009815230965614319 0.026739364489912987
v -0.0002580449800007045 0.009815230965614319 0.026739364489912987
v -0.0002580449800007045 0.009815230965614319 0.026739364489912987
v -0.0002570462820585817 0.009822924621403217 0.026638083159923553
v -0.0002570462820585817 0.009822924621403217 0.026638083159923553
v -0.0002570462820585817 0.009822924621403217 0.026638083159923553
v -0.0002570462820585817 0.009822924621403217 0.026638083159923553
v -0.0002570462820585817 0.009822924621403217 0.026638083159923553
v -0.0002557661500759423 0.009775747545063496 0.026508264243602753
v -0.0002557661500759423 0.009775747545063496 0.026508264243602753
v -0.0002557661500759423 0.009775747545063496 0.026508264243602753
v -0.0002557661500759423 0.009775747545063496 0.026508264243602753
v -0.0002557661500759423 0.009775747545063496 0.026508264243602753
v -0.00025485362857580185 0.00967305339872837 0.026415720582008362
v -0.00025485362857580185 0.00967305339872837 0.026415720582008362
v -0.00025485362857580185 0.00967305339872837 0.026415720582008362
v -0.00025485362857580185 0.00967305339872837 0.026415720582008362
v -0.00025485362857580185 0.00967305339872837 0.026415720582008362
v -0.00025452536647208035 0.009535320103168488 0.026382431387901306
v -0.00025452536647208035 0.009535320103168488 0.026382431387901306
v -0.00025452536647208035 0.009535320103168488 0.026382431387901306
v -0.0002548668999224901 0.009402405470609665 0.026417067274451256
v -0.0002548668999224901 0.009402405470609665 0.026417067274451256
v -0.0002548668999224901 0.009402405470609665 0.026417067274451256
v -0.0002548668999224901 0.009402405470609665 0.026417067274451256
v -0.0002548668999224901 0.009402405470609665 0.026417067274451256
v -0.00025547199766151607 0.009325605817139149 0.02647843398153782
v -0.00025547199766151607 0.009325605817139149 0.02647843398153782
v -0.00025547199766151607 0.009325605817139149 0.02647843398153782
v -0.0002658172161318362 0.00838896632194519 0.027527563273906708
v -0.0002658172161318362 0.00838896632194519 0.027527563273906708
v -0.0002658172161318362 0.00838896632194519 0.027527563273906708
v -0.0002554563106968999 0.00747229577973485 0.026476841419935226
v -0.0002554563106968999 0.00747229577973485 0.026476841419935226
v -0.0002554563106968999 0.00747229577973485 0.026476841419935226
v -0.0002554563106968999 0.00747229577973485 0.026476841419935226
v -0.0002547586045693606 0.0073770033195614815 0.02640608511865139
v -0.0002547586045693606 0.0073770033195614815 0.02640608511865139
v -0.0002547586045693606 0.0073770033195614815 0.02640608511865139
v -0.0002547586045693606 0.0073770033195614815 0.02640608511865139
v -0.000254506099736318 0.00725990254431963 0.026380479335784912
v -0.000254506099736318 0.00725990254431963 0.026380479335784912
v -0.000254506099736318 0.00725990254431963 0.026380479335784912
v -0.000254506099736318 0.00725990254431963 0.026380479335784912
v -0.000254506099736318 0.00725990254431963 0.026380479335784912
v -0.00025485054356977344 0.007121581118553877 0.02641540952026844
v -0.00025485054356977344 0.007121581118553877 0.02641540952026844
v -0.00025485054356977344 0.007121581118553877 0.02641540952026844
v -0.00025485054356977344 0.007121581118553877 0.02641540952026844
v -0.00025485054356977344 0.007121581118553877 0.02641540952026844
v -0.00025575884501449764 0.007020993623882532 0.02650752104818821
v -0.00025575884501449764 0.007020993623882532 0.02650752104818821
v -0.00025575884501449764 0.007020993623882532 0.02650752104818821
v -0.00025575884501449764 0.007020993623882532 0.02650752104818821
v -0.00025575884501449764 0.007020993623882532 0.02650752104818821
v -0.0002570375509094447 0.0069745308719575405 0.02663719840347767
v -0.0002570375509094447 0.0069745308719575405 0.02663719840347767
v -0.0002570375509094447 0.0069745308719575405 0.02663719840347767
v -0.0002570375509094447 0.0069745308719575405 0.02663719840347767
v -0.0002570375509094447 0.0069745308719575405 0.02663719840347767
v -0.0002583139284979552 0.0069916341453790665 0.026766639202833176
v -0.0002583139284979552 0.0069916341453790665 0.026766639202833176
v -0.0002583139284979552 0.0069916341453790665 0.026766639202833176
v -0.0002583139284979552 0.0069916341453790665 0.026766639202833176
v -0.0002593158569652587 0.0070580593310296535 0.026868246495723724
v -0.0002593158569652587 0.0070580593310296535 0.026868246495723724
v -0.0002593158569652587 0.0070580593310296535 0.026868246495723724
v -0.0002593158569652587 0.0070580593310296535 0.026868246495723724
v -0.0002595336700323969 0.007083333563059568 0.026890333741903305
v -0.0002595336700323969 0.007083333563059568 0.026890333741903305
v -0.0002595336700323969 0.007083333563059568 0.026890333741903305
v -0.00026995688676834106 0.008013378828763962 0.027947375550866127
v -0.00026995688676834106 0.008013378828763962 0.027947375550866127
v -0.00026995688676834106 0.008013378828763962 0.027947375550866127
v -0.00026995688676834106 0.008013378828763962 0.027947375550866127
v -0.0002808077842928469 0.007028658874332905 0.029047787189483643
v -0.0002808077842928469 0.007028658874332905 0.029047787189483643
v -0.0002808077842928469 0.007028658874332905 0.029047787189483643
v -0.0002820012450683862 0.006968292407691479 0.02916882000863552
v -0.0002820012450683862 0.006968292407691479 0.02916882000863552
v -0.0002820012450683862 0.006968292407691479 0.02916882000863552
v -0.0002820012450683862 0.006968292407691479 0.02916882000863552
v -0.00028243541601113975 0.0069620730355381966 0.02921285107731819
v -0.00028243541601113975 0.0069620730355381966 0.02921285107731819
v -0.00028243541601113975 0.0069620730355381966 0.02921285107731819
v -0.0002837695647031069 0.006986619904637337 0.02934814989566803
v -0.0002837695647031069 0.006986619904637337 0.02934814989566803
v -0.0002837695647031069 0.006986619904637337 0.02934814989566803
v -0.0002837695647031069 0.006986619904637337 0.02934814989566803
v -0.0002848329022526741 0.007071509025990963 0.029455984011292458
v -0.0002848329022526741 0.007071509025990963 0.029455984011292458
v -0.0002848329022526741 0.007071509025990963 0.029455984011292458
v -0.0002853910846170038 0.0072015016339719296 0.029512589797377586
v -0.0002853910846170038 0.0072015016339719296 0.029512589797377586
v -0.0002853910846170038 0.0072015016339719296 0.029512589797377586
v -0.0002853910846170038 0.0072015016339719296 0.029512589797377586
v -0.0002853910846170038 0.0072015016339719296 0.029512589797377586
v -0.000255439430475235 -0.0002936478122137487 0.026475129649043083
v -0.000255439430475235 -0.0002936478122137487 0.026475129649043083
v -0.000255439430475235 -0.0002936478122137487 0.026475129649043083
v -0.0002781282819341868 -0.00029559488757513463 0.028776053339242935
v -0.0002781282819341868 -0.00029559488757513463 0.028776053339242935
v -0.0002548820339143276 -0.00030774742481298745 0.026418602094054222
v -0.0002548820339143276 -0.00030774742481298745 0.026418602094054222
v -0.0002548820339143276 -0.00030774742481298745 0.026418602094054222
v -0.0002548820339143276 -0.00030774742481298745 0.026418602094054222
v -0.00027919485000893474 -0.000262546498561278 0.028884217143058777
v -0.00027919485000893474 -0.000262546498561278 0.028884217143058777
v -0.00027919485000893474 -0.000262546498561278 0.028884217143058777
v -0.00027919485000893474 -0.000262546498561278 0.028884217143058777
v -0.0002783613163046539 -0.00029421967337839305 0.028799686580896378
v -0.0002783613163046539 -0.00029421967337839305 0.028799686580896378
v -0.0002783613163046539 -0.00029421967337839305 0.028799686580896378
v -0.0002783613163046539 -0.00029421967337839305 0.028799686580896378
v -0.00025446165818721056 -0.0003459840372670442 0.026375973597168922
v -0.00025446165818721056 -0.0003459840372670442 0.026375973597168922
v -0.00025446165818721056 -0.0003459840372670442 0.026375973597168922
v -0.00025446165818721056 -0.0003459840372670442 0.026375973597168922
v -0.00025446165818721056 -0.0003459840372670442 0.026375973597168922
v -0.00025426599313504994 -0.0003985614748671651 0.026356130838394165
v -0.00025426599313504994 -0.0003985614748671651 0.026356130838394165
v -0.00025426599313504994 -0.0003985614748671651 0.026356130838394165
v -0.00025426599313504994 -0.0003985614748671651 0.026356130838394165
v -0.0002542571455705911 -0.0004133801267016679 0.026355233043432236
v -0.0002542571455705911 -0.0004133801267016679 0.026355233043432236
v -0.0002542571455705911 -0.0004133801267016679 0.026355233043432236
v -0.0002542571455705911 -0.0004133801267016679 0.026355233043432236
v -0.0002542544389143586 -0.0007342005847021937 0.02635495737195015
v -0.0002542544389143586 -0.0007342005847021937 0.02635495737195015
v -0.0002542544389143586 -0.0007342005847021937 0.02635495737195015
v -0.0002543901209719479 -0.0007898074109107256 0.02636871673166752
v -0.0002543901209719479 -0.0007898074109107256 0.02636871673166752
v -0.0002543901209719479 -0.0007898074109107256 0.02636871673166752
v -0.0002543901209719479 -0.0007898074109107256 0.02636871673166752
v -0.0002543901209719479 -0.0007898074109107256 0.02636871673166752
v -0.0002547689655330032 -0.0008330565760843456 0.026407135650515556
v -0.0002547689655330032 -0.0008330565760843456 0.026407135650515556
v -0.0002547689655330032 -0.0008330565760843456 0.026407135650515556
v -0.0002547689655330032 -0.0008330565760843456 0.026407135650515556
v -0.00025528419064357877 -0.0008531734347343445 0.026459386572241783
v -0.00025528419064357877 -0.0008531734347343445 0.026459386572241783
v -0.00025528419064357877 -0.0008531734347343445 0.026459386572241783
v -0.00025528419064357877 -0.0008531734347343445 0.026459386572241783
v -0.0002554343664087355 -0.0008541576098650694 0.026474617421627045
v -0.0002554343664087355 -0.0008541576098650694 0.026474617421627045
v -0.0002554343664087355 -0.0008541576098650694 0.026474617421627045
v -0.0002834871120285243 -0.000856592261698097 0.029319504275918007
v -0.0002834871120285243 -0.000856592261698097 0.029319504275918007
v -0.0002834871120285243 -0.000856592261698097 0.029319504275918007
v -0.0002834871120285243 -0.000856592261698097 0.029319504275918007
v -0.00028439564630389214 -0.0008336222381331027 0.029411640018224716
v -0.00028439564630389214 -0.0008336222381331027 0.029411640018224716
v -0.00028439564630389214 -0.0008336222381331027 0.029411640018224716
v -0.00028439564630389214 -0.0008336222381331027 0.029411640018224716
v -0.00028508197283372283 -0.0007711955695413053 0.02948124147951603
v -0.00028508197283372283 -0.0007711955695413053 0.02948124147951603
v -0.00028508197283372283 -0.0007711955695413053 0.02948124147951603
v -0.00028508197283372283 -0.0007711955695413053 0.02948124147951603
v -0.00028508197283372283 -0.0007711955695413053 0.02948124147951603
v -0.0002854015619959682 -0.0006854455568827689 0.029513651505112648
v -0.0002854015619959682 -0.0006854455568827689 0.029513651505112648
v -0.0002854015619959682 -0.0006854455568827689 0.029513651505112648
v -0.00028541614301502705 -0.0006612216238863766 0.029515130445361137
v -0.00028541614301502705 -0.0006612216238863766 0.029515130445361137
v -0.00028541614301502705 -0.0006612216238863766 0.029515130445361137
v -0.00028543194639496505 0.0011645014164969325 0.029516734182834625
v -0.00028543194639496505 0.0011645014164969325 0.029516734182834625
v -0.00028543194639496505 0.0011645014164969325 0.029516734182834625
v -0.00028543194639496505 0.0011645014164969325 0.029516734182834625
v -0.00028525845846161246 0.00123498379252851 0.02949913963675499
v -0.00028525845846161246 0.00123498379252851 0.02949913963675499
v -0.00028525845846161246 0.00123498379252851 0.02949913963675499
v -0.00028525845846161246 0.00123498379252851 0.02949913963675499
v -0.00028478988679125905 0.0012876500841230154 0.02945161983370781
v -0.00028478988679125905 0.0012876500841230154 0.02945161983370781
v -0.00028478988679125905 0.0012876500841230154 0.02945161983370781
v -0.00028478988679125905 0.0012876500841230154 0.02945161983370781
v -0.00028478988679125905 0.0012876500841230154 0.02945161983370781
v -0.0002841376990545541 0.0013124676188454032 0.029385482892394066
v -0.0002841376990545541 0.0013124676188454032 0.029385482892394066
v -0.0002841376990545541 0.0013124676188454032 0.029385482892394066
v -0.0002839563530869782 0.0013136105844751 0.02936709113419056
v -0.0002839563530869782 0.0013136105844751 0.02936709113419056
v -0.0002839563530869782 0.0013136105844751 0.02936709113419056
v -0.00028151573496870697 0.0013138148933649063 0.0291195847094059
v -0.00028151573496870697 0.0013138148933649063 0.0291195847094059
v -0.00028151573496870697 0.0013138148933649063 0.0291195847094059
v -0.0002808110148180276 0.00129595585167408 0.029048116877675056
v -0.0002808110148180276 0.00129595585167408 0.029048116877675056
v -0.0002808110148180276 0.00129595585167408 0.029048116877675056
v -0.0002808110148180276 0.00129595585167408 0.029048116877675056
v -0.0002808110148180276 0.00129595585167408 0.029048116877675056
v -0.00028028921224176884 0.001248277840204537 0.028995199128985405
v -0.00028028921224176884 0.001248277840204537 0.028995199128985405
v -0.00028028921224176884 0.001248277840204537 0.028995199128985405
v -0.00028028921224176884 0.001248277840204537 0.028995199128985405
v -0.0002800482325255871 0.0011829959694296122 0.028970759361982346
v -0.0002800482325255871 0.0011829959694296122 0.028970759361982346
v -0.0002800482325255871 0.0011829959694296122 0.028970759361982346
v -0.0002800482325255871 0.0011829959694296122 0.028970759361982346
v -0.00028003728948533535 0.001164973247796297 0.028969651088118553
v -0.00028003728948533535 0.001164973247796297 0.028969651088118553
v -0.00028003728948533535 0.001164973247796297 0.028969651088118553
v -0.00028002678300254047 -0.00010341437155148014 0.028968583792448044
v -0.00028002678300254047 -0.00010341437155148014 0.028968583792448044
v -0.00028002678300254047 -0.00010341437155148014 0.028968583792448044
v -0.0002798011992126703 -0.00019444421923253685 0.02894570678472519
v -0.0002798011992126703 -0.00019444421923253685 0.02894570678472519
v -0.0002798011992126703 -0.00019444421923253685 0.02894570678472519
v -0.0002798011992126703 -0.00019444421923253685 0.02894570678472519
v -0.0002767440164461732 -0.004046985879540443 0.028635673224925995
v -0.0002767440164461732 -0.004046985879540443 0.028635673224925995
v -0.0002767440164461732 -0.004046985879540443 0.028635673224925995
v -0.0002767440164461732 -0.004046985879540443 0.028635673224925995
v -0.00026824092492461205 -0.004046248737722635 0.027773356065154076
v -0.00026824092492461205 -0.004046248737722635 0.027773356065154076
v -0.00026824092492461205 -0.004046248737722635 0.027773356065154076
v -0.00027735091862268746 -0.004062894731760025 0.028697220608592033
v -0.00027735091862268746 -0.004062894731760025 0.028697220608592033
v -0.00027735091862268746 -0.004062894731760025 0.028697220608592033
v -0.00027735091862268746 -0.004062894731760025 0.028697220608592033
v -0.00026773379067890346 -0.004030340816825628 0.02772192843258381
v -0.00026773379067890346 -0.004030340816825628 0.02772192843258381
v -0.00026773379067890346 -0.004030340816825628 0.02772192843258381
v -0.00026773379067890346 -0.004030340816825628 0.02772192843258381
v -0.00026773379067890346 -0.004030340816825628 0.02772192843258381
v -0.0002681288751773536 -0.004045546054840088 0.027761993929743767
v -0.0002681288751773536 -0.004045546054840088 0.027761993929743767
v -0.00027763773687183857 -0.0040864660404622555 0.028726307675242424
v -0.00027763773687183857 -0.0040864660404622555 0.028726307675242424
v -0.00027971883537247777 -0.004435053560882807 0.028937356546521187
v -0.00027971883537247777 -0.004435053560882807 0.028937356546521187
v -0.00027971883537247777 -0.004435053560882807 0.028937356546521187
v -0.00027971883537247777 -0.004435053560882807 0.028937356546521187
v -0.00027971883537247777 -0.004435053560882807 0.028937356546521187
v -0.0002804762334562838 -0.0048545412719249725 0.029014162719249725
v -0.0002804762334562838 -0.0048545412719249725 0.029014162719249725
v -0.0002804762334562838 -0.0048545412719249725 0.029014162719249725
v -0.0002804762334562838 -0.0048545412719249725 0.029014162719249725
v -0.0002804762334562838 -0.0048545412719249725 0.029014162719249725
v -0.0002804762334562838 -0.0048545412719249725 0.029014162719249725
v -0.0002804762334562838 -0.0048545412719249725 0.029014162719249725
v -0.0002804762334562838 -0.0048545412719249725 0.029014162719249725
v -0.0002791531151160598 -0.005399406421929598 0.028879985213279724
v -0.0002791531151160598 -0.005399406421929598 0.028879985213279724
v -0.0002791531151160598 -0.005399406421929598 0.028879985213279724
v -0.0002791531151160598 -0.005399406421929598 0.028879985213279724
v -0.0002756275061983615 -0.005802110768854618 0.028522444888949394
v -0.0002756275061983615 -0.005802110768854618 0.028522444888949394
v -0.0002756275061983615 -0.005802110768854618 0.028522444888949394
v -0.0002756275061983615 -0.005802110768854618 0.028522444888949394
v -0.0002756275061983615 -0.005802110768854618 0.028522444888949394
v -0.00027104010223411024 -0.005979654844850302 0.028057226911187172
v -0.00027104010223411024 -0.005979654844850302 0.028057226911187172
v -0.00026972487103194 -0.0059879678301513195 0.027923844754695892
v -0.00026972487103194 -0.0059879678301513195 0.027923844754695892
v -0.00026488956063985825 -0.005866258405148983 0.02743348851799965
v -0.00026488956063985825 -0.005866258405148983 0.02743348851799965
v -0.00026488956063985825 -0.005866258405148983 0.02743348851799965
v -0.00026102527044713497 -0.005517133045941591 0.02704160287976265
v -0.00026102527044713497 -0.005517133045941591 0.02704160287976265
v -0.00026102527044713497 -0.005517133045941591 0.02704160287976265
v -0.00026102527044713497 -0.005517133045941591 0.02704160287976265
v -0.00025909673422574997 -0.005006920080631971 0.0268460251390934
v -0.00025909673422574997 -0.005006920080631971 0.0268460251390934
v -0.00025909673422574997 -0.005006920080631971 0.0268460251390934
v -0.00025909673422574997 -0.005006920080631971 0.0268460251390934
v -0.00025899976026266813 -0.004852685611695051 0.02683619037270546
v -0.00025899976026266813 -0.004852685611695051 0.02683619037270546
v -0.00025899976026266813 -0.004852685611695051 0.02683619037270546
v -0.00025968908448703587 -0.0044543626718223095 0.026906095445156097
v -0.00025968908448703587 -0.0044543626718223095 0.026906095445156097
v -0.00025968908448703587 -0.0044543626718223095 0.026906095445156097
v -0.00026157908723689616 -0.004118197597563267 0.027097763493657112
v -0.00026157908723689616 -0.004118197597563267 0.027097763493657112
v -0.00026157908723689616 -0.004118197597563267 0.027097763493657112
v -0.0002618754515424371 -0.004054917022585869 0.027127819135785103
v -0.0002618754515424371 -0.004054917022585869 0.027127819135785103
v -0.0002618754515424371 -0.004054917022585869 0.027127819135785103
v -0.0002618754515424371 -0.004054917022585869 0.027127819135785103
v -0.0002618754515424371 -0.004054917022585869 0.027127819135785103
v -0.0002618449798319489 -0.003989662043750286 0.02712472900748253
v -0.0002618449798319489 -0.003989662043750286 0.02712472900748253
v -0.0002618449798319489 -0.003989662043750286 0.02712472900748253
v -0.0002618449798319489 -0.003989662043750286 0.02712472900748253
v -0.0002615333942230791 -0.003935530781745911 0.027093132957816124
v -0.0002615333942230791 -0.003935530781745911 0.027093132957816124
v -0.0002615333942230791 -0.003935530781745911 0.027093132957816124
v -0.00026144032017327845 -0.003926615696400404 0.02708369307219982
v -0.00026144032017327845 -0.003926615696400404 0.02708369307219982
v -0.00026144032017327845 -0.003926615696400404 0.02708369307219982
v -0.00025970826391130686 -0.003776714438572526 0.026908040046691895
v -0.00025970826391130686 -0.003776714438572526 0.026908040046691895
v -0.00025970826391130686 -0.003776714438572526 0.026908040046691895
v -0.000259194930549711 -0.003750992938876152 0.026855982840061188
v -0.000259194930549711 -0.003750992938876152 0.026855982840061188
v -0.000259194930549711 -0.003750992938876152 0.026855982840061188
v -0.000259194930549711 -0.003750992938876152 0.026855982840061188
v -0.000259194930549711 -0.003750992938876152 0.026855982840061188
v -0.000259194930549711 -0.003750992938876152 0.026855982840061188
v -0.000258624175330624 -0.0037525948137044907 0.026798101142048836
v -0.000258624175330624 -0.0037525948137044907 0.026798101142048836
v -0.000258624175330624 -0.0037525948137044907 0.026798101142048836
v -0.000258624175330624 -0.0037525948137044907 0.026798101142048836
v -0.000258624175330624 -0.0037525948137044907 0.026798101142048836
v -0.0002581359294708818 -0.003780043451115489 0.02674858830869198
v -0.0002581359294708818 -0.003780043451115489 0.02674858830869198
v -0.0002581359294708818 -0.003780043451115489 0.02674858830869198
v -0.00025802143500186503 -0.0037922889459878206 0.026736974716186523
v -0.00025802143500186503 -0.0037922889459878206 0.026736974716186523
v -0.0002553436497692019 -0.004274148028343916 0.026465415954589844
v -0.0002553436497692019 -0.004274148028343916 0.026465415954589844
v -0.00025436730356886983 -0.004843603353947401 0.026366401463747025
v -0.00025436730356886983 -0.004843603353947401 0.026366401463747025
v -0.00025436730356886983 -0.004843603353947401 0.026366401463747025
v -0.00025436730356886983 -0.004843603353947401 0.026366401463747025
v -0.00025622776593081653 -0.005621577613055706 0.026555076241493225
v -0.00025622776593081653 -0.005621577613055706 0.026555076241493225
v -0.00025622776593081653 -0.005621577613055706 0.026555076241493225
v -0.00025622776593081653 -0.005621577613055706 0.026555076241493225
v -0.0002612674725241959 -0.006203597877174616 0.02706616185605526
v -0.0002612674725241959 -0.006203597877174616 0.02706616185605526
v -0.0002612674725241959 -0.006203597877174616 0.02706616185605526
v -0.0002612674725241959 -0.006203597877174616 0.02706616185605526
v -0.00026784432702697814 -0.006462203338742256 0.02773313783109188
v -0.00026784432702697814 -0.006462203338742256 0.02773313783109188
v -0.00026784432702697814 -0.006462203338742256 0.02773313783109188
v -0.00026784432702697814 -0.006462203338742256 0.02773313783109188
v -0.00026978240930475295 -0.006475141737610102 0.027929682284593582
v -0.00026978240930475295 -0.006475141737610102 0.027929682284593582
v -0.00026978240930475295 -0.006475141737610102 0.027929682284593582
v -0.0002766777470242232 -0.00630457466468215 0.02862895093858242
v -0.0002766777470242232 -0.00630457466468215 0.02862895093858242
v -0.0002766777470242232 -0.00630457466468215 0.02862895093858242
v -0.0002766777470242232 -0.00630457466468215 0.02862895093858242
v -0.00028226777794770896 -0.00580584304407239 0.02919584885239601
v -0.00028226777794770896 -0.00580584304407239 0.02919584885239601
v -0.00028226777794770896 -0.00580584304407239 0.02919584885239601
v -0.00028226777794770896 -0.00580584304407239 0.02919584885239601
v -0.00028226777794770896 -0.00580584304407239 0.02919584885239601
v -0.000285081536276266 -0.005074359010905027 0.029481196776032448
v -0.000285081536276266 -0.005074359010905027 0.029481196776032448
v -0.000285081536276266 -0.005074359010905027 0.029481196776032448
v -0.00028523363289423287 -0.004846241790801287 0.02949662320315838
v -0.00028523363289423287 -0.004846241790801287 0.02949662320315838
v -0.00028523363289423287 -0.004846241790801287 0.02949662320315838
v -0.00028378734714351594 -0.004156948067247868 0.029349952936172485
v -0.00028378734714351594 -0.004156948067247868 0.029349952936172485
v -0.00028378734714351594 -0.004156948067247868 0.029349952936172485
v -0.00028378734714351594 -0.004156948067247868 0.029349952936172485
v -0.00027988056535832584 -0.0036129269283264875 0.028953755274415016
v -0.00027988056535832584 -0.0036129269283264875 0.028953755274415016
v -0.00027988056535832584 -0.0036129269283264875 0.028953755274415016
v -0.00027988056535832584 -0.0036129269283264875 0.028953755274415016
v -0.00027988056535832584 -0.0036129269283264875 0.028953755274415016
v -0.0002784708922263235 -0.0035372113343328238 0.02881079912185669
v -0.0002784708922263235 -0.0035372113343328238 0.02881079912185669
v -0.0002784708922263235 -0.0035372113343328238 0.02881079912185669
v -0.00027765033883042634 -0.003526807064190507 0.028727585449814796
v -0.00027765033883042634 -0.003526807064190507 0.028727585449814796
v -0.00027765033883042634 -0.003526807064190507 0.028727585449814796
v -0.0002683154307305813 -0.0035259949509054422 0.027780912816524506
v -0.0002683154307305813 -0.0035259949509054422 0.027780912816524506
v -0.0002683154307305813 -0.0035259949509054422 0.027780912816524506
v -0.0002683154307305813 -0.0035259949509054422 0.027780912816524506
v -0.0002678581513464451 -0.0035375384613871574 0.027734538540244102
v -0.0002678581513464451 -0.0035375384613871574 0.027734538540244102
v -0.0002678581513464451 -0.0035375384613871574 0.027734538540244102
v -0.0002678581513464451 -0.0035375384613871574 0.027734538540244102
v -0.00026751149562187493 -0.0035690264776349068 0.027699382975697517
v -0.00026751149562187493 -0.0035690264776349068 0.027699382975697517
v -0.00026751149562187493 -0.0035690264776349068 0.027699382975697517
v -0.00026751149562187493 -0.0035690264776349068 0.027699382975697517
v -0.00026751149562187493 -0.0035690264776349068 0.027699382975697517
v -0.0002673504932317883 -0.0036122272722423077 0.027683056890964508
v -0.0002673504932317883 -0.0036122272722423077 0.027683056890964508
v -0.0002673504932317883 -0.0036122272722423077 0.027683056890964508
v -0.0002673428098205477 -0.003624456003308296 0.02768227644264698
v -0.0002673428098205477 -0.003624456003308296 0.02768227644264698
v -0.0002673428098205477 -0.003624456003308296 0.02768227644264698
v -0.0002673428098205477 -0.003624456003308296 0.02768227644264698
v -0.0002673401031643152 -0.003954703453928232 0.027682002633810043
v -0.0002673401031643152 -0.003954703453928232 0.027682002633810043
v -0.00026744534261524677 -0.003997719381004572 0.027692675590515137
v -0.00026744534261524677 -0.003997719381004572 0.027692675590515137
v -0.00026744534261524677 -0.003997719381004572 0.027692675590515137
v -0.00026744534261524677 -0.003997719381004572 0.027692675590515137
v -0.00026744534261524677 -0.003997719381004572 0.027692675590515137
v -0.00026744534261524677 -0.003997719381004572 0.027692675590515137
v -0.00026744534261524677 -0.003997719381004572 0.027692675590515137
v -0.0002854164922609925 0.0017285383073613048 0.029515167698264122
v -0.0002854164922609925 0.0017285383073613048 0.029515167698264122
v -0.0002854164922609925 0.0017285383073613048 0.029515167698264122
v -0.0002854164922609925 0.0017285383073613048 0.029515167698264122
v -0.0002854164922609925 0.0017285383073613048 0.029515167698264122
v -0.0002854164922609925 0.0017285383073613048 0.029515167698264122
v -0.0002854164922609925 0.0017285383073613048 0.029515167698264122
v -0.0002854164922609925 0.0017285383073613048 0.029515167698264122
v -0.0002854164922609925 0.0017285383073613048 0.029515167698264122
v -0.0002854448975995183 0.005084476433694363 0.029518047347664833
v -0.0002854448975995183 0.005084476433694363 0.029518047347664833
v -0.0002854448975995183 0.005084476433694363 0.029518047347664833
v -0.0002854448975995183 0.005084476433694363 0.029518047347664833
v -0.0002854448975995183 0.005084476433694363 0.029518047347664833
v -0.0002854448975995183 0.005084476433694363 0.029518047347664833
v -0.0002854448975995183 0.005084476433694363 0.029518047347664833
v -0.0002854448975995183 0.005084476433694363 0.029518047347664833
v -0.0002854448975995183 0.005084476433694363 0.029518047347664833
v -0.00025437065050937235 -0.0030443116556853056 0.026366744190454483
v -0.00025437065050937235 -0.0030443116556853056 0.026366744190454483
v -0.00025437065050937235 -0.0030443116556853056 0.026366744190454483
v -0.00025437065050937235 -0.0030443116556853056 0.026366744190454483
v -0.00025437065050937235 -0.0030443116556853056 0.026366744190454483
v -0.00025437065050937235 -0.0030443116556853056 0.026366744190454483
v -0.00025437065050937235 -0.0030443116556853056 0.026366744190454483
v -0.00025437065050937235 -0.0030443116556853056 0.026366744190454483
v -0.00025437065050937235 -0.0030443116556853056 0.026366744190454483
v -0.00025437065050937235 -0.0030443116556853056 0.026366744190454483
v -0.00025437065050937235 -0.0030443116556853056 0.026366744190454483
v -0.00025437065050937235 -0.0030443116556853056 0.026366744190454483
v -0.00025437065050937235 -0.0030443116556853056 0.026366744190454483
v -0.00025437065050937235 -0.0030443116556853056 0.026366744190454483
v -0.00025437065050937235 -0.0030443116556853056 0.026366744190454483
v -0.0002853900659829378 -0.0014313873834908009 0.02951248735189438
v -0.0002853900659829378 -0.0014313873834908009 0.02951248735189438
v -0.0002853900659829378 -0.0014313873834908009 0.02951248735189438
v -0.0002853900659829378 -0.0014313873834908009 0.02951248735189438
v -0.0002853900659829378 -0.0014313873834908009 0.02951248735189438
v -0.0002853900659829378 -0.0014313873834908009 0.02951248735189438
v -0.0002853900659829378 -0.0014313873834908009 0.02951248735189438
v -0.00025438459124416113 -0.0014286971418187022 0.0263681560754776
v -0.00025438459124416113 -0.0014286971418187022 0.0263681560754776
v -0.00025438459124416113 -0.0014286971418187022 0.0263681560754776
v -0.00025438459124416113 -0.0014286971418187022 0.0263681560754776
v -0.00025438459124416113 -0.0014286971418187022 0.0263681560754776
v -0.00025438459124416113 -0.0014286971418187022 0.0263681560754776
v -0.00025438459124416113 -0.0014286971418187022 0.0263681560754776
v -0.00025438459124416113 -0.0014286971418187022 0.0263681560754776
v -0.000237047002883628 -0.003042803378775716 0.024609915912151337
v -0.000237047002883628 -0.003042803378775716 0.024609915912151337
v -0.000237047002883628 -0.003042803378775716 0.024609915912151337
v -0.000237047002883628 -0.003042803378775716 0.024609915912151337
v -0.000237047002883628 -0.003042803378775716 0.024609915912151337
v -0.00023706092906650156 -0.0014271887484937906 0.024611327797174454
v -0.00023706092906650156 -0.0014271887484937906 0.024611327797174454
v -0.00023706092906650156 -0.0014271887484937906 0.024611327797174454
v -0.00023706092906650156 -0.0014271887484937906 0.024611327797174454
v -0.00023706092906650156 -0.0014271887484937906 0.024611327797174454
v -0.00023706092906650156 -0.0014271887484937906 0.024611327797174454
v -0.0002853761543519795 -0.0030470022466033697 0.02951107732951641
v -0.0002853761543519795 -0.0030470022466033697 0.02951107732951641
v -0.0002853761543519795 -0.0030470022466033697 0.02951107732951641
v -0.0002853761543519795 -0.0030470022466033697 0.02951107732951641
v -0.0002853761543519795 -0.0030470022466033697 0.02951107732951641
v -0.0002853761543519795 -0.0030470022466033697 0.02951107732951641
v -0.0002853761543519795 -0.0030470022466033697 0.02951107732951641
v -0.0002853761543519795 -0.0030470022466033697 0.02951107732951641
v -0.0002853761543519795 -0.0030470022466033697 0.02951107732951641
v -0.0003025431651622057 -0.001432913588359952 0.031252019107341766
v -0.0003025431651622057 -0.001432913588359952 0.031252019107341766
v -0.0003025431651622057 -0.001432913588359952 0.031252019107341766
v -0.0003025431651622057 -0.001432913588359952 0.031252019107341766
v -0.0003025431651622057 -0.001432913588359952 0.031252019107341766
v -0.0003025293699465692 -0.0030484891030937433 0.03125062212347984
v -0.0003025293699465692 -0.0030484891030937433 0.03125062212347984
v -0.0003025293699465692 -0.0030484891030937433 0.03125062212347984
v -0.0003025293699465692 -0.0030484891030937433 0.03125062212347984
v -0.0003025293699465692 -0.0030484891030937433 0.03125062212347984
v -0.0003025293699465692 -0.0030484891030937433 0.03125062212347984
v -0.0002544393064454198 0.005087167490273714 0.02637370675802231
v -0.0002544393064454198 0.005087167490273714 0.02637370675802231
v -0.0002544393064454198 0.005087167490273714 0.02637370675802231
v -0.0002544393064454198 0.005087167490273714 0.02637370675802231
v -0.0002544393064454198 0.005087167490273714 0.02637370675802231
v -0.0002544393064454198 0.005087167490273714 0.02637370675802231
v -0.0002544393064454198 0.005087167490273714 0.02637370675802231
v -0.0002544393064454198 0.005087167490273714 0.02637370675802231
v -0.0002544393064454198 0.005087167490273714 0.02637370675802231
v -0.0002544393064454198 0.005087167490273714 0.02637370675802231
v -0.0002544393064454198 0.005087167490273714 0.02637370675802231
v -0.0002544393064454198 0.005087167490273714 0.02637370675802231
v -0.0002544393064454198 0.005087167490273714 0.02637370675802231
v -0.000254410901106894 0.0017312291311100125 0.026370825245976448
v -0.000254410901106894 0.0017312291311100125 0.026370825245976448
v -0.000254410901106894 0.0017312291311100125 0.026370825245976448
v -0.000254410901106894 0.0017312291311100125 0.026370825245976448
v -0.000254410901106894 0.0017312291311100125 0.026370825245976448
v -0.000254410901106894 0.0017312291311100125 0.026370825245976448
v -0.000254410901106894 0.0017312291311100125 0.026370825245976448
v -0.000254410901106894 0.0017312291311100125 0.026370825245976448
v -0.000254410901106894 0.0017312291311100125 0.026370825245976448
v -0.000254410901106894 0.0017312291311100125 0.026370825245976448
v -0.00023708723892923445 0.0017327374080196023 0.024613995105028152
v -0.00023708723892923445 0.0017327374080196023 0.024613995105028152
v -0.00023708723892923445 0.0017327374080196023 0.024613995105028152
v -0.00023708723892923445 0.0017327374080196023 0.024613995105028152
v -0.00023708723892923445 0.0017327374080196023 0.024613995105028152
v -0.00023708723892923445 0.0017327374080196023 0.024613995105028152
v -0.00023711564426776022 0.00508866598829627 0.024616874754428864
v -0.00023711564426776022 0.00508866598829627 0.024616874754428864
v -0.00023711564426776022 0.00508866598829627 0.024616874754428864
v -0.00023711564426776022 0.00508866598829627 0.024616874754428864
v -0.0003025695914402604 0.00172701186966151 0.03125470131635666
v -0.0003025695914402604 0.00172701186966151 0.03125470131635666
v -0.0003025695914402604 0.00172701186966151 0.03125470131635666
v -0.0003025695914402604 0.00172701186966151 0.03125470131635666
v -0.0003025695914402604 0.00172701186966151 0.03125470131635666
v -0.0003026385384146124 0.009893394075334072 0.031261689960956573
v -0.0003026385384146124 0.009893394075334072 0.031261689960956573
v -0.00030151798273436725 0.010467512533068657 0.031148051843047142
v -0.00030151798273436725 0.010467512533068657 0.031148051843047142
v -0.00030151798273436725 0.010467512533068657 0.031148051843047142
v -0.00028786101029254496 0.011394635774195194 0.02976307086646557
v -0.00028786101029254496 0.011394635774195194 0.02976307086646557
v -0.00028786101029254496 0.011394635774195194 0.02976307086646557
v -0.00028786101029254496 0.011394635774195194 0.02976307086646557
v -0.00028786101029254496 0.011394635774195194 0.02976307086646557
v -0.00029831533902324736 0.010954387485980988 0.03082326613366604
v -0.00029831533902324736 0.010954387485980988 0.03082326613366604
v -0.00029831533902324736 0.010954387485980988 0.03082326613366604
v -0.0002935201919171959 0.011279960162937641 0.030336979776620865
v -0.0002935201919171959 0.011279960162937641 0.030336979776620865
v -0.0002935201919171959 0.011279960162937641 0.030336979776620865
v -0.000285311572952196 -0.010667926631867886 0.029504528269171715
v -0.000285311572952196 -0.010667926631867886 0.029504528269171715
v -0.000285311572952196 -0.010667926631867886 0.029504528269171715
v -0.000285311572952196 -0.010667926631867886 0.029504528269171715
v -0.000285311572952196 -0.010667926631867886 0.029504528269171715
v -0.000285311572952196 -0.010667926631867886 0.029504528269171715
v -0.000285311572952196 -0.010667926631867886 0.029504528269171715
v -0.000285311572952196 -0.010667926631867886 0.029504528269171715
v -0.000285311572952196 -0.010667926631867886 0.029504528269171715
v -0.00030134047847241163 -0.010530258528888226 0.031130053102970123
v -0.00030134047847241163 -0.010530258528888226 0.031130053102970123
v -0.00030247122049331665 -0.00995632354170084 0.03124472312629223
v -0.00030247122049331665 -0.00995632354170084 0.03124472312629223
v -0.00030247122049331665 -0.00995632354170084 0.03124472312629223
v -0.0002853458281606436 -0.006615789141505957 0.02950800023972988
v -0.0002853458281606436 -0.006615789141505957 0.02950800023972988
v -0.0002853458281606436 -0.006615789141505957 0.02950800023972988
v -0.0002853458281606436 -0.006615789141505957 0.02950800023972988
v -0.0002853458281606436 -0.006615789141505957 0.02950800023972988
v -0.0002853458281606436 -0.006615789141505957 0.02950800023972988
v -0.0002853458281606436 -0.006615789141505957 0.02950800023972988
v -0.0002853458281606436 -0.006615789141505957 0.02950800023972988
v -0.0002853458281606436 -0.006615789141505957 0.02950800023972988
v -0.0002853458281606436 -0.006615789141505957 0.02950800023972988
v -0.0002853458281606436 -0.006615789141505957 0.02950800023972988
v -0.0002853458281606436 -0.006615789141505957 0.02950800023972988
v -0.0002853458281606436 -0.006615789141505957 0.02950800023972988
v -0.0002853458281606436 -0.006615789141505957 0.02950800023972988
v -0.0002853051119018346 -0.011454842053353786 0.029503872618079185
v -0.0002853051119018346 -0.011454842053353786 0.029503872618079185
v -0.0002853051119018346 -0.011454842053353786 0.029503872618079185
v -0.0002876679936889559 -0.011455013416707516 0.02974349446594715
v -0.0002876679936889559 -0.011455013416707516 0.02974349446594715
v -0.0002876679936889559 -0.011455013416707516 0.02974349446594715
v -0.0002933289506472647 -0.011341368779540062 0.030317585915327072
v -0.0002933289506472647 -0.011341368779540062 0.030317585915327072
v -0.0002933289506472647 -0.011341368779540062 0.030317585915327072
v -0.0002981302095577121 -0.011016632430255413 0.03080449067056179
v -0.0002981302095577121 -0.011016632430255413 0.03080449067056179
v -0.00025195939815603197 0.01139774825423956 0.026122214272618294
v -0.00025195939815603197 0.01139774825423956 0.026122214272618294
v -0.00025195939815603197 0.01139774825423956 0.026122214272618294
v -0.00025195939815603197 0.01139774825423956 0.026122214272618294
v -0.00025195939815603197 0.01139774825423956 0.026122214272618294
v -0.00024456263054162264 0.011197450570762157 0.025372091680765152
v -0.00024456263054162264 0.011197450570762157 0.025372091680765152
v -0.00023914403573144227 0.010648896917700768 0.024822579696774483
v -0.00023914403573144227 0.010648896917700768 0.024822579696774483
v -0.00023914403573144227 0.010648896917700768 0.024822579696774483
v -0.00025429960805922747 -0.011452161706984043 0.02635953761637211
v -0.00025429960805922747 -0.011452161706984043 0.02635953761637211
v -0.00025429960805922747 -0.011452161706984043 0.02635953761637211
v -0.00025430668029002845 -0.01066525187343359 0.02636025659739971
v -0.00025430668029002845 -0.01066525187343359 0.02636025659739971
v -0.00025430668029002845 -0.01066525187343359 0.02636025659739971
v -0.00025430668029002845 -0.01066525187343359 0.02636025659739971
v -0.00025430668029002845 -0.01066525187343359 0.02636025659739971
v -0.00025430668029002845 -0.01066525187343359 0.02636025659739971
v -0.0002517663815524429 -0.01145190093666315 0.026102637872099876
v -0.0002517663815524429 -0.01145190093666315 0.026102637872099876
v -0.0002517663815524429 -0.01145190093666315 0.026102637872099876
v -0.00024131196551024914 -0.011011711321771145 0.02504243329167366
v -0.00024131196551024914 -0.011011711321771145 0.02504243329167366
v -0.00024131196551024914 -0.011011711321771145 0.02504243329167366
v -0.0002461077820044011 -0.01133722998201847 0.025528788566589355
v -0.0002461077820044011 -0.01133722998201847 0.025528788566589355
v -0.0002461077820044011 -0.01133722998201847 0.025528788566589355
v -0.00025434093549847603 -0.00661310413852334 0.026363730430603027
v -0.00025434093549847603 -0.00661310413852334 0.026363730430603027
v -0.00025434093549847603 -0.00661310413852334 0.026363730430603027
v -0.00025434093549847603 -0.00661310413852334 0.026363730430603027
v -0.00025434093549847603 -0.00661310413852334 0.026363730430603027
v -0.00025434093549847603 -0.00661310413852334 0.026363730430603027
v -0.00025434093549847603 -0.00661310413852334 0.026363730430603027
v -0.00025434093549847603 -0.00661310413852334 0.026363730430603027
v -0.00023701727332081646 -0.0066115958616137505 0.024606900289654732
v -0.00023701727332081646 -0.0066115958616137505 0.024606900289654732
v -0.00023701727332081646 -0.0066115958616137505 0.024606900289654732
v -0.00023701727332081646 -0.0066115958616137505 0.024606900289654732
v -0.00023701727332081646 -0.0066115958616137505 0.024606900289654732
v -0.000236988824326545 -0.009950658306479454 0.024604015052318573
v -0.000236988824326545 -0.009950658306479454 0.024604015052318573
v -0.000236988824326545 -0.009950658306479454 0.024604015052318573
v -0.00023810997663531452 -0.010524792596697807 0.02471771277487278
v -0.00023810997663531452 -0.010524792596697807 0.02471771277487278
v -0.00030249968403950334 -0.006617261562496424 0.031247608363628387
v -0.00030249968403950334 -0.006617261562496424 0.031247608363628387
v -0.00030249968403950334 -0.006617261562496424 0.031247608363628387
v -0.00023715617135167122 0.009899059310555458 0.024620985612273216
v -0.00023715617135167122 0.009899059310555458 0.024620985612273216
v -0.00023715617135167122 0.009899059310555458 0.024620985612273216
v -0.00023715617135167122 0.009899059310555458 0.024620985612273216
v -0.0002371286682318896 0.006625403184443712 0.02461819536983967
v -0.0002371286682318896 0.006625403184443712 0.02461819536983967
v -0.0002371286682318896 0.006625403184443712 0.02461819536983967
v -0.0002544523449614644 0.006623894441872835 0.026375025510787964
v -0.0002544523449614644 0.006623894441872835 0.026375025510787964
v -0.0002544523449614644 0.006623894441872835 0.026375025510787964
v -0.0002544523449614644 0.006623894441872835 0.026375025510787964
v -0.0002544523449614644 0.006623894441872835 0.026375025510787964
v -0.0002544523449614644 0.006623894441872835 0.026375025510787964
v -0.0002544523449614644 0.006623894441872835 0.026375025510787964
v -0.0002544523449614644 0.006623894441872835 0.026375025510787964
v -0.0002544523449614644 0.006623894441872835 0.026375025510787964
v -0.0002544523449614644 0.006623894441872835 0.026375025510787964
v -0.0002854578197002411 0.006621204316616058 0.029519356787204742
v -0.0002854578197002411 0.006621204316616058 0.029519356787204742
v -0.0002854578197002411 0.006621204316616058 0.029519356787204742
v -0.0002854578197002411 0.006621204316616058 0.029519356787204742
v -0.0002854578197002411 0.006621204316616058 0.029519356787204742
v -0.0002854578197002411 0.006621204316616058 0.029519356787204742
v -0.0002854578197002411 0.006621204316616058 0.029519356787204742
v -0.0003025980549864471 0.00508299982175231 0.03125758469104767
v -0.0003025980549864471 0.00508299982175231 0.03125758469104767
v -0.0003025980549864471 0.00508299982175231 0.03125758469104767
v -0.0003025980549864471 0.00508299982175231 0.03125758469104767
v -0.0003026110352948308 0.006619737017899752 0.031258903443813324
v -0.0003026110352948308 0.006619737017899752 0.031258903443813324
v -0.0003026110352948308 0.006619737017899752 0.031258903443813324
v -0.0003026110352948308 0.006619737017899752 0.031258903443813324
v -0.0003026110352948308 0.006619737017899752 0.031258903443813324
v -0.0002544927119743079 0.011397546157240868 0.026379121467471123
v -0.0002544927119743079 0.011397546157240868 0.026379121467471123
v -0.0002544927119743079 0.011397546157240868 0.026379121467471123
v -0.0002544927119743079 0.011397546157240868 0.026379121467471123
v -0.0002544927119743079 0.011397546157240868 0.026379121467471123
v -0.0002544927119743079 0.011397546157240868 0.026379121467471123
v -0.0002544927119743079 0.011397546157240868 0.026379121467471123
v -0.0002544927119743079 0.011397546157240868 0.026379121467471123
v -0.0002544927119743079 0.011397546157240868 0.026379121467471123
v -0.0002544927119743079 0.011397546157240868 0.026379121467471123
v -0.00028549821581691504 0.011394866742193699 0.0295234527438879
v -0.00028549821581691504 0.011394866742193699 0.0295234527438879
v -0.00028549821581691504 0.011394866742193699 0.0295234527438879
v -0.00028549821581691504 0.011394866742193699 0.0295234527438879
v -0.00028549821581691504 0.011394866742193699 0.0295234527438879
v -0.00028549821581691504 0.011394866742193699 0.0295234527438879
v -0.00028549821581691504 0.011394866742193699 0.0295234527438879
v -0.0007321616285480559 0.009899496100842953 0.024116067215800285
v -0.0007321616285480559 0.009899496100842953 0.024116067215800285
v -0.0007319942233152688 -0.009950220584869385 0.024099087342619896
v -0.0007319942233152688 -0.009950220584869385 0.024099087342619896
v -0.0007319942233152688 -0.009950220584869385 0.024099087342619896
v -0.0007319942233152688 -0.009950220584869385 0.024099087342619896
v -0.0007319942233152688 -0.009950220584869385 0.024099087342619896
v -0.0007334891124628484 -0.010715704411268234 0.024250691756606102
v -0.0007334891124628484 -0.010715704411268234 0.024250691756606102
v -0.0007377586443908513 -0.011364961043000221 0.024683671072125435
v -0.0007377586443908513 -0.011364961043000221 0.024683671072125435
v -0.0007377586443908513 -0.011364961043000221 0.024683671072125435
v -0.0007441526395268738 -0.011799044907093048 0.025332102552056313
v -0.0007441526395268738 -0.011799044907093048 0.025332102552056313
v -0.000751697807572782 -0.011951912194490433 0.026097271591424942
v -0.000751697807572782 -0.011951912194490433 0.026097271591424942
v -0.0007875999435782433 -0.011955039575695992 0.029738184064626694
v -0.0007875999435782433 -0.011955039575695992 0.029738184064626694
v -0.0007951478473842144 -0.011803429573774338 0.03050363063812256
v -0.0007951478473842144 -0.011803429573774338 0.03050363063812256
v -0.0008015490602701902 -0.011370484717190266 0.031152792274951935
v -0.0008015490602701902 -0.011370484717190266 0.031152792274951935
v -0.0008058298844844103 -0.010721966624259949 0.031586918979883194
v -0.0008058298844844103 -0.010721966624259949 0.031586918979883194
v -0.0008073371718637645 -0.00995676126331091 0.03173977881669998
v -0.0008073371718637645 -0.00995676126331091 0.03173977881669998
v -0.0008075046353042126 0.009892957285046577 0.03175675868988037
v -0.0008075046353042126 0.009892957285046577 0.03175675868988037
v -0.0008075046353042126 0.009892957285046577 0.03175675868988037
v -0.0008075046353042126 0.009892957285046577 0.03175675868988037
v -0.0008060097461566329 0.010658439248800278 0.031605158001184464
v -0.0008060097461566329 0.010658439248800278 0.031605158001184464
v -0.0008017407963052392 0.011307690292596817 0.031172238290309906
v -0.0008017407963052392 0.011307690292596817 0.031172238290309906
v -0.0008017407963052392 0.011307690292596817 0.031172238290309906
v -0.0007953462190926075 0.011741780675947666 0.030523747205734253
v -0.0007953462190926075 0.011741780675947666 0.030523747205734253
v -0.0007878010510466993 0.01189464796334505 0.029758578166365623
v -0.0007878010510466993 0.01189464796334505 0.029758578166365623
v -0.0007878010510466993 0.01189464796334505 0.029758578166365623
v -0.0007518994389101863 0.011897769756615162 0.02611772157251835
v -0.0007518994389101863 0.011897769756615162 0.02611772157251835
v -0.0007420366164296865 0.011630654335021973 0.025117510929703712
v -0.0007420366164296865 0.011630654335021973 0.025117510929703712
v -0.0007348119979724288 0.010899259708821774 0.024384845048189163
v -0.0007348119979724288 0.010899259708821774 0.024384845048189163
v -0.0006291528698056936 0.020046455785632133 0.013669733889400959
v -0.0006533870473504066 0.017474422231316566 0.016127370297908783
v -0.0006318595260381699 0.019919997081160545 0.013944216072559357
v -0.0006840252899564803 0.01786348968744278 0.01923445798456669
v -0.0006999141769483685 0.009285207837820053 0.02084578387439251
v -0.0006801828276365995 0.013586198911070824 0.018844788894057274
v -0.0006288144504651427 -0.020079242065548897 0.013635408133268356
v -0.0006315231439657509 -0.019953319802880287 0.013910103589296341
v -0.0006530917598865926 -0.01751142553985119 0.0160974208265543
v -0.0006837234832346439 -0.01790587045252323 0.019203850999474525
v -0.0006799530819989741 -0.013627917505800724 0.018821489065885544
v -0.0007379045127891004 -0.016482912003993988 0.024698466062545776
v -0.0006997575983405113 -0.009330357424914837 0.020829904824495316
v -0.0007933431770652533 -0.015703575685620308 0.03032061830163002
v -0.0008036847575567663 -0.015413815155625343 0.03136937692761421
v -0.0008122333674691617 -0.014756214804947376 0.032236311584711075
v -0.0008177728741429746 -0.01382435206323862 0.03279808536171913
v -0.0007381822215393186 0.01643119379878044 0.02472662925720215
v -0.0007936075562611222 0.015642203390598297 0.03034742921590805
v -0.0008039441308937967 0.01535062212496996 0.03139568492770195
v -0.000812481448519975 0.014691555872559547 0.03226146847009659
v -0.0008180055301636457 0.013758750632405281 0.03282167762517929
v -0.0007119821384549141 0.004702061880379915 0.022069619968533516
v -0.0007160187815316021 -2.3995922674657777e-05 0.022478988394141197
v -0.0007119022775441408 -0.004749289248138666 0.022061524912714958
v -0.0008313426515087485 0.009267150424420834 0.034174226224422455
v -0.0008394026081077754 0.004648049362003803 0.03499159961938858
v -0.0008311858400702477 -0.009335069917142391 0.03415832296013832
v -0.0008393239695578814 -0.004717438947409391 0.03498362377285957
v -0.0008420756785199046 -3.4910561225842685e-05 0.03526268154382706
v -0.0005012893816456199 0.016346953809261322 0.030407972633838654
v -0.000717796094249934 0.016023600473999977 0.03037935495376587
v -0.000717796094249934 0.016023600473999977 0.03037935495376587
v -0.000729503808543086 0.01569334976375103 0.03156666085124016
v -0.000729503808543086 0.01569334976375103 0.03156666085124016
v -0.0007391733815893531 0.014946888200938702 0.032547272741794586
v -0.0007391733815893531 0.014946888200938702 0.032547272741794586
v -0.000745429890230298 0.013890416361391544 0.03318175673484802
v -0.000745429890230298 0.013890416361391544 0.03318175673484802
v -0.0005141591536812484 0.01598391681909561 0.03171312436461449
v -0.0005247883964329958 0.015163389034569263 0.03279105946421623
v -0.0005316655733622611 0.01400196086615324 0.03348848596215248
v -0.0005573082016780972 0.020268084481358528 0.014103938825428486
v -0.0005573082016780972 0.020268084481358528 0.014103938825428486
v -0.0005287888925522566 0.021565983071923256 0.011489423923194408
v -0.0005287888925522566 0.021565983071923256 0.011489423923194408
v -0.0002931048220489174 0.023178203031420708 0.009295537136495113
v -0.00029638863634318113 0.023159682750701904 0.00932026281952858
v -0.00034187003620900214 0.02056313119828701 0.014240921474993229
v -0.000434898684034124 0.02230004221200943 0.010478697717189789
v -0.0006090679671615362 0.018227607011795044 0.019353006035089493
v -0.0006090679671615362 0.018227607011795044 0.019353006035089493
v -0.00039328468847088516 0.018536277115345 0.019454989582300186
v -0.0006628032424487174 0.016806436702609062 0.02480241097509861
v -0.0006628032424487174 0.016806436702609062 0.02480241097509861
v -0.00044666233588941395 0.017124544829130173 0.024868128821253777
v -0.0002979255805257708 0.02315865270793438 0.009318961761891842
v -0.0004948613350279629 0.02224276028573513 0.010411945171654224
v -0.0004948613350279629 0.02224276028573513 0.010411945171654224
v -0.0002994024252984673 0.023157697170972824 0.009317607618868351
v -0.0005636858404614031 0.02219148352742195 0.010348868556320667
v -0.0009173242142423987 0.019525520503520966 0.013188646174967289
v -0.0007027049432508647 0.019764509052038193 0.01341018732637167
v -0.0007023712387308478 -0.01979690045118332 0.013376345857977867
v -0.0007023712387308478 -0.01979690045118332 0.013376345857977867
v -0.000726307334844023 -0.01726521924138069 0.015803756192326546
v -0.000726307334844023 -0.01726521924138069 0.015803756192326546
v -0.0007527913548983634 -0.013436315581202507 0.018489552661776543
v -0.0007527913548983634 -0.013436315581202507 0.018489552661776543
v -0.0007723166490904987 -0.00919914711266756 0.020469654351472855
v -0.0007723166490904987 -0.00919914711266756 0.020469654351472855
v -0.0007842907798476517 -0.004682487342506647 0.02168397791683674
v -0.0007842907798476517 -0.004682487342506647 0.02168397791683674
v -0.0007883493672125041 -2.369498906773515e-05 0.022095566615462303
v -0.0007883493672125041 -2.369498906773515e-05 0.022095566615462303
v -0.0007843692437745631 0.004635919816792011 0.021691935136914253
v -0.0007843692437745631 0.004635919816792011 0.021691935136914253
v -0.0007724717725068331 0.009154644794762135 0.02048538438975811
v -0.0007724717725068331 0.009154644794762135 0.02048538438975811
v -0.0007530175498686731 0.013395167887210846 0.01851249486207962
v -0.0007530175498686731 0.013395167887210846 0.01851249486207962
v -0.0007265983731485903 0.017228689044713974 0.01583326980471611
v -0.0007265983731485903 0.017228689044713974 0.01583326980471611
v -0.0009169942932203412 -0.019557524472475052 0.013155186548829079
v -0.0009406410972587764 -0.01705647073686123 0.015553259290754795
v -0.0009668050915934145 -0.013273820281028748 0.018206609413027763
v -0.0009860945865511894 -0.009087907150387764 0.02016279846429825
v -0.000997923780232668 -0.004625904373824596 0.021362416446208954
v -0.0010019332403317094 -2.3392974981106818e-05 0.021769031882286072
v -0.0009980014292523265 0.004579832311719656 0.02137029729783535
v -0.00098624755628407 0.009043904021382332 0.020178303122520447
v -0.0009670283179730177 0.013233200646936893 0.018229246139526367
v -0.000940928643103689 0.017020348459482193 0.015582423657178879
v -0.00029271369567140937 -0.023203546181321144 0.009255871176719666
v -0.00029599785921163857 -0.023185037076473236 0.009280634112656116
v -0.0002975342213176191 -0.023184023797512054 0.009279272519052029
v -0.00043452237150631845 -0.022327426820993423 0.01044053677469492
v -0.0004944858374074101 -0.022270018234848976 0.010373868979513645
v -0.0004944858374074101 -0.022270018234848976 0.010373868979513645
v -0.0005284251528792083 -0.0215950645506382 0.011452533304691315
v -0.0005284251528792083 -0.0215950645506382 0.011452533304691315
v -0.00029901156085543334 -0.02318306639790535 0.009277967736124992
v -0.0005633113323710859 -0.02221861481666565 0.010310888290405273
v -0.001705269212834537 0.004456433933228254 0.020659828558564186
v -0.0016938316402956843 0.008800203911960125 0.01949993148446083
v -0.0016751307994127274 0.012876616790890694 0.017603429034352303
v -0.0016497339820489287 0.016561726108193398 0.015027890913188457
v -0.0016184136038646102 0.01974361203610897 0.011851620860397816
v -0.0015821205452084541 0.022325554862618446 0.00817106943577528
v -0.0015419586561620235 0.024229146540164948 0.0040981643833220005
v -0.0014991475036367774 0.02539648860692978 -0.0002434063790133223
v -0.0014549879124388099 0.02579217031598091 -0.00472172349691391
v -0.00141082180198282 0.025404170155525208 -0.009200703352689743
v -0.0013679909752681851 0.024244215339422226 -0.013544262386858463
v -0.001327796489931643 0.022347621619701385 -0.017620475962758064
v -0.0012914602411910892 0.019771957769989967 -0.021305406466126442
v -0.0012600859627127647 0.01659553311765194 -0.02448713779449463
v -0.001234627328813076 0.012914803810417652 -0.027068955823779106
v -0.0012158573372289538 0.008841700851917267 -0.028972454369068146
v -0.0012043471215292811 0.004499918781220913 -0.03013973869383335
v -0.0012004455784335732 2.1383964849519543e-05 -0.03053540177643299
v -0.0012042713351547718 -0.004457813687622547 -0.03014742210507393
v -0.0012157087912783027 -0.00880158320069313 -0.028987523168325424
v -0.0012344097485765815 -0.0128779960796237 -0.027091022580862045
v -0.0012598064495250583 -0.01656310446560383 -0.024515483528375626
v -0.0012911269441246986 -0.0197449903935194 -0.021339213475584984
v -0.0013274198863655329 -0.022326935082674026 -0.017658662050962448
v -0.0013675818918272853 -0.024230526760220528 -0.013585756532847881
v -0.0014103930443525314 -0.02539786696434021 -0.009244185872375965
v -0.001454552635550499 -0.02579355053603649 -0.004765869118273258
v -0.0014987187460064888 -0.025405550375580788 -0.0002868892624974251
v -0.0015415494563058019 -0.024245595559477806 0.004056669771671295
v -0.0015817440580576658 -0.022349001839756966 0.00813288427889347
v -0.0016180801903828979 -0.019773337990045547 0.011817813850939274
v -0.0016494544688612223 -0.01659691333770752 0.01499954517930746
v -0.0016749132191762328 -0.012916183099150658 0.017581362277269363
v -0.0016936830943450332 -0.008843080140650272 0.019484862685203552
v -0.0017051934264600277 -0.004501298535615206 0.020652147009968758
v -0.0017090949695557356 -2.276372651976999e-05 0.021047810092568398
v -0.0005569664062932134 -0.02030162326991558 0.014069276861846447
v -0.0005569664062932134 -0.02030162326991558 0.014069276861846447
v -0.00034152311854995787 -0.02059694193303585 0.01420573890209198
v -0.0003929715312551707 -0.01857895590364933 0.01942322961986065
v -0.0006087599322199821 -0.018270155414938927 0.01932176947593689
v -0.0006087599322199821 -0.018270155414938927 0.01932176947593689
v -0.00044637295650318265 -0.017176588997244835 0.024838780984282494
v -0.0006625188398174942 -0.016858311370015144 0.024773573502898216
v -0.0006625188398174942 -0.016858311370015144 0.024773573502898216
v -0.0005010130116716027 -0.016408467665314674 0.030379945412278175
v -0.0007175257196649909 -0.016085036098957062 0.03035193309187889
v -0.0007175257196649909 -0.016085036098957062 0.03035193309187889
v -0.0005314287845976651 -0.014068766497075558 0.033464476466178894
v -0.0007451950805261731 -0.013956611044704914 0.033157940953969955
v -0.0007451950805261731 -0.013956611044704914 0.033157940953969955
v -0.0007389207603409886 -0.015012034215033054 0.032521650195121765
v -0.0007389207603409886 -0.015012034215033054 0.032521650195121765
v -0.0007292382651939988 -0.01575683429837227 0.03153973072767258
v -0.0007292382651939988 -0.01575683429837227 0.03153973072767258
v -0.0005245316424407065 -0.015228957869112492 0.032765019685029984
v -0.0005138885462656617 -0.016047658398747444 0.031685683876276016
v -0.0007588941371068358 0.009355785325169563 0.034547194838523865
v -0.0007588941371068358 0.009355785325169563 0.034547194838523865
v -0.0007670319173485041 0.00469255680218339 0.03537246584892273
v -0.0007670319173485041 0.00469255680218339 0.03537246584892273
v -0.0007697301334701478 -3.527077205944806e-05 0.035646095871925354
v -0.0007697301334701478 -3.527077205944806e-05 0.035646095871925354
v -0.0007669518236070871 -0.004762555938214064 0.035364340990781784
v -0.0007669518236070871 -0.004762555938214064 0.035364340990781784
v -0.0007587357540614903 -0.00942437257617712 0.0345311313867569
v -0.0007587357540614903 -0.00942437257617712 0.0345311313867569
v -0.000545238668564707 0.009430998004972935 0.034864962100982666
v -0.0005534410593099892 0.004730266984552145 0.035696785897016525
v -0.0005561611033044755 -3.551252666511573e-05 0.035972628742456436
v -0.0005533609073609114 -0.004800779744982719 0.03568865731358528
v -0.000545078597497195 -0.009500110521912575 0.03484873101115227
v 0.0005721541820093989 0.014385296031832695 0.03454561159014702
v 0.0005811643786728382 0.015906840562820435 0.03363186493515968
v 0.0005950895720161498 0.0169818215072155 0.03221968188881874
v 0.0006119507015682757 0.01745746098458767 0.030509760603308678
v 0.0008153426460921764 0.0241314135491848 0.009883354417979717
v 0.0007676997338421643 0.02157660387456417 0.014714923687279224
v 0.0007174686761572957 0.019596373662352562 0.01980895735323429
v 0.000665319908875972 0.018217196688055992 0.025097474455833435
v 0.0008200720767490566 0.02441529743373394 0.009403730742633343
v 0.0008989293128252029 0.027532948181033134 0.0014066556468605995
v 0.0009108118247240782 0.02777368761599064 0.0002016252838075161
v 0.0008557692053727806 0.026177581399679184 0.00578361377120018
v 0.0010756783885881305 0.025620341300964355 -0.016517842188477516
v 0.0009436833206564188 0.028161630034446716 -0.003131946548819542
v 0.0009888503700494766 0.028047194704413414 -0.007712429389357567
v 0.0010074047604575753 0.027782021090388298 -0.009594066068530083
v 0.0010332395322620869 0.027192553505301476 -0.01221403293311596
v 0.0010982011444866657 0.024439377710223198 -0.01880192942917347
v 0.001115047256462276 0.023371925577521324 -0.020510319620370865
v 0.0011503068963065743 0.02050681784749031 -0.02408607490360737
v 0.001172248856164515 0.018148932605981827 -0.02631126344203949
v 0.001180527382530272 0.01710045337677002 -0.027150804176926613
v 0.0012049105716869235 0.01324284728616476 -0.029623549431562424
v 0.0012229656567797065 -0.00899138581007719 -0.031454555690288544
v 0.0012207803083583713 -0.009625370614230633 -0.031232941895723343
v 0.0012206173269078135 0.009669342078268528 -0.03121640905737877
v 0.0012228137347847223 0.009035717695951462 -0.031439147889614105
v 0.0012337637599557638 0.004590122029185295 -0.03254961222410202
v 0.0012374724028632045 2.3463995603378862e-05 -0.03292571380734444
v 0.0012338408268988132 -0.0045439316891133785 -0.03255743160843849
v 0.0011154410894960165 -0.023346256464719772 -0.02055026777088642
v 0.001205133623443544 -0.013201582245528698 -0.029646167531609535
v 0.00118081527762115 -0.017063431441783905 -0.027180001139640808
v 0.0011725553777068853 -0.01811331883072853 -0.026342341676354408
v 0.0011506525333970785 -0.020475005730986595 -0.024121128022670746
v 0.001098613254725933 -0.02441667765378952 -0.018843714147806168
v 0.0010761100566014647 -0.02560148760676384 -0.01656161993741989
v 0.0010336980922147632 -0.02718106471002102 -0.01226053573191166
v 0.0010078734485432506 -0.027775008231401443 -0.009641602635383606
v 0.0009893240639939904 -0.02804342284798622 -0.007760467007756233
v 0.0009441585280001163 -0.028165681287646294 -0.0031801355071365833
v 0.0008157500415109098 -0.024157783016562462 0.009842039085924625
v 0.000820484128780663 -0.024440757930278778 0.00936194695532322
v 0.000856210826896131 -0.02619692124426365 0.005738826468586922
v 0.000899394100997597 -0.02754470892250538 0.0013595203636214137
v 0.0009112805710174143 -0.027783401310443878 0.00015408394392579794
v 0.0006122456979937851 -0.01751912385225296 0.03047984652221203
v 0.0006656277109868824 -0.018269553780555725 0.025066258385777473
v 0.0007177997613325715 -0.019639668986201286 0.019775383174419403
v 0.0007680642884224653 -0.0216111708432436 0.014677952975034714
v 0.0005953767104074359 -0.01704641431570053 0.03219056501984596
v 0.0005814332980662584 -0.015973834320902824 0.03360459581017494
v 0.0005723971407860518 -0.014453808777034283 0.03452097252011299
v 0.0005583736929111183 -0.00976015254855156 0.03594312071800232
v 0.0005498647806234658 -0.004932224750518799 0.03680602088570595
v 0.0005469880998134613 -3.6484281736193225e-05 0.0370977558195591
v 0.0005497821257449687 0.004859752021729946 0.036814406514167786
v 0.0005582093144766986 0.009689169004559517 0.035959791392087936
v 0.0008945629233494401 0.014459880068898201 0.03475237265229225
v 0.0009039881988428533 0.016051501035690308 0.033796533942222595
v 0.001276497496291995 0.014486049301922321 0.03482763096690178
v 0.0012860684655606747 0.016102256253361702 0.03385702148079872
v 0.0013008604291826487 0.017244182527065277 0.03235693275928497
v 0.0009185554226860404 0.01717597246170044 0.032319243997335434
v 0.001318770693615079 0.017749391496181488 0.030540617182850838
v 0.0009361920529045165 0.017673520371317863 0.030530672520399094
v 0.0009893171954900026 0.018429754301905632 0.02514314278960228
v 0.0013718096306547523 0.018504371866583824 0.025161828845739365
v 0.001423635403625667 0.01987503096461296 0.019906070083379745
v 0.0010412265546619892 0.019802598282694817 0.019878901541233063
v 0.0014735549921169877 0.021843014284968376 0.014843619428575039
v 0.0010912277502939105 0.021773772314190865 0.014808179810643196
v 0.001520902500487864 0.02438201755285263 0.01004200242459774
v 0.001138651859946549 0.02431686595082283 0.00999879464507103
v 0.001179389306344092 0.026378799229860306 0.005867531057447195
v 0.0012228807900100946 0.027744490653276443 0.0014569625491276383
v 0.0015617494937032461 0.02644941955804825 0.005899627692997456
v 0.0013134934706613421 0.028262726962566376 -0.007732260040938854
v 0.0012679790379479527 0.028378063812851906 -0.0031165427062660456
v 0.0014009885489940643 0.02581719681620598 -0.0166053157299757
v 0.0013582234969362617 0.02740156278014183 -0.012268420308828354
v 0.0014761904021725059 0.02066441811621189 -0.02423170395195484
v 0.0014406596310436726 0.023551570251584053 -0.020628444850444794
v 0.001531213871203363 0.013344607315957546 -0.02981174737215042
v 0.0015066431369632483 0.017231885343790054 -0.027319978922605515
v 0.0015494078397750854 -0.009060478769242764 -0.03165683522820473
v 0.0015603664796799421 -0.004578827880322933 -0.03276817128062248
v 0.00156402587890625 2.364259125897661e-05 -0.03313928097486496
v 0.0015602889470756054 0.004625414963811636 -0.032760314643383026
v 0.0015492542879655957 0.009105137549340725 -0.031641267240047455
v 0.0015314386691898108 -0.013303015381097794 -0.02983453869819641
v 0.0015069333603605628 -0.0171945970505476 -0.027349406853318214
v 0.0014765384839847684 -0.020632367581129074 -0.02426699735224247
v 0.0014410566072911024 -0.023525679484009743 -0.02066870406270027
v 0.0014014237094670534 -0.025798209011554718 -0.016649454832077026
v 0.0013586855493485928 -0.027389975264668465 -0.012315284460783005
v 0.001313970424234867 -0.028258921578526497 -0.007780632935464382
v 0.0012684580869972706 -0.02838214300572872 -0.003165121655911207
v 0.0012233490124344826 -0.02775641530752182 0.0014094759244471788
v 0.00117983459495008 -0.026398245245218277 0.0058223651722073555
v 0.0016053575091063976 0.027818847447633743 0.0014772427966818213
v 0.0016505762469023466 0.028454093262553215 -0.0031084821093827486
v 0.0016962126828730106 0.028338422998785973 -0.007736575789749622
v 0.0017410621512681246 0.027474915608763695 -0.012284849770367146
v 0.0017839418724179268 0.02588636428117752 -0.01663336716592312
v 0.0018237191252410412 0.023614633828401566 -0.020667266100645065
v 0.001859345124103129 0.020719772204756737 -0.024280179291963577
v 0.0018898791167885065 0.0172780379652977 -0.027376696467399597
v 0.0019145160913467407 0.013380341231822968 -0.029875177890062332
v 0.0019326047040522099 0.009129577316343784 -0.031709589064121246
v 0.00194366869982332 0.00463780015707016 -0.03283160924911499
v 0.0019474157597869635 2.3731248802505434e-05 -0.033211611211299896
v 0.0019437464652583003 -0.004591095726937056 -0.03283949941396713
v 0.0019327587215229869 -0.00908474437892437 -0.0317252017557621
v 0.0019147411221638322 -0.0133386654779315 -0.02989800088107586
v 0.0018901705043390393 -0.01724064350128174 -0.02740623988211155
v 0.0018596946028992534 -0.020687639713287354 -0.024315619841217995
v 0.0018241173820570111 -0.02358868159353733 -0.020707659423351288
v 0.001784378313459456 -0.02586730383336544 -0.01667763479053974
v 0.0017415258334949613 -0.027463339269161224 -0.01233187597244978
v 0.0016966908005997539 -0.02833460457623005 -0.007785062305629253
v 0.0016510563436895609 -0.028458144515752792 -0.003157171653583646
v 0.001605826779268682 -0.02783074788749218 0.0014296602457761765
v 0.0015621958300471306 -0.02646889165043831 0.005854359362274408
v 0.001521314145065844 -0.02440858818590641 0.01000025775283575
v 0.001139062107540667 -0.024343416094779968 0.009957191534340382
v 0.0010915949242189527 -0.02180849015712738 0.014770939946174622
v 0.0014739236794412136 -0.02187781222164631 0.014806222170591354
v 0.0014239706797525287 -0.019918473437428474 0.019872061908245087
v 0.0010415613651275635 -0.01984604075551033 0.01984495483338833
v 0.0013721223222091794 -0.018556823953986168 0.02513011544942856
v 0.0009896284900605679 -0.018482165411114693 0.025111578404903412
v 0.0013190704630687833 -0.017811035737395287 0.03051021695137024
v 0.0009364905999973416 -0.01773516833782196 0.030500397086143494
v 0.0009188451222144067 -0.017240695655345917 0.032289858907461166
v 0.0013011522823944688 -0.017308956012129784 0.03232733532786369
v 0.0012863405281677842 -0.016169598326086998 0.033829424530267715
v 0.0009042598539963365 -0.016118763014674187 0.03376898914575577
v 0.001276742317713797 -0.014555041678249836 0.03480279818177223
v 0.0008948075119405985 -0.014528741128742695 0.034727565944194794
v 0.0008807114791125059 -0.009810717776417732 0.03615707904100418
v 0.0012626206735149026 -0.009828454814851284 0.036234915256500244
v 0.0012540528550744057 -0.004966713022440672 0.037103794515132904
v 0.0008721583872102201 -0.00495776766911149 0.03702446073293686
v 0.0012511557433754206 -3.6751698644366115e-05 0.0373975969851017
v 0.0008692666888237 -3.666304110083729e-05 0.03731771931052208
v 0.0012539695017039776 0.004893763922154903 0.03711225092411041
v 0.0008720752084627748 0.004884950816631317 0.037032902240753174
v 0.0012624557130038738 0.009756987914443016 0.03625164180994034
v 0.0008805461111478508 0.009739355184137821 0.03617384657263756
v 0.0021624802611768246 -0.014555041678249836 0.034811533987522125
v 0.0021397906821221113 -0.004966713022440672 0.0371125303208828
v 0.0021397073287516832 0.004893763922154903 0.03712098300457001
v 0.0021622353233397007 0.014486049301922321 0.03483636677265167
v 0.0022048084065318108 -0.017811035737395287 0.030518950894474983
v 0.0021868902258574963 -0.017308956012129784 0.032336071133613586
v 0.0021720784716308117 -0.016169598326086998 0.03383816033601761
v 0.0024070520885288715 -0.02440858818590641 0.01000899262726307
v 0.002309708623215556 -0.019918473437428474 0.01988079585134983
v 0.0024066404439508915 0.02438201755285263 0.010050736367702484
v 0.0024910953361541033 0.027818847447633743 0.0014859768562018871
v 0.0025819505099207163 0.028338422998785973 -0.007727841846644878
v 0.0026696796994656324 0.02588636428117752 -0.016624633222818375
v 0.0027450830675661564 0.020719772204756737 -0.024271445348858833
v 0.0028002539183944464 0.013380341231822968 -0.029866443946957588
v 0.0028294066432863474 0.00463780015707016 -0.032822877168655396
v 0.0028294844087213278 -0.004591095726937056 -0.03283076360821724
v 0.0028004790656268597 -0.0133386654779315 -0.029889266937971115
v 0.002745432546362281 -0.020687639713287354 -0.0243068840354681
v 0.0026701162569224834 -0.02586730383336544 -0.016668900847434998
v 0.0025824287440627813 -0.02833460457623005 -0.007776327896863222
v 0.002491564489901066 -0.02783074788749218 0.0014383943052962422
v 0.0022045085206627846 0.017749391496181488 0.03054935112595558
v 0.002309373114258051 0.01987503096461296 0.01991480402648449
v 0.0021718062926083803 0.016102256253361702 0.033865757286548615
v 0.0021865982562303543 0.017244182527065277 0.032365668565034866
v 0.0028507690876722336 7.858990102249663e-06 -0.014701776206493378
v 0.0028507690876722336 7.858990102249663e-06 -0.014701776206493378
v 0.0028507690876722336 7.858990102249663e-06 -0.014701776206493378
v 0.0028547197580337524 0.001508211251348257 -0.015102408826351166
v 0.0028547197580337524 0.001508211251348257 -0.015102408826351166
v 0.0028547197580337524 0.001508211251348257 -0.015102408826351166
v 0.0028655375353991985 0.00260716094635427 -0.016199475154280663
v 0.0028655375353991985 0.00260716094635427 -0.016199475154280663
v 0.0028803248424082994 0.003010418498888612 -0.017699072137475014
v 0.0028803248424082994 0.003010418498888612 -0.017699072137475014
v 0.0028803248424082994 0.003010418498888612 -0.017699072137475014
v 0.0028951189015060663 0.0026097793597728014 -0.01919938065111637
v 0.0028951189015060663 0.0026097793597728014 -0.01919938065111637
v 0.0028951189015060663 0.0026097793597728014 -0.01919938065111637
v 0.002905955072492361 0.0015126497019082308 -0.020298287272453308
v 0.002905955072492361 0.0015126497019082308 -0.020298287272453308
v 0.002905955072492361 0.0015126497019082308 -0.020298287272453308
v 0.002909931121394038 1.304038414673414e-05 -0.020701520144939423
v 0.002909931121394038 1.304038414673414e-05 -0.020701520144939423
v 0.002909931121394038 1.304038414673414e-05 -0.020701520144939423
v 0.002905980683863163 -0.001487341825850308 -0.020300891250371933
v 0.002905980683863163 -0.001487341825850308 -0.020300891250371933
v 0.002905980683863163 -0.001487341825850308 -0.020300891250371933
v 0.0028951626736670732 -0.0025863023474812508 -0.01920381374657154
v 0.0028951626736670732 -0.0025863023474812508 -0.01920381374657154
v 0.002880375599488616 -0.0029895592015236616 -0.017704227939248085
v 0.002880375599488616 -0.0029895592015236616 -0.017704227939248085
v 0.002880375599488616 -0.0029895592015236616 -0.017704227939248085
v 0.002865581540390849 -0.002588910050690174 -0.01620391756296158
v 0.002865581540390849 -0.002588910050690174 -0.01620391756296158
v 0.002865581540390849 -0.002588910050690174 -0.01620391756296158
v 0.002854744903743267 -0.0014917855150997639 -0.015104951336979866
v 0.002854744903743267 -0.0014917855150997639 -0.015104951336979866
f 1 7 8
f 8 7 9
f 9 7 13
f 9 13 14
f 14 13 15
f 14 15 19
f 19 15 20
f 19 20 24
f 24 20 26
f 24 26 29
f 29 26 30
f 30 26 32
f 30 32 35
f 38 39 40
f 41 42 46
f 46 42 47
f 8 48 1
f 1 48 49
f 1 49 53
f 53 49 54
f 53 54 57
f 57 54 58
f 40 59 38
f 38 59 60
f 38 60 32
f 32 60 61
f 32 61 35
f 62 63 65
f 65 63 68
f 47 69 46
f 46 69 70
f 46 70 65
f 65 70 71
f 65 71 62
f 58 72 57
f 57 72 73
f 57 73 46
f 46 73 74
f 46 74 41
f 68 75 65
f 65 75 76
f 65 76 38
f 38 76 77
f 38 77 39
f 63 78 68
f 68 78 79
f 68 79 75
f 75 79 80
f 75 80 76
f 76 80 81
f 76 81 77
f 77 81 82
f 77 82 39
f 39 82 83
f 39 83 40
f 40 83 84
f 40 84 59
f 59 84 85
f 59 85 60
f 60 85 86
f 60 86 61
f 61 86 87
f 61 87 35
f 35 87 88
f 35 88 30
f 30 88 89
f 30 89 29
f 29 89 90
f 29 90 24
f 24 90 91
f 24 91 19
f 19 91 92
f 19 92 14
f 14 92 93
f 14 93 9
f 9 93 94
f 9 94 8
f 8 94 95
f 8 95 48
f 48 95 96
f 48 96 49
f 49 96 97
f 49 97 54
f 54 97 98
f 54 98 58
f 58 98 99
f 58 99 72
f 72 99 100
f 72 100 73
f 73 100 101
f 73 101 74
f 74 101 102
f 74 102 41
f 41 102 103
f 41 103 42
f 42 103 104
f 42 104 47
f 47 104 105
f 47 105 69
f 69 105 106
f 69 106 70
f 70 106 107
f 70 107 71
f 71 107 108
f 71 108 62
f 62 108 109
f 62 109 63
f 63 109 78
f 79 110 80
f 80 110 111
f 80 111 81
f 81 111 112
f 81 112 82
f 82 112 113
f 82 113 83
f 83 113 114
f 83 114 84
f 84 114 115
f 84 115 85
f 85 115 116
f 85 116 86
f 86 116 117
f 86 117 87
f 87 117 118
f 87 118 88
f 88 118 119
f 88 119 89
f 89 119 120
f 89 120 90
f 90 120 121
f 90 121 91
f 91 121 122
f 91 122 92
f 92 122 123
f 92 123 93
f 93 123 124
f 93 124 94
f 94 124 125
f 94 125 95
f 95 125 126
f 95 126 96
f 96 126 127
f 96 127 97
f 97 127 128
f 97 128 98
f 98 128 129
f 98 129 99
f 99 129 130
f 99 130 100
f 100 130 131
f 100 131 101
f 101 131 132
f 101 132 102
f 102 132 133
f 102 133 103
f 103 133 134
f 103 134 104
f 104 134 135
f 104 135 105
f 105 135 136
f 105 136 106
f 106 136 137
f 106 137 107
f 107 137 138
f 107 138 108
f 108 138 139
f 108 139 109
f 109 139 140
f 109 140 78
f 78 140 141
f 78 141 79
f 79 141 110
f 141 142 110
f 110 142 143
f 110 143 111
f 111 143 144
f 111 144 112
f 112 144 145
f 112 145 113
f 113 145 146
f 113 146 114
f 114 146 147
f 114 147 115
f 115 147 148
f 115 148 116
f 116 148 149
f 116 149 117
f 117 149 150
f 117 150 118
f 118 150 151
f 118 151 119
f 119 151 152
f 119 152 120
f 120 152 153
f 120 153 121
f 121 153 154
f 121 154 122
f 122 154 155
f 122 155 123
f 123 155 156
f 123 156 124
f 124 156 157
f 124 157 125
f 125 157 158
f 125 158 126
f 126 158 159
f 126 159 127
f 127 159 160
f 127 160 128
f 128 160 161
f 128 161 129
f 129 161 162
f 129 162 130
f 130 162 163
f 130 163 131
f 131 163 164
f 131 164 132
f 132 164 165
f 132 165 133
f 133 165 166
f 133 166 134
f 134 166 167
f 134 167 135
f 135 167 168
f 135 168 136
f 136 168 169
f 136 169 137
f 137 169 170
f 137 170 138
f 138 170 171
f 138 171 139
f 139 171 172
f 139 172 140
f 140 172 173
f 140 173 141
f 141 173 142
f 153 174 154
f 154 174 175
f 154 175 155
f 155 175 176
f 155 176 156
f 156 176 177
f 156 177 157
f 157 177 178
f 157 178 158
f 158 178 179
f 158 179 159
f 159 179 180
f 159 180 160
f 160 180 181
f 160 181 161
f 181 182 161
f 161 182 183
f 161 183 162
f 162 183 184
f 162 184 163
f 163 184 185
f 163 185 164
f 164 185 186
f 164 186 165
f 165 186 187
f 165 187 166
f 166 187 188
f 166 188 167
f 167 188 189
f 167 189 168
f 168 189 190
f 168 190 169
f 145 191 146
f 146 191 192
f 146 192 147
f 147 192 193
f 147 193 148
f 148 193 194
f 148 194 149
f 149 194 195
f 149 195 150
f 150 195 196
f 150 196 151
f 151 196 197
f 151 197 152
f 152 197 198
f 152 198 153
f 153 198 199
f 153 199 174
f 190 200 169
f 169 200 201
f 169 201 170
f 170 201 202
f 170 202 171
f 171 202 203
f 171 203 172
f 172 203 204
f 172 204 173
f 173 204 205
f 173 205 142
f 142 205 206
f 142 206 143
f 143 206 207
f 143 207 144
f 144 207 208
f 144 208 145
f 145 208 209
f 145 209 191
f 205 210 206
f 206 210 213
f 206 213 207
f 207 213 214
f 207 214 208
f 208 214 217
f 208 217 209
f 209 217 219
f 209 219 191
f 191 219 221
f 191 221 192
f 192 221 223
f 192 223 193
f 193 223 225
f 193 225 194
f 194 225 227
f 194 227 195
f 195 227 229
f 195 229 196
f 196 229 231
f 196 231 197
f 197 231 233
f 197 233 198
f 198 233 234
f 198 234 199
f 199 234 236
f 199 236 174
f 174 236 238
f 174 238 175
f 175 238 240
f 175 240 176
f 176 240 242
f 176 242 177
f 177 242 244
f 177 244 178
f 178 244 246
f 178 246 179
f 179 246 249
f 179 249 180
f 180 249 251
f 180 251 181
f 181 251 252
f 181 252 182
f 182 252 255
f 182 255 183
f 183 255 257
f 183 257 184
f 184 257 259
f 184 259 185
f 185 259 260
f 185 260 186
f 186 260 262
f 186 262 187
f 187 262 264
f 187 264 188
f 188 264 266
f 188 266 189
f 189 266 268
f 189 268 190
f 190 268 271
f 190 271 200
f 200 271 273
f 200 273 201
f 201 273 275
f 201 275 202
f 202 275 277
f 202 277 203
f 203 277 279
f 203 279 204
f 204 279 280
f 204 280 205
f 205 280 210
f 283 290 295
f 292 287 298
f 302 303 306
f 307 304 309
f 312 317 320
f 320 317 295
f 320 295 302
f 301 293 296
f 302 299 303
f 323 325 331
f 331 325 333
f 340 344 347
f 286 294 339
f 335 295 352
f 335 352 342
f 324 354 327
f 328 353 341
f 329 337 356
f 357 336 348
f 319 360 364
f 369 373 375
f 377 370 381
f 374 380 384
f 386 390 392
f 392 390 331
f 392 331 379
f 379 331 333
f 378 334 383
f 313 318 363
f 312 365 393
f 398 401 404
f 401 407 411
f 416 419 423
f 411 427 401
f 403 426 430
f 401 429 404
f 406 431 417
f 404 418 433
f 436 415 422
f 439 442 447
f 445 441 451
f 446 450 452
f 458 460 465
f 463 470 455
f 456 467 399
f 455 398 453
f 453 398 404
f 453 404 445
f 471 477 480
f 479 485 472
f 474 486 490
f 471 488 495
f 493 489 497
f 492 499 503
f 471 507 477
f 476 508 510
f 477 511 514
f 514 511 516
f 522 524 531
f 534 541 545
f 544 540 549
f 545 547 551
f 539 556 563
f 564 555 566
f 562 568 502
f 498 565 571
f 500 569 504
f 516 572 578
f 528 580 584
f 530 588 520
f 519 589 592
f 520 593 600
f 599 591 603
f 598 601 608
f 607 605 614
f 614 605 562
f 560 604 615
f 559 616 620
f 618 622 562
f 561 621 624
f 562 625 534
f 535 627 633
f 536 632 542
f 635 642 646
f 648 650 654
f 577 658 517
f 515 657 662
f 516 661 514
f 513 663 636
f 514 634 665
f 667 637 645
f 587 669 525
f 527 670 674
f 526 671 530
f 532 673 647
f 530 648 676
f 676 648 654
f 678 682 687
f 689 685 691
f 686 692 694
f 701 702 706
f 705 711 699
f 700 712 552
f 698 553 693
f 695 551 547
f 695 547 687
f 716 720 723
f 723 720 731
f 723 731 734
f 741 745 727
f 722 744 750
f 724 747 713
f 756 760 723
f 723 760 763
f 723 763 740
f 732 769 726
f 725 768 770
f 721 773 755
f 776 784 792
f 788 783 794
f 796 802 803
f 806 810 811
f 820 823 824
f 826 821 834
f 828 830 840
f 777 791 843
f 842 788 846
f 842 846 802
f 801 847 850
f 799 849 805
f 853 806 855
f 855 806 811
f 856 813 781
f 780 812 816
f 779 819 782
f 786 815 827
f 861 865 868
f 871 878 879
f 883 876 835
f 880 836 888
f 887 839 832
f 868 893 861
f 860 894 896
f 857 897 904
f 902 898 908
f 905 907 794
f 795 909 914
f 794 913 788
f 917 921 803
f 803 921 925
f 803 925 796
f 928 932 934
f 935 931 852
f 934 853 940
f 940 853 855
f 944 951 954
f 960 967 972
f 961 975 965
f 966 973 976
f 964 977 981
f 948 984 989
f 953 993 943
f 947 992 994
f 945 998 1000
f 1000 998 961
f 1000 961 1003
f 1003 961 971
f 1008 1011 1013
f 989 1017 948
f 950 1016 1019
f 949 1022 956
f 957 1021 1004
f 958 1007 1026
f 1023 1006 1015
f 1027 1034 1035
f 1036 1033 1040
f 1037 1039 1043
f 1049 1052 1056
f 1054 1059 1046
f 1047 1060 980
f 1045 982 1042
f 1042 982 979
f 1042 979 1035
f 1061 1064 1071
f 1074 1078 1086
f 1067 1066 1088
f 1088 1066 1090
f 1087 1092 1095
f 1096 1090 1100
f 1096 1100 1104
f 1103 1098 1108
f 1104 1106 1112
f 1110 1107 1113
f 1112 1115 1118
f 1062 1072 1120
f 1121 1067 1124
f 1121 1124 1131
f 1131 1124 1135
f 1131 1135 1140
f 1136 1132 1143
f 1138 1141 1146
f 1086 1078 1154
f 1150 1080 1159
f 1149 1157 1144
f 1145 1156 1161
f 1147 1163 1137
f 1164 1169 1174
f 1175 1168 1177
f 1172 1178 1180
f 1182 1189 1192
f 1195 1201 1203
f 1203 1201 1074
f 1203 1074 1204
f 1205 1075 1085
f 1193 1209 1185
f 1184 1207 1119
f 1185 1118 1179
f 1179 1118 1115
f 1179 1115 1174
f 1214 1217 1219
f 1195 1224 1201
f 1200 1223 1229
f 1198 1227 1232
f 1231 1236 1201
f 1197 1234 1237
f 1196 1238 1243
f 1244 1240 1213
f 1242 1212 1246
f 1245 1213 1220
f 291 315 1250
f 1248 316 1253
f 291 1250 1254
f 291 1254 351
f 311 1261 1253
f 311 1253 316
f 350 1256 1263
f 350 1263 343
f 343 1263 1267
f 343 1267 345
f 346 1269 1271
f 349 1273 358
f 359 1272 1276
f 359 1276 326
f 332 326 1278
f 1278 326 1276
f 332 1278 1284
f 332 1284 385
f 385 1284 1286
f 385 1286 376
f 376 1286 1290
f 376 1290 368
f 367 1291 1292
f 366 1293 371
f 372 1295 1297
f 372 1297 382
f 391 382 1305
f 1305 382 1297
f 391 1305 1306
f 391 1306 387
f 387 1306 1312
f 387 1312 388
f 389 1311 1317
f 389 1317 330
f 322 330 1318
f 1318 330 1317
f 322 1318 1322
f 322 1322 355
f 355 1322 1326
f 355 1326 338
f 338 1326 1331
f 338 1331 284
f 285 1330 1332
f 282 1334 289
f 288 1333 1338
f 288 1338 297
f 305 297 1342
f 1342 297 1338
f 305 1342 1347
f 305 1347 310
f 310 1347 1351
f 310 1351 308
f 308 1351 1353
f 308 1353 300
f 321 300 1359
f 1359 300 1353
f 321 1359 1362
f 321 1362 361
f 361 1362 1365
f 361 1365 362
f 362 1365 1368
f 362 1368 396
f 395 1369 1262
f 394 1258 314
f 402 397 1370
f 1373 400 1375
f 402 1370 1382
f 402 1382 410
f 466 1386 1389
f 466 1389 469
f 469 1389 1376
f 468 1375 400
f 408 1380 1392
f 409 1393 413
f 412 1394 1395
f 412 1395 428
f 428 1395 1400
f 428 1400 432
f 414 432 1403
f 1403 432 1400
f 414 1403 1404
f 414 1404 420
f 421 1405 1409
f 421 1409 424
f 425 1411 1415
f 425 1415 434
f 435 1414 1419
f 435 1419 405
f 448 405 1423
f 1423 405 1419
f 448 1423 1426
f 448 1426 438
f 440 1427 1432
f 437 1430 443
f 444 1431 1433
f 444 1433 449
f 449 1433 1437
f 449 1437 454
f 457 454 1440
f 1440 454 1437
f 457 1440 1444
f 457 1444 459
f 462 1443 1385
f 461 1383 464
f 623 619 1446
f 1446 619 1453
f 623 1446 1456
f 623 1456 628
f 602 1458 1463
f 602 1463 617
f 617 1463 1453
f 617 1453 619
f 629 1454 1469
f 626 1468 630
f 631 1467 1473
f 631 1473 543
f 543 1473 1475
f 543 1475 548
f 688 548 1478
f 1478 548 1475
f 688 1478 1481
f 688 1481 681
f 680 1483 1487
f 679 1486 684
f 683 1485 1490
f 683 1490 690
f 690 1490 1496
f 690 1496 696
f 697 696 1497
f 1497 696 1496
f 697 1497 1502
f 697 1502 704
f 703 1501 1507
f 703 1507 707
f 708 1506 1512
f 708 1512 709
f 710 1511 1514
f 710 1514 550
f 546 550 1519
f 1519 550 1514
f 546 1519 1522
f 546 1522 538
f 537 1523 1527
f 533 1526 557
f 554 1525 1529
f 554 1529 567
f 567 1529 1533
f 567 1533 570
f 505 570 1535
f 1535 570 1533
f 505 1535 1540
f 505 1540 496
f 491 1539 1544
f 494 1542 473
f 475 1543 1545
f 475 1545 506
f 506 1545 1549
f 506 1549 509
f 518 509 1552
f 1552 509 1549
f 518 1552 1556
f 518 1556 574
f 573 1557 1562
f 575 1561 576
f 579 1559 1564
f 579 1564 659
f 659 1564 1568
f 659 1568 660
f 638 660 1572
f 1572 660 1568
f 638 1572 1574
f 638 1574 639
f 640 1576 1581
f 641 1577 643
f 644 1579 1583
f 644 1583 664
f 666 1582 1587
f 666 1587 512
f 478 512 1593
f 1593 512 1587
f 478 1593 1596
f 478 1596 482
f 481 1598 1602
f 481 1602 484
f 483 1601 1604
f 483 1604 487
f 487 1604 1608
f 487 1608 501
f 558 501 1609
f 1609 501 1608
f 558 1609 1614
f 558 1614 612
f 611 1615 1620
f 613 1619 609
f 610 1616 1623
f 610 1623 597
f 597 1623 1624
f 597 1624 521
f 523 521 1628
f 1628 521 1624
f 523 1628 1630
f 523 1630 583
f 581 1632 1637
f 582 1635 585
f 586 1636 1640
f 586 1640 668
f 668 1640 1641
f 668 1641 672
f 649 672 1645
f 1645 672 1641
f 649 1645 1646
f 649 1646 653
f 652 1649 1652
f 651 1655 656
f 655 1653 1659
f 655 1659 677
f 675 1656 1662
f 675 1662 529
f 590 529 1668
f 1668 529 1662
f 590 1668 1672
f 590 1672 596
f 595 1671 1459
f 594 1460 606
f 1676 759 1679
f 1677 761 758
f 1678 757 752
f 1681 753 1684
f 1686 754 771
f 1685 772 1687
f 1688 774 765
f 1690 766 1693
f 1694 767 735
f 1692 733 1696
f 1697 736 728
f 1698 729 1701
f 1702 730 719
f 1702 719 1706
f 1707 718 715
f 1708 714 1714
f 1711 717 751
f 1712 748 1719
f 1718 749 746
f 1716 742 1721
f 1724 743 737
f 1723 738 1726
f 1729 739 762
f 1725 764 1673
f 778 841 1731
f 1731 844 1735
f 797 1741 1745
f 797 1745 800
f 800 1745 1735
f 800 1735 844
f 854 775 1748
f 1748 775 1733
f 854 1748 1753
f 854 1753 942
f 939 1752 1754
f 941 1758 936
f 938 1757 1764
f 937 1760 929
f 927 1763 1768
f 926 1766 930
f 933 1767 1770
f 933 1770 851
f 851 1770 1775
f 851 1775 807
f 807 1775 1776
f 807 1776 809
f 808 1780 1781
f 808 1781 814
f 817 814 1785
f 1785 814 1781
f 822 818 1789
f 1789 818 1787
f 822 1789 1794
f 822 1794 831
f 829 1791 1796
f 833 1797 886
f 889 1798 1803
f 885 1801 884
f 882 1802 1807
f 881 1805 873
f 872 1809 1810
f 872 1810 875
f 874 1811 1813
f 877 1814 837
f 838 1816 1818
f 838 1818 825
f 785 825 1822
f 1822 825 1818
f 793 787 1825
f 1825 787 1823
f 793 1825 1831
f 793 1831 903
f 900 1829 1836
f 901 1833 862
f 858 1834 1837
f 859 1838 863
f 864 1839 1842
f 866 1845 869
f 870 1843 1848
f 867 1851 890
f 891 1850 1854
f 892 1853 895
f 899 1852 1856
f 899 1856 906
f 906 1856 1862
f 906 1862 910
f 790 911 1864
f 1866 912 1860
f 845 789 1867
f 1867 789 1865
f 845 1867 1870
f 845 1870 848
f 848 1870 1876
f 848 1876 804
f 804 1876 1880
f 804 1880 916
f 915 1878 1882
f 915 1882 918
f 919 1881 1888
f 920 1885 922
f 923 1884 1737
f 924 1738 798
f 1038 978 1889
f 1889 978 1893
f 1038 1889 1895
f 1038 1895 1028
f 962 1898 1905
f 962 1905 974
f 974 1905 1893
f 974 1893 978
f 1030 1897 1910
f 1029 1909 1031
f 1032 1908 1914
f 1032 1914 1041
f 1041 1914 1915
f 1041 1915 1044
f 1048 1044 1921
f 1921 1044 1915
f 1048 1921 1924
f 1048 1924 1051
f 1050 1923 1929
f 1050 1929 1055
f 1053 1927 1934
f 1053 1934 1058
f 1057 1933 1937
f 1057 1937 983
f 963 983 1938
f 1938 983 1937
f 963 1938 1944
f 963 1944 970
f 969 1942 1950
f 968 1946 1002
f 1001 1948 1951
f 1001 1951 999
f 999 1951 1956
f 999 1956 946
f 952 946 1960
f 1960 946 1956
f 952 1960 1962
f 952 1962 985
f 986 1963 1966
f 987 1969 990
f 988 1968 1970
f 988 1970 1018
f 1018 1970 1974
f 1018 1974 1020
f 1005 1020 1978
f 1978 1020 1974
f 1005 1978 1981
f 1005 1981 1009
f 1010 1980 1985
f 1010 1985 1012
f 1014 1987 1989
f 1014 1989 1025
f 1024 1990 1993
f 1024 1993 955
f 991 955 1996
f 1996 955 1993
f 991 1996 1998
f 991 1998 995
f 997 1999 1899
f 996 1900 959
f 1111 1117 2003
f 2005 1116 2006
f 1111 2003 2012
f 1111 2012 1102
f 1190 2017 2018
f 1190 2018 1208
f 1208 2018 2007
f 1210 2006 1116
f 1105 2010 2021
f 1105 2021 1097
f 1097 2021 2024
f 1097 2024 1089
f 1089 2024 2029
f 1089 2029 1068
f 1069 2030 2035
f 1070 2036 1125
f 1127 2037 2043
f 1126 2040 1134
f 1133 2041 2044
f 1133 2044 1142
f 1142 2044 2046
f 1142 2046 1148
f 1148 2046 2049
f 1148 2049 1152
f 1151 2050 2054
f 1153 2052 1084
f 1083 2053 2058
f 1083 2058 1206
f 1206 2058 2060
f 1206 2060 1202
f 1202 2060 2063
f 1202 2063 1194
f 1194 2063 2066
f 1194 2066 1225
f 1225 2066 2070
f 1225 2070 1228
f 1226 2068 2074
f 1226 2074 1230
f 1233 2075 2079
f 1233 2079 1235
f 1235 2079 2082
f 1235 2082 1239
f 1211 1239 2084
f 2084 1239 2082
f 1211 2084 2087
f 1211 2087 1218
f 1216 2090 2095
f 1215 2094 1222
f 1221 2096 2098
f 1221 2098 1247
f 1247 2098 2100
f 1247 2100 1241
f 1241 2100 2103
f 1241 2103 1199
f 1199 2103 2105
f 1199 2105 1077
f 1076 2107 2110
f 1073 2108 1079
f 1081 2109 2113
f 1082 2115 1155
f 1158 2112 2116
f 1158 2116 1160
f 1162 2118 2121
f 1162 2121 1139
f 1139 2121 2124
f 1139 2124 1130
f 1129 2125 2129
f 1128 2128 1123
f 1122 2130 2133
f 1122 2133 1063
f 1063 2133 2137
f 1063 2137 1065
f 1065 2137 2141
f 1065 2141 1091
f 1093 2139 2144
f 1094 2145 1101
f 1099 2146 2149
f 1099 2149 1109
f 1109 2149 2150
f 1109 2150 1114
f 1173 1114 2155
f 2155 1114 2150
f 1173 2155 2158
f 1173 2158 1166
f 1167 2159 2164
f 1165 2165 1171
f 1170 2161 2168
f 1170 2168 1176
f 1176 2168 2172
f 1176 2172 1181
f 1183 1181 2173
f 2173 1181 2172
f 1183 2173 2177
f 1183 2177 1186
f 1187 2179 2015
f 1188 2016 1191
f 1964 1959 2188
f 1631 1627 2198
f 1410 1408 2202
f 1384 1445 2215
f 1384 2215 1388
f 2228 1379 1371
f 2223 1372 2215
f 2221 1374 1377
f 2218 1378 1387
f 1407 1402 2232
f 2232 1402 2235
f 1402 1401 2235
f 2239 1399 1397
f 2235 1396 2223
f 2224 1398 1391
f 2222 1390 1381
f 1412 2200 1416
f 1428 1425 2248
f 2246 1424 1421
f 2248 1422 2200
f 2212 1420 1418
f 2209 1417 1413
f 2253 1441 2255
f 2259 1442 1438
f 2260 1439 1436
f 1631 2198 1633
f 1489 1482 1651
f 1480 1657 1484
f 1482 1658 1654
f 1482 1654 1651
f 1651 1644 2198
f 1644 1642 2198
f 2199 1643 1639
f 2197 1638 1634
f 1584 1580 2262
f 2266 1578 1573
f 2271 1575 1570
f 1551 1510 1555
f 1555 1510 1509
f 1554 1508 1503
f 1571 1569 2262
f 2270 1567 1566
f 2267 1563 1504
f 1505 1565 1558
f 1500 1560 1553
f 1505 1499 2262
f 2265 1498 1495
f 2264 1494 1492
f 1461 1670 1464
f 1465 1669 1666
f 1462 1665 1451
f 1452 1664 1447
f 1466 1457 1472
f 1470 1455 1448
f 1471 1450 1474
f 1476 1449 1667
f 1474 1665 1477
f 1477 1665 1663
f 1479 1661 1660
f 1524 1520 1528
f 1531 1521 1518
f 1530 1517 1532
f 1532 1517 1536
f 1541 1538 1547
f 1546 1537 1534
f 1547 1536 1548
f 1548 1536 1517
f 1548 1517 1551
f 1551 1517 1516
f 1550 1515 1513
f 2274 1594 2289
f 2288 1592 1590
f 2285 1588 2292
f 1605 1599 2274
f 2282 1600 1595
f 2283 1597 1591
f 1617 1613 2189
f 2188 1612 1611
f 2188 1611 2274
f 2281 1610 1607
f 2280 1606 1603
f 2297 1625 1622
f 2299 2302 2305
f 2304 2301 2309
f 2308 2311 2313
f 2322 2324 2326
f 2322 2326 2329
f 2315 2345 2346
f 2347 2350 2318
f 2322 2351 2352
f 2322 2352 2324
f 2357 2359 2362
f 1975 1971 2182
f 2183 1972 1967
f 2184 1965 1961
f 1994 1988 2274
f 1991 1984 2276
f 2274 1986 1982
f 2278 1983 2185
f 2190 1979 1976
f 2187 1977 1973
f 1901 2001 1902
f 1904 2000 1995
f 1903 1997 1892
f 1892 1997 1994
f 1892 1994 1891
f 1890 1992 2275
f 1891 2274 1894
f 2236 1918 2284
f 2287 1917 1911
f 2289 1913 2274
f 2279 1912 1906
f 2277 1907 1896
f 2220 1953 1947
f 1932 1930 2223
f 2225 1928 1925
f 2223 1922 2235
f 2240 1926 1919
f 2235 1920 1916
f 1949 1943 2216
f 2217 1945 1939
f 2219 1940 2226
f 2227 1941 1935
f 2229 1936 1931
f 1445 1442 2215
f 2215 1442 2250
f 2215 2250 1952
f 1952 2250 1955
f 1954 2251 1957
f 1959 2250 2294
f 1958 2296 2186
f 2188 2294 1621
f 2188 1621 1618
f 2343 2322 2365
f 2366 2317 2371
f 2365 2369 2374
f 2375 2372 2376
f 2374 2377 2379
f 1294 1289 2316
f 2319 1288 1287
f 1307 1301 1346
f 1285 1283 2322
f 2320 1282 1279
f 2322 1280 2369
f 2370 1281 1275
f 1264 2389 1268
f 1270 2387 2367
f 1266 2369 1274
f 1274 2369 1277
f 2336 1259 1367
f 2337 1366 1363
f 1346 1301 1350
f 1265 1255 2382
f 2386 1257 1249
f 2382 1251 2329
f 2329 1251 1252
f 2329 1252 1260
f 1364 1361 2339
f 2340 1360 1358
f 2333 1357 1355
f 1296 2323 1298
f 1299 2321 2338
f 1300 2335 1304
f 1302 2334 1356
f 1303 1354 1352
f 1335 1328 1336
f 1340 1329 1324
f 1308 1349 1313
f 1309 1348 1344
f 1310 1345 1316
f 1314 1343 1341
f 1315 1337 1320
f 1321 1339 1325
f 1319 1327 1323
f 1406 2231 2208
f 2210 2230 2392
f 2213 2394 2385
f 2382 2390 2395
f 2384 2397 2368
f 2369 2395 2399
f 2369 2399 2377
f 2026 2072 2034
f 2033 2071 2067
f 2065 2062 2027
f 2032 2064 2061
f 2028 2059 2056
f 2147 2143 2245
f 2131 2126 2341
f 2329 2123 2122
f 2329 2122 2382
f 2383 2120 2117
f 2382 2119 2114
f 2088 2085 2181
f 2178 2083 2080
f 2051 2048 2055
f 2055 2048 2047
f 2038 2027 2042
f 2039 2031 2057
f 2042 2055 2045
f 2045 2055 2047
f 2081 2077 2180
f 2175 2078 2073
f 2176 2076 2013
f 2014 2073 2069
f 2014 2069 2019
f 2019 2069 2023
f 2019 2023 2008
f 2101 2097 2200
f 2211 2099 2092
f 2214 2093 2086
f 2020 2011 2022
f 2025 2009 2004
f 2023 2002 2008
f 2114 2111 2382
f 2382 2111 2106
f 2388 2104 2206
f 2200 2106 2102
f 2200 2102 2101
f 2163 2157 2201
f 2203 2160 2156
f 2200 2154 2248
f 2244 2153 2151
f 2249 2152 2148
f 2142 2140 2247
f 2242 2138 2136
f 2248 2135 2329
f 2329 2135 2134
f 2342 2132 2127
f 2175 2174 2089
f 2089 2174 2171
f 2091 2169 2207
f 2205 2170 2166
f 2204 2167 2162
f 2328 2401 2332
f 2331 2402 2256
f 2330 2258 2243
f 2248 2259 1434
f 2241 1435 1429
f 2406 2407 2414
f 2416 2409 2290
f 2412 2291 2263
f 2262 2290 1586
f 2272 1589 1585
f 1717 1720 2273
f 2261 1722 1727
f 2262 1730 2416
f 2418 1728 1675
f 2411 1674 1680
f 1691 2420 1689
f 1689 2420 2416
f 1689 2416 1683
f 1683 2416 1682
f 1691 1695 2420
f 2423 1699 1703
f 2420 1700 2198
f 2196 1704 1709
f 2195 1705 1710
f 1713 1715 2198
f 2198 1715 2262
f 2194 2269 1650
f 1647 2268 1493
f 1648 1491 1488
f 1626 2294 1627
f 1627 2294 2429
f 1629 2430 2192
f 2191 2427 2431
f 2193 2435 2422
f 2417 1849 1846
f 2361 2403 2356
f 2354 2404 2419
f 2355 2415 2445
f 2436 2416 1812
f 1887 1883 2420
f 2420 1883 1877
f 1812 1808 2436
f 2437 1806 1800
f 2438 1804 1795
f 1772 1769 2447
f 2448 1765 1761
f 2449 1762 1755
f 1847 2416 1855
f 1855 2416 2420
f 1855 2420 1859
f 1844 1840 2413
f 2410 1841 1835
f 2416 1832 1812
f 1812 1832 1828
f 1812 1828 1815
f 1817 1830 1826
f 1815 1824 1820
f 1819 1827 1821
f 1799 1793 2436
f 2439 1792 1788
f 2442 1790 1784
f 1732 1734 1747
f 1749 1736 1746
f 1747 1744 1751
f 1750 1743 1742
f 1751 1740 1756
f 1759 1739 1886
f 1756 1887 2452
f 2452 1887 2420
f 2452 2420 2305
f 2306 2424 2433
f 2305 2434 2299
f 1786 1782 2443
f 2444 1783 1778
f 2436 1777 2452
f 2446 1779 1773
f 2450 1774 1771
f 1879 1875 2421
f 2426 1874 1873
f 2425 1871 1858
f 1857 1872 1869
f 1859 1868 1861
f 1861 1868 1863
f 2405 2453 2408
f 2408 2453 2293
f 2457 2396 2391
f 2393 2234 2456
f 2455 2233 2238
f 2459 2237 2453
f 2453 2237 2286
f 2453 2286 2293
f 2396 2457 2398
f 2398 2457 2461
f 2398 2461 2378
f 2378 2461 2464
f 2378 2464 2380
f 2381 2462 2466
f 2381 2466 2373
f 2373 2466 2468
f 2364 2373 2468
f 2364 2468 2344
f 2344 2468 2469
f 2344 2469 2348
f 2348 2469 2349
f 2349 2469 2472
f 2349 2472 2353
f 2353 2472 2473
f 2353 2473 2325
f 2325 2473 2475
f 2325 2475 2327
f 2327 2475 2477
f 2400 2327 2477
f 2428 2480 2432
f 2432 2480 2300
f 2428 2298 2480
f 2481 2295 2254
f 2479 2252 2477
f 2477 2252 2257
f 2477 2257 2400
f 2300 2480 2303
f 2303 2480 2483
f 2303 2483 2310
f 2310 2483 2485
f 2310 2485 2314
f 2312 2486 2488
f 2312 2488 2307
f 2307 2488 2491
f 2451 2307 2491
f 2451 2491 2441
f 2440 2490 2493
f 2440 2493 2358
f 2358 2493 2360
f 2360 2493 2495
f 2360 2495 2363
f 2363 2495 2497
f 2363 2497 2405
f 2405 2497 2453
f 2499 2500 2501
f 2501 2500 2502
f 2503 2454 2504
f 2504 2454 2498
f 2504 2498 2496
f 2505 2506 2507
f 2507 2506 2508
f 2507 2508 2509
f 2470 2467 2510
f 2510 2467 2465
f 2510 2465 2508
f 2508 2465 2463
f 2508 2463 2509
f 2509 2463 2460
f 2509 2460 2511
f 2511 2460 2458
f 2510 2512 2470
f 2470 2512 2513
f 2470 2513 2471
f 2471 2513 2514
f 2471 2514 2474
f 2474 2514 2515
f 2474 2515 2476
f 2476 2515 2478
f 2500 2504 2502
f 2502 2504 2496
f 2502 2496 2516
f 2516 2496 2494
f 2516 2494 2517
f 2517 2494 2492
f 2517 2492 2518
f 2518 2492 2489
f 2518 2489 2519
f 2519 2489 2520
f 2503 2521 2454
f 2454 2521 2522
f 2454 2522 2458
f 2458 2522 2523
f 2458 2523 2511
f 2489 2487 2520
f 2520 2487 2484
f 2520 2484 2524
f 2524 2484 2482
f 2524 2482 2525
f 2515 2526 2478
f 2478 2526 2527
f 2478 2527 2482
f 2482 2527 2528
f 2482 2528 2525
f 2529 2530 2532
f 2531 2517 2518
f 2531 2518 2533
f 2533 2518 2519
f 2533 2519 2534
f 2534 2519 2520
f 2534 2520 2537
f 2529 2532 2538
f 2538 2532 2535
f 2538 2535 2539
f 2539 2535 2536
f 2539 2536 2540
f 2542 2544 2499
f 2545 2546 2547
f 2547 2546 2548
f 2547 2548 2543
f 2543 2541 2547
f 2547 2541 2550
f 2547 2550 2551
f 2551 2550 2552
f 2551 2552 2554
f 2554 2552 2530
f 2554 2530 2529
f 2499 2501 2542
f 2542 2501 2502
f 2542 2502 2549
f 2549 2502 2516
f 2549 2516 2553
f 2553 2516 2517
f 2553 2517 2531
f 2545 2555 2546
f 2546 2555 2556
f 2546 2556 2548
f 2545 2558 2555
f 2555 2558 2559
f 2555 2559 2556
f 2557 2559 2560
f 2557 2560 2561
f 2548 2556 2543
f 2544 2557 2561
f 2544 2561 2499
f 2563 2505 2564
f 2564 2505 2507
f 2564 2507 2566
f 2566 2507 2509
f 2566 2509 2569
f 2569 2509 2511
f 2569 2511 2571
f 2571 2511 2523
f 2571 2523 2572
f 2572 2523 2522
f 2572 2522 2574
f 2574 2522 2521
f 2574 2521 2577
f 2577 2521 2503
f 2577 2503 2578
f 2578 2503 2504
f 2578 2504 2580
f 2580 2504 2500
f 2580 2500 2561
f 2561 2500 2499
f 2582 2562 2583
f 2583 2562 2565
f 2583 2565 2584
f 2584 2565 2567
f 2584 2567 2585
f 2585 2567 2568
f 2585 2568 2586
f 2586 2568 2570
f 2586 2570 2587
f 2587 2570 2573
f 2587 2573 2588
f 2588 2573 2575
f 2588 2575 2589
f 2589 2575 2576
f 2589 2576 2590
f 2590 2576 2579
f 2590 2579 2591
f 2591 2579 2581
f 2591 2581 2560
f 2560 2581 2561
f 2592 2593 2594
f 2594 2593 2595
f 2594 2595 2597
f 2597 2595 2598
f 2596 2599 2563
f 2563 2599 2505
f 2592 2594 2600
f 2600 2594 2597
f 2600 2597 2601
f 2601 2597 2562
f 2601 2562 2582
f 281 2602 211
f 211 2602 2603
f 211 2603 212
f 212 2603 2604
f 212 2604 215
f 215 2604 2605
f 215 2605 216
f 216 2605 2606
f 216 2606 218
f 218 2606 2607
f 218 2607 220
f 220 2607 2608
f 220 2608 222
f 222 2608 2609
f 222 2609 224
f 224 2609 2610
f 224 2610 226
f 226 2610 2611
f 226 2611 228
f 228 2611 2612
f 228 2612 230
f 230 2612 2613
f 230 2613 232
f 232 2613 2614
f 232 2614 235
f 235 2614 2615
f 235 2615 237
f 237 2615 2616
f 237 2616 239
f 239 2616 2617
f 239 2617 241
f 241 2617 2618
f 241 2618 243
f 243 2618 2619
f 243 2619 245
f 245 2619 2620
f 245 2620 247
f 247 2620 2621
f 247 2621 248
f 248 2621 2622
f 248 2622 250
f 250 2622 2623
f 250 2623 253
f 253 2623 2624
f 253 2624 254
f 254 2624 2625
f 254 2625 256
f 256 2625 2626
f 256 2626 258
f 258 2626 2627
f 258 2627 261
f 261 2627 2628
f 261 2628 263
f 263 2628 2629
f 263 2629 265
f 265 2629 2630
f 265 2630 267
f 267 2630 2631
f 267 2631 269
f 269 2631 2632
f 269 2632 270
f 270 2632 2633
f 270 2633 272
f 272 2633 2634
f 272 2634 274
f 274 2634 2635
f 274 2635 276
f 276 2635 2636
f 276 2636 278
f 278 2636 2637
f 278 2637 281
f 281 2637 2602
f 2505 2599 2638
f 2598 2595 2640
f 2640 2595 2593
f 2640 2593 2592
f 2598 2640 2639
f 2639 2640 2641
f 2639 2641 2642
f 2642 2641 2644
f 2642 2644 2646
f 2646 2644 2647
f 2646 2647 2649
f 2505 2638 2506
f 2506 2638 2643
f 2506 2643 2508
f 2508 2643 2645
f 2508 2645 2510
f 2510 2645 2648
f 2510 2648 2512
f 2650 2651 2653
f 2652 2515 2514
f 2652 2514 2654
f 2654 2514 2513
f 2654 2513 2656
f 2656 2513 2512
f 2656 2512 2648
f 2650 2653 2657
f 2657 2653 2655
f 2657 2655 2658
f 2658 2655 2649
f 2658 2649 2647
f 2540 2536 2659
f 2537 2520 2524
f 2537 2524 2660
f 2660 2524 2525
f 2660 2525 2661
f 2661 2525 2528
f 2661 2528 2663
f 2663 2528 2527
f 2663 2527 2665
f 2665 2527 2526
f 2665 2526 2667
f 2667 2526 2515
f 2667 2515 2652
f 2540 2659 2669
f 2669 2659 2662
f 2669 2662 2670
f 2670 2662 2664
f 2670 2664 2671
f 2671 2664 2666
f 2671 2666 2672
f 2672 2666 2668
f 2672 2668 2673
f 2673 2668 2651
f 2673 2651 2650
f 2540 2674 2675
f 2540 2675 2539
f 2539 2675 2676
f 2539 2676 2538
f 2538 2676 2677
f 2538 2677 2529
f 2678 2545 2679
f 2679 2545 2547
f 2679 2547 2680
f 2680 2547 2551
f 2680 2551 2681
f 2681 2551 2554
f 2681 2554 2677
f 2677 2554 2529
f 2545 2678 2682
f 2592 2600 2631
f 2631 2600 2601
f 2631 2601 2632
f 2632 2601 2582
f 2632 2582 2633
f 2633 2582 2583
f 2633 2583 2634
f 2634 2583 2584
f 2634 2584 2635
f 2635 2584 2585
f 2635 2585 2636
f 2636 2585 2586
f 2636 2586 2637
f 2637 2586 2587
f 2637 2587 2602
f 2602 2587 2588
f 2602 2588 2603
f 2603 2588 2589
f 2603 2589 2604
f 2604 2589 2590
f 2604 2590 2605
f 2605 2590 2591
f 2605 2591 2606
f 2606 2591 2560
f 2606 2560 2607
f 2607 2560 2559
f 2607 2559 2558
f 2608 2683 2609
f 2609 2683 2684
f 2609 2684 2610
f 2558 2545 2607
f 2607 2545 2682
f 2607 2682 2608
f 2608 2682 2685
f 2608 2685 2683
f 2613 2612 2686
f 2684 2687 2610
f 2610 2687 2688
f 2610 2688 2611
f 2611 2688 2689
f 2611 2689 2612
f 2612 2689 2690
f 2612 2690 2686
f 2686 2691 2613
f 2613 2691 2692
f 2613 2692 2614
f 2614 2692 2693
f 2614 2693 2615
f 2693 2694 2615
f 2615 2694 2695
f 2615 2695 2616
f 2616 2695 2696
f 2616 2696 2617
f 2620 2697 2621
f 2621 2697 2698
f 2621 2698 2622
f 2696 2699 2617
f 2617 2699 2700
f 2617 2700 2618
f 2618 2700 2701
f 2618 2701 2619
f 2619 2701 2702
f 2619 2702 2620
f 2620 2702 2703
f 2620 2703 2697
f 2704 2625 2624
f 2698 2705 2622
f 2622 2705 2706
f 2622 2706 2623
f 2623 2706 2707
f 2623 2707 2624
f 2624 2707 2708
f 2624 2708 2704
f 2704 2709 2625
f 2625 2709 2710
f 2625 2710 2626
f 2626 2710 2711
f 2626 2711 2627
f 2711 2712 2627
f 2627 2712 2713
f 2627 2713 2628
f 2628 2713 2714
f 2628 2714 2629
f 2715 2592 2716
f 2716 2592 2631
f 2716 2631 2717
f 2717 2631 2630
f 2717 2630 2718
f 2718 2630 2629
f 2718 2629 2719
f 2719 2629 2714
f 2720 2647 2721
f 2721 2647 2644
f 2721 2644 2722
f 2722 2644 2641
f 2722 2641 2723
f 2723 2641 2640
f 2723 2640 2715
f 2715 2640 2592
f 2647 2720 2724
f 2647 2724 2658
f 2658 2724 2725
f 2658 2725 2657
f 2657 2725 2726
f 2657 2726 2650
f 2650 2726 2673
f 2673 2726 2727
f 2673 2727 2672
f 2672 2727 2728
f 2672 2728 2671
f 2671 2728 2729
f 2671 2729 2670
f 2670 2729 2730
f 2670 2730 2669
f 2669 2730 2731
f 2669 2731 2540
f 2540 2731 2674
f 2674 2732 2733
f 2732 2734 2735
f 2732 2735 2733
f 2733 2735 2736
f 2733 2736 2737
f 2737 2736 2738
f 2737 2738 2739
f 2674 2733 2675
f 2675 2733 2737
f 2675 2737 2676
f 2676 2737 2739
f 2676 2739 2677
f 2677 2739 2740
f 2739 2738 2741
f 2739 2741 2740
f 2740 2741 2742
f 2740 2742 2743
f 2743 2742 2744
f 2743 2744 2745
f 2745 2744 2746
f 2745 2746 2747
f 2677 2740 2681
f 2681 2740 2743
f 2681 2743 2680
f 2680 2743 2745
f 2680 2745 2679
f 2679 2745 2747
f 2679 2747 2678
f 2685 2748 2749
f 2747 2746 2750
f 2748 2685 2747
f 2747 2685 2682
f 2747 2682 2678
f 2751 2687 2752
f 2752 2687 2684
f 2752 2684 2749
f 2749 2684 2683
f 2749 2683 2685
f 2753 2690 2754
f 2754 2690 2689
f 2754 2689 2751
f 2751 2689 2688
f 2751 2688 2687
f 2755 2692 2756
f 2756 2692 2691
f 2756 2691 2753
f 2753 2691 2686
f 2753 2686 2690
f 2757 2695 2758
f 2758 2695 2694
f 2758 2694 2755
f 2755 2694 2693
f 2755 2693 2692
f 2759 2703 2760
f 2760 2703 2702
f 2760 2702 2761
f 2761 2702 2701
f 2761 2701 2762
f 2762 2701 2700
f 2762 2700 2763
f 2763 2700 2699
f 2763 2699 2757
f 2757 2699 2696
f 2757 2696 2695
f 2705 2698 2759
f 2759 2698 2697
f 2759 2697 2703
f 2759 2764 2705
f 2705 2764 2765
f 2705 2765 2706
f 2706 2765 2707
f 2707 2765 2766
f 2707 2766 2708
f 2708 2766 2767
f 2708 2767 2704
f 2704 2767 2709
f 2709 2767 2768
f 2709 2768 2710
f 2710 2768 2769
f 2710 2769 2711
f 2711 2769 2712
f 2712 2769 2770
f 2712 2770 2713
f 2713 2770 2771
f 2713 2771 2714
f 2714 2771 2719
f 2719 2771 2772
f 2719 2772 2718
f 2718 2772 2773
f 2718 2773 2717
f 2747 2750 2748
f 2748 2750 2774
f 2748 2774 2749
f 2749 2774 2775
f 2749 2775 2752
f 2752 2775 2776
f 2752 2776 2751
f 2751 2776 2777
f 2751 2777 2754
f 2754 2777 2778
f 2754 2778 2753
f 2753 2778 2779
f 2753 2779 2756
f 2756 2779 2780
f 2756 2780 2755
f 2755 2780 2781
f 2755 2781 2758
f 2758 2781 2782
f 2758 2782 2757
f 2757 2782 2783
f 2757 2783 2763
f 2763 2783 2784
f 2763 2784 2762
f 2762 2784 2785
f 2762 2785 2761
f 2761 2785 2786
f 2761 2786 2760
f 2760 2786 2787
f 2760 2787 2759
f 2759 2787 2788
f 2759 2788 2764
f 2764 2788 2789
f 2764 2789 2765
f 2765 2789 2790
f 2765 2790 2766
f 2766 2790 2791
f 2766 2791 2767
f 2767 2791 2792
f 2767 2792 2768
f 2768 2792 2793
f 2768 2793 2769
f 2769 2793 2794
f 2769 2794 2770
f 2770 2794 2795
f 2770 2795 2771
f 2771 2795 2796
f 2771 2796 2772
f 2772 2796 2797
f 2772 2797 2773
f 2773 2797 2798
f 2773 2798 2799
f 2717 2773 2716
f 2716 2773 2799
f 2716 2799 2715
f 2715 2799 2800
f 2799 2798 2801
f 2799 2801 2800
f 2800 2801 2802
f 2800 2802 2803
f 2803 2802 2804
f 2803 2804 2805
f 2805 2804 2806
f 2805 2806 2807
f 2715 2800 2723
f 2723 2800 2803
f 2723 2803 2722
f 2722 2803 2805
f 2722 2805 2721
f 2721 2805 2807
f 2721 2807 2720
f 2720 2807 2808
f 2807 2806 2809
f 2807 2809 2808
f 2808 2809 2810
f 2808 2810 2811
f 2811 2810 2812
f 2811 2812 2813
f 2720 2808 2724
f 2724 2808 2811
f 2724 2811 2725
f 2725 2811 2813
f 2725 2813 2726
f 2726 2813 2814
f 2813 2812 2815
f 2813 2815 2814
f 2814 2815 2816
f 2814 2816 2817
f 2817 2816 2818
f 2817 2818 2819
f 2819 2818 2820
f 2819 2820 2821
f 2821 2820 2822
f 2821 2822 2823
f 2823 2822 2734
f 2823 2734 2732
f 2726 2814 2727
f 2727 2814 2817
f 2727 2817 2728
f 2728 2817 2819
f 2728 2819 2729
f 2729 2819 2821
f 2729 2821 2730
f 2730 2821 2823
f 2730 2823 2731
f 2731 2823 2732
f 2731 2732 2674
f 2812 2824 2815
f 2815 2824 2825
f 2815 2825 2816
f 2816 2825 2818
f 2818 2825 2826
f 2818 2826 2820
f 2820 2826 2822
f 2822 2826 2827
f 2822 2827 2734
f 2806 2828 2829
f 2806 2829 2809
f 2809 2829 2830
f 2809 2830 2810
f 2810 2830 2824
f 2810 2824 2812
f 2798 2831 2801
f 2801 2831 2832
f 2801 2832 2802
f 2802 2832 2804
f 2804 2832 2828
f 2804 2828 2806
f 2746 2833 2750
f 2750 2834 2774
f 2774 2834 2775
f 2775 2835 2776
f 2776 2835 2777
f 2777 2836 2778
f 2778 2836 2779
f 2779 2837 2780
f 2780 2837 2781
f 2781 2838 2782
f 2782 2838 2783
f 2783 2839 2784
f 2784 2839 2785
f 2785 2840 2786
f 2786 2840 2787
f 2787 2841 2788
f 2788 2841 2789
f 2789 2842 2790
f 2790 2842 2791
f 2791 2843 2792
f 2792 2843 2793
f 2793 2844 2794
f 2794 2844 2795
f 2795 2845 2796
f 2796 2845 2797
f 2797 2831 2798
f 2738 2846 2741
f 2741 2846 2847
f 2741 2847 2742
f 2742 2847 2744
f 2744 2847 2833
f 2744 2833 2746
f 2734 2827 2848
f 2734 2848 2735
f 2735 2848 2849
f 2735 2849 2736
f 2736 2849 2846
f 2736 2846 2738
f 2851 64 2855
f 2853 67 37
f 2854 36 2856
f 2856 36 31
f 2857 33 2858
f 2859 34 27
f 2860 28 2863
f 2861 25 21
f 2862 22 2865
f 2866 23 17
f 2864 18 2868
f 2867 16 10
f 2869 12 2872
f 2871 11 6
f 2870 5 2873
f 2873 5 2
f 2874 3 2876
f 2877 4 52
f 2875 51 2880
f 2878 50 56
f 2879 55 2881
f 2881 55 44
f 2882 45 2850
f 2852 43 66
