mtllib converted_link4_3_242424ff.mtl
usemtl material
v -0.0022661169059574604 -0.013903276063501835 -0.02832401916384697
v -0.002268849639222026 -0.011262976564466953 -0.028323819860816002
v 0.0008900559623725712 -0.013903276063501835 -0.028553849086165428
v 0.0008900559623725712 -0.013903276063501835 -0.028553849086165428
v 0.0008900559623725712 -0.013903276063501835 -0.028553849086165428
v 0.0008900559623725712 -0.013903276063501835 -0.028553849086165428
v 0.0008900559623725712 -0.013903276063501835 -0.028553849086165428
v -0.0022542292717844248 5.835569822920661e-07 -0.028324883431196213
v 0.0008900559623725712 0.013903823681175709 -0.028553849086165428
v 0.0008900559623725712 0.013903823681175709 -0.028553849086165428
v 0.0008900559623725712 0.013903823681175709 -0.028553849086165428
v 0.0008900559623725712 0.013903823681175709 -0.028553849086165428
v -0.0022587471175938845 0.0026408135890960693 -0.028324555605649948
v -0.0022661169059574604 0.013903823681175709 -0.02832401916384697
v 0.0038802793715149164 0.016171304509043694 -0.0219127144664526
v 0.004005116876214743 0.01631191372871399 -0.02019837312400341
v 0.0013868820387870073 0.016171304509043694 -0.021731145679950714
v 0.0013868820387870073 0.016171304509043694 -0.021731145679950714
v 0.0013868820387870073 0.016171304509043694 -0.021731145679950714
v 0.0015747571596875787 0.016480114310979843 -0.01915113627910614
v 0.0015747571596875787 0.016480114310979843 -0.01915113627910614
v 0.0015747571596875787 0.016480114310979843 -0.01915113627910614
v 0.004236229229718447 0.01727345399558544 -0.017024604603648186
v 0.0017520611872896552 0.01733294315636158 -0.01671629399061203
v 0.0017520611872896552 0.01733294315636158 -0.01671629399061203
v 0.0017520611872896552 0.01733294315636158 -0.01671629399061203
v 0.0041001406498253345 0.016591284424066544 -0.018893448635935783
v 0.004068154376000166 0.016480114310979843 -0.019332703202962875
v 0.004245458636432886 0.01733294315636158 -0.016897860914468765
v 0.004362347535789013 0.018254434689879417 -0.015292671509087086
v 0.0019049110123887658 0.01860872469842434 -0.014617270790040493
v 0.0019049110123887658 0.01860872469842434 -0.014617270790040493
v 0.0019049110123887658 0.01860872469842434 -0.014617270790040493
v 0.0019049110123887658 0.01860872469842434 -0.014617270790040493
v 0.0019049110123887658 0.01860872469842434 -0.014617270790040493
v 0.004502431955188513 0.019877763465046883 -0.013368954882025719
v 0.004502431955188513 0.019877763465046883 -0.013368954882025719
v 0.00200903438962996 0.019877763465046883 -0.013187387026846409
v 0.00200903438962996 0.019877763465046883 -0.013187387026846409
v 0.00200903438962996 0.019877763465046883 -0.013187387026846409
v 0.00200903438962996 0.019877763465046883 -0.013187387026846409
v 0.00200903438962996 0.019877763465046883 -0.013187387026846409
v 0.00200903438962996 0.019877763465046883 -0.013187387026846409
v 0.00200903438962996 0.019877763465046883 -0.013187387026846409
v 0.004437116906046867 0.019035372883081436 -0.01426590047776699
v 0.004398308228701353 0.01860872469842434 -0.014798839576542377
v 0.0038802793715149164 -0.01617075689136982 -0.0219127144664526
v 0.0013868820387870073 -0.01617075689136982 -0.021731145679950714
v 0.0013868820387870073 -0.01617075689136982 -0.021731145679950714
v 0.0013868820387870073 -0.01617075689136982 -0.021731145679950714
v 0.0013868820387870073 -0.01617075689136982 -0.021731145679950714
v 0.00150560203474015 -0.016298556700348854 -0.02010081335902214
v 0.00150560203474015 -0.016298556700348854 -0.02010081335902214
v 0.00150560203474015 -0.016298556700348854 -0.02010081335902214
v 0.004502431955188513 -0.01987721584737301 -0.013368954882025719
v 0.004502431955188513 -0.01987721584737301 -0.013368954882025719
v 0.004502431955188513 -0.01987721584737301 -0.013368954882025719
v 0.004437116906046867 -0.019034825265407562 -0.01426590047776699
v 0.00200903438962996 -0.01987721584737301 -0.013187387026846409
v 0.00200903438962996 -0.01987721584737301 -0.013187387026846409
v 0.00200903438962996 -0.01987721584737301 -0.013187387026846409
v 0.00200903438962996 -0.01987721584737301 -0.013187387026846409
v 0.00200903438962996 -0.01987721584737301 -0.013187387026846409
v 0.00200903438962996 -0.01987721584737301 -0.013187387026846409
v 0.00200903438962996 -0.01987721584737301 -0.013187387026846409
v 0.00200903438962996 -0.01987721584737301 -0.013187387026846409
v 0.00200903438962996 -0.01987721584737301 -0.013187387026846409
v 0.004362347535789013 -0.018253887072205544 -0.015292671509087086
v 0.0018613231368362904 -0.018183426931500435 -0.01521584577858448
v 0.0018613231368362904 -0.018183426931500435 -0.01521584577858448
v 0.0018613231368362904 -0.018183426931500435 -0.01521584577858448
v 0.0018613231368362904 -0.018183426931500435 -0.01521584577858448
v 0.0018613231368362904 -0.018183426931500435 -0.01521584577858448
v 0.0018613231368362904 -0.018183426931500435 -0.01521584577858448
v 0.0018613231368362904 -0.018183426931500435 -0.01521584577858448
v 0.0018613231368362904 -0.018183426931500435 -0.01521584577858448
v 0.0043547204695641994 -0.018183426931500435 -0.01539741363376379
v 0.004236229229718447 -0.017272906377911568 -0.017024604603648186
v 0.0016902394127100706 -0.016967376694083214 -0.01756526529788971
v 0.0016902394127100706 -0.016967376694083214 -0.01756526529788971
v 0.0016902394127100706 -0.016967376694083214 -0.01756526529788971
v 0.004183636978268623 -0.016967376694083214 -0.017746834084391594
v 0.0041001406498253345 -0.01659073680639267 -0.018893448635935783
v 0.0041001406498253345 -0.01659073680639267 -0.018893448635935783
v 0.004005112685263157 -0.016311366111040115 -0.020198432728648186
v 0.0020324948709458113 0.0024821534752845764 0.0009036008268594742
v 0.0020324948709458113 0.0024821534752845764 0.0009036008268594742
v 0.0020324948709458113 0.0024821534752845764 0.0009036008268594742
v 0.003029844956472516 0.0024821534752845764 0.0008309742552228272
v 0.003029844956472516 0.0024821534752845764 0.0008309742552228272
v 0.003029844956472516 0.0024821534752845764 0.0008309742552228272
v 0.003029844956472516 0.0024821534752845764 0.0008309742552228272
v 0.003029844956472516 0.0024821534752845764 0.0008309742552228272
v 0.003029844956472516 0.0024821534752845764 0.0008309742552228272
v 0.002995906164869666 0.003323823679238558 0.0003649083664640784
v 0.002995906164869666 0.003323823679238558 0.0003649083664640784
v 0.002995906164869666 0.003323823679238558 0.0003649083664640784
v 0.002995906164869666 0.003323823679238558 0.0003649083664640784
v 0.002995906164869666 -0.0033232765272259712 0.0003649083664640784
v 0.002995906164869666 -0.0033232765272259712 0.0003649083664640784
v 0.002995906164869666 -0.0033232765272259712 0.0003649083664640784
v 0.003029844956472516 -0.00248160632327199 0.0008309742552228272
v 0.003029844956472516 -0.00248160632327199 0.0008309742552228272
v 0.003029844956472516 -0.00248160632327199 0.0008309742552228272
v 0.003029844956472516 -0.00248160632327199 0.0008309742552228272
v 3.809637746599037e-06 -0.0033232765272259712 0.0005827913992106915
v 0.0020324948709458113 -0.00248160632327199 0.0009036008268594742
v 0.0020324948709458113 -0.00248160632327199 0.0009036008268594742
v 0.0020324948709458113 -0.00248160632327199 0.0009036008268594742
v 0.0020324948709458113 -0.00248160632327199 0.0009036008268594742
v 0.0020324948709458113 -0.00248160632327199 0.0009036008268594742
v 4.382214683573693e-05 -0.0022885464131832123 0.0011322664795443416
v 0.0019103889353573322 -0.0016580463852733374 0.001216926728375256
v 0.0019103889353573322 -0.0016580463852733374 0.001216926728375256
v 0.0019103889353573322 -0.0016580463852733374 0.001216926728375256
v 0.0019103889353573322 -0.0016580463852733374 0.001216926728375256
v 3.809637746599037e-06 0.003323823679238558 0.0005827913992106915
v 4.382214683573693e-05 0.002289093565195799 0.0011322664795443416
v 0.0019103889353573322 0.001658593537285924 0.001216926728375256
v 0.0019103889353573322 0.001658593537285924 0.001216926728375256
v 0.0019103889353573322 0.001658593537285924 0.001216926728375256
v 0.0019103889353573322 0.001658593537285924 0.001216926728375256
v 5.813335155835375e-05 0.001736313570290804 0.0013287962647154927
v 0.0018419184489175677 0.0008410235750488937 0.001396894920617342
v 0.0018419184489175677 0.0008410235750488937 0.001396894920617342
v 0.0018419184489175677 0.0008410235750488937 0.001396894920617342
v 6.845803000032902e-05 0.0011669135419651866 0.0014705806970596313
v 0.0018246512627229095 -0.00041792646516114473 0.0014428602298721671
v 0.0018246512627229095 -0.00041792646516114473 0.0014428602298721671
v 7.677385292481631e-05 2.7355696374797844e-07 0.001584778307005763
v 6.845803000032902e-05 -0.0011663663899526 0.0014705806970596313
v 5.813335155835375e-05 -0.0017357664182782173 0.0013287962647154927
v -8.330766286235303e-05 0.02866521291434765 0.007612302433699369
v 0.0007391448598355055 0.02866521291434765 0.007552411872893572
v 0.0007488384726457298 0.02870425395667553 0.007551705930382013
v 4.0166109101846814e-05 0.029160533100366592 0.007603310979902744
v 0.0007553814211860299 0.02872893400490284 0.0075512295588850975
v 0.0007553814211860299 0.02872893400490284 0.0075512295588850975
v 0.0007553814211860299 0.02872893400490284 0.0075512295588850975
v 0.00016363801842089742 0.02965584397315979 0.0075943199917674065
v 0.0007553814211860299 0.030147163197398186 0.0075512295588850975
v 0.0007553814211860299 0.030147163197398186 0.0075512295588850975
v 0.0007553814211860299 0.030147163197398186 0.0075512295588850975
v 0.0005925535806454718 0.030116533860564232 0.0075630866922438145
v 0.00039970301440916955 0.030015263706445694 0.007577129639685154
v 0.00025114620802924037 0.029855703935027122 0.0075879474170506
v 0.0005779815837740898 -0.030111035332083702 0.0075641474686563015
v 0.0007553814211860299 -0.030146615579724312 0.0075512295588850975
v 0.0007553814211860299 -0.030146615579724312 0.0075512295588850975
v 0.0007553814211860299 -0.028728386387228966 0.0075512295588850975
v 0.0007553814211860299 -0.028728386387228966 0.0075512295588850975
v 0.0007553814211860299 -0.028728386387228966 0.0075512295588850975
v 0.0007553814211860299 -0.028728386387228966 0.0075512295588850975
v 4.0166109101846814e-05 -0.02915998548269272 0.007603310979902744
v -8.330766286235303e-05 -0.028664665296673775 0.007612302433699369
v 0.0007488384726457298 -0.028703706339001656 0.007551705930382013
v 0.0007391448598355055 -0.028664665296673775 0.007552411872893572
v 0.00038763522752560675 -0.030005237087607384 0.007578008342534304
v 0.0002428793377475813 -0.02984221652150154 0.007588549517095089
v 0.00016363801842089742 -0.029655296355485916 0.0075943199917674065
v 0.00463215634226799 -0.02013857662677765 -0.013653136789798737
v 0.00463215634226799 -0.02013857662677765 -0.013653136789798737
v 0.00463215634226799 -0.02013857662677765 -0.013653136789798737
v 5.5852116929600015e-05 -0.02013857662677765 -0.013319892808794975
v 5.5852116929600015e-05 -0.02013857662677765 -0.013319892808794975
v 0.004760288167744875 -0.02181919664144516 -0.011893556453287601
v 0.00018078630091622472 -0.021781345829367638 -0.01160340290516615
v 0.004898215644061565 -0.023345787078142166 -0.009999452158808708
v 0.0003151429700665176 -0.023277416825294495 -0.009758339263498783
v 0.005042265169322491 -0.024684686213731766 -0.008021280169487
v 0.005042265169322491 -0.024684686213731766 -0.008021280169487
v 0.0004579534870572388 -0.02461685612797737 -0.007797182071954012
v 0.004823524039238691 -0.025371985509991646 -0.006826598197221756
v 0.004823524039238691 -0.025371985509991646 -0.006826598197221756
v 0.004823524039238691 -0.025371985509991646 -0.006826598197221756
v 0.0006082540494389832 -0.02579064667224884 -0.005733167286962271
v 0.004631746094673872 -0.02579178661108017 -0.006023889873176813
v 0.004631746094673872 -0.02579178661108017 -0.006023889873176813
v 0.004631746094673872 -0.02579178661108017 -0.006023889873176813
v 0.0045247068628668785 -0.02598770707845688 -0.005626737140119076
v 0.0045247068628668785 -0.02598770707845688 -0.005626737140119076
v 0.0007650431944057345 -0.026790816336870193 -0.00358004798181355
v 0.003923095762729645 -0.026814356446266174 -0.0037528250832110643
v 0.003923095762729645 -0.026814356446266174 -0.0037528250832110643
v 0.003923095762729645 -0.026814356446266174 -0.0037528250832110643
v 0.0031843630131334066 -0.027497906237840652 -0.0018612780841067433
v 0.0031843630131334066 -0.027497906237840652 -0.0018612780841067433
v 0.0009272517636418343 -0.027610616758465767 -0.0013525061076506972
v 0.0030353793408721685 -0.027610916644334793 -0.001505066524259746
v 0.0030353793408721685 -0.027610916644334793 -0.001505066524259746
v 0.0030353793408721685 -0.027610916644334793 -0.001505066524259746
v 0.001093798317015171 -0.028244636952877045 0.00093460752395913
v 0.0012554054846987128 -0.02867169678211212 0.0031538913026452065
v 0.0012554054846987128 -0.02867169678211212 0.0031538913026452065
v 0.0016601517563685775 -0.028458256274461746 0.001893016044050455
v 0.0016601517563685775 -0.028458256274461746 0.001893016044050455
v 0.002402810612693429 -0.02803494594991207 -6.297049822023837e-06
v 0.002402810612693429 -0.02803494594991207 -6.297049822023837e-06
v 0.0009272517636418343 0.02761116437613964 -0.0013525061076506972
v 0.002403675112873316 0.028034953400492668 -8.3251634350745e-06
v 0.002403675112873316 0.028034953400492668 -8.3251634350745e-06
v 0.001093798317015171 0.02824518457055092 0.00093460752395913
v 0.0016601517563685775 0.02845880389213562 0.001893016044050455
v 0.0016601517563685775 0.02845880389213562 0.001893016044050455
v 0.0012554054846987128 0.028672244399785995 0.0031538913026452065
v 0.0012554054846987128 0.028672244399785995 0.0031538913026452065
v 0.0012554054846987128 0.028672244399785995 0.0031538913026452065
v 0.0007650431944057345 0.026791304349899292 -0.00358004798181355
v 0.0031843630131334066 0.027498453855514526 -0.0018612780841067433
v 0.0031843630131334066 0.027498453855514526 -0.0018612780841067433
v 0.0030353793408721685 0.027611464262008667 -0.001505066524259746
v 0.0030353793408721685 0.027611464262008667 -0.001505066524259746
v 0.0006082540494389832 0.025791194289922714 -0.005733167286962271
v 0.0045247068628668785 0.025988254696130753 -0.005626737140119076
v 0.0045247068628668785 0.025988254696130753 -0.005626737140119076
v 0.003919569775462151 0.02681884355843067 -0.003743003588169813
v 0.003919569775462151 0.02681884355843067 -0.003743003588169813
v 0.0004579534870572388 0.024617403745651245 -0.007797182071954012
v 0.00482485257089138 0.02536919340491295 -0.006832850631326437
v 0.00482485257089138 0.02536919340491295 -0.006832850631326437
v 0.004631746094673872 0.025792334228754044 -0.006023889873176813
v 0.004631746094673872 0.025792334228754044 -0.006023889873176813
v 5.5852116929600015e-05 0.020139124244451523 -0.013319892808794975
v 5.5852116929600015e-05 0.020139124244451523 -0.013319892808794975
v 0.00463215634226799 0.020139124244451523 -0.013653136789798737
v 0.00463215634226799 0.020139124244451523 -0.013653136789798737
v 0.00463215634226799 0.020139124244451523 -0.013653136789798737
v 0.00018078630091622472 0.02178189344704151 -0.01160340290516615
v 0.004760288167744875 0.021819744259119034 -0.011893556453287601
v 0.0003151429700665176 0.02327796444296837 -0.009758339263498783
v 0.004898215644061565 0.02334633469581604 -0.009999452158808708
v 0.005042265169322491 0.02468523383140564 -0.008021280169487
v 0.005042265169322491 0.02468523383140564 -0.008021280169487
v 0.0010657180100679398 0.028708724305033684 0.0038875453174114227
v 0.0010657180100679398 0.028708724305033684 0.0038875453174114227
v 0.0010657180100679398 0.028708724305033684 0.0038875453174114227
v 0.0009596665622666478 0.028648054227232933 0.004381973296403885
v 0.0009596665622666478 0.028648054227232933 0.004381973296403885
v 0.0009596665622666478 0.028648054227232933 0.004381973296403885
v 0.000873881159350276 0.028500523418188095 0.003322174772620201
v 0.000873881159350276 0.028500523418188095 0.003322174772620201
v 0.0009157296735793352 0.028579864650964737 0.00461740605533123
v 0.0009157296735793352 0.028579864650964737 0.00461740605533123
v 0.0008876125211827457 0.028488844633102417 0.0047818925231695175
v 0.0007838006131350994 0.028314383700489998 0.003356287255883217
v 5.181341839488596e-05 0.020139124244451523 -0.013319598510861397
v 5.181341839488596e-05 0.020139124244451523 -0.013319598510861397
v 5.181341839488596e-05 0.020139124244451523 -0.013319598510861397
v 0.0010632522171363235 0.028647154569625854 0.0032866874244064093
v 0.0010632522171363235 0.028647154569625854 0.0032866874244064093
v 0.0010632522171363235 0.028647154569625854 0.0032866874244064093
v 0.0008937366073951125 0.02820393443107605 0.000958801421802491
v 0.0008937366073951125 0.02820393443107605 0.000958801421802491
v -5.5226442782441154e-05 0.020130783319473267 -0.013302359730005264
v -5.5226442782441154e-05 0.020130783319473267 -0.013302359730005264
v -5.5226442782441154e-05 0.020130783319473267 -0.013302359730005264
v 3.976308289566077e-05 0.020139014348387718 -0.013318479992449284
v 3.976308289566077e-05 0.020139014348387718 -0.013318479992449284
v 4.7888657718431205e-05 0.020139124244451523 -0.013319252990186214
v 4.7888657718431205e-05 0.020139124244451523 -0.013319252990186214
v -0.00016380516171921045 0.020103484392166138 -0.013265346176922321
v -0.00016380516171921045 0.020103484392166138 -0.013265346176922321
v -0.00016380516171921045 0.020103484392166138 -0.013265346176922321
v -0.00016380516171921045 0.020103484392166138 -0.013265346176922321
v -0.00016380516171921045 0.020103484392166138 -0.013265346176922321
v -0.00016380516171921045 0.020103484392166138 -0.013265346176922321
v -1.7942737031262368e-05 0.021750064566731453 -0.011560908518731594
v -1.7942737031262368e-05 0.021750064566731453 -0.011560908518731594
v 0.00011621494923019782 0.023243993520736694 -0.00971857737749815
v 0.00011621494923019782 0.023243993520736694 -0.00971857737749815
v 0.0002588185598142445 0.02458152361214161 -0.0077602616511285305
v 0.0002588185598142445 0.02458152361214161 -0.0077602616511285305
v 0.00040890200762078166 0.025753524154424667 -0.005699228961020708
v 0.00040890200762078166 0.025753524154424667 -0.005699228961020708
v 0.0005654572159983218 0.02675226330757141 -0.003549321321770549
v 0.0005654572159983218 0.02675226330757141 -0.003549321321770549
v 0.0007274319068528712 0.027570873498916626 -0.001324991462752223
v 0.0007274319068528712 0.027570873498916626 -0.001324991462752223
v -0.00020177732221782207 0.021638723090291023 -0.011449391953647137
v -0.00020177732221782207 0.021638723090291023 -0.011449391953647137
v -0.0002848319127224386 0.02149740420281887 -0.011318795382976532
v -0.00030542025342583656 0.021244853734970093 -0.011601526290178299
v -0.00040808465564623475 0.019877763465046883 -0.013011373579502106
v -0.00040808465564623475 0.019877763465046883 -0.013011373579502106
v -0.00040808465564623475 0.019877763465046883 -0.013011373579502106
v -0.00040808465564623475 0.019877763465046883 -0.013011373579502106
v -0.00040808465564623475 0.019877763465046883 -0.013011373579502106
v -0.00040808465564623475 0.019877763465046883 -0.013011373579502106
v -0.00040808465564623475 0.019877763465046883 -0.013011373579502106
v -0.00040808465564623475 0.019877763465046883 -0.013011373579502106
v -0.00040808465564623475 0.019877763465046883 -0.013011373579502106
v -0.00040808465564623475 0.019877763465046883 -0.013011373579502106
v -0.00040808465564623475 0.019877763465046883 -0.013011373579502106
v -0.00032389358966611326 0.020009484142065048 -0.013155139051377773
v -0.00032389358966611326 0.020009484142065048 -0.013155139051377773
v -0.00032389358966611326 0.020009484142065048 -0.013155139051377773
v -0.00032389358966611326 0.020009484142065048 -0.013155139051377773
v -0.00032389358966611326 0.020009484142065048 -0.013155139051377773
v -0.00032389358966611326 0.020009484142065048 -0.013155139051377773
v -0.00029664713656529784 0.02119770459830761 -0.011743619106709957
v -0.00029664713656529784 0.02119770459830761 -0.011743619106709957
v -0.0003051003732252866 0.0212420541793108 -0.011610213667154312
v -0.00015222845831885934 0.022973984479904175 -0.00949780736118555
v -6.83080725139007e-05 0.023125024512410164 -0.009616514667868614
v -6.83080725139007e-05 0.023125024512410164 -0.009616514667868614
v -1.1287355846434366e-05 0.024295954033732414 -0.0075623225420713425
v 7.356408605119213e-05 0.02445569448173046 -0.00766824372112751
v 7.356408605119213e-05 0.02445569448173046 -0.00766824372112751
v 0.00010539407230680808 0.02522549405694008 -0.005959985312074423
v 0.0002228812372777611 0.025621743872761726 -0.005617734044790268
v 0.0002228812372777611 0.025621743872761726 -0.005617734044790268
v 0.0001370559330098331 0.02545437403023243 -0.005525186192244291
v 0.00029179328703321517 0.0264414232224226 -0.0034002428874373436
v 0.0003786361776292324 0.026615293696522713 -0.0034788167104125023
v 0.0003786361776292324 0.026615293696522713 -0.0034788167104125023
v 0.0004332660464569926 0.02716687321662903 -0.0014574569649994373
v 0.0005397836212068796 0.0274297334253788 -0.0012658468913286924
v 0.0005397836212068796 0.0274297334253788 -0.0012658468913286924
v 0.00045188478543423116 0.02725055441260338 -0.001201773528009653
v 0.0006162583595141768 0.02787628397345543 0.001055499422363937
v 0.0007052349392324686 0.028059573844075203 0.0010062269866466522
v 0.0007052349392324686 0.028059573844075203 0.0010062269866466522
v 0.0007804198539815843 0.028307463973760605 0.003309860359877348
v -0.0017214992549270391 -0.018105287104845047 0.0033998952712863684
v -0.0016074542654678226 -0.018409326672554016 0.0049660285003483295
v 0.0007804111228324473 -0.028306856751441956 0.00330974068492651
v 0.0008127236505970359 0.027435453608632088 0.007831575348973274
v 0.0008010308956727386 0.027278393507003784 0.008190502412617207
v -0.0013757894048467278 0.018608953803777695 0.008147384971380234
v -0.0013757959241047502 -0.01860840618610382 0.008147294633090496
v 0.0008015024359337986 -0.027318136766552925 0.008067282848060131
v 0.0007553814211860299 -0.027288995683193207 0.0075512295588850975
v 0.0007553814211860299 -0.027288995683193207 0.0075512295588850975
v 0.0007553814211860299 -0.027288995683193207 0.0075512295588850975
v 0.0007553814211860299 -0.027288995683193207 0.0075512295588850975
v 0.0007553814211860299 -0.027288995683193207 0.0075512295588850975
v 0.0007553814211860299 -0.027288995683193207 0.0075512295588850975
v 0.0007553814211860299 -0.027288995683193207 0.0075512295588850975
v 0.0007553814211860299 -0.027288995683193207 0.0075512295588850975
v 0.0008279563626274467 -0.02753891609609127 0.007686194963753223
v 0.0008411564631387591 -0.02761729620397091 0.0075983041897416115
v 0.0008411564631387591 -0.02761729620397091 0.0075983041897416115
v -0.0014919369714334607 -0.01857747696340084 0.0065523781813681126
v 0.0007284464663825929 -0.027338705956935883 0.006990224123001099
v 0.0007305376930162311 -0.027504345402121544 0.006382828112691641
v 0.0007619846146553755 -0.027767136693000793 0.005808557849377394
v 0.0008876125211827457 -0.028488297015428543 0.0047818925231695175
v 0.0007838006131350994 -0.028313836082816124 0.003356287255883217
v -0.0007134414627216756 -0.015971265733242035 0.01724313199520111
v 0.0017391657456755638 -0.02355893701314926 0.021204877644777298
v -0.0008155865361914039 -0.016732946038246155 0.01584041491150856
v 0.0015219530323520303 -0.025059126317501068 0.018221985548734665
v -0.0009220994543284178 -0.01737113669514656 0.014377717860043049
v 0.0014558469410985708 -0.02542843669652939 0.017314178869128227
v -0.001032201573252678 -0.017881056293845177 0.012865731492638588
v 0.001293027657084167 -0.02618141658604145 0.015078249387443066
v -0.0011450781021267176 -0.01825888641178608 0.011315645650029182
v 0.001129446434788406 -0.02672799676656723 0.012831857427954674
v -0.0012598937610164285 -0.01850195601582527 0.009738930501043797
v 0.0010558373760432005 -0.02690889686346054 0.011821013875305653
v 0.0008139625424519181 -0.027230635285377502 0.008499449118971825
v -0.0002932639326900244 -0.010535676032304764 0.023013252764940262
v 0.0022889168467372656 -0.01704372651875019 0.028754375874996185
v -0.00036306740366853774 -0.011814136058092117 0.02205467037856579
v 0.0022741721477359533 -0.01729394681751728 0.028551893308758736
v -0.0004405853687785566 -0.013005335815250874 0.020990150049328804
v 0.0021255607716739178 -0.019520776346325874 0.02651107683777809
v -0.0005252461996860802 -0.014100516214966774 0.01982753723859787
v 0.0020367703400552273 -0.020640866830945015 0.02529175579547882
v -0.0006164216902107 -0.015091615729033947 0.018575463443994522
v 0.0019413824193179607 -0.02170349657535553 0.023981833830475807
v 0.00176129094325006 -0.02337922528386116 0.02150871232151985
v -7.578325312351808e-05 -0.003183866385370493 0.025999823585152626
v 0.0026903587859123945 -0.004993346519768238 0.034267209470272064
v -0.00010055347229354084 -0.004746516700834036 0.02565966546535492
v 0.002631243085488677 -0.008238696493208408 0.03345539793372154
v -0.00013497649342752993 -0.006274126470088959 0.025186948478221893
v 0.002608061768114567 -0.00918438658118248 0.033137064427137375
v -0.00017879395454656333 -0.007755426689982414 0.024585220962762833
v 0.0025436822324991226 -0.011359825730323792 0.0322529636323452
v -0.00023168916231952608 -0.009179436601698399 0.02385883405804634
v 0.002466493286192417 -0.013437226414680481 0.0311929602175951
v 0.0024289959110319614 -0.014309726655483246 0.030678024515509605
v -0.00010055347229354084 0.004747013561427593 0.02565966546535492
v 0.0026903587859123945 0.004993893206119537 0.034267209470272064
v -7.578325312351808e-05 0.003184353467077017 0.025999823585152626
v 0.0026947096921503544 0.004661173559725285 0.03432696312665939
v -6.0848076827824116e-05 0.001598153612576425 0.026204921305179596
v 0.0027201459743082523 0.0016731935320422053 0.03467626869678497
v -5.58572392037604e-05 2.7355696374797844e-07 0.026273459196090698
v 0.002723877551034093 2.7355696374797844e-07 0.03472751006484032
v -6.0848076827824116e-05 -0.0015977263683453202 0.026204921305179596
v 0.0027201459743082523 -0.0016726463800296187 0.03467626869678497
v 0.0026947096921503544 -0.004660746548324823 0.03432696312665939
v -0.0003630630671977997 0.011814624071121216 0.022054729983210564
v 0.0022889168467372656 0.017044274136424065 0.028754375874996185
v -0.0002932595962192863 0.010536164045333862 0.023013312369585037
v 0.0024289959110319614 0.01431021373718977 0.030678024515509605
v -0.00023168484040070325 0.009179923683404922 0.023858891800045967
v 0.002466497477144003 0.01343766413629055 0.031193019822239876
v -0.0001787896326277405 0.007755913306027651 0.024585280567407608
v 0.0025436822324991226 0.011360373347997665 0.0322529636323452
v -0.0001349721715087071 0.006274613551795483 0.02518700622022152
v 0.0026080661918967962 0.009184814058244228 0.03313712403178215
v 0.002631243085488677 0.008239244110882282 0.03345539793372154
v -0.0008155778632499278 0.01673349365592003 0.01584053412079811
v 0.0017391657456755638 0.023559484630823135 0.021204877644777298
v -0.0007134370971471071 0.015971753746271133 0.017243189737200737
v 0.0017612952506169677 0.02337971329689026 0.021508771926164627
v -0.0006164173246361315 0.015092103742063046 0.018575523048639297
v 0.0019413824193179607 0.021704044193029404 0.023981833830475807
v -0.0005252418341115117 0.014101063832640648 0.019827596843242645
v 0.002036779187619686 0.02064129337668419 0.02529187500476837
v -0.0004405853687785566 0.013005823828279972 0.020990150049328804
v 0.0021255607716739178 0.019521383568644524 0.02651107683777809
v 0.002274176338687539 0.01729443296790123 0.02855195291340351
v 0.0008020874229259789 0.027262603864073753 0.008254303596913815
v 0.0008139625424519181 0.027231182903051376 0.008499449118971825
v -0.0012598850298672915 0.018502503633499146 0.009739050641655922
v 0.0010558373760432005 0.026909444481134415 0.011821013875305653
v -0.00114507379475981 0.018259434029459953 0.011315705254673958
v 0.001129454467445612 0.026728544384241104 0.012831967324018478
v -0.0010321972658857703 0.017881544306874275 0.012865791097283363
v 0.001293027657084167 0.026181964203715324 0.015078249387443066
v -0.0009220951469615102 0.01737162470817566 0.014377777464687824
v 0.0014558556722477078 0.025428924709558487 0.017314298078417778
v 0.0015219530323520303 0.025059673935174942 0.018221985548734665
v 0.0007619067328050733 0.027767393738031387 0.005809154827147722
v -0.0016074498416855931 0.018409933894872665 0.004966088570654392
v 0.0007305371691472828 0.0275055430829525 0.006381153594702482
v 0.0007284464663825929 0.027339253574609756 0.006990224123001099
v 0.0008411564631387591 0.027617843821644783 0.0075983041897416115
v 0.0008411564631387591 0.027617843821644783 0.0075983041897416115
v 0.0007553814211860299 0.02728954330086708 0.0075512295588850975
v 0.0007553814211860299 0.02728954330086708 0.0075512295588850975
v 0.0007553814211860299 0.02728954330086708 0.0075512295588850975
v 0.0007553814211860299 0.02728954330086708 0.0075512295588850975
v 0.0007553814211860299 0.02728954330086708 0.0075512295588850975
v 0.0007553814211860299 0.02728954330086708 0.0075512295588850975
v 0.0007553814211860299 0.02728954330086708 0.0075512295588850975
v -0.0014919282402843237 0.018578024581074715 0.006552497856318951
v -0.0021708824206143618 0.014679104089736938 -0.004525166470557451
v -0.0022408529184758663 0.01465931348502636 -0.0037321702111512423
v -0.0022514837328344584 0.014368443749845028 -0.004276244901120663
v -0.0022514837328344584 0.014368443749845028 -0.004276244901120663
v -0.0022756443358957767 0.014271523803472519 -0.004209944978356361
v -0.0022756443358957767 0.014271523803472519 -0.004209944978356361
v -0.0022756443358957767 0.014271523803472519 -0.004209944978356361
v -0.002119731158018112 0.014857323840260506 -0.0047246175818145275
v -0.0020450649317353964 0.015083643607795238 -0.005088692530989647
v -0.0020314936991780996 0.015119283460080624 -0.005166533403098583
v -0.0018880644347518682 0.015509633347392082 -0.005949588026851416
v -0.0016954720485955477 0.01610252447426319 -0.006847677752375603
v -0.0015710837906226516 0.016521364450454712 -0.007353837601840496
v -0.0013601734535768628 0.017288653180003166 -0.008100448176264763
v -0.001141111715696752 0.018154114484786987 -0.008741759695112705
v -0.0008639594889245927 0.0192550141364336 -0.00953980628401041
v -0.0007101641967892647 0.019834844395518303 -0.01004416961222887
v -0.0006303722038865089 0.02012542448937893 -0.010326439514756203
v -0.000550570257473737 0.020406993106007576 -0.010626576840877533
v -0.00046976833255030215 0.020686063915491104 -0.010942450724542141
v -0.002063438994809985 -0.015031835995614529 -0.004989756736904383
v -0.0021406253799796104 -0.014785965904593468 -0.004638953600078821
v -0.0022408573422580957 -0.01465870626270771 -0.003732229582965374
v -0.0005527567700482905 -0.020398635417222977 -0.010618056170642376
v -0.0006303765112534165 -0.020124755799770355 -0.010326499119400978
v -0.00015222845831885934 -0.0229734368622303 -0.00949780736118555
v -0.0007101728697307408 -0.019834235310554504 -0.010044288821518421
v -0.0008639682782813907 -0.019254406914114952 -0.00953992735594511
v -0.000470775761641562 -0.020682116970419884 -0.010938255116343498
v -0.0002848319127224386 -0.021496856585144997 -0.011318795382976532
v -0.0003053984837606549 -0.02124454639852047 -0.011601227335631847
v -0.001141120446845889 -0.01815350539982319 -0.008741880767047405
v -0.001360120833851397 -0.017288045957684517 -0.008100571110844612
v -0.0015710287261754274 -0.016520816832780838 -0.007353901397436857
v -0.001695476472377777 -0.016101915389299393 -0.006847736891359091
v -0.0018880731659010053 -0.015509085729718208 -0.005949707701802254
v -0.0020314978901296854 -0.01511873584240675 -0.005166592542082071
v -0.0021916863042861223 -0.01460166648030281 -0.004453856963664293
v -0.0022514837328344584 -0.014367836527526379 -0.004276244901120663
v -0.0022514837328344584 -0.014367836527526379 -0.004276244901120663
v -0.0022756443358957767 -0.01427091658115387 -0.004209944978356361
v -0.0022756443358957767 -0.01427091658115387 -0.004209944978356361
v -1.1287355846434366e-05 -0.02429540641605854 -0.0075623225420713425
v -0.0021463867742568254 -0.015589375980198383 -0.0024349051527678967
v 0.00010538974311202765 -0.02522488683462143 -0.005960044451057911
v -0.002046458190307021 -0.01640494540333748 -0.0010626286966726184
v 0.0001370559330098331 -0.025453826412558556 -0.005525186192244291
v -0.0019418153678998351 -0.017099395394325256 0.00037438658182509243
v 0.0006162583595141768 -0.027875736355781555 0.001055499422363937
v 0.00045188478543423116 -0.027250006794929504 -0.001201773528009653
v -0.0018332289764657617 -0.01766754686832428 0.001865557860583067
v 0.0004332573153078556 -0.027166325598955154 -0.0014575767563655972
v 0.00029179328703321517 -0.02644093707203865 -0.0034002428874373436
v -0.0018332203617319465 0.01766815409064293 0.0018656776519492269
v -0.0017214949475601315 0.018105894327163696 0.0033999551087617874
v -0.0020464544650167227 0.016405554488301277 -0.001062578521668911
v -0.0019418110605329275 0.01709994301199913 0.0003744464775081724
v -0.0021463786251842976 0.015589984133839607 -0.0024347954895347357
v -5.685792348231189e-05 -0.020129816606640816 -0.013301759026944637
v -5.685792348231189e-05 -0.020129816606640816 -0.013301759026944637
v -0.0001196558223455213 -0.020116345956921577 -0.013282788917422295
v -0.0001196558223455213 -0.020116345956921577 -0.013282788917422295
v -0.0001196558223455213 -0.020116345956921577 -0.013282788917422295
v -1.7942737031262368e-05 -0.02174951694905758 -0.011560908518731594
v -0.00029663051827810705 -0.021197395399212837 -0.011743390932679176
v -0.00029663051827810705 -0.021197395399212837 -0.011743390932679176
v -0.00029663051827810705 -0.021197395399212837 -0.011743390932679176
v -0.00029663051827810705 -0.021197395399212837 -0.011743390932679176
v 0.0009597216849215329 -0.02864750660955906 0.004381909035146236
v 0.0009597216849215329 -0.02864750660955906 0.004381909035146236
v 0.000873881159350276 -0.02849997580051422 0.003322174772620201
v 0.000873881159350276 -0.02849997580051422 0.003322174772620201
v 0.0009157296735793352 -0.028579317033290863 0.00461740605533123
v 0.0005397836212068796 -0.027429185807704926 -0.0012658468913286924
v 0.0005397836212068796 -0.027429185807704926 -0.0012658468913286924
v 0.0007052349392324686 -0.02805902622640133 0.0010062269866466522
v 0.0007052349392324686 -0.02805902622640133 0.0010062269866466522
v 0.0002228812372777611 -0.025621196255087852 -0.005617734044790268
v 0.0002228812372777611 -0.025621196255087852 -0.005617734044790268
v 0.0003786361776292324 -0.02661474607884884 -0.0034788167104125023
v 0.0003786361776292324 -0.02661474607884884 -0.0034788167104125023
v -0.0003060644958168268 -0.0200246162712574 -0.013172869570553303
v -0.0003060644958168268 -0.0200246162712574 -0.013172869570553303
v -0.0003060644958168268 -0.0200246162712574 -0.013172869570553303
v -0.0003060644958168268 -0.0200246162712574 -0.013172869570553303
v -0.0003060644958168268 -0.0200246162712574 -0.013172869570553303
v -0.00040802519652061164 -0.01987721584737301 -0.013011377304792404
v -0.00040802519652061164 -0.01987721584737301 -0.013011377304792404
v -0.00040802519652061164 -0.01987721584737301 -0.013011377304792404
v -0.00040802519652061164 -0.01987721584737301 -0.013011377304792404
v -0.00040802519652061164 -0.01987721584737301 -0.013011377304792404
v -0.00040802519652061164 -0.01987721584737301 -0.013011377304792404
v -0.00040802519652061164 -0.01987721584737301 -0.013011377304792404
v -0.00040802519652061164 -0.01987721584737301 -0.013011377304792404
v -0.00020177732221782207 -0.02163817547261715 -0.011449391953647137
v -0.00020177732221782207 -0.02163817547261715 -0.011449391953647137
v -6.830374331912026e-05 -0.02312447689473629 -0.009616455063223839
v -6.830374331912026e-05 -0.02312447689473629 -0.009616455063223839
v 7.356408605119213e-05 -0.024455146864056587 -0.00766824372112751
v 7.356408605119213e-05 -0.024455146864056587 -0.00766824372112751
v 5.151432560523972e-05 -0.02013857662677765 -0.013319576159119606
v 5.151432560523972e-05 -0.02013857662677765 -0.013319576159119606
v 5.151432560523972e-05 -0.02013857662677765 -0.013319576159119606
v 4.694121889770031e-05 -0.02013857662677765 -0.013319184072315693
v 4.694121889770031e-05 -0.02013857662677765 -0.013319184072315693
v 3.708485382958315e-05 -0.02013840526342392 -0.013318224810063839
v 3.708485382958315e-05 -0.02013840526342392 -0.013318224810063839
v 2.1683890736312605e-05 -0.020137926563620567 -0.013316442258656025
v 2.1683890736312605e-05 -0.020137926563620567 -0.013316442258656025
v -6.290976671152748e-06 -0.02013607695698738 -0.013312319293618202
v -6.290976671152748e-06 -0.02013607695698738 -0.013312319293618202
v 0.00011621494923019782 -0.02324344590306282 -0.00971857737749815
v 0.00011621494923019782 -0.02324344590306282 -0.00971857737749815
v 0.0002588185598142445 -0.024580975994467735 -0.0077602616511285305
v 0.0002588185598142445 -0.024580975994467735 -0.0077602616511285305
v 0.00040890200762078166 -0.025752976536750793 -0.005699228961020708
v 0.00040890200762078166 -0.025752976536750793 -0.005699228961020708
v 0.0005654572159983218 -0.026751715689897537 -0.003549321321770549
v 0.0005654572159983218 -0.026751715689897537 -0.003549321321770549
v 0.0007274319068528712 -0.027570325881242752 -0.001324991462752223
v 0.0007274319068528712 -0.027570325881242752 -0.001324991462752223
v 0.0010662188287824392 -0.02870829589664936 0.003885473357513547
v 0.0010662188287824392 -0.02870829589664936 0.003885473357513547
v 0.0010662188287824392 -0.02870829589664936 0.003885473357513547
v 0.0010632522171363235 -0.02864660695195198 0.0032866874244064093
v 0.0010632522171363235 -0.02864660695195198 0.0032866874244064093
v 0.0008937366073951125 -0.028203386813402176 0.000958801421802491
v 0.0008937366073951125 -0.028203386813402176 0.000958801421802491
v 0.00039371830644086003 -0.03000112622976303 0.0020709335803985596
v 0.0012321553658694029 -0.030199546366930008 0.0032367988023906946
v 0.0012321553658694029 -0.030199546366930008 0.0032367988023906946
v 0.000564191082958132 -0.03033711574971676 0.004411964677274227
v 0.0009157296735793352 -0.030360126867890358 0.00461740605533123
v 0.0009157296735793352 -0.030360126867890358 0.00461740605533123
v 0.0007257706602104008 -0.03048582561314106 0.006630869582295418
v 0.0007257706602104008 -0.03048582561314106 0.006630869582295418
v 0.0007257706602104008 -0.03048582561314106 0.006630869582295418
v 6.102388215367682e-05 -0.02878834679722786 -0.0024978192523121834
v 0.0031843630131334066 -0.02907552570104599 -0.0018612780841067433
v 0.0031843630131334066 -0.02907552570104599 -0.0018612780841067433
v 0.0031843630131334066 -0.02907552570104599 -0.0018612780841067433
v 0.00022566108964383602 -0.02948387712240219 -0.00023692563991062343
v 0.002403577324002981 -0.02958347648382187 -8.027164767554495e-06
v 0.002403577324002981 -0.02958347648382187 -8.027164767554495e-06
v 0.0016601517563685775 -0.02998538687825203 0.001893016044050455
v 0.0016601517563685775 -0.02998538687825203 0.001893016044050455
v -9.918524301610887e-05 -0.02791883610188961 -0.004697903990745544
v 0.003921166993677616 -0.028431976214051247 -0.0037473600823432207
v 0.003921166993677616 -0.028431976214051247 -0.0037473600823432207
v 0.003921166993677616 -0.028431976214051247 -0.0037473600823432207
v 0.003543205326423049 -0.028790315613150597 -0.0027455950621515512
v 0.003543205326423049 -0.028790315613150597 -0.0027455950621515512
v -0.00040250850724987686 -0.025679906830191612 -0.008863314986228943
v 0.005042265169322491 -0.026430746540427208 -0.008021280169487
v 0.005042265169322491 -0.026430746540427208 -0.008021280169487
v 0.005042265169322491 -0.026430746540427208 -0.008021280169487
v -0.0002540090645197779 -0.02688058651983738 -0.00682403426617384
v 0.004898970481008291 -0.02688528597354889 -0.007190548349171877
v 0.004898970481008291 -0.02688528597354889 -0.007190548349171877
v 0.004898970481008291 -0.02688528597354889 -0.007190548349171877
v 0.0045247068628668785 -0.02765156701207161 -0.005626737140119076
v 0.0045247068628668785 -0.02765156701207161 -0.005626737140119076
v -0.0008011127356439829 -0.02118023671209812 -0.014339667744934559
v 0.004553768318146467 -0.02118023671209812 -0.014729606918990612
v -0.0006769790779799223 -0.022821085527539253 -0.012632504105567932
v 0.004678082186728716 -0.022821085527539253 -0.013022457249462605
v -0.0005437785875983536 -0.024324016645550728 -0.010803318582475185
v 0.004811282269656658 -0.024324016645550728 -0.011193271726369858
v 0.004925934132188559 -0.025441305711865425 -0.009618809446692467
v -7.868446118663996e-05 -0.030027765780687332 0.007258853409439325
v -0.0002004674606723711 -0.02974017709493637 0.007268904708325863
v -0.00023012406018096954 -0.02973254583775997 0.006861642934381962
v -0.0014420117950066924 -0.022535936906933784 -0.012323286384344101
v -0.0014420117950066924 -0.022535936906933784 -0.012323286384344101
v -0.0015537732979282737 -0.020925777032971382 -0.014020531438291073
v -0.0015537732979282737 -0.020925777032971382 -0.014020531438291073
v -0.0012242641532793641 -0.02111305668950081 -0.014239049516618252
v -0.0012242641532793641 -0.02111305668950081 -0.014239049516618252
v -0.001729101873934269 -0.02065427601337433 -0.013725677505135536
v -0.0016080505447462201 -0.022254306823015213 -0.012060843408107758
v -0.0013104815734550357 -0.02402009628713131 -0.010517037473618984
v -0.0013104815734550357 -0.02402009628713131 -0.010517037473618984
v -0.0005506527377292514 -0.029115457087755203 -8.26267059892416e-05
v -0.0005506527377292514 -0.029115457087755203 -8.26267059892416e-05
v -0.0005506527377292514 -0.029115457087755203 -8.26267059892416e-05
v -0.0008883728878572583 -0.02807338535785675 -0.002177812159061432
v -0.0007132294704206288 -0.028428636491298676 -0.0023152248468250036
v -0.0007132294704206288 -0.028428636491298676 -0.0023152248468250036
v -0.0010446071391925216 -0.02722545526921749 -0.004323311150074005
v -0.0008714384166523814 -0.027570025995373726 -0.004487842321395874
v -0.0008714384166523814 -0.027570025995373726 -0.004487842321395874
v -0.0011955867521464825 -0.026213007047772408 -0.006396651733666658
v -0.0010243267752230167 -0.026544766500592232 -0.006587393116205931
v -0.0010243267752230167 -0.026544766500592232 -0.006587393116205931
v -0.0013403937919065356 -0.025042135268449783 -0.008385226130485535
v -0.0011709689861163497 -0.025359056890010834 -0.008601170033216476
v -0.0011709689861163497 -0.025359056890010834 -0.008601170033216476
v -0.0013522161170840263 -0.024937115609645844 -0.008547576144337654
v -0.0014781617792323232 -0.023719925433397293 -0.010277136228978634
v -0.0005639420123770833 -0.0292560663074255 0.002277461113408208
v -0.0007011079578660429 -0.02884652651846409 0.0003938187728635967
v -0.0007278303964994848 -0.02875162661075592 2.6850500944419764e-05
v -0.00038469082210212946 -0.029626326635479927 0.0021964586339890957
v -0.00038469082210212946 -0.029626326635479927 0.0021964586339890957
v -0.00021635183657053858 -0.02995808608829975 0.0045081875286996365
v -0.00021635183657053858 -0.02995808608829975 0.0045081875286996365
v -0.00039770701550878584 -0.02958371676504612 0.004560296423733234
v -1.6406187569373287e-05 -0.030116576701402664 0.0072539569810032845
v -4.664888547267765e-05 -0.030108826234936714 0.006838646717369556
v -4.664888547267765e-05 -0.030108826234936714 0.006838646717369556
v -0.00034948255051858723 -0.029645046219229698 0.005222542677074671
v 0.00043677902431227267 -0.030441246926784515 0.007219653110951185
v 0.00036539643770083785 -0.03041304647922516 0.007224961183965206
v 0.00033469038316980004 -0.030405186116695404 0.006803287658840418
v 0.0001439315383322537 -0.0302785262465477 0.007241629529744387
v 0.0007351937238126993 -0.030497156083583832 0.007197701837867498
v 0.0007351937238126993 -0.030497156083583832 0.007197701837867498
v 0.00016331627557519823 -0.030252955853939056 0.004449879284948111
v 0.00016331627557519823 -0.030252955853939056 0.004449879284948111
v -6.680072601739084e-06 -0.029917916283011436 0.002115390496328473
v -6.680072601739084e-06 -0.029917916283011436 0.002115390496328473
v -0.00017427463899366558 -0.02940203621983528 -0.00018611527048051357
v -0.00017427463899366558 -0.02940203621983528 -0.00018611527048051357
v -0.0003384528390597552 -0.028708476573228836 -0.0024407056625932455
v -0.0003384528390597552 -0.028708476573228836 -0.0024407056625932455
v -0.0004982203245162964 -0.02784140594303608 -0.004634725861251354
v -0.0004982203245162964 -0.02784140594303608 -0.004634725861251354
v -0.0006526113138534129 -0.026806015521287918 -0.006754912436008453
v -0.0006526113138534129 -0.026806015521287918 -0.006754912436008453
v -0.000800698937382549 -0.025608675554394722 -0.008788537234067917
v -0.000800698937382549 -0.025608675554394722 -0.008788537234067917
v -0.000941579055506736 -0.024256546050310135 -0.010723184794187546
v -0.000941579055506736 -0.024256546050310135 -0.010723184794187546
v -0.0010744077153503895 -0.02275778539478779 -0.012547265738248825
v -0.0010744077153503895 -0.02275778539478779 -0.012547265738248825
v -0.00023012406018096954 0.029733093455433846 0.006861642934381962
v -0.0002004674606723711 0.029740724712610245 0.007268904708325863
v -6.596485036425292e-05 0.03004816360771656 0.007257846649736166
v -4.664888547267765e-05 0.030109373852610588 0.006838646717369556
v -0.0003494868869893253 0.029645534232258797 0.005222483072429895
v -0.00021635183657053858 0.029958633705973625 0.0045081875286996365
v -0.00021635183657053858 0.029958633705973625 0.0045081875286996365
v -0.00039770701550878584 0.029584264382719994 0.004560296423733234
v -0.00038469082210212946 0.0296268742531538 0.0021964586339890957
v -0.00038469082210212946 0.0296268742531538 0.0021964586339890957
v -0.0011709689861163497 0.025359604507684708 -0.008601170033216476
v -0.0011709689861163497 0.025359604507684708 -0.008601170033216476
v -0.0011709689861163497 0.025359604507684708 -0.008601170033216476
v -0.0011955867521464825 0.02621355466544628 -0.006396651733666658
v -0.0010243267752230167 0.026545314118266106 -0.006587393116205931
v -0.0010243267752230167 0.026545314118266106 -0.006587393116205931
v -0.0010243267752230167 0.026545314118266106 -0.006587393116205931
v -0.0010446071391925216 0.027226002886891365 -0.004323311150074005
v -0.0008714428404346108 0.0275705736130476 -0.004487902391701937
v -0.0008714428404346108 0.0275705736130476 -0.004487902391701937
v -0.0008714428404346108 0.0275705736130476 -0.004487902391701937
v -0.0008883728878572583 0.028073932975530624 -0.002177812159061432
v -0.0007132294704206288 0.02842918410897255 -0.0023152248468250036
v -0.0007132294704206288 0.02842918410897255 -0.0023152248468250036
v -0.0007132294704206288 0.02842918410897255 -0.0023152248468250036
v -0.0007278303964994848 0.028752174228429794 2.6850500944419764e-05
v -0.0005506527377292514 0.029116004705429077 -8.26267059892416e-05
v -0.0005506527377292514 0.029116004705429077 -8.26267059892416e-05
v -0.0007011079578660429 0.028847074136137962 0.0003938187728635967
v -0.0005639420123770833 0.029256613925099373 0.002277461113408208
v -0.0014781617792323232 0.023720473051071167 -0.010277136228978634
v -0.0013522161170840263 0.024937663227319717 -0.008547576144337654
v -0.0013403937919065356 0.025042682886123657 -0.008385226130485535
v -0.0013104815734550357 0.024020643904805183 -0.010517037473618984
v -0.0013104815734550357 0.024020643904805183 -0.010517037473618984
v -0.0014420117950066924 0.022536544129252434 -0.012323286384344101
v -0.0014420117950066924 0.022536544129252434 -0.012323286384344101
v -0.0014420117950066924 0.022536544129252434 -0.012323286384344101
v -0.0016080505447462201 0.022254854440689087 -0.012060843408107758
v -0.0008011127356439829 0.021180784329771996 -0.014339667744934559
v -0.0012239168863743544 0.021113423630595207 -0.014239255338907242
v -0.0012239168863743544 0.021113423630595207 -0.014239255338907242
v -0.0010744077153503895 0.022758333012461662 -0.012547265738248825
v -0.0010744077153503895 0.022758333012461662 -0.012547265738248825
v -0.0010744077153503895 0.022758333012461662 -0.012547265738248825
v -0.0015534270787611604 0.02092614397406578 -0.014020727016031742
v -0.0015534270787611604 0.02092614397406578 -0.014020727016031742
v 0.00033469038316980004 0.030405733734369278 0.006803287658840418
v 0.00036539643770083785 0.030413594096899033 0.007224961183965206
v 0.00045912712812423706 0.03044942393898964 0.00721799535676837
v -0.0006769790779799223 0.022821633145213127 -0.012632504105567932
v -0.000941579055506736 0.02425709366798401 -0.010723184794187546
v -0.000941579055506736 0.02425709366798401 -0.010723184794187546
v -0.0005437785875983536 0.024324564263224602 -0.010803318582475185
v -0.000800698937382549 0.025609223172068596 -0.008788537234067917
v -0.000800698937382549 0.025609223172068596 -0.008788537234067917
v -0.000800698937382549 0.025609223172068596 -0.008788537234067917
v -0.00040250850724987686 0.025680454447865486 -0.008863314986228943
v -0.0006526113138534129 0.026806563138961792 -0.006754912436008453
v -0.0006526113138534129 0.026806563138961792 -0.006754912436008453
v -0.0006526113138534129 0.026806563138961792 -0.006754912436008453
v -0.0002540090645197779 0.026881184428930283 -0.00682403426617384
v -0.0004982203245162964 0.027841953560709953 -0.004634725861251354
v -0.0004982203245162964 0.027841953560709953 -0.004634725861251354
v -0.0004982203245162964 0.027841953560709953 -0.004634725861251354
v -9.918524301610887e-05 0.027919383719563484 -0.004697903990745544
v -0.0003384528390597552 0.02870902419090271 -0.0024407056625932455
v -0.0003384528390597552 0.02870902419090271 -0.0024407056625932455
v 6.102388215367682e-05 0.028788894414901733 -0.0024978192523121834
v -0.00017427463899366558 0.029402583837509155 -0.00018611527048051357
v -0.00017427463899366558 0.029402583837509155 -0.00018611527048051357
v 0.00022566108964383602 0.02948436327278614 -0.00023692563991062343
v -6.680072601739084e-06 0.02991846390068531 0.002115390496328473
v -6.680072601739084e-06 0.02991846390068531 0.002115390496328473
v 0.00039371830644086003 0.030001673847436905 0.0020709335803985596
v 0.00016331627557519823 0.03025350347161293 0.004449879284948111
v 0.00016331627557519823 0.03025350347161293 0.004449879284948111
v 0.000564191082958132 0.030337663367390633 0.004411964677274227
v 0.0007257706602104008 0.030486373230814934 0.006630869582295418
v 0.0007257706602104008 0.030486373230814934 0.006630869582295418
v 0.0007351937238126993 0.030497703701257706 0.007197701837867498
v 0.0007351937238126993 0.030497703701257706 0.007197701837867498
v -1.6405461792601272e-05 0.030117124319076538 0.007253967225551605
v 0.00016253787907771766 0.03029361367225647 0.007240214850753546
v -0.001729101873934269 0.020654823631048203 -0.013725677505135536
v 0.003919973038136959 0.028433773666620255 -0.0037440552841871977
v 0.003919973038136959 0.028433773666620255 -0.0037440552841871977
v 0.0045247068628668785 0.027652114629745483 -0.005626737140119076
v 0.0045247068628668785 0.027652114629745483 -0.005626737140119076
v 0.0031843630131334066 0.029076073318719864 -0.0018612780841067433
v 0.0031843630131334066 0.029076073318719864 -0.0018612780841067433
v 0.0035432009026408195 0.02879086323082447 -0.002745654433965683
v 0.0035432009026408195 0.02879086323082447 -0.002745654433965683
v 0.0009157296735793352 0.030360674485564232 0.00461740605533123
v 0.0009157296735793352 0.030360674485564232 0.00461740605533123
v 0.0012310210149735212 0.03020063415169716 0.0032408919651061296
v 0.0012310210149735212 0.03020063415169716 0.0032408919651061296
v 0.0016601517563685775 0.029985934495925903 0.001893016044050455
v 0.0016601517563685775 0.029985934495925903 0.001893016044050455
v 0.002403833670541644 0.029583843424916267 -8.63737932377262e-06
v 0.002403833670541644 0.029583843424916267 -8.63737932377262e-06
v 0.004553768318146467 0.021180784329771996 -0.014729606918990612
v 0.004705396946519613 0.02314964309334755 -0.012647351250052452
v 0.004811282269656658 0.024324564263224602 -0.011193271726369858
v 0.004869792610406876 0.024913523346185684 -0.010389778763055801
v 0.005042265169322491 0.026431294158101082 -0.008021280169487
v 0.005042265169322491 0.026431294158101082 -0.008021280169487
v 0.004898970481008291 0.026885833591222763 -0.007190548349171877
v 0.004898970481008291 0.026885833591222763 -0.007190548349171877
v 0.004892601165920496 -0.021839216351509094 -0.011920757591724396
v 0.0052043236792087555 -0.023521026596426964 -0.010111800394952297
v 0.0052043236792087555 -0.023521026596426964 -0.010111800394952297
v 0.005140621680766344 -0.023428335785865784 -0.01007811352610588
v 0.0051871477626264095 -0.023867685347795486 -0.009471271187067032
v 0.0051871477626264095 -0.023867685347795486 -0.009471271187067032
v 0.0051871477626264095 -0.023867685347795486 -0.009471271187067032
v 0.005171625409275293 -0.022989466786384583 -0.011063939891755581
v 0.005092618055641651 -0.022082526236772537 -0.012148917652666569
v 0.005072455853223801 -0.021981796249747276 -0.012058994732797146
v 0.005072455853223801 -0.021981796249747276 -0.012058994732797146
v 0.005087766330689192 -0.024487275630235672 -0.008354183286428452
v 0.005087766330689192 -0.024487275630235672 -0.008354183286428452
v 0.005002208519726992 -0.021896326914429665 -0.011978881433606148
v 0.005030650179833174 -0.023367246612906456 -0.010024987161159515
v 0.005030650179833174 -0.023367246612906456 -0.010024987161159515
v 0.005119327921420336 -0.024333976209163666 -0.008622424677014351
v 0.005119327921420336 -0.024333976209163666 -0.008622424677014351
v 0.005119327921420336 -0.024333976209163666 -0.008622424677014351
v 0.00517332274466753 -0.023003416135907173 -0.011039809323847294
v 0.004764347802847624 -0.02015705592930317 -0.013682004995644093
v 0.004764347802847624 -0.02015705592930317 -0.013682004995644093
v 0.0048736222088336945 -0.020209746435284615 -0.01374470628798008
v 0.0048736222088336945 -0.020209746435284615 -0.01374470628798008
v 0.0048736222088336945 -0.020209746435284615 -0.01374470628798008
v 0.0048736222088336945 -0.020209746435284615 -0.01374470628798008
v 0.004943371284753084 -0.020288607105612755 -0.013831662014126778
v 0.004943371284753084 -0.020288607105612755 -0.013831662014126778
v 0.004943371284753084 -0.020288607105612755 -0.013831662014126778
v 0.004943371284753084 -0.020288607105612755 -0.013831662014126778
v 0.004962940700352192 -0.02038164623081684 -0.01392972283065319
v 0.004962940700352192 -0.02038164623081684 -0.01392972283065319
v 0.005140621680766344 0.023428823798894882 -0.01007811352610588
v 0.005186364986002445 0.023876633495092392 -0.009455733932554722
v 0.005186364986002445 0.023876633495092392 -0.009455733932554722
v 0.005030650179833174 0.02336779423058033 -0.010024987161159515
v 0.005119327921420336 0.02433452382683754 -0.008622424677014351
v 0.005119327921420336 0.02433452382683754 -0.008622424677014351
v 0.005119327921420336 0.02433452382683754 -0.008622424677014351
v 0.005119327921420336 0.02433452382683754 -0.008622424677014351
v 0.005087766330689192 0.024487823247909546 -0.008354183286428452
v 0.005087766330689192 0.024487823247909546 -0.008354183286428452
v 0.005072455853223801 0.021982284262776375 -0.012058994732797146
v 0.005072455853223801 0.021982284262776375 -0.012058994732797146
v 0.005203939042985439 0.023441582918167114 -0.010258370079100132
v 0.005203939042985439 0.023441582918167114 -0.010258370079100132
v 0.005190988536924124 0.023824423551559448 -0.009552224539220333
v 0.005190988536924124 0.023824423551559448 -0.009552224539220333
v 0.005092618055641651 0.02208307385444641 -0.012148917652666569
v 0.005171625409275293 0.022990014404058456 -0.011063939891755581
v 0.00517332274466753 0.023004023358225822 -0.011039809323847294
v 0.004892601165920496 0.021839763969182968 -0.011920757591724396
v 0.005002208519726992 0.02189687453210354 -0.011978881433606148
v 0.004764347802847624 0.02015766315162182 -0.013682004995644093
v 0.004764347802847624 0.02015766315162182 -0.013682004995644093
v 0.0048736222088336945 0.02021029405295849 -0.01374470628798008
v 0.0048736222088336945 0.02021029405295849 -0.01374470628798008
v 0.0048736222088336945 0.02021029405295849 -0.01374470628798008
v 0.004943371284753084 0.02028915472328663 -0.013831662014126778
v 0.004943371284753084 0.02028915472328663 -0.013831662014126778
v 0.004943371284753084 0.02028915472328663 -0.013831662014126778
v 0.004943371284753084 0.02028915472328663 -0.013831662014126778
v 0.004962940700352192 0.020382193848490715 -0.01392972283065319
v 0.004962940700352192 0.020382193848490715 -0.01392972283065319
v 0.004962940700352192 0.020382193848490715 -0.01392972283065319
v 0.0007553814211860299 -0.02870209701359272 0.0075512295588850975
v 0.0007553814211860299 -0.02870209701359272 0.0075512295588850975
v 0.0007553523755632341 -0.02866055630147457 0.007550830487161875
v 0.0007553523755632341 -0.02866055630147457 0.007550830487161875
v 0.0007553523755632341 -0.02866055630147457 0.007550830487161875
v 0.0007553814211860299 0.028702644631266594 0.0075512295588850975
v 0.0007553814211860299 0.028702644631266594 0.0075512295588850975
v 0.0008302768692374229 -0.027657056227326393 0.0077829216606915
v 0.0008302768692374229 -0.027657056227326393 0.0077829216606915
v 0.0008608341449871659 -0.027836285531520844 0.007609113585203886
v 0.0008608341449871659 -0.027836285531520844 0.007609113585203886
v 0.0008608341449871659 -0.027836285531520844 0.007609113585203886
v 0.0008561026188544929 -0.027910135686397552 0.007606510538607836
v 0.0008561026188544929 -0.027910135686397552 0.007606510538607836
v 0.0008561026188544929 -0.027910135686397552 0.007606510538607836
v 0.0008561026188544929 -0.027910135686397552 0.007606510538607836
v 0.0007677259272895753 -0.027768926694989204 0.007866013795137405
v 0.0007677259272895753 -0.027768926694989204 0.007866013795137405
v 0.0008451991016045213 -0.028004005551338196 0.007600526325404644
v 0.0008451991016045213 -0.028004005551338196 0.007600526325404644
v 0.0008451991016045213 -0.028004005551338196 0.007600526325404644
v 0.0008238285081461072 -0.028031066060066223 0.007622917648404837
v 0.0007126785931177437 -0.02809806540608406 0.007692764513194561
v 0.0007126785931177437 -0.02809806540608406 0.007692764513194561
v 0.0007126785931177437 -0.02809806540608406 0.007692764513194561
v 0.0008287705131806433 -0.02810867689549923 0.0075915055349469185
v 0.0008287705131806433 -0.02810867689549923 0.0075915055349469185
v 0.0008287705131806433 -0.02810867689549923 0.0075915055349469185
v 0.000777910347096622 -0.028395965695381165 0.007563596125692129
v 0.000777910347096622 -0.028395965695381165 0.007563596125692129
v 0.000777910347096622 -0.028395965695381165 0.007563596125692129
v 0.000777910347096622 -0.028395965695381165 0.007563596125692129
v 0.0006682703387923539 -0.028449377045035362 0.007581084966659546
v 0.0007553814211860299 -0.02860589697957039 0.0075512295588850975
v 0.0007553814211860299 -0.02860589697957039 0.0075512295588850975
v 0.0007553814211860299 -0.02860589697957039 0.0075512295588850975
v 0.0006521054892800748 -0.027853086590766907 0.007919632829725742
v 0.0006521054892800748 -0.027853086590766907 0.007919632829725742
v 0.0007754859398119152 -0.02841164544224739 0.007562258280813694
v 0.0007754859398119152 -0.02841164544224739 0.007562258280813694
v 0.0007754859398119152 -0.02841164544224739 0.007562258280813694
v 0.0005831851158291101 -0.028174955397844315 0.007692208047956228
v 0.0005728530813939869 -0.02813996560871601 0.007713614962995052
v 0.0004719908756669611 -0.027730125933885574 0.008217751048505306
v 0.00048642713227309287 -0.0278108362108469 0.008051534183323383
v 0.000505500880535692 -0.02789362706243992 0.00793358776718378
v 0.0006293855258263648 -0.02762981690466404 0.008526857011020184
v 0.0006293855258263648 -0.02762981690466404 0.008526857011020184
v 0.0006233706371858716 -0.02769293636083603 0.008206306956708431
v 0.0006233706371858716 -0.02769293636083603 0.008206306956708431
v 0.0007512407028116286 -0.027530746534466743 0.008514514192938805
v 0.0007512407028116286 -0.027530746534466743 0.008514514192938805
v 0.0007427610689774156 -0.027597986161708832 0.008172376081347466
v 0.0007427610689774156 -0.027597986161708832 0.008172376081347466
v 0.0008172240341082215 -0.027388056740164757 0.008504715748131275
v 0.0008172240341082215 -0.027388056740164757 0.008504715748131275
v 0.0008063734276220202 -0.027464166283607483 0.008122735656797886
v 0.0008063734276220202 -0.027464166283607483 0.008122735656797886
v 0.0004764008044730872 -0.02766527608036995 0.008539239875972271
v 0.0007553516188636422 0.028661103919148445 0.007550820708274841
v 0.0007553516188636422 0.028661103919148445 0.007550820708274841
v 0.0007553814211860299 0.028606444597244263 0.0075512295588850975
v 0.0007553814211860299 0.028606444597244263 0.0075512295588850975
v 0.0007553814211860299 0.028606444597244263 0.0075512295588850975
v 0.0006376031669788063 0.02835342288017273 0.007609787862747908
v 0.0007805934292264283 0.028379764407873154 0.0075650750659406185
v 0.0007805934292264283 0.028379764407873154 0.0075650750659406185
v 0.0007805934292264283 0.028379764407873154 0.0075650750659406185
v 0.0008611384546384215 0.02782675437629223 0.007609291933476925
v 0.0008611384546384215 0.02782675437629223 0.007609291933476925
v 0.0008611384546384215 0.02782675437629223 0.007609291933476925
v 0.0008611384546384215 0.02782675437629223 0.007609291933476925
v 0.0008597057894803584 0.02786138467490673 0.007608493790030479
v 0.0008597057894803584 0.02786138467490673 0.007608493790030479
v 0.0008597057894803584 0.02786138467490673 0.007608493790030479
v 0.0008012856706045568 0.02793237380683422 0.007697481662034988
v 0.0008012856706045568 0.02793237380683422 0.007697481662034988
v 0.0008327508112415671 0.028085622936487198 0.007593692280352116
v 0.0008327508112415671 0.028085622936487198 0.007593692280352116
v 0.0008327508112415671 0.028085622936487198 0.007593692280352116
v 0.0008327508112415671 0.028085622936487198 0.007593692280352116
v 0.0006885728216730058 0.02800598368048668 0.007762278895825148
v 0.0006885728216730058 0.02800598368048668 0.007762278895825148
v 0.0008269031532108784 0.028119774535298347 0.007590508554130793
v 0.0008269031532108784 0.028119774535298347 0.007590508554130793
v 0.0008269031532108784 0.028119774535298347 0.007590508554130793
v 0.0007719887071289122 0.02831348404288292 0.007582375779747963
v 0.00046916285646148026 0.027689073234796524 0.008356954902410507
v 0.0004764000768773258 0.027665823698043823 0.008539230562746525
v 0.0006216632900759578 0.027653073891997337 0.008345358073711395
v 0.0006216632900759578 0.027653073891997337 0.008345358073711395
v 0.0006293855258263648 0.02763042412698269 0.008526857011020184
v 0.0006293855258263648 0.02763042412698269 0.008526857011020184
v 0.0007422695634886622 0.02755543403327465 0.008320813998579979
v 0.0007422695634886622 0.02755543403327465 0.008320813998579979
v 0.0007512407028116286 0.027531294152140617 0.008514514192938805
v 0.0007512407028116286 0.027531294152140617 0.008514514192938805
v 0.000806777854450047 0.02741590328514576 0.00828827265650034
v 0.000806777854450047 0.02741590328514576 0.00828827265650034
v 0.0008172240341082215 0.02738860435783863 0.008504715748131275
v 0.0008172240341082215 0.02738860435783863 0.008504715748131275
v 0.00048764367238618433 0.02781716361641884 0.008042080327868462
v 0.0006364464643411338 0.02777794376015663 0.008029690943658352
v 0.0006364464643411338 0.02777794376015663 0.008029690943658352
v 0.0007536971825174987 0.02768859453499317 0.00798371434211731
v 0.0007536971825174987 0.02768859453499317 0.00798371434211731
v 0.0008165634935721755 0.02756652422249317 0.007913081906735897
v 0.0008165634935721755 0.02756652422249317 0.007913081906735897
v 0.0005462781409732997 0.0280478335916996 0.007780331186950207
v 0.0005832913448102772 0.02817586436867714 0.007691999431699514
v 0.005152587313205004 -0.02581365592777729 -0.008964302949607372
v 0.005152587313205004 -0.02581365592777729 -0.008964302949607372
v 0.005152587313205004 -0.02581365592777729 -0.008964302949607372
v 0.005102349910885096 -0.025402206927537918 -0.009605716913938522
v 0.005102349910885096 -0.025402206927537918 -0.009605716913938522
v 0.005196510348469019 -0.025244375690817833 -0.009693137370049953
v 0.005196510348469019 -0.025244375690817833 -0.009693137370049953
v 0.005196510348469019 -0.025244375690817833 -0.009693137370049953
v 0.0051181735470891 -0.02606167644262314 -0.008612123318016529
v 0.0051181735470891 -0.02606167644262314 -0.008612123318016529
v 0.0050883786752820015 -0.026227496564388275 -0.008359011262655258
v 0.0050883786752820015 -0.026227496564388275 -0.008359011262655258
v 0.005203437991440296 -0.024990636855363846 -0.00999275129288435
v 0.005203437991440296 -0.024990636855363846 -0.00999275129288435
v 0.005121238064020872 -0.02418442629277706 -0.011110003106296062
v 0.005121238064020872 -0.02418442629277706 -0.011110003106296062
v 0.00518860062584281 -0.024269655346870422 -0.010786510072648525
v 0.0051729981787502766 -0.024021586403250694 -0.011044268496334553
v 0.005171625409275293 -0.024002395570278168 -0.011063939891755581
v 0.004988803993910551 -0.02269013598561287 -0.012928666546940804
v 0.004988803993910551 -0.02269013598561287 -0.012928666546940804
v 0.0050440216436982155 -0.022559186443686485 -0.012816269882023335
v 0.004865200258791447 -0.021058756858110428 -0.014626061543822289
v 0.004865200258791447 -0.021058756858110428 -0.014626061543822289
v 0.004921132232993841 -0.020937226712703705 -0.014503861777484417
v 0.004987872205674648 -0.024286646395921707 -0.011177795939147472
v 0.004987872205674648 -0.024286646395921707 -0.011177795939147472
v 0.004854878410696983 -0.022786036133766174 -0.013004139065742493
v 0.004854878410696983 -0.022786036133766174 -0.013004139065742493
v 0.004730755928903818 -0.02114768698811531 -0.014708666130900383
v 0.004730755928903818 -0.02114768698811531 -0.014708666130900383
v 0.0050044902600348 0.024891763925552368 -0.010384226217865944
v 0.005148197524249554 0.024746153503656387 -0.010406581684947014
v 0.005038118455559015 0.022985603660345078 -0.012530536390841007
v 0.004957066383212805 0.02307179383933544 -0.012598801404237747
v 0.005071020685136318 0.022883983328938484 -0.012445501983165741
v 0.004921132232993841 0.02093777433037758 -0.014503861777484417
v 0.004865200258791447 0.021059304475784302 -0.014626061543822289
v 0.004865200258791447 0.021059304475784302 -0.014626061543822289
v 0.00518860062584281 0.024270202964544296 -0.010786510072648525
v 0.00518860062584281 0.024270202964544296 -0.010786510072648525
v 0.0051729981787502766 0.024022134020924568 -0.011044268496334553
v 0.005171625409275293 0.02400294318795204 -0.011063939891755581
v 0.0050883786752820015 0.026228103786706924 -0.008359011262655258
v 0.0050883786752820015 0.026228103786706924 -0.008359011262655258
v 0.0051181735470891 0.026062224060297012 -0.008612123318016529
v 0.0051181735470891 0.026062224060297012 -0.008612123318016529
v 0.005187244154512882 0.025424093008041382 -0.009473253972828388
v 0.005187244154512882 0.025424093008041382 -0.009473253972828388
v 0.005120911635458469 0.024829773232340813 -0.010348779149353504
v 0.00519910641014576 0.02517613396048546 -0.009775613434612751
v 0.00519910641014576 0.02517613396048546 -0.009775613434612751
v 0.00519910641014576 0.02517613396048546 -0.009775613434612751
v 0.004840242676436901 0.023129373788833618 -0.01263977400958538
v 0.004805948119610548 0.02110961452126503 -0.014674045145511627
v 0.004730755928903818 0.021148234605789185 -0.014708666130900383
v 0.0004550387675408274 -0.030417166650295258 0.007353791035711765
v 0.00016971799777820706 -0.030258435755968094 0.007375029381364584
v 0.0007546950946561992 -0.030227506533265114 0.007541804574429989
v 0.0007546950946561992 -0.030227506533265114 0.007541804574429989
v 0.0007546950946561992 -0.030227506533265114 0.007541804574429989
v 0.0005315570742823184 -0.030238226056098938 0.0075404467061161995
v 0.0005315570742823184 -0.030238226056098938 0.0075404467061161995
v 0.0007534684264101088 -0.03028162568807602 0.007524267304688692
v 0.0007534684264101088 -0.03028162568807602 0.007524267304688692
v 0.0007515309262089431 -0.030335746705532074 0.007495993282645941
v 0.0007515309262089431 -0.030335746705532074 0.007495993282645941
v 0.0004883441142737865 -0.030345816165208817 0.007466519717127085
v 0.0007464401423931122 -0.030422765761613846 0.007417004555463791
v 0.0007464401423931122 -0.030422765761613846 0.007417004555463791
v 0.0007405913784168661 -0.030478615313768387 0.007313706446439028
v 0.0007405913784168661 -0.030478615313768387 0.007313706446439028
v 0.00012726988643407822 -0.029913505539298058 0.007570046931505203
v 0.00012726988643407822 -0.029913505539298058 0.007570046931505203
v 3.192079020664096e-05 -0.02968783676624298 0.007577100768685341
v 3.192079020664096e-05 -0.02968783676624298 0.007577100768685341
v 2.54739097726997e-05 -0.029973825439810753 0.007500827312469482
v 2.54739097726997e-05 -0.029973825439810753 0.007500827312469482
v -8.363772940356284e-05 -0.02971537597477436 0.007509184069931507
v -8.363772940356284e-05 -0.02971537597477436 0.007509184069931507
v -4.6907061914680526e-05 -0.030013935640454292 0.007391505409032106
v -0.00016521511133760214 -0.029733795672655106 0.007400932721793652
v -0.00016521511133760214 -0.029733795672655106 0.007400932721793652
v 0.0003017402777913958 -0.030110375955700874 0.007557242177426815
v 0.0003017402777913958 -0.030110375955700874 0.007557242177426815
v 0.00022518863261211663 -0.030199365690350533 0.007485923357307911
v 0.00022518863261211663 -0.030199365690350533 0.007485923357307911
v -3.455310070421547e-05 0.03003385290503502 0.007390555925667286
v 0.00018784649728331715 0.03027317300438881 0.007373669184744358
v 0.0007388365920633078 0.030489174649119377 0.007278169970959425
v 0.0007388365920633078 0.030489174649119377 0.007278169970959425
v 0.0004767901555169374 0.03042510338127613 0.007352197077125311
v 0.000741619267500937 0.030472073704004288 0.0073327720165252686
v 0.000741619267500937 0.030472073704004288 0.0073327720165252686
v 0.0007446024101227522 0.030444473028182983 0.007386818062514067
v 0.0007446024101227522 0.030444473028182983 0.007386818062514067
v 0.0007446024101227522 0.030444473028182983 0.007386818062514067
v 0.0005084410076960921 0.030353223904967308 0.007465056609362364
v 0.0005084410076960921 0.030353223904967308 0.007465056609362364
v 0.0007483017980121076 0.030396373942494392 0.007447519805282354
v 0.0007483017980121076 0.030396373942494392 0.007447519805282354
v 0.0007500898209400475 0.03036627359688282 0.007474561221897602
v 0.0007500898209400475 0.03036627359688282 0.007474561221897602
v 0.0007500898209400475 0.03036627359688282 0.007474561221897602
v 0.0005490921321325004 0.03024473413825035 0.007539169862866402
v 0.0007539964281022549 0.030263273045420647 0.007531518116593361
v 0.0007539964281022549 0.030263273045420647 0.007531518116593361
v 0.00031636242056265473 0.03012237325310707 0.007556177210062742
v 0.00031636242056265473 0.03012237325310707 0.007556177210062742
v 0.00024189370742533356 0.030213024467229843 0.007484687026590109
v 0.00024189370742533356 0.030213024467229843 0.007484687026590109
v 0.00013719312846660614 0.029929663985967636 0.007569314446300268
v 0.00013719312846660614 0.029929663985967636 0.007569314446300268
v 3.6822439142270014e-05 0.029992254450917244 0.0074999709613621235
v 3.192079020664096e-05 0.029688384383916855 0.007577100768685341
v 3.192079020664096e-05 0.029688384383916855 0.007577100768685341
v 3.192079020664096e-05 0.029688384383916855 0.007577100768685341
v -8.363772940356284e-05 0.029715923592448235 0.007509184069931507
v -8.363772940356284e-05 0.029715923592448235 0.007509184069931507
v -0.00016521511133760214 0.02973434329032898 0.007400932721793652
v 0.004847575444728136 0.020018484443426132 -0.015513986349105835
v 0.004238007124513388 0.01697525382041931 -0.023884931579232216
v 0.004238007124513388 0.017775263637304306 -0.023884931579232216
v 0.004238007124513388 0.017775263637304306 -0.023884931579232216
v 0.004380255471915007 0.017775263637304306 -0.021931493654847145
v 0.004238007124513388 0.016655713319778442 -0.023884931579232216
v 0.004378683865070343 0.016671333461999893 -0.021953076124191284
v 0.004498227499425411 0.016805972903966904 -0.02031143382191658
v 0.004481175448745489 0.01786896400153637 -0.020545603707432747
v 0.0045892903581261635 0.01707366295158863 -0.019060906022787094
v 0.004580264445394278 0.018148334696888924 -0.019184855744242668
v 0.004719729535281658 0.017727583646774292 -0.017269637435674667
v 0.00467573432251811 0.018608422949910164 -0.01787380874156952
v 0.004840657580643892 0.01866820454597473 -0.015608984045684338
v 0.004765853751450777 0.019240763038396835 -0.016636233776807785
v 0.004912370350211859 0.019417133182287216 -0.014624183066189289
v 0.004974888637661934 0.02022341452538967 -0.013765646144747734
v 0.004974888637661934 0.02022341452538967 -0.013765646144747734
v 0.004974888637661934 0.02022341452538967 -0.013765646144747734
v 0.004238007124513388 -0.016974706202745438 -0.023884931579232216
v 0.004238007124513388 -0.01665516570210457 -0.023884931579232216
v 0.004378683865070343 -0.01667078584432602 -0.021953076124191284
v 0.004847575444728136 -0.02001788653433323 -0.015513986349105835
v 0.004974888637661934 -0.020222866907715797 -0.013765646144747734
v 0.004974888637661934 -0.020222866907715797 -0.013765646144747734
v 0.004974888637661934 -0.020222866907715797 -0.013765646144747734
v 0.004974888637661934 -0.020222866907715797 -0.013765646144747734
v 0.004912370350211859 -0.019416585564613342 -0.014624183066189289
v 0.004840657580643892 -0.018667656928300858 -0.015608984045684338
v 0.004765853751450777 -0.01924021542072296 -0.016636233776807785
v 0.004719729535281658 -0.017727036029100418 -0.017269637435674667
v 0.00467573432251811 -0.01860787533223629 -0.01787380874156952
v 0.0045892903581261635 -0.017073115333914757 -0.019060906022787094
v 0.004580264445394278 -0.01814778707921505 -0.019184855744242668
v 0.004498227499425411 -0.01680542528629303 -0.02031143382191658
v 0.004481175448745489 -0.017868416383862495 -0.020545603707432747
v 0.004380255471915007 -0.017774716019630432 -0.021931493654847145
v 0.004238007124513388 -0.017774716019630432 -0.023884931579232216
v 0.00031950281118042767 0.020177694037556648 -0.012774449773132801
v 0.00031950281118042767 0.020177694037556648 -0.012774449773132801
v 0.00031950281118042767 0.020177694037556648 -0.012774449773132801
v 0.0001379816822009161 0.020316574722528458 -0.0126270093023777
v 0.0001379816822009161 0.020316574722528458 -0.0126270093023777
v 0.0001379816822009161 0.020316574722528458 -0.0126270093023777
v 9.210232383338735e-05 0.02035847306251526 -0.012583211064338684
v 9.210232383338735e-05 0.02035847306251526 -0.012583211064338684
v 9.210232383338735e-05 0.02035847306251526 -0.012583211064338684
v 0.0005757706821896136 0.02003321424126625 -0.01293278206139803
v 0.0005757706821896136 0.02003321424126625 -0.01293278206139803
v 0.0005757706821896136 0.02003321424126625 -0.01293278206139803
v 0.000643644598312676 0.020002514123916626 -0.012967422604560852
v 0.000643644598312676 0.020002514123916626 -0.012967422604560852
v 0.000643644598312676 0.020002514123916626 -0.012967422604560852
v 0.001011684420518577 0.019877763465046883 -0.013114760629832745
v 0.001011684420518577 0.019877763465046883 -0.013114760629832745
v 0.001011684420518577 0.019877763465046883 -0.013114760629832745
v 0.001011684420518577 0.019877763465046883 -0.013114760629832745
v 0.001011684420518577 0.019877763465046883 -0.013114760629832745
v -0.00021120975725352764 0.0207844041287899 -0.012149356305599213
v -0.00021120975725352764 0.0207844041287899 -0.012149356305599213
v -0.00021120975725352764 0.0207844041287899 -0.012149356305599213
v -0.0001845241931732744 0.020726654678583145 -0.01220711600035429
v -0.0001845241931732744 0.020726654678583145 -0.01220711600035429
v -0.0001845241931732744 0.020726654678583145 -0.01220711600035429
v -0.00015611296112183481 0.02067306451499462 -0.012261002324521542
v -0.00015611296112183481 0.02067306451499462 -0.012261002324521542
v -0.00015611296112183481 0.02067306451499462 -0.012261002324521542
v -0.0022575196344405413 0.014281784184277058 -0.004357440862804651
v -0.0022529710549861193 0.014156254008412361 -0.0044796341098845005
v -0.0022529710549861193 0.014156254008412361 -0.0044796341098845005
v -0.0022529710549861193 0.014156254008412361 -0.0044796341098845005
v -0.002187758684158325 0.013879863545298576 -0.004749482963234186
v -0.002187758684158325 0.013879863545298576 -0.004749482963234186
v -0.002187758684158325 0.013879863545298576 -0.004749482963234186
v -0.002187758684158325 0.013879863545298576 -0.004749482963234186
v -0.002187758684158325 0.013879863545298576 -0.004749482963234186
v -0.0021940260194242 0.01389655377715826 -0.004733013920485973
v -0.0021940260194242 0.01389655377715826 -0.004733013920485973
v -0.0021940260194242 0.01389655377715826 -0.004733013920485973
v -0.0022114687599241734 0.013948413543403149 -0.004682022146880627
v -0.0022114687599241734 0.013948413543403149 -0.004682022146880627
v -0.0022114687599241734 0.013948413543403149 -0.004682022146880627
v -0.0022114687599241734 0.013948413543403149 -0.004682022146880627
v -0.0022114687599241734 0.013948413543403149 -0.004682022146880627
v -0.0012562008341774344 -0.013065836392343044 -0.005597578827291727
v -0.0012562008341774344 -0.013065836392343044 -0.005597578827291727
v -0.0012562008341774344 -0.013065836392343044 -0.005597578827291727
v -0.0012562008341774344 -0.013065836392343044 -0.005597578827291727
v -0.0012562008341774344 -0.013065836392343044 -0.005597578827291727
v -0.0012562008341774344 -0.013065836392343044 -0.005597578827291727
v -0.0012562008341774344 -0.013065836392343044 -0.005597578827291727
v -0.001057499903254211 -0.013005576096475124 -0.005669901147484779
v -0.001057499903254211 -0.013005576096475124 -0.005669901147484779
v -0.001057499903254211 -0.013005576096475124 -0.005669901147484779
v -0.001057499903254211 -0.013005576096475124 -0.005669901147484779
v -0.00043877665302716196 -0.012791176326572895 -0.0057010287418961525
v -0.00043877665302716196 -0.012791176326572895 -0.0057010287418961525
v -0.00043877665302716196 -0.012791176326572895 -0.0057010287418961525
v -0.000982989906333387 -0.012987815774977207 -0.005692301318049431
v -0.000982989906333387 -0.012987815774977207 -0.005692301318049431
v -0.000982989906333387 -0.012987815774977207 -0.005692301318049431
v -0.000982989906333387 -0.012987815774977207 -0.005692301318049431
v -0.000982989906333387 -0.012987815774977207 -0.005692301318049431
v -0.000982989906333387 -0.012987815774977207 -0.005692301318049431
v -0.000982989906333387 -0.012987815774977207 -0.005692301318049431
v -0.000982989906333387 -0.012987815774977207 -0.005692301318049431
v -0.0004051155992783606 -0.012926176190376282 -0.00579353841021657
v -0.0004051155992783606 -0.012926176190376282 -0.00579353841021657
v -0.0004051155992783606 -0.012926176190376282 -0.00579353841021657
v -0.0004051155992783606 -0.012926176190376282 -0.00579353841021657
v -0.0004051155992783606 -0.012926176190376282 -0.00579353841021657
v -0.0004051155992783606 -0.012926176190376282 -0.00579353841021657
v 0.0009989931713789701 0.01540383417159319 -0.027057860046625137
v 0.0009989931713789701 0.01540383417159319 -0.027057860046625137
v -0.0021963552571833134 0.01540383417159319 -0.026825176551938057
v 0.0011006537824869156 0.01540383417159319 -0.02566179633140564
v 0.0011006537824869156 0.01540383417159319 -0.02566179633140564
v -0.0021726901177316904 0.01540383417159319 -0.0261251088231802
v -0.002150277839973569 0.01540383417159319 -0.02542506530880928
v 0.0009573060087859631 0.01528963353484869 -0.027630332857370377
v 0.0009573060087859631 0.01528963353484869 -0.027630332857370377
v 0.0009573060087859631 0.01528963353484869 -0.027630332857370377
v -0.002218695590272546 0.015319203957915306 -0.027321545407176018
v -0.002218695590272546 0.015319203957915306 -0.027321545407176018
v 0.0009219603380188346 0.014964493922889233 -0.02811571955680847
v 0.0009219603380188346 0.014964493922889233 -0.02811571955680847
v 0.0009219603380188346 0.014964493922889233 -0.02811571955680847
v -0.0022393439430743456 0.01507482398301363 -0.027761930599808693
v -0.002255045808851719 0.01469829399138689 -0.028096532449126244
v 0.0008983455481939018 0.014477883465588093 -0.02844001166522503
v 0.0008983455481939018 0.014477883465588093 -0.02844001166522503
v 0.0008983455481939018 0.014477883465588093 -0.02844001166522503
v -0.0022603797260671854 0.014477883465588093 -0.028209995478391647
v -0.002264120150357485 0.014232303947210312 -0.028287649154663086
v -0.0003459930303506553 0.027665823698043823 0.00859911646693945
v -0.00035040223156102 0.027730673551559448 0.008277637884020805
v -0.00033602354233153164 0.027811383828520775 0.008111424744129181
v -0.000316949823172763 0.027894174680113792 0.007993477396667004
v -0.00015418219845741987 0.028449924662709236 0.0076409755274653435
v -0.00023926558787934482 0.02817550301551819 0.0077520981431007385
v -0.00024954002583399415 0.028140513226389885 0.007773500867187977
v -0.00019332734518684447 -0.028325757011771202 0.007679640781134367
v -0.0002391032176092267 -0.02817537635564804 0.007751865778118372
v -0.0002823019749484956 -0.028025105595588684 0.007858634926378727
v -0.000337882898747921 -0.02780206687748432 0.008126258850097656
v -0.00035300999297760427 -0.02768297679722309 0.008443665690720081
v -0.0003459923027548939 -0.02766527608036995 0.00859912671148777
v -0.00228814291767776 -0.01418121624737978 -0.0033541268203407526
v -0.0023225450422614813 -0.013797486200928688 -0.0038265560287982225
v -0.0018699481151998043 -0.004431216511875391 0.0023887665010988712
v -0.0007166248979046941 -0.014599996618926525 0.01822686940431595
v -0.0008104796288534999 -0.015450975857675076 0.01693800278007984
v -0.0006284191622398794 -0.013641196303069592 0.019438162446022034
v -0.001816599047742784 -0.0030514863319694996 0.003121386980637908
v -0.0005465160356834531 -0.012581726536154747 0.020562903955578804
v -0.00017914644558914006 0.001546123530715704 0.025607837364077568
v -0.00017431523883715272 2.7355696374797844e-07 0.025674181059002876
v -0.0017726602964103222 2.7355696374797844e-07 0.003724779235199094
v -0.00017914644558914006 -0.00154563644900918 0.025607837364077568
v -0.0002932482457254082 0.007503243163228035 0.02404092438519001
v -0.0002508549951016903 0.006070233415812254 0.024623092263936996
v -0.0017837511841207743 0.0015558336162939668 0.0035724726039916277
v -0.0002175568079110235 0.004592393524944782 0.02508036233484745
v -0.00019359204452484846 0.00308064348064363 0.025409461930394173
v -0.00029325258219614625 -0.007502816617488861 0.024040864780545235
v -0.00034441985189914703 -0.008880396373569965 0.023338206112384796
v -0.0017837511841207743 -0.0015552864642813802 0.0035724726039916277
v -0.00040399018325842917 -0.010192476212978363 0.022520150989294052
v -0.00047152189654298127 -0.011429266072809696 0.021592767909169197
v -0.00019359638099558651 -0.003080156398937106 0.025409402325749397
v -0.0002175568079110235 -0.004591906443238258 0.02508036233484745
v -0.00025085933157242835 -0.006069746799767017 0.02462303265929222
v -0.001816599047742784 0.003052033483982086 0.003121386980637908
v -0.00047151747276075184 0.011429754085838795 0.021592827513813972
v -0.00040399018325842917 0.010192964226007462 0.022520150989294052
v -0.00034441554453223944 0.00888089369982481 0.02333826571702957
v -0.0018699481151998043 0.004431703127920628 0.0023887665010988712
v -0.0006284147966653109 0.013641683384776115 0.01943822205066681
v -0.0005465116119012237 0.012582213617861271 0.02056296542286873
v -0.0009092962718568742 -0.016187865287065506 0.015580995008349419
v -0.0010123462416231632 -0.016805246472358704 0.014165853150188923
v -0.0011188591597601771 -0.017298536375164986 0.012703156098723412
v -0.002322540618479252 0.013798033818602562 -0.003826496656984091
v -0.002196742920204997 0.015082153491675854 -0.0020989710465073586
v -0.0019988417625427246 -0.01654239557683468 0.0006187231629155576
v -0.0018937916029244661 -0.017092065885663033 0.0020613335072994232
v -0.001785703469067812 -0.01751549541950226 0.003545663319528103
v -0.0021000776905566454 -0.015870526432991028 -0.0007715057581663132
v -0.0021967473439872265 -0.015081546269357204 -0.0020990304183214903
v -0.0021000695414841175 0.015871133655309677 -0.0007713961531408131
v -0.001998837338760495 0.016542943194508553 0.0006187830585986376
v -0.0018937879940494895 0.017092613503336906 0.002061383565887809
v -0.0012280563823878765 -0.017664095386862755 0.011203596368432045
v -0.0013391317334026098 -0.017899295315146446 0.009678245522081852
v -0.0014512601774185896 -0.018002236261963844 0.008138432167470455
v -0.0015636166790500283 -0.017972305417060852 0.006595487706363201
v -0.0016753717791289091 -0.01780964620411396 0.0050608012825250626
v -0.0017856990452855825 0.017516104504466057 0.003545723157003522
v -0.0016753674717620015 0.01781025342643261 0.005060861352831125
v -0.001563612255267799 0.017972853034734726 0.006595547776669264
v -0.0014512543566524982 0.018002783879637718 0.008138512261211872
v -0.0013391273096203804 0.01789984293282032 0.009678305126726627
v -0.001228052075020969 0.01766464300453663 0.01120365597307682
v -0.0011188548523932695 0.01729908399283886 0.012703215703368187
v -0.001012337626889348 0.016805794090032578 0.014165972359478474
v -0.0009092918480746448 0.01618841290473938 0.015581055544316769
v -0.0008104752632789314 0.015451463870704174 0.016938062384724617
v -0.000716616224963218 0.014600483700633049 0.0182269886136055
v -0.0022921906784176826 -0.014200706034898758 -0.004152441862970591
v -0.0022921906784176826 -0.014200706034898758 -0.004152441862970591
v -0.0022921906784176826 -0.014200706034898758 -0.004152441862970591
v -0.0023176635149866343 0.01403710339218378 -0.004018808715045452
v -0.004235529340803623 -0.001788576366379857 -0.011017300188541412
v -0.0042389631271362305 2.7355696374797844e-07 -0.01110795047134161
v -0.00335164787247777 2.7355696374797844e-07 -0.01669897884130478
v -0.004167517181485891 -0.006377486512064934 -0.009985554963350296
v -0.004202043637633324 -0.004794506821781397 -0.010476204566657543
v -0.0032558508682996035 -0.005104806739836931 -0.016895106062293053
v -0.004224827047437429 -0.0031761163845658302 -0.010829292237758636
v -0.003603130578994751 -0.01036025583744049 -0.011285669170320034
v -0.004011802840977907 -0.010519525967538357 -0.007923620752990246
v -0.0040771132335066795 -0.009089786559343338 -0.00877782329916954
v -0.004120855126529932 -0.007928876206278801 -0.009355531074106693
v -0.002983090467751026 -0.010349766351282597 -0.016872113570570946
v -0.003936099819839001 -0.011883576400578022 -0.006934856530278921
v -0.0028646865393966436 -0.015575726516544819 -0.011231397278606892
v -0.0038507888093590736 -0.013179026544094086 -0.005805169232189655
v -0.001924319309182465 -0.018441395834088326 -0.016695402562618256
v -0.0018537191208451986 -0.01910056546330452 -0.015577307902276516
v -0.0025925086811184883 -0.015572866424918175 -0.014027178287506104
v -0.0017987805185839534 -0.0197159256786108 -0.014744097366929054
v -0.0023971358314156532 -0.015574895776808262 -0.01682807318866253
v -0.0019957032054662704 -0.017911696806550026 -0.017893223091959953
v -0.002052904572337866 -0.017595136538147926 -0.018882250413298607
v -0.0024390467442572117 -0.015702206641435623 -0.024269510060548782
v -0.002412595087662339 -0.01612170599400997 -0.024096688255667686
v -0.00238313851878047 -0.015602846629917622 -0.022455310449004173
v -0.0023957358207553625 -0.016421636566519737 -0.024062901735305786
v -0.0023750276304781437 -0.01680280640721321 -0.02406243421137333
v -0.00212655495852232 -0.01733376644551754 -0.02015789784491062
v -0.00233077397570014 -0.015585086308419704 -0.01963767223060131
v -0.002201793482527137 -0.017228085547685623 -0.021471023559570312
v -0.002277507446706295 -0.01720471680164337 -0.02277747355401516
v -0.0023530025500804186 -0.017183976247906685 -0.024062061682343483
v -0.0025933559518307447 -0.011263156309723854 -0.027967611327767372
v -0.0025905563961714506 -0.013903936371207237 -0.027964403852820396
v -0.002570453565567732 -0.014480906538665295 -0.027388865128159523
v -0.0025224187411367893 -0.01505996659398079 -0.02611362561583519
v -0.002546097617596388 -0.015057645738124847 -0.02681303583085537
v -0.0025552574079483747 -0.015028616413474083 -0.027066055685281754
v -0.0025689457543194294 -0.014880436472594738 -0.02742309682071209
v -0.002587648341432214 -0.014284626580774784 -0.02789900451898575
v -0.002580273197963834 -0.014622766524553299 -0.027711525559425354
v -0.002499988302588463 -0.015062466263771057 -0.025414129719138145
v -0.0026345013175159693 -0.010356506332755089 -0.02247680351138115
v -0.00248378561809659 -0.015140376053750515 -0.024967625737190247
v -0.002463454380631447 -0.015362165868282318 -0.02457096427679062
v -0.00253843842074275 2.7355696374797844e-07 -0.025295443832874298
v -0.0025283540599048138 2.7355696374797844e-07 -0.02632731944322586
v -0.0025725613813847303 -0.005104806739836931 -0.02529134415090084
v -0.0025883943308144808 -0.0051194666884839535 -0.027963489294052124
v -0.0025782522279769182 2.7355696374797844e-07 -0.027955446392297745
v -0.0025981266517192125 2.7355696374797844e-07 -0.023819688707590103
v -0.0026980892289429903 -0.0050983065739274025 -0.02248573675751686
v -0.002856804057955742 2.7355696374797844e-07 -0.020659497007727623
v -0.0015179772162809968 -0.018111607059836388 -0.024118386209011078
v -0.001356988912448287 -0.018124716356396675 -0.024129215627908707
v -0.0012823294382542372 -0.018124716356396675 -0.022834761068224907
v -0.0018348911544308066 -0.018002526834607124 -0.024096986278891563
v -0.0018348911544308066 -0.018002526834607124 -0.024096986278891563
v -0.0017582544824108481 -0.01800377666950226 -0.02280733361840248
v -0.0017582544824108481 -0.01800377666950226 -0.02280733361840248
v -0.002097818534821272 -0.017794566228985786 -0.024079270660877228
v -0.002097818534821272 -0.017794566228985786 -0.024079270660877228
v -0.002097818534821272 -0.017794566228985786 -0.024079270660877228
v -0.002119077369570732 -0.01767023652791977 -0.02278655394911766
v -0.002119077369570732 -0.01767023652791977 -0.02278655394911766
v -0.0022006959188729525 -0.017658546566963196 -0.024072319269180298
v -0.0022006959188729525 -0.017658546566963196 -0.024072319269180298
v -0.0022772918455302715 -0.017511026933789253 -0.02406715415418148
v -0.0012086153728887439 -0.018124716356396675 -0.021524515002965927
v -0.0016776990378275514 -0.01800747588276863 -0.021499261260032654
v -0.0016776990378275514 -0.01800747588276863 -0.021499261260032654
v -0.0020368436817079782 -0.01768328621983528 -0.021479927003383636
v -0.0020368436817079782 -0.01768328621983528 -0.021479927003383636
v 0.004031181335449219 -0.018124716356396675 -0.02190607413649559
v 0.003888932755216956 -0.018124716356396675 -0.02385951206088066
v 0.0035238845739513636 -0.018124716356396675 -0.02439737878739834
v 0.0037784769665449858 -0.018124716356396675 -0.024177350103855133
v 0.0031934017315506935 -0.018124716356396675 -0.024460574612021446
v 0.004482695832848549 -0.020292066037654877 -0.015705611556768417
v 0.004224428441375494 -0.018485207110643387 -0.019252292811870575
v -0.0010819102171808481 -0.018414637073874474 -0.019136972725391388
v 0.004128686152398586 -0.018215196207165718 -0.02056708000600338
v -0.0011443798430263996 -0.018197976052761078 -0.020317452028393745
v 0.004316669423133135 -0.018929677084088326 -0.01798558607697487
v -0.0010337880812585354 -0.018688395619392395 -0.01821851171553135
v -0.0010677988175302744 -0.018485207110643387 -0.01886691525578499
v -0.0008639859734103084 -0.020316146314144135 -0.015285969711840153
v -0.0009125923388637602 -0.019752755761146545 -0.016062509268522263
v 0.004403740633279085 -0.01954062655568123 -0.01678987219929695
v -0.0009329493623226881 -0.01954062655568123 -0.016401257365942
v -0.0009734921623021364 -0.019157426431775093 -0.017104096710681915
v -0.002970427740365267 0.018915923312306404 0.006285331677645445
v -0.0006717216456308961 0.02770921401679516 0.0077962628565728664
v -0.0006098836311139166 0.02804175391793251 0.007500540930777788
v -0.0005177472485229373 0.028459403663873672 0.007323802448809147
v -0.00044746435014531016 0.028750093653798103 0.007286850828677416
v -0.0003240021178498864 0.0292454045265913 0.0072778803296387196
v -0.002630144590511918 0.01871434412896633 0.010958298109471798
v -0.0005159886786714196 0.027219682931900024 0.010940125212073326
v -0.002743043005466461 0.01891055330634117 0.00940791331231594
v -0.0005871168687008321 0.027320174500346184 0.009963351301848888
v -0.0028567262925207615 0.018977973610162735 0.007846747525036335
v -0.0006853350205346942 0.02740088291466236 0.008614562451839447
v -0.0006980004836805165 0.02748844400048256 0.008179704658687115
v -0.0023038391955196857 0.0173699539154768 0.01543931383639574
v -2.3223845346365124e-05 0.025500264018774033 0.017707057297229767
v -0.002409793669357896 0.01794138364493847 0.013984286226332188
v -0.00018372206250205636 0.026265954598784447 0.015503003261983395
v -0.002518809400498867 0.018390564247965813 0.012487219646573067
v -0.0002631667593959719 0.026568863540887833 0.014412022195756435
v -0.0003483773907646537 0.02684047445654869 0.013241860084235668
v -0.0021039778366684914 0.015876563265919685 0.01818392612040043
v 0.00028067530365660787 0.023419233039021492 0.0218803770840168
v -0.0022016679868102074 0.016680093482136726 0.01684238761663437
v 0.00013195507926866412 0.02454909309744835 0.019838064908981323
v 4.740680742543191e-05 0.02509436383843422 0.01867699809372425
v -0.0019246735610067844 0.013951033353805542 0.020646236836910248
v 0.0005544922896660864 0.020657744258642197 0.025640590116381645
v -0.0020114383660256863 0.014964793808758259 0.019454730674624443
v 0.0004218677058815956 0.022118953987956047 0.02381931245326996
v 0.0003361414128448814 0.02293691411614418 0.022642070427536964
v -0.0017708026571199298 0.01164582371711731 0.02275928109884262
v 0.0007902715005911887 0.01729610376060009 0.02887844853103161
v -0.0018442817963659763 0.012842203490436077 0.021750222891569138
v 0.0006775938672944903 0.01904621347784996 0.027331093326210976
v 0.0005951845087110996 0.020155103877186775 0.026199400424957275
v -0.0016465492080897093 0.009023644030094147 0.02446560189127922
v 0.0009811597410589457 0.013431994244456291 0.03149983659386635
v -0.0017047431319952011 0.010370103642344475 0.023666448891162872
v 0.0008917069644667208 0.015420174226164818 0.030271418392658234
v 0.0008174869581125677 0.0168247539550066 0.02925218641757965
v -0.0017047431319952011 -0.010369496420025826 0.023666448891162872
v 0.0009811597410589457 -0.013431446626782417 0.03149983659386635
v -0.0016465492080897093 -0.009023096412420273 0.02446560189127922
v 0.0009969946695491672 -0.013035856187343597 0.031717292964458466
v -0.0015966236824169755 -0.007615176495164633 0.02515120804309845
v 0.001057984889484942 -0.011345526203513145 0.03255484253168106
v -0.0015553003177046776 -0.006155276671051979 0.02571868523955345
v 0.0011216156417503953 -0.009177056141197681 0.03342865779995918
v -0.0015228678239509463 -0.004653476644307375 0.026164066046476364
v 0.0011715926229953766 -0.006941756699234247 0.03411497175693512
v -0.0014995393576100469 -0.0031199664808809757 0.026484426110982895
v 0.0012075533159077168 -0.004655986558645964 0.03460880368947983
v -0.0014854785986244678 -0.0015651864232495427 0.026677517220377922
v 0.0012292369501665235 -0.002336346311494708 0.034906577318906784
v -0.0014807818224653602 2.7355696374797844e-07 0.026742015033960342
v 0.0012364793801680207 2.7355696374797844e-07 0.03500603139400482
v -0.0014854785986244678 0.0015657335752621293 0.026677517220377922
v 0.0012292369501665235 0.0023368934635072947 0.034906577318906784
v -0.0014995393576100469 0.0031205136328935623 0.026484426110982895
v 0.0012075533159077168 0.004656583536416292 0.03460880368947983
v -0.0015228678239509463 0.004654023330658674 0.026164066046476364
v 0.0011715926229953766 0.0069423033855855465 0.03411497175693512
v -0.0015553003177046776 0.006155823357403278 0.02571868523955345
v 0.0011216156417503953 0.009177603758871555 0.03342865779995918
v -0.0015966236824169755 0.007615723181515932 0.02515120804309845
v 0.001057984889484942 0.01134607382118702 0.03255484253168106
v 0.0009969946695491672 0.013036463409662247 0.031717292964458466
v -0.001844277372583747 -0.012841655872762203 0.021750282496213913
v 0.0007902715005911887 -0.017295556142926216 0.02887844853103161
v -0.0017708026571199298 -0.011645276099443436 0.02275928109884262
v 0.0008174869581125677 -0.016824206337332726 0.02925218641757965
v 0.0008917069644667208 -0.015419626608490944 0.030271418392658234
v -0.0020114383660256863 -0.014964246191084385 0.019454730674624443
v 0.0005544922896660864 -0.020657196640968323 0.025640590116381645
v -0.0019246735610067844 -0.013950485736131668 0.020646236836910248
v 0.0005951845087110996 -0.0201545562595129 0.026199400424957275
v 0.0006775938672944903 -0.019045665860176086 0.027331093326210976
v -0.0022016679868102074 -0.016679545864462852 0.01684238761663437
v 0.00028067530365660787 -0.023418685421347618 0.0218803770840168
v -0.0021039778366684914 -0.01587601564824581 0.01818392612040043
v 0.0003361414128448814 -0.022936366498470306 0.022642070427536964
v 0.0004218677058815956 -0.022118406370282173 0.02381931245326996
v -0.002409793669357896 -0.017940836027264595 0.013984286226332188
v -2.3223845346365124e-05 -0.02549971640110016 0.017707057297229767
v -0.0023038391955196857 -0.017369406297802925 0.01543931383639574
v 4.740680742543191e-05 -0.025093816220760345 0.01867699809372425
v 0.00013195507926866412 -0.024548545479774475 0.019838064908981323
v -0.002743043005466461 -0.018910065293312073 0.00940791331231594
v -0.0005159886786714196 -0.02721913531422615 0.010940125212073326
v -0.002630144590511918 -0.018713796511292458 0.010958298109471798
v -0.0003483773907646537 -0.026839926838874817 0.013241860084235668
v -0.002518809400498867 -0.018389957025647163 0.012487219646573067
v -0.0002631667593959719 -0.02656831592321396 0.014412022195756435
v -0.00018372206250205636 -0.026265406981110573 0.015503003261983395
v -0.0005559037672355771 -0.028292017057538033 0.0073750694282352924
v -0.0006405264139175415 -0.027886176481842995 0.007614828180521727
v -0.002970427740365267 -0.01891537569463253 0.006285331677645445
v -0.00044746435014531016 -0.02874954603612423 0.007286850828677416
v -0.0003240021178498864 -0.029244856908917427 0.0072778803296387196
v -0.0006893345853313804 -0.027585046365857124 0.007975305430591106
v -0.0006962980260141194 -0.02742423675954342 0.008404153399169445
v -0.0028567255940288305 -0.01897742599248886 0.007846756838262081
v -0.0006853350205346942 -0.027400335296988487 0.008614562451839447
v -0.0005871168687008321 -0.02731962688267231 0.009963351301848888
v -0.0030833741184324026 -0.018724456429481506 0.004734288435429335
v -0.003194787073880434 -0.01840587705373764 0.003204299369826913
v -0.003303914563730359 -0.017961816862225533 0.001705697737634182
v -0.003410007804632187 -0.017395395785570145 0.0002487652818672359
v -0.003512348048388958 -0.016710355877876282 -0.00115663290489465
v -0.003610237268730998 -0.015911417081952095 -0.0025009040255099535
v -0.003703006310388446 -0.015003995969891548 -0.003774861106649041
v -0.00379001721739769 -0.013994356617331505 -0.004969746805727482
v -0.00379001721739769 0.013994904235005379 -0.004969746805727482
v -0.0038507888093590736 0.01317957416176796 -0.005805169232189655
v -0.003703006310388446 0.015004543587565422 -0.003774861106649041
v -0.003610237268730998 0.01591196469962597 -0.0025009040255099535
v -0.0035123524721711874 0.016710903495550156 -0.0011566933244466782
v -0.0034100119955837727 0.01739594340324402 0.0002487053570803255
v -0.003303914563730359 0.017962424084544182 0.001705697737634182
v -0.003194787073880434 0.018406424671411514 0.003204299369826913
v -0.0030833741184324026 0.01872500404715538 0.004734288435429335
v 0.0015288910362869501 -0.0070088766515254974 0.03434611111879349
v 0.001478428952395916 -0.009265806525945663 0.0336531363427639
v 0.0023226828780025244 -0.00837018620222807 0.03389345481991768
v 0.0006293592741712928 0.02364567294716835 0.02199321985244751
v 0.0014163677114993334 0.023935463279485703 0.02144741266965866
v 0.00047919744974933565 0.024786444380879402 0.019931111484766006
v 0.001195691991597414 0.025459613651037216 0.018416965380311012
v 0.00032252093660645187 0.02574685402214527 0.01777953840792179
v 0.0011449140729382634 0.02574685402214527 0.017719652503728867
v 0.00016047214739955962 0.02651992440223694 0.01555419061332941
v 0.0009631128632463515 0.026599794626235962 0.015223052352666855
v -5.775171757704811e-06 0.02709999307990074 0.01327118556946516
v 0.0008166179177351296 0.02709999307990074 0.013211299665272236
v -0.0001750103838276118 0.02748289331793785 0.010947149246931076
v 0.0007221350097097456 0.02733895368874073 0.011913804337382317
v 0.001143881119787693 0.017463354393839836 0.02905893325805664
v 0.0019662741106003523 0.017463354393839836 0.028999047353863716
v 0.0010301170405000448 0.019230393692851067 0.027496660128235817
v 0.0018089308869093657 0.019832944497466087 0.02683831751346588
v 0.0009058256982825696 0.020857544615864754 0.025789817795157433
v 0.0017282187473028898 0.020857544615864754 0.025729931890964508
v 0.0007719148998148739 0.022332873195409775 0.02395087666809559
v 0.001621813396923244 0.02205047383904457 0.024268710985779762
v 0.0014517523813992739 0.02364567294716835 0.021933333948254585
v 0.0015651980647817254 0.004701593425124884 0.03484470024704933
v 0.002382746897637844 0.005073583219200373 0.03471829369664192
v 0.0015288910362869501 0.007009423337876797 0.03434611111879349
v 0.0023226828780025244 0.008370733819901943 0.03389345481991768
v 0.001478428952395916 0.009266293607652187 0.0336531363427639
v 0.0023008219432085752 0.009266293607652187 0.033593252301216125
v 0.0014141835272312164 0.011455743573606014 0.03277088329195976
v 0.0022337238769978285 0.011541693471372128 0.03267182037234306
v 0.0013366177445277572 0.013561873696744442 0.03170570358633995
v 0.0021590108517557383 0.013561873696744442 0.031645819544792175
v 0.0012462992453947663 0.01556924358010292 0.030465397983789444
v 0.0021172109991312027 0.014538614079356194 0.031071797013282776
v 0.001974897924810648 0.017316313460469246 0.02911747246980667
v 0.0015651980647817254 -0.004701046738773584 0.03484470024704933
v 0.002382746897637844 -0.005073036532849073 0.03471829369664192
v 0.0023875911720097065 -0.004701046738773584 0.034784816205501556
v 0.0015870893839746714 -0.002358936471864581 0.03514532744884491
v 0.002413006266579032 -0.001699356478638947 0.035133831202983856
v 0.0015944051556289196 2.7355696374797844e-07 0.03524579107761383
v 0.002416798146441579 2.7355696374797844e-07 0.03518590331077576
v 0.0015870893839746714 0.0023594836238771677 0.03514532744884491
v 0.002413006266579032 0.0016999036306515336 0.035133831202983856
v 0.0023875911720097065 0.004701593425124884 0.034784816205501556
v 0.001143881119787693 -0.017462806776165962 0.02905893325805664
v 0.001974897924810648 -0.017315765842795372 0.02911747246980667
v 0.0012462992453947663 -0.015568695962429047 0.030465397983789444
v 0.0021172109991312027 -0.01453806646168232 0.031071797013282776
v 0.0013366177445277572 -0.013561326079070568 0.03170570358633995
v 0.0021590108517557383 -0.013561326079070568 0.031645819544792175
v 0.0014141835272312164 -0.01145519595593214 0.03277088329195976
v 0.0022337238769978285 -0.011541145853698254 0.03267182037234306
v 0.0023008219432085752 -0.009265806525945663 0.033593252301216125
v 0.0006293592741712928 -0.023645125329494476 0.02199321985244751
v 0.0014517523813992739 -0.023645125329494476 0.021933333948254585
v 0.0007719148998148739 -0.0223323255777359 0.02395087666809559
v 0.001621813396923244 -0.022049926221370697 0.024268710985779762
v 0.0009058256982825696 -0.020856935530900955 0.025789817795157433
v 0.0017282187473028898 -0.020856935530900955 0.025729931890964508
v 0.0010301170405000448 -0.019229846075177193 0.027496660128235817
v 0.0018089308869093657 -0.019832396879792213 0.02683831751346588
v 0.0019662741106003523 -0.017462806776165962 0.028999047353863716
v -0.0001750103838276118 -0.027482345700263977 0.010947149246931076
v 0.0007221350097097456 -0.027338406071066856 0.011913804337382317
v -5.775171757704811e-06 -0.027099445462226868 0.01327118556946516
v 0.0008166179177351296 -0.027099445462226868 0.013211299665272236
v 0.00016047214739955962 -0.026519376784563065 0.01555419061332941
v 0.0009631128632463515 -0.026599247008562088 0.015223052352666855
v 0.00032252093660645187 -0.025746306404471397 0.01777953840792179
v 0.0011449140729382634 -0.025746306404471397 0.017719652503728867
v 0.00047919744974933565 -0.024785896763205528 0.019931111484766006
v 0.001195691991597414 -0.025459066033363342 0.018416965380311012
v 0.0014163677114993334 -0.02393491566181183 0.02144741266965866
v -0.0008639859734103084 0.02031669393181801 -0.015285969711840153
v 0.004482695832848549 0.02029261365532875 -0.015705611556768417
v -0.0009125923388637602 0.01975330337882042 -0.016062509268522263
v 0.004403740633279085 0.019541174173355103 -0.01678987219929695
v -0.0009329493623226881 0.019541174173355103 -0.016401257365942
v -0.0009734921623021364 0.019157974049448967 -0.017104096710681915
v 0.004316669423133135 0.0189302247017622 -0.01798558607697487
v -0.0010337880812585354 0.01868894323706627 -0.01821851171553135
v 0.004224428441375494 0.01848575472831726 -0.019252292811870575
v -0.0010677988175302744 0.01848575472831726 -0.01886691525578499
v 0.004031181335449219 0.01812526397407055 -0.02190607413649559
v -0.0012086153728887439 0.01812526397407055 -0.021524515002965927
v 0.004128686152398586 0.018215803429484367 -0.02056708000600338
v -0.0011443798430263996 0.018198523670434952 -0.020317452028393745
v -0.0010819102171808481 0.018415184691548347 -0.019136972725391388
v -0.0012823294382542372 0.01812526397407055 -0.022834761068224907
v 0.003888932755216956 0.01812526397407055 -0.02385951206088066
v -0.001356988912448287 0.01812526397407055 -0.024129215627908707
v 0.0031934017315506935 0.01812526397407055 -0.024460574612021446
v 0.0035238845739513636 0.01812526397407055 -0.02439737878739834
v 0.0037784769665449858 0.01812526397407055 -0.024177350103855133
v -0.0023304633796215057 0.017344683408737183 -0.024063583463430405
v -0.0023530025500804186 0.01718452386558056 -0.024062061682343483
v -0.0022775032557547092 0.017205264419317245 -0.022777413949370384
v -0.002203138777986169 0.017655223608016968 -0.02407214231789112
v -0.002203138777986169 0.017655223608016968 -0.02407214231789112
v -0.002119077369570732 0.017670784145593643 -0.02278655394911766
v -0.002119077369570732 0.017670784145593643 -0.02278655394911766
v -0.001980361295863986 0.01790604367852211 -0.024087173864245415
v -0.001980361295863986 0.01790604367852211 -0.024087173864245415
v -0.0017582544824108481 0.018004324287176132 -0.02280733361840248
v -0.0017582544824108481 0.018004324287176132 -0.02280733361840248
v -0.0018387038726359606 0.018000993877649307 -0.024096768349409103
v -0.0018387038726359606 0.018000993877649307 -0.024096768349409103
v -0.0016872945707291365 0.018068883568048477 -0.024106960743665695
v -0.002201793482527137 0.017228633165359497 -0.021471023559570312
v -0.0020368436817079782 0.017683833837509155 -0.021479927003383636
v -0.0020368436817079782 0.017683833837509155 -0.021479927003383636
v -0.0016776990378275514 0.018008023500442505 -0.021499261260032654
v -0.0016776990378275514 0.018008023500442505 -0.021499261260032654
v -0.003936099819839001 0.011884124018251896 -0.006934856530278921
v -0.0028646173886954784 0.015576213598251343 -0.011231932789087296
v -0.0025923869106918573 0.015573414042592049 -0.014027968049049377
v -0.0020529087632894516 0.0175956841558218 -0.018882310017943382
v -0.00212655495852232 0.017334314063191414 -0.02015789784491062
v -0.0023308140225708485 0.015585693530738354 -0.019639045000076294
v -0.0023831960279494524 0.015603394247591496 -0.022456921637058258
v -0.0019957032054662704 0.0179122444242239 -0.017893223091959953
v -0.002397090895101428 0.015575443394482136 -0.016829149797558784
v -0.0017987805185839534 0.019716473296284676 -0.014744097366929054
v -0.0018537191208451986 0.019101113080978394 -0.015577307902276516
v -0.001924319309182465 0.0184419434517622 -0.016695402562618256
v -0.0029829905834048986 0.01035031396895647 -0.016873205080628395
v -0.004120855126529932 0.007929423823952675 -0.009355531074106693
v -0.0036030509509146214 0.010360803455114365 -0.011286216787993908
v -0.0040771132335066795 0.009090334177017212 -0.00877782329916954
v -0.004011802840977907 0.010520013980567455 -0.007923620752990246
v -0.004235529340803623 0.0017891235183924437 -0.011017300188541412
v -0.004224827047437429 0.003176663536578417 -0.010829292237758636
v -0.003255686955526471 0.0051053534261882305 -0.016896190121769905
v -0.004202043637633324 0.004795053508132696 -0.010476204566657543
v -0.004167521838098764 0.006378033198416233 -0.00998561643064022
v -0.002697964198887348 0.005098853260278702 -0.022487301379442215
v -0.002582936780527234 0.002640043618157506 -0.027959046885371208
v -0.002572515280917287 0.0051053534261882305 -0.025293201208114624
v -0.0025905563961714506 0.013904483988881111 -0.027964403852820396
v -0.0024897176772356033 0.01509788352996111 -0.025114743039011955
v -0.002499988302588463 0.015063013881444931 -0.025414129719138145
v -0.00263445102609694 0.010357053950428963 -0.022478420287370682
v -0.0025224187411367893 0.015060514211654663 -0.02611362561583519
v -0.002546097617596388 0.015058133751153946 -0.02681303583085537
v -0.0025600686203688383 0.014992034062743187 -0.027193652465939522
v -0.0025732123758643866 0.014803613536059856 -0.02753167226910591
v -0.00258914427831769 0.014156493358314037 -0.027936063706874847
v -0.0025833244435489178 0.01451417338103056 -0.027788817882537842
v -0.0023957358207553625 0.01642218418419361 -0.024062901735305786
v -0.0024215492885559797 0.0159742534160614 -0.024139247834682465
v -0.0024477269034832716 0.015575793571770191 -0.024359116330742836
v -0.0024708332493901253 0.015272524207830429 -0.024696940556168556
v -0.0023750276304781437 0.016803354024887085 -0.02406243421137333
v -0.0031910273246467113 0.017767753452062607 0.004900445695966482
v -0.003296748735010624 0.01746550388634205 0.0034486197400838137
v -0.00371110369451344 0.002765453653410077 -0.0022415434941649437
v -0.00371110369451344 0.002765453653410077 -0.0022415434941649437
v -0.00371110369451344 0.002765453653410077 -0.0022415434941649437
v -0.0030838565435260534 0.017948953434824944 0.0063721789047122
v -0.0036909610498696566 0.015098543837666512 -0.001964935567229986
v -0.0038203096482902765 0.0033357536885887384 -0.0037412226665765047
v -0.0038203096482902765 0.0033357536885887384 -0.0037412226665765047
v -0.003598076058551669 0.015856653451919556 -0.0006893834797665477
v -0.002261699642986059 0.015064924024045467 0.017662514001131058
v -0.0023543944116681814 0.01582738384604454 0.016389574855566025
v -0.003633650951087475 0.0015617335448041558 -0.0011779200285673141
v -0.003633650951087475 0.0015617335448041558 -0.0011779200285673141
v -0.003919173497706652 -0.012506506405770779 -0.005098877940326929
v -0.0038615509402006865 -0.013278916478157043 -0.004307572729885578
v -0.0038203096482902765 -0.003335206536576152 -0.0037412226665765047
v -0.0038203096482902765 -0.003335206536576152 -0.0037412226665765047
v -0.0038203096482902765 -0.003335206536576152 -0.0037412226665765047
v -0.003936259541660547 0.0031419135630130768 -0.00533351581543684
v -0.003936259541660547 0.0031419135630130768 -0.00533351581543684
v -0.00416772672906518 0.0075415135361254215 -0.008512159809470177
v -0.004211531486362219 0.006068263202905655 -0.009113706648349762
v -0.003778985235840082 0.01423755381256342 -0.003173734759911895
v -0.0038615509402006865 0.013279464095830917 -0.004307572729885578
v -0.003919173497706652 0.012507054023444653 -0.005098877940326929
v -0.0034002962056547403 0.017044153064489365 0.0020266452338546515
v -0.003500969847664237 0.01650664396584034 0.0006441359873861074
v -0.002173891756683588 0.014199824072420597 0.01886834017932415
v -0.00399824557825923 -0.011279486119747162 -0.006184741854667664
v -0.004211531486362219 -0.006067716516554356 -0.009113706648349762
v -0.003936259541660547 -0.00314136641100049 -0.00533351581543684
v -0.003936259541660547 -0.00314136641100049 -0.00533351581543684
v -0.00403238320723176 -0.0022278064861893654 -0.00665354123339057
v -0.00403238320723176 -0.0022278064861893654 -0.00665354123339057
v -0.004086663480848074 -0.0008038164232857525 -0.007398947142064571
v -0.004086663480848074 -0.0008038164232857525 -0.007398947142064571
v -0.004268707241863012 -0.0030238863546401262 -0.009898877702653408
v -0.004245128016918898 -0.004562936723232269 -0.009575074538588524
v -0.00403238320723176 0.002228353638201952 -0.00665354123339057
v -0.00403238320723176 0.002228353638201952 -0.00665354123339057
v -0.00371110369451344 -0.0027649065013974905 -0.0022415434941649437
v -0.00371110369451344 -0.0027649065013974905 -0.0022415434941649437
v -0.0029759672470390797 -0.01800723560154438 0.007853776216506958
v -0.003633650951087475 -0.0015611863927915692 -0.0011779200285673141
v -0.003633650951087475 -0.0015611863927915692 -0.0011779200285673141
v -0.002868094714358449 -0.01794334687292576 0.009335143491625786
v -0.0027609667740762234 -0.01775713637471199 0.010806288570165634
v -0.002655323827639222 -0.01744987629354 0.012257036752998829
v -0.0025518801994621754 -0.017023706808686256 0.013677584938704967
v -0.0035009654238820076 -0.01650615595281124 0.0006441959412768483
v -0.0034002962056547403 -0.01704360544681549 0.0020266452338546515
v -0.003296748735010624 -0.017464956268668175 0.0034486197400838137
v -0.0024513453245162964 0.016482023522257805 0.015058189630508423
v -0.0025518801994621754 0.017024192959070206 0.013677584938704967
v -0.002655323827639222 0.017450423911213875 0.012257036752998829
v -0.002760970965027809 0.017757683992385864 0.010806228034198284
v -0.002868094714358449 0.017943894490599632 0.009335143491625786
v -0.0029759679455310106 0.018007783219218254 0.007853765971958637
v -0.003605698933824897 2.7355696374797844e-07 -0.0007940663490444422
v -0.003605698933824897 2.7355696374797844e-07 -0.0007940663490444422
v -0.0016703606816008687 2.7355696374797844e-07 0.025783123448491096
v -0.0016748193884268403 0.001485683606006205 0.025721894577145576
v -0.0016881609335541725 0.0029610134661197662 0.025538679212331772
v -0.0017102948622778058 0.004416143521666527 0.025234723463654518
v -0.0017410734435543418 0.005841173231601715 0.02481205388903618
v -0.001882871612906456 0.009839983657002449 0.022864799946546555
v -0.001945554744452238 0.011050493456423283 0.02200399897992611
v -0.002015276113525033 0.012185723520815372 0.02104654349386692
v -0.002091560047119856 0.013237863779067993 0.01999896764755249
v -0.001945554744452238 -0.011049945838749409 0.02200399897992611
v -0.001882871612906456 -0.009839436039328575 0.022864799946546555
v -0.0018276560585945845 -0.008561816066503525 0.02362305112183094
v -0.0017802806105464697 -0.007225836627185345 0.024273637682199478
v -0.0017410734435543418 -0.005840626545250416 0.02481205388903618
v -0.0017102948622778058 -0.0044155968353152275 0.025234723463654518
v -0.0016881609335541725 -0.0029604663141071796 0.025538679212331772
v -0.0016748193884268403 -0.0014851364539936185 0.025721894577145576
v -0.002451340900734067 -0.016481416299939156 0.015058250166475773
v -0.0023543944116681814 -0.015826836228370667 0.016389574855566025
v -0.002261699642986059 -0.015064436011016369 0.017662514001131058
v -0.0031910273246467113 -0.017767205834388733 0.004900445695966482
v -0.0030838565435260534 -0.01794840581715107 0.0063721789047122
v -0.004086663480848074 0.0008043735870160162 -0.007398947142064571
v -0.004086663480848074 0.0008043735870160162 -0.007398947142064571
v -0.004286234732717276 2.7355696374797844e-07 -0.010139579884707928
v -0.0042808628641068935 -0.0017038264777511358 -0.010065806098282337
v -0.004245128016918898 0.004563543479889631 -0.009575074538588524
v -0.004268707241863012 0.003024433506652713 -0.009898877702653408
v -0.0042808628641068935 0.0017043736297637224 -0.010065806098282337
v -0.00399824557825923 0.011280033737421036 -0.006184741854667664
v -0.004067439120262861 0.009993473999202251 -0.007134946528822184
v -0.0041272989474236965 0.008641873486340046 -0.007956979796290398
v -0.0017802806105464697 0.007226383313536644 0.024273637682199478
v -0.0018276560585945845 0.008562363684177399 0.02362305112183094
v -0.002173891756683588 -0.014199276454746723 0.01886834017932415
v -0.002091560047119856 -0.01323731616139412 0.01999896764755249
v -0.002015276113525033 -0.012185175903141499 0.02104654349386692
v -0.003778985235840082 -0.014237006194889545 -0.003173734759911895
v -0.003690956858918071 -0.015097996219992638 -0.001964875962585211
v -0.003598076058551669 -0.015856105834245682 -0.0006893834797665477
v -0.00416772672906518 -0.007540966849774122 -0.008512159809470177
v -0.0041272989474236965 -0.008641325868666172 -0.007956979796290398
v -0.004067439120262861 -0.009992926381528378 -0.007134946528822184
v -0.004259750712662935 2.7355696374797844e-07 -0.01097322627902031
v -0.00147657108027488 -0.0185867752879858 -0.018158666789531708
v -0.00147657108027488 -0.0185867752879858 -0.018158666789531708
v -0.0016214520437642932 -0.02002485655248165 -0.015003230422735214
v -0.0016214520437642932 -0.02002485655248165 -0.015003230422735214
v -0.00128829141613096 -0.020238716155290604 -0.015196377411484718
v -0.00128829141613096 -0.020238716155290604 -0.015196377411484718
v -0.0013403297634795308 -0.01966823637485504 -0.015980679541826248
v -0.0013403297634795308 -0.01966823637485504 -0.015980679541826248
v -0.0014077492523938417 -0.019064025953412056 -0.017032910138368607
v -0.0014077492523938417 -0.019064025953412056 -0.017032910138368607
v -0.0016760758589953184 -0.019435545429587364 -0.01580759696662426
v -0.0016760758589953184 -0.019435545429587364 -0.01580759696662426
v -0.001747617614455521 -0.018808085471391678 -0.016886841505765915
v -0.001747617614455521 -0.018808085471391678 -0.016886841505765915
v -0.0018213412258774042 -0.01830841600894928 -0.018042057752609253
v -0.0018213412258774042 -0.01830841600894928 -0.018042057752609253
v -0.001881021773442626 -0.018013015389442444 -0.018994629383087158
v -0.001881021773442626 -0.018013015389442444 -0.018994629383087158
v -0.0019581771921366453 -0.017773466184735298 -0.020220773294568062
v -0.0019581771921366453 -0.017773466184735298 -0.020220773294568062
v -0.0015321566024795175 -0.018307406455278397 -0.019086137413978577
v -0.0015321566024795175 -0.018307406455278397 -0.019086137413978577
v -0.001604149118065834 -0.018085027113556862 -0.020278288051486015
v -0.001604149118065834 -0.018085027113556862 -0.020278288051486015
v -0.0016214520437642932 0.020025404170155525 -0.015003230422735214
v -0.0016214520437642932 0.020025404170155525 -0.015003230422735214
v -0.00128829141613096 0.020239263772964478 -0.015196377411484718
v -0.00128829141613096 0.020239263772964478 -0.015196377411484718
v -0.0013403297634795308 0.019668783992528915 -0.015980679541826248
v -0.0013403297634795308 0.019668783992528915 -0.015980679541826248
v -0.0014077492523938417 0.01906457357108593 -0.017032910138368607
v -0.0014077492523938417 0.01906457357108593 -0.017032910138368607
v -0.0015321566024795175 0.01830795407295227 -0.019086137413978577
v -0.0015321566024795175 0.01830795407295227 -0.019086137413978577
v -0.00147657108027488 0.018587322905659676 -0.018158666789531708
v -0.00147657108027488 0.018587322905659676 -0.018158666789531708
v -0.001604149118065834 0.018085574731230736 -0.020278288051486015
v -0.001604149118065834 0.018085574731230736 -0.020278288051486015
v -0.0016760758589953184 0.019436154514551163 -0.01580759696662426
v -0.0016760758589953184 0.019436154514551163 -0.01580759696662426
v -0.001747617614455521 0.018808633089065552 -0.016886841505765915
v -0.001747617614455521 0.018808633089065552 -0.016886841505765915
v -0.0018213412258774042 0.018308963626623154 -0.018042057752609253
v -0.0018213412258774042 0.018308963626623154 -0.018042057752609253
v -0.001881021773442626 0.018013563007116318 -0.018994629383087158
v -0.001881021773442626 0.018013563007116318 -0.018994629383087158
v -0.0019581771921366453 0.017774013802409172 -0.020220773294568062
v -0.0019581771921366453 0.017774013802409172 -0.020220773294568062
v -0.0021963552571833134 -0.015403286553919315 -0.026825176551938057
v 0.0009989931713789701 -0.015403286553919315 -0.027057860046625137
v 0.0009989931713789701 -0.015403286553919315 -0.027057860046625137
v 0.0009989931713789701 -0.015403286553919315 -0.027057860046625137
v -0.0021726901177316904 -0.015403286553919315 -0.0261251088231802
v 0.0011006537824869156 -0.015403286553919315 -0.02566179633140564
v 0.0011006537824869156 -0.015403286553919315 -0.02566179633140564
v 0.0011006537824869156 -0.015403286553919315 -0.02566179633140564
v -0.002150277839973569 -0.015403286553919315 -0.02542506530880928
v 0.0008983455481939018 -0.014477276243269444 -0.02844001166522503
v 0.0008983455481939018 -0.014477276243269444 -0.02844001166522503
v 0.0008983455481939018 -0.014477276243269444 -0.02844001166522503
v -0.0022617680951952934 -0.014399486593902111 -0.028239652514457703
v -0.0022617680951952934 -0.014399486593902111 -0.028239652514457703
v 0.0009219603380188346 -0.014963946305215359 -0.02811571955680847
v 0.0009219603380188346 -0.014963946305215359 -0.02811571955680847
v 0.0009219603380188346 -0.014963946305215359 -0.02811571955680847
v -0.0022503570653498173 -0.014839786104857922 -0.027996057644486427
v -0.0022326926700770855 -0.01517470646649599 -0.027620477601885796
v 0.0009573060087859631 -0.015289085917174816 -0.027630332857370377
v 0.0009573060087859631 -0.015289085917174816 -0.027630332857370377
v 0.0009573060087859631 -0.015289085917174816 -0.027630332857370377
v -0.002222285373136401 -0.015289085917174816 -0.027398796752095222
v -0.0022110617719590664 -0.015366456471383572 -0.027155188843607903
v 0.004068056587129831 -0.017774716019630432 -0.024373900145292282
v 0.004068056587129831 -0.017774716019630432 -0.024373900145292282
v 0.004068056587129831 -0.016974706202745438 -0.024373900145292282
v 0.004068056587129831 -0.016974706202745438 -0.024373900145292282
v 0.003676408901810646 -0.017774716019630432 -0.02471238188445568
v 0.003676408901810646 -0.017774716019630432 -0.02471238188445568
v 0.003676408901810646 -0.016974706202745438 -0.02471238188445568
v 0.003676408901810646 -0.016974706202745438 -0.02471238188445568
v 0.0031679822131991386 -0.017774716019630432 -0.02480965107679367
v 0.0031679822131991386 -0.016974706202745438 -0.02480965107679367
v 0.0031679777894169092 0.017775263637304306 -0.024809710681438446
v 0.0035552193876355886 0.017775263637304306 -0.02476152963936329
v 0.0031679822131991386 0.01697525382041931 -0.02480965107679367
v 0.0035552193876355886 0.01697525382041931 -0.02476152963936329
v 0.003676408901810646 0.01697525382041931 -0.02471238188445568
v 0.003676408901810646 0.017775263637304306 -0.02471238188445568
v 0.0038945230189710855 0.01697525382041931 -0.024568941444158554
v 0.0038945230189710855 0.017775263637304306 -0.024568941444158554
v 0.004068056587129831 0.01697525382041931 -0.024373900145292282
v 0.004068056587129831 0.017775263637304306 -0.024373900145292282
v 0.004134302493184805 0.01697525382041931 -0.0242611151188612
v 0.004134302493184805 0.017775263637304306 -0.0242611151188612
v 0.004134302493184805 0.017775263637304306 -0.0242611151188612
v 0.0012990591349080205 -0.026332756504416466 0.015121555887162685
v 0.0012990591349080205 -0.026332756504416466 0.015121555887162685
v 0.0015293092001229525 -0.025203965604305267 0.018283482640981674
v 0.0015293092001229525 -0.025203965604305267 0.018283482640981674
v 0.0019511586287990212 -0.021828966215252876 0.024076564237475395
v 0.0019511586287990212 -0.021828966215252876 0.024076564237475395
v 0.0021364015992730856 -0.01963360607624054 0.026620429009199142
v 0.0021364015992730856 -0.01963360607624054 0.026620429009199142
v 0.0025569386780261993 -0.011425516568124294 0.032395489513874054
v 0.0025569386780261993 -0.011425516568124294 0.032395489513874054
v 0.0026450064033269882 -0.008286326192319393 0.033604882657527924
v 0.0026450064033269882 -0.008286326192319393 0.033604882657527924
v 0.002734424313530326 -0.001682306407019496 0.034832824021577835
v 0.002734424313530326 -0.001682306407019496 0.034832824021577835
v 0.002734424313530326 0.0016828535590320826 0.034832824021577835
v 0.002734424313530326 0.0016828535590320826 0.034832824021577835
v 0.0025569386780261993 0.011426064185798168 0.032395489513874054
v 0.0025569386780261993 0.011426064185798168 0.032395489513874054
v 0.0024415950756520033 0.014392944052815437 0.030811522156000137
v 0.0024415950756520033 0.014392944052815437 0.030811522156000137
v 0.0021364015992730856 0.019634153693914413 0.026620429009199142
v 0.0021364015992730856 0.019634153693914413 0.026620429009199142
v 0.0019511586287990212 0.02182951383292675 0.024076564237475395
v 0.0019511586287990212 0.02182951383292675 0.024076564237475395
v 0.0012990591349080205 0.02633330412209034 0.015121555887162685
v 0.0012990591349080205 0.02633330412209034 0.015121555887162685
v 0.0010604962008073926 0.027065014466643333 0.011845470406115055
v 0.0010604962008073926 0.027065014466643333 0.011845470406115055
v 0.000874806719366461 -0.027303356677293777 0.011897122487425804
v 0.001115472987294197 -0.02656521648168564 0.015202092006802559
v 0.0015681482618674636 -0.023904286324977875 0.021418491378426552
v 0.0017733302665874362 -0.022021666169166565 0.024236170575022697
v 0.0019602095708251 -0.01980699598789215 0.026802506297826767
v 0.0022680952679365873 -0.01451947633177042 0.031030569225549698
v 0.0022680952679365873 -0.01451947633177042 0.031030569225549698
v 0.0023844607640057802 -0.011526365764439106 0.03262856975197792
v 0.002533289138227701 -0.005066536832600832 0.034672368317842484
v 0.002533289138227701 -0.005066536832600832 0.034672368317842484
v 0.002563509391620755 0.001697753556072712 0.03508736938238144
v 0.0024733077734708786 0.008360063657164574 0.03384866937994957
v 0.0024733077734708786 0.008360063657164574 0.03384866937994957
v 0.0023844607640057802 0.01152691338211298 0.03262856975197792
v 0.0021259638015180826 0.0172941442579031 0.029078738763928413
v 0.0021259638015180826 0.0172941442579031 0.029078738763928413
v 0.0017733302665874362 0.02202221378684044 0.024236170575022697
v 0.0013477536849677563 0.025427013635635376 0.01839190535247326
v 0.0013477536849677563 0.025427013635635376 0.01839190535247326
v 0.001115472987294197 0.026565764099359512 0.015202092006802559
v 0.0015681482618674636 0.02390483394265175 0.021418491378426552
v 0.0016866400837898254 0.023819124326109886 0.021359961479902267
v 0.0016866400837898254 0.023819124326109886 0.021359961479902267
v 0.0018910856451839209 0.021943243220448494 0.02416752651333809
v 0.0018910856451839209 0.021943243220448494 0.02416752651333809
v 0.0017477725632488728 0.023695673793554306 0.021283550187945366
v 0.0017477725632488728 0.023695673793554306 0.021283550187945366
v 0.002533289138227701 0.005067083518952131 0.034672368317842484
v 0.002648318186402321 0.0050489031709730625 0.034566283226013184
v 0.002648318186402321 0.0050489031709730625 0.034566283226013184
v 0.002678430173546076 0.0016916135791689157 0.03497979789972305
v 0.002678430173546076 0.0016916135791689157 0.03497979789972305
v 0.0027044685557484627 0.005022743251174688 0.03442145511507988
v 0.0027044685557484627 0.005022743251174688 0.03442145511507988
v 0.0021259638015180826 -0.017293596640229225 0.029078738763928413
v 0.0022424510680139065 -0.01723160594701767 0.028992680832743645
v 0.0022424510680139065 -0.01723160594701767 0.028992680832743645
v 0.0020772903226315975 -0.01973595656454563 0.026724595576524734
v 0.0020772903226315975 -0.01973595656454563 0.026724595576524734
v 0.0023007055278867483 -0.01714225672185421 0.028876744210720062
v 0.0023007055278867483 -0.01714225672185421 0.028876744210720062
v 0.000874806719366461 0.02730390429496765 0.011897122487425804
v 0.000874806719366461 0.02730390429496765 0.011897122487425804
v 0.0009957838337868452 0.02720603346824646 0.011872721835970879
v 0.0009957838337868452 0.02720603346824646 0.011872721835970879
v 0.0012355836806818843 0.026470454409718513 0.015165792778134346
v 0.0012355836806818843 0.026470454409718513 0.015165792778134346
v 0.0015293092001229525 0.02520451322197914 0.018283482640981674
v 0.0015293092001229525 0.02520451322197914 0.018283482640981674
v 0.0014670335222035646 0.025335824117064476 0.018344197422266006
v 0.0014670335222035646 0.025335824117064476 0.018344197422266006
v 0.0020772903226315975 0.019736504182219505 0.026724595576524734
v 0.0020772903226315975 0.019736504182219505 0.026724595576524734
v 0.0019602095708251 0.019807543605566025 0.026802506297826767
v 0.0023007055278867483 0.017142804339528084 0.028876744210720062
v 0.0023007055278867483 0.017142804339528084 0.028876744210720062
v 0.0022424510680139065 0.017232153564691544 0.028992680832743645
v 0.0022424510680139065 0.017232153564691544 0.028992680832743645
v 0.0022680952679365873 0.014520023949444294 0.031030569225549698
v 0.0022680952679365873 0.014520023949444294 0.031030569225549698
v 0.0023840719368308783 0.014467923901975155 0.030937500298023224
v 0.0023840719368308783 0.014467923901975155 0.030937500298023224
v 0.0025000220630317926 0.011485603637993336 0.0325297936797142
v 0.0025000220630317926 0.011485603637993336 0.0325297936797142
v 0.0026450064033269882 0.008286873809993267 0.033604882657527924
v 0.0026450064033269882 0.008286873809993267 0.033604882657527924
v 0.002588548930361867 0.008330023847520351 0.03374549746513367
v 0.002588548930361867 0.008330023847520351 0.03374549746513367
v 0.002678430173546076 -0.0016910664271563292 0.03497979789972305
v 0.002678430173546076 -0.0016910664271563292 0.03497979789972305
v 0.002563509391620755 -0.0016971464501693845 0.03508736938238144
v 0.0027044685557484627 -0.005022196564823389 0.03442145511507988
v 0.0027044685557484627 -0.005022196564823389 0.03442145511507988
v 0.002648318186402321 -0.005048356484621763 0.034566283226013184
v 0.002648318186402321 -0.005048356484621763 0.034566283226013184
v 0.0024733077734708786 -0.008359456434845924 0.03384866937994957
v 0.002588548930361867 -0.008329476229846478 0.03374549746513367
v 0.002588548930361867 -0.008329476229846478 0.03374549746513367
v 0.0025000220630317926 -0.011485056020319462 0.0325297936797142
v 0.0025000220630317926 -0.011485056020319462 0.0325297936797142
v 0.0024415950756520033 -0.014392396435141563 0.030811522156000137
v 0.0024415950756520033 -0.014392396435141563 0.030811522156000137
v 0.0023840719368308783 -0.014467376284301281 0.030937500298023224
v 0.0023840719368308783 -0.014467376284301281 0.030937500298023224
v 0.0018910856451839209 -0.02194269560277462 0.02416752651333809
v 0.0018910856451839209 -0.02194269560277462 0.02416752651333809
v 0.0017477725632488728 -0.023695066571235657 0.021283550187945366
v 0.0017477725632488728 -0.023695066571235657 0.021283550187945366
v 0.0016866400837898254 -0.023818576708436012 0.021359961479902267
v 0.0016866400837898254 -0.023818576708436012 0.021359961479902267
v 0.0013477536849677563 -0.025426466017961502 0.01839190535247326
v 0.0013477536849677563 -0.025426466017961502 0.01839190535247326
v 0.0014670335222035646 -0.025335276499390602 0.018344197422266006
v 0.0014670335222035646 -0.025335276499390602 0.018344197422266006
v 0.0012355836806818843 -0.02646990679204464 0.015165792778134346
v 0.0012355836806818843 -0.02646990679204464 0.015165792778134346
v 0.0010604962008073926 -0.02706446684896946 0.011845470406115055
v 0.0010604962008073926 -0.02706446684896946 0.011845470406115055
v 0.0009957838337868452 -0.02720542624592781 0.011872721835970879
v 0.0009957838337868452 -0.02720542624592781 0.011872721835970879
v -0.0025423543993383646 5.435569505607418e-07 -0.02813136950135231
v -0.0025423543993383646 5.435569505607418e-07 -0.02813136950135231
v -0.0025423543993383646 5.435569505607418e-07 -0.02813136950135231
v -0.0024349060840904713 -0.011263095773756504 -0.028267743065953255
v -0.0024349060840904713 -0.011263095773756504 -0.028267743065953255
v -0.002433090703561902 -0.013903636485338211 -0.028267333284020424
v -0.002433090703561902 -0.013903636485338211 -0.028267333284020424
v -0.0025529488921165466 -0.011263156309723854 -0.028138186782598495
v -0.0025529488921165466 -0.011263156309723854 -0.028138186782598495
v -0.0025512627325952053 -0.013903875835239887 -0.028136393055319786
v -0.0025512627325952053 -0.013903875835239887 -0.028136393055319786
v -0.002423997502774 4.4355698491926887e-07 -0.028266381472349167
v -0.002423997502774 4.4355698491926887e-07 -0.028266381472349167
v -0.002423997502774 4.4355698491926887e-07 -0.028266381472349167
v -0.002423997502774 4.4355698491926887e-07 -0.028266381472349167
v -0.002497810870409012 -0.015230796299874783 -0.026814695447683334
v -0.002497810870409012 -0.015230796299874783 -0.026814695447683334
v -0.002370002679526806 -0.015357095748186111 -0.026819096878170967
v -0.002370002679526806 -0.015357095748186111 -0.026819096878170967
v -0.0025090838316828012 -0.015197056345641613 -0.02710581384599209
v -0.0025090838316828012 -0.015197056345641613 -0.02710581384599209
v -0.0023833834566175938 -0.015320436097681522 -0.02713834121823311
v -0.0023833834566175938 -0.015320436097681522 -0.02713834121823311
v -0.0023833834566175938 -0.015320436097681522 -0.02713834121823311
v -0.0025258141104131937 -0.015026286244392395 -0.027516063302755356
v -0.0025258141104131937 -0.015026286244392395 -0.027516063302755356
v -0.0025393981486558914 -0.0147298164665699 -0.0278470516204834
v -0.0025393981486558914 -0.0147298164665699 -0.0278470516204834
v -0.0025480438489466906 -0.014341136440634727 -0.028061749413609505
v -0.0025480438489466906 -0.014341136440634727 -0.028061749413609505
v -0.0024031123612076044 -0.015133636072278023 -0.02758810482919216
v -0.0024031123612076044 -0.015133636072278023 -0.02758810482919216
v -0.0024191229604184628 -0.014808916486799717 -0.027950773015618324
v -0.0024191229604184628 -0.014808916486799717 -0.027950773015618324
v -0.00242936285212636 -0.014382976107299328 -0.028185850009322166
v -0.00242936285212636 -0.014382976107299328 -0.028185850009322166
v -0.0024274263996630907 0.002640403574332595 -0.028266793116927147
v -0.0024274263996630907 0.002640403574332595 -0.028266793116927147
v -0.002545671770349145 0.0026401036884635687 -0.02813340164721012
v -0.002545671770349145 0.0026401036884635687 -0.02813340164721012
v -0.002545671770349145 0.0026401036884635687 -0.02813340164721012
v -0.002433090703561902 0.013904123567044735 -0.028267333284020424
v -0.002433090703561902 0.013904123567044735 -0.028267333284020424
v -0.0025512627325952053 0.013904423452913761 -0.028136393055319786
v -0.0025512627325952053 0.013904423452913761 -0.028136393055319786
v -0.0023456444032490253 -0.015357515774667263 -0.02611943893134594
v -0.0023456444032490253 -0.015357515774667263 -0.02611943893134594
v -0.002322542015463114 -0.015357926487922668 -0.0254196897149086
v -0.002322542015463114 -0.015357926487922668 -0.0254196897149086
v -0.002322542015463114 -0.015357926487922668 -0.0254196897149086
v -0.002473406260833144 -0.015232105739414692 -0.02611522004008293
v -0.002473406260833144 -0.015232105739414692 -0.02611522004008293
v -0.0024500773288309574 -0.015233595855534077 -0.02541566826403141
v -0.0024500773288309574 -0.015233595855534077 -0.02541566826403141
v -0.002549754688516259 0.014193804003298283 -0.02810411900281906
v -0.002549754688516259 0.014193804003298283 -0.02810411900281906
v -0.002431365894153714 0.014221463352441788 -0.028232205659151077
v -0.002431365894153714 0.014221463352441788 -0.028232205659151077
v -0.002431365894153714 0.014221463352441788 -0.028232205659151077
v -0.0025429772213101387 0.014604833908379078 -0.02793559432029724
v -0.0025429772213101387 0.014604833908379078 -0.02793559432029724
v -0.00253095431253314 0.014937793835997581 -0.027640769258141518
v -0.00253095431253314 0.014937793835997581 -0.027640769258141518
v -0.0025149935390800238 0.015154813416302204 -0.027252521365880966
v -0.0025149935390800238 0.015154813416302204 -0.027252521365880966
v -0.002497810870409012 0.015231343917548656 -0.026814695447683334
v -0.002497810870409012 0.015231343917548656 -0.026814695447683334
v -0.0024233784060925245 0.01467195339500904 -0.02804775908589363
v -0.0024233784060925245 0.01467195339500904 -0.02804775908589363
v -0.0024091119412332773 0.015036674216389656 -0.02772476151585579
v -0.0024091119412332773 0.015036674216389656 -0.02772476151585579
v -0.002390374895185232 0.01527425367385149 -0.0272991880774498
v -0.002390374895185232 0.01527425367385149 -0.0272991880774498
v -0.002370002679526806 0.015357643365859985 -0.026819096878170967
v -0.002370002679526806 0.015357643365859985 -0.026819096878170967
v -0.0022773807868361473 -0.015851875767111778 -0.024527141824364662
v -0.0022773807868361473 -0.015851875767111778 -0.024527141824364662
v -0.0023966270964592695 -0.015789946541190147 -0.02441495843231678
v -0.0023966270964592695 -0.015789946541190147 -0.02441495843231678
v -0.0024182044435292482 -0.015492696315050125 -0.024678366258740425
v -0.0024182044435292482 -0.015492696315050125 -0.024678366258740425
v -0.002358461497351527 -0.01641901582479477 -0.024237127974629402
v -0.002358461497351527 -0.01641901582479477 -0.024237127974629402
v -0.0023732902482151985 -0.01615704596042633 -0.024265214800834656
v -0.0023732902482151985 -0.01615704596042633 -0.024265214800834656
v -0.0022403246257454157 -0.016412336379289627 -0.02437034249305725
v -0.0022403246257454157 -0.016412336379289627 -0.02437034249305725
v -0.002255120547488332 -0.016178926452994347 -0.02439454011619091
v -0.002255120547488332 -0.016178926452994347 -0.02439454011619091
v -0.0020720064640045166 -0.016403276473283768 -0.02442813850939274
v -0.0021111364476382732 -0.015872497111558914 -0.02457815408706665
v -0.0021001214627176523 -0.01602061651647091 -0.024502340704202652
v -0.0020881297532469034 -0.01618184708058834 -0.02445181831717491
v -0.002436127047985792 -0.015299876220524311 -0.025025539100170135
v -0.002436127047985792 -0.015299876220524311 -0.025025539100170135
v -0.0022968680132180452 -0.015587286092340946 -0.024761848151683807
v -0.0022968680132180452 -0.015587286092340946 -0.024761848151683807
v -0.002311892108991742 -0.015416046604514122 -0.02507157437503338
v -0.002311892108991742 -0.015416046604514122 -0.02507157437503338
v -0.002129768719896674 -0.015622216276824474 -0.02480042353272438
v -0.002142539480701089 -0.015459556132555008 -0.025093955919146538
v -0.002142539480701089 -0.015459556132555008 -0.025093955919146538
v -0.0023456444032490253 0.015358063392341137 -0.02611943893134594
v -0.0023456444032490253 0.015358063392341137 -0.02611943893134594
v -0.002473406260833144 0.015232653357088566 -0.02611522004008293
v -0.002473406260833144 0.015232653357088566 -0.02611522004008293
v -0.002322542015463114 0.015358474105596542 -0.0254196897149086
v -0.002322542015463114 0.015358474105596542 -0.0254196897149086
v -0.0024500773288309574 0.015234083868563175 -0.02541566826403141
v -0.0024500773288309574 0.015234083868563175 -0.02541566826403141
v -0.0020514873322099447 -0.01678331568837166 -0.024429572746157646
v -0.002029618714004755 -0.017163235694169998 -0.024431224912405014
v -0.0022203358821570873 -0.01679297536611557 -0.024371495470404625
v -0.0022203358821570873 -0.01679297536611557 -0.024371495470404625
v -0.0021989706438034773 -0.01717354543507099 -0.024372752755880356
v -0.0021989706438034773 -0.01717354543507099 -0.024372752755880356
v -0.0023384627420455217 -0.016800066456198692 -0.02423745207488537
v -0.0023384627420455217 -0.016800066456198692 -0.02423745207488537
v -0.0023171561770141125 -0.017181117087602615 -0.024237871170043945
v -0.0023171561770141125 -0.017181117087602615 -0.024237871170043945
v -0.00213619414716959 0.015537774190306664 -0.02492474764585495
v -0.0021456351969391108 0.015428753569722176 -0.02520296722650528
v -0.0023158856201916933 0.01538387406617403 -0.02518632635474205
v -0.0023158856201916933 0.01538387406617403 -0.02518632635474205
v -0.0023158856201916933 0.01538387406617403 -0.02518632635474205
v -0.0024412539787590504 0.01526335347443819 -0.02515419013798237
v -0.0024412539787590504 0.01526335347443819 -0.02515419013798237
v -0.0021347589790821075 0.01555660367012024 -0.02489360049366951
v -0.002302478300407529 0.015517983585596085 -0.024860231205821037
v -0.002302478300407529 0.015517983585596085 -0.024860231205821037
v -0.002424744190648198 0.01541468407958746 -0.024788692593574524
v -0.002424744190648198 0.01541468407958746 -0.024788692593574524
v -0.002404293743893504 0.015679454430937767 -0.024493105709552765
v -0.002404293743893504 0.015679454430937767 -0.024493105709552765
v -0.002284483751282096 0.01575353369116783 -0.02459673024713993
v -0.002284483751282096 0.01575353369116783 -0.02459673024713993
v -0.002284483751282096 0.01575353369116783 -0.02459673024713993
v -0.002096235053613782 0.016073253005743027 -0.024482721462845802
v -0.0021088430657982826 0.015903864055871964 -0.024559738114476204
v -0.002118094125762582 0.015779584646224976 -0.02464410290122032
v -0.0022403288166970015 0.0164128839969635 -0.024370402097702026
v -0.0022403288166970015 0.0164128839969635 -0.024370402097702026
v -0.0022627839352935553 0.016064133495092392 -0.024426788091659546
v -0.0022627839352935553 0.016064133495092392 -0.024426788091659546
v -0.002358461497351527 0.016419563442468643 -0.024237127974629402
v -0.002358461497351527 0.016419563442468643 -0.024237127974629402
v -0.0023811582941561937 0.016028134152293205 -0.024301810190081596
v -0.0023811582941561937 0.016028134152293205 -0.024301810190081596
v -0.0020720064640045166 0.01640382409095764 -0.02442813850939274
v -0.0013790060766041279 -0.017949717119336128 -0.024431569501757622
v -0.0013790060766041279 -0.017949717119336128 -0.024431569501757622
v -0.001369698904454708 -0.018077805638313293 -0.024303756654262543
v -0.001369698904454708 -0.018077805638313293 -0.024303756654262543
v -0.0015231111319735646 -0.018065055832266808 -0.024293117225170135
v -0.0015231111319735646 -0.018065055832266808 -0.024293117225170135
v -0.0013824085472151637 -0.017774716019630432 -0.02447829395532608
v -0.0015117641305550933 -0.017938636243343353 -0.024422021582722664
v -0.0015117641305550933 -0.017938636243343353 -0.024422021582722664
v -0.0018247029511258006 -0.017960626631975174 -0.024272117763757706
v -0.0018247029511258006 -0.017960626631975174 -0.024272117763757706
v -0.002245209412649274 -0.01749231666326523 -0.024242868646979332
v -0.002245209412649274 -0.01749231666326523 -0.024242868646979332
v -0.002245209412649274 -0.01749231666326523 -0.024242868646979332
v -0.002245209412649274 -0.01749231666326523 -0.024242868646979332
v -0.002074731281027198 -0.017762266099452972 -0.02425474114716053
v -0.002074731281027198 -0.017762266099452972 -0.02425474114716053
v -0.0017728143138810992 -0.01784827560186386 -0.024403301998972893
v -0.0017728143138810992 -0.01784827560186386 -0.024403301998972893
v -0.001989217707887292 -0.01767655648291111 -0.02438778430223465
v -0.001989217707887292 -0.01767655648291111 -0.02438778430223465
v -0.0021367762237787247 -0.01744290627539158 -0.024377157911658287
v -0.0021367762237787247 -0.01744290627539158 -0.024377157911658287
v -0.0014870456652715802 -0.01776619628071785 -0.0244707353413105
v -0.0016929113771766424 -0.01769532635807991 -0.02445574291050434
v -0.0018638184992596507 -0.017560085281729698 -0.02444329857826233
v -0.001980450237169862 -0.017375845462083817 -0.024434804916381836
v -0.0020514873322099447 0.016783863306045532 -0.024429572746157646
v -0.0022203358821570873 0.016793522983789444 -0.024371495470404625
v -0.0022203358821570873 0.016793522983789444 -0.024371495470404625
v -0.0023384627420455217 0.016800614073872566 -0.02423745207488537
v -0.0023384627420455217 0.016800614073872566 -0.02423745207488537
v -0.002029618714004755 0.017163783311843872 -0.024431224912405014
v -0.0021989706438034773 0.017174093052744865 -0.024372752755880356
v -0.0021989706438034773 0.017174093052744865 -0.024372752755880356
v -0.0023171561770141125 0.01718166470527649 -0.024237871170043945
v -0.0023171561770141125 0.01718166470527649 -0.024237871170043945
v 0.0031713845673948526 -0.017949717119336128 -0.024762926623225212
v 0.0031713845673948526 -0.017949717119336128 -0.024762926623225212
v 0.0031806917395442724 -0.018077805638313293 -0.024635113775730133
v 0.0031806917395442724 -0.018077805638313293 -0.024635113775730133
v -0.002295698970556259 0.017334014177322388 -0.024239374324679375
v -0.002295698970556259 0.017334014177322388 -0.024239374324679375
v -0.002295698970556259 0.017334014177322388 -0.024239374324679375
v -0.0021804743446409702 0.017305944114923477 -0.024374036118388176
v -0.0021804743446409702 0.017305944114923477 -0.024374036118388176
v -0.0021747490391135216 0.01762959361076355 -0.024247759953141212
v -0.0021747490391135216 0.01762959361076355 -0.024247759953141212
v -0.0021747490391135216 0.01762959361076355 -0.024247759953141212
v -0.0019630708266049623 0.017868613824248314 -0.02426251210272312
v -0.0019630708266049623 0.017868613824248314 -0.02426251210272312
v -0.0016842542681843042 0.018024053424596786 -0.024281922727823257
v -0.0016842542681843042 0.018024053424596786 -0.024281922727823257
v -0.0013697032118216157 0.018078353255987167 -0.024303816258907318
v -0.0013749671634286642 0.018022743985056877 -0.02437610551714897
v -0.0020757827442139387 0.01756182312965393 -0.024381538853049278
v -0.0020757827442139387 0.01756182312965393 -0.024381538853049278
v -0.0020757827442139387 0.01756182312965393 -0.024381538853049278
v -0.001892555272206664 0.017768653109669685 -0.024394702166318893
v -0.001892555272206664 0.017768653109669685 -0.024394702166318893
v -0.0016512357397004962 0.017903244122862816 -0.024412032216787338
v -0.0016512357397004962 0.017903244122862816 -0.024412032216787338
v -0.0013790060766041279 0.017950264737010002 -0.024431569501757622
v -0.0013790060766041279 0.017950264737010002 -0.024431569501757622
v -0.002014994155615568 0.017267853021621704 -0.0244322307407856
v -0.0019322478910908103 0.017469733953475952 -0.024438316002488136
v -0.00178749009501189 0.01763281412422657 -0.024448856711387634
v -0.001597015536390245 0.017738614231348038 -0.024462725967168808
v -0.0013824129709973931 0.017775263637304306 -0.024478353559970856
v 0.004022518172860146 -0.018098076805472374 -0.023869240656495094
v 0.003923242446035147 -0.018077805638313293 -0.02427562326192856
v 0.003923242446035147 -0.018077805638313293 -0.02427562326192856
v 0.00406346982344985 -0.018077805638313293 -0.023872222751379013
v 0.004135757684707642 -0.018022196367383003 -0.02387748658657074
v 0.0040292758494615555 -0.017949717119336128 -0.024347592145204544
v 0.0040292758494615555 -0.017949717119336128 -0.024347592145204544
v 0.004191222134977579 -0.017949717119336128 -0.023881524801254272
v 0.00421143788844347 -0.01790865696966648 -0.023882996290922165
v 0.003600148484110832 -0.018077805638313293 -0.02455485612154007
v 0.003600148484110832 -0.018077805638313293 -0.02455485612154007
v 0.0036559884902089834 -0.017949717119336128 -0.024670196697115898
v 0.0036559884902089834 -0.017949717119336128 -0.024670196697115898
v 0.0036559884902089834 -0.017949717119336128 -0.024670196697115898
v 0.003169913310557604 0.017909204587340355 -0.02478313073515892
v 0.003169913310557604 0.017909204587340355 -0.02478313073515892
v 0.0031754234805703163 0.018022743985056877 -0.024707462638616562
v 0.0031836703419685364 0.018098624423146248 -0.02459421195089817
v 0.0031836703419685364 0.018098624423146248 -0.02459421195089817
v 0.004353686235845089 -0.01790865696966648 -0.021929558366537094
v 0.004333470482379198 -0.017949717119336128 -0.0219280868768692
v 0.004333470482379198 -0.017949717119336128 -0.0219280868768692
v 0.0042780060321092606 -0.018022196367383003 -0.02192404866218567
v 0.004205718170851469 -0.018077805638313293 -0.021918784826993942
v 0.0041647665202617645 -0.018098076805472374 -0.021915802732110023
v 0.003664769697934389 0.017909204587340355 -0.02468840964138508
v 0.003664769697934389 0.017909204587340355 -0.02468840964138508
v 0.003664769697934389 0.017909204587340355 -0.02468840964138508
v 0.003889295272529125 0.018098624423146248 -0.024252597242593765
v 0.003889295272529125 0.018098624423146248 -0.024252597242593765
v 0.004022518172860146 0.018098624423146248 -0.023869240656495094
v 0.004022518172860146 0.018098624423146248 -0.023869240656495094
v 0.00398320471867919 0.018022743985056877 -0.024316325783729553
v 0.004135757684707642 0.018022743985056877 -0.02387748658657074
v 0.004046017769724131 0.017909204587340355 -0.02435891143977642
v 0.004046017769724131 0.017909204587340355 -0.02435891143977642
v 0.004046017769724131 0.017909204587340355 -0.02435891143977642
v 0.00421143788844347 0.017909204587340355 -0.023882996290922165
v 0.003631734289228916 0.018022743985056877 -0.02462008222937584
v 0.0035822822246700525 0.018098624423146248 -0.02451794035732746
v 0.0035822822246700525 0.018098624423146248 -0.02451794035732746
v 0.0044326805509626865 -0.018041806295514107 -0.02056567557156086
v 0.0044326805509626865 -0.018041806295514107 -0.02056567557156086
v 0.004303681664168835 -0.018168766051530838 -0.02057349681854248
v 0.004792885389178991 -0.02015497535467148 -0.015619133599102497
v 0.004792885389178991 -0.02015497535467148 -0.015619133599102497
v 0.0046593500301241875 -0.020255345851182938 -0.015689250081777573
v 0.0046593500301241875 -0.020255345851182938 -0.015689250081777573
v 0.004580022767186165 -0.01950039528310299 -0.01677861623466015
v 0.004580022767186165 -0.01950039528310299 -0.01677861623466015
v 0.004492543637752533 -0.01888652704656124 -0.017979934811592102
v 0.004492543637752533 -0.01888652704656124 -0.017979934811592102
v 0.0043998705223202705 -0.018439965322613716 -0.01925257407128811
v 0.0043998705223202705 -0.018439965322613716 -0.01925257407128811
v 0.00471254950389266 -0.019390426576137543 -0.01672235131263733
v 0.00471254950389266 -0.019390426576137543 -0.01672235131263733
v 0.004623953718692064 -0.01876874640583992 -0.017939001321792603
v 0.004623953718692064 -0.01876874640583992 -0.017939001321792603
v 0.0045300982892513275 -0.01831652596592903 -0.019227877259254456
v 0.0045300982892513275 -0.01831652596592903 -0.019227877259254456
v 0.004333470482379198 0.017950264737010002 -0.0219280868768692
v 0.0042780060321092606 0.018022743985056877 -0.02192404866218567
v 0.004205718170851469 0.018078353255987167 -0.021918784826993942
v 0.004205718170851469 0.018078353255987167 -0.021918784826993942
v 0.004792885389178991 0.020155522972345352 -0.015619133599102497
v 0.004792885389178991 0.020155522972345352 -0.015619133599102497
v 0.004303681664168835 0.018169313669204712 -0.02057349681854248
v 0.004303681664168835 0.018169313669204712 -0.02057349681854248
v 0.0044326805509626865 0.01804235391318798 -0.02056567557156086
v 0.0044326805509626865 0.01804235391318798 -0.02056567557156086
v 0.0043998705223202705 0.01844051294028759 -0.01925257407128811
v 0.0043998705223202705 0.01844051294028759 -0.01925257407128811
v 0.004492543637752533 0.01888713426887989 -0.017979934811592102
v 0.004492543637752533 0.01888713426887989 -0.017979934811592102
v 0.004580022767186165 0.019500942900776863 -0.01677861623466015
v 0.004580022767186165 0.019500942900776863 -0.01677861623466015
v 0.0046593500301241875 0.02025589346885681 -0.015689250081777573
v 0.0046593500301241875 0.02025589346885681 -0.015689250081777573
v 0.0045300982892513275 0.01831701397895813 -0.019227877259254456
v 0.0045300982892513275 0.01831701397895813 -0.019227877259254456
v 0.004623953718692064 0.018769294023513794 -0.017939001321792603
v 0.004623953718692064 0.018769294023513794 -0.017939001321792603
v 0.00471254950389266 0.019390974193811417 -0.01672235131263733
v 0.00471254950389266 0.019390974193811417 -0.01672235131263733
v -9.160314220935106e-05 -0.029192525893449783 0.007586095482110977
v -9.160314220935106e-05 -0.029192525893449783 0.007586095482110977
v -0.00021507505152840167 -0.028697216883301735 0.007595086935907602
v -0.00020710963872261345 -0.029220066964626312 0.007518175058066845
v -0.00020710963872261345 -0.029220066964626312 0.007518175058066845
v -0.0003305841237306595 -0.02872474677860737 0.007527156732976437
v -0.0003305841237306595 -0.02872474677860737 0.007527156732976437
v -0.0002887490554712713 -0.029238486662507057 0.007409918587654829
v -0.0002887490554712713 -0.029238486662507057 0.007409918587654829
v -0.0004122105601709336 -0.028743166476488113 0.007418898865580559
v -0.0004122105601709336 -0.028743166476488113 0.007418898865580559
v -0.00040335222729481757 -0.02802886627614498 0.007836047559976578
v -0.0004673971561715007 -0.0276650357991457 0.008443742990493774
v -0.0006489720544777811 -0.02752818539738655 0.008422845974564552
v -0.0006391180213540792 -0.027506135404109955 0.008614896796643734
v -0.0004596483486238867 -0.027646206319332123 0.008606730960309505
v -0.000495409476570785 -0.02763165533542633 0.008608823642134666
v -0.0005697496235370636 -0.027611516416072845 0.008436538279056549
v -0.0005610301741398871 -0.02759118564426899 0.008612188510596752
v -0.0006162705831229687 -0.027537306770682335 0.008614325895905495
v -0.0004548996512312442 -0.027792057022452354 0.008112230338156223
v -0.0005600648582912982 -0.027748726308345795 0.008079632185399532
v -0.0006412672228179872 -0.027676956728100777 0.008032184094190598
v -0.000511861639097333 -0.028004426509141922 0.007783018052577972
v -0.0005943140713497996 -0.027954835444688797 0.00770609313622117
v -0.00031939332257024944 -0.02834518626332283 0.0076562147587537766
v -0.00031939332257024944 -0.02834518626332283 0.0076562147587537766
v -0.0004314187972340733 -0.028345605358481407 0.007590908091515303
v -0.0005140606663189828 -0.02832706645131111 0.0074927108362317085
v -9.160314220935106e-05 0.029193073511123657 0.007586095482110977
v -9.160314220935106e-05 0.029193073511123657 0.007586095482110977
v -0.00020710963872261345 0.029220614582300186 0.007518175058066845
v -0.00020710963872261345 0.029220614582300186 0.007518175058066845
v -0.0002887490554712713 0.02923903428018093 0.007409918587654829
v -0.0002887490554712713 0.02923903428018093 0.007409918587654829
v -0.00021507505152840167 0.02869776450097561 0.007595086935907602
v -0.00021507505152840167 0.02869776450097561 0.007595086935907602
v -0.0003305841237306595 0.028725294396281242 0.007527156732976437
v -0.0003305841237306595 0.028725294396281242 0.007527156732976437
v -0.0004122105601709336 0.028743714094161987 0.007418898865580559
v -0.0004122105601709336 0.028743714094161987 0.007418898865580559
v -0.0005610301741398871 0.027591733261942863 0.008612188510596752
v -0.0006162705831229687 0.02753785438835621 0.008614325895905495
v -0.00044607665040530264 0.02735576406121254 0.010951527394354343
v -0.00044607665040530264 0.02735576406121254 0.010951527394354343
v -0.0006391180213540792 0.02750668302178383 0.008614896796643734
v -0.0004596483486238867 0.027646753937005997 0.008606730960309505
v -0.000495409476570785 0.027632202953100204 0.008608823642134666
v -0.00032463163370266557 0.02744952403008938 0.010954043827950954
v -0.0002776294422801584 0.02697465382516384 0.01326474267989397
v -0.00011214761616429314 0.026397254317998886 0.015537234954535961
v -0.00011214761616429314 0.026397254317998886 0.015537234954535961
v 4.9151654820889235e-05 0.02562776394188404 0.01775228977203369
v 0.00020510551985353231 0.024671824648976326 0.019893938675522804
v 0.00020510551985353231 0.024671824648976326 0.019893938675522804
v 0.00035457019112072885 0.02353629469871521 0.02194647490978241
v 0.0004964678664691746 0.022229524329304695 0.02389509603381157
v 0.0004964678664691746 0.022229524329304695 0.02389509603381157
v 0.0006297547370195389 0.020761044695973396 0.02572546899318695
v 0.0007534715114161372 0.019141463562846184 0.027424419298768044
v 0.0007534715114161372 0.019141463562846184 0.027424419298768044
v 0.0008667111396789551 0.01738259382545948 0.02897949144244194
v 0.000968657317571342 0.015497233718633652 0.03037947602570057
v 0.000968657317571342 0.015497233718633652 0.03037947602570057
v 0.001058556023053825 0.013499113731086254 0.031614016741514206
v 0.0011357623152434826 0.011402754113078117 0.032674260437488556
v 0.0011357623152434826 0.011402754113078117 0.032674260437488556
v 0.0011997135588899255 0.009223434142768383 0.03355247527360916
v 0.0011997135588899255 0.009223434142768383 0.03355247527360916
v 0.0012499417643994093 0.0069770533591508865 0.034242238849401474
v 0.0012499417643994093 0.0069770533591508865 0.034242238849401474
v 0.0012860795250162482 0.00467983353883028 0.03473850339651108
v 0.0012860795250162482 0.00467983353883028 0.03473850339651108
v 0.0013078715419396758 0.0023485736455768347 0.03503776341676712
v 0.0013078715419396758 0.0023485736455768347 0.03503776341676712
v 0.001315152971073985 2.7355696374797844e-07 0.035137757658958435
v 0.001315152971073985 2.7355696374797844e-07 0.035137757658958435
v 0.0013078715419396758 -0.002348026493564248 0.03503776341676712
v 0.0013078715419396758 -0.002348026493564248 0.03503776341676712
v 0.0012860795250162482 -0.004679286852478981 0.03473850339651108
v 0.0012860795250162482 -0.004679286852478981 0.03473850339651108
v 0.0012499417643994093 -0.006976506672799587 0.034242238849401474
v 0.0012499417643994093 -0.006976506672799587 0.034242238849401474
v 0.0011997135588899255 -0.009222886525094509 0.03355247527360916
v 0.0011997135588899255 -0.009222886525094509 0.03355247527360916
v 0.0011357623152434826 -0.011402206495404243 0.032674260437488556
v 0.001058556023053825 -0.01349856611341238 0.031614016741514206
v 0.001058556023053825 -0.01349856611341238 0.031614016741514206
v 0.000968657317571342 -0.015496686100959778 0.03037947602570057
v 0.0008667111396789551 -0.017382046207785606 0.02897949144244194
v 0.0008667111396789551 -0.017382046207785606 0.02897949144244194
v 0.0007534715114161372 -0.01914091594517231 0.027424419298768044
v 0.0006297547370195389 -0.020760497078299522 0.02572546899318695
v 0.0006297547370195389 -0.020760497078299522 0.02572546899318695
v 0.0004964678664691746 -0.02222897671163082 0.02389509603381157
v 0.00035457019112072885 -0.023535747081041336 0.02194647490978241
v 0.00035457019112072885 -0.023535747081041336 0.02194647490978241
v 0.00020510551985353231 -0.024671277031302452 0.019893938675522804
v 4.9151654820889235e-05 -0.025627216324210167 0.01775228977203369
v 4.9151654820889235e-05 -0.025627216324210167 0.01775228977203369
v -0.00011214761616429314 -0.026396706700325012 0.015537234954535961
v -0.0002776294422801584 -0.026974106207489967 0.01326474267989397
v -0.0002776294422801584 -0.026974106207489967 0.01326474267989397
v -0.00015560486644972116 0.027067093178629875 0.013275218196213245
v -0.00015560486644972116 0.027067093178629875 0.013275218196213245
v 1.043987776938593e-05 0.02648773416876793 0.015555440448224545
v 1.043987776938593e-05 0.02648773416876793 0.015555440448224545
v 0.00017229325021617115 0.025715623050928116 0.017778104171156883
v 0.00017229325021617115 0.025715623050928116 0.017778104171156883
v 0.00032877951161935925 0.02475634403526783 0.019927065819501877
v 0.00032877951161935925 0.02475634403526783 0.019927065819501877
v 0.00047875905875116587 0.023616943508386612 0.021986670792102814
v 0.00047875905875116587 0.023616943508386612 0.021986670792102814
v 0.0006211418658494949 0.022305693477392197 0.023941954597830772
v 0.0006211418658494949 0.022305693477392197 0.023941954597830772
v 0.0007548877620138228 0.020832153037190437 0.02577863074839115
v 0.0007548877620138228 0.020832153037190437 0.02577863074839115
v 0.0008790287538431585 0.01920703426003456 0.02748340740799904
v 0.0008790287538431585 0.01920703426003456 0.02748340740799904
v 0.0009926584316417575 0.017442133277654648 0.029043836519122124
v 0.0009926584316417575 0.017442133277654648 0.029043836519122124
v 0.001094946637749672 0.015550344251096249 0.030448516830801964
v 0.001094946637749672 0.015550344251096249 0.030448516830801964
v 0.0011851568706333637 0.013545364141464233 0.031687334179878235
v 0.0011851568706333637 0.013545364141464233 0.031687334179878235
v 0.0012626267271116376 0.011441853828728199 0.03275119885802269
v 0.0012626267271116376 0.011441853828728199 0.03275119885802269
v 0.0013267988106235862 0.009255084209144115 0.03363244608044624
v 0.0013267988106235862 0.009255084209144115 0.03363244608044624
v 0.0013771961675956845 0.007000953424721956 0.0343245305120945
v 0.0013771961675956845 0.007000953424721956 0.0343245305120945
v 0.0014134597731754184 0.004695863462984562 0.03482252359390259
v 0.0014134597731754184 0.004695863462984562 0.03482252359390259
v 0.001435325015336275 0.0023566235322505236 0.035122789442539215
v 0.001435325015336275 0.0023566235322505236 0.035122789442539215
v 0.0014426319394260645 2.7355696374797844e-07 0.035223133862018585
v 0.0014426319394260645 2.7355696374797844e-07 0.035223133862018585
v 0.001435325015336275 -0.002356076380237937 0.035122789442539215
v 0.001435325015336275 -0.002356076380237937 0.035122789442539215
v 0.0014134597731754184 -0.004695316776633263 0.03482252359390259
v 0.0014134597731754184 -0.004695316776633263 0.03482252359390259
v 0.0013771961675956845 -0.007000406738370657 0.0343245305120945
v 0.0013771961675956845 -0.007000406738370657 0.0343245305120945
v 0.0013267988106235862 -0.009254536591470242 0.03363244608044624
v 0.0013267988106235862 -0.009254536591470242 0.03363244608044624
v 0.0012626267271116376 -0.011441306211054325 0.03275119885802269
v 0.0012626267271116376 -0.011441306211054325 0.03275119885802269
v 0.0011851568706333637 -0.01354481652379036 0.031687334179878235
v 0.0011851568706333637 -0.01354481652379036 0.031687334179878235
v 0.001094946637749672 -0.015549796633422375 0.030448516830801964
v 0.001094946637749672 -0.015549796633422375 0.030448516830801964
v 0.0009926584316417575 -0.017441585659980774 0.029043836519122124
v 0.0009926584316417575 -0.017441585659980774 0.029043836519122124
v 0.0008790287538431585 -0.019206486642360687 0.02748340740799904
v 0.0008790287538431585 -0.019206486642360687 0.02748340740799904
v 0.0007548877620138228 -0.020831605419516563 0.02577863074839115
v 0.0007548877620138228 -0.020831605419516563 0.02577863074839115
v 0.0006211418658494949 -0.022305145859718323 0.023941954597830772
v 0.0006211418658494949 -0.022305145859718323 0.023941954597830772
v 0.00047875905875116587 -0.023616395890712738 0.021986670792102814
v 0.00047875905875116587 -0.023616395890712738 0.021986670792102814
v 0.00032877951161935925 -0.024755796417593956 0.019927065819501877
v 0.00032877951161935925 -0.024755796417593956 0.019927065819501877
v 0.00017229325021617115 -0.025715015828609467 0.017778104171156883
v 0.00017229325021617115 -0.025715015828609467 0.017778104171156883
v 1.043987776938593e-05 -0.026487186551094055 0.015555440448224545
v 1.043987776938593e-05 -0.026487186551094055 0.015555440448224545
v -0.00015560486644972116 -0.027066545560956 0.013275218196213245
v -0.00015560486644972116 -0.027066545560956 0.013275218196213245
v -0.00044607665040530264 -0.027355216443538666 0.010951527394354343
v -0.00032463163370266557 -0.027448976412415504 0.010954043827950954
v -0.0002822941169142723 0.02847466431558132 0.007619152311235666
v -0.0002822941169142723 0.02847466431558132 0.007619152311235666
v -0.0003956720174755901 0.02848515473306179 0.007551738526672125
v -0.0003956720174755901 0.02848515473306179 0.007551738526672125
v -0.00047807488590478897 0.028479784727096558 0.007448360323905945
v -0.00037253773189149797 0.028150644153356552 0.007749611046165228
v -0.00037253773189149797 0.028150644153356552 0.007749611046165228
v -0.00037253773189149797 0.028150644153356552 0.007749611046165228
v -0.000482444855151698 0.02813580445945263 0.007690466940402985
v -0.000482444855151698 0.02813580445945263 0.007690466940402985
v -0.000565134163480252 0.02809789404273033 0.007603723555803299
v -0.0006242231465876102 0.027791714295744896 0.007869797758758068
v -0.000542335445061326 0.027854474261403084 0.007931684143841267
v -0.00043569481931626797 0.027890054509043694 0.007974592037498951
v -0.00043569481931626797 0.027890054509043694 0.007974592037498951
v -0.0006500226445496082 0.027587683871388435 0.008218171074986458
v -0.0005696884472854435 0.027666423469781876 0.008249439299106598
v -0.0004659987462218851 0.0277158934623003 0.008270032703876495
v -0.000206441487534903 -0.020767945796251297 -0.012165124528110027
v -0.000206441487534903 -0.020767945796251297 -0.012165124528110027
v -0.000206441487534903 -0.020767945796251297 -0.012165124528110027
v -0.00015782103582751006 -0.02067192643880844 -0.01226148009300232
v -0.00015782103582751006 -0.02067192643880844 -0.01226148009300232
v -0.00015782103582751006 -0.02067192643880844 -0.01226148009300232
v 0.001011684420518577 -0.01987721584737301 -0.013114760629832745
v 0.001011684420518577 -0.01987721584737301 -0.013114760629832745
v 0.001011684420518577 -0.01987721584737301 -0.013114760629832745
v 0.001011684420518577 -0.01987721584737301 -0.013114760629832745
v 0.001011684420518577 -0.01987721584737301 -0.013114760629832745
v 0.0004564019909594208 -0.02009214647114277 -0.012866595759987831
v 0.0004564019909594208 -0.02009214647114277 -0.012866595759987831
v 0.0004564019909594208 -0.02009214647114277 -0.012866595759987831
v 0.00031849805964156985 -0.020176487043499947 -0.012775040231645107
v 0.00031849805964156985 -0.020176487043499947 -0.012775040231645107
v 0.00031849805964156985 -0.020176487043499947 -0.012775040231645107
v 6.735368515364826e-05 -0.020382246002554893 -0.012557916343212128
v 6.735368515364826e-05 -0.020382246002554893 -0.012557916343212128
v 6.735368515364826e-05 -0.020382246002554893 -0.012557916343212128
v 0.001106759998947382 0.018613724038004875 -0.01180912833660841
v 0.0011241839965805411 0.018374113366007805 -0.011569851078093052
v 0.0021041100844740868 0.018613724038004875 -0.011881754733622074
v 0.0021041100844740868 0.018613724038004875 -0.011881754733622074
v 0.0021041100844740868 0.018613724038004875 -0.011881754733622074
v 0.0021041100844740868 0.018613724038004875 -0.011881754733622074
v 0.0011407509446144104 0.01813039369881153 -0.011342344805598259
v 0.002214978449046612 0.01673165336251259 -0.010359245352447033
v 0.002214978449046612 0.01673165336251259 -0.010359245352447033
v 0.002214978449046612 0.01673165336251259 -0.010359245352447033
v 0.000980961136519909 0.017647353932261467 -0.0109194815158844
v 0.0006945539498701692 0.01673165336251259 -0.01024852879345417
v 0.0011407466372475028 -0.018129786476492882 -0.01134240347892046
v 0.0021380966063588858 -0.018129786476492882 -0.011415030807256699
v 0.0021380966063588858 -0.018129786476492882 -0.011415030807256699
v 0.0021380966063588858 -0.018129786476492882 -0.011415030807256699
v 0.00098095228895545 -0.017646746709942818 -0.010919601656496525
v 0.0022149740252643824 -0.01673104614019394 -0.010359304957091808
v 0.0022149740252643824 -0.01673104614019394 -0.010359304957091808
v 0.0022149740252643824 -0.01673104614019394 -0.010359304957091808
v 0.0006945496425032616 -0.01673104614019394 -0.010248588398098946
v -0.002084807027131319 0.000790303573012352 -0.002764437347650528
v -0.002084807027131319 0.000790303573012352 -0.002764437347650528
v 0.0027400332037359476 0.0008502835989929736 -0.0031488873064517975
v 0.0027400332037359476 0.0008502835989929736 -0.0031488873064517975
v 0.0027400332037359476 0.0008502835989929736 -0.0031488873064517975
v 0.0027400332037359476 0.0008502835989929736 -0.0031488873064517975
v 0.002756573259830475 2.7355696374797844e-07 -0.002921748673543334
v 0.002756573259830475 2.7355696374797844e-07 -0.002921748673543334
v 0.002756573259830475 2.7355696374797844e-07 -0.002921748673543334
v 0.002756573259830475 2.7355696374797844e-07 -0.002921748673543334
v 0.002756573259830475 2.7355696374797844e-07 -0.002921748673543334
v -0.002087205182760954 0.0008502835989929736 -0.0027973700780421495
v -0.002087205182760954 0.0008502835989929736 -0.0027973700780421495
v -0.0021239931229501963 0.0013993135653436184 -0.0033025629818439484
v -0.0021239931229501963 0.0013993135653436184 -0.0033025629818439484
v 0.0026948386803269386 0.0014725035289302468 -0.0037695239298045635
v 0.0026948386803269386 0.0014725035289302468 -0.0037695239298045635
v 0.0026948386803269386 0.0014725035289302468 -0.0037695239298045635
v 0.0026948386803269386 0.0014725035289302468 -0.0037695239298045635
v -0.0021323994733393192 0.0014725035289302468 -0.0034180067013949156
v -0.0021323994733393192 0.0014725035289302468 -0.0034180067013949156
v -0.0021792470943182707 0.0016878636088222265 -0.00406134407967329
v -0.0021792470943182707 0.0016878636088222265 -0.00406134407967329
v 0.002633108524605632 0.0017002535751089454 -0.004617239814251661
v 0.002633108524605632 0.0017002535751089454 -0.004617239814251661
v 0.002633108524605632 0.0017002535751089454 -0.004617239814251661
v 0.002633108524605632 0.0017002535751089454 -0.004617239814251661
v 0.002633108524605632 0.0017002535751089454 -0.004617239814251661
v 0.002633108524605632 0.0017002535751089454 -0.004617239814251661
v 0.002633108524605632 0.0017002535751089454 -0.004617239814251661
v 0.002633108524605632 0.0017002535751089454 -0.004617239814251661
v 0.002633108524605632 0.0017002535751089454 -0.004617239814251661
v -0.0021941298618912697 0.0017002535751089454 -0.00426572235301137
v -0.0021941298618912697 0.0017002535751089454 -0.00426572235301137
v -0.0022379125002771616 0.0015897535486146808 -0.004866970237344503
v -0.0022379125002771616 0.0015897535486146808 -0.004866970237344503
v 0.0025713739451020956 0.0014725035289302468 -0.005465014837682247
v 0.0025713739451020956 0.0014725035289302468 -0.005465014837682247
v 0.0025713739451020956 0.0014725035289302468 -0.005465014837682247
v 0.0025713739451020956 0.0014725035289302468 -0.005465014837682247
v -0.002255864441394806 0.0014725035289302468 -0.005113497842103243
v -0.002255864441394806 0.0014725035289302468 -0.005113497842103243
v -0.002286548027768731 0.0011275735450908542 -0.0055348617024719715
v -0.002286548027768731 0.0011275735450908542 -0.0055348617024719715
v 0.002526184543967247 0.0008502735872752964 -0.006085582077503204
v 0.002526184543967247 0.0008502735872752964 -0.006085582077503204
v 0.002526184543967247 0.0008502735872752964 -0.006085582077503204
v 0.002526184543967247 0.0008502735872752964 -0.006085582077503204
v 0.002526184543967247 0.0008502735872752964 -0.006085582077503204
v -0.0023010538425296545 0.0008502735872752964 -0.005734064616262913
v -0.0023010538425296545 0.0008502735872752964 -0.005734064616262913
v -0.002314010402187705 0.0004071135481353849 -0.005911992862820625
v -0.002314010402187705 0.0004071135481353849 -0.005911992862820625
v 0.002509643556550145 2.7355696374797844e-07 -0.006312730722129345
v 0.002509643556550145 2.7355696374797844e-07 -0.006312730722129345
v 0.002509643556550145 2.7355696374797844e-07 -0.006312730722129345
v 0.002509643556550145 2.7355696374797844e-07 -0.006312730722129345
v -0.0023175945971161127 2.7355696374797844e-07 -0.005961213260889053
v -0.0023175945971161127 2.7355696374797844e-07 -0.005961213260889053
v -0.002314010402187705 -0.00040656645433045924 -0.005911992862820625
v -0.002314010402187705 -0.00040656645433045924 -0.005911992862820625
v 0.002526184543967247 -0.0008497264352627099 -0.006085582077503204
v 0.002526184543967247 -0.0008497264352627099 -0.006085582077503204
v 0.002526184543967247 -0.0008497264352627099 -0.006085582077503204
v 0.002526184543967247 -0.0008497264352627099 -0.006085582077503204
v 0.002526184543967247 -0.0008497264352627099 -0.006085582077503204
v 0.002526184543967247 -0.0008497264352627099 -0.006085582077503204
v 0.002526184543967247 -0.0008497264352627099 -0.006085582077503204
v 0.002526184543967247 -0.0008497264352627099 -0.006085582077503204
v 0.002526184543967247 -0.0008497264352627099 -0.006085582077503204
v 0.002526184543967247 -0.0008497264352627099 -0.006085582077503204
v -0.0023010538425296545 -0.0008497264352627099 -0.005734064616262913
v -0.0023010538425296545 -0.0008497264352627099 -0.005734064616262913
v -0.002286548027768731 -0.0011270263930782676 -0.0055348617024719715
v -0.002286548027768731 -0.0011270263930782676 -0.0055348617024719715
v 0.0025713739451020956 -0.0014719563769176602 -0.005465014837682247
v 0.0025713739451020956 -0.0014719563769176602 -0.005465014837682247
v 0.0025713739451020956 -0.0014719563769176602 -0.005465014837682247
v 0.0025713739451020956 -0.0014719563769176602 -0.005465014837682247
v 0.0025713739451020956 -0.0014719563769176602 -0.005465014837682247
v -0.002255864441394806 -0.0014719563769176602 -0.005113497842103243
v -0.002255864441394806 -0.0014719563769176602 -0.005113497842103243
v -0.0022379125002771616 -0.0015892063966020942 -0.004866970237344503
v -0.0022379125002771616 -0.0015892063966020942 -0.004866970237344503
v 0.002633108524605632 -0.0016997064230963588 -0.004617239814251661
v 0.002633108524605632 -0.0016997064230963588 -0.004617239814251661
v -0.0021941298618912697 -0.0016997064230963588 -0.00426572235301137
v -0.0021941298618912697 -0.0016997064230963588 -0.00426572235301137
v -0.0021792470943182707 -0.00168731645680964 -0.00406134407967329
v -0.0021792470943182707 -0.00168731645680964 -0.00406134407967329
v 0.0026948386803269386 -0.0014719563769176602 -0.0037695239298045635
v 0.0026948386803269386 -0.0014719563769176602 -0.0037695239298045635
v 0.0026948386803269386 -0.0014719563769176602 -0.0037695239298045635
v -0.0021323994733393192 -0.0014719563769176602 -0.0034180067013949156
v -0.0021323994733393192 -0.0014719563769176602 -0.0034180067013949156
v -0.0021239931229501963 -0.0013987664133310318 -0.0033025629818439484
v -0.0021239931229501963 -0.0013987664133310318 -0.0033025629818439484
v 0.0027400332037359476 -0.0008497264352627099 -0.0031488873064517975
v 0.0027400332037359476 -0.0008497264352627099 -0.0031488873064517975
v 0.0027400332037359476 -0.0008497264352627099 -0.0031488873064517975
v 0.0027400332037359476 -0.0008497264352627099 -0.0031488873064517975
v -0.002087205182760954 -0.0008497264352627099 -0.0027973700780421495
v -0.002087205182760954 -0.0008497264352627099 -0.0027973700780421495
v -0.002084807027131319 -0.0007897464092820883 -0.002764437347650528
v -0.002084807027131319 -0.0007897464092820883 -0.002764437347650528
v -0.002070664893835783 2.7355696374797844e-07 -0.002570231445133686
v -0.002070664893835783 2.7355696374797844e-07 -0.002570231445133686
v -0.002070664893835783 2.7355696374797844e-07 -0.002570231445133686
v -0.00034411714295856655 -0.012926176190376282 -0.005797980353236198
v -0.00034411714295856655 -0.012926176190376282 -0.005797980353236198
v -0.00034411714295856655 -0.012926176190376282 -0.005797980353236198
v -0.00034411714295856655 -0.012926176190376282 -0.005797980353236198
v 0.0025318770203739405 -0.012926176190376282 -0.00600740872323513
v 0.0025318770203739405 -0.012926176190376282 -0.00600740872323513
v 0.0025318770203739405 -0.012926176190376282 -0.00600740872323513
v -0.000133137044031173 -0.012926176190376282 -0.005813343916088343
v -0.000133137044031173 -0.012926176190376282 -0.005813343916088343
v -0.0001777875004336238 -0.012926176190376282 -0.005810092203319073
v -0.0001777875004336238 -0.012926176190376282 -0.005810092203319073
v -0.0002799178473651409 -0.012926176190376282 -0.005802655126899481
v -0.0002799178473651409 -0.012926176190376282 -0.005802655126899481
v -0.0002799178473651409 -0.012926176190376282 -0.005802655126899481
v -0.0004422047932166606 -0.012776096351444721 -0.0056906831450760365
v -0.0004422047932166606 -0.012776096351444721 -0.0056906831450760365
v -0.0004487872065510601 -0.012689606286585331 -0.005632530897855759
v 0.00253188144415617 0.012926783412694931 -0.006007349118590355
v 0.00253188144415617 0.012926783412694931 -0.006007349118590355
v 0.00253188144415617 0.012926783412694931 -0.006007349118590355
v 0.00253188144415617 0.012926783412694931 -0.006007349118590355
v -0.00013313272211235017 0.012926783412694931 -0.005813284311443567
v -0.00013313272211235017 0.012926783412694931 -0.005813284311443567
v -0.00025298394029960036 0.012926783412694931 -0.005804556887596846
v -0.00025298394029960036 0.012926783412694931 -0.005804556887596846
v -0.00025298394029960036 0.012926783412694931 -0.005804556887596846
v -0.0003182514337822795 0.012926783412694931 -0.0057998038828372955
v -0.0003182514337822795 0.012926783412694931 -0.0057998038828372955
v -0.0003182514337822795 0.012926783412694931 -0.0057998038828372955
v -0.0003182514337822795 0.012926783412694931 -0.0057998038828372955
v -0.0003182514337822795 0.012926783412694931 -0.0057998038828372955
v -0.00015234161401167512 0.012926783412694931 -0.005811885464936495
v -0.00015234161401167512 0.012926783412694931 -0.005811885464936495
v -0.00040511126280762255 0.012926783412694931 -0.0057934788055717945
v -0.00040511126280762255 0.012926783412694931 -0.0057934788055717945
v -0.00040511126280762255 0.012926783412694931 -0.0057934788055717945
v -0.0004387723165564239 0.012791783548891544 -0.005700969602912664
v -0.0004387723165564239 0.012791783548891544 -0.005700969602912664
v -0.0004387723165564239 0.012791783548891544 -0.005700969602912664
v -0.0004387723165564239 0.012791783548891544 -0.005700969602912664
v -0.0004475141759030521 0.012741473503410816 -0.005666804034262896
v -0.00044878287008032203 0.012690153904259205 -0.005632471758872271
v -0.0017111916095018387 0.013265993446111679 -0.0053729708306491375
v -0.0017111916095018387 0.013265993446111679 -0.0053729708306491375
v -0.0017111916095018387 0.013265993446111679 -0.0053729708306491375
v -0.0016081342473626137 0.01323071401566267 -0.005414355080574751
v -0.0016081342473626137 0.01323071401566267 -0.005414355080574751
v -0.0016081342473626137 0.01323071401566267 -0.005414355080574751
v -0.0016081342473626137 0.01323071401566267 -0.005414355080574751
v -0.0016081342473626137 0.01323071401566267 -0.005414355080574751
v -0.0016081342473626137 0.01323071401566267 -0.005414355080574751
v -0.0014776415191590786 0.013121213763952255 -0.0055289254523813725
v -0.0014776415191590786 0.013121213763952255 -0.0055289254523813725
v -0.0014776415191590786 0.013121213763952255 -0.0055289254523813725
v -0.0014776415191590786 0.013121213763952255 -0.0055289254523813725
v -0.001556455623358488 0.013200974091887474 -0.005446683615446091
v -0.001556455623358488 0.013200974091887474 -0.005446683615446091
v -0.001556455623358488 0.013200974091887474 -0.005446683615446091
v -0.001556455623358488 0.013200974091887474 -0.005446683615446091
v -0.0014543324941769242 0.013109293766319752 -0.005542032886296511
v -0.0014543324941769242 0.013109293766319752 -0.005542032886296511
v -0.0014543324941769242 0.013109293766319752 -0.005542032886296511
v -0.0014543324941769242 0.013109293766319752 -0.005542032886296511
v -0.0014543324941769242 0.013109293766319752 -0.005542032886296511
v -0.0013893524883314967 0.013118773698806763 -0.0055376808159053326
v -0.0013893524883314967 0.013118773698806763 -0.0055376808159053326
v -0.0013893524883314967 0.013118773698806763 -0.0055376808159053326
v -0.0013893524883314967 0.013118773698806763 -0.0055376808159053326
v -0.0013313624076545238 0.01306697353720665 -0.00559156434610486
v -0.0013313624076545238 0.01306697353720665 -0.00559156434610486
v -0.0013313624076545238 0.01306697353720665 -0.00559156434610486
v -0.0013313624076545238 0.01306697353720665 -0.00559156434610486
v -0.0013313624076545238 0.01306697353720665 -0.00559156434610486
v -0.0012562008341774344 0.013066443614661694 -0.005597578827291727
v -0.0012562008341774344 0.013066443614661694 -0.005597578827291727
v -0.0012562008341774344 0.013066443614661694 -0.005597578827291727
v -0.0012562008341774344 0.013066443614661694 -0.005597578827291727
v -0.0012562008341774344 0.013066443614661694 -0.005597578827291727
v -0.0012562008341774344 0.013066443614661694 -0.005597578827291727
v -0.0012031003134325147 0.013022934086620808 -0.005643156357109547
v -0.0012031003134325147 0.013022934086620808 -0.005643156357109547
v -0.0012031003134325147 0.013022934086620808 -0.005643156357109547
v -0.0012031003134325147 0.013022934086620808 -0.005643156357109547
v -0.0012031003134325147 0.013022934086620808 -0.005643156357109547
v -0.0012031003134325147 0.013022934086620808 -0.005643156357109547
v -0.000937069533392787 0.012948663905262947 -0.0057337661273777485
v -0.000937069533392787 0.012948663905262947 -0.0057337661273777485
v -0.000937069533392787 0.012948663905262947 -0.0057337661273777485
v -0.000937069533392787 0.012948663905262947 -0.0057337661273777485
v -0.000937069533392787 0.012948663905262947 -0.0057337661273777485
v -0.00099409359972924 0.012950983829796314 -0.005727347452193499
v -0.00099409359972924 0.012950983829796314 -0.005727347452193499
v -0.0011260046157985926 0.012996403500437737 -0.005674237385392189
v -0.0011260046157985926 0.012996403500437737 -0.005674237385392189
v -0.0011260046157985926 0.012996403500437737 -0.005674237385392189
v -0.0011260046157985926 0.012996403500437737 -0.005674237385392189
v -0.0011260046157985926 0.012996403500437737 -0.005674237385392189
v -0.0011260046157985926 0.012996403500437737 -0.005674237385392189
v -0.0011260046157985926 0.012996403500437737 -0.005674237385392189
v -0.0009029187494888902 0.012972024269402027 -0.0057137832045555115
v -0.0009029187494888902 0.012972024269402027 -0.0057137832045555115
v -0.0009029187494888902 0.012972024269402027 -0.0057137832045555115
v -0.0009029187494888902 0.012972024269402027 -0.0057137832045555115
v -0.0009029187494888902 0.012972024269402027 -0.0057137832045555115
v -0.0009029187494888902 0.012972024269402027 -0.0057137832045555115
v -0.0009029187494888902 0.012972024269402027 -0.0057137832045555115
v -0.0009029187494888902 0.012972024269402027 -0.0057137832045555115
v -0.0009029187494888902 0.012972024269402027 -0.0057137832045555115
v -0.0009029187494888902 0.012972024269402027 -0.0057137832045555115
v -0.00043498622835613787 0.012928043492138386 -0.00579011021181941
v -0.00043498622835613787 0.012928043492138386 -0.00579011021181941
v -0.00043498622835613787 0.012928043492138386 -0.00579011021181941
v -0.00043498622835613787 0.012928043492138386 -0.00579011021181941
v -0.00043498622835613787 0.012928043492138386 -0.00579011021181941
v -0.00053273985395208 0.012932034209370613 -0.005779171362519264
v -0.00053273985395208 0.012932034209370613 -0.005779171362519264
v -0.00053273985395208 0.012932034209370613 -0.005779171362519264
v -0.00053273985395208 0.012932034209370613 -0.005779171362519264
v -0.00053273985395208 0.012932034209370613 -0.005779171362519264
v -0.0006887497729621828 0.012938473373651505 -0.005761654581874609
v -0.0006887497729621828 0.012938473373651505 -0.005761654581874609
v -0.0006887497729621828 0.012938473373651505 -0.005761654581874609
v -0.0006887497729621828 0.012938473373651505 -0.005761654581874609
v -0.0006887497729621828 0.012938473373651505 -0.005761654581874609
v -0.000771321530919522 0.012941863387823105 -0.005752352997660637
v -0.000771321530919522 0.012941863387823105 -0.005752352997660637
v -0.000771321530919522 0.012941863387823105 -0.005752352997660637
v -0.000771321530919522 0.012941863387823105 -0.005752352997660637
v -0.000771321530919522 0.012941863387823105 -0.005752352997660637
v -0.000771321530919522 0.012941863387823105 -0.005752352997660637
v -0.0009017328848131001 0.012947233393788338 -0.005737713072448969
v -0.0009017328848131001 0.012947233393788338 -0.005737713072448969
v -0.0009017328848131001 0.012947233393788338 -0.005737713072448969
v -0.0009017328848131001 0.012947233393788338 -0.005737713072448969
v -0.0009017328848131001 0.012947233393788338 -0.005737713072448969
v -0.002221859060227871 0.01397690363228321 -0.004653953947126865
v -0.002221859060227871 0.01397690363228321 -0.004653953947126865
v -0.002221859060227871 0.01397690363228321 -0.004653953947126865
v -0.002194503089413047 0.01388886384665966 -0.004740388598293066
v -0.002194503089413047 0.01388886384665966 -0.004740388598293066
v -0.002194503089413047 0.01388886384665966 -0.004740388598293066
v -0.002194503089413047 0.01388886384665966 -0.004740388598293066
v -0.002194503089413047 0.01388886384665966 -0.004740388598293066
v -0.0021595568396151066 0.01380232349038124 -0.004825942683964968
v -0.0021595568396151066 0.01380232349038124 -0.004825942683964968
v -0.0021595568396151066 0.01380232349038124 -0.004825942683964968
v -0.0021595568396151066 0.01380232349038124 -0.004825942683964968
v -0.0021595568396151066 0.01380232349038124 -0.004825942683964968
v -0.0021480403374880552 0.013789324089884758 -0.004839214496314526
v -0.0021480403374880552 0.013789324089884758 -0.004839214496314526
v -0.0021480403374880552 0.013789324089884758 -0.004839214496314526
v -0.0020997836254537106 0.013701763935387135 -0.004926690366119146
v -0.0020997836254537106 0.013701763935387135 -0.004926690366119146
v -0.0020997836254537106 0.013701763935387135 -0.004926690366119146
v -0.0020997836254537106 0.013701763935387135 -0.004926690366119146
v -0.0020997836254537106 0.013701763935387135 -0.004926690366119146
v -0.0020915409550070763 0.013673333451151848 -0.0049546025693416595
v -0.0020915409550070763 0.013673333451151848 -0.0049546025693416595
v -0.0020915409550070763 0.013673333451151848 -0.0049546025693416595
v -0.0020915409550070763 0.013673333451151848 -0.0049546025693416595
v -0.0020915409550070763 0.013673333451151848 -0.0049546025693416595
v -0.0020635873079299927 0.013646033592522144 -0.0049828169867396355
v -0.0020635873079299927 0.013646033592522144 -0.0049828169867396355
v -0.0020635873079299927 0.013646033592522144 -0.0049828169867396355
v -0.0020635873079299927 0.013646033592522144 -0.0049828169867396355
v -0.0020065675489604473 0.01355043426156044 -0.005078701768070459
v -0.0020065675489604473 0.01355043426156044 -0.005078701768070459
v -0.0020065675489604473 0.01355043426156044 -0.005078701768070459
v -0.0020065675489604473 0.01355043426156044 -0.005078701768070459
v -0.0019777638372033834 0.013535534031689167 -0.0050950865261256695
v -0.0019777638372033834 0.013535534031689167 -0.0050950865261256695
v -0.0019777638372033834 0.013535534031689167 -0.0050950865261256695
v -0.0019777638372033834 0.013535534031689167 -0.0050950865261256695
v -0.001883181743323803 0.013412203639745712 -0.0052202362567186356
v -0.001883181743323803 0.013412203639745712 -0.0052202362567186356
v -0.001883181743323803 0.013412203639745712 -0.0052202362567186356
v -0.001883181743323803 0.013412203639745712 -0.0052202362567186356
v -0.001825971296057105 0.013358743861317635 -0.005275748670101166
v -0.001825971296057105 0.013358743861317635 -0.005275748670101166
v -0.001825971296057105 0.013358743861317635 -0.005275748670101166
v -0.0022445109207183123 -0.014083226211369038 -0.004549752920866013
v -0.0022445109207183123 -0.014083226211369038 -0.004549752920866013
v -0.0022445109207183123 -0.014083226211369038 -0.004549752920866013
v -0.0022445109207183123 -0.014083226211369038 -0.004549752920866013
v -0.002231141086667776 -0.014020755887031555 -0.004610665608197451
v -0.002231141086667776 -0.014020755887031555 -0.004610665608197451
v -0.002231141086667776 -0.014020755887031555 -0.004610665608197451
v -0.002231141086667776 -0.014020755887031555 -0.004610665608197451
v -0.002231141086667776 -0.014020755887031555 -0.004610665608197451
v -0.002227452117949724 -0.013998466543853283 -0.004632330033928156
v -0.002227452117949724 -0.013998466543853283 -0.004632330033928156
v -0.002227452117949724 -0.013998466543853283 -0.004632330033928156
v -0.002227452117949724 -0.013998466543853283 -0.004632330033928156
v -0.002227452117949724 -0.013998466543853283 -0.004632330033928156
v -0.002187762875109911 -0.013879315927624702 -0.004749542102217674
v -0.002187762875109911 -0.013879315927624702 -0.004749542102217674
v -0.002187762875109911 -0.013879315927624702 -0.004749542102217674
v -0.002187762875109911 -0.013879315927624702 -0.004749542102217674
v -0.002187762875109911 -0.013879315927624702 -0.004749542102217674
v -0.002187762875109911 -0.013879315927624702 -0.004749542102217674
v -0.002203651936724782 -0.013914966024458408 -0.0047141448594629765
v -0.002203651936724782 -0.013914966024458408 -0.0047141448594629765
v -0.002203651936724782 -0.013914966024458408 -0.0047141448594629765
v -0.002203651936724782 -0.013914966024458408 -0.0047141448594629765
v -0.002203651936724782 -0.013914966024458408 -0.0047141448594629765
v -0.002121870405972004 -0.013725596480071545 -0.0049017202109098434
v -0.002121870405972004 -0.013725596480071545 -0.0049017202109098434
v -0.002121870405972004 -0.013725596480071545 -0.0049017202109098434
v -0.002121870405972004 -0.013725596480071545 -0.0049017202109098434
v -0.002121870405972004 -0.013725596480071545 -0.0049017202109098434
v -0.002200501970946789 -0.013914125971496105 -0.004715206567198038
v -0.002200501970946789 -0.013914125971496105 -0.004715206567198038
v -0.002200501970946789 -0.013914125971496105 -0.004715206567198038
v -0.0022119672503322363 -0.013949296437203884 -0.004680612124502659
v -0.0022119672503322363 -0.013949296437203884 -0.004680612124502659
v -0.0022119672503322363 -0.013949296437203884 -0.004680612124502659
v -0.0022119672503322363 -0.013949296437203884 -0.004680612124502659
v -0.002222153590992093 -0.013984816148877144 -0.0046457406133413315
v -0.002222153590992093 -0.013984816148877144 -0.0046457406133413315
v -0.002222153590992093 -0.013984816148877144 -0.0046457406133413315
v -0.0006641197833232582 -0.012926176190376282 -0.0057746777310967445
v -0.0006641197833232582 -0.012926176190376282 -0.0057746777310967445
v -0.0006641197833232582 -0.012926176190376282 -0.0057746777310967445
v -0.0006641197833232582 -0.012926176190376282 -0.0057746777310967445
v -0.0006641197833232582 -0.012926176190376282 -0.0057746777310967445
v -0.0006082486943341792 -0.012926176190376282 -0.005778746213763952
v -0.0006082486943341792 -0.012926176190376282 -0.005778746213763952
v -0.0006082486943341792 -0.012926176190376282 -0.005778746213763952
v -0.0006082486943341792 -0.012926176190376282 -0.005778746213763952
v -0.0006082486943341792 -0.012926176190376282 -0.005778746213763952
v -0.0005139579297974706 -0.012926176190376282 -0.005785612389445305
v -0.0005139579297974706 -0.012926176190376282 -0.005785612389445305
v -0.0005139579297974706 -0.012926176190376282 -0.005785612389445305
v -0.0005139579297974706 -0.012926176190376282 -0.005785612389445305
v -0.0005139579297974706 -0.012926176190376282 -0.005785612389445305
v -0.001647871918976307 -0.013221045956015587 -0.005420194007456303
v -0.001647871918976307 -0.013221045956015587 -0.005420194007456303
v -0.001647871918976307 -0.013221045956015587 -0.005420194007456303
v -0.001647871918976307 -0.013221045956015587 -0.005420194007456303
v -0.001647871918976307 -0.013221045956015587 -0.005420194007456303
v -0.001647871918976307 -0.013221045956015587 -0.005420194007456303
v -0.0015902253799140453 -0.013184146024286747 -0.005459765437990427
v -0.0015902253799140453 -0.013184146024286747 -0.005459765437990427
v -0.0015902253799140453 -0.013184146024286747 -0.005459765437990427
v -0.0013890640111640096 -0.013118046335875988 -0.005537820979952812
v -0.0013890640111640096 -0.013118046335875988 -0.005537820979952812
v -0.0013890640111640096 -0.013118046335875988 -0.005537820979952812
v -0.0013890640111640096 -0.013118046335875988 -0.005537820979952812
v -0.0013890640111640096 -0.013118046335875988 -0.005537820979952812
v -0.0013888587709516287 -0.013077395968139172 -0.005576859228312969
v -0.0013888587709516287 -0.013077395968139172 -0.005576859228312969
v -0.0013888587709516287 -0.013077395968139172 -0.005576859228312969
v -0.0013888587709516287 -0.013077395968139172 -0.005576859228312969
v -0.0013397036818787456 -0.013055875897407532 -0.005601063370704651
v -0.0013397036818787456 -0.013055875897407532 -0.005601063370704651
v -0.0013397036818787456 -0.013055875897407532 -0.005601063370704651
v -0.0013397036818787456 -0.013055875897407532 -0.005601063370704651
v -0.0013397036818787456 -0.013055875897407532 -0.005601063370704651
v -0.0013397036818787456 -0.013055875897407532 -0.005601063370704651
v -0.0011570390779525042 -0.012989835813641548 -0.005677712149918079
v -0.0011570390779525042 -0.012989835813641548 -0.005677712149918079
v -0.0011570390779525042 -0.012989835813641548 -0.005677712149918079
v -0.0011570390779525042 -0.012989835813641548 -0.005677712149918079
v -0.0007101394003257155 -0.012926176190376282 -0.005771326832473278
v -0.0007101394003257155 -0.012926176190376282 -0.005771326832473278
v -0.0007101394003257155 -0.012926176190376282 -0.005771326832473278
v -0.0007101394003257155 -0.012926176190376282 -0.005771326832473278
v -0.0017151753418147564 -0.013299725949764252 -0.005339864641427994
v -0.0017151753418147564 -0.013299725949764252 -0.005339864641427994
v -0.0017151753418147564 -0.013299725949764252 -0.005339864641427994
v -0.0017151753418147564 -0.013299725949764252 -0.005339864641427994
v -0.0017674966948106885 -0.013338225893676281 -0.0052991267293691635
v -0.0017674966948106885 -0.013338225893676281 -0.0052991267293691635
v -0.0017674966948106885 -0.013338225893676281 -0.0052991267293691635
v -0.0017674966948106885 -0.013338225893676281 -0.0052991267293691635
v -0.0017674966948106885 -0.013338225893676281 -0.0052991267293691635
v -0.0020052578765898943 -0.01354815624654293 -0.005080410744994879
v -0.0020052578765898943 -0.01354815624654293 -0.005080410744994879
v -0.0020052578765898943 -0.01354815624654293 -0.005080410744994879
v -0.0020052578765898943 -0.01354815624654293 -0.005080410744994879
v -0.0020828142296522856 -0.013674275949597359 -0.004953864496201277
v -0.0020828142296522856 -0.013674275949597359 -0.004953864496201277
v -0.0020828142296522856 -0.013674275949597359 -0.004953864496201277
v -0.0020828142296522856 -0.013674275949597359 -0.004953864496201277
v -0.0021104400511831045 -0.013719046488404274 -0.004908889532089233
v -0.0021104400511831045 -0.013719046488404274 -0.004908889532089233
v -0.0021104400511831045 -0.013719046488404274 -0.004908889532089233
v -0.0021020271815359592 0.013461443595588207 -0.0048410105518996716
v -0.0021020271815359592 0.013461443595588207 -0.0048410105518996716
v -0.0014186298940330744 0.01298800390213728 -0.005443214904516935
v -0.0014299278846010566 0.012838633731007576 -0.0053373342379927635
v -0.0014299278846010566 0.012838633731007576 -0.0053373342379927635
v -0.0021157916635274887 0.013244124129414558 -0.004676315933465958
v -0.0007502833614125848 0.0034081735648214817 0.0007648197934031487
v -0.000977335381321609 0.00347224366851151 0.0008779288618825376
v -0.0013712134677916765 0.0036483134608715773 0.0011719613103196025
v -0.001663199276663363 0.0038777936715632677 0.001538946758955717
v -0.0017643964383751154 0.004007733426988125 0.0017422130331397057
v -0.0007092584273777902 -0.002346596447750926 0.001328198006376624
v -0.0007502833614125848 -0.003407626412808895 0.0007648197934031487
v -0.0016764195170253515 2.7355696374797844e-07 0.0029503642581403255
v -0.0016764195170253515 2.7355696374797844e-07 0.0029503642581403255
v -0.001686449977569282 -0.0014064564602449536 0.002812619088217616
v -0.001686449977569282 -0.0014064564602449536 0.002812619088217616
v -0.001300258096307516 -0.0012802764540538192 0.002146361395716667
v -0.0017644008621573448 -0.0040071867406368256 0.001742153544910252
v -0.0017161502037197351 0.0027600235771387815 0.0024047589395195246
v -0.0017161502037197351 0.0027600235771387815 0.0024047589395195246
v -0.001300258096307516 0.0012808236060664058 0.002146361395716667
v -0.0013272964861243963 0.002512553473934531 0.001775054493919015
v -0.0013272964861243963 -0.0025120063219219446 0.001775054493919015
v -0.0017161545110866427 -0.0027595364954322577 0.0024046991020441055
v -0.0017161545110866427 -0.0027595364954322577 0.0024046991020441055
v -0.0007092584273777902 0.0023471435997635126 0.001328198006376624
v -0.0006839986890554428 0.001196533557958901 0.0016750796930864453
v -0.0006754708010703325 2.7355696374797844e-07 0.001792189315892756
v -0.001686449977569282 0.0014070036122575402 0.002812619088217616
v -0.001686449977569282 0.0014070036122575402 0.002812619088217616
v -0.0012911288067698479 2.7355696374797844e-07 0.0022717297542840242
v -0.0006839986890554428 -0.0011959864059463143 0.0016750796930864453
v -0.001663199276663363 -0.003877246519550681 0.001538946758955717
v -0.001371217891573906 -0.0036477663088589907 0.0011719014728441834
v -0.000977335381321609 -0.0034717563539743423 0.0008779288618825376
v -0.0014299321919679642 -0.012838026508688927 -0.005337393842637539
v -0.002115796087309718 -0.013243515975773335 -0.004676376469433308
v -0.002115796087309718 -0.013243515975773335 -0.004676376469433308
v -0.001397889107465744 -0.013089076615869999 -0.005516263656318188
v -0.001397889107465744 -0.013089076615869999 -0.005516263656318188
v -0.001397889107465744 -0.013089076615869999 -0.005516263656318188
v -0.001397889107465744 -0.013089076615869999 -0.005516263656318188
v -0.001397889107465744 -0.013089076615869999 -0.005516263656318188
v -0.0020731452386826277 -0.013609126210212708 -0.004954808857291937
v -0.0020731452386826277 -0.013609126210212708 -0.004954808857291937
v -0.0020731452386826277 -0.013609126210212708 -0.004954808857291937
v -0.0020731452386826277 -0.013609126210212708 -0.004954808857291937
v -3.2283348900818964e-06 0.013421094045042992 -0.006781093776226044
v 0.0024087796919047832 0.013900313526391983 -0.007697852328419685
v 0.0024087796919047832 0.013900313526391983 -0.007697852328419685
v 0.0024087796919047832 0.013900313526391983 -0.007697852328419685
v 0.0001738260471029207 0.014167224057018757 -0.007893380708992481
v 0.00028933995054103434 0.014692394062876701 -0.008521408773958683
v 0.0023017816711217165 0.015184973366558552 -0.009167211130261421
v 0.0023017816711217165 0.015184973366558552 -0.009167211130261421
v 0.0023017816711217165 0.015184973366558552 -0.009167211130261421
v 0.0023017816711217165 0.015184973366558552 -0.009167211130261421
v 0.00048703988431952894 0.015651853755116463 -0.009449457749724388
v 0.002301777247339487 -0.015184366144239902 -0.009167272597551346
v 0.002301777247339487 -0.015184366144239902 -0.009167272597551346
v 0.002301777247339487 -0.015184366144239902 -0.009167272597551346
v 0.002301777247339487 -0.015184366144239902 -0.009167272597551346
v 0.00048703121137805283 -0.015651246532797813 -0.009449576959013939
v 0.0002893313067033887 -0.014691785909235477 -0.008521527983248234
v 0.002408775268122554 -0.013899706304073334 -0.007697912864387035
v 0.002408775268122554 -0.013899706304073334 -0.007697912864387035
v 0.002408775268122554 -0.013899706304073334 -0.007697912864387035
v 0.00017381738871335983 -0.014166615903377533 -0.007893499918282032
v -3.1776130526850466e-06 -0.013420546427369118 -0.006781218107789755
v -0.0021355273202061653 0.013919804245233536 -0.004883269779384136
v -0.0017840155633166432 0.013440223410725594 -0.005331573076546192
v -0.0017463183030486107 0.01350394356995821 -0.005390787031501532
v -0.0017463183030486107 0.01350394356995821 -0.005390787031501532
v -0.0012683592503890395 0.01310393400490284 -0.005634823814034462
v -0.0012683592503890395 0.01310393400490284 -0.005634823814034462
v -0.0012683592503890395 0.01310393400490284 -0.005634823814034462
v -0.0011932436609640718 0.013140943832695484 -0.005679196212440729
v -0.0011932436609640718 0.013140943832695484 -0.005679196212440729
v -0.0011932436609640718 0.013140943832695484 -0.005679196212440729
v -0.0011932436609640718 0.013140943832695484 -0.005679196212440729
v -0.0010672496864572167 0.013169324025511742 -0.005761935841292143
v -0.0010672496864572167 0.013169324025511742 -0.005761935841292143
v -0.0010672496864572167 0.013169324025511742 -0.005761935841292143
v -0.0010672496864572167 0.013169324025511742 -0.005761935841292143
v -0.0010672496864572167 0.013169324025511742 -0.005761935841292143
v -0.001146657858043909 0.013156083412468433 -0.005709189455956221
v -0.001146657858043909 0.013156083412468433 -0.005709189455956221
v -0.001146657858043909 0.013156083412468433 -0.005709189455956221
v -0.001146657858043909 0.013156083412468433 -0.005709189455956221
v -0.001146657858043909 0.013156083412468433 -0.005709189455956221
v -0.001308011938817799 0.013077233918011189 -0.005614721216261387
v -0.001308011938817799 0.013077233918011189 -0.005614721216261387
v -0.001308011938817799 0.013077233918011189 -0.005614721216261387
v -0.001308011938817799 0.013077233918011189 -0.005614721216261387
v -0.0022520977072417736 0.014282673597335815 -0.0043584369122982025
v -0.0022520977072417736 0.014282673597335815 -0.0043584369122982025
v -0.00196969136595726 0.014357773587107658 -0.0054939864203333855
v -0.00196969136595726 0.014357773587107658 -0.0054939864203333855
v -0.001580436946824193 0.013664034195244312 -0.00573497312143445
v -0.001580436946824193 0.013664034195244312 -0.00573497312143445
v -0.001979590393602848 0.014340133406221867 -0.005444447044283152
v -0.001979590393602848 0.014340133406221867 -0.005444447044283152
v -0.0020340417977422476 0.014220033772289753 -0.005206503439694643
v -0.0020340417977422476 0.014220033772289753 -0.005206503439694643
v -0.002071501687169075 0.014119233936071396 -0.005070985294878483
v -0.002071501687169075 0.014119233936071396 -0.005070985294878483
v -0.002071501687169075 0.014119233936071396 -0.005070985294878483
v -0.0009447927586734295 0.01316097378730774 -0.0058398256078362465
v -0.0009447927586734295 0.01316097378730774 -0.0058398256078362465
v -0.0009447927586734295 0.01316097378730774 -0.0058398256078362465
v -0.0009447927586734295 0.01316097378730774 -0.0058398256078362465
v -0.0010187249863520265 0.013170033693313599 -0.005793924909085035
v -0.0010187249863520265 0.013170033693313599 -0.005793924909085035
v -0.0010187249863520265 0.013170033693313599 -0.005793924909085035
v -0.0010187249863520265 0.013170033693313599 -0.005793924909085035
v -0.0010187249863520265 0.013170033693313599 -0.005793924909085035
v -0.001683571608737111 0.013588514178991318 -0.005505737382918596
v -0.001683571608737111 0.013588514178991318 -0.005505737382918596
v -0.001683571608737111 0.013588514178991318 -0.005505737382918596
v -0.0016461779596284032 0.013625653460621834 -0.005583228077739477
v -0.0016461779596284032 0.013625653460621834 -0.005583228077739477
v -0.0016461779596284032 0.013625653460621834 -0.005583228077739477
v -0.00159068766515702 0.013660524040460587 -0.005709962919354439
v -0.00159068766515702 0.013660524040460587 -0.005709962919354439
v -0.00159068766515702 0.013660524040460587 -0.005709962919354439
v -0.000930852023884654 0.013157933950424194 -0.005847888998687267
v -0.000930852023884654 0.013157933950424194 -0.005847888998687267
v -0.000930852023884654 0.013157933950424194 -0.005847888998687267
v -0.000930852023884654 0.013157933950424194 -0.005847888998687267
v -0.000930852023884654 0.013157933950424194 -0.005847888998687267
v -0.0006244448013603687 0.017307553440332413 -0.009856058284640312
v -0.001015014830045402 0.01772591471672058 -0.009356511756777763
v -0.0012472629314288497 0.016774263232946396 -0.008668948896229267
v -0.0012472629314288497 0.016774263232946396 -0.008668948896229267
v -0.0007851651171222329 0.013658854179084301 -0.006799161899834871
v -0.0007851651171222329 0.013658854179084301 -0.006799161899834871
v -0.0002487306483089924 0.015889493748545647 -0.009398206137120724
v -0.00046314133214764297 0.014934333972632885 -0.008498466573655605
v -0.000589520379435271 0.014409094117581844 -0.007886923849582672
v -0.000589520379435271 0.014409094117581844 -0.007886923849582672
v -2.578445491963066e-05 0.016959404572844505 -0.010168471373617649
v -2.578445491963066e-05 0.016959404572844505 -0.010168471373617649
v -2.578445491963066e-05 0.016959404572844505 -0.010168471373617649
v -0.0008573036757297814 0.016283303499221802 -0.009124282747507095
v -0.0008573036757297814 0.016283303499221802 -0.009124282747507095
v -0.0010826244251802564 0.01536825392395258 -0.008267676457762718
v -0.0010826244251802564 0.01536825392395258 -0.008267676457762718
v -0.0012161503545939922 0.01486471388489008 -0.007684468757361174
v -0.0012161503545939922 0.01486471388489008 -0.007684468757361174
v -0.0014242352917790413 0.01414498407393694 -0.0066454121842980385
v -0.0014242352917790413 0.01414498407393694 -0.0066454121842980385
v -0.0014722372870892286 0.015926333144307137 -0.007865136489272118
v -0.0014722372870892286 0.015926333144307137 -0.007865136489272118
v -0.0016056316671893 0.01546105369925499 -0.007318515330553055
v -0.0016056316671893 0.01546105369925499 -0.007318515330553055
v -0.0018135017016902566 0.01479831337928772 -0.006345498841255903
v -0.0018135017016902566 0.01479831337928772 -0.006345498841255903
v 0.000246626790612936 0.017884403467178345 -0.010863381437957287
v 0.000246626790612936 0.017884403467178345 -0.010863381437957287
v 0.00039843525155447423 0.018370654433965683 -0.011299879290163517
v -0.0003608819970395416 0.01827237382531166 -0.010582126677036285
v -0.0003608819970395416 0.01827237382531166 -0.010582126677036285
v -0.00021414333605207503 0.01877901330590248 -0.011038159020245075
v -0.00021414333605207503 0.01877901330590248 -0.011038159020245075
v -0.0007504721870645881 0.018753264099359512 -0.010117724537849426
v -0.0006034722318872809 0.0192932840436697 -0.010597147978842258
v -0.0006034722318872809 0.0192932840436697 -0.010597147978842258
v -0.0005364844109863043 0.019574373960494995 -0.010843462310731411
v -0.00017233347170986235 0.019050683826208115 -0.011259278282523155
v 0.00040933338459581137 0.018630294129252434 -0.011513736099004745
v 0.00042074176599271595 0.018885944038629532 -0.011741897091269493
v 0.0002179737202823162 0.019014623016119003 -0.01167872454971075
v -0.00012968096416443586 0.01931736432015896 -0.011496652849018574
v -0.0004690197529271245 0.019848674535751343 -0.011107029393315315
v -0.00038291295641101897 0.019664794206619263 -0.011249979957938194
v -0.00031742273131385446 0.019961033016443253 -0.011538198217749596
v 0.00024303924874402583 0.01931825466454029 -0.011958261951804161
v 0.001085016061551869 0.018902814015746117 -0.01210772804915905
v 0.001085016061551869 0.018902814015746117 -0.01210772804915905
v 0.001085016061551869 0.018902814015746117 -0.01210772804915905
v -0.001580436946824193 -0.013663486577570438 -0.00573497312143445
v -0.001580436946824193 -0.013663486577570438 -0.00573497312143445
v -0.001580436946824193 -0.013663486577570438 -0.00573497312143445
v -0.0009308563312515616 -0.01315732579678297 -0.005847948603332043
v -0.0009308563312515616 -0.01315732579678297 -0.005847948603332043
v -0.0009308563312515616 -0.01315732579678297 -0.005847948603332043
v -0.0009308563312515616 -0.01315732579678297 -0.005847948603332043
v -0.0009634096059016883 -0.013163765892386436 -0.005828783847391605
v -0.0009634096059016883 -0.013163765892386436 -0.005828783847391605
v -0.0009634096059016883 -0.013163765892386436 -0.005828783847391605
v -0.0009634096059016883 -0.013163765892386436 -0.005828783847391605
v -0.0009634096059016883 -0.013163765892386436 -0.005828783847391605
v -0.0009634096059016883 -0.013163765892386436 -0.005828783847391605
v -0.002151567256078124 -0.013864235952496529 -0.004844151437282562
v -0.0020868394058197737 -0.014073986560106277 -0.005021400284022093
v -0.0020868394058197737 -0.014073986560106277 -0.005021400284022093
v -0.0012888513738289475 -0.013090216554701328 -0.0056240675039589405
v -0.0012888513738289475 -0.013090216554701328 -0.0056240675039589405
v -0.0012888513738289475 -0.013090216554701328 -0.0056240675039589405
v -0.0012888513738289475 -0.013090216554701328 -0.0056240675039589405
v -0.0018023417796939611 -0.013405166566371918 -0.005305793602019548
v -0.0018023417796939611 -0.013405166566371918 -0.005305793602019548
v -0.001992946956306696 -0.014313476160168648 -0.005380838643759489
v -0.001992946956306696 -0.014313476160168648 -0.005380838643759489
v -0.0020493268966674805 -0.014179966412484646 -0.0051488615572452545
v -0.0020493268966674805 -0.014179966412484646 -0.0051488615572452545
v -0.00196969136595726 -0.014357225969433784 -0.0054939864203333855
v -0.00196969136595726 -0.014357225969433784 -0.0054939864203333855
v -0.0016044428339228034 -0.013653716072440147 -0.005677166860550642
v -0.0016044428339228034 -0.013653716072440147 -0.005677166860550642
v -0.0016615092754364014 -0.01361109595745802 -0.005550738889724016
v -0.0016615092754364014 -0.01361109595745802 -0.005550738889724016
v -0.0016615092754364014 -0.01361109595745802 -0.005550738889724016
v -0.0016987081617116928 -0.013570026494562626 -0.005476370453834534
v -0.0016987081617116928 -0.013570026494562626 -0.005476370453834534
v -0.001761856721714139 -0.013478295877575874 -0.005365451797842979
v -0.001761856721714139 -0.013478295877575874 -0.005365451797842979
v -0.0010386892827227712 -0.013169846497476101 -0.0057808696292340755
v -0.0010386892827227712 -0.013169846497476101 -0.0057808696292340755
v -0.0010386892827227712 -0.013169846497476101 -0.0057808696292340755
v -0.0010386892827227712 -0.013169846497476101 -0.0057808696292340755
v -0.0010865795193240047 -0.013166925869882107 -0.005749118514358997
v -0.0010865795193240047 -0.013166925869882107 -0.005749118514358997
v -0.0010865795193240047 -0.013166925869882107 -0.005749118514358997
v -0.0010865795193240047 -0.013166925869882107 -0.005749118514358997
v -0.0010865795193240047 -0.013166925869882107 -0.005749118514358997
v -0.001165949273854494 -0.013149935752153397 -0.005696665029972792
v -0.001165949273854494 -0.013149935752153397 -0.005696665029972792
v -0.001165949273854494 -0.013149935752153397 -0.005696665029972792
v -0.001165949273854494 -0.013149935752153397 -0.005696665029972792
v -0.0012155394069850445 -0.01313104573637247 -0.0056653814390301704
v -0.0012155394069850445 -0.01313104573637247 -0.0056653814390301704
v -0.0012155394069850445 -0.01313104573637247 -0.0056653814390301704
v -0.0012155394069850445 -0.01313104573637247 -0.0056653814390301704
v -0.0006243940442800522 -0.017306946218013763 -0.009856181219220161
v -0.0006243940442800522 -0.017306946218013763 -0.009856181219220161
v -2.5792434826144017e-05 -0.016958795487880707 -0.010168581269681454
v -2.5792434826144017e-05 -0.016958795487880707 -0.010168581269681454
v -0.00024873498477973044 -0.015888886526226997 -0.009398265741765499
v -0.00024873498477973044 -0.015888886526226997 -0.009398265741765499
v -0.0018135104328393936 -0.01479770615696907 -0.006345618516206741
v -0.0018135104328393936 -0.01479770615696907 -0.006345618516206741
v -0.0012472716625779867 -0.016773656010627747 -0.008669069036841393
v -0.0012472716625779867 -0.016773656010627747 -0.008669069036841393
v -0.0014721968909725547 -0.015925785526633263 -0.00786525011062622
v -0.0016056359745562077 -0.01546044647693634 -0.007318575866520405
v -0.0016056359745562077 -0.01546044647693634 -0.007318575866520405
v -0.0010150193702429533 -0.017725305631756783 -0.009356573224067688
v -0.0010150193702429533 -0.017725305631756783 -0.009356573224067688
v -0.0008573124650865793 -0.016282696276903152 -0.009124403819441795
v -0.001082628732547164 -0.015367645770311356 -0.008267736062407494
v -0.0012161590857431293 -0.014864105731248856 -0.007684588432312012
v -0.0014241912867873907 -0.014144375920295715 -0.006645475048571825
v -0.0014241912867873907 -0.014144375920295715 -0.006645475048571825
v -0.0014241912867873907 -0.014144375920295715 -0.006645475048571825
v -0.000463145668618381 -0.014933725818991661 -0.00849852617830038
v -0.000463145668618381 -0.014933725818991661 -0.00849852617830038
v -0.000589529110584408 -0.01440848596394062 -0.007887043990194798
v -0.000589529110584408 -0.01440848596394062 -0.007887043990194798
v -0.000589529110584408 -0.01440848596394062 -0.007887043990194798
v -0.0007851738482713699 -0.013658246025443077 -0.006799282040446997
v -0.0007851738482713699 -0.013658246025443077 -0.006799282040446997
v -0.000750480976421386 -0.018752656877040863 -0.010117845609784126
v -0.0006034808466210961 -0.019292615354061127 -0.01059726718813181
v -0.0006034808466210961 -0.019292615354061127 -0.01059726718813181
v -0.00036089064087718725 -0.018271826207637787 -0.010582245886325836
v -0.00036089064087718725 -0.018271826207637787 -0.010582245886325836
v -0.0002141519944416359 -0.018778406083583832 -0.011038277298212051
v -0.0002141519944416359 -0.018778406083583832 -0.011038277298212051
v 0.00024661814677529037 -0.017883796244859695 -0.010863500647246838
v 0.00039843094418756664 -0.018369996920228004 -0.011299938894808292
v 0.0011241454631090164 -0.018372975289821625 -0.011570380069315434
v 0.0004093297466170043 -0.01862962543964386 -0.0115137854591012
v 0.0004093297466170043 -0.01862962543964386 -0.0115137854591012
v -0.00017234226106666028 -0.019050026312470436 -0.011259399354457855
v -0.0005364888347685337 -0.01957370527088642 -0.010843523778021336
v -0.0004708708729594946 -0.01984049566090107 -0.011099545285105705
v -0.0003846068575512618 -0.019656676799058914 -0.011242799460887909
v -0.00013091486471239477 -0.019309356808662415 -0.011489925906062126
v 0.0011071840999647975 -0.018605485558509827 -0.011803303845226765
v 0.0011071840999647975 -0.018605485558509827 -0.011803303845226765
v 0.0004204423166811466 -0.018878236413002014 -0.011735417880117893
v 0.00021736588678322732 -0.01900680549442768 -0.011672222055494785
v 0.00024277641205117106 -0.019314726814627647 -0.011955254711210728
v 0.0010851635597646236 -0.01889856532216072 -0.012105702422559261
v 0.0010851635597646236 -0.01889856532216072 -0.012105702422559261
v 0.0010851635597646236 -0.01889856532216072 -0.012105702422559261
v 0.0010851635597646236 -0.01889856532216072 -0.012105702422559261
v -0.00031819456489756703 -0.019957326352596283 -0.011534743010997772
v 0.004734458401799202 0.019918594509363174 -0.013428525067865849
v 0.004734458401799202 0.019918594509363174 -0.013428525067865849
v 0.004734458401799202 0.019918594509363174 -0.013428525067865849
v 0.004734458401799202 0.019918594509363174 -0.013428525067865849
v 0.004734458401799202 0.019918594509363174 -0.013428525067865849
v 0.004748302046209574 0.019924134016036987 -0.013435328379273415
v 0.004748302046209574 0.019924134016036987 -0.013435328379273415
v 0.004748302046209574 0.019924134016036987 -0.013435328379273415
v 0.004902242217212915 0.02002808451652527 -0.013555184006690979
v 0.004902242217212915 0.02002808451652527 -0.013555184006690979
v 0.004902242217212915 0.02002808451652527 -0.013555184006690979
v 0.0049212113954126835 0.020050853490829468 -0.013580418191850185
v 0.0049212113954126835 0.020050853490829468 -0.013580418191850185
v 0.0049212113954126835 0.020050853490829468 -0.013580418191850185
v 0.004966220818459988 0.020138893276453018 -0.013677042908966541
v 0.004966220818459988 0.020138893276453018 -0.013677042908966541
v 0.004963443614542484 0.020129892975091934 -0.013666864484548569
v 0.004963443614542484 0.020129892975091934 -0.013666864484548569
v 0.004960807505995035 0.020122503861784935 -0.013658721931278706
v 0.004960807505995035 0.020122503861784935 -0.013658721931278706
v 0.0037395975086838007 0.016155753284692764 -0.023844636976718903
v 0.003458828665316105 0.016152232885360718 -0.024258358404040337
v 0.003654619911685586 0.016153723001480103 -0.024089088663458824
v 0.0032045878469944 0.01615169458091259 -0.02430696226656437
v 0.0012098895385861397 0.01615169458091259 -0.02416170947253704
v 0.0012098895385861397 0.01615169458091259 -0.02416170947253704
v 0.0012098895385861397 0.01615169458091259 -0.02416170947253704
v 0.0011732839047908783 0.016651663929224014 -0.024664398282766342
v 0.0011732839047908783 0.016651663929224014 -0.024664398282766342
v 0.0011732839047908783 0.016651663929224014 -0.024664398282766342
v 0.0011732795974239707 0.01640382409095764 -0.024664457887411118
v 0.0011732795974239707 0.01640382409095764 -0.024664457887411118
v 0.0011732795974239707 0.01640382409095764 -0.024664457887411118
v 0.0031679822131991386 0.016651663929224014 -0.02480965107679367
v 0.0011635527480393648 0.015903864055871964 -0.024798031896352768
v 0.0011635527480393648 0.015903864055871964 -0.024798031896352768
v 0.0011635527480393648 0.015903864055871964 -0.024798031896352768
v 0.0011635527480393648 0.015903864055871964 -0.024798031896352768
v 0.001136968843638897 0.015537774190306664 -0.02516309730708599
v 0.001136968843638897 0.015537774190306664 -0.02516309730708599
v 0.001136968843638897 0.015537774190306664 -0.02516309730708599
v 0.001136968843638897 0.015537774190306664 -0.02516309730708599
v 0.004966030828654766 -0.020137686282396317 -0.013676365837454796
v 0.004966030828654766 -0.020137686282396317 -0.013676365837454796
v 0.004966030828654766 -0.020137686282396317 -0.013676365837454796
v 0.0049654170870780945 -0.02013571560382843 -0.01367417722940445
v 0.0049654170870780945 -0.02013571560382843 -0.01367417722940445
v 0.004927234258502722 -0.02005859650671482 -0.013589520938694477
v 0.004927234258502722 -0.02005859650671482 -0.013589520938694477
v 0.004927234258502722 -0.02005859650671482 -0.013589520938694477
v 0.004927234258502722 -0.02005859650671482 -0.013589520938694477
v 0.004927234258502722 -0.02005859650671482 -0.013589520938694477
v 0.0049566724337637424 -0.02011151611804962 -0.013647360727190971
v 0.0049566724337637424 -0.02011151611804962 -0.013647360727190971
v 0.004963205195963383 -0.020128566771745682 -0.013666004873812199
v 0.004963205195963383 -0.020128566771745682 -0.013666004873812199
v 0.004964154213666916 -0.020131606608629227 -0.013669362291693687
v 0.004964154213666916 -0.020131606608629227 -0.013669362291693687
v 0.0048747435212135315 -0.020000595599412918 -0.0135249774903059
v 0.0048747435212135315 -0.020000595599412918 -0.0135249774903059
v 0.0048747435212135315 -0.020000595599412918 -0.0135249774903059
v 0.004748302046209574 -0.019923586398363113 -0.013435328379273415
v 0.004748302046209574 -0.019923586398363113 -0.013435328379273415
v 0.004748302046209574 -0.019923586398363113 -0.013435328379273415
v 0.004711206536740065 -0.019971447065472603 -0.013482647947967052
v 0.004711206536740065 -0.019971447065472603 -0.013482647947967052
v 0.004711206536740065 -0.019971447065472603 -0.013482647947967052
v 0.004711206536740065 -0.019971447065472603 -0.013482647947967052
v 0.004711206536740065 -0.019971447065472603 -0.013482647947967052
v 0.004711206536740065 -0.019971447065472603 -0.013482647947967052
v 0.004687192849814892 -0.019902365282177925 -0.01340870838612318
v 0.004687192849814892 -0.019902365282177925 -0.01340870838612318
v 0.004687192849814892 -0.019902365282177925 -0.01340870838612318
v 0.0049212113954126835 -0.020050305873155594 -0.013580418191850185
v 0.0049212113954126835 -0.020050305873155594 -0.013580418191850185
v 0.0049212113954126835 -0.020050305873155594 -0.013580418191850185
v 0.0049212113954126835 -0.020050305873155594 -0.013580418191850185
v 0.0037395975086838007 -0.01615520566701889 -0.023844636976718903
v 0.003654619911685586 -0.01615317538380623 -0.024089088663458824
v 0.003458828665316105 -0.016151685267686844 -0.024258358404040337
v 0.0012098895385861397 -0.016151146963238716 -0.02416170947253704
v 0.0012098895385861397 -0.016151146963238716 -0.02416170947253704
v 0.0012098895385861397 -0.016151146963238716 -0.02416170947253704
v 0.0012098895385861397 -0.016151146963238716 -0.02416170947253704
v 0.0012098895385861397 -0.016151146963238716 -0.02416170947253704
v 0.0032045878469944 -0.016151146963238716 -0.02430696226656437
v 0.0011284498032182455 -0.015479406341910362 -0.02528008632361889
v 0.0011284498032182455 -0.015479406341910362 -0.02528008632361889
v 0.0011284498032182455 -0.015479406341910362 -0.02528008632361889
v 0.0011284498032182455 -0.015479406341910362 -0.02528008632361889
v 0.0011284498032182455 -0.015479406341910362 -0.02528008632361889
v 0.0011284498032182455 -0.015479406341910362 -0.02528008632361889
v 0.0011520121479406953 -0.01569618657231331 -0.024956515058875084
v 0.0011520121479406953 -0.01569618657231331 -0.024956515058875084
v 0.0011520121479406953 -0.01569618657231331 -0.024956515058875084
v 0.0011520121479406953 -0.01569618657231331 -0.024956515058875084
v 0.0011677518486976624 -0.01602061651647091 -0.024740368127822876
v 0.0011677518486976624 -0.01602061651647091 -0.024740368127822876
v 0.0011677518486976624 -0.01602061651647091 -0.024740368127822876
v 0.0011677518486976624 -0.01602061651647091 -0.024740368127822876
v 0.0011732795974239707 -0.016403276473283768 -0.024664457887411118
v 0.0011732795974239707 -0.016403276473283768 -0.024664457887411118
v 0.0011732795974239707 -0.016403276473283768 -0.024664457887411118
v 0.0011732839047908783 -0.01665111631155014 -0.024664398282766342
v 0.0011732839047908783 -0.01665111631155014 -0.024664398282766342
v 0.0031679822131991386 -0.01665111631155014 -0.02480965107679367
v 0.003676408901810646 0.016652192920446396 -0.02471238188445568
v 0.003676408901810646 0.016652192920446396 -0.02471238188445568
v 0.004068056587129831 0.01665368303656578 -0.024373900145292282
v 0.004068056587129831 0.01665368303656578 -0.024373900145292282
v 0.004068056587129831 -0.016653135418891907 -0.024373900145292282
v 0.004068056587129831 -0.016653135418891907 -0.024373900145292282
v 0.003676408901810646 -0.016651706770062447 -0.02471238188445568
v 0.003676408901810646 -0.016651706770062447 -0.02471238188445568
v 0.0011959030525758862 0.016188593581318855 -0.02435377985239029
v 0.0011959030525758862 0.016188593581318855 -0.02435377985239029
v 0.0011959030525758862 0.016188593581318855 -0.02435377985239029
v 0.0011959030525758862 0.016188593581318855 -0.02435377985239029
v 0.0031906012445688248 0.016188593581318855 -0.024499032646417618
v 0.0031906012445688248 0.016188593581318855 -0.024499032646417618
v 0.0011840196093544364 0.016296714544296265 -0.024516969919204712
v 0.0011840196093544364 0.016296714544296265 -0.024516969919204712
v 0.0011840196093544364 0.016296714544296265 -0.024516969919204712
v 0.003178717801347375 0.016296714544296265 -0.02466222271323204
v 0.003178717801347375 0.016296714544296265 -0.02466222271323204
v 0.003178717801347375 0.016296714544296265 -0.02466222271323204
v 0.0011760720517486334 0.016459433361887932 -0.0246261116117239
v 0.0011760720517486334 0.016459433361887932 -0.0246261116117239
v 0.0011760720517486334 0.016459433361887932 -0.0246261116117239
v 0.0011760720517486334 0.016459433361887932 -0.0246261116117239
v 0.00317077012732625 0.016459433361887932 -0.02477136440575123
v 0.004857281688600779 0.019226284697651863 -0.014458333142101765
v 0.004232829436659813 0.01631775312125683 -0.021939588710665703
v 0.004312019795179367 0.016421344131231308 -0.02194618619978428
v 0.004312019795179367 0.016421344131231308 -0.02194618619978428
v 0.004434207919985056 0.016558973118662834 -0.020268231630325317
v 0.004434207919985056 0.016558973118662834 -0.020268231630325317
v 0.004253687337040901 0.016378134489059448 -0.020226819440722466
v 0.004129560198634863 0.01623830385506153 -0.02193140611052513
v 0.004683293867856264 0.01908651366829872 -0.014327210374176502
v 0.00460893614217639 0.018309863284230232 -0.015348337590694427
v 0.00460893614217639 0.018309863284230232 -0.015348337590694427
v 0.00460893614217639 0.018309863284230232 -0.015348337590694427
v 0.004483513999730349 0.017334314063191414 -0.0170707069337368
v 0.004483513999730349 0.017334314063191414 -0.0170707069337368
v 0.004348183516412973 0.016655893996357918 -0.018929146230220795
v 0.004348183516412973 0.016655893996357918 -0.018929146230220795
v 0.0045272535644471645 0.016832442954182625 -0.018990473821759224
v 0.0045272535644471645 0.016832442954182625 -0.018990473821759224
v 0.004660519305616617 0.017500553280115128 -0.017160387709736824
v 0.004660519305616617 0.017500553280115128 -0.017160387709736824
v 0.004784041084349155 0.018461313098669052 -0.015464121475815773
v 0.004784041084349155 0.018461313098669052 -0.015464121475815773
v 0.004037134349346161 0.01646188460290432 -0.0243513360619545
v 0.004037134349346161 0.01646188460290432 -0.0243513360619545
v 0.004037134349346161 0.01646188460290432 -0.0243513360619545
v 0.0042001307010650635 0.016464384272694588 -0.023880619555711746
v 0.0042001307010650635 0.016464384272694588 -0.023880619555711746
v 0.00394764868542552 0.016299454495310783 -0.02428923361003399
v 0.00394764868542552 0.016299454495310783 -0.02428923361003399
v 0.00394764868542552 0.016299454495310783 -0.02428923361003399
v 0.004092148505151272 0.016302194446325302 -0.02387150377035141
v 0.0038133144844323397 0.016191214323043823 -0.024197101593017578
v 0.0038133144844323397 0.016191214323043823 -0.024197101593017578
v 0.0038133144844323397 0.016191214323043823 -0.024197101593017578
v 0.003930401988327503 0.016193773597478867 -0.023858822882175446
v 0.0036603601183742285 0.01646009460091591 -0.024677511304616928
v 0.0036603601183742285 0.01646009460091591 -0.024677511304616928
v 0.0036603601183742285 0.01646009460091591 -0.024677511304616928
v 0.0036133418325334787 0.016297433525323868 -0.024578824639320374
v 0.0036133418325334787 0.016297433525323868 -0.024578824639320374
v 0.0036133418325334787 0.016297433525323868 -0.024578824639320374
v 0.003542492398992181 0.016189303249120712 -0.02443155087530613
v 0.003542492398992181 0.016189303249120712 -0.02443155087530613
v 0.00460893614217639 -0.01830931566655636 -0.015348337590694427
v 0.00460893614217639 -0.01830931566655636 -0.015348337590694427
v 0.004857281688600779 -0.01922573707997799 -0.014458333142101765
v 0.004857281688600779 -0.01922573707997799 -0.014458333142101765
v 0.004683293867856264 -0.019085966050624847 -0.014327210374176502
v 0.004253687337040901 -0.016377586871385574 -0.020226819440722466
v 0.004253687337040901 -0.016377586871385574 -0.020226819440722466
v 0.0041295732371509075 -0.016237756237387657 -0.021931227296590805
v 0.0040710922330617905 -0.016208846122026443 -0.021926788613200188
v 0.0042328424751758575 -0.016317205503582954 -0.021939408034086227
v 0.004434207919985056 -0.016558365896344185 -0.020268231630325317
v 0.004312032833695412 -0.016420746222138405 -0.021946007385849953
v 0.004340816289186478 -0.01647939532995224 -0.021948646754026413
v 0.004784041084349155 -0.018460765480995178 -0.015464121475815773
v 0.004784041084349155 -0.018460765480995178 -0.015464121475815773
v 0.004660519305616617 -0.017500005662441254 -0.017160387709736824
v 0.004660519305616617 -0.017500005662441254 -0.017160387709736824
v 0.004483513999730349 -0.01733376644551754 -0.0170707069337368
v 0.004483513999730349 -0.01733376644551754 -0.0170707069337368
v 0.004483513999730349 -0.01733376644551754 -0.0170707069337368
v 0.0045272535644471645 -0.01683189533650875 -0.018990473821759224
v 0.0045272535644471645 -0.01683189533650875 -0.018990473821759224
v 0.004348183516412973 -0.016655346378684044 -0.018929146230220795
v 0.004348183516412973 -0.016655346378684044 -0.018929146230220795
v 0.0042001307010650635 -0.016463836655020714 -0.023880619555711746
v 0.004092148505151272 -0.0163015965372324 -0.02387150377035141
v 0.003930401988327503 -0.016193225979804993 -0.023858822882175446
v 0.0036603601183742285 -0.016459546983242035 -0.024677511304616928
v 0.0036603601183742285 -0.016459546983242035 -0.024677511304616928
v 0.0036603601183742285 -0.016459546983242035 -0.024677511304616928
v 0.00317077012732625 -0.016458885744214058 -0.02477136440575123
v 0.00317077012732625 -0.016458885744214058 -0.02477136440575123
v 0.0036133418325334787 -0.016296885907649994 -0.024578824639320374
v 0.0036133418325334787 -0.016296885907649994 -0.024578824639320374
v 0.0036133418325334787 -0.016296885907649994 -0.024578824639320374
v 0.003178717801347375 -0.01629616692662239 -0.02466222271323204
v 0.003178717801347375 -0.01629616692662239 -0.02466222271323204
v 0.003542492398992181 -0.01618875563144684 -0.02443155087530613
v 0.003542492398992181 -0.01618875563144684 -0.02443155087530613
v 0.0031906012445688248 -0.01618804596364498 -0.024499032646417618
v 0.0031906012445688248 -0.01618804596364498 -0.024499032646417618
v 0.0031906012445688248 -0.01618804596364498 -0.024499032646417618
v 0.004037134349346161 -0.016461336985230446 -0.0243513360619545
v 0.004037134349346161 -0.016461336985230446 -0.0243513360619545
v 0.00394764868542552 -0.01629890687763691 -0.02428923361003399
v 0.00394764868542552 -0.01629890687763691 -0.02428923361003399
v 0.00394764868542552 -0.01629890687763691 -0.02428923361003399
v 0.0038133144844323397 -0.01619066670536995 -0.024197101593017578
v 0.0038133144844323397 -0.01619066670536995 -0.024197101593017578
v 0.0011760720517486334 -0.016458885744214058 -0.0246261116117239
v 0.0011760720517486334 -0.016458885744214058 -0.0246261116117239
v 0.0011760720517486334 -0.016458885744214058 -0.0246261116117239
v 0.0011840196093544364 -0.01629616692662239 -0.024516969919204712
v 0.0011840196093544364 -0.01629616692662239 -0.024516969919204712
v 0.0011840196093544364 -0.01629616692662239 -0.024516969919204712
v 0.0011840196093544364 -0.01629616692662239 -0.024516969919204712
v 0.0011840196093544364 -0.01629616692662239 -0.024516969919204712
v 0.0011959030525758862 -0.01618804596364498 -0.02435377985239029
v 0.0011959030525758862 -0.01618804596364498 -0.02435377985239029
v 0.0011959030525758862 -0.01618804596364498 -0.02435377985239029
v 0.0011959030525758862 -0.01618804596364498 -0.02435377985239029
v 0.0011959030525758862 -0.01618804596364498 -0.02435377985239029
v 0.0007430988480336964 -0.030389385297894478 0.007360527757555246
v 0.0007439044420607388 0.030322404578328133 0.00737392483279109
v 0.0021045340690761805 -0.018605485558509827 -0.011875930242240429
v 0.0021045340690761805 -0.018605485558509827 -0.011875930242240429
v 0.0021045340690761805 -0.018605485558509827 -0.011875930242240429
v 0.0021045340690761805 -0.018605485558509827 -0.011875930242240429
v 0.0021045340690761805 -0.018605485558509827 -0.011875930242240429
f 1 2 7
f 7 2 8
f 7 8 11
f 11 8 13
f 11 13 14
f 15 16 17
f 17 16 21
f 23 24 27
f 27 24 21
f 27 21 28
f 28 21 16
f 23 29 24
f 24 29 30
f 24 30 33
f 37 43 45
f 45 43 33
f 45 33 46
f 46 33 30
f 47 51 52
f 55 58 67
f 67 58 68
f 67 68 76
f 68 77 76
f 76 77 78
f 76 78 80
f 78 82 80
f 80 82 84
f 80 84 52
f 52 84 85
f 52 85 47
f 87 91 96
f 99 104 106
f 106 104 111
f 106 111 112
f 112 111 113
f 96 117 87
f 87 117 118
f 87 118 122
f 122 118 123
f 122 123 126
f 126 123 127
f 126 127 128
f 127 130 128
f 128 130 131
f 128 131 113
f 113 131 132
f 113 132 112
f 133 134 135
f 133 135 136
f 136 135 137
f 136 138 140
f 138 141 144
f 144 145 138
f 138 145 146
f 138 146 140
f 147 149 150
f 154 153 155
f 155 153 156
f 155 156 157
f 158 147 159
f 159 147 150
f 159 153 160
f 160 153 154
f 163 165 166
f 166 165 167
f 166 167 168
f 168 167 169
f 168 169 170
f 170 169 172
f 170 172 174
f 174 172 176
f 174 176 177
f 177 176 181
f 181 176 182
f 181 182 185
f 185 182 186
f 186 182 188
f 186 188 191
f 192 193 196
f 192 196 188
f 188 196 198
f 188 198 191
f 199 200 202
f 202 200 203
f 202 203 207
f 208 209 199
f 199 209 212
f 199 212 200
f 213 214 208
f 208 214 216
f 208 216 209
f 218 220 213
f 213 220 222
f 213 222 214
f 224 227 228
f 228 227 229
f 228 229 230
f 230 229 231
f 230 231 218
f 218 231 232
f 218 232 220
f 236 239 241
f 242 244 245
f 248 224 228
f 207 249 252
f 255 257 228
f 228 257 260
f 228 260 248
f 266 254 268
f 267 255 228
f 267 228 269
f 269 228 230
f 269 230 271
f 271 230 218
f 271 218 273
f 273 218 213
f 273 213 275
f 275 213 208
f 275 208 277
f 277 208 199
f 277 199 252
f 252 199 202
f 252 202 207
f 280 281 282
f 293 299 300
f 300 299 280
f 300 280 302
f 302 280 282
f 281 280 303
f 303 280 304
f 303 304 306
f 306 304 307
f 306 307 309
f 309 307 311
f 309 311 312
f 312 311 313
f 313 311 315
f 313 315 316
f 316 315 318
f 316 318 319
f 319 318 320
f 320 318 321
f 320 321 323
f 323 321 240
f 323 240 245
f 245 240 238
f 245 238 242
f 298 266 279
f 279 266 268
f 279 268 305
f 305 268 270
f 305 270 308
f 308 270 272
f 308 272 310
f 310 272 274
f 310 274 314
f 314 274 276
f 314 276 317
f 317 276 278
f 317 278 322
f 322 278 253
f 322 253 241
f 241 253 251
f 241 251 236
f 234 250 206
f 324 325 326
f 327 328 329
f 330 331 339
f 339 331 340
f 339 340 342
f 330 339 343
f 343 339 344
f 343 344 325
f 325 344 345
f 325 345 346
f 346 347 325
f 325 347 348
f 325 348 326
f 349 350 351
f 351 350 352
f 351 352 353
f 353 352 354
f 353 354 355
f 355 354 356
f 355 356 357
f 357 356 358
f 357 358 359
f 359 358 360
f 359 360 330
f 330 360 361
f 330 361 331
f 362 363 364
f 364 363 365
f 364 365 366
f 366 365 367
f 366 367 368
f 368 367 369
f 368 369 370
f 370 369 371
f 370 371 349
f 349 371 372
f 349 372 350
f 373 374 375
f 375 374 376
f 375 376 377
f 377 376 378
f 377 378 379
f 379 378 380
f 379 380 381
f 381 380 382
f 381 382 362
f 362 382 383
f 362 383 363
f 384 385 386
f 386 385 387
f 386 387 388
f 388 387 389
f 388 389 390
f 390 389 391
f 390 391 392
f 392 391 393
f 392 393 373
f 373 393 394
f 373 394 374
f 395 396 397
f 397 396 398
f 397 398 399
f 399 398 400
f 399 400 401
f 401 400 402
f 401 402 403
f 403 402 404
f 403 404 384
f 384 404 405
f 384 405 385
f 406 407 408
f 408 407 409
f 408 409 410
f 410 409 411
f 410 411 412
f 412 411 413
f 412 413 414
f 414 413 415
f 414 415 395
f 395 415 416
f 395 416 396
f 328 417 329
f 329 417 418
f 329 418 419
f 419 418 420
f 419 420 421
f 421 420 422
f 421 422 423
f 423 422 424
f 423 424 425
f 425 424 426
f 425 426 406
f 406 426 427
f 406 427 407
f 245 244 428
f 245 428 429
f 429 428 430
f 429 430 431
f 432 327 434
f 434 327 329
f 434 329 431
f 431 329 441
f 431 441 429
f 442 443 445
f 445 443 447
f 449 450 303
f 450 451 303
f 303 451 452
f 303 452 453
f 453 454 303
f 303 454 455
f 303 455 456
f 456 457 303
f 303 457 458
f 303 458 459
f 459 460 303
f 303 460 461
f 303 461 281
f 281 461 282
f 462 463 464
f 465 466 467
f 467 466 468
f 467 468 469
f 465 467 470
f 470 467 471
f 470 471 472
f 469 473 467
f 467 473 474
f 467 474 475
f 475 476 467
f 467 476 477
f 467 477 478
f 463 479 464
f 464 479 480
f 464 480 482
f 478 462 467
f 467 462 464
f 467 464 484
f 484 464 485
f 484 485 486
f 486 485 487
f 486 487 488
f 488 487 489
f 326 490 324
f 324 490 491
f 324 491 492
f 492 491 493
f 492 493 489
f 489 493 494
f 489 494 488
f 495 319 496
f 496 319 320
f 496 320 429
f 429 320 323
f 429 323 245
f 497 312 498
f 498 312 313
f 498 313 495
f 495 313 316
f 495 316 319
f 442 449 443
f 443 449 303
f 443 303 499
f 499 303 306
f 499 306 497
f 497 306 309
f 497 309 312
f 500 502 505
f 508 472 471
f 511 513 514
f 514 513 348
f 514 348 347
f 515 491 517
f 517 491 490
f 517 490 512
f 513 490 326
f 513 326 348
f 520 488 522
f 522 488 494
f 522 494 515
f 515 494 493
f 515 493 491
f 523 534 509
f 523 509 537
f 536 508 471
f 536 471 539
f 539 471 467
f 539 467 541
f 541 467 484
f 541 484 520
f 520 484 486
f 520 486 488
f 165 542 167
f 167 542 546
f 546 548 167
f 167 548 550
f 167 550 551
f 551 500 167
f 167 500 505
f 167 505 169
f 169 505 553
f 169 553 172
f 172 553 555
f 172 555 176
f 176 555 558
f 176 558 182
f 182 558 559
f 182 559 188
f 188 559 562
f 188 562 192
f 565 193 566
f 566 193 192
f 566 192 569
f 569 192 562
f 511 563 513
f 513 563 567
f 513 567 518
f 518 567 568
f 518 568 516
f 516 568 561
f 516 561 521
f 521 561 560
f 521 560 519
f 519 560 557
f 519 557 540
f 540 557 556
f 540 556 538
f 538 556 554
f 538 554 537
f 537 554 505
f 537 505 523
f 523 505 502
f 570 571 573
f 573 571 574
f 573 574 578
f 579 582 583
f 583 582 584
f 583 584 570
f 570 584 587
f 570 587 571
f 588 590 579
f 579 590 593
f 579 593 582
f 594 595 598
f 598 595 600
f 598 600 588
f 588 600 603
f 588 603 590
f 604 605 606
f 606 605 607
f 606 607 608
f 608 607 609
f 608 609 594
f 594 609 610
f 594 610 595
f 611 612 613
f 615 616 619
f 620 617 621
f 621 617 614
f 621 614 623
f 625 627 628
f 628 627 630
f 628 630 632
f 632 630 633
f 632 633 635
f 635 633 636
f 635 636 638
f 638 636 639
f 638 639 623
f 623 639 640
f 623 640 621
f 641 642 625
f 625 642 643
f 625 643 627
f 626 645 641
f 641 645 647
f 641 647 648
f 649 611 650
f 650 611 613
f 650 613 647
f 647 613 652
f 647 652 648
f 653 654 655
f 655 654 656
f 578 658 653
f 653 655 578
f 578 655 659
f 578 659 573
f 573 659 661
f 573 661 570
f 570 661 663
f 570 663 583
f 583 663 666
f 583 666 579
f 579 666 667
f 579 667 588
f 588 667 669
f 588 669 598
f 598 669 671
f 598 671 594
f 594 671 673
f 594 673 608
f 608 673 675
f 608 675 606
f 604 606 618
f 618 606 675
f 619 676 615
f 615 676 674
f 615 674 622
f 622 674 672
f 622 672 637
f 637 672 670
f 637 670 634
f 634 670 668
f 634 668 631
f 631 668 665
f 631 665 629
f 629 665 664
f 629 664 624
f 624 664 662
f 624 662 644
f 644 662 660
f 644 660 646
f 646 660 655
f 646 655 651
f 651 655 656
f 651 656 649
f 677 678 679
f 677 680 681
f 681 680 683
f 681 683 684
f 684 683 685
f 689 690 693
f 693 690 694
f 693 694 697
f 697 694 698
f 697 698 699
f 699 698 702
f 699 702 703
f 703 702 705
f 703 705 685
f 685 705 706
f 685 706 684
f 707 708 689
f 689 708 709
f 689 709 690
f 688 711 707
f 707 711 714
f 707 714 715
f 716 718 720
f 721 717 723
f 724 725 726
f 716 720 727
f 727 720 728
f 727 728 730
f 730 728 733
f 730 733 734
f 734 733 735
f 734 735 738
f 738 735 739
f 738 739 742
f 742 739 743
f 742 743 745
f 745 743 747
f 745 747 748
f 748 747 750
f 748 750 751
f 751 750 753
f 751 753 754
f 754 753 724
f 754 724 756
f 756 724 726
f 756 726 758
f 677 679 680
f 680 679 759
f 680 759 760
f 761 715 722
f 722 715 714
f 723 713 721
f 719 712 710
f 719 710 729
f 729 710 687
f 729 687 732
f 732 687 692
f 731 691 737
f 737 691 696
f 736 695 741
f 741 695 700
f 740 701 744
f 744 701 704
f 744 704 746
f 746 704 686
f 746 686 749
f 749 686 682
f 749 682 752
f 752 682 680
f 752 680 724
f 724 680 760
f 724 760 725
f 745 763 742
f 742 763 765
f 742 765 738
f 748 767 745
f 745 767 768
f 745 768 763
f 754 756 771
f 754 771 751
f 771 773 751
f 751 773 774
f 751 774 748
f 748 774 777
f 748 777 767
f 778 716 779
f 779 716 727
f 779 727 780
f 780 727 730
f 780 730 781
f 781 730 734
f 781 734 782
f 782 734 738
f 782 738 784
f 784 738 765
f 786 166 168
f 788 789 792
f 793 794 795
f 168 170 797
f 799 786 801
f 800 786 168
f 800 168 803
f 803 168 797
f 804 792 801
f 801 792 789
f 801 789 799
f 799 789 788
f 799 788 796
f 795 787 805
f 795 805 793
f 163 166 807
f 807 166 786
f 807 786 809
f 809 786 799
f 808 799 814
f 814 799 796
f 815 795 817
f 817 795 794
f 818 819 821
f 821 819 822
f 821 824 231
f 231 824 827
f 231 827 232
f 828 831 818
f 818 831 832
f 818 832 819
f 834 835 829
f 829 835 836
f 829 836 830
f 231 229 821
f 821 229 837
f 821 837 818
f 818 837 838
f 818 838 828
f 229 227 837
f 837 227 839
f 837 839 838
f 838 839 843
f 838 842 828
f 828 842 844
f 829 845 834
f 834 845 850
f 852 156 153
f 157 156 854
f 854 156 852
f 137 135 857
f 340 859 342
f 342 859 862
f 862 859 866
f 866 859 867
f 865 868 869
f 872 873 877
f 877 873 879
f 157 853 883
f 883 853 886
f 877 869 872
f 872 869 868
f 872 868 875
f 875 868 888
f 886 889 883
f 883 889 882
f 883 882 892
f 892 882 874
f 892 874 893
f 893 874 887
f 894 895 887
f 887 895 896
f 887 896 893
f 897 900 901
f 901 900 903
f 902 904 906
f 906 904 907
f 905 908 361
f 361 908 331
f 340 331 858
f 858 331 908
f 859 907 867
f 867 907 904
f 868 903 888
f 888 903 900
f 887 899 894
f 894 899 898
f 894 898 909
f 135 134 857
f 857 134 911
f 911 134 913
f 913 134 915
f 913 915 918
f 920 924 926
f 926 924 930
f 927 931 933
f 933 931 936
f 933 936 937
f 327 432 921
f 938 939 941
f 941 939 943
f 940 942 944
f 944 942 946
f 945 947 948
f 948 947 950
f 949 951 417
f 417 951 418
f 952 938 954
f 954 938 941
f 953 940 955
f 955 940 944
f 956 945 957
f 957 945 948
f 958 949 328
f 328 949 417
f 959 952 932
f 932 952 954
f 933 953 927
f 927 953 955
f 926 956 920
f 920 956 957
f 921 958 327
f 327 958 328
f 936 918 937
f 937 918 915
f 937 915 932
f 932 915 960
f 932 960 959
f 962 964 968
f 963 969 610
f 610 969 972
f 610 972 595
f 973 976 977
f 977 976 978
f 978 976 979
f 979 976 981
f 979 981 982
f 982 981 984
f 982 984 985
f 968 964 974
f 974 964 987
f 974 987 975
f 975 987 988
f 975 988 980
f 980 988 990
f 980 990 983
f 963 610 965
f 965 610 609
f 965 609 986
f 986 609 607
f 986 607 989
f 989 607 605
f 989 605 991
f 780 781 992
f 993 994 995
f 996 997 999
f 993 1000 1002
f 993 1002 994
f 994 1002 1003
f 994 1003 996
f 782 1005 781
f 781 1005 1007
f 781 1007 992
f 992 1007 1009
f 992 1009 1010
f 1010 1009 1012
f 779 780 1014
f 1014 780 992
f 1014 992 995
f 995 992 1010
f 995 1010 993
f 993 1010 1012
f 993 1012 1000
f 996 999 994
f 994 998 1015
f 994 1015 995
f 995 1015 1016
f 995 1016 1014
f 1014 1016 778
f 1014 778 779
f 654 653 1017
f 649 656 1018
f 149 147 1020
f 1020 147 1022
f 1021 1023 1025
f 1025 1023 1027
f 1027 1023 1028
f 1027 1028 1030
f 1030 1028 1017
f 1030 1017 1031
f 1031 1017 653
f 1031 653 658
f 159 160 1033
f 1033 160 1036
f 1034 1035 1038
f 1038 1035 1040
f 1037 1039 1041
f 1041 1039 1043
f 1041 1042 611
f 611 1042 612
f 158 159 1045
f 1045 159 1033
f 1044 1034 1046
f 1046 1034 1038
f 1047 1037 1018
f 1018 1037 1041
f 1018 1041 649
f 649 1041 611
f 147 158 1022
f 1022 158 1045
f 1023 1044 1028
f 1028 1044 1046
f 1028 1047 1017
f 1017 1047 1018
f 1017 1018 654
f 654 1018 656
f 759 679 1048
f 725 760 1049
f 758 726 1050
f 1050 726 1052
f 1050 1052 1054
f 1054 1052 1055
f 1055 1052 1059
f 1056 1058 1061
f 1061 1058 1064
f 1064 1058 1065
f 1064 1065 1066
f 1066 1065 144
f 1066 144 141
f 145 144 1069
f 1069 144 1065
f 1068 1065 1070
f 1070 1065 1058
f 1071 1059 1049
f 1049 1059 1052
f 1049 1052 725
f 725 1052 726
f 146 145 1072
f 1072 145 1069
f 1073 1068 1074
f 1074 1068 1070
f 1074 1071 1048
f 1048 1071 1049
f 1048 1049 759
f 759 1049 760
f 140 146 1075
f 1075 146 1072
f 1076 1073 1079
f 1079 1073 1074
f 1079 1074 1080
f 1080 1074 1048
f 1080 1048 678
f 678 1048 679
f 1003 835 996
f 996 835 834
f 996 834 997
f 997 834 850
f 997 848 1081
f 1082 1083 1085
f 1086 1082 1087
f 1087 1082 1085
f 1087 1085 1088
f 1088 1085 1089
f 1088 1089 1090
f 1090 1089 1091
f 1090 1091 1092
f 1092 1091 1093
f 1092 1093 1094
f 1094 1093 1095
f 1094 1095 1096
f 1096 1095 1081
f 1096 1081 1098
f 1098 1081 848
f 1100 1101 1102
f 793 979 794
f 794 979 982
f 794 982 817
f 817 982 985
f 817 985 1103
f 1106 817 1108
f 1108 817 1103
f 1108 1103 1109
f 1109 1103 1110
f 1109 1110 1111
f 1111 1110 1112
f 1111 1112 1113
f 1113 1112 1114
f 1113 1114 1115
f 1115 1114 1116
f 1115 1116 1102
f 1102 1116 1117
f 1102 1117 1100
f 1100 1117 1118
f 1119 292 1122
f 1123 291 1125
f 1120 1130 289
f 288 1128 1131
f 287 1133 1137
f 284 301 1141
f 1140 1144 286
f 285 1142 1145
f 290 1146 1126
f 1148 444 448
f 1148 448 1149
f 1153 1159 446
f 446 1159 1162
f 448 1163 1149
f 1171 1172 1176
f 1176 1172 1183
f 1178 1184 1191
f 1193 1195 1196
f 1196 1195 1198
f 1196 1198 1199
f 1195 1193 1200
f 1195 1200 1203
f 1204 1201 1207
f 1204 1207 1208
f 1208 1207 1209
f 1209 1207 1210
f 1209 1210 1213
f 11 14 1210
f 1210 14 1214
f 1210 1214 1213
f 1215 939 1216
f 1216 939 938
f 1216 938 1217
f 1217 938 952
f 1217 952 1218
f 1218 952 959
f 134 133 915
f 915 133 1219
f 915 1219 960
f 960 1219 1220
f 960 1220 959
f 959 1220 1221
f 959 1221 1218
f 155 157 883
f 155 883 1222
f 1222 883 892
f 1222 892 1223
f 1223 892 893
f 1223 893 1224
f 1224 893 896
f 1224 896 1225
f 896 895 1225
f 1225 895 894
f 1225 894 1226
f 1226 894 909
f 1226 909 1227
f 1228 1229 1230
f 1230 1231 1232
f 1231 1230 1233
f 1233 1230 1234
f 1233 1234 1235
f 1236 1237 1238
f 1238 1237 1239
f 1240 1241 1242
f 1242 1241 1243
f 1242 1243 1238
f 1238 1243 1244
f 1238 1244 1236
f 1245 1246 1247
f 1247 1246 1248
f 1247 1248 1234
f 1234 1248 1249
f 1234 1249 1235
f 1239 1250 1238
f 1238 1250 1251
f 1238 1251 1247
f 1247 1251 1252
f 1247 1252 1245
f 1253 1254 1255
f 1253 1255 1242
f 1242 1255 1256
f 1242 1256 1240
f 1257 1258 1253
f 1253 1258 1259
f 1253 1259 1254
f 1232 1260 1230
f 1230 1260 1261
f 1230 1261 1262
f 1257 1263 1264
f 1265 1230 1266
f 1266 1230 1267
f 1265 1268 1230
f 1230 1268 1269
f 1230 1269 1228
f 1264 1270 1257
f 1257 1270 1271
f 1257 1271 1272
f 1262 1273 1230
f 1230 1273 1274
f 1230 1274 1275
f 1275 1276 1230
f 1230 1276 1277
f 1230 1277 1267
f 1272 1278 1257
f 1257 1278 1279
f 1257 1279 1280
f 1280 1281 1257
f 1257 1281 1282
f 1257 1282 1283
f 1283 1284 1257
f 1257 1284 1285
f 1257 1285 1286
f 1286 1287 1257
f 1257 1287 1288
f 1257 1288 1258
f 1291 1229 1228
f 447 443 1292
f 1292 443 499
f 1292 499 1263
f 482 1291 464
f 464 1291 1228
f 464 1228 485
f 485 1228 1269
f 485 1269 487
f 487 1269 1268
f 487 1268 489
f 489 1268 1265
f 489 1265 492
f 492 1265 1266
f 492 1266 324
f 324 1266 1267
f 324 1267 325
f 325 1267 1277
f 325 1277 343
f 343 1277 1276
f 343 1276 330
f 330 1276 1275
f 330 1275 359
f 359 1275 1274
f 359 1274 357
f 357 1274 1273
f 357 1273 355
f 355 1273 1262
f 355 1262 353
f 353 1262 1261
f 353 1261 351
f 351 1261 1260
f 351 1260 349
f 349 1260 1232
f 349 1232 370
f 370 1232 1231
f 370 1231 368
f 368 1231 1233
f 368 1233 366
f 366 1233 1235
f 366 1235 364
f 364 1235 1249
f 364 1249 362
f 362 1249 1248
f 362 1248 381
f 381 1248 1246
f 381 1246 379
f 379 1246 1245
f 379 1245 377
f 377 1245 1252
f 377 1252 375
f 375 1252 1251
f 375 1251 373
f 373 1251 1250
f 373 1250 392
f 392 1250 1239
f 392 1239 390
f 390 1239 1237
f 390 1237 388
f 388 1237 1236
f 388 1236 386
f 386 1236 1244
f 386 1244 384
f 384 1244 1243
f 384 1243 403
f 403 1243 1241
f 403 1241 401
f 401 1241 1240
f 401 1240 399
f 399 1240 1256
f 399 1256 397
f 397 1256 1255
f 397 1255 395
f 395 1255 1254
f 395 1254 414
f 414 1254 1259
f 414 1259 412
f 412 1259 1258
f 412 1258 410
f 410 1258 1288
f 410 1288 408
f 408 1288 1287
f 408 1287 406
f 406 1287 1286
f 406 1286 425
f 425 1286 1285
f 425 1285 423
f 423 1285 1284
f 423 1284 421
f 421 1284 1283
f 421 1283 419
f 419 1283 1282
f 419 1282 329
f 329 1282 1281
f 329 1281 441
f 441 1281 1280
f 441 1280 429
f 429 1280 1279
f 429 1279 496
f 496 1279 1278
f 496 1278 495
f 495 1278 1272
f 495 1272 498
f 498 1272 1271
f 498 1271 497
f 497 1271 1270
f 497 1270 499
f 499 1270 1264
f 499 1264 1263
f 1293 1294 1295
f 1296 1297 1298
f 1298 1297 1299
f 1300 1301 1302
f 1302 1303 1304
f 1301 1300 1305
f 1305 1300 1306
f 1305 1306 1307
f 1308 1309 1310
f 1310 1309 1311
f 1310 1311 620
f 1308 1312 1313
f 1313 1312 1314
f 1315 1316 1317
f 1317 1316 1318
f 1317 1318 1319
f 1314 1312 1320
f 1320 1312 1321
f 1320 1321 1322
f 1322 1321 1317
f 1322 1317 1323
f 1323 1317 1319
f 1323 1319 1324
f 1325 1326 1327
f 1328 1325 1329
f 1329 1325 1327
f 1329 1327 1330
f 1330 1327 1331
f 1326 1332 1327
f 1327 1332 1333
f 1327 1333 1331
f 1328 1334 1335
f 1335 1334 1336
f 1335 1336 1337
f 1338 1339 1340
f 1328 1335 1325
f 1325 1335 1340
f 1325 1340 1341
f 1341 1340 1339
f 1341 1339 1342
f 1343 1344 1345
f 1345 1344 1298
f 1345 1298 1295
f 1295 1298 1299
f 1295 1299 1293
f 1302 1304 1300
f 1300 1304 1310
f 1300 1310 1306
f 1306 1310 620
f 1306 620 1307
f 1303 1296 1304
f 1304 1296 1298
f 1304 1298 1335
f 1335 1298 1344
f 1335 1344 1340
f 1340 1344 1343
f 1340 1343 1338
f 1308 1310 1312
f 1312 1310 1304
f 1312 1304 1321
f 1321 1304 1335
f 1321 1335 1317
f 1317 1335 1337
f 1317 1337 1315
f 1346 1347 1348
f 1346 1348 1350
f 1350 1348 1351
f 1349 1352 1355
f 1355 1352 1357
f 1355 1357 1358
f 1323 1324 1356
f 1356 1324 1360
f 1356 1360 1359
f 1348 1361 1351
f 1351 1361 1362
f 1352 1363 1357
f 1357 1363 1364
f 1356 1365 1323
f 1323 1365 1322
f 1366 1361 1367
f 1367 1361 1348
f 1368 1369 1370
f 1370 1369 1367
f 1370 1367 1347
f 1347 1367 1348
f 1371 605 604
f 1372 1373 1374
f 1374 1373 1375
f 1374 1375 1366
f 1366 1375 1361
f 1376 1377 1372
f 1372 1377 1378
f 1372 1378 1373
f 604 1379 1371
f 1371 1379 1380
f 1371 1380 1381
f 1381 1380 1382
f 1381 1382 1376
f 1376 1382 1383
f 1376 1383 1377
f 1384 1385 1386
f 1387 1388 681
f 681 1388 1389
f 681 1389 677
f 677 1389 678
f 1390 1391 1392
f 1392 1391 1393
f 1392 1393 1394
f 1394 1393 1395
f 1394 1395 1384
f 1384 1395 1396
f 1384 1396 1385
f 1397 1398 1399
f 1399 1398 1400
f 1399 1400 1401
f 1401 1400 1402
f 1401 1402 1390
f 1390 1402 1403
f 1390 1403 1391
f 1404 1405 1406
f 1406 1405 1407
f 1406 1407 1397
f 1397 1407 1408
f 1397 1408 1398
f 1409 1410 1411
f 1411 1410 1412
f 1411 1412 1404
f 1404 1412 1413
f 1404 1413 1405
f 1414 1415 1416
f 1416 1415 1417
f 1416 1417 1409
f 1409 1417 1418
f 1409 1418 1410
f 1419 1420 1421
f 1421 1420 1422
f 1421 1422 1414
f 1414 1422 1423
f 1414 1423 1415
f 1424 1425 1426
f 1426 1425 1427
f 1426 1427 1428
f 1428 1427 1429
f 1428 1429 1430
f 1430 1429 1431
f 1430 1431 1432
f 1432 1431 1433
f 1432 1433 1434
f 1434 1433 1435
f 1434 1435 1436
f 1436 1435 1437
f 1436 1437 1438
f 1438 1437 1439
f 1438 1439 1440
f 1440 1439 1441
f 1440 1441 1442
f 1442 1441 1443
f 1442 1443 1444
f 1444 1443 1445
f 1444 1445 1446
f 1446 1445 1447
f 1446 1447 1448
f 1448 1447 1449
f 1448 1449 1419
f 1419 1449 1450
f 1419 1450 1420
f 1451 1452 1453
f 1453 1452 1454
f 1453 1454 1424
f 1424 1454 1455
f 1424 1455 1425
f 1456 1457 1458
f 1458 1457 1459
f 1458 1459 1451
f 1451 1459 1460
f 1451 1460 1452
f 1461 1462 1463
f 1463 1462 1464
f 1463 1464 1456
f 1456 1464 1465
f 1456 1465 1457
f 1466 1467 1468
f 1468 1467 1469
f 1468 1469 1461
f 1461 1469 1470
f 1461 1470 1462
f 1471 1472 1473
f 1473 1472 1474
f 1473 1474 1475
f 1475 1474 1476
f 1475 1476 1466
f 1466 1476 1477
f 1466 1477 1467
f 1478 1479 1480
f 1481 652 1482
f 1482 652 613
f 1482 613 612
f 1479 1483 1480
f 1480 1483 1484
f 1480 1484 1485
f 1485 1484 1486
f 1485 1486 1471
f 1471 1486 1487
f 1471 1487 1472
f 1481 1478 652
f 652 1478 1480
f 652 1480 648
f 648 1480 1488
f 648 1488 641
f 641 1488 642
f 642 1488 1489
f 642 1489 643
f 643 1489 1490
f 643 1490 627
f 627 1490 630
f 630 1490 1491
f 630 1491 633
f 633 1491 1492
f 633 1492 636
f 636 1492 1493
f 636 1493 639
f 639 1493 640
f 640 1493 1494
f 640 1494 621
f 1494 1495 621
f 621 1495 1307
f 621 1307 620
f 715 761 1496
f 1496 761 1497
f 715 1496 707
f 707 1496 1498
f 707 1498 708
f 708 1498 1499
f 708 1499 709
f 709 1499 1500
f 709 1500 690
f 690 1500 694
f 694 1500 1501
f 694 1501 698
f 698 1501 1502
f 698 1502 702
f 702 1502 1503
f 702 1503 705
f 705 1503 706
f 706 1503 1504
f 706 1504 684
f 684 1504 1384
f 684 1384 681
f 681 1384 1386
f 681 1386 1387
f 1505 1506 1507
f 1508 1509 1510
f 1510 1509 1511
f 1510 1511 1512
f 1512 1511 1513
f 1512 1513 1514
f 1514 1513 1515
f 1514 1515 1516
f 1516 1515 1517
f 1516 1517 1518
f 1518 1517 1519
f 1518 1519 1215
f 1215 1519 939
f 1520 1521 1522
f 1522 1521 1523
f 1522 1523 1524
f 1524 1523 1525
f 1524 1525 1526
f 1526 1525 1527
f 1526 1527 1508
f 1508 1527 1528
f 1508 1528 1509
f 1529 1530 1531
f 1531 1530 1532
f 1531 1532 1533
f 1533 1532 1534
f 1533 1534 1535
f 1535 1534 1536
f 1535 1536 1537
f 1537 1536 1538
f 1537 1538 1539
f 1539 1538 1540
f 1539 1540 1520
f 1520 1540 1541
f 1520 1541 1521
f 1505 1507 1542
f 1507 1543 1542
f 1542 1543 1544
f 1542 1544 1545
f 1545 1544 1546
f 1545 1546 1547
f 1547 1546 1548
f 1547 1548 1549
f 1549 1548 1550
f 1549 1550 1529
f 1529 1550 1551
f 1529 1551 1530
f 1552 1553 1554
f 1554 1553 1555
f 1554 1555 1556
f 1556 1555 1557
f 1556 1557 1558
f 1558 1557 1559
f 1558 1559 1506
f 1506 1559 1560
f 1506 1560 1507
f 1561 1562 1563
f 1563 1562 1564
f 1563 1564 1565
f 1565 1564 1566
f 1565 1566 1567
f 1567 1566 1568
f 1567 1568 1552
f 1552 1568 1569
f 1552 1569 1553
f 1227 909 1570
f 1570 909 1571
f 1570 1571 1572
f 1572 1571 1573
f 1572 1573 1574
f 1574 1573 1575
f 1574 1575 1576
f 1576 1575 1577
f 1576 1577 1578
f 1578 1577 1579
f 1578 1579 1561
f 1561 1579 1580
f 1561 1580 1562
f 716 778 1581
f 1581 778 1582
f 1581 1582 1583
f 1583 1582 1584
f 1583 1584 1585
f 1585 1584 1586
f 1586 1584 1587
f 1586 1587 1588
f 1588 1587 1589
f 1588 1589 1590
f 1591 1592 1593
f 1593 1592 1594
f 1593 1594 1589
f 1589 1594 1595
f 1589 1595 1590
f 1592 1591 1596
f 1596 1591 1597
f 1598 1596 1599
f 1599 1596 1597
f 1599 1597 1600
f 1600 1597 1601
f 1602 1603 1604
f 1602 1604 1605
f 1605 1604 1608
f 1606 1607 1610
f 1610 1607 1612
f 1610 1612 1614
f 1596 1598 1611
f 1611 1598 1615
f 1611 1615 1613
f 1604 1616 1608
f 1608 1616 1618
f 1607 1617 1612
f 1612 1617 1619
f 1611 1620 1596
f 1596 1620 1592
f 1621 1497 1622
f 1622 1497 761
f 1622 761 1623
f 1624 1625 1626
f 1616 1604 1627
f 1628 1624 1629
f 761 1630 1623
f 1623 1630 1631
f 1623 1631 1629
f 1629 1631 1632
f 1629 1632 1628
f 1633 1634 1635
f 1635 1634 1636
f 1635 1636 1637
f 1638 1639 1640
f 1640 1639 1641
f 1640 1641 1633
f 1633 1641 1642
f 1633 1642 1634
f 1343 1345 1643
f 1643 1345 1295
f 1644 1342 1339
f 1338 1645 1339
f 1339 1645 1646
f 1339 1646 1644
f 1647 1648 1649
f 1649 1648 1650
f 1650 1651 1649
f 1649 1651 1652
f 1649 1652 1653
f 1338 1343 1645
f 1645 1343 1643
f 1645 1643 1646
f 1646 1643 1649
f 1646 1649 1654
f 1654 1649 1653
f 1654 1653 1655
f 1656 1657 1627
f 1627 1657 1658
f 1627 1658 1649
f 1649 1658 1659
f 1649 1659 1647
f 1656 1627 1660
f 1660 1627 1604
f 1660 1604 1603
f 1624 1626 1629
f 1629 1626 1633
f 1629 1633 1623
f 1623 1633 1635
f 1623 1635 1622
f 1622 1635 1637
f 1622 1637 1621
f 1294 1638 1295
f 1295 1638 1640
f 1295 1640 1643
f 1643 1640 1633
f 1643 1633 1649
f 1649 1633 1626
f 1649 1626 1627
f 1627 1626 1625
f 1627 1625 1616
f 1661 1662 1663
f 1661 1663 1666
f 1667 1669 1670
f 1670 1669 1663
f 1671 1672 1673
f 1675 1676 1678
f 1680 1682 1683
f 1667 1684 1669
f 1669 1684 1685
f 1669 1685 1686
f 1662 1687 1663
f 1663 1687 1688
f 1663 1688 1670
f 1671 1673 1689
f 1675 1678 1690
f 1691 1692 1695
f 1696 1698 1695
f 1695 1698 1699
f 1695 1699 1691
f 1680 1683 1700
f 1703 1704 1706
f 1706 1704 1707
f 1707 1708 1706
f 1706 1708 1709
f 1706 1709 1710
f 1711 1712 1703
f 1703 1712 1713
f 1672 1714 1673
f 1673 1714 1715
f 1673 1715 1716
f 1716 1717 1673
f 1673 1717 1718
f 1673 1718 1664
f 1663 1718 1719
f 1663 1719 1666
f 1721 1722 1723
f 1723 1724 1721
f 1721 1724 1725
f 1721 1725 1726
f 1727 1728 1721
f 1721 1728 1729
f 1721 1729 1673
f 1673 1729 1730
f 1673 1730 1689
f 1731 1732 1721
f 1721 1732 1733
f 1733 1734 1721
f 1721 1734 1735
f 1721 1735 1736
f 1736 1737 1721
f 1721 1737 1738
f 1721 1738 1722
f 1710 1739 1706
f 1706 1739 1740
f 1706 1740 1741
f 1713 1742 1703
f 1703 1742 1743
f 1703 1743 1704
f 1745 1746 1696
f 1696 1746 1747
f 1696 1747 1698
f 1683 1748 1700
f 1700 1748 1749
f 1700 1749 1745
f 1745 1749 1750
f 1745 1750 1746
f 1686 1751 1669
f 1669 1751 1752
f 1669 1752 1680
f 1680 1752 1753
f 1680 1753 1682
f 1726 1754 1721
f 1721 1754 1755
f 1721 1755 1727
f 1741 1756 1706
f 1706 1756 1757
f 1706 1757 1721
f 1721 1757 1758
f 1721 1758 1731
f 1676 1759 1678
f 1678 1759 1760
f 1678 1760 1703
f 1703 1760 1761
f 1703 1761 1711
f 1691 1762 1692
f 1692 1762 1763
f 1692 1763 1679
f 1678 1763 1764
f 1678 1764 1690
f 1496 1497 1686
f 1686 1685 1496
f 1496 1685 1684
f 1496 1684 1498
f 1498 1684 1667
f 1498 1667 1499
f 1499 1667 1670
f 1499 1670 1500
f 1500 1670 1688
f 1500 1688 1501
f 1501 1688 1687
f 1501 1687 1502
f 1502 1687 1662
f 1502 1662 1503
f 1503 1662 1661
f 1503 1661 1504
f 1504 1661 1666
f 1504 1666 1384
f 1384 1666 1719
f 1384 1719 1394
f 1394 1719 1718
f 1394 1718 1392
f 1392 1718 1717
f 1392 1717 1390
f 1390 1717 1716
f 1390 1716 1401
f 1401 1716 1715
f 1401 1715 1399
f 1399 1715 1714
f 1399 1714 1397
f 1397 1714 1672
f 1397 1672 1406
f 1406 1672 1671
f 1406 1671 1404
f 1404 1671 1689
f 1404 1689 1411
f 1411 1689 1730
f 1411 1730 1409
f 1409 1730 1729
f 1409 1729 1416
f 1416 1729 1728
f 1416 1728 1414
f 1414 1728 1727
f 1414 1727 1421
f 1421 1727 1755
f 1421 1755 1419
f 1419 1755 1754
f 1419 1754 1448
f 1448 1754 1726
f 1448 1726 1446
f 1446 1726 1725
f 1446 1725 1444
f 1444 1725 1724
f 1444 1724 1442
f 1442 1724 1723
f 1442 1723 1440
f 1440 1723 1722
f 1440 1722 1438
f 1438 1722 1738
f 1438 1738 1436
f 1436 1738 1737
f 1436 1737 1434
f 1434 1737 1736
f 1434 1736 1432
f 1432 1736 1735
f 1432 1735 1430
f 1430 1735 1734
f 1430 1734 1428
f 1428 1734 1733
f 1428 1733 1426
f 1426 1733 1732
f 1426 1732 1424
f 1424 1732 1731
f 1424 1731 1453
f 1453 1731 1758
f 1453 1758 1451
f 1451 1758 1757
f 1451 1757 1458
f 1458 1757 1756
f 1458 1756 1456
f 1456 1756 1741
f 1456 1741 1463
f 1463 1741 1740
f 1463 1740 1461
f 1461 1740 1739
f 1461 1739 1468
f 1468 1739 1710
f 1468 1710 1466
f 1466 1710 1709
f 1466 1709 1475
f 1475 1709 1708
f 1475 1708 1473
f 1473 1708 1707
f 1473 1707 1471
f 1471 1707 1704
f 1471 1704 1485
f 1485 1704 1743
f 1485 1743 1480
f 1480 1743 1742
f 1480 1742 1488
f 1488 1742 1713
f 1488 1713 1489
f 1489 1713 1712
f 1489 1712 1490
f 1490 1712 1711
f 1490 1711 1491
f 1491 1711 1761
f 1491 1761 1492
f 1492 1761 1760
f 1492 1760 1493
f 1493 1760 1759
f 1493 1759 1494
f 1494 1759 1676
f 1494 1676 1495
f 1495 1676 1675
f 1495 1675 1307
f 1765 1294 1293
f 1747 1746 1765
f 1765 1293 1747
f 1747 1293 1299
f 1747 1299 1698
f 1698 1299 1297
f 1698 1297 1699
f 1699 1297 1296
f 1699 1296 1691
f 1691 1296 1303
f 1691 1303 1762
f 1762 1303 1302
f 1762 1302 1763
f 1763 1302 1301
f 1763 1301 1764
f 1764 1301 1305
f 1764 1305 1690
f 1690 1305 1307
f 1690 1307 1675
f 1767 1377 1383
f 1769 617 620
f 1771 619 616
f 1382 1380 1773
f 1773 1380 1379
f 1773 1379 1770
f 1770 1379 604
f 1770 604 618
f 1382 1773 1383
f 1383 1773 1775
f 1383 1775 1767
f 620 1311 1769
f 1769 1311 1309
f 1769 1309 1777
f 1777 1309 1308
f 1777 1308 1778
f 1778 1308 1313
f 1778 1313 1780
f 1780 1313 1314
f 1780 1314 1782
f 1782 1314 1320
f 1782 1320 1784
f 1784 1320 1322
f 1784 1322 1365
f 616 1768 1771
f 1771 1768 1776
f 1771 1776 1772
f 1772 1776 1779
f 1772 1779 1774
f 1774 1779 1781
f 1774 1781 1766
f 1766 1781 1783
f 1766 1783 1786
f 1786 1783 1785
f 1786 1785 1788
f 1788 1785 1364
f 1788 1364 1363
f 1377 1767 1378
f 1378 1767 1787
f 1378 1787 1373
f 1373 1787 1789
f 1373 1789 1375
f 1375 1789 1362
f 1375 1362 1361
f 1791 723 717
f 1630 761 722
f 1793 1581 1583
f 1793 1583 1795
f 1795 1583 1585
f 1795 1585 1797
f 1797 1585 1586
f 1797 1586 1588
f 1590 1798 1588
f 1588 1798 1800
f 1588 1800 1797
f 1590 1595 1798
f 1798 1595 1594
f 1798 1594 1802
f 1802 1594 1592
f 1802 1592 1620
f 716 1581 718
f 718 1581 1793
f 717 1792 1791
f 1791 1792 1794
f 1791 1794 1804
f 1804 1794 1796
f 1804 1796 1806
f 1806 1796 1801
f 1806 1801 1808
f 1808 1801 1799
f 1808 1799 1810
f 1810 1799 1803
f 1810 1803 1813
f 1813 1803 1619
f 1813 1619 1617
f 722 1790 1630
f 1630 1790 1805
f 1630 1805 1631
f 1631 1805 1807
f 1631 1807 1632
f 1632 1807 1809
f 1632 1809 1628
f 1628 1809 1811
f 1628 1811 1624
f 1624 1811 1812
f 1624 1812 1625
f 1625 1812 1618
f 1625 1618 1616
f 1765 1746 1750
f 1638 1294 1765
f 1765 1750 1638
f 1638 1750 1749
f 1638 1749 1639
f 1639 1749 1748
f 1639 1748 1641
f 1641 1748 1683
f 1641 1683 1642
f 1642 1683 1682
f 1642 1682 1634
f 1634 1682 1753
f 1634 1753 1636
f 1636 1753 1752
f 1636 1752 1637
f 1637 1752 1751
f 1637 1751 1621
f 1621 1751 1686
f 1621 1686 1497
f 1814 1815 1818
f 1818 1815 1821
f 1818 1821 1822
f 1 7 1823
f 1 1823 1826
f 1827 1824 1829
f 1827 1829 1831
f 1831 1829 1832
f 1832 1829 1834
f 1832 1834 1836
f 1836 1834 1837
f 1837 1834 1815
f 1837 1815 1814
f 1100 1118 1839
f 1100 1839 1841
f 1840 1838 1843
f 1840 1843 1845
f 1844 1842 1846
f 1844 1846 1847
f 1848 1849 1850
f 1850 1849 1851
f 1851 1849 1852
f 1852 1849 1853
f 1852 1853 1854
f 1854 1853 1855
f 1854 1855 1856
f 1856 1855 1857
f 1856 1857 1858
f 1857 1860 1858
f 1858 1860 1083
f 1858 1083 1082
f 358 356 1861
f 354 352 1864
f 372 371 1865
f 369 367 1868
f 382 380 1869
f 378 376 1872
f 394 393 1873
f 391 389 1876
f 404 402 1878
f 400 398 1879
f 416 415 1882
f 413 411 1884
f 426 424 1886
f 422 420 1887
f 1573 1571 1889
f 1577 1575 1890
f 1562 1580 1891
f 1566 1564 1892
f 1569 1568 1893
f 1557 1555 1894
f 1560 1559 1896
f 1544 1543 1897
f 1551 1550 1899
f 1534 1532 1901
f 1538 1536 1902
f 1521 1541 1903
f 1528 1527 1905
f 1513 1511 1907
f 1517 1515 1908
f 1521 1903 1523
f 1544 1897 1546
f 1509 1528 1909
f 1909 1528 1905
f 1909 1905 1911
f 1911 1905 1912
f 1910 1913 1915
f 1915 1913 1883
f 1530 1551 1916
f 1916 1551 1899
f 1916 1899 1917
f 1917 1899 1919
f 1918 1920 1922
f 1922 1920 1875
f 1553 1569 1923
f 1923 1569 1893
f 1923 1893 1925
f 1925 1893 1927
f 1924 1926 1928
f 1928 1926 1867
f 939 1519 943
f 943 1519 1930
f 942 1931 946
f 946 1931 1933
f 947 1932 950
f 950 1932 1888
f 951 1887 418
f 418 1887 420
f 1519 1517 1930
f 1930 1517 1908
f 1931 1908 1933
f 1933 1908 1935
f 1932 1934 1888
f 1888 1934 1885
f 1887 1886 422
f 422 1886 424
f 427 426 1937
f 1937 426 1886
f 1936 1885 1938
f 1938 1885 1934
f 1939 1935 1907
f 1907 1935 1908
f 1907 1908 1513
f 1513 1908 1515
f 1511 1509 1906
f 1906 1509 1909
f 1907 1909 1939
f 1939 1909 1911
f 1938 1910 1936
f 1936 1910 1915
f 1937 1914 427
f 427 1914 407
f 1884 411 1914
f 1914 411 409
f 1914 409 407
f 415 413 1882
f 1882 413 1884
f 1881 1883 1941
f 1941 1883 1913
f 1940 1912 1942
f 1942 1912 1905
f 1942 1905 1525
f 1525 1905 1527
f 396 416 1944
f 1944 416 1882
f 1943 1881 1946
f 1946 1881 1941
f 1945 1940 1904
f 1904 1940 1942
f 1903 1942 1523
f 1523 1942 1525
f 1541 1540 1903
f 1903 1540 1948
f 1904 1947 1945
f 1945 1947 1949
f 1946 1950 1943
f 1943 1950 1880
f 1944 1879 396
f 396 1879 398
f 1540 1538 1947
f 1947 1538 1902
f 1947 1902 1949
f 1949 1902 1952
f 1950 1951 1880
f 1880 1951 1877
f 1879 1878 400
f 400 1878 402
f 405 404 1953
f 1953 404 1878
f 1954 1877 1955
f 1955 1877 1951
f 1956 1952 1901
f 1901 1952 1902
f 1901 1902 1534
f 1534 1902 1536
f 1532 1530 1900
f 1900 1530 1916
f 1901 1916 1956
f 1956 1916 1917
f 1955 1918 1954
f 1954 1918 1922
f 1953 1921 405
f 405 1921 385
f 1876 389 1921
f 1921 389 387
f 1921 387 385
f 393 391 1873
f 1873 391 1876
f 1874 1875 1957
f 1957 1875 1920
f 1958 1919 1959
f 1959 1919 1899
f 1959 1899 1548
f 1548 1899 1550
f 374 394 1960
f 1960 394 1873
f 1961 1874 1962
f 1962 1874 1957
f 1963 1958 1898
f 1898 1958 1959
f 1897 1959 1546
f 1546 1959 1548
f 1543 1507 1897
f 1897 1507 1964
f 1898 1964 1963
f 1963 1964 1966
f 1962 1965 1961
f 1961 1965 1871
f 1960 1872 374
f 374 1872 376
f 1507 1560 1964
f 1964 1560 1896
f 1964 1896 1966
f 1966 1896 1968
f 1965 1967 1871
f 1871 1967 1870
f 1872 1869 378
f 378 1869 380
f 383 382 1969
f 1969 382 1869
f 1970 1870 1971
f 1971 1870 1967
f 1972 1968 1894
f 1894 1968 1896
f 1894 1896 1557
f 1557 1896 1559
f 1555 1553 1895
f 1895 1553 1923
f 1894 1923 1972
f 1972 1923 1925
f 1971 1924 1970
f 1970 1924 1928
f 1969 1929 383
f 383 1929 363
f 1868 367 1929
f 1929 367 365
f 1929 365 363
f 1568 1566 1893
f 1893 1566 1892
f 1893 1892 1927
f 1927 1892 1973
f 1926 1974 1867
f 1867 1974 1866
f 1868 1865 369
f 369 1865 371
f 350 372 1975
f 1975 372 1865
f 1976 1866 1977
f 1977 1866 1974
f 1978 1973 1891
f 1891 1973 1892
f 1891 1892 1562
f 1562 1892 1564
f 1580 1579 1891
f 1891 1579 1979
f 1891 1980 1978
f 1978 1980 1982
f 1977 1981 1976
f 1976 1981 1863
f 1975 1864 350
f 350 1864 352
f 1579 1577 1980
f 1980 1577 1890
f 1980 1890 1982
f 1982 1890 1984
f 1981 1983 1863
f 1863 1983 1862
f 1864 1861 354
f 354 1861 356
f 360 358 1985
f 1985 358 1861
f 1986 1862 1987
f 1987 1862 1983
f 1988 1984 1889
f 1889 1984 1890
f 1889 1890 1573
f 1573 1890 1575
f 1571 909 1889
f 1889 909 898
f 1889 897 1988
f 1988 897 901
f 1987 902 1986
f 1986 902 906
f 1985 905 360
f 360 905 361
f 1341 1342 1989
f 2 1 1992
f 1992 1 1994
f 1993 1995 1997
f 1997 1995 1999
f 1996 1998 1325
f 1325 1998 1326
f 8 2 2002
f 2002 2 1992
f 2000 1993 1991
f 1991 1993 1997
f 1989 1996 1341
f 1341 1996 1325
f 2004 1329 1330
f 2007 2005 2009
f 1837 1814 2011
f 2011 1814 2006
f 2004 1330 2008
f 2008 1330 1331
f 2008 1331 2014
f 2014 1331 1333
f 2014 1333 2015
f 2015 1333 1332
f 2015 1332 2018
f 2018 1332 1326
f 2018 1326 1998
f 2007 2009 2012
f 2012 2009 2013
f 2012 2013 2019
f 2019 2013 2016
f 2019 2016 2022
f 2022 2016 2017
f 2022 2017 2024
f 2024 2017 1999
f 2024 1999 1995
f 1837 2010 1836
f 1836 2010 2020
f 1836 2020 1832
f 1832 2020 2021
f 1832 2021 1831
f 1831 2021 2023
f 1831 2023 1826
f 1826 2023 1994
f 1826 1994 1
f 13 8 2026
f 2026 8 2002
f 2025 2003 2027
f 2028 2001 1990
f 2029 1989 1644
f 1644 1989 1342
f 14 13 2031
f 2031 13 2026
f 2030 2025 2032
f 2032 2025 2027
f 2033 2029 1646
f 1646 2029 1644
f 1818 1822 2034
f 2034 1822 2036
f 2035 2037 2039
f 2039 2037 2041
f 2040 2042 1328
f 1328 2042 1334
f 1814 1818 2006
f 2006 1818 2034
f 2007 2035 2005
f 2005 2035 2039
f 2004 2040 1329
f 1329 2040 1328
f 2033 1646 1654
f 2030 2032 2044
f 1214 14 2047
f 2047 14 2031
f 2033 1654 2043
f 2043 1654 1655
f 2043 1655 2049
f 2049 1655 1653
f 2049 1653 2051
f 2051 1653 1652
f 2051 1652 2052
f 2052 1652 1651
f 2052 1651 2055
f 2030 2044 2045
f 2045 2044 2048
f 2045 2048 2056
f 2056 2048 2050
f 2056 2050 2058
f 2058 2050 2053
f 2058 2053 2060
f 2060 2053 2054
f 2060 2054 2062
f 1214 2046 1213
f 1213 2046 2057
f 1213 2057 1209
f 1209 2057 2059
f 1209 2059 1208
f 1208 2059 2061
f 1208 2061 1203
f 1203 2061 2063
f 1203 2063 1195
f 2064 2066 2068
f 1318 1316 2070
f 2070 1316 2072
f 2071 2073 2075
f 2075 2073 2076
f 2074 2077 2078
f 2079 2080 2077
f 2077 2080 2081
f 2077 2081 2078
f 2067 1315 1337
f 2067 1337 2069
f 2069 1337 1336
f 2069 1336 2082
f 2082 1336 1334
f 2082 1334 2042
f 2064 2068 2085
f 2085 2068 2083
f 2085 2083 2086
f 2086 2083 2041
f 2086 2041 2037
f 1316 1315 2072
f 2072 1315 2067
f 2073 2066 2076
f 2076 2066 2064
f 2077 2065 2079
f 2079 2065 2084
f 2079 2084 2088
f 2088 2084 2087
f 2088 2087 2089
f 2089 2087 2038
f 2090 2036 1822
f 1198 1195 2091
f 2091 1195 2063
f 2092 2062 2093
f 2093 2062 2054
f 2094 2055 1650
f 1650 2055 1651
f 1199 1198 2095
f 2095 1198 2091
f 2096 2092 2097
f 2097 2092 2093
f 2098 2094 1648
f 1648 2094 1650
f 2099 2100 2101
f 2101 2100 2103
f 2102 2104 2105
f 2105 2104 2107
f 2106 2108 1319
f 1319 2108 1324
f 2078 2099 2074
f 2074 2099 2101
f 2075 2102 2071
f 2071 2102 2105
f 2070 2106 1318
f 1318 2106 1319
f 2109 2110 2113
f 2110 1199 2112
f 2112 1199 2095
f 2111 2096 2115
f 2115 2096 2097
f 2114 2098 1647
f 1647 2098 1648
f 2116 2109 2118
f 2118 2109 2113
f 2117 2111 2119
f 2119 2111 2115
f 2120 2114 1659
f 1659 2114 1647
f 1659 1658 2120
f 2120 1658 2121
f 2119 2122 2117
f 2117 2122 2124
f 2118 2125 2116
f 2126 2127 2125
f 2125 2127 2128
f 2125 2128 2116
f 2130 2131 2133
f 2133 2131 2135
f 2134 2136 1656
f 1656 2136 1657
f 1658 1657 2121
f 2121 1657 2136
f 2122 2135 2124
f 2124 2135 2131
f 2123 2132 2126
f 2126 2132 2129
f 2126 2129 2137
f 2139 2140 2142
f 2144 2138 2146
f 1354 2148 1350
f 1350 2148 2143
f 1350 2143 1346
f 1346 2143 2141
f 1346 2141 1347
f 1359 2149 1353
f 1354 2150 2153
f 1354 2153 2148
f 1359 1360 2149
f 2151 1360 1324
f 2151 1324 2108
f 2139 2142 2145
f 2145 2142 2147
f 2145 2147 2156
f 2156 2147 2154
f 2156 2154 2158
f 2158 2154 2152
f 2158 2152 2160
f 2160 2152 2107
f 2160 2107 2104
f 2144 2146 2161
f 2161 2146 2155
f 2161 2155 2162
f 2162 2155 2157
f 2162 2157 2163
f 2163 2157 2159
f 2163 2159 2164
f 2164 2159 2103
f 2164 2103 2100
f 2165 2137 2167
f 2167 2137 2129
f 2166 2130 2169
f 2169 2130 2133
f 2168 2134 1660
f 1660 2134 1656
f 2170 2165 2172
f 2172 2165 2167
f 2171 2166 2174
f 2174 2166 2169
f 2173 2168 1603
f 1603 2168 1660
f 2144 1846 2176
f 2144 2176 2138
f 2139 2175 2177
f 2139 2177 2140
f 2141 2178 1370
f 2141 1370 1347
f 2173 1603 1602
f 2171 2174 2181
f 2170 2172 2182
f 2173 1602 2180
f 2180 1602 1605
f 2179 1606 2184
f 2184 1606 1610
f 2186 1609 2188
f 2188 1609 2189
f 2189 1609 1613
f 2189 1613 1615
f 1615 1598 2190
f 2190 1598 2191
f 2190 2191 2192
f 2171 2181 2183
f 2183 2181 2185
f 2183 2185 2195
f 2195 2185 2187
f 2195 2187 2197
f 2197 2187 2190
f 2197 2190 2199
f 2199 2190 2192
f 2199 2192 2201
f 2170 2182 2202
f 2202 2182 2194
f 2202 2193 2203
f 2203 2193 2196
f 2203 2196 2204
f 2204 2196 2198
f 2204 2198 2205
f 2205 2198 2200
f 2205 2200 2206
f 1367 1369 2207
f 2207 1369 2208
f 2207 2208 2210
f 2210 2208 2211
f 2211 2208 2213
f 2211 2213 2214
f 2214 2213 2215
f 2215 2213 1839
f 2215 1839 1118
f 1369 1368 2209
f 2209 1368 2217
f 2208 2216 2213
f 2213 2216 2219
f 2212 2218 1838
f 1838 2218 1843
f 1368 1370 2217
f 2217 1370 2178
f 2216 2177 2219
f 2219 2177 2175
f 2220 2176 1842
f 1842 2176 1846
f 1848 2206 2200
f 1848 2200 2222
f 2221 2201 2192
f 2221 2192 2223
f 2223 2192 2191
f 2223 2191 2224
f 2225 2191 1598
f 2225 1598 1599
f 1117 2226 1118
f 1118 2226 2215
f 2215 2226 2214
f 2214 2226 2228
f 2214 2227 2211
f 2211 2227 2229
f 2211 2229 2210
f 2210 2229 2230
f 2210 2230 2207
f 2230 2231 2207
f 2207 2231 1366
f 2207 1366 1367
f 1855 1853 2232
f 1849 1848 2222
f 1601 1597 2236
f 2236 1597 2238
f 2235 2237 2239
f 2239 2237 2240
f 2239 2240 2243
f 2242 2240 2244
f 1853 1849 2234
f 2234 1849 2222
f 2233 2221 2245
f 2245 2221 2223
f 2245 2223 2247
f 2247 2223 2224
f 2246 2225 1600
f 1600 2225 1599
f 1857 1855 2241
f 2241 1855 2232
f 2241 2232 2239
f 2239 2232 2245
f 2239 2245 2235
f 2235 2245 2247
f 2236 2246 1601
f 1601 2246 1600
f 2244 1083 2242
f 2241 1084 1859
f 2241 1859 1857
f 2226 1117 1116
f 2229 2227 2249
f 2231 2230 2250
f 985 984 2252
f 983 990 2254
f 991 605 1371
f 991 1371 2253
f 2253 1371 1381
f 2253 1381 2256
f 2256 1381 1376
f 2256 1376 2257
f 2257 1376 1372
f 2257 1372 2260
f 2260 1372 1374
f 2260 1374 2250
f 2250 1374 1366
f 2250 1366 2231
f 983 2254 2251
f 2251 2254 2255
f 2251 2255 2261
f 2261 2255 2258
f 2261 2258 2264
f 2264 2258 2259
f 2264 2259 2266
f 2266 2259 2250
f 2266 2250 2249
f 2249 2250 2230
f 2249 2230 2229
f 985 2252 1103
f 1103 2252 2262
f 1103 2262 1110
f 1110 2262 2263
f 1110 2263 1112
f 1112 2263 2265
f 1112 2265 1114
f 1114 2265 2248
f 1114 2248 1116
f 1116 2248 2228
f 1116 2228 2226
f 1085 1083 2244
f 1085 2244 2267
f 2267 2244 2240
f 2267 2240 2268
f 2268 2240 2237
f 2268 2237 2270
f 2269 2238 1597
f 2270 1597 1591
f 1015 998 2272
f 2268 2270 2274
f 2270 1591 1593
f 1085 2267 2276
f 2275 2267 2268
f 2270 1593 2274
f 2273 1593 1589
f 2273 1589 2277
f 2277 1589 1587
f 2277 1587 2279
f 2279 1587 1584
f 2279 1584 2281
f 2281 1584 1582
f 2281 1582 2283
f 2283 1582 778
f 2283 778 1016
f 2268 2274 2275
f 2275 2274 2278
f 2275 2278 2286
f 2286 2278 2280
f 2286 2280 2287
f 2287 2280 2282
f 2287 2282 2289
f 2289 2282 2284
f 2289 2284 2272
f 2272 2284 1016
f 2272 1016 1015
f 1085 2276 1089
f 1089 2276 2285
f 1089 2285 1091
f 1091 2285 2288
f 1091 2288 1093
f 1093 2288 2290
f 1093 2290 1095
f 1095 2290 2271
f 1095 2271 1081
f 1081 2271 999
f 1081 999 997
f 154 155 2292
f 2292 155 2293
f 2291 2293 2295
f 2295 2293 2297
f 2294 2296 2299
f 2299 2296 2301
f 2298 2300 1482
f 1482 2300 1481
f 160 154 1036
f 1036 154 2292
f 1035 2291 1040
f 1040 2291 2295
f 1039 2294 1043
f 1043 2294 2299
f 1042 2298 612
f 612 2298 1482
f 1223 1224 2302
f 2303 1226 1227
f 2304 2305 1484
f 1484 2305 1486
f 1227 2306 2303
f 2303 2306 2307
f 2303 2307 2308
f 2308 2307 2309
f 2308 2309 2304
f 2304 2309 2310
f 2304 2310 2305
f 1225 1226 2311
f 2311 1226 2303
f 2311 2303 2312
f 2312 2303 2308
f 2312 2308 2313
f 2313 2308 2304
f 2313 2304 1483
f 1483 2304 1484
f 1224 1225 2302
f 2302 1225 2311
f 2302 2311 2314
f 2314 2311 2312
f 2314 2312 2315
f 2315 2312 2313
f 2315 2313 1479
f 1479 2313 1483
f 1222 1223 2317
f 2317 1223 2302
f 2316 2302 2318
f 2318 2302 2314
f 2318 2314 2319
f 2319 2314 2315
f 2319 2315 1478
f 1478 2315 1479
f 155 1222 2293
f 2293 1222 2317
f 2293 2317 2297
f 2296 2316 2318
f 2296 2318 2301
f 2300 2318 2319
f 2300 2319 1481
f 1481 2319 1478
f 136 140 2321
f 2321 140 1075
f 2320 1077 2323
f 2323 1077 1078
f 2322 1079 2325
f 2325 1079 1080
f 2324 1080 1389
f 1389 1080 678
f 133 136 2326
f 2326 136 2321
f 2327 2320 2329
f 2329 2320 2323
f 2328 2322 2330
f 2330 2322 2325
f 2331 2324 1388
f 1388 2324 1389
f 2332 2333 2334
f 2334 2333 2336
f 2334 2336 1393
f 1393 2336 1395
f 2337 2338 2339
f 2339 2338 2332
f 1518 1215 2337
f 1393 1391 2335
f 2335 1391 1403
f 2335 1403 2340
f 2340 1403 1402
f 2340 1402 2342
f 1402 1400 2342
f 2341 1400 1398
f 2341 1398 2343
f 2343 1398 1408
f 2343 1408 2345
f 1408 1407 2345
f 2344 1407 1405
f 2344 1405 2346
f 2346 1405 1413
f 2346 1413 2348
f 1413 1412 2348
f 2347 1412 1410
f 2347 1410 2349
f 2349 1410 1418
f 2349 1418 2351
f 1418 1417 2351
f 2350 1417 1415
f 2350 1415 2352
f 2352 1415 1423
f 2352 1423 2354
f 1423 1422 2354
f 2353 1422 1420
f 2353 1420 2355
f 2355 1420 1450
f 2355 1450 2357
f 1450 1449 2357
f 2356 1449 1447
f 2356 1447 2358
f 2358 1447 1445
f 2358 1445 2361
f 2361 1445 1443
f 2361 1443 2363
f 2363 1443 1441
f 2363 1441 2365
f 2365 1441 1439
f 2365 1439 2366
f 2366 1439 1437
f 2366 1437 2368
f 2368 1437 1435
f 2368 1435 2371
f 2371 1435 1433
f 2371 1433 2372
f 2372 1433 1431
f 2372 1431 2375
f 2375 1431 1429
f 2375 1429 2376
f 2376 1429 1427
f 2376 1427 2377
f 1427 1425 2378
f 2378 1425 1455
f 2378 1455 2379
f 2379 1455 1454
f 2379 1454 2381
f 1454 1452 2380
f 2380 1452 1460
f 2380 1460 2382
f 2382 1460 1459
f 2382 1459 2383
f 1459 1457 2384
f 2384 1457 1465
f 2384 1465 2385
f 2385 1465 1464
f 2385 1464 2386
f 1464 1462 2387
f 2387 1462 1470
f 2387 1470 2388
f 2388 1470 1469
f 2388 1469 2389
f 1469 1467 2390
f 2390 1467 1477
f 2390 1477 2391
f 2391 1477 1476
f 2391 1476 2392
f 2332 2334 2339
f 2339 2334 2340
f 2339 2340 2394
f 2394 2340 2342
f 2394 2342 2397
f 2397 2342 2343
f 2397 2343 2399
f 2399 2343 2345
f 2399 2345 2401
f 2401 2345 2346
f 2401 2346 2403
f 2403 2346 2348
f 2403 2348 2405
f 2405 2348 2349
f 2405 2349 2407
f 2407 2349 2351
f 2407 2351 2409
f 2409 2351 2352
f 2409 2352 2411
f 2411 2352 2354
f 2411 2354 2413
f 2413 2354 2355
f 2413 2355 2415
f 2415 2355 2357
f 2415 2357 2417
f 2417 2357 2359
f 2417 2359 2418
f 2418 2359 2360
f 2418 2360 2421
f 2421 2360 2362
f 2421 2362 2423
f 2423 2362 2364
f 2423 2364 2424
f 2424 2364 2367
f 2424 2367 2426
f 2426 2367 2369
f 2426 2369 2428
f 2428 2369 2370
f 2428 2370 2430
f 2430 2370 2373
f 2430 2373 2433
f 2433 2373 2374
f 2433 2374 2434
f 2434 2374 2376
f 2434 2376 2437
f 2437 2376 2377
f 2437 2377 2438
f 2438 2377 2379
f 2438 2379 2440
f 2440 2379 2381
f 2440 2381 2443
f 2443 2381 2382
f 2443 2382 2444
f 2444 2382 2383
f 2444 2383 2447
f 2447 2383 2385
f 2447 2385 2449
f 2449 2385 2386
f 2449 2386 2451
f 2451 2386 2388
f 2451 2388 2453
f 2453 2388 2389
f 2453 2389 2454
f 2454 2389 2391
f 2454 2391 2456
f 2456 2391 2392
f 2456 2392 2458
f 2458 2392 2460
f 2458 2460 2461
f 1486 2305 1487
f 1487 2305 2460
f 1487 2460 1472
f 1472 2460 2393
f 1472 2393 1474
f 1474 2393 1476
f 2305 2310 2460
f 2460 2310 2309
f 2460 2309 2461
f 2461 2309 2307
f 2461 2307 2306
f 2337 2339 1518
f 1518 2339 2395
f 1518 2395 1516
f 1516 2395 2396
f 1516 2396 1514
f 1514 2396 2398
f 1514 2398 1512
f 1512 2398 2400
f 1512 2400 1510
f 1510 2400 2402
f 1510 2402 1508
f 1508 2402 2404
f 1508 2404 1526
f 1526 2404 2406
f 1526 2406 1524
f 1524 2406 2408
f 1524 2408 1522
f 1522 2408 2410
f 1522 2410 1520
f 1520 2410 2412
f 1520 2412 1539
f 1539 2412 2414
f 1539 2414 1537
f 1537 2414 2416
f 1537 2416 1535
f 1535 2416 2419
f 1535 2419 1533
f 1533 2419 2420
f 1533 2420 1531
f 1531 2420 2422
f 1531 2422 1529
f 1529 2422 2425
f 1529 2425 1549
f 1549 2425 2427
f 1549 2427 1547
f 1547 2427 2429
f 1547 2429 1545
f 1545 2429 2431
f 1545 2431 1542
f 1542 2431 2432
f 1542 2432 1505
f 1505 2432 2435
f 1505 2435 1506
f 1506 2435 2436
f 1506 2436 1558
f 1558 2436 2439
f 1558 2439 1556
f 1556 2439 2441
f 1556 2441 1554
f 1554 2441 2442
f 1554 2442 1552
f 1552 2442 2445
f 1552 2445 1567
f 1567 2445 2446
f 1567 2446 1565
f 1565 2446 2448
f 1565 2448 1563
f 1563 2448 2450
f 1563 2450 1561
f 1561 2450 2452
f 1561 2452 1578
f 1578 2452 2455
f 1578 2455 1576
f 1576 2455 2457
f 1576 2457 1574
f 1574 2457 2459
f 1574 2459 1572
f 1572 2459 2461
f 1572 2461 1570
f 1570 2461 2306
f 1570 2306 1227
f 1220 1219 2463
f 1219 133 2463
f 2463 133 2326
f 2462 2327 2464
f 2464 2327 2329
f 2465 2328 2466
f 2466 2328 2330
f 2466 2331 1387
f 1387 2331 1388
f 1221 1220 2468
f 2468 1220 2463
f 2467 2462 2471
f 2471 2462 2464
f 2470 2465 2472
f 2472 2465 2466
f 2472 2466 1386
f 1386 2466 1387
f 1386 1385 2472
f 2472 1385 2473
f 2472 2473 2470
f 2470 2473 2474
f 2470 2474 2469
f 2469 2474 2475
f 2468 2476 1221
f 1216 1217 2476
f 2476 1217 1218
f 2476 1218 1221
f 2477 1396 1395
f 1395 2336 2477
f 2477 2336 2333
f 2477 2333 2478
f 2337 2479 2338
f 2338 2479 2478
f 2338 2478 2332
f 2332 2478 2333
f 1385 1396 2473
f 2473 1396 2477
f 2473 2477 2474
f 2474 2477 2478
f 2474 2478 2476
f 2476 2478 2479
f 2476 2479 1216
f 1216 2479 2337
f 1216 2337 1215
f 2481 507 532
f 2480 528 2484
f 530 2486 2493
f 2491 2494 529
f 531 2495 2498
f 533 2499 2483
f 2500 2501 2502
f 2502 2501 2506
f 2502 2506 2508
f 2508 2506 2510
f 2508 2510 2511
f 2512 2514 2516
f 2516 2514 2519
f 2516 2519 2520
f 2522 2524 2531
f 2522 2533 2524
f 2524 2533 2534
f 2524 2534 2537
f 2534 2540 2537
f 2537 2540 2543
f 2537 2543 2546
f 2543 2554 2546
f 2546 2554 2555
f 2546 2555 2560
f 2555 2561 2560
f 2560 2561 2563
f 2560 2563 2569
f 2563 2570 2569
f 2569 2570 2573
f 2569 2573 2577
f 2573 2578 2577
f 2577 2578 2580
f 2577 2580 2588
f 2580 2593 2588
f 2588 2593 2595
f 2588 2595 2600
f 2595 2602 2600
f 2600 2602 2604
f 2600 2604 2606
f 2604 2607 2606
f 2606 2607 2609
f 2606 2609 2613
f 2609 2614 2613
f 2613 2614 2616
f 2613 2616 2619
f 2616 2622 2619
f 2619 2622 2625
f 2619 2625 2530
f 2530 2625 2626
f 2531 2627 2522
f 1702 1705 2623
f 2623 2617 1702
f 1702 2617 2615
f 1702 2615 1677
f 2615 2610 1677
f 1677 2610 2608
f 1677 2608 1693
f 2608 2603 1693
f 1693 2603 2601
f 1693 2601 1694
f 2601 2594 1694
f 1694 2594 2592
f 1694 2592 1697
f 1697 2592 2581
f 1697 2581 1744
f 2581 2579 1744
f 1744 2579 2572
f 1744 2572 1701
f 2572 2571 1701
f 1701 2571 2564
f 1701 2564 1681
f 2564 2562 1681
f 1681 2562 2556
f 1681 2556 1668
f 2556 2553 1668
f 1668 2553 2542
f 1668 2542 1665
f 2542 2541 1665
f 1665 2541 2535
f 1665 2535 1674
f 2535 2532 1674
f 1674 2532 2521
f 1674 2521 1720
f 1720 2521 2628
f 1720 2628 1705
f 1705 2628 2624
f 1705 2624 2623
f 1177 1190 2631
f 2635 99 2636
f 2636 99 106
f 2636 106 2638
f 2638 106 2640
f 1177 2631 2644
f 2640 106 2631
f 2631 106 2645
f 2631 2645 2644
f 96 2646 2651
f 2654 2659 117
f 96 2651 117
f 117 2651 2660
f 117 2660 2654
f 2655 2662 2665
f 2666 2669 2659
f 2659 2669 2670
f 2659 2670 117
f 2673 2677 2681
f 2682 2678 2685
f 2683 2684 2689
f 2691 2686 2696
f 2690 2695 2701
f 2700 2694 2703
f 2699 2704 2709
f 2715 2720 2722
f 2710 2705 2723
f 2725 2706 2729
f 2721 2736 2716
f 2663 2738 2732
f 2733 2739 2745
f 2734 2747 2749
f 2752 2754 2735
f 2731 2756 2760
f 2728 2763 2717
f 2766 1151 1164
f 2764 1161 2769
f 1160 1157 2767
f 2768 1158 1155
f 2771 1152 2772
f 1154 2779 2773
f 2774 2777 2784
f 2775 2781 2787
f 2786 2783 2793
f 2788 2792 2797
f 2794 2791 2798
f 2796 2799 2805
f 2802 2800 2676
f 2804 2675 2806
f 2807 2674 2671
f 481 2810 2817
f 2816 2809 2818
f 2828 2833 2835
f 2826 2839 2832
f 2830 2841 2842
f 2829 2843 2820
f 2819 2845 2848
f 2822 2846 2814
f 2850 2857 1182
f 1181 2858 2859
f 1186 2860 1192
f 2867 2871 2873
f 2876 2872 2879
f 2877 2878 1168
f 1167 2881 2883
f 1165 2885 1175
f 1173 2882 2890
f 1174 2889 1179
f 1180 2888 2893
f 1185 2895 2852
f 2875 2896 2869
f 2866 2899 2900
f 2868 2904 2905
f 2907 2901 2909
f 2908 2911 2836
f 2838 2910 2914
f 2834 2913 2823
f 2707 2667 2737
f 2730 2665 2662
f 2917 2790 2782
f 447 1292 1156
f 1156 1292 2916
f 1156 2916 2778
f 2778 2916 2780
f 2693 2687 2918
f 2918 2687 2679
f 2918 2679 2917
f 2917 2679 2801
f 2917 2801 2790
f 2669 2668 2918
f 2918 2668 2702
f 2918 2702 2693
f 2670 2669 2919
f 2919 2669 2918
f 2920 2918 2921
f 2921 2918 2917
f 2921 2916 1263
f 1263 2916 1292
f 117 2670 2922
f 2922 2670 2920
f 2922 2920 2923
f 2923 2920 2924
f 2924 2920 2921
f 2924 2921 2925
f 2925 2921 2926
f 2926 2921 1263
f 2926 1263 1257
f 2927 2928 106
f 2930 2931 2933
f 1234 1230 2934
f 2925 2926 2936
f 2936 2926 1257
f 1247 2932 1238
f 1238 2932 2929
f 1238 2929 1242
f 2937 2938 2936
f 2927 2933 2939
f 2939 2933 2931
f 2939 2931 2940
f 2941 2932 1247
f 2940 1247 1234
f 2942 2938 2943
f 2943 2938 2937
f 2943 2937 2944
f 1257 1253 2935
f 2935 1253 2945
f 2936 2946 2937
f 2937 2946 2947
f 2937 2947 2944
f 2944 2947 2948
f 1234 2934 2940
f 2940 2934 2949
f 2940 2949 2939
f 2939 2949 2950
f 2939 2950 2927
f 2927 2950 2951
f 2927 2951 2928
f 2925 2936 2924
f 2924 2936 2938
f 2924 2938 2923
f 2923 2938 2942
f 2923 2942 2922
f 2922 2942 118
f 2922 118 117
f 112 132 2948
f 2948 132 131
f 2948 131 2944
f 2944 131 130
f 2944 130 2943
f 2943 130 127
f 2943 127 2942
f 2942 127 123
f 2942 123 118
f 1253 1242 2945
f 2945 1242 2929
f 2946 2930 2947
f 2947 2930 2933
f 2947 2933 2948
f 2948 2933 2927
f 2948 2927 112
f 112 2927 106
f 106 2928 2645
f 2645 2928 2952
f 2928 2951 2952
f 2952 2951 2950
f 2952 2950 2953
f 1230 1229 2934
f 2934 1229 2954
f 2934 2953 2949
f 2949 2953 2950
f 1177 2644 1166
f 1170 2643 2959
f 1169 2958 2874
f 2915 2912 2962
f 2962 2912 2903
f 2960 2902 2956
f 2956 2902 2898
f 2958 2897 2874
f 2915 2962 2824
f 2824 2962 1289
f 2827 1291 482
f 2644 2645 2957
f 2957 2645 2952
f 2955 2952 2961
f 2961 2952 2953
f 2963 2954 1290
f 1290 2954 1229
f 2840 2825 483
f 482 480 2815
f 2813 2847 483
f 483 2847 2844
f 483 2844 2840
f 2650 2649 2964
f 2964 2649 2965
f 2964 2965 2968
f 2968 2965 2969
f 2969 2965 2971
f 2969 2971 2974
f 2974 2971 2508
f 2974 2508 2511
f 2519 2976 2520
f 2520 2976 2979
f 2979 2976 2980
f 2980 2976 2983
f 2980 2983 2984
f 2984 2983 2985
f 2985 2983 2633
f 2985 2633 2637
f 2770 2776 2986
f 2785 2987 2989
f 2672 2990 2996
f 3000 3004 2742
f 2740 3005 2746
f 2743 3006 2993
f 2744 2994 2751
f 2750 2995 2991
f 2748 2992 2753
f 2680 2692 3010
f 3009 2688 2697
f 3008 2698 2708
f 2719 2714 2724
f 2727 2718 2762
f 2726 2761 2713
f 2712 2759 2755
f 2711 2757 3007
f 3010 2758 2990
f 3010 2990 2680
f 2680 2990 2672
f 2789 2795 2987
f 2987 2795 2803
f 2987 2803 2808
f 2770 2986 2765
f 442 445 3011
f 3013 451 450
f 3015 3014 3017
f 3013 450 3018
f 3018 450 449
f 3018 449 3019
f 3019 449 442
f 3019 442 3022
f 3022 442 3011
f 3022 3011 2986
f 2986 3012 1150
f 2986 1150 2765
f 2660 3026 2654
f 2652 3027 3028
f 2653 3029 2656
f 2657 3031 3001
f 2658 2999 2664
f 2664 2999 2741
f 2776 2785 2986
f 2986 2785 2989
f 2986 2989 3022
f 3023 2988 3035
f 3021 3034 3020
f 3020 3034 3036
f 3020 3036 3017
f 3017 3036 3040
f 3017 3040 3015
f 3016 3039 3044
f 2808 2672 2987
f 2987 2672 2996
f 2987 2996 2989
f 2989 2996 3002
f 2988 3003 3035
f 3035 3003 2998
f 3033 2997 3038
f 3038 2997 3030
f 3037 3032 3041
f 3041 3032 3024
f 3041 3024 3043
f 3045 3025 2661
f 3042 2660 2651
f 3047 3048 3050
f 3016 3044 3052
f 2511 3053 2974
f 2974 3053 3054
f 2974 3054 2969
f 2969 3054 3056
f 2969 3056 2968
f 2968 3056 3051
f 2968 3051 2964
f 2964 3051 3046
f 2964 3046 2650
f 2511 3057 3053
f 3053 3057 3061
f 3053 3061 3054
f 3054 3061 3063
f 3054 3063 3055
f 3055 3063 3064
f 3055 3064 3052
f 3052 3064 3066
f 3052 3066 3016
f 3015 3067 3014
f 3059 3047 3060
f 3060 3047 3050
f 3060 3050 3062
f 3062 3050 3068
f 3062 3068 3065
f 3065 3068 3070
f 3065 3070 3067
f 3067 3070 3073
f 3067 3073 3014
f 3013 3072 451
f 451 3072 452
f 452 3072 3071
f 452 3071 453
f 453 3071 3069
f 453 3069 454
f 454 3069 3049
f 454 3049 455
f 455 3049 3048
f 455 3048 456
f 2510 2506 3074
f 3074 2506 3076
f 3075 3076 3077
f 3077 3076 3079
f 3078 3080 3081
f 3081 3080 3082
f 3081 3083 457
f 457 3083 458
f 2511 2510 3058
f 3058 2510 3074
f 3059 3075 3047
f 3047 3075 3077
f 3047 3078 3048
f 3048 3078 3081
f 3048 3081 456
f 456 3081 457
f 459 458 3084
f 3084 458 3083
f 3084 3083 3085
f 3085 3083 3079
f 3085 3079 3086
f 3086 3079 3076
f 2500 3086 2501
f 2501 3086 3076
f 2501 3076 2506
f 2500 3087 3086
f 3086 3087 3088
f 3086 3088 3085
f 3085 3088 3089
f 3085 3089 3084
f 460 459 3090
f 3090 459 3084
f 3090 3084 3091
f 3091 3084 3089
f 1143 1139 3092
f 3092 1139 300
f 3092 300 302
f 1121 1124 3093
f 3093 1124 1127
f 3093 1127 3092
f 3092 1127 1147
f 3092 1147 1143
f 3095 1135 1132
f 3095 1132 3093
f 3093 1132 1129
f 3093 1129 1121
f 460 3092 461
f 461 3092 302
f 461 302 282
f 460 3090 3092
f 3092 3090 3091
f 3092 3091 3093
f 3093 3091 3089
f 2500 3095 3087
f 3087 3095 3093
f 3087 3093 3088
f 3088 3093 3089
f 3099 3101 3109
f 2894 2891 2884
f 2906 2837 3110
f 2811 3111 2821
f 2821 3111 3110
f 2821 3110 2831
f 2831 3110 2837
f 2886 2880 3113
f 3113 2880 2870
f 3113 2870 3117
f 478 3119 462
f 462 3119 3122
f 462 3122 463
f 463 3122 3112
f 463 3112 479
f 479 3112 2812
f 479 2812 480
f 478 3123 3119
f 3120 3124 3125
f 3120 3125 3121
f 3121 3125 3128
f 3121 3128 3111
f 3111 3128 3130
f 3111 3130 3110
f 3110 3130 3132
f 3110 3132 2906
f 2906 3132 3118
f 2906 3118 2865
f 2864 3117 2870
f 3124 3097 3125
f 3126 3098 3108
f 3126 3108 3129
f 3127 3107 3136
f 3127 3136 3131
f 3131 3136 3142
f 3131 3142 3133
f 3132 3141 3146
f 3132 3146 3118
f 3118 3146 3147
f 3118 3147 3116
f 2892 2887 2851
f 2853 2886 3113
f 2849 3115 2855
f 2854 3114 3150
f 2856 3148 2862
f 2863 3149 3145
f 2861 3143 1187
f 1188 3144 3138
f 1189 3139 2632
f 2629 3140 3137
f 2630 3134 2642
f 2641 3135 3106
f 2640 3105 2638
f 2639 3104 3103
f 2638 3102 2636
f 3151 3153 3155
f 3097 3124 3158
f 473 3160 474
f 474 3159 3161
f 474 3161 475
f 475 3161 3162
f 475 3162 476
f 476 3162 3157
f 476 3157 477
f 477 3157 3123
f 477 3123 478
f 473 3165 3160
f 3159 3164 3166
f 3159 3166 3161
f 3161 3166 3167
f 3161 3167 3163
f 3163 3167 3168
f 3163 3168 3158
f 3158 3168 3169
f 3158 3169 3097
f 3099 3170 3101
f 3164 3152 3166
f 3166 3151 3155
f 3166 3155 3167
f 3167 3155 3172
f 3167 3172 3168
f 3168 3172 3176
f 3168 3176 3171
f 3170 3175 3178
f 3170 3178 3101
f 3100 3177 2637
f 2637 3177 2985
f 2985 3177 3174
f 2985 3174 2984
f 2984 3174 3173
f 2984 3173 2980
f 2980 3173 3156
f 2980 3156 2979
f 2979 3156 3154
f 2979 3154 2520
f 469 468 3179
f 3179 468 3180
f 3179 3181 3182
f 3182 3181 3185
f 3183 3184 3186
f 3186 3184 3187
f 3186 3187 2516
f 2516 3187 2512
f 473 469 3165
f 3165 469 3179
f 3165 3179 3151
f 3151 3179 3182
f 3151 3182 3153
f 3154 3183 3186
f 3154 3186 2520
f 2520 3186 2516
f 3188 2512 3189
f 3189 2512 3187
f 3190 3187 3191
f 3191 3187 3184
f 3191 3185 3192
f 3192 3185 3181
f 465 3192 466
f 466 3192 3180
f 466 3180 468
f 465 3193 3192
f 3192 3193 3194
f 3192 3194 3191
f 3191 3194 3195
f 3191 3195 3190
f 3196 3188 3198
f 3198 3188 3190
f 3198 3190 3199
f 3199 3190 3195
f 3198 3199 3200
f 2492 2489 3201
f 2485 2497 3200
f 3200 2497 2496
f 3200 2496 2492
f 470 472 3205
f 3205 472 506
f 3205 506 2482
f 2492 3201 3200
f 3200 3201 3196
f 3200 3196 3198
f 3199 3195 3200
f 3200 3195 3205
f 3200 3205 2485
f 2485 3205 2482
f 465 470 3193
f 3193 470 3205
f 3193 3205 3194
f 3194 3205 3195
f 225 223 246
f 38 36 3206
f 295 283 1134
f 1138 40 297
f 294 41 3207
f 296 3209 265
f 264 3208 3212
f 3211 3215 263
f 262 3214 3218
f 261 3217 256
f 3221 226 247
f 3221 247 259
f 3221 259 258
f 3221 258 3222
f 3222 258 256
f 3222 256 3225
f 3225 256 3217
f 3226 15 17
f 3227 3228 3229
f 3229 3228 3226
f 3229 3226 3231
f 3231 3226 17
f 840 226 3221
f 1097 849 847
f 1099 846 3221
f 3221 846 841
f 3221 841 840
f 2205 2206 3234
f 3234 3238 2137
f 2206 1848 3235
f 3235 1848 1850
f 3235 1850 3239
f 2137 2165 3234
f 3234 2165 2170
f 3234 2170 2202
f 2202 2203 3234
f 3234 2203 2204
f 3234 2204 2205
f 2137 3238 2126
f 2126 3238 3241
f 2109 2116 3247
f 3247 2116 2128
f 3247 2128 3241
f 3241 2128 2127
f 3241 2127 2126
f 2109 3247 2110
f 2110 3247 1196
f 2110 1196 1199
f 2487 535 527
f 544 164 161
f 162 3248 543
f 543 3248 545
f 545 3248 547
f 547 3248 549
f 549 3248 3251
f 549 3251 552
f 3256 504 3259
f 3259 504 501
f 3259 501 3260
f 3260 501 552
f 3260 552 3262
f 3262 552 3251
f 2488 526 66
f 3264 3268 3271
f 3269 3277 3272
f 3274 3278 56
f 3275 57 65
f 3266 3273 3279
f 3280 3270 64
f 3281 60 3257
f 3255 61 525
f 3254 524 503
f 3283 3284 3285
f 51 47 3288
f 3288 47 3283
f 3288 3283 3291
f 3291 3283 3285
f 1822 1821 3296
f 1822 3296 2090
f 2089 3297 3299
f 2089 3299 2088
f 2088 3299 2079
f 2079 3299 3302
f 2079 3302 2080
f 2080 3302 2081
f 2081 3302 3307
f 2081 3307 2078
f 1846 2144 1847
f 1847 2144 3309
f 1847 3309 3311
f 2078 3307 2099
f 2099 3307 3309
f 2099 3309 2100
f 2100 3309 2144
f 2163 2164 2162
f 2162 2164 2100
f 2162 2100 2161
f 2161 2100 2144
f 162 806 3248
f 3248 806 811
f 3248 811 1105
f 1104 810 812
f 1107 813 816
f 1850 1851 3239
f 3239 1851 3313
f 1851 1852 3313
f 3313 1852 1854
f 3313 1854 3315
f 1082 1086 1858
f 1858 1086 3314
f 1858 3315 1856
f 1856 3315 1854
f 1101 1100 1841
f 1101 1841 3316
f 3317 1840 1845
f 3317 1845 3318
f 3319 1844 1847
f 3319 1847 3311
f 3229 3231 3321
f 3229 3321 3325
f 3324 3322 3328
f 3324 3328 3330
f 3329 3326 3334
f 3329 3334 3336
f 3336 3332 3235
f 3336 3235 3239
f 3210 37 45
f 3337 3220 3223
f 3338 3339 3342
f 3341 3340 1087
f 3343 3344 3338
f 3223 3224 3337
f 3337 3224 3219
f 3337 3219 3216
f 3213 3210 3345
f 3345 3210 45
f 3345 45 3347
f 3347 45 46
f 46 30 3347
f 3348 30 29
f 3348 29 3349
f 15 3344 16
f 16 3344 3343
f 16 3343 28
f 28 3343 3351
f 28 3351 27
f 27 3351 3349
f 27 3349 23
f 23 3349 29
f 3338 3342 3343
f 3343 3342 3353
f 3343 3353 3352
f 3352 3353 3356
f 3352 3356 3350
f 3350 3356 3357
f 3350 3357 3346
f 3346 3357 3337
f 3346 3337 3345
f 3345 3337 3216
f 3345 3216 3213
f 1087 1088 3341
f 3341 1088 1090
f 3341 1090 3354
f 3354 1090 1092
f 3354 1092 3355
f 3355 1092 1094
f 3355 1094 3358
f 3358 1094 1096
f 3358 1096 3337
f 3337 1096 1098
f 3337 1098 3220
f 3314 1086 3360
f 3360 1086 3362
f 3361 3363 3364
f 3364 3363 3367
f 3364 3367 3369
f 3369 3367 3371
f 3370 3371 3228
f 3228 3371 3226
f 3313 3315 3372
f 3372 3315 3359
f 3372 3359 3375
f 3375 3359 3366
f 3376 3365 3378
f 3378 3365 3368
f 3379 3370 3227
f 3227 3370 3228
f 3239 3312 3336
f 3336 3312 3373
f 3336 3373 3329
f 3331 3374 3377
f 3330 3376 3324
f 3324 3376 3378
f 3325 3379 3229
f 3229 3379 3227
f 15 3226 3371
f 15 3371 3344
f 3344 3371 3367
f 3344 3367 3338
f 3338 3367 3363
f 3338 3363 3339
f 3340 3362 1086
f 3340 1086 1087
f 77 68 3380
f 3282 3253 3382
f 3382 3253 3258
f 3258 3261 3382
f 3382 3261 3263
f 3382 3263 3252
f 3252 3249 3382
f 1106 1108 3250
f 3250 1108 3383
f 3282 3382 3265
f 3265 3382 3384
f 3265 3384 3267
f 3267 3384 3276
f 3276 3384 58
f 3276 58 55
f 3385 3387 3388
f 3387 3386 3389
f 3389 3386 3390
f 3389 3390 3391
f 3391 3390 3392
f 3392 3390 1115
f 3392 1115 1102
f 68 58 3380
f 3380 58 3384
f 3381 3384 3394
f 3394 3384 3382
f 3393 3383 1109
f 1109 3383 1108
f 1109 1111 3393
f 3393 1111 3395
f 3394 3396 3381
f 3381 3396 3399
f 3380 3398 77
f 83 82 3398
f 3398 82 78
f 3398 78 77
f 1113 1115 3401
f 3401 1115 3390
f 3400 3390 3402
f 3402 3390 3386
f 1111 1113 3395
f 3395 1113 3401
f 3396 3400 3399
f 3399 3400 3402
f 3397 3403 84
f 84 3403 3385
f 84 3385 85
f 85 3385 3388
f 85 3388 47
f 1101 3404 1102
f 1102 3404 3392
f 3392 3404 3391
f 3391 3404 3405
f 3391 3405 3389
f 3389 3405 3387
f 3387 3405 3406
f 3387 3406 3388
f 3388 3406 3283
f 3388 3283 47
f 3319 3311 3407
f 3407 3311 3410
f 3408 3411 3414
f 3414 3411 3415
f 3412 3416 3417
f 3417 3416 3419
f 3418 3420 3285
f 3285 3420 3291
f 3317 3318 3422
f 3422 3318 3409
f 3422 3409 3426
f 3426 3409 3413
f 3425 3412 3427
f 3427 3412 3417
f 3428 3418 3284
f 3284 3418 3285
f 1101 3316 3404
f 3404 3316 3423
f 3404 3423 3405
f 3405 3423 3424
f 3405 3425 3406
f 3406 3425 3427
f 3406 3428 3283
f 3283 3428 3284
f 3311 3309 3431
f 3311 3431 3410
f 3411 3430 3433
f 3411 3433 3415
f 3416 3434 3438
f 3416 3438 3419
f 3421 3437 3290
f 3420 3288 3291
f 510 514 575
f 575 514 576
f 576 514 347
f 576 347 346
f 979 793 805
f 979 805 978
f 978 805 787
f 978 787 977
f 977 787 973
f 973 787 790
f 973 790 967
f 966 791 802
f 966 802 961
f 961 802 970
f 970 802 798
f 970 798 971
f 971 798 171
f 971 171 597
f 597 171 175
f 596 173 599
f 599 173 178
f 601 179 602
f 602 179 180
f 602 180 591
f 591 180 183
f 589 184 592
f 592 184 187
f 592 187 580
f 580 187 189
f 581 190 585
f 585 190 197
f 585 197 586
f 586 197 195
f 586 195 572
f 572 195 194
f 572 194 575
f 575 194 564
f 575 564 510
f 346 345 576
f 576 345 344
f 576 344 339
f 339 885 576
f 576 885 855
f 576 855 851
f 851 152 576
f 577 151 148
f 577 148 1019
f 1029 3442 1026
f 1026 3442 1024
f 1019 1024 577
f 577 1024 3442
f 577 3442 657
f 657 3442 1029
f 657 1029 1032
f 890 884 334
f 870 878 337
f 335 876 880
f 333 881 891
f 341 861 338
f 336 860 864
f 332 863 871
f 836 835 1003
f 1053 3443 1051
f 1051 3443 757
f 1053 1057 3443
f 3443 1057 1060
f 3443 1060 1063
f 755 757 139
f 139 757 3443
f 139 3443 142
f 142 3443 1063
f 143 1062 1067
f 139 856 755
f 755 856 910
f 755 910 912
f 430 755 431
f 431 755 912
f 431 912 434
f 243 770 244
f 244 770 755
f 244 755 428
f 428 755 430
f 243 237 770
f 770 237 235
f 770 235 772
f 772 235 205
f 772 205 775
f 775 205 204
f 775 204 776
f 776 204 201
f 776 201 766
f 201 211 766
f 766 211 210
f 766 210 769
f 769 210 217
f 769 217 762
f 762 217 764
f 764 217 215
f 764 215 785
f 215 221 785
f 785 221 219
f 785 219 783
f 783 219 233
f 783 233 1004
f 1004 233 826
f 1004 826 1006
f 1006 826 823
f 1006 823 1008
f 1008 823 1013
f 836 1003 830
f 825 820 1011
f 1011 820 833
f 1011 833 1001
f 1001 833 830
f 1001 830 1002
f 1002 830 1003
f 914 916 439
f 438 917 935
f 437 934 929
f 928 925 436
f 435 923 922
f 440 919 433
f 109 86 121
f 107 120 114
f 116 119 125
f 115 124 129
f 3446 62 69
f 100 2634 2605
f 1830 1825 4
f 1197 3245 2568
f 2605 2634 2599
f 2605 2611 100
f 101 2612 2620
f 100 2618 103
f 102 2621 2527
f 103 2528 92
f 93 2529 2525
f 94 2526 97
f 98 2523 2536
f 95 2539 2648
f 2647 2538 2551
f 2648 2550 2967
f 3237 3233 3335
f 3447 70 2513
f 2566 3246 2557
f 2559 3244 3240
f 2558 3242 2547
f 3236 3333 3243
f 2596 71 2589
f 2586 75 79
f 2634 2981 2599
f 2597 2982 2977
f 2598 2975 73
f 72 2978 2517
f 74 2518 2515
f 18 20 2548
f 2545 22 26
f 3292 1819 2585
f 2583 1820 1816
f 2584 1817 1835
f 1197 2568 1194
f 1194 2568 1205
f 1194 1205 1202
f 3333 3327 3243
f 3243 3327 3323
f 3243 3323 2550
f 2552 3320 3232
f 2549 3230 19
f 1833 1830 2591
f 2587 1828 3
f 2582 5 2574
f 2575 6 12
f 2576 9 2568
f 2565 10 1212
f 2567 1211 1206
f 81 53 2591
f 2590 54 48
f 2591 49 3295
f 3293 50 3287
f 3294 3286 3301
f 3298 3289 3439
f 3300 3441 3304
f 3305 3440 3435
f 3303 3432 3308
f 3306 3436 3429
f 3306 3429 3310
f 2966 2544 2970
f 2972 2550 25
f 2972 25 34
f 39 2504 31
f 32 2505 2507
f 35 2509 2973
f 2500 2502 3095
f 3096 2503 42
f 3094 44 1136
f 2490 63 3203
f 3202 59 3448
f 3204 3444 3197
f 3196 3445 3188
f 3188 3445 2514
f 3188 2514 2512
f 105 90 108
f 110 89 88
