mtllib converted_link3_0_242424ff.mtl
usemtl material
v -8.561811409890652e-05 -0.005483623594045639 0.029926888644695282
v -8.561811409890652e-05 -0.005483623594045639 0.029926888644695282
v -8.561811409890652e-05 -0.005483623594045639 0.029926888644695282
v -8.577153494115919e-05 -0.005328039173036814 0.030621051788330078
v -8.577153494115919e-05 -0.005328039173036814 0.030621051788330078
v -8.577153494115919e-05 -0.005328039173036814 0.030621051788330078
v -8.577153494115919e-05 -0.005328039173036814 0.030621051788330078
v -8.577153494115919e-05 -0.005328039173036814 0.030621051788330078
v -8.577153494115919e-05 -0.005328039173036814 0.030621051788330078
v -8.584476017858833e-05 -0.0045191445387899876 0.020743628963828087
v -8.584476017858833e-05 -0.0045191445387899876 0.020743628963828087
v -8.584476017858833e-05 -0.0045191445387899876 0.020743628963828087
v -8.584476017858833e-05 -0.0045191445387899876 0.020743628963828087
v -8.584476017858833e-05 -0.0045191445387899876 0.020743628963828087
v -8.584476017858833e-05 -0.0045191445387899876 0.020743628963828087
v -8.584476017858833e-05 -0.0045191445387899876 0.020743628963828087
v -8.584476017858833e-05 -0.0045191445387899876 0.020743628963828087
v -8.584476017858833e-05 -0.0045191445387899876 0.020743628963828087
v -8.584476017858833e-05 -0.0045191445387899876 0.020743628963828087
v -8.584476017858833e-05 -0.0045191445387899876 0.020743628963828087
v -8.584476017858833e-05 -0.0045191445387899876 0.020743628963828087
v -8.584476017858833e-05 -0.0045191445387899876 0.020743628963828087
v -8.584476017858833e-05 -0.0045191445387899876 0.020743628963828087
v -8.584476017858833e-05 -0.0045191445387899876 0.020743628963828087
v -9.095786663237959e-05 0.005813573952764273 0.02598453126847744
v -9.095786663237959e-05 0.005813573952764273 0.02598453126847744
v -9.095786663237959e-05 0.005813573952764273 0.02598453126847744
v -9.095786663237959e-05 0.005813573952764273 0.02598453126847744
v -9.075578418560326e-05 0.005676452070474625 0.021570628508925438
v -9.075578418560326e-05 0.005676452070474625 0.021570628508925438
v -9.075578418560326e-05 0.005676452070474625 0.021570628508925438
v -9.075578418560326e-05 0.005676452070474625 0.021570628508925438
v -9.075578418560326e-05 0.005676452070474625 0.021570628508925438
v -9.075578418560326e-05 0.005676452070474625 0.021570628508925438
v -8.912717748899013e-05 0.002280391287058592 0.021295154467225075
v -8.912717748899013e-05 0.002280391287058592 0.021295154467225075
v -8.912717748899013e-05 0.002280391287058592 0.021295154467225075
v -8.912717748899013e-05 0.002280391287058592 0.021295154467225075
v -8.912717748899013e-05 0.002280391287058592 0.021295154467225075
v -8.912717748899013e-05 0.002280391287058592 0.021295154467225075
v -8.912717748899013e-05 0.002280391287058592 0.021295154467225075
v -8.912717748899013e-05 0.002280391287058592 0.021295154467225075
v -8.908074232749641e-05 0.003318541217595339 0.004959774203598499
v -8.908074232749641e-05 0.003318541217595339 0.004959774203598499
v -8.908074232749641e-05 0.003318541217595339 0.004959774203598499
v -8.908074232749641e-05 0.003318541217595339 0.004959774203598499
v -8.923057612264529e-05 0.0035537618678063154 0.005596177652478218
v -8.923057612264529e-05 0.0035537618678063154 0.005596177652478218
v -8.923057612264529e-05 0.0035537618678063154 0.005596177652478218
v -8.923057612264529e-05 0.0035537618678063154 0.005596177652478218
v -8.923057612264529e-05 0.0035537618678063154 0.005596177652478218
v -8.923057612264529e-05 0.0035537618678063154 0.005596177652478218
v -8.923057612264529e-05 0.0035537618678063154 0.005596177652478218
v -8.923057612264529e-05 0.0035537618678063154 0.005596177652478218
v -8.908425661502406e-05 0.0033126117195934057 0.00431243609637022
v -8.908425661502406e-05 0.0033126117195934057 0.00431243609637022
v -8.908425661502406e-05 0.0033126117195934057 0.00431243609637022
v -8.908425661502406e-05 0.0033126117195934057 0.00431243609637022
v -8.908425661502406e-05 0.0033126117195934057 0.00431243609637022
v -8.908425661502406e-05 0.0033126117195934057 0.00431243609637022
v -8.923134737415239e-05 0.0037023001350462437 0.003765211207792163
v -8.923134737415239e-05 0.0037023001350462437 0.003765211207792163
v -8.923134737415239e-05 0.0037023001350462437 0.003765211207792163
v -8.923134737415239e-05 0.0037023001350462437 0.003765211207792163
v -8.923134737415239e-05 0.0037023001350462437 0.003765211207792163
v -8.923134737415239e-05 0.0037023001350462437 0.003765211207792163
v -8.923134737415239e-05 0.0037023001350462437 0.003765211207792163
v -8.923134737415239e-05 0.0037023001350462437 0.003765211207792163
v -8.923134737415239e-05 0.0037023001350462437 0.003765211207792163
v -8.923134737415239e-05 0.0037023001350462437 0.003765211207792163
v -8.923134737415239e-05 0.0037023001350462437 0.003765211207792163
v -8.923134737415239e-05 0.0037023001350462437 0.003765211207792163
v -8.923134737415239e-05 0.0037023001350462437 0.003765211207792163
v -8.903725392883644e-05 0.0032678982242941856 0.004254565108567476
v -8.903725392883644e-05 0.0032678982242941856 0.004254565108567476
v -8.903725392883644e-05 0.0032678982242941856 0.004254565108567476
v -8.903725392883644e-05 0.0032678982242941856 0.004254565108567476
v -8.903725392883644e-05 0.0032678982242941856 0.004254565108567476
v -8.696717850398272e-05 -0.0010825468925759196 0.005155571270734072
v -8.696717850398272e-05 -0.0010825468925759196 0.005155571270734072
v -8.696717850398272e-05 -0.0010825468925759196 0.005155571270734072
v -8.696717850398272e-05 -0.0010825468925759196 0.005155571270734072
v -8.697198063600808e-05 -0.001108316471800208 0.005150992423295975
v -8.697198063600808e-05 -0.001108316471800208 0.005150992423295975
v -8.697198063600808e-05 -0.001108316471800208 0.005150992423295975
v -8.5884501459077e-05 -0.0032457723282277584 0.005044701974838972
v -8.5884501459077e-05 -0.0032457723282277584 0.005044701974838972
v -8.5884501459077e-05 -0.0032457723282277584 0.005044701974838972
v -8.5884501459077e-05 -0.0032457723282277584 0.005044701974838972
v -8.5884501459077e-05 -0.0032457723282277584 0.005044701974838972
v -8.5884501459077e-05 -0.0032457723282277584 0.005044701974838972
v -8.5884501459077e-05 -0.0032457723282277584 0.005044701974838972
v -8.5884501459077e-05 -0.0032457723282277584 0.005044701974838972
v -8.5884501459077e-05 -0.0032457723282277584 0.005044701974838972
v -8.5884501459077e-05 -0.0032457723282277584 0.005044701974838972
v -8.5884501459077e-05 -0.0032457723282277584 0.005044701974838972
v -8.5884501459077e-05 -0.0032457723282277584 0.005044701974838972
v -8.5884501459077e-05 -0.0032457723282277584 0.005044701974838972
v -8.5884501459077e-05 -0.0032457723282277584 0.005044701974838972
v -8.5884501459077e-05 -0.0032457723282277584 0.005044701974838972
v -8.5884501459077e-05 -0.0032457723282277584 0.005044701974838972
v -8.5884501459077e-05 -0.0032457723282277584 0.005044701974838972
v -8.5884501459077e-05 -0.0032457723282277584 0.005044701974838972
v -8.5884501459077e-05 -0.0032457723282277584 0.005044701974838972
v -8.5884501459077e-05 -0.0032457723282277584 0.005044701974838972
v -8.5884501459077e-05 -0.0032457723282277584 0.005044701974838972
v -8.5884501459077e-05 -0.0032457723282277584 0.005044701974838972
v -8.5884501459077e-05 -0.0032457723282277584 0.005044701974838972
v -8.5884501459077e-05 -0.0032457723282277584 0.005044701974838972
v -8.69219729793258e-05 -0.0011613048845902085 0.0051306188106536865
v -8.69219729793258e-05 -0.0011613048845902085 0.0051306188106536865
v -8.69219729793258e-05 -0.0011613048845902085 0.0051306188106536865
v -8.69219729793258e-05 -0.0011613048845902085 0.0051306188106536865
v -8.69219729793258e-05 -0.0011613048845902085 0.0051306188106536865
v -8.687991794431582e-05 -0.0011954954825341702 0.005095957312732935
v -8.687991794431582e-05 -0.0011954954825341702 0.005095957312732935
v -8.687991794431582e-05 -0.0011954954825341702 0.005095957312732935
v -8.687991794431582e-05 -0.0011954954825341702 0.005095957312732935
v -8.687991794431582e-05 -0.0011954954825341702 0.005095957312732935
v -8.687991794431582e-05 -0.0011954954825341702 0.005095957312732935
v -8.687991794431582e-05 -0.0011954954825341702 0.005095957312732935
v -8.608690404798836e-05 -0.0028592401649802923 0.0036277552135288715
v -8.608690404798836e-05 -0.0028592401649802923 0.0036277552135288715
v -8.608690404798836e-05 -0.0028592401649802923 0.0036277552135288715
v -8.608690404798836e-05 -0.0028592401649802923 0.0036277552135288715
v -8.619733853265643e-05 -0.0025767881888896227 0.0035424160305410624
v -8.619733853265643e-05 -0.0025767881888896227 0.0035424160305410624
v -8.619733853265643e-05 -0.0025767881888896227 0.0035424160305410624
v -8.594951214035973e-05 -0.003097234293818474 0.0032136798836290836
v -8.594951214035973e-05 -0.003097234293818474 0.0032136798836290836
v -8.594951214035973e-05 -0.003097234293818474 0.0032136798836290836
v -8.594951214035973e-05 -0.003097234293818474 0.0032136798836290836
v -8.594951214035973e-05 -0.003097234293818474 0.0032136798836290836
v -8.594951214035973e-05 -0.003097234293818474 0.0032136798836290836
v -8.594951214035973e-05 -0.003097234293818474 0.0032136798836290836
v -8.594951214035973e-05 -0.003097234293818474 0.0032136798836290836
v -8.594951214035973e-05 -0.003097234293818474 0.0032136798836290836
v -8.594951214035973e-05 -0.003097234293818474 0.0032136798836290836
v -8.594951214035973e-05 -0.003097234293818474 0.0032136798836290836
v -8.594951214035973e-05 -0.003097234293818474 0.0032136798836290836
v -8.594951214035973e-05 -0.003097234293818474 0.0032136798836290836
v -8.594951214035973e-05 -0.003097234293818474 0.0032136798836290836
v -8.594951214035973e-05 -0.003097234293818474 0.0032136798836290836
v -8.594951214035973e-05 -0.003097234293818474 0.0032136798836290836
v -8.594951214035973e-05 -0.003097234293818474 0.0032136798836290836
v -8.594951214035973e-05 -0.003097234293818474 0.0032136798836290836
v -8.594951214035973e-05 -0.003097234293818474 0.0032136798836290836
v -8.594951214035973e-05 -0.003097234293818474 0.0032136798836290836
v -8.594951214035973e-05 -0.003097234293818474 0.0032136798836290836
v -8.594951214035973e-05 -0.003097234293818474 0.0032136798836290836
v -8.594951214035973e-05 -0.003097234293818474 0.0032136798836290836
v -8.594951214035973e-05 -0.003097234293818474 0.0032136798836290836
v -8.594951214035973e-05 -0.003097234293818474 0.0032136798836290836
v -8.594951214035973e-05 -0.003097234293818474 0.0032136798836290836
v -8.594951214035973e-05 -0.003097234293818474 0.0032136798836290836
v -8.594951214035973e-05 -0.003097234293818474 0.0032136798836290836
v -8.633851393824443e-05 -0.0022685823496431112 0.0035631461068987846
v -8.633851393824443e-05 -0.0022685823496431112 0.0035631461068987846
v -8.633851393824443e-05 -0.0022685823496431112 0.0035631461068987846
v -8.633851393824443e-05 -0.0022685823496431112 0.0035631461068987846
v -8.633851393824443e-05 -0.0022685823496431112 0.0035631461068987846
v -8.633851393824443e-05 -0.0022685823496431112 0.0035631461068987846
v -8.892441110219806e-05 0.0030475417152047157 0.0037121190689504147
v -8.892441110219806e-05 0.0030475417152047157 0.0037121190689504147
v -8.892441110219806e-05 0.0030475417152047157 0.0037121190689504147
v -8.892441110219806e-05 0.0030475417152047157 0.0037121190689504147
v -8.892441110219806e-05 0.0030475417152047157 0.0037121190689504147
v -8.892441110219806e-05 0.0030475417152047157 0.0037121190689504147
v -8.892441110219806e-05 0.0030475417152047157 0.0037121190689504147
v -8.892441110219806e-05 0.0030475417152047157 0.0037121190689504147
v -8.892441110219806e-05 0.0030475417152047157 0.0037121190689504147
v -8.892441110219806e-05 0.0030475417152047157 0.0037121190689504147
v -8.892441110219806e-05 0.0030475417152047157 0.0037121190689504147
v -8.892441110219806e-05 0.0030475417152047157 0.0037121190689504147
v -8.892441110219806e-05 0.0030475417152047157 0.0037121190689504147
v -8.892441110219806e-05 0.0030475417152047157 0.0037121190689504147
v -8.892441110219806e-05 0.0030475417152047157 0.0037121190689504147
v -8.892441110219806e-05 0.0030475417152047157 0.0037121190689504147
v -8.892441110219806e-05 0.0030475417152047157 0.0037121190689504147
v -8.892441110219806e-05 0.0030475417152047157 0.0037121190689504147
v -8.892441110219806e-05 0.0030475417152047157 0.0037121190689504147
v -8.892441110219806e-05 0.0030475417152047157 0.0037121190689504147
v -8.892441110219806e-05 0.0030475417152047157 0.0037121190689504147
v -8.892441110219806e-05 0.0030475417152047157 0.0037121190689504147
v -8.892441110219806e-05 0.0030475417152047157 0.0037121190689504147
v -8.892441110219806e-05 0.0030475417152047157 0.0037121190689504147
v -8.892441110219806e-05 0.0030475417152047157 0.0037121190689504147
v -8.892441110219806e-05 0.0030475417152047157 0.0037121190689504147
v -8.892441110219806e-05 0.0030475417152047157 0.0037121190689504147
v -8.793569577392191e-05 0.0009083066834136844 0.005378609523177147
v -8.793569577392191e-05 0.0009083066834136844 0.005378609523177147
v -8.793569577392191e-05 0.0009083066834136844 0.005378609523177147
v -8.793569577392191e-05 0.0009083066834136844 0.005378609523177147
v -8.793569577392191e-05 0.0009083066834136844 0.005378609523177147
v -8.776280446909368e-05 0.0005561395082622766 0.005339547526091337
v -8.776280446909368e-05 0.0005561395082622766 0.005339547526091337
v -8.776280446909368e-05 0.0005561395082622766 0.005339547526091337
v -8.776280446909368e-05 0.0005561395082622766 0.005339547526091337
v -8.776280446909368e-05 0.0005561395082622766 0.005339547526091337
v -8.688004163559526e-05 -0.001224130392074585 0.003858258482068777
v -8.688004163559526e-05 -0.001224130392074585 0.003858258482068777
v -8.688004163559526e-05 -0.001224130392074585 0.003858258482068777
v -8.688004163559526e-05 -0.001224130392074585 0.003858258482068777
v -8.688613161211833e-05 -0.0012153931893408298 0.0037885550409555435
v -8.688613161211833e-05 -0.0012153931893408298 0.0037885550409555435
v -8.688613161211833e-05 -0.0012153931893408298 0.0037885550409555435
v -8.688613161211833e-05 -0.0012153931893408298 0.0037885550409555435
v -8.688613161211833e-05 -0.0012153931893408298 0.0037885550409555435
v -8.668572263559327e-05 -0.0016150240553542972 0.004358197562396526
v -8.668572263559327e-05 -0.0016150240553542972 0.004358197562396526
v -8.668572263559327e-05 -0.0016150240553542972 0.004358197562396526
v -8.668572263559327e-05 -0.0016150240553542972 0.004358197562396526
v -8.668572263559327e-05 -0.0016150240553542972 0.004358197562396526
v -8.668572263559327e-05 -0.0016150240553542972 0.004358197562396526
v -8.668572263559327e-05 -0.0016150240553542972 0.004358197562396526
v -8.68491260916926e-05 -0.0011973094660788774 0.003759730374440551
v -8.68491260916926e-05 -0.0011973094660788774 0.003759730374440551
v -8.68491260916926e-05 -0.0011973094660788774 0.003759730374440551
v -8.68491260916926e-05 -0.0011973094660788774 0.003759730374440551
v -8.68491260916926e-05 -0.0011973094660788774 0.003759730374440551
v -8.68491260916926e-05 -0.0011973094660788774 0.003759730374440551
v -8.663981861900538e-05 -0.001697997679002583 0.004017894621938467
v -8.663981861900538e-05 -0.001697997679002583 0.004017894621938467
v -8.663981861900538e-05 -0.001697997679002583 0.004017894621938467
v -8.663981861900538e-05 -0.001697997679002583 0.004017894621938467
v -8.663981861900538e-05 -0.001697997679002583 0.004017894621938467
v -8.687067747814581e-05 -0.0011698419693857431 0.0037444999907165766
v -8.687067747814581e-05 -0.0011698419693857431 0.0037444999907165766
v -8.687067747814581e-05 -0.0011698419693857431 0.0037444999907165766
v -8.687067747814581e-05 -0.0011698419693857431 0.0037444999907165766
v -8.687067747814581e-05 -0.0011698419693857431 0.0037444999907165766
v -8.687067747814581e-05 -0.0011698419693857431 0.0037444999907165766
v -8.644396439194679e-05 -0.001988363219425082 0.003691410180181265
v -8.644396439194679e-05 -0.001988363219425082 0.003691410180181265
v -8.644396439194679e-05 -0.001988363219425082 0.003691410180181265
v -8.644396439194679e-05 -0.001988363219425082 0.003691410180181265
v -8.644396439194679e-05 -0.001988363219425082 0.003691410180181265
v -8.61818843986839e-05 -0.002630673348903656 0.004981017671525478
v -8.61818843986839e-05 -0.002630673348903656 0.004981017671525478
v -8.61818843986839e-05 -0.002630673348903656 0.004981017671525478
v -8.61818843986839e-05 -0.002630673348903656 0.004981017671525478
v -8.638487634016201e-05 -0.0022508548572659492 0.005044472869485617
v -8.638487634016201e-05 -0.0022508548572659492 0.005044472869485617
v -8.638487634016201e-05 -0.0022508548572659492 0.005044472869485617
v -8.638487634016201e-05 -0.0022508548572659492 0.005044472869485617
v -8.638487634016201e-05 -0.0022508548572659492 0.005044472869485617
v -8.638487634016201e-05 -0.0022508548572659492 0.005044472869485617
v -8.655223791720346e-05 -0.0019339167047291994 0.0049621667712926865
v -8.655223791720346e-05 -0.0019339167047291994 0.0049621667712926865
v -8.655223791720346e-05 -0.0019339167047291994 0.0049621667712926865
v -8.655223791720346e-05 -0.0019339167047291994 0.0049621667712926865
v -8.655223791720346e-05 -0.0019339167047291994 0.0049621667712926865
v -8.666025678394362e-05 -0.0017084210412576795 0.0047510419972240925
v -8.666025678394362e-05 -0.0017084210412576795 0.0047510419972240925
v -8.666025678394362e-05 -0.0017084210412576795 0.0047510419972240925
v -8.666025678394362e-05 -0.0017084210412576795 0.0047510419972240925
v -8.666025678394362e-05 -0.0017084210412576795 0.0047510419972240925
v -8.666025678394362e-05 -0.0017084210412576795 0.0047510419972240925
v -8.666025678394362e-05 -0.0017084210412576795 0.0047510419972240925
v -8.759929914958775e-05 0.00020396496984176338 0.005300484597682953
v -8.759929914958775e-05 0.00020396496984176338 0.005300484597682953
v -8.759929914958775e-05 0.00020396496984176338 0.005300484597682953
v -8.759929914958775e-05 0.00020396496984176338 0.005300484597682953
v -8.759929914958775e-05 0.00020396496984176338 0.005300484597682953
v -8.744440856389701e-05 -0.00010214504436589777 0.005265738815069199
v -8.744440856389701e-05 -0.00010214504436589777 0.005265738815069199
v -8.744440856389701e-05 -0.00010214504436589777 0.005265738815069199
v -8.744440856389701e-05 -0.00010214504436589777 0.005265738815069199
v -8.744440856389701e-05 -0.00010214504436589777 0.005265738815069199
v -8.727318345336244e-05 -0.00040827086195349693 0.005231057293713093
v -8.727318345336244e-05 -0.00040827086195349693 0.005231057293713093
v -8.727318345336244e-05 -0.00040827086195349693 0.005231057293713093
v -8.727318345336244e-05 -0.00040827086195349693 0.005231057293713093
v -8.727318345336244e-05 -0.00040827086195349693 0.005231057293713093
v -8.711780537851155e-05 -0.0007324388716369867 0.005194912664592266
v -8.711780537851155e-05 -0.0007324388716369867 0.005194912664592266
v -8.711780537851155e-05 -0.0007324388716369867 0.005194912664592266
v -8.711780537851155e-05 -0.0007324388716369867 0.005194912664592266
v -8.699643512954935e-05 -0.0010565506527200341 0.005158856976777315
v -8.699643512954935e-05 -0.0010565506527200341 0.005158856976777315
v -8.699643512954935e-05 -0.0010565506527200341 0.005158856976777315
v -8.877545042196289e-05 0.0026881268713623285 0.004165719263255596
v -8.877545042196289e-05 0.0026881268713623285 0.004165719263255596
v -8.877545042196289e-05 0.0026881268713623285 0.004165719263255596
v -8.877545042196289e-05 0.0026881268713623285 0.004165719263255596
v -8.877545042196289e-05 0.0026881268713623285 0.004165719263255596
v -8.889820310287178e-05 0.002934145973995328 0.00419410178437829
v -8.889820310287178e-05 0.002934145973995328 0.00419410178437829
v -8.889820310287178e-05 0.002934145973995328 0.00419410178437829
v -8.889820310287178e-05 0.002934145973995328 0.00419410178437829
v -8.902658009901643e-05 0.00318022258579731 0.004221758339554071
v -8.902658009901643e-05 0.00318022258579731 0.004221758339554071
v -8.902658009901643e-05 0.00318022258579731 0.004221758339554071
v -8.902658009901643e-05 0.00318022258579731 0.004221758339554071
v -8.899623935576528e-05 0.0032321917824447155 0.004234102088958025
v -8.899623935576528e-05 0.0032321917824447155 0.004234102088958025
v -8.899623935576528e-05 0.0032321917824447155 0.004234102088958025
v -8.590963261667639e-05 -0.003149324329569936 0.004098169039934874
v -8.590963261667639e-05 -0.003149324329569936 0.004098169039934874
v -8.590963261667639e-05 -0.003149324329569936 0.004098169039934874
v -8.590963261667639e-05 -0.003149324329569936 0.004098169039934874
v -8.687473018653691e-05 -0.0012131924740970135 0.005023375153541565
v -8.687473018653691e-05 -0.0012131924740970135 0.005023375153541565
v -8.687473018653691e-05 -0.0012131924740970135 0.005023375153541565
v -8.690702816238627e-05 -0.0012155692093074322 0.004799620248377323
v -8.690702816238627e-05 -0.0012155692093074322 0.004799620248377323
v -8.690702816238627e-05 -0.0012155692093074322 0.004799620248377323
v -8.690702816238627e-05 -0.0012155692093074322 0.004799620248377323
v -8.690702816238627e-05 -0.0012155692093074322 0.004799620248377323
v -8.690702816238627e-05 -0.0012155692093074322 0.004799620248377323
v -8.666909707244486e-05 -0.001633240724913776 0.0045644077472388744
v -8.666909707244486e-05 -0.001633240724913776 0.0045644077472388744
v -8.666909707244486e-05 -0.001633240724913776 0.0045644077472388744
v -8.666909707244486e-05 -0.001633240724913776 0.0045644077472388744
v -8.688720117788762e-05 -0.0012175224255770445 0.00457588629797101
v -8.688720117788762e-05 -0.0012175224255770445 0.00457588629797101
v -8.688720117788762e-05 -0.0012175224255770445 0.00457588629797101
v -8.688720117788762e-05 -0.0012175224255770445 0.00457588629797101
v -8.688720117788762e-05 -0.0012175224255770445 0.00457588629797101
v -8.688720117788762e-05 -0.0012175224255770445 0.00457588629797101
v -8.688172238180414e-05 -0.0012208611005917192 0.004217096138745546
v -8.688172238180414e-05 -0.0012208611005917192 0.004217096138745546
v -8.688172238180414e-05 -0.0012208611005917192 0.004217096138745546
v -8.688172238180414e-05 -0.0012208611005917192 0.004217096138745546
v -8.604825416114181e-05 -0.0029228082858026028 0.0047797104343771935
v -8.604825416114181e-05 -0.0029228082858026028 0.0047797104343771935
v -8.604825416114181e-05 -0.0029228082858026028 0.0047797104343771935
v -8.597628766437992e-05 -0.0030671479180455208 0.004574586637318134
v -8.597628766437992e-05 -0.0030671479180455208 0.004574586637318134
v -8.597628766437992e-05 -0.0030671479180455208 0.004574586637318134
v -8.596925181336701e-05 -0.003141461405903101 0.004334982950240374
v -8.596925181336701e-05 -0.003141461405903101 0.004334982950240374
v -8.596925181336701e-05 -0.003141461405903101 0.004334982950240374
v -8.594241080572829e-05 -0.0031186591368168592 0.003965152893215418
v -8.594241080572829e-05 -0.0031186591368168592 0.003965152893215418
v -8.594241080572829e-05 -0.0031186591368168592 0.003965152893215418
v -8.594512473791838e-05 -0.0030653628055006266 0.003839302808046341
v -8.594512473791838e-05 -0.0030653628055006266 0.003839302808046341
v -8.594512473791838e-05 -0.0030653628055006266 0.003839302808046341
v -8.595122926635668e-05 -0.0031440050806850195 0.004325399175286293
v -8.595122926635668e-05 -0.0031440050806850195 0.004325399175286293
v -8.595122926635668e-05 -0.0031440050806850195 0.004325399175286293
v -8.593664097134024e-05 -0.0031472977716475725 0.00431591272354126
v -8.593664097134024e-05 -0.0031472977716475725 0.00431591272354126
v -8.593664097134024e-05 -0.0031472977716475725 0.00431591272354126
v -8.688269008416682e-05 -0.0010975043987855315 0.003741329303011298
v -8.688269008416682e-05 -0.0010975043987855315 0.003741329303011298
v -8.688269008416682e-05 -0.0010975043987855315 0.003741329303011298
v -8.688269008416682e-05 -0.0010975043987855315 0.003741329303011298
v -8.704675565240905e-05 -0.0007853129063732922 0.00377598381601274
v -8.704675565240905e-05 -0.0007853129063732922 0.00377598381601274
v -8.704675565240905e-05 -0.0007853129063732922 0.00377598381601274
v -8.704675565240905e-05 -0.0007853129063732922 0.00377598381601274
v -8.704675565240905e-05 -0.0007853129063732922 0.00377598381601274
v -8.72000673552975e-05 -0.0004732270899694413 0.0038115219213068485
v -8.72000673552975e-05 -0.0004732270899694413 0.0038115219213068485
v -8.72000673552975e-05 -0.0004732270899694413 0.0038115219213068485
v -8.72000673552975e-05 -0.0004732270899694413 0.0038115219213068485
v -8.72000673552975e-05 -0.0004732270899694413 0.0038115219213068485
v -8.73676035553217e-05 -0.00012106472422601655 0.003850651206448674
v -8.73676035553217e-05 -0.00012106472422601655 0.003850651206448674
v -8.73676035553217e-05 -0.00012106472422601655 0.003850651206448674
v -8.73676035553217e-05 -0.00012106472422601655 0.003850651206448674
v -8.73676035553217e-05 -0.00012106472422601655 0.003850651206448674
v -8.752651046961546e-05 0.00023107008018996567 0.003889888757839799
v -8.752651046961546e-05 0.00023107008018996567 0.003889888757839799
v -8.752651046961546e-05 0.00023107008018996567 0.003889888757839799
v -8.752651046961546e-05 0.00023107008018996567 0.003889888757839799
v -8.752651046961546e-05 0.00023107008018996567 0.003889888757839799
v -8.771895954851061e-05 0.0005072106141597033 0.003921167459338903
v -8.771895954851061e-05 0.0005072106141597033 0.003921167459338903
v -8.771895954851061e-05 0.0005072106141597033 0.003921167459338903
v -8.771895954851061e-05 0.0005072106141597033 0.003921167459338903
v -8.771895954851061e-05 0.0005072106141597033 0.003921167459338903
v -8.818416972644627e-05 0.0014915965730324388 0.004031462129205465
v -8.818416972644627e-05 0.0014915965730324388 0.004031462129205465
v -8.818416972644627e-05 0.0014915965730324388 0.004031462129205465
v -8.818416972644627e-05 0.0014915965730324388 0.004031462129205465
v -8.818416972644627e-05 0.0014915965730324388 0.004031462129205465
v -8.827709098113701e-05 0.001765721128322184 0.00406248914077878
v -8.827709098113701e-05 0.001765721128322184 0.00406248914077878
v -8.827709098113701e-05 0.001765721128322184 0.00406248914077878
v -8.827709098113701e-05 0.001765721128322184 0.00406248914077878
v -8.827709098113701e-05 0.001765721128322184 0.00406248914077878
v -8.785726095084101e-05 0.000783296360168606 0.003952492028474808
v -8.785726095084101e-05 0.000783296360168606 0.003952492028474808
v -8.785726095084101e-05 0.000783296360168606 0.003952492028474808
v -8.785726095084101e-05 0.000783296360168606 0.003952492028474808
v -8.785726095084101e-05 0.000783296360168606 0.003952492028474808
v -8.798573253443465e-05 0.001137447077780962 0.003991970792412758
v -8.798573253443465e-05 0.001137447077780962 0.003991970792412758
v -8.798573253443465e-05 0.001137447077780962 0.003991970792412758
v -8.798573253443465e-05 0.001137447077780962 0.003991970792412758
v -8.798573253443465e-05 0.001137447077780962 0.003991970792412758
v -8.844003605190665e-05 0.0020397957414388657 0.004093505442142487
v -8.844003605190665e-05 0.0020397957414388657 0.004093505442142487
v -8.844003605190665e-05 0.0020397957414388657 0.004093505442142487
v -8.844003605190665e-05 0.0020397957414388657 0.004093505442142487
v -8.844003605190665e-05 0.0020397957414388657 0.004093505442142487
v -8.86106354300864e-05 0.0023639698047190905 0.004129576031118631
v -8.86106354300864e-05 0.0023639698047190905 0.004129576031118631
v -8.86106354300864e-05 0.0023639698047190905 0.004129576031118631
v -8.86106354300864e-05 0.0023639698047190905 0.004129576031118631
v -8.86106354300864e-05 0.0023639698047190905 0.004129576031118631
v -8.862037066137418e-05 0.0023769100662320852 0.005543864797800779
v -8.862037066137418e-05 0.0023769100662320852 0.005543864797800779
v -8.862037066137418e-05 0.0023769100662320852 0.005543864797800779
v -8.862037066137418e-05 0.0023769100662320852 0.005543864797800779
v -8.862037066137418e-05 0.0023769100662320852 0.005543864797800779
v -8.892276673577726e-05 0.0028767981566488743 0.005816595163196325
v -8.892276673577726e-05 0.0028767981566488743 0.005816595163196325
v -8.892276673577726e-05 0.0028767981566488743 0.005816595163196325
v -8.892276673577726e-05 0.0028767981566488743 0.005816595163196325
v -8.892276673577726e-05 0.0028767981566488743 0.005816595163196325
v -8.892276673577726e-05 0.0028767981566488743 0.005816595163196325
v -8.892276673577726e-05 0.0028767981566488743 0.005816595163196325
v -8.892276673577726e-05 0.0028767981566488743 0.005816595163196325
v -8.892276673577726e-05 0.0028767981566488743 0.005816595163196325
v -8.892276673577726e-05 0.0028767981566488743 0.005816595163196325
v -8.892276673577726e-05 0.0028767981566488743 0.005816595163196325
v -8.892276673577726e-05 0.0028767981566488743 0.005816595163196325
v -8.892276673577726e-05 0.0028767981566488743 0.005816595163196325
v -8.892276673577726e-05 0.0028767981566488743 0.005816595163196325
v -8.892276673577726e-05 0.0028767981566488743 0.005816595163196325
v -8.892276673577726e-05 0.0028767981566488743 0.005816595163196325
v -8.892276673577726e-05 0.0028767981566488743 0.005816595163196325
v -8.881826215656474e-05 0.0026931106112897396 0.005578844808042049
v -8.881826215656474e-05 0.0026931106112897396 0.005578844808042049
v -8.881826215656474e-05 0.0026931106112897396 0.005578844808042049
v -8.881826215656474e-05 0.0026931106112897396 0.005578844808042049
v -8.881826215656474e-05 0.0026931106112897396 0.005578844808042049
v -8.893680205801502e-05 0.0030091728549450636 0.005614818539470434
v -8.893680205801502e-05 0.0030091728549450636 0.005614818539470434
v -8.893680205801502e-05 0.0030091728549450636 0.005614818539470434
v -8.893680205801502e-05 0.0030091728549450636 0.005614818539470434
v -8.847568096825853e-05 0.002024751389399171 0.005504449363797903
v -8.847568096825853e-05 0.002024751389399171 0.005504449363797903
v -8.847568096825853e-05 0.002024751389399171 0.005504449363797903
v -8.847568096825853e-05 0.002024751389399171 0.005504449363797903
v -8.847568096825853e-05 0.002024751389399171 0.005504449363797903
v -8.828164573060349e-05 0.0016726045869290829 0.005464903078973293
v -8.828164573060349e-05 0.0016726045869290829 0.005464903078973293
v -8.828164573060349e-05 0.0016726045869290829 0.005464903078973293
v -8.828164573060349e-05 0.0016726045869290829 0.005464903078973293
v -8.828164573060349e-05 0.0016726045869290829 0.005464903078973293
v -8.814733882900327e-05 0.0012904694303870201 0.005421705078333616
v -8.814733882900327e-05 0.0012904694303870201 0.005421705078333616
v -8.814733882900327e-05 0.0012904694303870201 0.005421705078333616
v -8.814733882900327e-05 0.0012904694303870201 0.005421705078333616
v -8.814733882900327e-05 0.0012904694303870201 0.005421705078333616
v -8.814733882900327e-05 0.0012904694303870201 0.005421705078333616
v -8.814733882900327e-05 0.0012904694303870201 0.005421705078333616
v -8.911579789128155e-05 0.0033211875706911087 0.005634302273392677
v -8.911579789128155e-05 0.0033211875706911087 0.005634302273392677
v -8.911579789128155e-05 0.0033211875706911087 0.005634302273392677
v -8.911579789128155e-05 0.0033211875706911087 0.005634302273392677
v -8.911579789128155e-05 0.0033211875706911087 0.005634302273392677
v -8.922024426283315e-05 0.003531609196215868 0.005869688466191292
v -8.922024426283315e-05 0.003531609196215868 0.005869688466191292
v -8.922024426283315e-05 0.003531609196215868 0.005869688466191292
v -8.922024426283315e-05 0.003531609196215868 0.005869688466191292
v -8.922024426283315e-05 0.003531609196215868 0.005869688466191292
v -8.922024426283315e-05 0.003531609196215868 0.005869688466191292
v -8.922024426283315e-05 0.003531609196215868 0.005869688466191292
v -8.922024426283315e-05 0.003531609196215868 0.005869688466191292
v -8.922024426283315e-05 0.003531609196215868 0.005869688466191292
v -8.922024426283315e-05 0.003531609196215868 0.005869688466191292
v -8.922024426283315e-05 0.003531609196215868 0.005869688466191292
v -8.922024426283315e-05 0.003531609196215868 0.005869688466191292
v -8.922024426283315e-05 0.003531609196215868 0.005869688466191292
v -8.922024426283315e-05 0.003531609196215868 0.005869688466191292
v -8.913873898563907e-05 0.003325090976431966 0.0056183054111897945
v -8.913873898563907e-05 0.003325090976431966 0.0056183054111897945
v -8.913873898563907e-05 0.003325090976431966 0.0056183054111897945
v -8.913873898563907e-05 0.003325090976431966 0.0056183054111897945
v -8.912876364775002e-05 0.0033254469744861126 0.005607122555375099
v -8.912876364775002e-05 0.0033254469744861126 0.005607122555375099
v -8.912876364775002e-05 0.0033254469744861126 0.005607122555375099
v -8.912390330806375e-05 0.0033170226961374283 0.005639491602778435
v -8.912390330806375e-05 0.0033170226961374283 0.005639491602778435
v -8.912390330806375e-05 0.0033170226961374283 0.005639491602778435
v -8.912390330806375e-05 0.0033170226961374283 0.005639491602778435
v -8.912390330806375e-05 0.0033170226961374283 0.005639491602778435
v -8.910174074117094e-05 0.003308703424409032 0.005643538665026426
v -8.910174074117094e-05 0.003308703424409032 0.005643538665026426
v -8.910174074117094e-05 0.003308703424409032 0.005643538665026426
v -8.910174074117094e-05 0.003308703424409032 0.005643538665026426
v -8.907559094950557e-05 0.003288400126621127 0.005643866490572691
v -8.907559094950557e-05 0.003288400126621127 0.005643866490572691
v -8.907559094950557e-05 0.003288400126621127 0.005643866490572691
v -8.90894589247182e-05 0.003258391283452511 0.005642943549901247
v -8.90894589247182e-05 0.003258391283452511 0.005642943549901247
v -8.90894589247182e-05 0.003258391283452511 0.005642943549901247
v -8.90664232429117e-05 0.0032281922176480293 0.005643981508910656
v -8.90664232429117e-05 0.0032281922176480293 0.005643981508910656
v -8.90664232429117e-05 0.0032281922176480293 0.005643981508910656
v -8.90664232429117e-05 0.0032281922176480293 0.005643981508910656
v -8.901449473341927e-05 0.0031191410962492228 0.005625902209430933
v -8.901449473341927e-05 0.0031191410962492228 0.005625902209430933
v -8.901449473341927e-05 0.0031191410962492228 0.005625902209430933
v -8.610825898358598e-05 -0.0024606839288026094 -0.0010121800005435944
v -8.610825898358598e-05 -0.0024606839288026094 -0.0010121800005435944
v -8.610825898358598e-05 -0.0024606839288026094 -0.0010121800005435944
v -8.630674710730091e-05 -0.0020273036789149046 -0.0013540468644350767
v -8.630674710730091e-05 -0.0020273036789149046 -0.0013540468644350767
v -8.630674710730091e-05 -0.0020273036789149046 -0.0013540468644350767
v -8.59788415255025e-05 -0.0026829985436052084 -0.0018931664526462555
v -8.59788415255025e-05 -0.0026829985436052084 -0.0018931664526462555
v -8.59788415255025e-05 -0.0026829985436052084 -0.0018931664526462555
v -8.59788415255025e-05 -0.0026829985436052084 -0.0018931664526462555
v -8.59788415255025e-05 -0.0026829985436052084 -0.0018931664526462555
v -8.59788415255025e-05 -0.0026829985436052084 -0.0018931664526462555
v -8.59788415255025e-05 -0.0026829985436052084 -0.0018931664526462555
v -8.59788415255025e-05 -0.0026829985436052084 -0.0018931664526462555
v -8.59788415255025e-05 -0.0026829985436052084 -0.0018931664526462555
v -8.59788415255025e-05 -0.0026829985436052084 -0.0018931664526462555
v -8.59788415255025e-05 -0.0026829985436052084 -0.0018931664526462555
v -8.59788415255025e-05 -0.0026829985436052084 -0.0018931664526462555
v -8.59788415255025e-05 -0.0026829985436052084 -0.0018931664526462555
v -8.59788415255025e-05 -0.0026829985436052084 -0.0018931664526462555
v -8.59788415255025e-05 -0.0026829985436052084 -0.0018931664526462555
v -8.59788415255025e-05 -0.0026829985436052084 -0.0018931664526462555
v -8.59788415255025e-05 -0.0026829985436052084 -0.0018931664526462555
v -8.59788415255025e-05 -0.0026829985436052084 -0.0018931664526462555
v -8.59788415255025e-05 -0.0026829985436052084 -0.0018931664526462555
v -8.59788415255025e-05 -0.0026829985436052084 -0.0018931664526462555
v -8.59788415255025e-05 -0.0026829985436052084 -0.0018931664526462555
v -8.59788415255025e-05 -0.0026829985436052084 -0.0018931664526462555
v -8.59788415255025e-05 -0.0026829985436052084 -0.0018931664526462555
v -8.604733739048243e-05 -0.002645396161824465 -0.0007462059147655964
v -8.604733739048243e-05 -0.002645396161824465 -0.0007462059147655964
v -8.604733739048243e-05 -0.002645396161824465 -0.0007462059147655964
v -8.604733739048243e-05 -0.002645396161824465 -0.0007462059147655964
v -8.654666453367099e-05 -0.0015000348212197423 -0.0015114081325009465
v -8.654666453367099e-05 -0.0015000348212197423 -0.0015114081325009465
v -8.654666453367099e-05 -0.0015000348212197423 -0.0015114081325009465
v -8.687030640430748e-05 -0.0007978445501066744 -0.0015027503250166774
v -8.687030640430748e-05 -0.0007978445501066744 -0.0015027503250166774
v -8.687030640430748e-05 -0.0007978445501066744 -0.0015027503250166774
v -8.687030640430748e-05 -0.0007978445501066744 -0.0015027503250166774
v -8.895193604985252e-05 0.0034617737401276827 -0.001394728198647499
v -8.895193604985252e-05 0.0034617737401276827 -0.001394728198647499
v -8.895193604985252e-05 0.0034617737401276827 -0.001394728198647499
v -8.895193604985252e-05 0.0034617737401276827 -0.001394728198647499
v -8.895193604985252e-05 0.0034617737401276827 -0.001394728198647499
v -8.895193604985252e-05 0.0034617737401276827 -0.001394728198647499
v -8.895193604985252e-05 0.0034617737401276827 -0.001394728198647499
v -8.895193604985252e-05 0.0034617737401276827 -0.001394728198647499
v -8.895193604985252e-05 0.0034617737401276827 -0.001394728198647499
v -8.895193604985252e-05 0.0034617737401276827 -0.001394728198647499
v -8.895193604985252e-05 0.0034617737401276827 -0.001394728198647499
v -8.895193604985252e-05 0.0034617737401276827 -0.001394728198647499
v -8.895193604985252e-05 0.0034617737401276827 -0.001394728198647499
v -8.895193604985252e-05 0.0034617737401276827 -0.001394728198647499
v -8.895193604985252e-05 0.0034617737401276827 -0.001394728198647499
v -8.895193604985252e-05 0.0034617737401276827 -0.001394728198647499
v -8.895193604985252e-05 0.0034617737401276827 -0.001394728198647499
v -8.895193604985252e-05 0.0034617737401276827 -0.001394728198647499
v -8.895193604985252e-05 0.0034617737401276827 -0.001394728198647499
v -8.895193604985252e-05 0.0034617737401276827 -0.001394728198647499
v -8.895193604985252e-05 0.0034617737401276827 -0.001394728198647499
v -8.895193604985252e-05 0.0034617737401276827 -0.001394728198647499
v -8.895193604985252e-05 0.0034617737401276827 -0.001394728198647499
v -8.718830213183537e-05 -0.00013071569264866412 -0.0012820031261071563
v -8.718830213183537e-05 -0.00013071569264866412 -0.0012820031261071563
v -8.718830213183537e-05 -0.00013071569264866412 -0.0012820031261071563
v -8.747138053877279e-05 0.0003677554486785084 -0.0009236945188604295
v -8.747138053877279e-05 0.0003677554486785084 -0.0009236945188604295
v -8.747138053877279e-05 0.0003677554486785084 -0.0009236945188604295
v -8.765636448515579e-05 0.0007361236494034529 -0.0004315280239097774
v -8.765636448515579e-05 0.0007361236494034529 -0.0004315280239097774
v -8.765636448515579e-05 0.0007361236494034529 -0.0004315280239097774
v -8.775584137765691e-05 0.0008973595686256886 -5.595864058705047e-05
v -8.775584137765691e-05 0.0008973595686256886 -5.595864058705047e-05
v -8.775584137765691e-05 0.0008973595686256886 -5.595864058705047e-05
v -8.782402437645942e-05 0.0009897325653582811 0.00034177585621364415
v -8.782402437645942e-05 0.0009897325653582811 0.00034177585621364415
v -8.782402437645942e-05 0.0009897325653582811 0.00034177585621364415
v -8.780466305324808e-05 0.0010044872760772705 0.000463432923424989
v -8.780466305324808e-05 0.0010044872760772705 0.000463432923424989
v -8.780466305324808e-05 0.0010044872760772705 0.000463432923424989
v -8.881086978362873e-05 0.0029605040326714516 0.0020180700812488794
v -8.881086978362873e-05 0.0029605040326714516 0.0020180700812488794
v -8.881086978362873e-05 0.0029605040326714516 0.0020180700812488794
v -8.881086978362873e-05 0.0029605040326714516 0.0020180700812488794
v -8.881086978362873e-05 0.0029605040326714516 0.0020180700812488794
v -8.885475108399987e-05 0.003066593548282981 0.0020294603891670704
v -8.885475108399987e-05 0.003066593548282981 0.0020294603891670704
v -8.885475108399987e-05 0.003066593548282981 0.0020294603891670704
v -8.885475108399987e-05 0.003066593548282981 0.0020294603891670704
v -8.786968828644603e-05 0.001025219215080142 0.0011563149746507406
v -8.786968828644603e-05 0.001025219215080142 0.0011563149746507406
v -8.786968828644603e-05 0.001025219215080142 0.0011563149746507406
v -8.786968828644603e-05 0.001025219215080142 0.0011563149746507406
v -8.786968828644603e-05 0.001025219215080142 0.0011563149746507406
v -8.786968828644603e-05 0.001025219215080142 0.0011563149746507406
v -8.786968828644603e-05 0.001025219215080142 0.0011563149746507406
v -8.786968828644603e-05 0.001025219215080142 0.0011563149746507406
v -8.786968828644603e-05 0.001025219215080142 0.0011563149746507406
v -8.786968828644603e-05 0.001025219215080142 0.0011563149746507406
v -8.892094774637371e-05 0.0031726432498544455 0.0020414607133716345
v -8.892094774637371e-05 0.0031726432498544455 0.0020414607133716345
v -8.892094774637371e-05 0.0031726432498544455 0.0020414607133716345
v -8.892094774637371e-05 0.0031726432498544455 0.0020414607133716345
v -8.892094774637371e-05 0.0031726432498544455 0.0020414607133716345
v -8.892094774637371e-05 0.0031726432498544455 0.0020414607133716345
v -8.781225187703967e-05 0.0010131151648238301 0.0005861336831003428
v -8.781225187703967e-05 0.0010131151648238301 0.0005861336831003428
v -8.781225187703967e-05 0.0010131151648238301 0.0005861336831003428
v -8.781225187703967e-05 0.0010131151648238301 0.0005861336831003428
v -8.825786062516272e-05 0.0018558703595772386 0.0018969119992107153
v -8.825786062516272e-05 0.0018558703595772386 0.0018969119992107153
v -8.825786062516272e-05 0.0018558703595772386 0.0018969119992107153
v -8.825786062516272e-05 0.0018558703595772386 0.0018969119992107153
v -8.825786062516272e-05 0.0018558703595772386 0.0018969119992107153
v -8.846107812132686e-05 0.002240031259134412 0.0019399957964196801
v -8.846107812132686e-05 0.002240031259134412 0.0019399957964196801
v -8.846107812132686e-05 0.002240031259134412 0.0019399957964196801
v -8.846107812132686e-05 0.002240031259134412 0.0019399957964196801
v -8.846107812132686e-05 0.002240031259134412 0.0019399957964196801
v -8.862163667799905e-05 0.0026002381928265095 0.001979212509468198
v -8.862163667799905e-05 0.0026002381928265095 0.001979212509468198
v -8.862163667799905e-05 0.0026002381928265095 0.001979212509468198
v -8.862163667799905e-05 0.0026002381928265095 0.001979212509468198
v -8.862163667799905e-05 0.0026002381928265095 0.001979212509468198
v -8.789904677541927e-05 0.0010423222556710243 0.0017890536691993475
v -8.789904677541927e-05 0.0010423222556710243 0.0017890536691993475
v -8.789904677541927e-05 0.0010423222556710243 0.0017890536691993475
v -8.789904677541927e-05 0.0010423222556710243 0.0017890536691993475
v -8.786882244748995e-05 0.0010588724398985505 0.0018028708873316646
v -8.786882244748995e-05 0.0010588724398985505 0.0018028708873316646
v -8.786882244748995e-05 0.0010588724398985505 0.0018028708873316646
v -8.786882244748995e-05 0.0010588724398985505 0.0018028708873316646
v -8.788771810941398e-05 0.0010325419716536999 0.0017614056123420596
v -8.788771810941398e-05 0.0010325419716536999 0.0017614056123420596
v -8.788771810941398e-05 0.0010325419716536999 0.0017614056123420596
v -8.788771810941398e-05 0.0010325419716536999 0.0017614056123420596
v -8.788771810941398e-05 0.0010325419716536999 0.0017614056123420596
v -8.790965512162074e-05 0.0011075030779466033 0.001814299263060093
v -8.790965512162074e-05 0.0011075030779466033 0.001814299263060093
v -8.790965512162074e-05 0.0011075030779466033 0.001814299263060093
v -8.790965512162074e-05 0.0011075030779466033 0.001814299263060093
v -8.786230318946764e-05 0.0010300383437424898 0.0017265358474105597
v -8.786230318946764e-05 0.0010300383437424898 0.0017265358474105597
v -8.786230318946764e-05 0.0010300383437424898 0.0017265358474105597
v -8.786230318946764e-05 0.0010300383437424898 0.0017265358474105597
v -8.800567593425512e-05 0.0012896307744085789 0.0018340967362746596
v -8.800567593425512e-05 0.0012896307744085789 0.0018340967362746596
v -8.800567593425512e-05 0.0012896307744085789 0.0018340967362746596
v -8.800567593425512e-05 0.0012896307744085789 0.0018340967362746596
v -8.800567593425512e-05 0.0012896307744085789 0.0018340967362746596
v -8.800567593425512e-05 0.0012896307744085789 0.0018340967362746596
v -8.805902325548232e-05 0.0014718053862452507 0.001853656256571412
v -8.805902325548232e-05 0.0014718053862452507 0.001853656256571412
v -8.805902325548232e-05 0.0014718053862452507 0.001853656256571412
v -8.805902325548232e-05 0.0014718053862452507 0.001853656256571412
v -8.805902325548232e-05 0.0014718053862452507 0.001853656256571412
v -8.610581426182762e-05 -0.002722223289310932 0.002785389544442296
v -8.610581426182762e-05 -0.002722223289310932 0.002785389544442296
v -8.610581426182762e-05 -0.002722223289310932 0.002785389544442296
v -8.604488539276645e-05 -0.002791163744404912 0.0027584799099713564
v -8.604488539276645e-05 -0.002791163744404912 0.0027584799099713564
v -8.604488539276645e-05 -0.002791163744404912 0.0027584799099713564
v -8.604488539276645e-05 -0.002791163744404912 0.0027584799099713564
v -8.604488539276645e-05 -0.002791163744404912 0.0027584799099713564
v -8.605058974353597e-05 -0.00282462895847857 0.0027179524768143892
v -8.605058974353597e-05 -0.00282462895847857 0.0027179524768143892
v -8.605058974353597e-05 -0.00282462895847857 0.0027179524768143892
v -8.605058974353597e-05 -0.00282462895847857 0.0027179524768143892
v -8.606005576439202e-05 -0.0028398220892995596 0.0026429155841469765
v -8.606005576439202e-05 -0.0028398220892995596 0.0026429155841469765
v -8.606005576439202e-05 -0.0028398220892995596 0.0026429155841469765
v -8.596300904173404e-05 -0.0028610718436539173 0.00024819723330438137
v -8.596300904173404e-05 -0.0028610718436539173 0.00024819723330438137
v -8.596300904173404e-05 -0.0028610718436539173 0.00024819723330438137
v -8.596300904173404e-05 -0.0028610718436539173 0.00024819723330438137
v -8.559977140976116e-05 -0.0034462069161236286 -0.00195504748262465
v -8.559977140976116e-05 -0.0034462069161236286 -0.00195504748262465
v -8.559977140976116e-05 -0.0034462069161236286 -0.00195504748262465
v -8.559977140976116e-05 -0.0034462069161236286 -0.00195504748262465
v -8.559977140976116e-05 -0.0034462069161236286 -0.00195504748262465
v -8.559977140976116e-05 -0.0034462069161236286 -0.00195504748262465
v -8.559977140976116e-05 -0.0034462069161236286 -0.00195504748262465
v -8.559977140976116e-05 -0.0034462069161236286 -0.00195504748262465
v -8.559977140976116e-05 -0.0034462069161236286 -0.00195504748262465
v -8.559977140976116e-05 -0.0034462069161236286 -0.00195504748262465
v -8.559977140976116e-05 -0.0034462069161236286 -0.00195504748262465
v -8.559977140976116e-05 -0.0034462069161236286 -0.00195504748262465
v -8.559977140976116e-05 -0.0034462069161236286 -0.00195504748262465
v -8.559977140976116e-05 -0.0034462069161236286 -0.00195504748262465
v -8.596693078288808e-05 -0.0028437080327421427 -0.00010317197302356362
v -8.596693078288808e-05 -0.0028437080327421427 -0.00010317197302356362
v -8.596693078288808e-05 -0.0028437080327421427 -0.00010317197302356362
v -8.596693078288808e-05 -0.0028437080327421427 -0.00010317197302356362
v -8.593293750891462e-05 -0.0027715866453945637 -0.0004481429059524089
v -8.593293750891462e-05 -0.0027715866453945637 -0.0004481429059524089
v -8.593293750891462e-05 -0.0027715866453945637 -0.0004481429059524089
v -8.878890366759151e-05 0.002829500939697027 0.003415548475459218
v -8.878890366759151e-05 0.002829500939697027 0.003415548475459218
v -8.878890366759151e-05 0.002829500939697027 0.003415548475459218
v -8.878890366759151e-05 0.002829500939697027 0.003415548475459218
v -8.878890366759151e-05 0.002829500939697027 0.003415548475459218
v -8.86099151102826e-05 0.002483383985236287 0.0033765623811632395
v -8.86099151102826e-05 0.002483383985236287 0.0033765623811632395
v -8.86099151102826e-05 0.002483383985236287 0.0033765623811632395
v -8.86099151102826e-05 0.002483383985236287 0.0033765623811632395
v -8.86099151102826e-05 0.002483383985236287 0.0033765623811632395
v -8.848268043948337e-05 0.002137289848178625 0.0033370452001690865
v -8.848268043948337e-05 0.002137289848178625 0.0033370452001690865
v -8.848268043948337e-05 0.002137289848178625 0.0033370452001690865
v -8.848268043948337e-05 0.002137289848178625 0.0033370452001690865
v -8.848268043948337e-05 0.002137289848178625 0.0033370452001690865
v -8.82861131685786e-05 0.0017911979230120778 0.00329753034748137
v -8.82861131685786e-05 0.0017911979230120778 0.00329753034748137
v -8.82861131685786e-05 0.0017911979230120778 0.00329753034748137
v -8.82861131685786e-05 0.0017911979230120778 0.00329753034748137
v -8.82861131685786e-05 0.0017911979230120778 0.00329753034748137
v -8.814666944090277e-05 0.0014470957685261965 0.003258798271417618
v -8.814666944090277e-05 0.0014470957685261965 0.003258798271417618
v -8.814666944090277e-05 0.0014470957685261965 0.003258798271417618
v -8.814666944090277e-05 0.0014470957685261965 0.003258798271417618
v -8.814666944090277e-05 0.0014470957685261965 0.003258798271417618
v -8.743579383008182e-05 6.672196468571201e-05 0.003102182410657406
v -8.743579383008182e-05 6.672196468571201e-05 0.003102182410657406
v -8.743579383008182e-05 6.672196468571201e-05 0.003102182410657406
v -8.743579383008182e-05 6.672196468571201e-05 0.003102182410657406
v -8.743579383008182e-05 6.672196468571201e-05 0.003102182410657406
v -8.729587716516107e-05 -0.0002773888409137726 0.003063456155359745
v -8.729587716516107e-05 -0.0002773888409137726 0.003063456155359745
v -8.729587716516107e-05 -0.0002773888409137726 0.003063456155359745
v -8.729587716516107e-05 -0.0002773888409137726 0.003063456155359745
v -8.729587716516107e-05 -0.0002773888409137726 0.003063456155359745
v -8.710083784535527e-05 -0.0006194896996021271 0.003024671459570527
v -8.710083784535527e-05 -0.0006194896996021271 0.003024671459570527
v -8.710083784535527e-05 -0.0006194896996021271 0.003024671459570527
v -8.710083784535527e-05 -0.0006194896996021271 0.003024671459570527
v -8.710083784535527e-05 -0.0006194896996021271 0.003024671459570527
v -8.795199391897768e-05 0.0011029958259314299 0.0032200089190155268
v -8.795199391897768e-05 0.0011029958259314299 0.0032200089190155268
v -8.795199391897768e-05 0.0011029958259314299 0.0032200089190155268
v -8.795199391897768e-05 0.0011029958259314299 0.0032200089190155268
v -8.795199391897768e-05 0.0011029958259314299 0.0032200089190155268
v -8.775600872468203e-05 0.0007569052395410836 0.003180486848577857
v -8.775600872468203e-05 0.0007569052395410836 0.003180486848577857
v -8.775600872468203e-05 0.0007569052395410836 0.003180486848577857
v -8.775600872468203e-05 0.0007569052395410836 0.003180486848577857
v -8.775600872468203e-05 0.0007569052395410836 0.003180486848577857
v -8.775600872468203e-05 0.0007569052395410836 0.003180486848577857
v -8.763046935200691e-05 0.0004108219873160124 0.003140971763059497
v -8.763046935200691e-05 0.0004108219873160124 0.003140971763059497
v -8.763046935200691e-05 0.0004108219873160124 0.003140971763059497
v -8.763046935200691e-05 0.0004108219873160124 0.003140971763059497
v -8.763046935200691e-05 0.0004108219873160124 0.003140971763059497
v -8.663922199048102e-05 -0.0016577785136178136 0.0029069101437926292
v -8.663922199048102e-05 -0.0016577785136178136 0.0029069101437926292
v -8.663922199048102e-05 -0.0016577785136178136 0.0029069101437926292
v -8.663922199048102e-05 -0.0016577785136178136 0.0029069101437926292
v -8.663922199048102e-05 -0.0016577785136178136 0.0029069101437926292
v -8.644615445518866e-05 -0.0019718226976692677 0.0028711208142340183
v -8.644615445518866e-05 -0.0019718226976692677 0.0028711208142340183
v -8.644615445518866e-05 -0.0019718226976692677 0.0028711208142340183
v -8.644615445518866e-05 -0.0019718226976692677 0.0028711208142340183
v -8.644615445518866e-05 -0.0019718226976692677 0.0028711208142340183
v -8.631866512587294e-05 -0.0022859168238937855 0.002835259074345231
v -8.631866512587294e-05 -0.0022859168238937855 0.002835259074345231
v -8.631866512587294e-05 -0.0022859168238937855 0.002835259074345231
v -8.631866512587294e-05 -0.0022859168238937855 0.002835259074345231
v -8.631866512587294e-05 -0.0022859168238937855 0.002835259074345231
v -8.69651630637236e-05 -0.0009615868330001831 0.002985892118886113
v -8.69651630637236e-05 -0.0009615868330001831 0.002985892118886113
v -8.69651630637236e-05 -0.0009615868330001831 0.002985892118886113
v -8.69651630637236e-05 -0.0009615868330001831 0.002985892118886113
v -8.69651630637236e-05 -0.0009615868330001831 0.002985892118886113
v -8.676497964188457e-05 -0.0013096947222948074 0.002946422668173909
v -8.676497964188457e-05 -0.0013096947222948074 0.002946422668173909
v -8.676497964188457e-05 -0.0013096947222948074 0.002946422668173909
v -8.676497964188457e-05 -0.0013096947222948074 0.002946422668173909
v -8.676497964188457e-05 -0.0013096947222948074 0.002946422668173909
v -8.619131403975189e-05 -0.002495954744517803 0.002811335725709796
v -8.619131403975189e-05 -0.002495954744517803 0.002811335725709796
v -8.619131403975189e-05 -0.002495954744517803 0.002811335725709796
v -8.619131403975189e-05 -0.002495954744517803 0.002811335725709796
v -8.610408258391544e-05 -0.002706033643335104 0.0027876587118953466
v -8.610408258391544e-05 -0.002706033643335104 0.0027876587118953466
v -8.610408258391544e-05 -0.002706033643335104 0.0027876587118953466
v -8.925839938456193e-05 0.004116523545235395 -0.0013416300062090158
v -8.925839938456193e-05 0.004116523545235395 -0.0013416300062090158
v -8.925839938456193e-05 0.004116523545235395 -0.0013416300062090158
v -8.925839938456193e-05 0.004116523545235395 -0.0013416300062090158
v -8.925839938456193e-05 0.004116523545235395 -0.0013416300062090158
v -8.925839938456193e-05 0.004116523545235395 -0.0013416300062090158
v -8.925839938456193e-05 0.004116523545235395 -0.0013416300062090158
v -8.925839938456193e-05 0.004116523545235395 -0.0013416300062090158
v -8.90231312951073e-05 0.0033040528651326895 0.0033931348007172346
v -8.90231312951073e-05 0.0033040528651326895 0.0033931348007172346
v -8.90231312951073e-05 0.0033040528651326895 0.0033931348007172346
v -8.90231312951073e-05 0.0033040528651326895 0.0033931348007172346
v -8.90231312951073e-05 0.0033040528651326895 0.0033931348007172346
v -8.895985956769437e-05 0.0032923168037086725 0.0021270590368658304
v -8.895985956769437e-05 0.0032923168037086725 0.0021270590368658304
v -8.895985956769437e-05 0.0032923168037086725 0.0021270590368658304
v -8.895985956769437e-05 0.0032923168037086725 0.0021270590368658304
v -8.895985956769437e-05 0.0032923168037086725 0.0021270590368658304
v -8.895985956769437e-05 0.0032923168037086725 0.0021270590368658304
v -8.896418148651719e-05 0.003232219023630023 0.002061896026134491
v -8.896418148651719e-05 0.003232219023630023 0.002061896026134491
v -8.896418148651719e-05 0.003232219023630023 0.002061896026134491
v -8.896418148651719e-05 0.003232219023630023 0.002061896026134491
v -8.896418148651719e-05 0.003232219023630023 0.002061896026134491
v -8.902670379029587e-05 0.003272570902481675 0.003436566097661853
v -8.902670379029587e-05 0.003272570902481675 0.003436566097661853
v -8.902670379029587e-05 0.003272570902481675 0.003436566097661853
v -8.902670379029587e-05 0.003272570902481675 0.003436566097661853
v -8.902670379029587e-05 0.003272570902481675 0.003436566097661853
v -8.897465886548162e-05 0.0032443939708173275 0.0034536768216639757
v -8.897465886548162e-05 0.0032443939708173275 0.0034536768216639757
v -8.897465886548162e-05 0.0032443939708173275 0.0034536768216639757
v -8.897465886548162e-05 0.0032443939708173275 0.0034536768216639757
v -8.897465886548162e-05 0.0032443939708173275 0.0034536768216639757
v -8.898166561266407e-05 0.003175523364916444 0.00345511082559824
v -8.898166561266407e-05 0.003175523364916444 0.00345511082559824
v -8.898166561266407e-05 0.003175523364916444 0.00345511082559824
v -8.621950837550685e-05 -0.002797042718157172 0.007302334997802973
v -8.621950837550685e-05 -0.002797042718157172 0.007302334997802973
v -8.621950837550685e-05 -0.002797042718157172 0.007302334997802973
v -8.621867891633883e-05 -0.0027435084339231253 0.006942737847566605
v -8.621867891633883e-05 -0.0027435084339231253 0.006942737847566605
v -8.621867891633883e-05 -0.0027435084339231253 0.006942737847566605
v -8.588753553340212e-05 -0.003267915453761816 0.005318162497133017
v -8.588753553340212e-05 -0.003267915453761816 0.005318162497133017
v -8.588753553340212e-05 -0.003267915453761816 0.005318162497133017
v -8.588753553340212e-05 -0.003267915453761816 0.005318162497133017
v -8.588753553340212e-05 -0.003267915453761816 0.005318162497133017
v -8.588753553340212e-05 -0.003267915453761816 0.005318162497133017
v -8.588753553340212e-05 -0.003267915453761816 0.005318162497133017
v -8.588753553340212e-05 -0.003267915453761816 0.005318162497133017
v -8.588753553340212e-05 -0.003267915453761816 0.005318162497133017
v -8.588753553340212e-05 -0.003267915453761816 0.005318162497133017
v -8.588753553340212e-05 -0.003267915453761816 0.005318162497133017
v -8.588753553340212e-05 -0.003267915453761816 0.005318162497133017
v -8.588753553340212e-05 -0.003267915453761816 0.005318162497133017
v -8.588753553340212e-05 -0.003267915453761816 0.005318162497133017
v -8.588753553340212e-05 -0.003267915453761816 0.005318162497133017
v -8.588753553340212e-05 -0.003267915453761816 0.005318162497133017
v -8.588753553340212e-05 -0.003267915453761816 0.005318162497133017
v -8.588753553340212e-05 -0.003267915453761816 0.005318162497133017
v -8.588753553340212e-05 -0.003267915453761816 0.005318162497133017
v -8.588753553340212e-05 -0.003267915453761816 0.005318162497133017
v -8.71273732627742e-05 -0.0007551516755484045 0.005727344658225775
v -8.71273732627742e-05 -0.0007551516755484045 0.005727344658225775
v -8.71273732627742e-05 -0.0007551516755484045 0.005727344658225775
v -8.752794383326545e-05 1.4090293007029686e-05 0.005994326435029507
v -8.752794383326545e-05 1.4090293007029686e-05 0.005994326435029507
v -8.752794383326545e-05 1.4090293007029686e-05 0.005994326435029507
v -8.781361975707114e-05 0.0006244264077395201 0.006534607149660587
v -8.781361975707114e-05 0.0006244264077395201 0.006534607149660587
v -8.781361975707114e-05 0.0006244264077395201 0.006534607149660587
v -8.801644435152411e-05 0.0009664064273238182 0.007182403467595577
v -8.801644435152411e-05 0.0009664064273238182 0.007182403467595577
v -8.801644435152411e-05 0.0009664064273238182 0.007182403467595577
v -8.628072100691497e-05 -0.002556002466008067 0.0064542656764388084
v -8.628072100691497e-05 -0.002556002466008067 0.0064542656764388084
v -8.628072100691497e-05 -0.002556002466008067 0.0064542656764388084
v -8.64447356434539e-05 -0.0022155307233333588 0.006057297345250845
v -8.64447356434539e-05 -0.0022155307233333588 0.006057297345250845
v -8.64447356434539e-05 -0.0022155307233333588 0.006057297345250845
v -8.661816536914557e-05 -0.00186704914085567 0.0058461022563278675
v -8.661816536914557e-05 -0.00186704914085567 0.0058461022563278675
v -8.661816536914557e-05 -0.00186704914085567 0.0058461022563278675
v -8.894178608898073e-05 0.0026412084698677063 0.010630490258336067
v -8.894178608898073e-05 0.0026412084698677063 0.010630490258336067
v -8.894178608898073e-05 0.0026412084698677063 0.010630490258336067
v -8.894178608898073e-05 0.0026412084698677063 0.010630490258336067
v -8.894178608898073e-05 0.0026412084698677063 0.010630490258336067
v -8.894178608898073e-05 0.0026412084698677063 0.010630490258336067
v -8.88202921487391e-05 0.0016256292583420873 0.021242061629891396
v -8.88202921487391e-05 0.0016256292583420873 0.021242061629891396
v -8.88202921487391e-05 0.0016256292583420873 0.021242061629891396
v -8.88202921487391e-05 0.0016256292583420873 0.021242061629891396
v -8.88202921487391e-05 0.0016256292583420873 0.021242061629891396
v -8.88202921487391e-05 0.0016256292583420873 0.021242061629891396
v -8.88202921487391e-05 0.0016256292583420873 0.021242061629891396
v -8.88202921487391e-05 0.0016256292583420873 0.021242061629891396
v -8.88202921487391e-05 0.0016256292583420873 0.021242061629891396
v -8.867392170941457e-05 0.002036742866039276 0.010561948642134666
v -8.867392170941457e-05 0.002036742866039276 0.010561948642134666
v -8.867392170941457e-05 0.002036742866039276 0.010561948642134666
v -8.867392170941457e-05 0.002036742866039276 0.010561948642134666
v -8.867392170941457e-05 0.002036742866039276 0.010561948642134666
v -8.81095475051552e-05 0.0009559947066009045 0.010439434088766575
v -8.81095475051552e-05 0.0009559947066009045 0.010439434088766575
v -8.81095475051552e-05 0.0009559947066009045 0.010439434088766575
v -8.81095475051552e-05 0.0009559947066009045 0.010439434088766575
v -8.81095475051552e-05 0.0009559947066009045 0.010439434088766575
v -8.81095475051552e-05 0.0009559947066009045 0.010439434088766575
v -8.752334542805329e-05 -0.0002608920622151345 0.010301484726369381
v -8.752334542805329e-05 -0.0002608920622151345 0.010301484726369381
v -8.752334542805329e-05 -0.0002608920622151345 0.010301484726369381
v -8.752334542805329e-05 -0.0002608920622151345 0.010301484726369381
v -8.752334542805329e-05 -0.0002608920622151345 0.010301484726369381
v -8.724959479877725e-05 -0.0008633106481283903 0.0102330157533288
v -8.724959479877725e-05 -0.0008633106481283903 0.0102330157533288
v -8.724959479877725e-05 -0.0008633106481283903 0.0102330157533288
v -8.724959479877725e-05 -0.0008633106481283903 0.0102330157533288
v -8.724959479877725e-05 -0.0008633106481283903 0.0102330157533288
v -8.696540317032486e-05 -0.0014657768188044429 0.010164538398385048
v -8.696540317032486e-05 -0.0014657768188044429 0.010164538398385048
v -8.696540317032486e-05 -0.0014657768188044429 0.010164538398385048
v -8.696540317032486e-05 -0.0014657768188044429 0.010164538398385048
v -8.696540317032486e-05 -0.0014657768188044429 0.010164538398385048
v -8.635140693513677e-05 -0.0026515887584537268 0.010029956698417664
v -8.635140693513677e-05 -0.0026515887584537268 0.010029956698417664
v -8.635140693513677e-05 -0.0026515887584537268 0.010029956698417664
v -8.635551057523116e-05 -0.002724838675931096 0.009998486377298832
v -8.635551057523116e-05 -0.002724838675931096 0.009998486377298832
v -8.635551057523116e-05 -0.002724838675931096 0.009998486377298832
v -8.635551057523116e-05 -0.002724838675931096 0.009998486377298832
v -8.635551057523116e-05 -0.002724838675931096 0.009998486377298832
v -8.628390060039237e-05 -0.0027725351974368095 0.00994169618934393
v -8.628390060039237e-05 -0.0027725351974368095 0.00994169618934393
v -8.628390060039237e-05 -0.0027725351974368095 0.00994169618934393
v -8.628390060039237e-05 -0.0027725351974368095 0.00994169618934393
v -8.628390060039237e-05 -0.0027725351974368095 0.00994169618934393
v -8.628390060039237e-05 -0.0027725351974368095 0.00994169618934393
v -8.622751192888245e-05 -0.0027965581975877285 0.007353132590651512
v -8.622751192888245e-05 -0.0027965581975877285 0.007353132590651512
v -8.622751192888245e-05 -0.0027965581975877285 0.007353132590651512
v -8.622751192888245e-05 -0.0027965581975877285 0.007353132590651512
v -8.812946180114523e-05 0.0010856594890356064 0.00790547113865614
v -8.812946180114523e-05 0.0010856594890356064 0.00790547113865614
v -8.812946180114523e-05 0.0010856594890356064 0.00790547113865614
v -8.812946180114523e-05 0.0010856594890356064 0.00790547113865614
v -8.813609019853175e-05 0.001093960483558476 0.008431291207671165
v -8.813609019853175e-05 0.001093960483558476 0.008431291207671165
v -8.813609019853175e-05 0.001093960483558476 0.008431291207671165
v -8.813609019853175e-05 0.001093960483558476 0.008431291207671165
v -8.813609019853175e-05 0.001093960483558476 0.008431291207671165
v -8.884743874659762e-05 0.002515967935323715 0.009204572066664696
v -8.884743874659762e-05 0.002515967935323715 0.009204572066664696
v -8.884743874659762e-05 0.002515967935323715 0.009204572066664696
v -8.884743874659762e-05 0.002515967935323715 0.009204572066664696
v -8.884743874659762e-05 0.002515967935323715 0.009204572066664696
v -8.884743874659762e-05 0.002515967935323715 0.009204572066664696
v -8.884743874659762e-05 0.002515967935323715 0.009204572066664696
v -8.664506458444521e-05 -0.002044170629233122 0.010098924860358238
v -8.664506458444521e-05 -0.002044170629233122 0.010098924860358238
v -8.664506458444521e-05 -0.002044170629233122 0.010098924860358238
v -8.664506458444521e-05 -0.002044170629233122 0.010098924860358238
v -8.64112880663015e-05 -0.0026227200869470835 0.010034497827291489
v -8.64112880663015e-05 -0.0026227200869470835 0.010034497827291489
v -8.64112880663015e-05 -0.0026227200869470835 0.010034497827291489
v -8.68017305037938e-05 -0.001474510645493865 0.0057359435595571995
v -8.68017305037938e-05 -0.001474510645493865 0.0057359435595571995
v -8.68017305037938e-05 -0.001474510645493865 0.0057359435595571995
v -8.681589679326862e-05 -0.0013770995428785682 0.005722327623516321
v -8.681589679326862e-05 -0.0013770995428785682 0.005722327623516321
v -8.681589679326862e-05 -0.0013770995428785682 0.005722327623516321
v -8.690440881764516e-05 -0.0012794832000508904 0.005709910299628973
v -8.690440881764516e-05 -0.0012794832000508904 0.005709910299628973
v -8.690440881764516e-05 -0.0012794832000508904 0.005709910299628973
v -8.704995707375929e-05 -0.0010101802181452513 0.005707454867660999
v -8.704995707375929e-05 -0.0010101802181452513 0.005707454867660999
v -8.704995707375929e-05 -0.0010101802181452513 0.005707454867660999
v -8.706163498573005e-05 -0.0008822642266750336 0.005713208112865686
v -8.706163498573005e-05 -0.0008822642266750336 0.005713208112865686
v -8.706163498573005e-05 -0.0008822642266750336 0.005713208112865686
v -8.706163498573005e-05 -0.0008822642266750336 0.005713208112865686
v -8.816297486191615e-05 0.001110956771299243 0.009031003341078758
v -8.816297486191615e-05 0.001110956771299243 0.009031003341078758
v -8.816297486191615e-05 0.001110956771299243 0.009031003341078758
v -8.816297486191615e-05 0.001110956771299243 0.009031003341078758
v -8.818101923679933e-05 0.001129027339629829 0.009045105427503586
v -8.818101923679933e-05 0.001129027339629829 0.009045105427503586
v -8.818101923679933e-05 0.001129027339629829 0.009045105427503586
v -8.818101923679933e-05 0.001129027339629829 0.009045105427503586
v -8.812769374344498e-05 0.0011014133924618363 0.009008314460515976
v -8.812769374344498e-05 0.0011014133924618363 0.009008314460515976
v -8.812769374344498e-05 0.0011014133924618363 0.009008314460515976
v -8.812769374344498e-05 0.0011014133924618363 0.009008314460515976
v -8.812769374344498e-05 0.0011014133924618363 0.009008314460515976
v -8.820022776490077e-05 0.0011886215070262551 0.009057576768100262
v -8.820022776490077e-05 0.0011886215070262551 0.009057576768100262
v -8.820022776490077e-05 0.0011886215070262551 0.009057576768100262
v -8.820022776490077e-05 0.0011886215070262551 0.009057576768100262
v -8.813256863504648e-05 0.0010974006727337837 0.00895723793655634
v -8.813256863504648e-05 0.0010974006727337837 0.00895723793655634
v -8.813256863504648e-05 0.0010974006727337837 0.00895723793655634
v -8.813256863504648e-05 0.0010974006727337837 0.00895723793655634
v -8.836529013933614e-05 0.0015049370704218745 0.009092195890843868
v -8.836529013933614e-05 0.0015049370704218745 0.009092195890843868
v -8.836529013933614e-05 0.0015049370704218745 0.009092195890843868
v -8.836529013933614e-05 0.0015049370704218745 0.009092195890843868
v -8.836529013933614e-05 0.0015049370704218745 0.009092195890843868
v -8.836529013933614e-05 0.0015049370704218745 0.009092195890843868
v -8.850182348396629e-05 0.001821311074309051 0.009127194993197918
v -8.850182348396629e-05 0.001821311074309051 0.009127194993197918
v -8.850182348396629e-05 0.001821311074309051 0.009127194993197918
v -8.850182348396629e-05 0.001821311074309051 0.009127194993197918
v -8.850182348396629e-05 0.001821311074309051 0.009127194993197918
v -8.701813203515485e-05 -0.0010537055786699057 0.005707853473722935
v -8.701813203515485e-05 -0.0010537055786699057 0.005707853473722935
v -8.701813203515485e-05 -0.0010537055786699057 0.005707853473722935
v -8.701813203515485e-05 -0.0010537055786699057 0.005707853473722935
v -8.701813203515485e-05 -0.0010537055786699057 0.005707853473722935
v -8.699174941284582e-05 -0.0010319392895326018 0.005707434844225645
v -8.699174941284582e-05 -0.0010319392895326018 0.005707434844225645
v -8.699174941284582e-05 -0.0010319392895326018 0.005707434844225645
v -8.917856030166149e-05 0.0032330567482858896 0.009284261614084244
v -8.917856030166149e-05 0.0032330567482858896 0.009284261614084244
v -8.917856030166149e-05 0.0032330567482858896 0.009284261614084244
v -8.917856030166149e-05 0.0032330567482858896 0.009284261614084244
v -8.92158059286885e-05 0.0033144254703074694 0.009316080249845982
v -8.92158059286885e-05 0.0033144254703074694 0.009316080249845982
v -8.92158059286885e-05 0.0033144254703074694 0.009316080249845982
v -8.92158059286885e-05 0.0033144254703074694 0.009316080249845982
v -8.92158059286885e-05 0.0033144254703074694 0.009316080249845982
v -9.001171565614641e-05 0.0051927282474935055 0.006004434544593096
v -9.001171565614641e-05 0.0051927282474935055 0.006004434544593096
v -9.001171565614641e-05 0.0051927282474935055 0.006004434544593096
v -9.001171565614641e-05 0.0051927282474935055 0.006004434544593096
v -9.001171565614641e-05 0.0051927282474935055 0.006004434544593096
v -9.001171565614641e-05 0.0051927282474935055 0.006004434544593096
v -9.001171565614641e-05 0.0051927282474935055 0.006004434544593096
v -9.001171565614641e-05 0.0051927282474935055 0.006004434544593096
v -8.92622847459279e-05 0.003359495662152767 0.00936866644769907
v -8.92622847459279e-05 0.003359495662152767 0.00936866644769907
v -8.92622847459279e-05 0.003359495662152767 0.00936866644769907
v -8.92622847459279e-05 0.003359495662152767 0.00936866644769907
v -8.92622847459279e-05 0.003359495662152767 0.00936866644769907
v -8.928051829570904e-05 0.0033712584991008043 0.010642845183610916
v -8.928051829570904e-05 0.0033712584991008043 0.010642845183610916
v -8.928051829570904e-05 0.0033712584991008043 0.010642845183610916
v -8.928051829570904e-05 0.0033712584991008043 0.010642845183610916
v -8.928051829570904e-05 0.0033712584991008043 0.010642845183610916
v -8.928151510190219e-05 0.0033577298745512962 0.010663692839443684
v -8.928151510190219e-05 0.0033577298745512962 0.010663692839443684
v -8.928151510190219e-05 0.0033577298745512962 0.010663692839443684
v -8.928807801567018e-05 0.003318730741739273 0.010692899115383625
v -8.928807801567018e-05 0.003318730741739273 0.010692899115383625
v -8.928807801567018e-05 0.003318730741739273 0.010692899115383625
v -8.928807801567018e-05 0.003318730741739273 0.010692899115383625
v -8.928807801567018e-05 0.003318730741739273 0.010692899115383625
v -8.92350435606204e-05 0.0032456268090754747 0.010699580423533916
v -8.92350435606204e-05 0.0032456268090754747 0.010699580423533916
v -8.92350435606204e-05 0.0032456268090754747 0.010699580423533916
v -8.918884122977033e-05 0.0032107862643897533 0.009281112812459469
v -8.918884122977033e-05 0.0032107862643897533 0.009281112812459469
v -8.918884122977033e-05 0.0032107862643897533 0.009281112812459469
v -8.59675565152429e-05 -0.004870169330388308 0.03116549924015999
v -8.59675565152429e-05 -0.004870169330388308 0.03116549924015999
v -8.59675565152429e-05 -0.004870169330388308 0.03116549924015999
v -8.59675565152429e-05 -0.004870169330388308 0.03116549924015999
v -8.59675565152429e-05 -0.004870169330388308 0.03116549924015999
v -8.59675565152429e-05 -0.004870169330388308 0.03116549924015999
v -9.089008381124586e-05 0.00558475311845541 0.027230476960539818
v -9.089008381124586e-05 0.00558475311845541 0.027230476960539818
v -9.089008381124586e-05 0.00558475311845541 0.027230476960539818
v -9.060929005499929e-05 0.004862029571086168 0.028270840644836426
v -9.060929005499929e-05 0.004862029571086168 0.028270840644836426
v -9.060929005499929e-05 0.004862029571086168 0.028270840644836426
v -9.060929005499929e-05 0.004862029571086168 0.028270840644836426
v -9.060929005499929e-05 0.004862029571086168 0.028270840644836426
v -9.060929005499929e-05 0.004862029571086168 0.028270840644836426
v -9.009222412714735e-05 0.003774350043386221 0.028920235112309456
v -9.009222412714735e-05 0.003774350043386221 0.028920235112309456
v -9.009222412714735e-05 0.003774350043386221 0.028920235112309456
v -9.009222412714735e-05 0.003774350043386221 0.028920235112309456
v -8.663330663694069e-05 -0.003504220163449645 0.03137659654021263
v -8.663330663694069e-05 -0.003504220163449645 0.03137659654021263
v -8.663330663694069e-05 -0.003504220163449645 0.03137659654021263
v -8.663330663694069e-05 -0.003504220163449645 0.03137659654021263
v -8.629777585156262e-05 -0.004212979692965746 0.03143773972988129
v -8.629777585156262e-05 -0.004212979692965746 0.03143773972988129
v -8.629777585156262e-05 -0.004212979692965746 0.03143773972988129
v -8.544533920940012e-05 -0.005316292401403189 0.02110070362687111
v -8.544533920940012e-05 -0.005316292401403189 0.02110070362687111
v -8.544533920940012e-05 -0.005316292401403189 0.02110070362687111
v -8.544533920940012e-05 -0.005316292401403189 0.02110070362687111
v -8.545926539227366e-05 -0.005282339174300432 0.02068173512816429
v -8.545926539227366e-05 -0.005282339174300432 0.02068173512816429
v -8.545926539227366e-05 -0.005282339174300432 0.02068173512816429
v -8.545926539227366e-05 -0.005282339174300432 0.02068173512816429
v -8.545926539227366e-05 -0.005282339174300432 0.02068173512816429
v -8.544703450752422e-05 -0.0053083146922290325 0.020679617300629616
v -8.544703450752422e-05 -0.0053083146922290325 0.020679617300629616
v -8.544703450752422e-05 -0.0053083146922290325 0.020679617300629616
v -8.544703450752422e-05 -0.0053083146922290325 0.020679617300629616
v -8.556156535632908e-05 -0.004031117539852858 0.005256271921098232
v -8.556156535632908e-05 -0.004031117539852858 0.005256271921098232
v -8.556156535632908e-05 -0.004031117539852858 0.005256271921098232
v -8.556156535632908e-05 -0.004031117539852858 0.005256271921098232
v -8.556156535632908e-05 -0.004031117539852858 0.005256271921098232
v -8.556156535632908e-05 -0.004031117539852858 0.005256271921098232
v -8.505498408339918e-05 -0.005014439579099417 0.005176509730517864
v -8.505498408339918e-05 -0.005014439579099417 0.005176509730517864
v -8.505498408339918e-05 -0.005014439579099417 0.005176509730517864
v -8.505498408339918e-05 -0.005014439579099417 0.005176509730517864
v -8.557190449209884e-05 -0.004008965101093054 0.004982760641723871
v -8.557190449209884e-05 -0.004008965101093054 0.004982760641723871
v -8.557190449209884e-05 -0.004008965101093054 0.004982760641723871
v -8.557190449209884e-05 -0.004008965101093054 0.004982760641723871
v -8.557190449209884e-05 -0.004008965101093054 0.004982760641723871
v -8.557190449209884e-05 -0.004008965101093054 0.004982760641723871
v -8.504527067998424e-05 -0.00500924838706851 0.0049016112461686134
v -8.504527067998424e-05 -0.00500924838706851 0.0049016112461686134
v -8.504527067998424e-05 -0.00500924838706851 0.0049016112461686134
v -8.504527067998424e-05 -0.00500924838706851 0.0049016112461686134
v -8.504527067998424e-05 -0.00500924838706851 0.0049016112461686134
v -8.556216198485345e-05 -0.0038604289293289185 0.003151785582304001
v -8.556216198485345e-05 -0.0038604289293289185 0.003151785582304001
v -8.556216198485345e-05 -0.0038604289293289185 0.003151785582304001
v -8.556216198485345e-05 -0.0038604289293289185 0.003151785582304001
v -8.556216198485345e-05 -0.0038604289293289185 0.003151785582304001
v -8.49992866278626e-05 -0.004974361043423414 0.003061444265767932
v -8.49992866278626e-05 -0.004974361043423414 0.003061444265767932
v -8.49992866278626e-05 -0.004974361043423414 0.003061444265767932
v -8.49992866278626e-05 -0.004974361043423414 0.003061444265767932
v -8.559313573641703e-05 -0.0030528181232511997 -0.006805152166634798
v -8.559313573641703e-05 -0.0030528181232511997 -0.006805152166634798
v -8.559313573641703e-05 -0.0030528181232511997 -0.006805152166634798
v -8.559313573641703e-05 -0.0030528181232511997 -0.006805152166634798
v -8.559313573641703e-05 -0.0030528181232511997 -0.006805152166634798
v -8.559313573641703e-05 -0.0030528181232511997 -0.006805152166634798
v -8.559313573641703e-05 -0.0030528181232511997 -0.006805152166634798
v -8.559313573641703e-05 -0.0030528181232511997 -0.006805152166634798
v -8.559313573641703e-05 -0.0030528181232511997 -0.006805152166634798
v -8.559313573641703e-05 -0.0030528181232511997 -0.006805152166634798
v -8.559313573641703e-05 -0.0030528181232511997 -0.006805152166634798
v -8.559313573641703e-05 -0.0030528181232511997 -0.006805152166634798
v -8.559313573641703e-05 -0.0030528181232511997 -0.006805152166634798
v -8.559313573641703e-05 -0.0030528181232511997 -0.006805152166634798
v -8.559313573641703e-05 -0.0030528181232511997 -0.006805152166634798
v -8.559313573641703e-05 -0.0030528181232511997 -0.006805152166634798
v -8.559313573641703e-05 -0.0030528181232511997 -0.006805152166634798
v -8.48743729875423e-05 -0.004877055529505014 -0.002071142429485917
v -8.48743729875423e-05 -0.004877055529505014 -0.002071142429485917
v -8.48743729875423e-05 -0.004877055529505014 -0.002071142429485917
v -8.48743729875423e-05 -0.004877055529505014 -0.002071142429485917
v -8.478545350953937e-05 -0.004784703254699707 -0.00694561842828989
v -8.478545350953937e-05 -0.004784703254699707 -0.00694561842828989
v -8.478545350953937e-05 -0.004784703254699707 -0.00694561842828989
v -8.478545350953937e-05 -0.004784703254699707 -0.00694561842828989
v -8.478545350953937e-05 -0.004784703254699707 -0.00694561842828989
v -8.478545350953937e-05 -0.004784703254699707 -0.00694561842828989
v -8.478545350953937e-05 -0.004784703254699707 -0.00694561842828989
v -8.437034557573497e-05 -0.003804238513112068 -0.03304577246308327
v -8.437034557573497e-05 -0.003804238513112068 -0.03304577246308327
v -8.437034557573497e-05 -0.003804238513112068 -0.03304577246308327
v -8.437034557573497e-05 -0.003804238513112068 -0.03304577246308327
v -8.42631925479509e-05 -0.0041668289341032505 -0.032687727361917496
v -8.42631925479509e-05 -0.0041668289341032505 -0.032687727361917496
v -8.42631925479509e-05 -0.0041668289341032505 -0.032687727361917496
v -8.42631925479509e-05 -0.0041668289341032505 -0.032687727361917496
v -8.462315599899739e-05 -0.003312271786853671 -0.03317854925990105
v -8.462315599899739e-05 -0.003312271786853671 -0.03317854925990105
v -8.462315599899739e-05 -0.003312271786853671 -0.03317854925990105
v -8.462315599899739e-05 -0.003312271786853671 -0.03317854925990105
v -8.462315599899739e-05 -0.003312271786853671 -0.03317854925990105
v -8.462315599899739e-05 -0.003312271786853671 -0.03317854925990105
v -8.418058860115707e-05 -0.004305994138121605 -0.0321974977850914
v -8.418058860115707e-05 -0.004305994138121605 -0.0321974977850914
v -8.418058860115707e-05 -0.004305994138121605 -0.0321974977850914
v -8.418058860115707e-05 -0.004305994138121605 -0.0321974977850914
v -8.418058860115707e-05 -0.004305994138121605 -0.0321974977850914
v -8.592093217885122e-05 -0.002125626429915428 -0.011365861631929874
v -8.592093217885122e-05 -0.002125626429915428 -0.011365861631929874
v -8.592093217885122e-05 -0.002125626429915428 -0.011365861631929874
v -8.614936814410612e-05 -0.0001438241160940379 -0.03319767117500305
v -8.614936814410612e-05 -0.0001438241160940379 -0.03319767117500305
v -8.614936814410612e-05 -0.0001438241160940379 -0.03319767117500305
v -8.614936814410612e-05 -0.0001438241160940379 -0.03319767117500305
v -8.614936814410612e-05 -0.0001438241160940379 -0.03319767117500305
v -8.614936814410612e-05 -0.0001438241160940379 -0.03319767117500305
v -8.570481440983713e-05 -0.0025626530405133963 -0.011034214869141579
v -8.570481440983713e-05 -0.0025626530405133963 -0.011034214869141579
v -8.570481440983713e-05 -0.0025626530405133963 -0.011034214869141579
v -8.570481440983713e-05 -0.0025626530405133963 -0.011034214869141579
v -8.563971641706303e-05 -0.0027479189448058605 -0.010771209374070168
v -8.563971641706303e-05 -0.0027479189448058605 -0.010771209374070168
v -8.563971641706303e-05 -0.0027479189448058605 -0.010771209374070168
v -8.563971641706303e-05 -0.0027479189448058605 -0.010771209374070168
v -8.556507236789912e-05 -0.002871622098609805 -0.010474393144249916
v -8.556507236789912e-05 -0.002871622098609805 -0.010474393144249916
v -8.556507236789912e-05 -0.002871622098609805 -0.010474393144249916
v -8.556507236789912e-05 -0.002871622098609805 -0.010474393144249916
v -8.55904072523117e-05 -0.002937888028100133 -0.010148792527616024
v -8.55904072523117e-05 -0.002937888028100133 -0.010148792527616024
v -8.55904072523117e-05 -0.002937888028100133 -0.010148792527616024
v -8.860223897499964e-05 0.0031537609174847603 -0.006549244746565819
v -8.860223897499964e-05 0.0031537609174847603 -0.006549244746565819
v -8.860223897499964e-05 0.0031537609174847603 -0.006549244746565819
v -8.860223897499964e-05 0.0031537609174847603 -0.006549244746565819
v -8.900879765860736e-05 0.0038551720790565014 -0.0062448796816170216
v -8.900879765860736e-05 0.0038551720790565014 -0.0062448796816170216
v -8.900879765860736e-05 0.0038551720790565014 -0.0062448796816170216
v -8.900879765860736e-05 0.0038551720790565014 -0.0062448796816170216
v -8.900879765860736e-05 0.0038551720790565014 -0.0062448796816170216
v -8.900879765860736e-05 0.0038551720790565014 -0.0062448796816170216
v -8.900879765860736e-05 0.0038551720790565014 -0.0062448796816170216
v -8.900879765860736e-05 0.0038551720790565014 -0.0062448796816170216
v -8.900879765860736e-05 0.0038551720790565014 -0.0062448796816170216
v -8.900879765860736e-05 0.0038551720790565014 -0.0062448796816170216
v -8.900879765860736e-05 0.0038551720790565014 -0.0062448796816170216
v -8.900879765860736e-05 0.0038551720790565014 -0.0062448796816170216
v -8.900879765860736e-05 0.0038551720790565014 -0.0062448796816170216
v -8.900879765860736e-05 0.0038551720790565014 -0.0062448796816170216
v -8.900879765860736e-05 0.0038551720790565014 -0.0062448796816170216
v -8.900879765860736e-05 0.0038551720790565014 -0.0062448796816170216
v -8.900879765860736e-05 0.0038551720790565014 -0.0062448796816170216
v -8.900879765860736e-05 0.0038551720790565014 -0.0062448796816170216
v -8.900879765860736e-05 0.0038551720790565014 -0.0062448796816170216
v -8.900879765860736e-05 0.0038551720790565014 -0.0062448796816170216
v -8.900879765860736e-05 0.0038551720790565014 -0.0062448796816170216
v -8.900879765860736e-05 0.0038551720790565014 -0.0062448796816170216
v -8.900879765860736e-05 0.0038551720790565014 -0.0062448796816170216
v -8.900879765860736e-05 0.0038551720790565014 -0.0062448796816170216
v -8.900879765860736e-05 0.0038551720790565014 -0.0062448796816170216
v -8.900879765860736e-05 0.0038551720790565014 -0.0062448796816170216
v -8.864557457854971e-05 0.003176179016008973 -0.006561728194355965
v -8.864557457854971e-05 0.003176179016008973 -0.006561728194355965
v -8.864557457854971e-05 0.003176179016008973 -0.006561728194355965
v -8.864557457854971e-05 0.003176179016008973 -0.006561728194355965
v -8.864557457854971e-05 0.003176179016008973 -0.006561728194355965
v -8.866594725986943e-05 0.003211301751434803 -0.0066144028678536415
v -8.866594725986943e-05 0.003211301751434803 -0.0066144028678536415
v -8.866594725986943e-05 0.003211301751434803 -0.0066144028678536415
v -8.866594725986943e-05 0.003211301751434803 -0.0066144028678536415
v -8.866594725986943e-05 0.003211301751434803 -0.0066144028678536415
v -8.65239417180419e-05 -0.0011297437595203519 -0.0070266094990074635
v -8.65239417180419e-05 -0.0011297437595203519 -0.0070266094990074635
v -8.65239417180419e-05 -0.0011297437595203519 -0.0070266094990074635
v -8.65239417180419e-05 -0.0011297437595203519 -0.0070266094990074635
v -8.65239417180419e-05 -0.0011297437595203519 -0.0070266094990074635
v -8.639514999231324e-05 -0.0014697605511173606 -0.007065474987030029
v -8.639514999231324e-05 -0.0014697605511173606 -0.007065474987030029
v -8.639514999231324e-05 -0.0014697605511173606 -0.007065474987030029
v -8.639514999231324e-05 -0.0014697605511173606 -0.007065474987030029
v -8.639514999231324e-05 -0.0014697605511173606 -0.007065474987030029
v -8.597035048296675e-05 -0.0022896097507327795 -0.006743271369487047
v -8.597035048296675e-05 -0.0022896097507327795 -0.006743271369487047
v -8.597035048296675e-05 -0.0022896097507327795 -0.006743271369487047
v -8.597035048296675e-05 -0.0022896097507327795 -0.006743271369487047
v -8.597035048296675e-05 -0.0022896097507327795 -0.006743271369487047
v -8.597035048296675e-05 -0.0022896097507327795 -0.006743271369487047
v -8.597035048296675e-05 -0.0022896097507327795 -0.006743271369487047
v -8.597035048296675e-05 -0.0022896097507327795 -0.006743271369487047
v -8.597035048296675e-05 -0.0022896097507327795 -0.006743271369487047
v -8.597035048296675e-05 -0.0022896097507327795 -0.006743271369487047
v -8.597035048296675e-05 -0.0022896097507327795 -0.006743271369487047
v -8.597035048296675e-05 -0.0022896097507327795 -0.006743271369487047
v -8.597035048296675e-05 -0.0022896097507327795 -0.006743271369487047
v -8.597035048296675e-05 -0.0022896097507327795 -0.006743271369487047
v -8.597035048296675e-05 -0.0022896097507327795 -0.006743271369487047
v -8.597035048296675e-05 -0.0022896097507327795 -0.006743271369487047
v -8.597035048296675e-05 -0.0022896097507327795 -0.006743271369487047
v -8.597035048296675e-05 -0.0022896097507327795 -0.006743271369487047
v -8.597035048296675e-05 -0.0022896097507327795 -0.006743271369487047
v -8.597035048296675e-05 -0.0022896097507327795 -0.006743271369487047
v -8.62089655129239e-05 -0.0018097884021699429 -0.007104347459971905
v -8.62089655129239e-05 -0.0018097884021699429 -0.007104347459971905
v -8.62089655129239e-05 -0.0018097884021699429 -0.007104347459971905
v -8.62089655129239e-05 -0.0018097884021699429 -0.007104347459971905
v -8.62089655129239e-05 -0.0018097884021699429 -0.007104347459971905
v -8.845164120430127e-05 0.003145149676129222 -0.011065611615777016
v -8.845164120430127e-05 0.003145149676129222 -0.011065611615777016
v -8.845164120430127e-05 0.003145149676129222 -0.011065611615777016
v -8.845164120430127e-05 0.003145149676129222 -0.011065611615777016
v -8.851335587678477e-05 0.003163376357406378 -0.01102000568062067
v -8.851335587678477e-05 0.003163376357406378 -0.01102000568062067
v -8.851335587678477e-05 0.003163376357406378 -0.01102000568062067
v -8.903264097170904e-05 0.004547004122287035 -0.014774651266634464
v -8.903264097170904e-05 0.004547004122287035 -0.014774651266634464
v -8.903264097170904e-05 0.004547004122287035 -0.014774651266634464
v -8.903264097170904e-05 0.004547004122287035 -0.014774651266634464
v -8.903264097170904e-05 0.004547004122287035 -0.014774651266634464
v -8.903264097170904e-05 0.004547004122287035 -0.014774651266634464
v -8.903264097170904e-05 0.004547004122287035 -0.014774651266634464
v -8.903264097170904e-05 0.004547004122287035 -0.014774651266634464
v -8.903264097170904e-05 0.004547004122287035 -0.014774651266634464
v -8.903264097170904e-05 0.004547004122287035 -0.014774651266634464
v -8.903264097170904e-05 0.004547004122287035 -0.014774651266634464
v -8.848689321894199e-05 0.0031666255090385675 -0.011010636575520039
v -8.848689321894199e-05 0.0031666255090385675 -0.011010636575520039
v -8.848689321894199e-05 0.0031666255090385675 -0.011010636575520039
v -8.845842239679769e-05 0.003170614829286933 -0.011001336388289928
v -8.845842239679769e-05 0.003170614829286933 -0.011001336388289928
v -8.845842239679769e-05 0.003170614829286933 -0.011001336388289928
v -8.845842239679769e-05 0.003170614829286933 -0.011001336388289928
v -8.845842239679769e-05 0.003170614829286933 -0.011001336388289928
v -8.863289258442819e-05 0.003199711674824357 -0.007864375598728657
v -8.863289258442819e-05 0.003199711674824357 -0.007864375598728657
v -8.863289258442819e-05 0.003199711674824357 -0.007864375598728657
v -8.863289258442819e-05 0.003199711674824357 -0.007864375598728657
v -8.863289258442819e-05 0.003199711674824357 -0.007864375598728657
v -8.863289258442819e-05 0.003199711674824357 -0.007864375598728657
v -8.855044143274426e-05 0.00318280141800642 -0.009686877019703388
v -8.855044143274426e-05 0.00318280141800642 -0.009686877019703388
v -8.855044143274426e-05 0.00318280141800642 -0.009686877019703388
v -8.855044143274426e-05 0.00318280141800642 -0.009686877019703388
v -8.855044143274426e-05 0.00318280141800642 -0.009686877019703388
v -8.855044143274426e-05 0.00318280141800642 -0.009686877019703388
v -8.855044143274426e-05 0.00318280141800642 -0.009686877019703388
v -8.855044143274426e-05 0.00318280141800642 -0.009686877019703388
v -8.86181733221747e-05 0.00316305598244071 -0.007919606752693653
v -8.86181733221747e-05 0.00316305598244071 -0.007919606752693653
v -8.86181733221747e-05 0.00316305598244071 -0.007919606752693653
v -8.86181733221747e-05 0.00316305598244071 -0.007919606752693653
v -8.86181733221747e-05 0.00316305598244071 -0.007919606752693653
v -8.86181733221747e-05 0.00316305598244071 -0.007919606752693653
v -8.852007886162028e-05 0.003147826064378023 -0.009634077548980713
v -8.852007886162028e-05 0.003147826064378023 -0.009634077548980713
v -8.852007886162028e-05 0.003147826064378023 -0.009634077548980713
v -8.852007886162028e-05 0.003147826064378023 -0.009634077548980713
v -8.852007886162028e-05 0.003147826064378023 -0.009634077548980713
v -8.85493791429326e-05 0.0031044031493365765 -0.00795105379074812
v -8.85493791429326e-05 0.0031044031493365765 -0.00795105379074812
v -8.85493791429326e-05 0.0031044031493365765 -0.00795105379074812
v -8.85493791429326e-05 0.0031044031493365765 -0.00795105379074812
v -8.85493791429326e-05 0.0031044031493365765 -0.00795105379074812
v -8.848852303344756e-05 0.0030858973041176796 -0.009598493576049805
v -8.848852303344756e-05 0.0030858973041176796 -0.009598493576049805
v -8.848852303344756e-05 0.0030858973041176796 -0.009598493576049805
v -8.848852303344756e-05 0.0030858973041176796 -0.009598493576049805
v -8.848852303344756e-05 0.0030858973041176796 -0.009598493576049805
v -8.853570761857554e-05 0.003018817165866494 -0.007965842261910439
v -8.853570761857554e-05 0.003018817165866494 -0.007965842261910439
v -8.853570761857554e-05 0.003018817165866494 -0.007965842261910439
v -8.853570761857554e-05 0.003018817165866494 -0.007965842261910439
v -8.61444350448437e-05 -0.0015975008718669415 -0.01151470560580492
v -8.61444350448437e-05 -0.0015975008718669415 -0.01151470560580492
v -8.61444350448437e-05 -0.0015975008718669415 -0.01151470560580492
v -8.640455052955076e-05 -0.0011008925503119826 -0.011520235799252987
v -8.640455052955076e-05 -0.0011008925503119826 -0.011520235799252987
v -8.640455052955076e-05 -0.0011008925503119826 -0.011520235799252987
v -8.640455052955076e-05 -0.0011008925503119826 -0.011520235799252987
v -8.767047984292731e-05 0.002998482435941696 -0.03321672976016998
v -8.767047984292731e-05 0.002998482435941696 -0.03321672976016998
v -8.767047984292731e-05 0.002998482435941696 -0.03321672976016998
v -8.767047984292731e-05 0.002998482435941696 -0.03321672976016998
v -8.767047984292731e-05 0.002998482435941696 -0.03321672976016998
v -8.754478039918467e-05 0.0009545161738060415 -0.006790647748857737
v -8.754478039918467e-05 0.0009545161738060415 -0.006790647748857737
v -8.754478039918467e-05 0.0009545161738060415 -0.006790647748857737
v -8.754478039918467e-05 0.0009545161738060415 -0.006790647748857737
v -8.754478039918467e-05 0.0009545161738060415 -0.006790647748857737
v -8.735951996641234e-05 0.000602510932367295 -0.006830303929746151
v -8.735951996641234e-05 0.000602510932367295 -0.006830303929746151
v -8.735951996641234e-05 0.000602510932367295 -0.006830303929746151
v -8.735951996641234e-05 0.000602510932367295 -0.006830303929746151
v -8.735951996641234e-05 0.000602510932367295 -0.006830303929746151
v -8.724302460905164e-05 0.0002504023432265967 -0.006870073266327381
v -8.724302460905164e-05 0.0002504023432265967 -0.006870073266327381
v -8.724302460905164e-05 0.0002504023432265967 -0.006870073266327381
v -8.724302460905164e-05 0.0002504023432265967 -0.006870073266327381
v -8.724302460905164e-05 0.0002504023432265967 -0.006870073266327381
v -8.705481741344556e-05 -8.96144556463696e-05 -0.00690894341096282
v -8.705481741344556e-05 -8.96144556463696e-05 -0.00690894341096282
v -8.705481741344556e-05 -8.96144556463696e-05 -0.00690894341096282
v -8.705481741344556e-05 -8.96144556463696e-05 -0.00690894341096282
v -8.705481741344556e-05 -8.96144556463696e-05 -0.00690894341096282
v -8.686591172590852e-05 -0.0004295836261007935 -0.006947805173695087
v -8.686591172590852e-05 -0.0004295836261007935 -0.006947805173695087
v -8.686591172590852e-05 -0.0004295836261007935 -0.006947805173695087
v -8.686591172590852e-05 -0.0004295836261007935 -0.006947805173695087
v -8.686591172590852e-05 -0.0004295836261007935 -0.006947805173695087
v -8.67294438648969e-05 -0.0007796955178491771 -0.0069872066378593445
v -8.67294438648969e-05 -0.0007796955178491771 -0.0069872066378593445
v -8.67294438648969e-05 -0.0007796955178491771 -0.0069872066378593445
v -8.67294438648969e-05 -0.0007796955178491771 -0.0069872066378593445
v -8.67294438648969e-05 -0.0007796955178491771 -0.0069872066378593445
v -8.661956962896511e-05 -0.0006160499760881066 -0.011415842920541763
v -8.661956962896511e-05 -0.0006160499760881066 -0.011415842920541763
v -8.661956962896511e-05 -0.0006160499760881066 -0.011415842920541763
v -8.661956962896511e-05 -0.0006160499760881066 -0.011415842920541763
v -8.68687784532085e-05 -0.0001713663077680394 -0.011203903704881668
v -8.68687784532085e-05 -0.0001713663077680394 -0.011203903704881668
v -8.68687784532085e-05 -0.0001713663077680394 -0.011203903704881668
v -8.819498179946095e-05 0.004004068672657013 -0.03224779665470123
v -8.819498179946095e-05 0.004004068672657013 -0.03224779665470123
v -8.819498179946095e-05 0.004004068672657013 -0.03224779665470123
v -8.819498179946095e-05 0.004004068672657013 -0.03224779665470123
v -8.819498179946095e-05 0.004004068672657013 -0.03224779665470123
v -8.819498179946095e-05 0.004004068672657013 -0.03224779665470123
v -8.819498179946095e-05 0.004004068672657013 -0.03224779665470123
v -8.819498179946095e-05 0.004004068672657013 -0.03224779665470123
v -8.819498179946095e-05 0.004004068672657013 -0.03224779665470123
v -8.819498179946095e-05 0.004004068672657013 -0.03224779665470123
v -8.819498179946095e-05 0.004004068672657013 -0.03224779665470123
v -8.70336516527459e-05 0.0002048918977379799 -0.010886091738939285
v -8.70336516527459e-05 0.0002048918977379799 -0.010886091738939285
v -8.70336516527459e-05 0.0002048918977379799 -0.010886091738939285
v -8.718844037503004e-05 0.0004172807966824621 -0.010605588555335999
v -8.718844037503004e-05 0.0004172807966824621 -0.010605588555335999
v -8.718844037503004e-05 0.0004172807966824621 -0.010605588555335999
v -8.718844037503004e-05 0.0004172807966824621 -0.010605588555335999
v -8.718844037503004e-05 0.0004172807966824621 -0.010605588555335999
v -8.718844037503004e-05 0.0004172807966824621 -0.010605588555335999
v -8.718844037503004e-05 0.0004172807966824621 -0.010605588555335999
v -8.718844037503004e-05 0.0004172807966824621 -0.010605588555335999
v -8.718844037503004e-05 0.0004172807966824621 -0.010605588555335999
v -8.718844037503004e-05 0.0004172807966824621 -0.010605588555335999
v -8.718844037503004e-05 0.0004172807966824621 -0.010605588555335999
v -8.857689681462944e-05 0.003090913174673915 -0.006548927631229162
v -8.857689681462944e-05 0.003090913174673915 -0.006548927631229162
v -8.857689681462944e-05 0.003090913174673915 -0.006548927631229162
v -8.843251271173358e-05 0.00270880782045424 -0.0065919989719986916
v -8.843251271173358e-05 0.00270880782045424 -0.0065919989719986916
v -8.843251271173358e-05 0.00270880782045424 -0.0065919989719986916
v -8.843251271173358e-05 0.00270880782045424 -0.0065919989719986916
v -8.843251271173358e-05 0.00270880782045424 -0.0065919989719986916
v -8.820707444101572e-05 0.00232682260684669 -0.006635670550167561
v -8.820707444101572e-05 0.00232682260684669 -0.006635670550167561
v -8.820707444101572e-05 0.00232682260684669 -0.006635670550167561
v -8.820707444101572e-05 0.00232682260684669 -0.006635670550167561
v -8.820707444101572e-05 0.00232682260684669 -0.006635670550167561
v -8.842239185469225e-05 0.0030237380415201187 -0.011075803078711033
v -8.842239185469225e-05 0.0030237380415201187 -0.011075803078711033
v -8.842239185469225e-05 0.0030237380415201187 -0.011075803078711033
v -8.844188414514065e-05 0.003044826677069068 -0.011082720011472702
v -8.844188414514065e-05 0.003044826677069068 -0.011082720011472702
v -8.844188414514065e-05 0.003044826677069068 -0.011082720011472702
v -8.841290400596336e-05 0.0030663369689136744 -0.011087624356150627
v -8.841290400596336e-05 0.0030663369689136744 -0.011087624356150627
v -8.841290400596336e-05 0.0030663369689136744 -0.011087624356150627
v -8.841290400596336e-05 0.0030663369689136744 -0.011087624356150627
v -8.844814874464646e-05 0.0030959637369960546 -0.011089588515460491
v -8.844814874464646e-05 0.0030959637369960546 -0.011089588515460491
v -8.844814874464646e-05 0.0030959637369960546 -0.011089588515460491
v -8.844814874464646e-05 0.0030959637369960546 -0.011089588515460491
v -8.846744458423927e-05 0.0031247700098901987 -0.01108304038643837
v -8.846744458423927e-05 0.0031247700098901987 -0.01108304038643837
v -8.846744458423927e-05 0.0031247700098901987 -0.01108304038643837
v -8.846744458423927e-05 0.0031247700098901987 -0.01108304038643837
v -8.846744458423927e-05 0.0031247700098901987 -0.01108304038643837
v -8.805638208286837e-05 0.001982747344300151 -0.006674261763691902
v -8.805638208286837e-05 0.001982747344300151 -0.006674261763691902
v -8.805638208286837e-05 0.001982747344300151 -0.006674261763691902
v -8.805638208286837e-05 0.001982747344300151 -0.006674261763691902
v -8.805638208286837e-05 0.001982747344300151 -0.006674261763691902
v -8.786351827438921e-05 0.0016386478673666716 -0.006713073700666428
v -8.786351827438921e-05 0.0016386478673666716 -0.006713073700666428
v -8.786351827438921e-05 0.0016386478673666716 -0.006713073700666428
v -8.786351827438921e-05 0.0016386478673666716 -0.006713073700666428
v -8.786351827438921e-05 0.0016386478673666716 -0.006713073700666428
v -8.786351827438921e-05 0.0016386478673666716 -0.006713073700666428
v -8.773520676186308e-05 0.0012966025387868285 -0.006751805078238249
v -8.773520676186308e-05 0.0012966025387868285 -0.006751805078238249
v -8.773520676186308e-05 0.0012966025387868285 -0.006751805078238249
v -8.773520676186308e-05 0.0012966025387868285 -0.006751805078238249
v -8.773520676186308e-05 0.0012966025387868285 -0.006751805078238249
v -8.814672037260607e-05 0.0038589779287576675 -0.03273638337850571
v -8.814672037260607e-05 0.0038589779287576675 -0.03273638337850571
v -8.814672037260607e-05 0.0038589779287576675 -0.03273638337850571
v -8.814672037260607e-05 0.0038589779287576675 -0.03273638337850571
v -8.789338608039543e-05 0.0034920605830848217 -0.03308991342782974
v -8.789338608039543e-05 0.0034920605830848217 -0.03308991342782974
v -8.789338608039543e-05 0.0034920605830848217 -0.03308991342782974
v -8.789338608039543e-05 0.0034920605830848217 -0.03308991342782974
v -8.742638601688668e-05 0.0007496960461139679 -0.008540051989257336
v -8.742638601688668e-05 0.0007496960461139679 -0.008540051989257336
v -8.742638601688668e-05 0.0007496960461139679 -0.008540051989257336
v -8.742638601688668e-05 0.0007496960461139679 -0.008540051989257336
v -8.742638601688668e-05 0.0007496960461139679 -0.008540051989257336
v -8.753101428737864e-05 0.0010037641040980816 -0.008944470435380936
v -8.753101428737864e-05 0.0010037641040980816 -0.008944470435380936
v -8.753101428737864e-05 0.0010037641040980816 -0.008944470435380936
v -8.753101428737864e-05 0.0010037641040980816 -0.008944470435380936
v -8.753101428737864e-05 0.0010037641040980816 -0.008944470435380936
v -8.753101428737864e-05 0.0010037641040980816 -0.008944470435380936
v -8.742998033994809e-05 0.0008096166420727968 -0.008883246220648289
v -8.742998033994809e-05 0.0008096166420727968 -0.008883246220648289
v -8.742998033994809e-05 0.0008096166420727968 -0.008883246220648289
v -8.742998033994809e-05 0.0008096166420727968 -0.008883246220648289
v -8.742998033994809e-05 0.0008096166420727968 -0.008883246220648289
v -8.742610953049734e-05 0.0007699181442148983 -0.008864467963576317
v -8.742610953049734e-05 0.0007699181442148983 -0.008864467963576317
v -8.742610953049734e-05 0.0007699181442148983 -0.008864467963576317
v -8.742610953049734e-05 0.0007699181442148983 -0.008864467963576317
v -8.741125202504918e-05 0.00075263757025823 -0.00884328130632639
v -8.741125202504918e-05 0.00075263757025823 -0.00884328130632639
v -8.741125202504918e-05 0.00075263757025823 -0.00884328130632639
v -8.741125202504918e-05 0.00075263757025823 -0.00884328130632639
v -8.741097553865984e-05 0.0007459944463334978 -0.008808090351521969
v -8.741097553865984e-05 0.0007459944463334978 -0.008808090351521969
v -8.741097553865984e-05 0.0007459944463334978 -0.008808090351521969
v -8.825542317936197e-05 0.002522661816328764 -0.008021539077162743
v -8.825542317936197e-05 0.002522661816328764 -0.008021539077162743
v -8.825542317936197e-05 0.002522661816328764 -0.008021539077162743
v -8.825542317936197e-05 0.002522661816328764 -0.008021539077162743
v -8.825542317936197e-05 0.002522661816328764 -0.008021539077162743
v -8.823879761621356e-05 0.0025378186255693436 -0.009426821954548359
v -8.823879761621356e-05 0.0025378186255693436 -0.009426821954548359
v -8.823879761621356e-05 0.0025378186255693436 -0.009426821954548359
v -8.823879761621356e-05 0.0025378186255693436 -0.009426821954548359
v -8.823879761621356e-05 0.0025378186255693436 -0.009426821954548359
v -8.823879761621356e-05 0.0025378186255693436 -0.009426821954548359
v -8.803205855656415e-05 0.002026573522016406 -0.008077926002442837
v -8.803205855656415e-05 0.002026573522016406 -0.008077926002442837
v -8.803205855656415e-05 0.002026573522016406 -0.008077926002442837
v -8.803205855656415e-05 0.002026573522016406 -0.008077926002442837
v -8.803205855656415e-05 0.002026573522016406 -0.008077926002442837
v -8.803205855656415e-05 0.002026573522016406 -0.008077926002442837
v -8.798131602816284e-05 0.001990008167922497 -0.009254280477762222
v -8.798131602816284e-05 0.001990008167922497 -0.009254280477762222
v -8.798131602816284e-05 0.001990008167922497 -0.009254280477762222
v -8.798131602816284e-05 0.001990008167922497 -0.009254280477762222
v -8.798131602816284e-05 0.001990008167922497 -0.009254280477762222
v -8.798131602816284e-05 0.001990008167922497 -0.009254280477762222
v -8.775408787187189e-05 0.0015004987362772226 -0.008137304335832596
v -8.775408787187189e-05 0.0015004987362772226 -0.008137304335832596
v -8.775408787187189e-05 0.0015004987362772226 -0.008137304335832596
v -8.775408787187189e-05 0.0015004987362772226 -0.008137304335832596
v -8.775408787187189e-05 0.0015004987362772226 -0.008137304335832596
v -8.775408787187189e-05 0.0015004987362772226 -0.008137304335832596
v -8.775408787187189e-05 0.0015004987362772226 -0.008137304335832596
v -8.800808427622542e-05 0.002189074410125613 -0.010782153345644474
v -8.800808427622542e-05 0.002189074410125613 -0.010782153345644474
v -8.800808427622542e-05 0.002189074410125613 -0.010782153345644474
v -8.800808427622542e-05 0.002189074410125613 -0.010782153345644474
v -8.800808427622542e-05 0.002189074410125613 -0.010782153345644474
v -8.809401333564892e-05 0.0023583085276186466 -0.010841666720807552
v -8.809401333564892e-05 0.0023583085276186466 -0.010841666720807552
v -8.809401333564892e-05 0.0023583085276186466 -0.010841666720807552
v -8.809401333564892e-05 0.0023583085276186466 -0.010841666720807552
v -8.809401333564892e-05 0.0023583085276186466 -0.010841666720807552
v -8.823221287457272e-05 0.0026909734588116407 -0.010958795435726643
v -8.823221287457272e-05 0.0026909734588116407 -0.010958795435726643
v -8.823221287457272e-05 0.0026909734588116407 -0.010958795435726643
v -8.823221287457272e-05 0.0026909734588116407 -0.010958795435726643
v -8.743374928599223e-05 0.0007597950170747936 -0.008235226385295391
v -8.743374928599223e-05 0.0007597950170747936 -0.008235226385295391
v -8.743374928599223e-05 0.0007597950170747936 -0.008235226385295391
v -8.743374928599223e-05 0.0007597950170747936 -0.008235226385295391
v -8.742803038330749e-05 0.0007745112525299191 -0.008221693336963654
v -8.742803038330749e-05 0.0007745112525299191 -0.008221693336963654
v -8.742803038330749e-05 0.0007745112525299191 -0.008221693336963654
v -8.742803038330749e-05 0.0007745112525299191 -0.008221693336963654
v -8.740591147216037e-05 0.000752200954593718 -0.008256628178060055
v -8.740591147216037e-05 0.000752200954593718 -0.008256628178060055
v -8.740591147216037e-05 0.000752200954593718 -0.008256628178060055
v -8.740591147216037e-05 0.000752200954593718 -0.008256628178060055
v -8.740591147216037e-05 0.000752200954593718 -0.008256628178060055
v -8.742848876863718e-05 0.0008060897816903889 -0.008213411085307598
v -8.742848876863718e-05 0.0008060897816903889 -0.008213411085307598
v -8.742848876863718e-05 0.0008060897816903889 -0.008213411085307598
v -8.742848876863718e-05 0.0008060897816903889 -0.008213411085307598
v -8.742640784475952e-05 0.0007511157891713083 -0.008271821774542332
v -8.742640784475952e-05 0.0007511157891713083 -0.008271821774542332
v -8.742640784475952e-05 0.0007511157891713083 -0.008271821774542332
v -8.742640784475952e-05 0.0007511157891713083 -0.008271821774542332
v -8.74497854965739e-05 0.0008902769768610597 -0.008205506950616837
v -8.74497854965739e-05 0.0008902769768610597 -0.008205506950616837
v -8.74497854965739e-05 0.0008902769768610597 -0.008205506950616837
v -8.74497854965739e-05 0.0008902769768610597 -0.008205506950616837
v -8.74497854965739e-05 0.0008902769768610597 -0.008205506950616837
v -8.780269854469225e-05 0.0015940137673169374 -0.00912987906485796
v -8.780269854469225e-05 0.0015940137673169374 -0.00912987906485796
v -8.780269854469225e-05 0.0015940137673169374 -0.00912987906485796
v -8.780269854469225e-05 0.0015940137673169374 -0.00912987906485796
v -8.780269854469225e-05 0.0015940137673169374 -0.00912987906485796
v -8.762701327214018e-05 0.001197946141473949 -0.009005490690469742
v -8.762701327214018e-05 0.001197946141473949 -0.009005490690469742
v -8.762701327214018e-05 0.001197946141473949 -0.009005490690469742
v -8.762701327214018e-05 0.001197946141473949 -0.009005490690469742
v -8.762701327214018e-05 0.001197946141473949 -0.009005490690469742
v -8.762701327214018e-05 0.001197946141473949 -0.009005490690469742
v -8.751305722398683e-05 0.0009743816335685551 -0.00819648988544941
v -8.751305722398683e-05 0.0009743816335685551 -0.00819648988544941
v -8.751305722398683e-05 0.0009743816335685551 -0.00819648988544941
v -8.751305722398683e-05 0.0009743816335685551 -0.00819648988544941
v -8.751305722398683e-05 0.0009743816335685551 -0.00819648988544941
v -8.751305722398683e-05 0.0009743816335685551 -0.00819648988544941
v -8.72857344802469e-05 0.0006055199773982167 -0.0102381631731987
v -8.72857344802469e-05 0.0006055199773982167 -0.0102381631731987
v -8.72857344802469e-05 0.0006055199773982167 -0.0102381631731987
v -8.72857344802469e-05 0.0006055199773982167 -0.0102381631731987
v -8.731042180443183e-05 0.0006225899560377002 -0.010234702378511429
v -8.731042180443183e-05 0.0006225899560377002 -0.010234702378511429
v -8.731042180443183e-05 0.0006225899560377002 -0.010234702378511429
v -8.731042180443183e-05 0.0006225899560377002 -0.010234702378511429
v -8.726232044864446e-05 0.0005907863960601389 -0.010250675491988659
v -8.726232044864446e-05 0.0005907863960601389 -0.010250675491988659
v -8.726232044864446e-05 0.0005907863960601389 -0.010250675491988659
v -8.726232044864446e-05 0.0005907863960601389 -0.010250675491988659
v -8.726232044864446e-05 0.0005907863960601389 -0.010250675491988659
v -8.726232044864446e-05 0.0005907863960601389 -0.010250675491988659
v -8.728107786737382e-05 0.000666821317281574 -0.010244893841445446
v -8.728107786737382e-05 0.000666821317281574 -0.010244893841445446
v -8.728107786737382e-05 0.000666821317281574 -0.010244893841445446
v -8.728107786737382e-05 0.000666821317281574 -0.010244893841445446
v -8.72696764417924e-05 0.0005718572065234184 -0.010288858786225319
v -8.72696764417924e-05 0.0005718572065234184 -0.010288858786225319
v -8.72696764417924e-05 0.0005718572065234184 -0.010288858786225319
v -8.72696764417924e-05 0.0005718572065234184 -0.010288858786225319
v -8.72696764417924e-05 0.0005718572065234184 -0.010288858786225319
v -8.72696764417924e-05 0.0005718572065234184 -0.010288858786225319
v -8.762519428273663e-05 0.0013433905551210046 -0.010483605787158012
v -8.762519428273663e-05 0.0013433905551210046 -0.010483605787158012
v -8.762519428273663e-05 0.0013433905551210046 -0.010483605787158012
v -8.762519428273663e-05 0.0013433905551210046 -0.010483605787158012
v -8.762519428273663e-05 0.0013433905551210046 -0.010483605787158012
v -8.762519428273663e-05 0.0013433905551210046 -0.010483605787158012
v -8.79237923072651e-05 0.0020198964048177004 -0.010722638107836246
v -8.79237923072651e-05 0.0020198964048177004 -0.010722638107836246
v -8.79237923072651e-05 0.0020198964048177004 -0.010722638107836246
v -8.79237923072651e-05 0.0020198964048177004 -0.010722638107836246
v -8.79237923072651e-05 0.0020198964048177004 -0.010722638107836246
v -8.928943134378642e-05 0.00472960015758872 -0.008899754844605923
v -8.928943134378642e-05 0.00472960015758872 -0.008899754844605923
v -8.928943134378642e-05 0.00472960015758872 -0.008899754844605923
v -8.928943134378642e-05 0.00472960015758872 -0.008899754844605923
v -8.928943134378642e-05 0.00472960015758872 -0.008899754844605923
v -8.930926560424268e-05 0.004509919323027134 -0.006191706284880638
v -8.930926560424268e-05 0.004509919323027134 -0.006191706284880638
v -8.930926560424268e-05 0.004509919323027134 -0.006191706284880638
v -8.930926560424268e-05 0.004509919323027134 -0.006191706284880638
v -8.930926560424268e-05 0.004509919323027134 -0.006191706284880638
v -8.943744614953175e-05 0.004814486019313335 -0.006167043931782246
v -8.943744614953175e-05 0.004814486019313335 -0.006167043931782246
v -8.943744614953175e-05 0.004814486019313335 -0.006167043931782246
v -8.943744614953175e-05 0.004814486019313335 -0.006167043931782246
v -8.943744614953175e-05 0.004814486019313335 -0.006167043931782246
v -8.943744614953175e-05 0.004814486019313335 -0.006167043931782246
v -9.002775914268568e-05 0.0051841274835169315 0.005728464107960463
v -9.002775914268568e-05 0.0051841274835169315 0.005728464107960463
v -9.002775914268568e-05 0.0051841274835169315 0.005728464107960463
v -9.002775914268568e-05 0.0051841274835169315 0.005728464107960463
v -9.002775914268568e-05 0.0051841274835169315 0.005728464107960463
v -8.992802031571046e-05 0.0051267570815980434 0.0038807764649391174
v -8.992802031571046e-05 0.0051267570815980434 0.0038807764649391174
v -8.992802031571046e-05 0.0051267570815980434 0.0038807764649391174
v -8.992802031571046e-05 0.0051267570815980434 0.0038807764649391174
v -8.992802031571046e-05 0.0051267570815980434 0.0038807764649391174
v -8.967526082415134e-05 0.0049666110426187515 -0.0012726838467642665
v -8.967526082415134e-05 0.0049666110426187515 -0.0012726838467642665
v -8.967526082415134e-05 0.0049666110426187515 -0.0012726838467642665
v -8.967526082415134e-05 0.0049666110426187515 -0.0012726838467642665
v -8.967526082415134e-05 0.0049666110426187515 -0.0012726838467642665
v -8.572361548431218e-05 -0.002856701146811247 -0.007225603796541691
v -8.572361548431218e-05 -0.002856701146811247 -0.007225603796541691
v -8.572361548431218e-05 -0.002856701146811247 -0.007225603796541691
v -8.567063196096569e-05 -0.00289335148409009 -0.007248188368976116
v -8.567063196096569e-05 -0.00289335148409009 -0.007248188368976116
v -8.567063196096569e-05 -0.00289335148409009 -0.007248188368976116
v -8.567063196096569e-05 -0.00289335148409009 -0.007248188368976116
v -8.570609497837722e-05 -0.0028378614224493504 -0.007221614941954613
v -8.570609497837722e-05 -0.0028378614224493504 -0.007221614941954613
v -8.570609497837722e-05 -0.0028378614224493504 -0.007221614941954613
v -8.566654287278652e-05 -0.002922403858974576 -0.007302827201783657
v -8.566654287278652e-05 -0.002922403858974576 -0.007302827201783657
v -8.566654287278652e-05 -0.002922403858974576 -0.007302827201783657
v -8.565561438445002e-05 -0.0029327122028917074 -0.007386645767837763
v -8.565561438445002e-05 -0.0029327122028917074 -0.007386645767837763
v -8.565561438445002e-05 -0.0029327122028917074 -0.007386645767837763
v -8.565561438445002e-05 -0.0029327122028917074 -0.007386645767837763
v -8.558351692045107e-05 -0.0029539866372942924 -0.009817496873438358
v -8.558351692045107e-05 -0.0029539866372942924 -0.009817496873438358
v -8.558351692045107e-05 -0.0029539866372942924 -0.009817496873438358
v -8.607021300122142e-05 -0.002127844374626875 -0.007140067871659994
v -8.607021300122142e-05 -0.002127844374626875 -0.007140067871659994
v -8.607021300122142e-05 -0.002127844374626875 -0.007140067871659994
v -8.607021300122142e-05 -0.002127844374626875 -0.007140067871659994
v -8.607021300122142e-05 -0.002127844374626875 -0.007140067871659994
v -8.587257616454735e-05 -0.0024458954576402903 -0.007175799924880266
v -8.587257616454735e-05 -0.0024458954576402903 -0.007175799924880266
v -8.587257616454735e-05 -0.0024458954576402903 -0.007175799924880266
v -8.587257616454735e-05 -0.0024458954576402903 -0.007175799924880266
v -8.587257616454735e-05 -0.0024458954576402903 -0.007175799924880266
v -8.587257616454735e-05 -0.0024458954576402903 -0.007175799924880266
v -8.580713620176539e-05 -0.002641906961798668 -0.007198251783847809
v -8.580713620176539e-05 -0.002641906961798668 -0.007198251783847809
v -8.580713620176539e-05 -0.002641906961798668 -0.007198251783847809
v -8.580713620176539e-05 -0.002641906961798668 -0.007198251783847809
v -8.868904114933684e-05 0.0032190028578042984 -0.005783871281892061
v -8.868904114933684e-05 0.0032190028578042984 -0.005783871281892061
v -8.868904114933684e-05 0.0032190028578042984 -0.005783871281892061
v -8.868904114933684e-05 0.0032190028578042984 -0.005783871281892061
v -8.868904114933684e-05 0.0032190028578042984 -0.005783871281892061
v -8.868904114933684e-05 0.0032190028578042984 -0.005783871281892061
v -8.881895337253809e-05 0.0032567570451647043 -0.0017114413203671575
v -8.881895337253809e-05 0.0032567570451647043 -0.0017114413203671575
v -8.881895337253809e-05 0.0032567570451647043 -0.0017114413203671575
v -8.881895337253809e-05 0.0032567570451647043 -0.0017114413203671575
v -8.881895337253809e-05 0.0032567570451647043 -0.0017114413203671575
v -8.882204565452412e-05 0.0032317209988832474 -0.0016770410584285855
v -8.882204565452412e-05 0.0032317209988832474 -0.0016770410584285855
v -8.882204565452412e-05 0.0032317209988832474 -0.0016770410584285855
v -8.882204565452412e-05 0.0032317209988832474 -0.0016770410584285855
v -8.882204565452412e-05 0.0032317209988832474 -0.0016770410584285855
v -8.883731061359867e-05 0.003195997327566147 -0.0016554825706407428
v -8.883731061359867e-05 0.003195997327566147 -0.0016554825706407428
v -8.883731061359867e-05 0.003195997327566147 -0.0016554825706407428
v -8.883731061359867e-05 0.003195997327566147 -0.0016554825706407428
v -8.878500375431031e-05 0.003130358410999179 -0.0016518071061000228
v -8.878500375431031e-05 0.003130358410999179 -0.0016518071061000228
v -8.878500375431031e-05 0.003130358410999179 -0.0016518071061000228
v -8.613705722382292e-05 -0.0020329446997493505 -0.006452383007854223
v -8.613705722382292e-05 -0.0020329446997493505 -0.006452383007854223
v -8.613705722382292e-05 -0.0020329446997493505 -0.006452383007854223
v -8.613705722382292e-05 -0.0020329446997493505 -0.006452383007854223
v -8.616673585493118e-05 -0.0019129373831674457 -0.006438543554395437
v -8.616673585493118e-05 -0.0019129373831674457 -0.006438543554395437
v -8.616673585493118e-05 -0.0019129373831674457 -0.006438543554395437
v -8.62099914229475e-05 -0.0017932506743818521 -0.006422626785933971
v -8.62099914229475e-05 -0.0017932506743818521 -0.006422626785933971
v -8.62099914229475e-05 -0.0017932506743818521 -0.006422626785933971
v -8.62099914229475e-05 -0.0017932506743818521 -0.006422626785933971
v -8.624833571957424e-05 -0.0017268877709284425 -0.006399835925549269
v -8.624833571957424e-05 -0.0017268877709284425 -0.006399835925549269
v -8.624833571957424e-05 -0.0017268877709284425 -0.006399835925549269
v -8.624833571957424e-05 -0.0017268877709284425 -0.006399835925549269
v -8.624833571957424e-05 -0.0017268877709284425 -0.006399835925549269
v -8.626939234090969e-05 -0.001691998215392232 -0.006363413296639919
v -8.626939234090969e-05 -0.001691998215392232 -0.006363413296639919
v -8.626939234090969e-05 -0.001691998215392232 -0.006363413296639919
v -8.626939234090969e-05 -0.001691998215392232 -0.006363413296639919
v -8.626939234090969e-05 -0.001691998215392232 -0.006363413296639919
v -8.626939234090969e-05 -0.001691998215392232 -0.006363413296639919
v -8.626939234090969e-05 -0.001691998215392232 -0.006363413296639919
v -8.626939234090969e-05 -0.001691998215392232 -0.006363413296639919
v -8.626939234090969e-05 -0.001691998215392232 -0.006363413296639919
v -8.626939234090969e-05 -0.001691998215392232 -0.006363413296639919
v -8.626939234090969e-05 -0.001691998215392232 -0.006363413296639919
v -8.74924662639387e-05 0.00043186970287933946 -0.001958510372787714
v -8.74924662639387e-05 0.00043186970287933946 -0.001958510372787714
v -8.74924662639387e-05 0.00043186970287933946 -0.001958510372787714
v -8.74924662639387e-05 0.00043186970287933946 -0.001958510372787714
v -8.74924662639387e-05 0.00043186970287933946 -0.001958510372787714
v -8.727735985303298e-05 2.171121559513267e-05 -0.0020045822020620108
v -8.727735985303298e-05 2.171121559513267e-05 -0.0020045822020620108
v -8.727735985303298e-05 2.171121559513267e-05 -0.0020045822020620108
v -8.727735985303298e-05 2.171121559513267e-05 -0.0020045822020620108
v -8.727735985303298e-05 2.171121559513267e-05 -0.0020045822020620108
v -8.708559471415356e-05 -0.00035430563730187714 -0.002047809539362788
v -8.708559471415356e-05 -0.00035430563730187714 -0.002047809539362788
v -8.708559471415356e-05 -0.00035430563730187714 -0.002047809539362788
v -8.708559471415356e-05 -0.00035430563730187714 -0.002047809539362788
v -8.708559471415356e-05 -0.00035430563730187714 -0.002047809539362788
v -8.690213871886954e-05 -0.00044914812315255404 -0.005299306940287352
v -8.690213871886954e-05 -0.00044914812315255404 -0.005299306940287352
v -8.690213871886954e-05 -0.00044914812315255404 -0.005299306940287352
v -8.690213871886954e-05 -0.00044914812315255404 -0.005299306940287352
v -8.691380207892507e-05 -0.0004793611587956548 -0.005277703516185284
v -8.691380207892507e-05 -0.0004793611587956548 -0.005277703516185284
v -8.691380207892507e-05 -0.0004793611587956548 -0.005277703516185284
v -8.691380207892507e-05 -0.0004793611587956548 -0.005277703516185284
v -8.691380207892507e-05 -0.0004793611587956548 -0.005277703516185284
v -8.691380207892507e-05 -0.0004793611587956548 -0.005277703516185284
v -8.632238314021379e-05 -0.0016736077377572656 -0.006282369140535593
v -8.632238314021379e-05 -0.0016736077377572656 -0.006282369140535593
v -8.632238314021379e-05 -0.0016736077377572656 -0.006282369140535593
v -8.632238314021379e-05 -0.0016736077377572656 -0.006282369140535593
v -8.632238314021379e-05 -0.0016736077377572656 -0.006282369140535593
v -8.691768744029105e-05 -0.0004975834744982421 -0.005239543505012989
v -8.691768744029105e-05 -0.0004975834744982421 -0.005239543505012989
v -8.691768744029105e-05 -0.0004975834744982421 -0.005239543505012989
v -8.691768744029105e-05 -0.0004975834744982421 -0.005239543505012989
v -8.864942356012762e-05 0.0031221541576087475 -0.005868079606443644
v -8.864942356012762e-05 0.0031221541576087475 -0.005868079606443644
v -8.864942356012762e-05 0.0031221541576087475 -0.005868079606443644
v -8.86604975676164e-05 0.00317995878867805 -0.005838929675519466
v -8.86604975676164e-05 0.00317995878867805 -0.005838929675519466
v -8.86604975676164e-05 0.00317995878867805 -0.005838929675519466
v -8.86604975676164e-05 0.00317995878867805 -0.005838929675519466
v -8.86604975676164e-05 0.00317995878867805 -0.005838929675519466
v -8.808458369458094e-05 0.001976771280169487 -0.005914171226322651
v -8.808458369458094e-05 0.001976771280169487 -0.005914171226322651
v -8.808458369458094e-05 0.001976771280169487 -0.005914171226322651
v -8.808458369458094e-05 0.001976771280169487 -0.005914171226322651
v -8.805740071693435e-05 0.0019783831667155027 -0.00592427235096693
v -8.805740071693435e-05 0.0019783831667155027 -0.00592427235096693
v -8.805740071693435e-05 0.0019783831667155027 -0.00592427235096693
v -8.750593406148255e-05 0.0006885305629111826 -0.005168999079614878
v -8.750593406148255e-05 0.0006885305629111826 -0.005168999079614878
v -8.750593406148255e-05 0.0006885305629111826 -0.005168999079614878
v -8.750593406148255e-05 0.0006885305629111826 -0.005168999079614878
v -8.750593406148255e-05 0.0006885305629111826 -0.005168999079614878
v -8.750593406148255e-05 0.0006885305629111826 -0.005168999079614878
v -8.750593406148255e-05 0.0006885305629111826 -0.005168999079614878
v -8.750593406148255e-05 0.0006885305629111826 -0.005168999079614878
v -8.750593406148255e-05 0.0006885305629111826 -0.005168999079614878
v -8.750593406148255e-05 0.0006885305629111826 -0.005168999079614878
v -8.863006223691627e-05 0.002842552028596401 -0.0016865757061168551
v -8.863006223691627e-05 0.002842552028596401 -0.0016865757061168551
v -8.863006223691627e-05 0.002842552028596401 -0.0016865757061168551
v -8.863006223691627e-05 0.002842552028596401 -0.0016865757061168551
v -8.848369179759175e-05 0.002554406877607107 -0.0017185487085953355
v -8.848369179759175e-05 0.002554406877607107 -0.0017185487085953355
v -8.848369179759175e-05 0.002554406877607107 -0.0017185487085953355
v -8.848369179759175e-05 0.002554406877607107 -0.0017185487085953355
v -8.848369179759175e-05 0.002554406877607107 -0.0017185487085953355
v -8.827870624372736e-05 0.0021422579884529114 -0.0017646304331719875
v -8.827870624372736e-05 0.0021422579884529114 -0.0017646304331719875
v -8.827870624372736e-05 0.0021422579884529114 -0.0017646304331719875
v -8.827870624372736e-05 0.0021422579884529114 -0.0017646304331719875
v -8.827870624372736e-05 0.0021422579884529114 -0.0017646304331719875
v -8.654464181745425e-05 -0.0014866351848468184 -0.0021759080700576305
v -8.654464181745425e-05 -0.0014866351848468184 -0.0021759080700576305
v -8.654464181745425e-05 -0.0014866351848468184 -0.0021759080700576305
v -8.654464181745425e-05 -0.0014866351848468184 -0.0021759080700576305
v -8.654464181745425e-05 -0.0014866351848468184 -0.0021759080700576305
v -8.638602594146505e-05 -0.001796672586351633 -0.0022113800514489412
v -8.638602594146505e-05 -0.001796672586351633 -0.0022113800514489412
v -8.638602594146505e-05 -0.001796672586351633 -0.0022113800514489412
v -8.638602594146505e-05 -0.001796672586351633 -0.0022113800514489412
v -8.638602594146505e-05 -0.001796672586351633 -0.0022113800514489412
v -8.689326205058023e-05 -0.0004986677668057382 -0.005233970005065203
v -8.689326205058023e-05 -0.0004986677668057382 -0.005233970005065203
v -8.689326205058023e-05 -0.0004986677668057382 -0.005233970005065203
v -8.689326205058023e-05 -0.0004986677668057382 -0.005233970005065203
v -8.635320409666747e-05 -0.001661507529206574 -0.004988260567188263
v -8.635320409666747e-05 -0.001661507529206574 -0.004988260567188263
v -8.635320409666747e-05 -0.001661507529206574 -0.004988260567188263
v -8.635320409666747e-05 -0.001661507529206574 -0.004988260567188263
v -8.635320409666747e-05 -0.001661507529206574 -0.004988260567188263
v -8.635320409666747e-05 -0.001661507529206574 -0.004988260567188263
v -8.635320409666747e-05 -0.001661507529206574 -0.004988260567188263
v -8.688918751431629e-05 -0.0005009290762245655 -0.005177730228751898
v -8.688918751431629e-05 -0.0005009290762245655 -0.005177730228751898
v -8.688918751431629e-05 -0.0005009290762245655 -0.005177730228751898
v -8.688918751431629e-05 -0.0005009290762245655 -0.005177730228751898
v -8.688918751431629e-05 -0.0005009290762245655 -0.005177730228751898
v -8.688918751431629e-05 -0.0005009290762245655 -0.005177730228751898
v -8.80885636433959e-05 0.001730127609334886 -0.0018108747899532318
v -8.80885636433959e-05 0.001730127609334886 -0.0018108747899532318
v -8.80885636433959e-05 0.001730127609334886 -0.0018108747899532318
v -8.80885636433959e-05 0.001730127609334886 -0.0018108747899532318
v -8.80885636433959e-05 0.001730127609334886 -0.0018108747899532318
v -8.788966079009697e-05 0.0012860557762905955 -0.0018616917077451944
v -8.788966079009697e-05 0.0012860557762905955 -0.0018616917077451944
v -8.788966079009697e-05 0.0012860557762905955 -0.0018616917077451944
v -8.788966079009697e-05 0.0012860557762905955 -0.0018616917077451944
v -8.788966079009697e-05 0.0012860557762905955 -0.0018616917077451944
v -8.788966079009697e-05 0.0012860557762905955 -0.0018616917077451944
v -8.76422636792995e-05 0.0008420402882620692 -0.0019125096732750535
v -8.76422636792995e-05 0.0008420402882620692 -0.0019125096732750535
v -8.76422636792995e-05 0.0008420402882620692 -0.0019125096732750535
v -8.76422636792995e-05 0.0008420402882620692 -0.0019125096732750535
v -8.76422636792995e-05 0.0008420402882620692 -0.0019125096732750535
v -8.688502566656098e-05 -0.0007303138263523579 -0.0020910436287522316
v -8.688502566656098e-05 -0.0007303138263523579 -0.0020910436287522316
v -8.688502566656098e-05 -0.0007303138263523579 -0.0020910436287522316
v -8.688502566656098e-05 -0.0007303138263523579 -0.0020910436287522316
v -8.688502566656098e-05 -0.0007303138263523579 -0.0020910436287522316
v -8.669654926052317e-05 -0.0011084644356742501 -0.0021335629280656576
v -8.669654926052317e-05 -0.0011084644356742501 -0.0021335629280656576
v -8.669654926052317e-05 -0.0011084644356742501 -0.0021335629280656576
v -8.669654926052317e-05 -0.0011084644356742501 -0.0021335629280656576
v -8.669654926052317e-05 -0.0011084644356742501 -0.0021335629280656576
v -8.623191388323903e-05 -0.002106646541506052 -0.0022469081450253725
v -8.623191388323903e-05 -0.002106646541506052 -0.0022469081450253725
v -8.623191388323903e-05 -0.002106646541506052 -0.0022469081450253725
v -8.623191388323903e-05 -0.002106646541506052 -0.0022469081450253725
v -8.623191388323903e-05 -0.002106646541506052 -0.0022469081450253725
v -8.605761104263365e-05 -0.002420793054625392 -0.0022821601014584303
v -8.605761104263365e-05 -0.002420793054625392 -0.0022821601014584303
v -8.605761104263365e-05 -0.002420793054625392 -0.0022821601014584303
v -8.605761104263365e-05 -0.002420793054625392 -0.0022821601014584303
v -8.605761104263365e-05 -0.002420793054625392 -0.0022821601014584303
v -8.59553983900696e-05 -0.00273490184918046 -0.0023175892420113087
v -8.59553983900696e-05 -0.00273490184918046 -0.0023175892420113087
v -8.59553983900696e-05 -0.00273490184918046 -0.0023175892420113087
v -8.59553983900696e-05 -0.00273490184918046 -0.0023175892420113087
v -8.748966502025723e-05 0.000733890337869525 -0.005061568226665258
v -8.748966502025723e-05 0.000733890337869525 -0.005061568226665258
v -8.748966502025723e-05 0.000733890337869525 -0.005061568226665258
v -8.748966502025723e-05 0.000733890337869525 -0.005061568226665258
v -8.748966502025723e-05 0.000733890337869525 -0.005061568226665258
v -8.75382247613743e-05 0.0007416332955472171 -0.004241165705025196
v -8.75382247613743e-05 0.0007416332955472171 -0.004241165705025196
v -8.75382247613743e-05 0.0007416332955472171 -0.004241165705025196
v -8.75382247613743e-05 0.0007416332955472171 -0.004241165705025196
v -8.75382247613743e-05 0.0007416332955472171 -0.004241165705025196
v -8.75382247613743e-05 0.0007416332955472171 -0.004241165705025196
v -8.805432298686355e-05 0.001732584205456078 -0.0032159367110580206
v -8.805432298686355e-05 0.001732584205456078 -0.0032159367110580206
v -8.805432298686355e-05 0.001732584205456078 -0.0032159367110580206
v -8.805432298686355e-05 0.001732584205456078 -0.0032159367110580206
v -8.805432298686355e-05 0.001732584205456078 -0.0032159367110580206
v -8.805432298686355e-05 0.001732584205456078 -0.0032159367110580206
v -8.805432298686355e-05 0.001732584205456078 -0.0032159367110580206
v -8.80971274455078e-05 0.0019956682808697224 -0.005959325935691595
v -8.80971274455078e-05 0.0019956682808697224 -0.005959325935691595
v -8.80971274455078e-05 0.0019956682808697224 -0.005959325935691595
v -8.80971274455078e-05 0.0019956682808697224 -0.005959325935691595
v -8.80971274455078e-05 0.0019956682808697224 -0.005959325935691595
v -8.810957660898566e-05 0.002025362802669406 -0.0059811146929860115
v -8.810957660898566e-05 0.002025362802669406 -0.0059811146929860115
v -8.810957660898566e-05 0.002025362802669406 -0.0059811146929860115
v -8.810957660898566e-05 0.002025362802669406 -0.0059811146929860115
v -8.810957660898566e-05 0.002025362802669406 -0.0059811146929860115
v -8.810957660898566e-05 0.002025362802669406 -0.0059811146929860115
v -8.810957660898566e-05 0.002025362802669406 -0.0059811146929860115
v -8.810957660898566e-05 0.002025362802669406 -0.0059811146929860115
v -8.810957660898566e-05 0.002025362802669406 -0.0059811146929860115
v -8.810957660898566e-05 0.002025362802669406 -0.0059811146929860115
v -8.810957660898566e-05 0.002025362802669406 -0.0059811146929860115
v -8.744427759665996e-05 0.0006246194243431091 -0.005192972719669342
v -8.744427759665996e-05 0.0006246194243431091 -0.005192972719669342
v -8.744427759665996e-05 0.0006246194243431091 -0.005192972719669342
v -8.744427759665996e-05 0.0006246194243431091 -0.005192972719669342
v -8.745478407945484e-05 0.0006137531599961221 -0.005194485653191805
v -8.745478407945484e-05 0.0006137531599961221 -0.005194485653191805
v -8.745478407945484e-05 0.0006137531599961221 -0.005194485653191805
v -8.750196866458282e-05 0.0007191847544163465 -0.005132988560944796
v -8.750196866458282e-05 0.0007191847544163465 -0.005132988560944796
v -8.750196866458282e-05 0.0007191847544163465 -0.005132988560944796
v -8.750196866458282e-05 0.0007191847544163465 -0.005132988560944796
v -8.809081191429868e-05 0.0019760706927627325 -0.005861829500645399
v -8.809081191429868e-05 0.0019760706927627325 -0.005861829500645399
v -8.809081191429868e-05 0.0019760706927627325 -0.005861829500645399
v -8.809081191429868e-05 0.0019760706927627325 -0.005861829500645399
v -8.809081191429868e-05 0.0019760706927627325 -0.005861829500645399
v -8.809081191429868e-05 0.0019760706927627325 -0.005861829500645399
v -8.809081191429868e-05 0.0019760706927627325 -0.005861829500645399
v -8.810079452814534e-05 0.0019756793044507504 -0.0058881058357656
v -8.810079452814534e-05 0.0019756793044507504 -0.0058881058357656
v -8.810079452814534e-05 0.0019756793044507504 -0.0058881058357656
v -8.813510794425383e-05 0.0019439466996118426 -0.0031923195347189903
v -8.813510794425383e-05 0.0019439466996118426 -0.0031923195347189903
v -8.813510794425383e-05 0.0019439466996118426 -0.0031923195347189903
v -8.813510794425383e-05 0.0019439466996118426 -0.0031923195347189903
v -8.813510794425383e-05 0.0019439466996118426 -0.0031923195347189903
v -8.813510794425383e-05 0.0019439466996118426 -0.0031923195347189903
v -8.817802154226229e-05 0.0019745996687561274 -0.0031965093221515417
v -8.817802154226229e-05 0.0019745996687561274 -0.0031965093221515417
v -8.817802154226229e-05 0.0019745996687561274 -0.0031965093221515417
v -8.817802154226229e-05 0.0019745996687561274 -0.0031965093221515417
v -8.817599882604554e-05 0.001986480550840497 -0.0032047720160335302
v -8.817599882604554e-05 0.001986480550840497 -0.0032047720160335302
v -8.817599882604554e-05 0.001986480550840497 -0.0032047720160335302
v -8.817599882604554e-05 0.001986480550840497 -0.0032047720160335302
v -8.691150287631899e-05 -0.0005434470367617905 -0.0034758890978991985
v -8.691150287631899e-05 -0.0005434470367617905 -0.0034758890978991985
v -8.691150287631899e-05 -0.0005434470367617905 -0.0034758890978991985
v -8.691150287631899e-05 -0.0005434470367617905 -0.0034758890978991985
v -8.691150287631899e-05 -0.0005434470367617905 -0.0034758890978991985
v -8.691150287631899e-05 -0.0005434470367617905 -0.0034758890978991985
v -8.692421397427097e-05 -0.0005083813448436558 -0.003479068400338292
v -8.692421397427097e-05 -0.0005083813448436558 -0.003479068400338292
v -8.692421397427097e-05 -0.0005083813448436558 -0.003479068400338292
v -8.692421397427097e-05 -0.0005083813448436558 -0.003479068400338292
v -8.697729936102405e-05 -0.0004976435448043048 -0.0034863825421780348
v -8.697729936102405e-05 -0.0004976435448043048 -0.0034863825421780348
v -8.697729936102405e-05 -0.0004976435448043048 -0.0034863825421780348
v -8.697729936102405e-05 -0.0004976435448043048 -0.0034863825421780348
v -8.823016105452552e-05 0.0023369716946035624 -0.0059564742259681225
v -8.823016105452552e-05 0.0023369716946035624 -0.0059564742259681225
v -8.823016105452552e-05 0.0023369716946035624 -0.0059564742259681225
v -8.823016105452552e-05 0.0023369716946035624 -0.0059564742259681225
v -8.823016105452552e-05 0.0023369716946035624 -0.0059564742259681225
v -8.83854299900122e-05 0.002611093921586871 -0.005926111247390509
v -8.83854299900122e-05 0.002611093921586871 -0.005926111247390509
v -8.83854299900122e-05 0.002611093921586871 -0.005926111247390509
v -8.83854299900122e-05 0.002611093921586871 -0.005926111247390509
v -8.83854299900122e-05 0.002611093921586871 -0.005926111247390509
v -8.811468433123082e-05 0.001987932249903679 -0.004569764249026775
v -8.811468433123082e-05 0.001987932249903679 -0.004569764249026775
v -8.811468433123082e-05 0.001987932249903679 -0.004569764249026775
v -8.811468433123082e-05 0.001987932249903679 -0.004569764249026775
v -8.811468433123082e-05 0.001987932249903679 -0.004569764249026775
v -8.811468433123082e-05 0.001987932249903679 -0.004569764249026775
v -8.814556349534541e-05 0.0019085631938651204 -0.003195330034941435
v -8.814556349534541e-05 0.0019085631938651204 -0.003195330034941435
v -8.814556349534541e-05 0.0019085631938651204 -0.003195330034941435
v -8.814556349534541e-05 0.0019085631938651204 -0.003195330034941435
v -8.819367940304801e-05 0.0019997991621494293 -0.003277640789747238
v -8.819367940304801e-05 0.0019997991621494293 -0.003277640789747238
v -8.819367940304801e-05 0.0019997991621494293 -0.003277640789747238
v -8.819367940304801e-05 0.0019997991621494293 -0.003277640789747238
v -8.819808135740459e-05 0.001995328115299344 -0.003222279716283083
v -8.819808135740459e-05 0.001995328115299344 -0.003222279716283083
v -8.819808135740459e-05 0.001995328115299344 -0.003222279716283083
v -8.699439058545977e-05 -0.0004899443010799587 -0.003501557046547532
v -8.699439058545977e-05 -0.0004899443010799587 -0.003501557046547532
v -8.699439058545977e-05 -0.0004899443010799587 -0.003501557046547532
v -8.694775169715285e-05 -0.00048602776951156557 -0.0035489907022565603
v -8.694775169715285e-05 -0.00048602776951156557 -0.0035489907022565603
v -8.694775169715285e-05 -0.00048602776951156557 -0.0035489907022565603
v -8.694775169715285e-05 -0.00048602776951156557 -0.0035489907022565603
v -8.690871618455276e-05 -0.0005659503513015807 -0.0034781016875058413
v -8.690871618455276e-05 -0.0005659503513015807 -0.0034781016875058413
v -8.690871618455276e-05 -0.0005659503513015807 -0.0034781016875058413
v -8.690871618455276e-05 -0.0005659503513015807 -0.0034781016875058413
v -8.685191278345883e-05 -0.0007779070874676108 -0.003502791980281472
v -8.685191278345883e-05 -0.0007779070874676108 -0.003502791980281472
v -8.685191278345883e-05 -0.0007779070874676108 -0.003502791980281472
v -8.685191278345883e-05 -0.0007779070874676108 -0.003502791980281472
v -8.685191278345883e-05 -0.0007779070874676108 -0.003502791980281472
v -8.685191278345883e-05 -0.0007779070874676108 -0.003502791980281472
v -8.639458974357694e-05 -0.0016494086012244225 -0.0036941440775990486
v -8.639458974357694e-05 -0.0016494086012244225 -0.0036941440775990486
v -8.639458974357694e-05 -0.0016494086012244225 -0.0036941440775990486
v -8.639458974357694e-05 -0.0016494086012244225 -0.0036941440775990486
v -8.639458974357694e-05 -0.0016494086012244225 -0.0036941440775990486
v -8.639458974357694e-05 -0.0016494086012244225 -0.0036941440775990486
v -8.850468293530867e-05 0.002849214943125844 -0.0058999559842050076
v -8.850468293530867e-05 0.002849214943125844 -0.0058999559842050076
v -8.850468293530867e-05 0.002849214943125844 -0.0058999559842050076
v -8.850468293530867e-05 0.002849214943125844 -0.0058999559842050076
v -8.861393871484324e-05 0.0030873531941324472 -0.005874307360500097
v -8.861393871484324e-05 0.0030873531941324472 -0.005874307360500097
v -8.861393871484324e-05 0.0030873531941324472 -0.005874307360500097
v -8.761110075283796e-05 0.0007637551752850413 -0.0033399686217308044
v -8.761110075283796e-05 0.0007637551752850413 -0.0033399686217308044
v -8.761110075283796e-05 0.0007637551752850413 -0.0033399686217308044
v -8.761110075283796e-05 0.0007637551752850413 -0.0033399686217308044
v -8.7567008449696e-05 0.0007801485480740666 -0.0033282486256211996
v -8.7567008449696e-05 0.0007801485480740666 -0.0033282486256211996
v -8.7567008449696e-05 0.0007801485480740666 -0.0033282486256211996
v -8.7567008449696e-05 0.0007801485480740666 -0.0033282486256211996
v -8.757437171880156e-05 0.0007539536454714835 -0.003360508941113949
v -8.757437171880156e-05 0.0007539536454714835 -0.003360508941113949
v -8.757437171880156e-05 0.0007539536454714835 -0.003360508941113949
v -8.757437171880156e-05 0.0007539536454714835 -0.003360508941113949
v -8.757437171880156e-05 0.0007539536454714835 -0.003360508941113949
v -8.758727926760912e-05 0.0008402868406847119 -0.0033157900907099247
v -8.758727926760912e-05 0.0008402868406847119 -0.0033157900907099247
v -8.758727926760912e-05 0.0008402868406847119 -0.0033157900907099247
v -8.758727926760912e-05 0.0008402868406847119 -0.0033157900907099247
v -8.759294723859057e-05 0.0007493040757253766 -0.00342069985345006
v -8.759294723859057e-05 0.0007493040757253766 -0.00342069985345006
v -8.759294723859057e-05 0.0007493040757253766 -0.00342069985345006
v -8.759294723859057e-05 0.0007493040757253766 -0.00342069985345006
v -8.775938476901501e-05 0.0011983552249148488 -0.003275219351053238
v -8.775938476901501e-05 0.0011983552249148488 -0.003275219351053238
v -8.775938476901501e-05 0.0011983552249148488 -0.003275219351053238
v -8.775938476901501e-05 0.0011983552249148488 -0.003275219351053238
v -8.775938476901501e-05 0.0011983552249148488 -0.003275219351053238
v -8.775938476901501e-05 0.0011983552249148488 -0.003275219351053238
v -8.799222996458411e-05 0.0015565149951726198 -0.0032354099676012993
v -8.799222996458411e-05 0.0015565149951726198 -0.0032354099676012993
v -8.799222996458411e-05 0.0015565149951726198 -0.0032354099676012993
v -8.799222996458411e-05 0.0015565149951726198 -0.0032354099676012993
v -8.799222996458411e-05 0.0015565149951726198 -0.0032354099676012993
v -8.695354335941374e-05 -0.000398744159610942 -0.005305850878357887
v -8.695354335941374e-05 -0.000398744159610942 -0.005305850878357887
v -8.695354335941374e-05 -0.000398744159610942 -0.005305850878357887
v -8.702378545422107e-05 -0.00028458211454562843 -0.005294790957123041
v -8.702378545422107e-05 -0.00028458211454562843 -0.005294790957123041
v -8.702378545422107e-05 -0.00028458211454562843 -0.005294790957123041
v -8.705912478035316e-05 -0.00017054112686309963 -0.005281795281916857
v -8.705912478035316e-05 -0.00017054112686309963 -0.005281795281916857
v -8.705912478035316e-05 -0.00017054112686309963 -0.005281795281916857
v -8.705912478035316e-05 -0.00017054112686309963 -0.005281795281916857
v -8.705912478035316e-05 -0.00017054112686309963 -0.005281795281916857
v -8.705912478035316e-05 -0.00017054112686309963 -0.005281795281916857
v -8.723471546545625e-05 0.00015358018572442234 -0.005245786625891924
v -8.723471546545625e-05 0.00015358018572442234 -0.005245786625891924
v -8.723471546545625e-05 0.00015358018572442234 -0.005245786625891924
v -8.723471546545625e-05 0.00015358018572442234 -0.005245786625891924
v -8.723471546545625e-05 0.00015358018572442234 -0.005245786625891924
v -8.740092016523704e-05 0.0004776835849042982 -0.005209661088883877
v -8.740092016523704e-05 0.0004776835849042982 -0.005209661088883877
v -8.740092016523704e-05 0.0004776835849042982 -0.005209661088883877
v -8.740092016523704e-05 0.0004776835849042982 -0.005209661088883877
v -8.740092016523704e-05 0.0004776835849042982 -0.005209661088883877
v -8.74070028658025e-05 0.0005457088118419051 -0.005202198401093483
v -8.74070028658025e-05 0.0005457088118419051 -0.005202198401093483
v -8.74070028658025e-05 0.0005457088118419051 -0.005202198401093483
v -8.74070028658025e-05 0.0005457088118419051 -0.005202198401093483
v -8.641239401185885e-05 -0.0016408319352194667 -0.0036164287012070417
v -8.641239401185885e-05 -0.0016408319352194667 -0.0036164287012070417
v -8.641239401185885e-05 -0.0016408319352194667 -0.0036164287012070417
v -8.641239401185885e-05 -0.0016408319352194667 -0.0036164287012070417
v -8.639493898954242e-05 -0.0016274568624794483 -0.0036027715541422367
v -8.639493898954242e-05 -0.0016274568624794483 -0.0036027715541422367
v -8.639493898954242e-05 -0.0016274568624794483 -0.0036027715541422367
v -8.639493898954242e-05 -0.0016274568624794483 -0.0036027715541422367
v -8.639605948701501e-05 -0.0016481808852404356 -0.003641742980107665
v -8.639605948701501e-05 -0.0016481808852404356 -0.003641742980107665
v -8.639605948701501e-05 -0.0016481808852404356 -0.003641742980107665
v -8.639605948701501e-05 -0.0016481808852404356 -0.003641742980107665
v -8.639605948701501e-05 -0.0016481808852404356 -0.003641742980107665
v -8.640806481707841e-05 -0.0016022127820178866 -0.003594648092985153
v -8.640806481707841e-05 -0.0016022127820178866 -0.003594648092985153
v -8.640806481707841e-05 -0.0016022127820178866 -0.003594648092985153
v -8.640806481707841e-05 -0.0016022127820178866 -0.003594648092985153
v -8.639651059638709e-05 -0.0016491967253386974 -0.0036678998731076717
v -8.639651059638709e-05 -0.0016491967253386974 -0.0036678998731076717
v -8.639651059638709e-05 -0.0016491967253386974 -0.0036678998731076717
v -8.639651059638709e-05 -0.0016491967253386974 -0.0036678998731076717
v -8.656248974148184e-05 -0.0012960918247699738 -0.0035606222227215767
v -8.656248974148184e-05 -0.0012960918247699738 -0.0035606222227215767
v -8.656248974148184e-05 -0.0012960918247699738 -0.0035606222227215767
v -8.656248974148184e-05 -0.0012960918247699738 -0.0035606222227215767
v -8.656248974148184e-05 -0.0012960918247699738 -0.0035606222227215767
v -8.656248974148184e-05 -0.0012960918247699738 -0.0035606222227215767
v -8.670632087159902e-05 -0.000989991007372737 -0.003526486922055483
v -8.670632087159902e-05 -0.000989991007372737 -0.003526486922055483
v -8.670632087159902e-05 -0.000989991007372737 -0.003526486922055483
v -8.670632087159902e-05 -0.000989991007372737 -0.003526486922055483
v -8.670632087159902e-05 -0.000989991007372737 -0.003526486922055483
v -8.811326551949605e-05 0.0020628238562494516 -0.00598642835393548
v -8.811326551949605e-05 0.0020628238562494516 -0.00598642835393548
v -8.811326551949605e-05 0.0020628238562494516 -0.00598642835393548
v -8.811326551949605e-05 0.0020628238562494516 -0.00598642835393548
v -8.572242222726345e-05 -0.002912209602072835 -0.006492185406386852
v -8.572242222726345e-05 -0.002912209602072835 -0.006492185406386852
v -8.572242222726345e-05 -0.002912209602072835 -0.006492185406386852
v -8.572242222726345e-05 -0.002912209602072835 -0.006492185406386852
v -8.572242222726345e-05 -0.002912209602072835 -0.006492185406386852
v -8.571275975555182e-05 -0.002891069045290351 -0.00652348343282938
v -8.571275975555182e-05 -0.002891069045290351 -0.00652348343282938
v -8.571275975555182e-05 -0.002891069045290351 -0.00652348343282938
v -8.571275975555182e-05 -0.002891069045290351 -0.00652348343282938
v -8.571275975555182e-05 -0.002891069045290351 -0.00652348343282938
v -8.584333409089595e-05 -0.0028667175211012363 -0.002375394105911255
v -8.584333409089595e-05 -0.0028667175211012363 -0.002375394105911255
v -8.584333409089595e-05 -0.0028667175211012363 -0.002375394105911255
v -8.584333409089595e-05 -0.0028667175211012363 -0.002375394105911255
v -8.585477917222306e-05 -0.002884987276047468 -0.0024392649065703154
v -8.585477917222306e-05 -0.002884987276047468 -0.0024392649065703154
v -8.585477917222306e-05 -0.002884987276047468 -0.0024392649065703154
v -8.569876081310213e-05 -0.0028593074530363083 -0.006539017427712679
v -8.569876081310213e-05 -0.0028593074530363083 -0.006539017427712679
v -8.569876081310213e-05 -0.0028593074530363083 -0.006539017427712679
v -8.569876081310213e-05 -0.0028593074530363083 -0.006539017427712679
v -8.578450797358528e-05 -0.0027646918315440416 -0.00653934245929122
v -8.578450797358528e-05 -0.0027646918315440416 -0.00653934245929122
v -8.578450797358528e-05 -0.0027646918315440416 -0.00653934245929122
v -8.578450797358528e-05 -0.0027646918315440416 -0.00653934245929122
v -8.596385305281729e-05 -0.0023989095352590084 -0.006495210342109203
v -8.596385305281729e-05 -0.0023989095352590084 -0.006495210342109203
v -8.596385305281729e-05 -0.0023989095352590084 -0.006495210342109203
v -8.596385305281729e-05 -0.0023989095352590084 -0.006495210342109203
v -8.596385305281729e-05 -0.0023989095352590084 -0.006495210342109203
v -8.591027290094644e-05 -0.002777240239083767 -0.0023223150055855513
v -8.591027290094644e-05 -0.002777240239083767 -0.0023223150055855513
v -8.591027290094644e-05 -0.002777240239083767 -0.0023223150055855513
v -8.590198558522388e-05 -0.0028175937477499247 -0.0023326296359300613
v -8.590198558522388e-05 -0.0028175937477499247 -0.0023326296359300613
v -8.590198558522388e-05 -0.0028175937477499247 -0.0023326296359300613
v -8.590198558522388e-05 -0.0028175937477499247 -0.0023326296359300613
v -8.58955827425234e-05 -0.0028334693051874638 -0.002340860664844513
v -8.58955827425234e-05 -0.0028334693051874638 -0.002340860664844513
v -8.58955827425234e-05 -0.0028334693051874638 -0.002340860664844513
v -8.582926966482773e-05 -0.002887351205572486 -0.002499652560800314
v -8.582926966482773e-05 -0.002887351205572486 -0.002499652560800314
v -8.582926966482773e-05 -0.002887351205572486 -0.002499652560800314
v -8.571015496272594e-05 -0.00292331725358963 -0.00639009615406394
v -8.571015496272594e-05 -0.00292331725358963 -0.00639009615406394
v -8.571015496272594e-05 -0.00292331725358963 -0.00639009615406394
v -8.571015496272594e-05 -0.00292331725358963 -0.00639009615406394
v -8.566807809984311e-05 -0.0029234029352664948 -0.006400877144187689
v -8.566807809984311e-05 -0.0029234029352664948 -0.006400877144187689
v -8.566807809984311e-05 -0.0029234029352664948 -0.006400877144187689
v 0.00010991856106556952 0.003774394979700446 0.02892020158469677
v 0.00010991856106556952 0.003774394979700446 0.02892020158469677
v 0.00010991856106556952 0.003774394979700446 0.02892020158469677
v 0.00010991856106556952 0.003774394979700446 0.02892020158469677
v 0.00010939772619167343 0.0048621222376823425 0.02827087789773941
v 0.00010939772619167343 0.0048621222376823425 0.02827087789773941
v 0.00010939772619167343 0.0048621222376823425 0.02827087789773941
v 0.00010939772619167343 0.0048621222376823425 0.02827087789773941
v 0.00011371386062819511 -0.004212876316159964 0.031437717378139496
v 0.00011371386062819511 -0.004212876316159964 0.031437717378139496
v 0.00011371386062819511 -0.004212876316159964 0.031437717378139496
v 0.00011371386062819511 -0.004212876316159964 0.031437717378139496
v 0.00011371386062819511 -0.004212876316159964 0.031437717378139496
v 0.00011371386062819511 -0.004212876316159964 0.031437717378139496
v 0.0001133786208811216 -0.00350411725230515 0.03137657791376114
v 0.0001133786208811216 -0.00350411725230515 0.03137657791376114
v 0.0001133786208811216 -0.00350411725230515 0.03137657791376114
v 0.00010906199895543978 0.005584805738180876 0.027230456471443176
v 0.00010906199895543978 0.005584805738180876 0.027230456471443176
v 0.00010906199895543978 0.005584805738180876 0.027230456471443176
v 0.00010906199895543978 0.005584805738180876 0.027230456471443176
v 0.00010899435437750071 0.005813677329570055 0.025984514504671097
v 0.00010899435437750071 0.005813677329570055 0.025984514504671097
v 0.00010899435437750071 0.005813677329570055 0.025984514504671097
v 0.00010899435437750071 0.005813677329570055 0.025984514504671097
v 0.00010899435437750071 0.005813677329570055 0.025984514504671097
v 0.00010899435437750071 0.005813677329570055 0.025984514504671097
v 0.00010899435437750071 0.005813677329570055 0.025984514504671097
v 0.00010899435437750071 0.005813677329570055 0.025984514504671097
v 0.00010899435437750071 0.005813677329570055 0.025984514504671097
v 0.00010899435437750071 0.005813677329570055 0.025984514504671097
v 0.00011181607260368764 0.004004173446446657 -0.03224782645702362
v 0.00011181607260368764 0.004004173446446657 -0.03224782645702362
v 0.00011181607260368764 0.004004173446446657 -0.03224782645702362
v 0.00011181607260368764 0.004004173446446657 -0.03224782645702362
v 0.00011181607260368764 0.004004173446446657 -0.03224782645702362
v 0.00011181607260368764 0.004004173446446657 -0.03224782645702362
v 0.00011181607260368764 0.004004173446446657 -0.03224782645702362
v 0.00011181607260368764 0.004004173446446657 -0.03224782645702362
v 0.00011181607260368764 0.004004173446446657 -0.03224782645702362
v 0.00011181607260368764 0.004004173446446657 -0.03224782645702362
v 0.00011187249765498564 0.003859063843265176 -0.032736312597990036
v 0.00011187249765498564 0.003859063843265176 -0.032736312597990036
v 0.00011187249765498564 0.003859063843265176 -0.032736312597990036
v 0.00011187249765498564 0.003859063843265176 -0.032736312597990036
v 0.00011205713235540316 0.00349214649759233 -0.033089835196733475
v 0.00011205713235540316 0.00349214649759233 -0.033089835196733475
v 0.00011205713235540316 0.00349214649759233 -0.033089835196733475
v 0.00011205713235540316 0.00349214649759233 -0.033089835196733475
v 0.00011234057456022128 0.0029985872097313404 -0.03321675956249237
v 0.00011234057456022128 0.0029985872097313404 -0.03321675956249237
v 0.00011234057456022128 0.0029985872097313404 -0.03321675956249237
v 0.00011234057456022128 0.0029985872097313404 -0.03321675956249237
v 0.00011539606202859432 -0.003312185872346163 -0.033178478479385376
v 0.00011539606202859432 -0.003312185872346163 -0.033178478479385376
v 0.00011539606202859432 -0.003312185872346163 -0.033178478479385376
v 0.00011539606202859432 -0.003312185872346163 -0.033178478479385376
v 0.00011558017286006361 -0.00380415259860456 -0.033045694231987
v 0.00011558017286006361 -0.00380415259860456 -0.033045694231987
v 0.00011558017286006361 -0.00380415259860456 -0.033045694231987
v 0.00011558017286006361 -0.00380415259860456 -0.033045694231987
v 0.00011575510870898142 -0.004166805185377598 -0.03268766403198242
v 0.00011575510870898142 -0.004166805185377598 -0.03268766403198242
v 0.00011575510870898142 -0.004166805185377598 -0.03268766403198242
v 0.00011575510870898142 -0.004166805185377598 -0.03268766403198242
v 0.0001158380473498255 -0.004305906593799591 -0.03219743072986603
v 0.0001158380473498255 -0.004305906593799591 -0.03219743072986603
v 0.0001158380473498255 -0.004305906593799591 -0.03219743072986603
v 0.0001158380473498255 -0.004305906593799591 -0.03219743072986603
v 0.0001158380473498255 -0.004305906593799591 -0.03219743072986603
v 0.0001158380473498255 -0.004305906593799591 -0.03219743072986603
v 0.00011432413884904236 -0.005483522545546293 0.029926886782050133
v 0.00011432413884904236 -0.005483522545546293 0.029926886782050133
v 0.00011432413884904236 -0.005483522545546293 0.029926886782050133
v 0.00011432413884904236 -0.005483522545546293 0.029926886782050133
v 0.00011432413884904236 -0.005483522545546293 0.029926886782050133
v 0.00011432413884904236 -0.005483522545546293 0.029926886782050133
v 0.00011432413884904236 -0.005483522545546293 0.029926886782050133
v 0.00011424476542742923 -0.0053279465064406395 0.030621087178587914
v 0.00011424476542742923 -0.0053279465064406395 0.030621087178587914
v 0.00011424476542742923 -0.0053279465064406395 0.030621087178587914
v 0.00011424476542742923 -0.0053279465064406395 0.030621087178587914
v 0.0001139846644946374 -0.004870065953582525 0.031165480613708496
v 0.0001139846644946374 -0.004870065953582525 0.031165480613708496
v 0.0001139846644946374 -0.004870065953582525 0.031165480613708496
v 0.0001139846644946374 -0.004870065953582525 0.031165480613708496
v -0.00018637689936440438 -0.0026227727066725492 0.010034509003162384
v -0.00018668240227270871 -0.00204422022216022 0.010098927654325962
v -0.00018668240227270871 -0.00204422022216022 0.010098927654325962
v -0.00018668240227270871 -0.00204422022216022 0.010098927654325962
v -0.00018694739264901727 -0.001465817098505795 0.010164485312998295
v -0.00018694739264901727 -0.001465817098505795 0.010164485312998295
v -0.00018694739264901727 -0.001465817098505795 0.010164485312998295
v -0.00018722130334936082 -0.0008634095429442823 0.010232951492071152
v -0.00018722130334936082 -0.0008634095429442823 0.010232951492071152
v -0.00018722130334936082 -0.0008634095429442823 0.010232951492071152
v -0.00018755823839455843 -0.00026094313943758607 0.010301494039595127
v -0.00018755823839455843 -0.00026094313943758607 0.010301494039595127
v -0.00018755823839455843 -0.00026094313943758607 0.010301494039595127
v -0.00018814681970980018 0.000955948606133461 0.010439437814056873
v -0.00018814681970980018 0.000955948606133461 0.010439437814056873
v -0.00018814681970980018 0.000955948606133461 0.010439437814056873
v -0.00018865533638745546 0.002036701189354062 0.010561902076005936
v -0.00018865533638745546 0.002036701189354062 0.010561902076005936
v -0.00018865533638745546 0.002036701189354062 0.010561902076005936
v -0.0001889166742330417 0.002641156082972884 0.010630502365529537
v -0.0001889166742330417 0.002641156082972884 0.010630502365529537
v -0.0001892630971269682 0.003245576983317733 0.010699582286179066
v -0.00018926354823634028 0.0033186795189976692 0.010692903771996498
v -0.00018926354823634028 0.0033186795189976692 0.010692903771996498
v -0.00018632170394994318 -0.0027248896658420563 0.009998491033911705
v -0.00018632170394994318 -0.0027248896658420563 0.009998491033911705
v -0.00018638816254679114 -0.002651639748364687 0.010029966942965984
v -0.0001892569853225723 0.003357678884640336 0.010663698427379131
v -0.0001893113658297807 0.003371219616383314 0.010642788372933865
v -0.0001893113658297807 0.003371219616383314 0.010642788372933865
v -0.0001893113658297807 0.003371219616383314 0.010642788372933865
v -0.00018923961033578962 0.003359444672241807 0.009368672035634518
v -0.00018923961033578962 0.003359444672241807 0.009368672035634518
v -0.00018923961033578962 0.003359444672241807 0.009368672035634518
v -0.00018924384494312108 0.0033143756445497274 0.00931608211249113
v -0.00018924384494312108 0.0033143756445497274 0.00931608211249113
v -0.00018915928376372904 0.0032330178655683994 0.009284201078116894
v -0.00018916431872639805 0.0032107350416481495 0.009281117469072342
v -0.00018882291624322534 0.002515916945412755 0.009204577654600143
v -0.00018882291624322534 0.002515916945412755 0.009204577654600143
v -0.00018882291624322534 0.002515916945412755 0.009204577654600143
v -0.00018847671162802726 0.001821258687414229 0.009127207100391388
v -0.00018847671162802726 0.001821258687414229 0.009127207100391388
v -0.00018847671162802726 0.001821258687414229 0.009127207100391388
v -0.00018834175716619939 0.0015049446374177933 0.009092211723327637
v -0.00018834175716619939 0.0015049446374177933 0.009092211723327637
v -0.0001881757052615285 0.001188570400699973 0.00905758235603571
v -0.00018815835937857628 0.001128976233303547 0.009045110084116459
v -0.00018815835937857628 0.001128976233303547 0.009045110084116459
v -0.00018815835937857628 0.001128976233303547 0.009045110084116459
v -0.00018814030045177788 0.001110905664972961 0.009031007997691631
v -0.00018814030045177788 0.001110905664972961 0.009031007997691631
v -0.00018814030045177788 0.001110905664972961 0.009031007997691631
v -0.00018815515795722604 0.0011013622861355543 0.009008322842419147
v -0.00018816931697074324 0.0010973496828228235 0.00895724818110466
v -0.00018811342306435108 0.001093909377232194 0.008431295864284039
v -0.00018811087647918612 0.0010856178123503923 0.007905424572527409
v -0.00018805319268722087 0.0009663553209975362 0.007182413246482611
v -0.00018784978601615876 0.000624373962637037 0.006534624379128218
v -0.00018750935851130635 1.4048651792109013e-05 0.005994280334562063
v -0.00018716412887442857 -0.0007552027818746865 0.0057273549027740955
v -0.00018709780124481767 -0.0008823166717775166 0.005713225342333317
v -0.0001870161504484713 -0.0010102313244715333 0.005707459058612585
v -0.00018701735825743526 -0.0010319903958588839 0.005707443691790104
v -0.00018701735825743526 -0.0010319903958588839 0.005707443691790104
v -0.00018698748317547143 -0.0010536848567426205 0.005707818083465099
v -0.00018698748317547143 -0.0010536848567426205 0.005707818083465099
v -0.00018687988631427288 -0.0012795343063771725 0.005709915421903133
v -0.00018685789837036282 -0.0013771384255960584 0.005722271744161844
v -0.000186779914656654 -0.001474620308727026 0.005735937971621752
v -0.00018659363558981568 -0.001867100247181952 0.005846107378602028
v -0.00018642062786966562 -0.0022155246697366238 0.00605732062831521
v -0.0001863076031440869 -0.0025560548529028893 0.006454281974583864
v -0.00018619600450620055 -0.0027435594238340855 0.006942742969840765
v -0.0001861974160419777 -0.0027970923110842705 0.0073023331351578236
v -0.0001862100907601416 -0.0027965973131358624 0.007353072054684162
v -0.0001862100907601416 -0.0027965973131358624 0.007353072054684162
v -0.0001862100907601416 -0.0027965973131358624 0.007353072054684162
v -0.0001863095094449818 -0.0027725864201784134 0.009941705502569675
v -0.0001863095094449818 -0.0027725864201784134 0.009941705502569675
v -0.0001863095094449818 -0.0027725864201784134 0.009941705502569675
v -0.0001875515008578077 -6.554147694259882e-05 0.00884507317095995
v -0.0001875515008578077 -6.554147694259882e-05 0.00884507317095995
v -8.758472540648654e-05 -6.549173849634826e-05 0.008845075964927673
v -8.758472540648654e-05 -6.549173849634826e-05 0.008845075964927673
v -8.758472540648654e-05 -6.549173849634826e-05 0.008845075964927673
v -8.758472540648654e-05 -6.549173849634826e-05 0.008845075964927673
v -8.758472540648654e-05 -6.549173849634826e-05 0.008845075964927673
v -8.757068280829117e-05 -6.643900997005403e-05 0.008873650804162025
v -8.757068280829117e-05 -6.643900997005403e-05 0.008873650804162025
v -8.757068280829117e-05 -6.643900997005403e-05 0.008873650804162025
v -8.757068280829117e-05 -6.643900997005403e-05 0.008873650804162025
v -0.00018760684179142118 -6.649144779657945e-05 0.008873667567968369
v -8.756091847317293e-05 -7.161375106079504e-05 0.008893251419067383
v -8.756091847317293e-05 -7.161375106079504e-05 0.008893251419067383
v -8.756091847317293e-05 -7.161375106079504e-05 0.008893251419067383
v -8.756091847317293e-05 -7.161375106079504e-05 0.008893251419067383
v -0.00018759739759843796 -7.160487439250574e-05 0.008893265388906002
v -0.00018759739759843796 -7.160487439250574e-05 0.008893265388906002
v -0.00018759739759843796 -7.160487439250574e-05 0.008893265388906002
v -0.00018753499898593873 -6.992716953391209e-05 0.008360604755580425
v -0.00018753499898593873 -6.992716953391209e-05 0.008360604755580425
v -0.00018753499898593873 -6.992716953391209e-05 0.008360604755580425
v -8.755952148931101e-05 -6.98760777595453e-05 0.008360600098967552
v -8.755952148931101e-05 -6.98760777595453e-05 0.008360600098967552
v -8.755952148931101e-05 -6.98760777595453e-05 0.008360600098967552
v -8.755952148931101e-05 -6.98760777595453e-05 0.008360600098967552
v -8.755952148931101e-05 -6.98760777595453e-05 0.008360600098967552
v -8.755952148931101e-05 -6.98760777595453e-05 0.008360600098967552
v -8.755952148931101e-05 -6.98760777595453e-05 0.008360600098967552
v -8.75667465152219e-05 -6.739088712492958e-05 0.008616777136921883
v -8.75667465152219e-05 -6.739088712492958e-05 0.008616777136921883
v -8.75667465152219e-05 -6.739088712492958e-05 0.008616777136921883
v -8.75667465152219e-05 -6.739088712492958e-05 0.008616777136921883
v -8.75667465152219e-05 -6.739088712492958e-05 0.008616777136921883
v -0.00018754815391730517 -6.743252743035555e-05 0.008616730570793152
v -0.00018754815391730517 -6.743252743035555e-05 0.008616730570793152
v -0.00018753079348243773 -8.266581426141784e-05 0.00786619633436203
v -8.755346789257601e-05 -8.261472976300865e-05 0.007866191677749157
v -8.755346789257601e-05 -8.261472976300865e-05 0.007866191677749157
v -8.755346789257601e-05 -8.261472976300865e-05 0.007866191677749157
v -8.755346789257601e-05 -8.261472976300865e-05 0.007866191677749157
v -8.753001020522788e-05 -7.119841029634699e-05 0.008127178065478802
v -8.753001020522788e-05 -7.119841029634699e-05 0.008127178065478802
v -8.753001020522788e-05 -7.119841029634699e-05 0.008127178065478802
v -8.753001020522788e-05 -7.119841029634699e-05 0.008127178065478802
v -0.0001875695597846061 -7.123870454961434e-05 0.008127129636704922
v -0.00018747945432551205 -0.00018681814253795892 0.007537901867181063
v -0.00018747945432551205 -0.00018681814253795892 0.007537901867181063
v -8.745199011173099e-05 -0.00018676705076359212 0.0075378925539553165
v -8.745199011173099e-05 -0.00018676705076359212 0.0075378925539553165
v -8.745199011173099e-05 -0.00018676705076359212 0.0075378925539553165
v -8.745199011173099e-05 -0.00018676705076359212 0.0075378925539553165
v -8.745199011173099e-05 -0.00018676705076359212 0.0075378925539553165
v -8.759571937844157e-05 -7.7940130722709e-05 0.008900354616343975
v -8.759571937844157e-05 -7.7940130722709e-05 0.008900354616343975
v -8.759571937844157e-05 -7.7940130722709e-05 0.008900354616343975
v -8.759571937844157e-05 -7.7940130722709e-05 0.008900354616343975
v -0.0001875730522442609 -7.79912224970758e-05 0.008900359272956848
v -0.0001875730522442609 -7.79912224970758e-05 0.008900359272956848
v -8.75388432177715e-05 -9.044715261552483e-05 0.008904718793928623
v -8.75388432177715e-05 -9.044715261552483e-05 0.008904718793928623
v -8.75388432177715e-05 -9.044715261552483e-05 0.008904718793928623
v -8.75388432177715e-05 -9.044715261552483e-05 0.008904718793928623
v -0.00018757468205876648 -9.04359549167566e-05 0.00890474021434784
v -8.754183363635093e-05 -0.00013103212404530495 0.008903300389647484
v -8.754183363635093e-05 -0.00013103212404530495 0.008903300389647484
v -8.754183363635093e-05 -0.00013103212404530495 0.008903300389647484
v -8.754183363635093e-05 -0.00013103212404530495 0.008903300389647484
v -0.00018756685312837362 -0.00013108455459587276 0.008903317153453827
v -0.00018689942953642458 -0.0014645274495705962 0.008755194023251534
v -0.00018689942953642458 -0.0014645274495705962 0.008755194023251534
v -8.692454139236361e-05 -0.0014644749462604523 0.008755180984735489
v -8.692454139236361e-05 -0.0014644749462604523 0.008755180984735489
v -8.692454139236361e-05 -0.0014644749462604523 0.008755180984735489
v -8.692454139236361e-05 -0.0014644749462604523 0.008755180984735489
v -8.692454139236361e-05 -0.0014644749462604523 0.008755180984735489
v -8.691132825333625e-05 -0.0014862213283777237 0.00875080469995737
v -8.691132825333625e-05 -0.0014862213283777237 0.00875080469995737
v -8.691132825333625e-05 -0.0014862213283777237 0.00875080469995737
v -0.00018689331773202866 -0.0014862616080790758 0.008750751614570618
v -8.68917559273541e-05 -0.0015154968714341521 0.008737611584365368
v -8.68917559273541e-05 -0.0015154968714341521 0.008737611584365368
v -8.68917559273541e-05 -0.0015154968714341521 0.008737611584365368
v -8.68917559273541e-05 -0.0015154968714341521 0.008737611584365368
v -0.00018686632392928004 -0.0015154856955632567 0.008737628348171711
v -0.00018686632392928004 -0.0015154856955632567 0.008737628348171711
v -0.00018686632392928004 -0.0015154856955632567 0.008737628348171711
v -0.00018693013407755643 -0.0014326010132208467 0.00875921081751585
v -0.00018693013407755643 -0.0014326010132208467 0.00875921081751585
v -8.68998613441363e-05 -0.0014325606171041727 0.008759260177612305
v -8.68998613441363e-05 -0.0014325606171041727 0.008759260177612305
v -8.68998613441363e-05 -0.0014325606171041727 0.008759260177612305
v -8.68998613441363e-05 -0.0014325606171041727 0.008759260177612305
v -8.68998613441363e-05 -0.0014325606171041727 0.008759260177612305
v -8.68998613441363e-05 -0.0014325606171041727 0.008759260177612305
v -8.68998613441363e-05 -0.0014325606171041727 0.008759260177612305
v -8.692624396644533e-05 -0.0014485197607427835 0.008757407777011395
v -8.692624396644533e-05 -0.0014485197607427835 0.008757407777011395
v -8.692624396644533e-05 -0.0014485197607427835 0.008757407777011395
v -0.00018690357683226466 -0.0014485708670690656 0.008757412433624268
v -8.725216321181506e-05 -0.0007817623554728925 0.008831262588500977
v -8.725216321181506e-05 -0.0007817623554728925 0.008831262588500977
v -8.725216321181506e-05 -0.0007817623554728925 0.008831262588500977
v -8.725216321181506e-05 -0.0007817623554728925 0.008831262588500977
v -8.725216321181506e-05 -0.0007817623554728925 0.008831262588500977
v -8.725216321181506e-05 -0.0007817623554728925 0.008831262588500977
v -0.0001872236025519669 -0.0007818012963980436 0.008831201121211052
v -0.0001872236025519669 -0.0007818012963980436 0.008831201121211052
v -0.0001872236025519669 -0.0007818012963980436 0.008831201121211052
v -0.00018737552454695106 -0.0004171651089563966 0.007282281294465065
v -0.00018737552454695106 -0.0004171651089563966 0.007282281294465065
v -0.00018737552454695106 -0.0004171651089563966 0.007282281294465065
v -8.733819413464516e-05 -0.000417115370510146 0.007282278500497341
v -8.733819413464516e-05 -0.000417115370510146 0.007282278500497341
v -8.733819413464516e-05 -0.000417115370510146 0.007282278500497341
v -8.733819413464516e-05 -0.000417115370510146 0.007282278500497341
v -0.0001870807900559157 -0.0009700607042759657 0.007133889943361282
v -8.710288238944486e-05 -0.0009700109949335456 0.007133891806006432
v -8.710288238944486e-05 -0.0009700109949335456 0.007133891806006432
v -8.710288238944486e-05 -0.0009700109949335456 0.007133891806006432
v -8.710288238944486e-05 -0.0009700109949335456 0.007133891806006432
v -8.723518112674356e-05 -0.0006799157708883286 0.007158502470701933
v -8.723518112674356e-05 -0.0006799157708883286 0.007158502470701933
v -8.723518112674356e-05 -0.0006799157708883286 0.007158502470701933
v -0.00018721309606917202 -0.0006799654802307487 0.007158500142395496
v -0.00018693870515562594 -0.0012584318174049258 0.007220374420285225
v -0.00018693870515562594 -0.0012584318174049258 0.007220374420285225
v -8.696323493495584e-05 -0.0012583807110786438 0.0072203692980110645
v -8.696323493495584e-05 -0.0012583807110786438 0.0072203692980110645
v -8.696323493495584e-05 -0.0012583807110786438 0.0072203692980110645
v -8.696323493495584e-05 -0.0012583807110786438 0.0072203692980110645
v -0.0001868708204710856 -0.0014597362605854869 0.007443708833307028
v -0.0001868708204710856 -0.0014597362605854869 0.007443708833307028
v -0.0001868708204710856 -0.0014597362605854869 0.007443708833307028
v -8.683407213538885e-05 -0.0014596852706745267 0.007443699054419994
v -8.683407213538885e-05 -0.0014596852706745267 0.007443699054419994
v -8.683407213538885e-05 -0.0014596852706745267 0.007443699054419994
v -8.683407213538885e-05 -0.0014596852706745267 0.007443699054419994
v -0.0001868237741291523 -0.0015421988209709525 0.007813575677573681
v -8.684887870913371e-05 -0.0015421464340761304 0.007813563570380211
v -8.684887870913371e-05 -0.0015421464340761304 0.007813563570380211
v -8.684887870913371e-05 -0.0015421464340761304 0.007813563570380211
v -8.684887870913371e-05 -0.0015421464340761304 0.007813563570380211
v -8.68558490765281e-05 -0.0015244865790009499 0.007623300421983004
v -8.68558490765281e-05 -0.0015244865790009499 0.007623300421983004
v -8.68558490765281e-05 -0.0015244865790009499 0.007623300421983004
v -8.68558490765281e-05 -0.0015244865790009499 0.007623300421983004
v -8.68558490765281e-05 -0.0015244865790009499 0.007623300421983004
v -8.68558490765281e-05 -0.0015244865790009499 0.007623300421983004
v -8.68558490765281e-05 -0.0015244865790009499 0.007623300421983004
v -0.00018682204245124012 -0.0015245376853272319 0.007623304612934589
v -0.0001868616382125765 -0.0015367022715508938 0.008434267714619637
v -0.0001868616382125765 -0.0015367022715508938 0.008434267714619637
v -0.0001868616382125765 -0.0015367022715508938 0.008434267714619637
v -8.682733459863812e-05 -0.0015366498846560717 0.008434250019490719
v -8.682733459863812e-05 -0.0015366498846560717 0.008434250019490719
v -8.682733459863812e-05 -0.0015366498846560717 0.008434250019490719
v -8.682733459863812e-05 -0.0015366498846560717 0.008434250019490719
v -8.682733459863812e-05 -0.0015366498846560717 0.008434250019490719
v -8.682733459863812e-05 -0.0015366498846560717 0.008434250019490719
v -8.684053318575025e-05 -0.001539604621939361 0.00812387652695179
v -8.684053318575025e-05 -0.001539604621939361 0.00812387652695179
v -8.684053318575025e-05 -0.001539604621939361 0.00812387652695179
v -8.684053318575025e-05 -0.001539604621939361 0.00812387652695179
v -8.684053318575025e-05 -0.001539604621939361 0.00812387652695179
v -8.684053318575025e-05 -0.001539604621939361 0.00812387652695179
v -0.00018681600340642035 -0.0015396557282656431 0.008123881183564663
v -0.00018681600340642035 -0.0015396557282656431 0.008123881183564663
v -0.00018687684496399015 -0.0015342351980507374 0.00867603998631239
v -8.683940541232005e-05 -0.0015341364778578281 0.00867603812366724
v -8.683940541232005e-05 -0.0015341364778578281 0.00867603812366724
v -8.683940541232005e-05 -0.0015341364778578281 0.00867603812366724
v -8.683940541232005e-05 -0.0015341364778578281 0.00867603812366724
v -8.683940541232005e-05 -0.0015341364778578281 0.00867603812366724
v -8.685829379828647e-05 -0.0015356318326666951 0.008555136620998383
v -8.685829379828647e-05 -0.0015356318326666951 0.008555136620998383
v -8.685829379828647e-05 -0.0015356318326666951 0.008555136620998383
v -8.685829379828647e-05 -0.0015356318326666951 0.008555136620998383
v -8.685829379828647e-05 -0.0015356318326666951 0.008555136620998383
v -8.685829379828647e-05 -0.0015356318326666951 0.008555136620998383
v -0.00018683620146475732 -0.001535681658424437 0.008555134758353233
v -0.00018683620146475732 -0.001535681658424437 0.008555134758353233
v -0.00018683620146475732 -0.001535681658424437 0.008555134758353233
v -0.00018684813403524458 -0.0015277020866051316 0.008720648474991322
v -0.00018684813403524458 -0.0015277020866051316 0.008720648474991322
v -8.686613728059456e-05 -0.0015276618069037795 0.008720701560378075
v -8.686613728059456e-05 -0.0015276618069037795 0.008720701560378075
v -8.686613728059456e-05 -0.0015276618069037795 0.008720701560378075
v -8.686613728059456e-05 -0.0015276618069037795 0.008720701560378075
v -0.0001886096433736384 0.003199659287929535 -0.007864362560212612
v -0.0001886096433736384 0.003199659287929535 -0.007864362560212612
v -0.0001886096433736384 0.003199659287929535 -0.007864362560212612
v -0.00018858320254366845 0.003163002198562026 -0.00791958812624216
v -0.00018858320254366845 0.003163002198562026 -0.00791958812624216
v -0.00018858320254366845 0.003163002198562026 -0.00791958812624216
v -0.00018852426728699356 0.0031043505296111107 -0.007951040752232075
v -0.00018851060303859413 0.003018764778971672 -0.007965830154716969
v -0.00018851060303859413 0.003018764778971672 -0.007965830154716969
v -0.00018829158216249198 0.002522609429433942 -0.0080215223133564
v -0.00018829158216249198 0.002522609429433942 -0.0080215223133564
v -0.00018829158216249198 0.002522609429433942 -0.0080215223133564
v -0.00018800694670062512 0.0020265209022909403 -0.008077913895249367
v -0.00018800694670062512 0.0020265209022909403 -0.008077913895249367
v -0.00018800694670062512 0.0020265209022909403 -0.008077913895249367
v -0.0001877809700090438 0.0015004462329670787 -0.008137288503348827
v -0.0001877809700090438 0.0015004462329670787 -0.008137288503348827
v -0.0001877809700090438 0.0015004462329670787 -0.008137288503348827
v -0.00018754736811388284 0.0009743291884660721 -0.008196473121643066
v -0.00018754736811388284 0.0009743291884660721 -0.008196473121643066
v -0.0001874859444797039 0.0008902245317585766 -0.008205490186810493
v -0.0001874646550277248 0.0008060373365879059 -0.008213394321501255
v -0.00018740292580332607 0.0007744588074274361 -0.008221681229770184
v -0.00018740292580332607 0.0007744588074274361 -0.008221681229770184
v -0.00018740292580332607 0.0007744588074274361 -0.008221681229770184
v -0.00018741049279924482 0.0007597426301799715 -0.008235214278101921
v -0.00018741049279924482 0.0007597426301799715 -0.008235214278101921
v -0.00018741049279924482 0.0007597426301799715 -0.008235214278101921
v -0.00018744207045529038 0.000752148509491235 -0.008256610482931137
v -0.00018740887753665447 0.0007510809227824211 -0.008271903730928898
v -0.00018740128143690526 0.0007496436010114849 -0.008540039882063866
v -0.00018738587095867842 0.0007459420012310147 -0.008808077313005924
v -0.00018738614744506776 0.0007525851251557469 -0.00884326919913292
v -0.00018738614744506776 0.0007525851251557469 -0.00884326919913292
v -0.00018738614744506776 0.0007525851251557469 -0.00884326919913292
v -0.00018740221275947988 0.0007698680274188519 -0.008864447474479675
v -0.00018740221275947988 0.0007698680274188519 -0.008864447474479675
v -0.00018741430540103465 0.0008095817174762487 -0.00888332910835743
v -0.00018750775780063123 0.0010037117172032595 -0.008944457396864891
v -0.00018750775780063123 0.0010037117172032595 -0.008944457396864891
v -0.00018750775780063123 0.0010037117172032595 -0.008944457396864891
v -0.00018759262457024306 0.001197893638163805 -0.009005479514598846
v -0.00018759262457024306 0.001197893638163805 -0.009005479514598846
v -0.00018759262457024306 0.001197893638163805 -0.009005479514598846
v -0.00018777945660986006 0.0015939612640067935 -0.00912986695766449
v -0.00018777945660986006 0.0015939612640067935 -0.00912986695766449
v -0.00018777945660986006 0.0015939612640067935 -0.00912986695766449
v -0.00018795806681737304 0.0019899557810276747 -0.009254268370568752
v -0.00018795806681737304 0.0019899557810276747 -0.009254268370568752
v -0.00018795806681737304 0.0019899557810276747 -0.009254268370568752
v -0.00018822312995325774 0.0025377837009727955 -0.0094269048422575
v -0.00018822312995325774 0.0025377837009727955 -0.0094269048422575
v -0.00018852468929253519 0.003085844684392214 -0.009598476812243462
v -0.00018849497428163886 0.0031477734446525574 -0.009634065441787243
v -0.00018849497428163886 0.0031477734446525574 -0.009634065441787243
v -0.00018849497428163886 0.0031477734446525574 -0.009634065441787243
v -0.00018852532957680523 0.003182749031111598 -0.009686864912509918
v -0.00018852532957680523 0.003182749031111598 -0.009686864912509918
v -0.00018852532957680523 0.003182749031111598 -0.009686864912509918
v -0.0001884927332866937 0.003170562209561467 -0.011001319624483585
v -0.0001884927332866937 0.003170562209561467 -0.011001319624483585
v -0.00018846358580049127 0.003166576847434044 -0.011010623537003994
v -0.00018848825129680336 0.0031633239705115557 -0.011019992642104626
v -0.0001884878147393465 0.0031450972892344 -0.011065593920648098
v -0.0001884878147393465 0.0031450972892344 -0.011065593920648098
v -0.0001884878147393465 0.0031450972892344 -0.011065593920648098
v -0.00018844418809749186 0.0031247176229953766 -0.0110830282792449
v -0.00018844418809749186 0.0031247176229953766 -0.0110830282792449
v -0.00018848430772777647 0.0030959113501012325 -0.011089570820331573
v -0.00018844906298909336 0.0030662845820188522 -0.011087607592344284
v -0.00018841863493435085 0.003044774290174246 -0.011082707904279232
v -0.00018839728727471083 0.003023685421794653 -0.011075790971517563
v -0.00018826838640961796 0.002690920839086175 -0.0109587786719203
v -0.00018826838640961796 0.002690920839086175 -0.0109587786719203
v -0.00018826838640961796 0.002690920839086175 -0.0109587786719203
v -0.0001880689087556675 0.002358255907893181 -0.010841654613614082
v -0.0001880689087556675 0.002358255907893181 -0.010841654613614082
v -0.0001880689087556675 0.002358255907893181 -0.010841654613614082
v -0.00018804425781127065 0.0021890217904001474 -0.010782136581838131
v -0.00018804425781127065 0.0021890217904001474 -0.010782136581838131
v -0.00018804425781127065 0.0021890217904001474 -0.010782136581838131
v -0.0001879580959212035 0.0020198440179228783 -0.010722620412707329
v -0.0001879580959212035 0.0020198440179228783 -0.010722620412707329
v -0.0001879580959212035 0.0020198440179228783 -0.010722620412707329
v -0.00018759080558083951 0.0013433380518108606 -0.010483594611287117
v -0.00018759080558083951 0.0013433380518108606 -0.010483594611287117
v -0.0001873166620498523 0.00066676753340289 -0.010244869627058506
v -0.0001872871653176844 0.0006225375109352171 -0.010234690271317959
v -0.0001872871653176844 0.0006225375109352171 -0.010234690271317959
v -0.0001872871653176844 0.0006225375109352171 -0.010234690271317959
v -0.00018726162670645863 0.0006055261474102736 -0.010238139890134335
v -0.00018726162670645863 0.0006055261474102736 -0.010238139890134335
v -0.00018726162670645863 0.0006055261474102736 -0.010238139890134335
v -0.00018723720859270543 0.0005907339509576559 -0.010250663384795189
v -0.00018723720859270543 0.0005907339509576559 -0.010250663384795189
v -0.00018723720859270543 0.0005907339509576559 -0.010250663384795189
v -0.00018724285473581403 0.0005718222819268703 -0.010288942605257034
v -0.00018724285473581403 0.0005718222819268703 -0.010288942605257034
v -0.000187163328519091 0.0004172283806838095 -0.010605576448142529
v -0.00018706981791183352 0.00020483945263549685 -0.010886074043810368
v -0.0001868455292424187 -0.00017141875287052244 -0.011203890666365623
v -0.00018665572861209512 -0.0006161024211905897 -0.01141582615673542
v -0.00018638129404280335 -0.0011009449372068048 -0.011520222760736942
v -0.0001861787459347397 -0.0015975533751770854 -0.011514688841998577
v -0.0001858976756921038 -0.0021256788168102503 -0.01136584859341383
v -0.00018574098066892475 -0.0025627054274082184 -0.011034198105335236
v -0.00018561645993031561 -0.0027479713317006826 -0.010771196335554123
v -0.0001856006565503776 -0.002871675882488489 -0.010474368929862976
v -0.0001855671580415219 -0.002937940414994955 -0.010148780420422554
v -0.00018555783026386052 -0.0029540404211729765 -0.009817477315664291
v -0.00018563236517366022 -0.0029327645897865295 -0.0073866331949830055
v -0.00018564329366199672 -0.002922456245869398 -0.0073028146289289
v -0.00018571496184449643 -0.002893385011702776 -0.007248273119330406
v -0.00018571496184449643 -0.002893385011702776 -0.007248273119330406
v -0.00018570794782135636 -0.002856736071407795 -0.007225686218589544
v -0.00018574226123746485 -0.0028379138093441725 -0.007221597712486982
v -0.00018578387971501797 -0.00264195934869349 -0.0071982392109930515
v -0.00018578387971501797 -0.00264195934869349 -0.0071982392109930515
v -0.00018578387971501797 -0.00264195934869349 -0.0071982392109930515
v -0.00018590688705444336 -0.0024459478445351124 -0.007175783161073923
v -0.00018590688705444336 -0.0024459478445351124 -0.007175783161073923
v -0.00018590688705444336 -0.0024459478445351124 -0.007175783161073923
v -0.0001860451011452824 -0.002127896761521697 -0.007140055764466524
v -0.0001860451011452824 -0.002127896761521697 -0.007140055764466524
v -0.0001860451011452824 -0.002127896761521697 -0.007140055764466524
v -0.00018618327158037573 -0.001809842186048627 -0.007104327902197838
v -0.00018618327158037573 -0.001809842186048627 -0.007104327902197838
v -0.00018618327158037573 -0.001809842186048627 -0.007104327902197838
v -0.0001863794750533998 -0.0014697954757139087 -0.007065557409077883
v -0.0001863794750533998 -0.0014697954757139087 -0.007065557409077883
v -0.0001863794750533998 -0.0014697954757139087 -0.007065557409077883
v -0.00018656010797712952 -0.0011297962628304958 -0.007026592269539833
v -0.00018656010797712952 -0.0011297962628304958 -0.007026592269539833
v -0.00018656010797712952 -0.0011297962628304958 -0.007026592269539833
v -0.00018670613644644618 -0.0007797442958690226 -0.0069871935993433
v -0.00018670613644644618 -0.0007797442958690226 -0.0069871935993433
v -0.00018670613644644618 -0.0007797442958690226 -0.0069871935993433
v -0.00018690965953283012 -0.0004296185215935111 -0.006947882939130068
v -0.00018690965953283012 -0.0004296185215935111 -0.006947882939130068
v -0.00018690965953283012 -0.0004296185215935111 -0.006947882939130068
v -0.00018702971283346415 -8.966689347289503e-05 -0.006908930838108063
v -0.00018702971283346415 -8.966689347289503e-05 -0.006908930838108063
v -0.00018702971283346415 -8.966689347289503e-05 -0.006908930838108063
v -0.00018721791275311261 0.0002503498981241137 -0.006870060693472624
v -0.00018721791275311261 0.0002503498981241137 -0.006870060693472624
v -0.00018721791275311261 0.0002503498981241137 -0.006870060693472624
v -0.00018739468941930681 0.0006023998721502721 -0.006830297876149416
v -0.00018739468941930681 0.0006023998721502721 -0.006830297876149416
v -0.00018739468941930681 0.0006023998721502721 -0.006830297876149416
v -0.00018758093938231468 0.0009544637287035584 -0.006790630519390106
v -0.00018758093938231468 0.0009544637287035584 -0.006790630519390106
v -0.00018758093938231468 0.0009544637287035584 -0.006790630519390106
v -0.00018770081805996597 0.0012965500354766846 -0.006751793436706066
v -0.00018770081805996597 0.0012965500354766846 -0.006751793436706066
v -0.00018770081805996597 0.0012965500354766846 -0.006751793436706066
v -0.00018789968453347683 0.0016385953640565276 -0.006713056471198797
v -0.00018789968453347683 0.0016385953640565276 -0.006713056471198797
v -0.00018789968453347683 0.0016385953640565276 -0.006713056471198797
v -0.00018804214778356254 0.0019826553761959076 -0.006674362346529961
v -0.00018804214778356254 0.0019826553761959076 -0.006674362346529961
v -0.00018804214778356254 0.0019826553761959076 -0.006674362346529961
v -0.00018824324070010334 0.002326770219951868 -0.00663565332069993
v -0.00018824324070010334 0.002326770219951868 -0.00663565332069993
v -0.00018824324070010334 0.002326770219951868 -0.00663565332069993
v -0.00018841684504877776 0.0027087728958576918 -0.006592081859707832
v -0.00018841684504877776 0.0027087728958576918 -0.006592081859707832
v -0.00018861306307371706 0.003090860787779093 -0.006548910401761532
v -0.00018863925652112812 0.0031536498572677374 -0.0065492382273077965
v -0.00018863925652112812 0.0031536498572677374 -0.0065492382273077965
v -0.00018863925652112812 0.0031536498572677374 -0.0065492382273077965
v -0.0001886204699985683 0.0031761263962835073 -0.006561715621501207
v -0.0001886204699985683 0.0031761263962835073 -0.006561715621501207
v -0.0001886204699985683 0.0031761263962835073 -0.006561715621501207
v -0.000188650272320956 0.003211266826838255 -0.006614485289901495
v -0.000188650272320956 0.003211266826838255 -0.006614485289901495
v -0.000188650272320956 0.003211266826838255 -0.006614485289901495
v -0.0001861918717622757 -0.001702797133475542 -0.009539210237562656
v -8.615571277914569e-05 -0.0017027446301653981 -0.009539227932691574
v -8.615571277914569e-05 -0.0017027446301653981 -0.009539227932691574
v -8.615571277914569e-05 -0.0017027446301653981 -0.009539227932691574
v -8.615571277914569e-05 -0.0017027446301653981 -0.009539227932691574
v -8.615571277914569e-05 -0.0017027446301653981 -0.009539227932691574
v -8.615571277914569e-05 -0.0017027446301653981 -0.009539227932691574
v -8.615571277914569e-05 -0.0017027446301653981 -0.009539227932691574
v -8.616489503765479e-05 -0.001658654771745205 -0.009775382466614246
v -8.616489503765479e-05 -0.001658654771745205 -0.009775382466614246
v -8.616489503765479e-05 -0.001658654771745205 -0.009775382466614246
v -8.616489503765479e-05 -0.001658654771745205 -0.009775382466614246
v -0.0001861992059275508 -0.0016587072750553489 -0.009775364771485329
v -0.0001861992059275508 -0.0016587072750553489 -0.009775364771485329
v -0.0001862173667177558 -0.00169909349642694 -0.009055627509951591
v -0.0001862173667177558 -0.00169909349642694 -0.009055627509951591
v -0.0001862173667177558 -0.00169909349642694 -0.009055627509951591
v -8.618392166681588e-05 -0.0016990996664389968 -0.00905565544962883
v -8.618392166681588e-05 -0.0016990996664389968 -0.00905565544962883
v -8.618392166681588e-05 -0.0016990996664389968 -0.00905565544962883
v -8.618392166681588e-05 -0.0016990996664389968 -0.00905565544962883
v -8.618392166681588e-05 -0.0016990996664389968 -0.00905565544962883
v -8.618392166681588e-05 -0.0016990996664389968 -0.00905565544962883
v -8.618392166681588e-05 -0.0016990996664389968 -0.00905565544962883
v -8.618392166681588e-05 -0.0016990996664389968 -0.00905565544962883
v -8.617366984253749e-05 -0.0017022750107571483 -0.009297490119934082
v -8.617366984253749e-05 -0.0017022750107571483 -0.009297490119934082
v -8.617366984253749e-05 -0.0017022750107571483 -0.009297490119934082
v -8.617366984253749e-05 -0.0017022750107571483 -0.009297490119934082
v -0.0001862098288256675 -0.0017023273976519704 -0.009297472424805164
v -0.0001862218778114766 -0.001694840844720602 -0.008555931970477104
v -8.624756446806714e-05 -0.001694787060841918 -0.008555951528251171
v -8.624756446806714e-05 -0.001694787060841918 -0.008555951528251171
v -8.624756446806714e-05 -0.001694787060841918 -0.008555951528251171
v -8.624756446806714e-05 -0.001694787060841918 -0.008555951528251171
v -8.624756446806714e-05 -0.001694787060841918 -0.008555951528251171
v -8.621918823337182e-05 -0.0016969108255580068 -0.00880584679543972
v -8.621918823337182e-05 -0.0016969108255580068 -0.00880584679543972
v -8.621918823337182e-05 -0.0016969108255580068 -0.00880584679543972
v -8.621918823337182e-05 -0.0016969108255580068 -0.00880584679543972
v -8.621918823337182e-05 -0.0016969108255580068 -0.00880584679543972
v -0.0001861940836533904 -0.0016969632124528289 -0.00880583468824625
v -0.0001861940836533904 -0.0016969632124528289 -0.00880583468824625
v -0.0001861940836533904 -0.0016969632124528289 -0.00880583468824625
v -0.00018620333867147565 -0.0016860164469107985 -0.008511568419635296
v -0.00018620333867147565 -0.0016860164469107985 -0.008511568419635296
v -8.622572931926697e-05 -0.0016859053866937757 -0.008511570282280445
v -8.622572931926697e-05 -0.0016859053866937757 -0.008511570282280445
v -8.622572931926697e-05 -0.0016859053866937757 -0.008511570282280445
v -8.622572931926697e-05 -0.0016859053866937757 -0.008511570282280445
v -8.623404573881999e-05 -0.0015241712098941207 -0.009974734857678413
v -8.623404573881999e-05 -0.0015241712098941207 -0.009974734857678413
v -0.00018626093515194952 -0.0015242237132042646 -0.009974719025194645
v -0.0001865911908680573 -0.0008488509920425713 -0.01007023360580206
v -0.0001865911908680573 -0.0008488509920425713 -0.01007023360580206
v -0.0001865911908680573 -0.0008488509920425713 -0.01007023360580206
v -8.655502460896969e-05 -0.0008487985469400883 -0.010070251300930977
v -8.655502460896969e-05 -0.0008487985469400883 -0.010070251300930977
v -8.655502460896969e-05 -0.0008487985469400883 -0.010070251300930977
v -8.655502460896969e-05 -0.0008487985469400883 -0.010070251300930977
v -8.673081902088597e-05 -0.0005454114289022982 -0.009853621944785118
v -8.673081902088597e-05 -0.0005454114289022982 -0.009853621944785118
v -8.673081902088597e-05 -0.0005454114289022982 -0.009853621944785118
v -8.673081902088597e-05 -0.0005454114289022982 -0.009853621944785118
v -8.673081902088597e-05 -0.0005454114289022982 -0.009853621944785118
v -8.673081902088597e-05 -0.0005454114289022982 -0.009853621944785118
v -8.673081902088597e-05 -0.0005454114289022982 -0.009853621944785118
v -8.673081902088597e-05 -0.0005454114289022982 -0.009853621944785118
v -8.673081902088597e-05 -0.0005454114289022982 -0.009853621944785118
v -8.673081902088597e-05 -0.0005454114289022982 -0.009853621944785118
v -8.673081902088597e-05 -0.0005454114289022982 -0.009853621944785118
v -8.673081902088597e-05 -0.0005454114289022982 -0.009853621944785118
v -0.00018670569988898933 -0.0005454638740047812 -0.009853609837591648
v -0.00018670569988898933 -0.0005454638740047812 -0.009853609837591648
v -0.00018642422219272703 -0.0011938844108954072 -0.010114520788192749
v -8.643931505503133e-05 -0.001193850883282721 -0.010114431381225586
v -8.643931505503133e-05 -0.001193850883282721 -0.010114431381225586
v -8.643931505503133e-05 -0.001193850883282721 -0.010114431381225586
v -8.646948845125735e-05 -0.0010187157895416021 -0.010111039504408836
v -8.646948845125735e-05 -0.0010187157895416021 -0.010111039504408836
v -8.646948845125735e-05 -0.0010187157895416021 -0.010111039504408836
v -0.00018650651327334344 -0.001018826849758625 -0.010111032985150814
v -8.629827061668038e-05 -0.0013723273295909166 -0.010075205005705357
v -8.629827061668038e-05 -0.0013723273295909166 -0.010075205005705357
v -8.629827061668038e-05 -0.0013723273295909166 -0.010075205005705357
v -8.629827061668038e-05 -0.0013723273295909166 -0.010075205005705357
v -0.000186334436875768 -0.0013723797164857388 -0.010075187310576439
v -0.00018623433425091207 -0.0016469837864860892 -0.00848945789039135
v -0.00018623433425091207 -0.0016469837864860892 -0.00848945789039135
v -0.00018623433425091207 -0.0016469837864860892 -0.00848945789039135
v -8.625758346170187e-05 -0.0016469313995912671 -0.00848946999758482
v -8.625758346170187e-05 -0.0016469313995912671 -0.00848946999758482
v -8.625758346170187e-05 -0.0016469313995912671 -0.00848946999758482
v -8.625758346170187e-05 -0.0016469313995912671 -0.00848946999758482
v -8.626162161817774e-05 -0.001672630663961172 -0.008497691713273525
v -8.626162161817774e-05 -0.001672630663961172 -0.008497691713273525
v -8.626162161817774e-05 -0.001672630663961172 -0.008497691713273525
v -8.626162161817774e-05 -0.001672630663961172 -0.008497691713273525
v -8.626162161817774e-05 -0.001672630663961172 -0.008497691713273525
v -0.00018623692449182272 -0.0016726258909329772 -0.008497660979628563
v -0.00018623692449182272 -0.0016726258909329772 -0.008497660979628563
v -0.00018623692449182272 -0.0016726258909329772 -0.008497660979628563
v -0.00018631845887284726 -0.0015028988709673285 -0.008474052883684635
v -0.00018631845887284726 -0.0015028988709673285 -0.008474052883684635
v -0.00018631845887284726 -0.0015028988709673285 -0.008474052883684635
v -8.628229988971725e-05 -0.0015028464840725064 -0.008474070578813553
v -8.628229988971725e-05 -0.0015028464840725064 -0.008474070578813553
v -8.628229988971725e-05 -0.0015028464840725064 -0.008474070578813553
v -8.628229988971725e-05 -0.0015028464840725064 -0.008474070578813553
v -8.628229988971725e-05 -0.0015028464840725064 -0.008474070578813553
v -8.628229988971725e-05 -0.0015028464840725064 -0.008474070578813553
v -8.6298277892638e-05 -0.0015749071026220918 -0.00848166923969984
v -8.6298277892638e-05 -0.0015749071026220918 -0.00848166923969984
v -8.6298277892638e-05 -0.0015749071026220918 -0.00848166923969984
v -8.6298277892638e-05 -0.0015749071026220918 -0.00848166923969984
v -8.6298277892638e-05 -0.0015749071026220918 -0.00848166923969984
v -8.6298277892638e-05 -0.0015749071026220918 -0.00848166923969984
v -0.00018628074030857533 -0.0015749420272186399 -0.008481751196086407
v -0.00018628074030857533 -0.0015749420272186399 -0.008481751196086407
v -0.00018664644449017942 -0.0008548477781005204 -0.00840324442833662
v -0.00018664644449017942 -0.0008548477781005204 -0.00840324442833662
v -0.00018664644449017942 -0.0008548477781005204 -0.00840324442833662
v -8.661027095513418e-05 -0.0008547953329980373 -0.008403261192142963
v -8.661027095513418e-05 -0.0008547953329980373 -0.008403261192142963
v -8.661027095513418e-05 -0.0008547953329980373 -0.008403261192142963
v -8.661027095513418e-05 -0.0008547953329980373 -0.008403261192142963
v -8.661027095513418e-05 -0.0008547953329980373 -0.008403261192142963
v -8.661027095513418e-05 -0.0008547953329980373 -0.008403261192142963
v -8.645421621622518e-05 -0.0011788271367549896 -0.008438765071332455
v -8.645421621622518e-05 -0.0011788271367549896 -0.008438765071332455
v -8.645421621622518e-05 -0.0011788271367549896 -0.008438765071332455
v -8.645421621622518e-05 -0.0011788271367549896 -0.008438765071332455
v -8.645421621622518e-05 -0.0011788271367549896 -0.008438765071332455
v -0.00018649037519935519 -0.0011788796400651336 -0.008438748307526112
v -0.00018649037519935519 -0.0011788796400651336 -0.008438748307526112
v -0.00018649037519935519 -0.0011788796400651336 -0.008438748307526112
v -0.000186818084330298 -0.00040307187009602785 -0.008351476863026619
v -8.685162174515426e-05 -0.00040296080987900496 -0.008351477794349194
v -8.685162174515426e-05 -0.00040296080987900496 -0.008351477794349194
v -8.685162174515426e-05 -0.00040296080987900496 -0.008351477794349194
v -8.685162174515426e-05 -0.00040296080987900496 -0.008351477794349194
v -8.685162174515426e-05 -0.00040296080987900496 -0.008351477794349194
v -8.672865078551695e-05 -0.0006288787699304521 -0.00837772712111473
v -8.672865078551695e-05 -0.0006288787699304521 -0.00837772712111473
v -8.672865078551695e-05 -0.0006288787699304521 -0.00837772712111473
v -8.672865078551695e-05 -0.0006288787699304521 -0.00837772712111473
v -8.672865078551695e-05 -0.0006288787699304521 -0.00837772712111473
v -8.672865078551695e-05 -0.0006288787699304521 -0.00837772712111473
v -8.672865078551695e-05 -0.0006288787699304521 -0.00837772712111473
v -8.672865078551695e-05 -0.0006288787699304521 -0.00837772712111473
v -0.00018676480976864696 -0.0006289312150329351 -0.008377710357308388
v -0.00018676480976864696 -0.0006289312150329351 -0.008377710357308388
v -0.00018676480976864696 -0.0006289312150329351 -0.008377710357308388
v -0.00018686981638893485 -0.0003830566129181534 -0.008352874778211117
v -0.00018686981638893485 -0.0003830566129181534 -0.008352874778211117
v -8.684207568876445e-05 -0.0003829455527011305 -0.008352880366146564
v -8.684207568876445e-05 -0.0003829455527011305 -0.008352880366146564
v -8.684207568876445e-05 -0.0003829455527011305 -0.008352880366146564
v -8.684207568876445e-05 -0.0003829455527011305 -0.008352880366146564
v -0.0001868715335149318 -0.00036273448495194316 -0.00838431529700756
v -0.0001868715335149318 -0.00036273448495194316 -0.00838431529700756
v -8.683537453180179e-05 -0.0003626820398494601 -0.008384332060813904
v -8.683537453180179e-05 -0.0003626820398494601 -0.008384332060813904
v -8.683537453180179e-05 -0.0003626820398494601 -0.008384332060813904
v -8.683537453180179e-05 -0.0003626820398494601 -0.008384332060813904
v -8.683537453180179e-05 -0.0003626820398494601 -0.008384332060813904
v -8.684537897352129e-05 -0.0003655156760942191 -0.008370878174901009
v -8.684537897352129e-05 -0.0003655156760942191 -0.008370878174901009
v -8.684537897352129e-05 -0.0003655156760942191 -0.008370878174901009
v -0.00018687798001337796 -0.0003655505715869367 -0.008370957337319851
v -8.688840898685157e-05 -0.0003722750407177955 -0.00835947785526514
v -8.688840898685157e-05 -0.0003722750407177955 -0.00835947785526514
v -8.688840898685157e-05 -0.0003722750407177955 -0.00835947785526514
v -8.688840898685157e-05 -0.0003722750407177955 -0.00835947785526514
v -0.00018687087867874652 -0.0003723099362105131 -0.008359559811651707
v -0.00018687087867874652 -0.0003723099362105131 -0.008359559811651707
v -0.00018687087867874652 -0.0003723099362105131 -0.008359559811651707
v -0.00018689596618060023 -0.0003619618946686387 -0.008420581929385662
v -0.00018689596618060023 -0.0003619618946686387 -0.008420581929385662
v -8.685222564963624e-05 -0.0003619269991759211 -0.008420503698289394
v -8.685222564963624e-05 -0.0003619269991759211 -0.008420503698289394
v -8.685222564963624e-05 -0.0003619269991759211 -0.008420503698289394
v -8.685222564963624e-05 -0.0003619269991759211 -0.008420503698289394
v -8.685222564963624e-05 -0.0003619269991759211 -0.008420503698289394
v -8.684407657710835e-05 -0.00036178872687742114 -0.008402422070503235
v -8.684407657710835e-05 -0.00036178872687742114 -0.008402422070503235
v -8.684407657710835e-05 -0.00036178872687742114 -0.008402422070503235
v -0.00018688023556023836 -0.0003618411719799042 -0.008402404375374317
v -0.00018686120165511966 -0.0003706723509822041 -0.00933932326734066
v -8.682562474859878e-05 -0.00037061856710352004 -0.009339348413050175
v -8.682562474859878e-05 -0.00037061856710352004 -0.009339348413050175
v -8.682562474859878e-05 -0.00037061856710352004 -0.009339348413050175
v -8.686797082191333e-05 -0.0003659889625851065 -0.008879974484443665
v -8.686797082191333e-05 -0.0003659889625851065 -0.008879974484443665
v -8.686797082191333e-05 -0.0003659889625851065 -0.008879974484443665
v -8.686797082191333e-05 -0.0003659889625851065 -0.008879974484443665
v -8.686797082191333e-05 -0.0003659889625851065 -0.008879974484443665
v -0.00018684471433516592 -0.00036604137858375907 -0.00887996144592762
v -0.00018684471433516592 -0.00036604137858375907 -0.00887996144592762
v -0.00018684471433516592 -0.00036604137858375907 -0.00887996144592762
v -0.00018684346287045628 -0.00038898710045032203 -0.009515206329524517
v -8.680730388732627e-05 -0.000388934655347839 -0.009515224024653435
v -8.680730388732627e-05 -0.000388934655347839 -0.009515224024653435
v -8.682351472089067e-05 -0.00037522020284086466 -0.009427819401025772
v -8.682351472089067e-05 -0.00037522020284086466 -0.009427819401025772
v -8.682351472089067e-05 -0.00037522020284086466 -0.009427819401025772
v -0.00018680025823414326 -0.0003752726479433477 -0.009427806362509727
v -0.00018866578466258943 0.0032189504709094763 -0.005783858709037304
v -0.00018866578466258943 0.0032189504709094763 -0.005783858709037304
v -0.00018866578466258943 0.0032189504709094763 -0.005783858709037304
v -0.0001886948011815548 0.003179906401783228 -0.005838912911713123
v -0.0001886948011815548 0.003179906401783228 -0.005838912911713123
v -0.00018862431170418859 0.0031221015378832817 -0.005868067033588886
v -0.00018865011224988848 0.003087300807237625 -0.005874290131032467
v -0.00018847957835532725 0.002849162556231022 -0.00589994341135025
v -0.00018847957835532725 0.002849162556231022 -0.00589994341135025
v -0.00018847957835532725 0.002849162556231022 -0.00589994341135025
v -0.00018835860828403383 0.0026110592298209667 -0.005926194600760937
v -0.00018835860828403383 0.0026110592298209667 -0.005926194600760937
v -0.00018835860828403383 0.0026110592298209667 -0.005926194600760937
v -0.00018826632003765553 0.0023369190748780966 -0.005956456996500492
v -0.00018826632003765553 0.0023369190748780966 -0.005956456996500492
v -0.00018814942450262606 0.0020627714693546295 -0.00598641112446785
v -0.00018808632739819586 0.00202531018294394 -0.005981102120131254
v -0.00018808632739819586 0.00202531018294394 -0.005981102120131254
v -0.00018808632739819586 0.00202531018294394 -0.005981102120131254
v -0.00018807202286552638 0.0019956158939749002 -0.005959313828498125
v -0.00018807202286552638 0.0019956158939749002 -0.005959313828498125
v -0.0001880988129414618 0.0019783428870141506 -0.00592432077974081
v -0.0001880988129414618 0.0019783428870141506 -0.00592432077974081
v -0.0001880655763670802 0.001976672327145934 -0.005914235021919012
v -0.00018807627202477306 0.0019756280817091465 -0.00588810071349144
v -0.0001880662894109264 0.0019760194700211287 -0.005861824378371239
v -0.0001880662894109264 0.0019760194700211287 -0.005861824378371239
v -0.0001880662894109264 0.0019760194700211287 -0.005861824378371239
v -0.00018814957002177835 0.0019878812599927187 -0.004569754470139742
v -0.00018814957002177835 0.0019878812599927187 -0.004569754470139742
v -0.00018816915689967573 0.0019997479394078255 -0.0032776356674730778
v -0.00018817541422322392 0.00199527689255774 -0.0032222745940089226
v -0.00018815332441590726 0.001986429560929537 -0.003204766660928726
v -0.00018815332441590726 0.001986429560929537 -0.003204766660928726
v -0.00018815332441590726 0.001986429560929537 -0.003204766660928726
v -0.00018815476505551487 0.0019745472818613052 -0.003196496982127428
v -0.00018815476505551487 0.0019745472818613052 -0.003196496982127428
v -0.00018815476505551487 0.0019745472818613052 -0.003196496982127428
v -0.00018817710224539042 0.0019439077004790306 -0.0031923751812428236
v -0.00018811170593835413 0.0019085158128291368 -0.003195325145497918
v -0.00018802979320753366 0.001732533099129796 -0.00321593158878386
v -0.00018802979320753366 0.001732533099129796 -0.00321593158878386
v -0.00018802979320753366 0.001732533099129796 -0.00321593158878386
v -0.0001879689807537943 0.0015564626082777977 -0.003235397394746542
v -0.0001879689807537943 0.0015564626082777977 -0.003235397394746542
v -0.0001879689807537943 0.0015564626082777977 -0.003235397394746542
v -0.00018779613310471177 0.0011983041185885668 -0.0032752095721662045
v -0.00018779613310471177 0.0011983041185885668 -0.0032752095721662045
v -0.00018762683612294495 0.0008402465609833598 -0.0033158385194838047
v -0.00018760317470878363 0.0007800961029715836 -0.0033282313961535692
v -0.00018760317470878363 0.0007800961029715836 -0.0033282313961535692
v -0.00018760317470878363 0.0007800961029715836 -0.0033282313961535692
v -0.00018757728685159236 0.0007637040689587593 -0.0033399644307792187
v -0.00018757728685159236 0.0007637040689587593 -0.0033399644307792187
v -0.00018757728685159236 0.0007637040689587593 -0.0033399644307792187
v -0.0001875517045846209 0.0007539025973528624 -0.0033605038188397884
v -0.0001875749439932406 0.0007492637960240245 -0.003420752938836813
v -0.0001875149755505845 0.0007415808504447341 -0.004241153132170439
v -0.0001875149755505845 0.0007415808504447341 -0.004241153132170439
v -0.0001875149755505845 0.0007415808504447341 -0.004241153132170439
v -0.0001875158486654982 0.0007338406285271049 -0.005061566364020109
v -0.00018747744616121054 0.0007191336480900645 -0.005132983438670635
v -0.00018747744616121054 0.0007191336480900645 -0.005132983438670635
v -0.00018747744616121054 0.0007191336480900645 -0.005132983438670635
v -0.00018748735601548105 0.0006884889444336295 -0.005169044714421034
v -0.00018748735601548105 0.0006884889444336295 -0.005169044714421034
v -0.00018748735601548105 0.0006884889444336295 -0.005169044714421034
v -0.00018741916574072093 0.0006245669792406261 -0.005192960612475872
v -0.0001874215668067336 0.000613703450653702 -0.005194488912820816
v -0.00018738428479991853 0.0005456614308059216 -0.005202192347496748
v -0.00018738428479991853 0.0005456614308059216 -0.005202192347496748
v -0.00018738428479991853 0.0005456614308059216 -0.005202192347496748
v -0.000187378260307014 0.00047763247857801616 -0.005209655500948429
v -0.000187378260307014 0.00047763247857801616 -0.005209655500948429
v -0.000187378260307014 0.00047763247857801616 -0.005209655500948429
v -0.00018721263040788472 0.00015353044727817178 -0.0052457889541983604
v -0.00018721263040788472 0.00015353044727817178 -0.0052457889541983604
v -0.00018721263040788472 0.00015353044727817178 -0.0052457889541983604
v -0.00018703645037021488 -0.0001705922040855512 -0.005281789693981409
v -0.00018703645037021488 -0.0001705922040855512 -0.005281789693981409
v -0.00018699925567489117 -0.00028463322087191045 -0.005294785834848881
v -0.00018692901358008385 -0.00039879526593722403 -0.005305845756083727
v -0.00018694296886678785 -0.00044918974163010716 -0.005299347918480635
v -0.00018694296886678785 -0.00044918974163010716 -0.005299347918480635
v -0.00018694296886678785 -0.00044918974163010716 -0.005299347918480635
v -0.00018689394346438348 -0.0004794014384970069 -0.005277756601572037
v -0.00018689394346438348 -0.0004794014384970069 -0.005277756601572037
v -0.00018689394346438348 -0.0004794014384970069 -0.005277756601572037
v -0.00018689315766096115 -0.0004976345226168633 -0.005239538382738829
v -0.00018693059973884374 -0.0004987175343558192 -0.005233967211097479
v -0.00018693059973884374 -0.0004987175343558192 -0.005233967211097479
v -0.00018692592857405543 -0.0005009801825508475 -0.005177719984203577
v -0.00018698535859584808 -0.000486137461848557 -0.0035489914007484913
v -0.00018696057668421417 -0.0004899953491985798 -0.0035015526227653027
v -0.00018695743347052485 -0.0004976838827133179 -0.003486436093226075
v -0.00018695743347052485 -0.0004976838827133179 -0.003486436093226075
v -0.00018695743347052485 -0.0004976838827133179 -0.003486436093226075
v -0.0001869609550340101 -0.0005084324511699378 -0.0034790586214512587
v -0.0001869609550340101 -0.0005084324511699378 -0.0034790586214512587
v -0.0001869609550340101 -0.0005084324511699378 -0.0034790586214512587
v -0.0001869485276984051 -0.0005435580969788134 -0.0034758825786411762
v -0.0001869436091510579 -0.0005660014576278627 -0.003478091908618808
v -0.00018682924564927816 -0.0007779581937938929 -0.003502786858007312
v -0.00018682924564927816 -0.0007779581937938929 -0.003502786858007312
v -0.00018682924564927816 -0.0007779581937938929 -0.003502786858007312
v -0.00018674772582016885 -0.000990031287074089 -0.003526535350829363
v -0.00018674772582016885 -0.000990031287074089 -0.003526535350829363
v -0.00018674772582016885 -0.000990031287074089 -0.003526535350829363
v -0.00018659982015378773 -0.0012961415341123939 -0.0035606196615844965
v -0.00018659982015378773 -0.0012961415341123939 -0.0035606196615844965
v -0.00018644423107616603 -0.0016022651689127088 -0.003594630863517523
v -0.00018643168732523918 -0.0016275079688057303 -0.0036027615424245596
v -0.00018643168732523918 -0.0016275079688057303 -0.0036027615424245596
v -0.00018643168732523918 -0.0016275079688057303 -0.0036027615424245596
v -0.00018638787150848657 -0.0016408830415457487 -0.0036164235789328814
v -0.00018638787150848657 -0.0016408830415457487 -0.0036164235789328814
v -0.00018638787150848657 -0.0016408830415457487 -0.0036164235789328814
v -0.00018637067114468664 -0.0016481733182445168 -0.0036417271476238966
v -0.0001863732613855973 -0.0016492491122335196 -0.0036678873002529144
v -0.00018637134053278714 -0.0016494611045345664 -0.0036941315047442913
v -0.00018637134053278714 -0.0016494611045345664 -0.0036941315047442913
v -0.00018637134053278714 -0.0016494611045345664 -0.0036941315047442913
v -0.00018632995488587767 -0.001661559916101396 -0.004988248459994793
v -0.00018632995488587767 -0.001661559916101396 -0.004988248459994793
v -0.0001862978533608839 -0.0016736588440835476 -0.00628236448392272
v -0.00018630758859217167 -0.001692106481641531 -0.0063634212128818035
v -0.00018630758859217167 -0.001692106481641531 -0.0063634212128818035
v -0.00018630758859217167 -0.001692106481641531 -0.0063634212128818035
v -0.00018628322868607938 -0.0017269388772547245 -0.006399826146662235
v -0.00018628322868607938 -0.0017269388772547245 -0.006399826146662235
v -0.00018624996300786734 -0.0017932336777448654 -0.006422657519578934
v -0.00018620348419062793 -0.0019129884894937277 -0.006438533775508404
v -0.00018611905397847295 -0.0020329849794507027 -0.006452436093240976
v -0.00018611905397847295 -0.0020329849794507027 -0.006452436093240976
v -0.00018611905397847295 -0.0020329849794507027 -0.006452436093240976
v -0.00018594118591863662 -0.0023989605251699686 -0.006495205219835043
v -0.00018594118591863662 -0.0023989605251699686 -0.006495205219835043
v -0.000185761833563447 -0.002764742821455002 -0.006539337337017059
v -0.00018574076239019632 -0.002859346568584442 -0.006539073307067156
v -0.00018574076239019632 -0.002859346568584442 -0.006539073307067156
v -0.00018574076239019632 -0.002859346568584442 -0.006539073307067156
v -0.00018569067469798028 -0.002891118871048093 -0.006523485295474529
v -0.00018569067469798028 -0.002891118871048093 -0.006523485295474529
v -0.00018569067469798028 -0.002891118871048093 -0.006523485295474529
v -0.00018570033716969192 -0.002912259427830577 -0.006492187734693289
v -0.00018570033716969192 -0.002912259427830577 -0.006492187734693289
v -0.00018570425163488835 -0.002923455322161317 -0.0064008599147200584
v -0.00018568690575193614 -0.0029233696404844522 -0.006390083581209183
v -0.00018580660980660468 -0.0028874024283140898 -0.0024996474385261536
v -0.00018583264318294823 -0.0028850333765149117 -0.0024392663035541773
v -0.0001858800824265927 -0.0028667685110121965 -0.0023753840941935778
v -0.0001858800824265927 -0.0028667685110121965 -0.0023753840941935778
v -0.00018587292288430035 -0.002833520295098424 -0.002340855309739709
v -0.0001858681789599359 -0.002817644737660885 -0.002332625212147832
v -0.00018588760576676577 -0.002777291461825371 -0.002322309883311391
v -0.0001859308686107397 -0.002734953071922064 -0.002317584352567792
v -0.0001859308686107397 -0.002734953071922064 -0.002317584352567792
v -0.0001859308686107397 -0.002734953071922064 -0.002317584352567792
v -0.0001860924530774355 -0.0024208403192460537 -0.002282149624079466
v -0.0001860924530774355 -0.0024208403192460537 -0.002282149624079466
v -0.0001860924530774355 -0.0024208403192460537 -0.002282149624079466
v -0.0001862095232354477 -0.002106757601723075 -0.0022469062823802233
v -0.0001862095232354477 -0.002106757601723075 -0.0022469062823802233
v -0.0001862095232354477 -0.002106757601723075 -0.0022469062823802233
v -0.00018636335153132677 -0.001796723692677915 -0.002211374696344137
v -0.00018636335153132677 -0.001796723692677915 -0.002211374696344137
v -0.00018636335153132677 -0.001796723692677915 -0.002211374696344137
v -0.00018652663857210428 -0.0014866754645481706 -0.0021759613882750273
v -0.00018652663857210428 -0.0014866754645481706 -0.0021759613882750273
v -0.00018652663857210428 -0.0014866754645481706 -0.0021759613882750273
v -0.0001867221581051126 -0.0011085155420005322 -0.002133553847670555
v -0.0001867221581051126 -0.0011085155420005322 -0.002133553847670555
v -0.0001867221581051126 -0.0011085155420005322 -0.002133553847670555
v -0.00018692399316933006 -0.0007303555030375719 -0.0020910848397761583
v -0.00018692399316933006 -0.0007303555030375719 -0.0020910848397761583
v -0.00018692399316933006 -0.0007303555030375719 -0.0020910848397761583
v -0.00018706107221078128 -0.00035435674362815917 -0.002047804417088628
v -0.00018706107221078128 -0.00035435674362815917 -0.002047804417088628
v -0.00018706107221078128 -0.00035435674362815917 -0.002047804417088628
v -0.0001872528373496607 2.1660127458744682e-05 -0.002004577312618494
v -0.0001872528373496607 2.1660127458744682e-05 -0.002004577312618494
v -0.0001872528373496607 2.1660127458744682e-05 -0.002004577312618494
v -0.00018746852583717555 0.0004318199644330889 -0.001958512468263507
v -0.00018746852583717555 0.0004318199644330889 -0.001958512468263507
v -0.00018746852583717555 0.0004318199644330889 -0.001958512468263507
v -0.0001876784226624295 0.0008419878431595862 -0.0019124924438074231
v -0.0001876784226624295 0.0008419878431595862 -0.0019124924438074231
v -0.0001876784226624295 0.0008419878431595862 -0.0019124924438074231
v -0.00018786700093187392 0.0012860047863796353 -0.0018616864690557122
v -0.00018786700093187392 0.0012860047863796353 -0.0018616864690557122
v -0.00018786700093187392 0.0012860047863796353 -0.0018616864690557122
v -0.0001881147618405521 0.001730077899992466 -0.0018108730437234044
v -0.0001881147618405521 0.001730077899992466 -0.0018108730437234044
v -0.0001881147618405521 0.001730077899992466 -0.0018108730437234044
v -0.00018831486522685736 0.0021422056015580893 -0.0017646132037043571
v -0.00018831486522685736 0.0021422056015580893 -0.0017646132037043571
v -0.00018831486522685736 0.0021422056015580893 -0.0017646132037043571
v -0.00018852102220989764 0.002554357284680009 -0.0017185460310429335
v -0.00018852102220989764 0.002554357284680009 -0.0017185460310429335
v -0.00018852102220989764 0.002554357284680009 -0.0017185460310429335
v -0.00018866680329665542 0.002842501038685441 -0.0016865658108144999
v -0.00018876047397498041 0.003130307188257575 -0.0016518019838258624
v -0.00018881988944485784 0.0031959584448486567 -0.0016555431066080928
v -0.00018881988944485784 0.0031959584448486567 -0.0016555431066080928
v -0.00018881988944485784 0.0031959584448486567 -0.0016555431066080928
v -0.0001887987891677767 0.0032316686119884253 -0.00167702860198915
v -0.0001887987891677767 0.0032316686119884253 -0.00167702860198915
v -0.0001887987891677767 0.0032316686119884253 -0.00167702860198915
v -0.00018885570170823485 0.003256706055253744 -0.0017114314250648022
v -0.00018885570170823485 0.003256706055253744 -0.0017114314250648022
v -0.00018885570170823485 0.003256706055253744 -0.0017114314250648022
v -0.00018899718998000026 0.0032922669779509306 0.0021270615980029106
v -0.00018899718998000026 0.0032922669779509306 0.0021270615980029106
v -0.00018899718998000026 0.0032922669779509306 0.0021270615980029106
v -0.00018894065578933805 0.00323222647421062 0.002061912091448903
v -0.00018894065578933805 0.00323222647421062 0.002061912091448903
v -0.00018889641796704382 0.0031725922599434853 0.002041465835645795
v -0.0001888909173430875 0.003066541161388159 0.0020294776186347008
v -0.0001888909173430875 0.003066541161388159 0.0020294776186347008
v -0.0001888909173430875 0.003066541161388159 0.0020294776186347008
v -0.0001887934486148879 0.0029604651499539614 0.0020180095452815294
v -0.0001887934486148879 0.0029604651499539614 0.0020180095452815294
v -0.0001887934486148879 0.0029604651499539614 0.0020180095452815294
v -0.00018865895981434733 0.002600188599899411 0.001979215070605278
v -0.00018865895981434733 0.002600188599899411 0.001979215070605278
v -0.00018865895981434733 0.002600188599899411 0.001979215070605278
v -0.0001884384109871462 0.0022399802692234516 0.0019400010351091623
v -0.0001884384109871462 0.0022399802692234516 0.0019400010351091623
v -0.0001884384109871462 0.0022399802692234516 0.0019400010351091623
v -0.0001882951910374686 0.0018558205338194966 0.0018969146767631173
v -0.0001882951910374686 0.0018558205338194966 0.0018969146767631173
v -0.0001882951910374686 0.0018558205338194966 0.0018969146767631173
v -0.0001880963536677882 0.0014717556769028306 0.001853658934123814
v -0.0001880963536677882 0.0014717556769028306 0.001853658934123814
v -0.0001880963536677882 0.0014717556769028306 0.001853658934123814
v -0.00018798110249917954 0.0012895833933725953 0.0018341024406254292
v -0.00018798110249917954 0.0012895833933725953 0.0018341024406254292
v -0.0001878869952633977 0.0011074519716203213 0.0018143045017495751
v -0.00018790498143061996 0.0010588200530037284 0.001802888116799295
v -0.00018790498143061996 0.0010588200530037284 0.001802888116799295
v -0.00018790498143061996 0.0010588200530037284 0.001802888116799295
v -0.00018787859880831093 0.001042280695401132 0.001789007568731904
v -0.00018787859880831093 0.001042280695401132 0.001789007568731904
v -0.00018787859880831093 0.001042280695401132 0.001789007568731904
v -0.00018786505097523332 0.0010324909817427397 0.0017614108510315418
v -0.000187899058801122 0.0010299872374162078 0.001726545742712915
v -0.00018784515850711614 0.00102516810875386 0.0011563199805095792
v -0.00018784900021273643 0.001013064058497548 0.000586143636610359
v -0.00018784140411298722 0.0010044361697509885 0.0004634428769350052
v -0.00018779949459712952 0.0009896814590319991 0.00034178089117631316
v -0.00018773316696751863 0.0008973085205070674 -5.5953438277356327e-05
v -0.00018763370462693274 0.0007360725430771708 -0.00043152281432412565
v -0.00018745279521681368 0.0003677138010971248 -0.0009237404447048903
v -0.00018722446111496538 -0.00013076812319923192 -0.0012819858966395259
v -0.00018691171135287732 -0.0007978848298080266 -0.0015027988702058792
v -0.00018652924336493015 -0.0015000738203525543 -0.0015114686684682965
v -0.0001862834906205535 -0.0020273562986403704 -0.0013540344079956412
v -0.00018608431855682284 -0.0024607337545603514 -0.001012182328850031
v -0.00018608431855682284 -0.0024607337545603514 -0.001012182328850031
v -0.00018602280761115253 -0.002645447151735425 -0.0007462008506990969
v -0.00018597434973344207 -0.002771626925095916 -0.00044819139293394983
v -0.0001859442563727498 -0.002843759022653103 -0.00010316676343791187
v -0.00018593847926240414 -0.0028611228335648775 0.00024820229737088084
v -0.00018603738863021135 -0.00283987307921052 0.0026429209392517805
v -0.00018602606724016368 -0.00282467994838953 0.0027179575990885496
v -0.00018602606724016368 -0.00282467994838953 0.0027179575990885496
v -0.00018602606724016368 -0.00282467994838953 0.0027179575990885496
v -0.00018608105892781168 -0.002791216131299734 0.0027584971394389868
v -0.00018608105892781168 -0.002791216131299734 0.0027584971394389868
v -0.00018608129175845534 -0.002722274512052536 0.0027853946667164564
v -0.00018608140817377716 -0.002706084633246064 0.0027876640670001507
v -0.0001862274220911786 -0.0024960036389529705 0.0028113536536693573
v -0.0001862274220911786 -0.0024960036389529705 0.0028113536536693573
v -0.0001862274220911786 -0.0024960036389529705 0.0028113536536693573
v -0.00018628485850058496 -0.0022859680466353893 0.0028352634981274605
v -0.00018628485850058496 -0.0022859680466353893 0.0028352634981274605
v -0.00018628485850058496 -0.0022859680466353893 0.0028352634981274605
v -0.0001864717632997781 -0.001971873687580228 0.002871129894629121
v -0.0001864717632997781 -0.001971873687580228 0.002871129894629121
v -0.0001864717632997781 -0.001971873687580228 0.002871129894629121
v -0.0001866060047177598 -0.0016578282229602337 0.0029069071169942617
v -0.0001866060047177598 -0.0016578282229602337 0.0029069071169942617
v -0.0001866060047177598 -0.0016578282229602337 0.0029069071169942617
v -0.0001868016697699204 -0.001309742103330791 0.0029464331455528736
v -0.0001868016697699204 -0.001309742103330791 0.0029464331455528736
v -0.0001868016697699204 -0.001309742103330791 0.0029464331455528736
v -0.00018694190657697618 -0.0009616392781026661 0.0029859046917408705
v -0.00018694190657697618 -0.0009616392781026661 0.0029859046917408705
v -0.00018694190657697618 -0.0009616392781026661 0.0029859046917408705
v -0.00018713758618105203 -0.0006195407477207482 0.003024681471288204
v -0.00018713758618105203 -0.0006195407477207482 0.003024681471288204
v -0.00018713758618105203 -0.0006195407477207482 0.003024681471288204
v -0.0001872732100309804 -0.0002774399472400546 0.003063461510464549
v -0.0001872732100309804 -0.0002774399472400546 0.003063461510464549
v -0.0001872732100309804 -0.0002774399472400546 0.003063461510464549
v -0.00018747196008916944 6.666952685918659e-05 0.0031021996401250362
v -0.00018747196008916944 6.666952685918659e-05 0.0031021996401250362
v -0.00018747196008916944 6.666952685918659e-05 0.0031021996401250362
v -0.00018759607337415218 0.00041076954221352935 0.0031409834045916796
v -0.00018759607337415218 0.00041076954221352935 0.0031409834045916796
v -0.00018759607337415218 0.00041076954221352935 0.0031409834045916796
v -0.00018779217498376966 0.0007568527944386005 0.0031805040780454874
v -0.00018779217498376966 0.0007568527944386005 0.0031805040780454874
v -0.00018779217498376966 0.0007568527944386005 0.0031805040780454874
v -0.0001879339833976701 0.001102955429814756 0.0032199558336287737
v -0.0001879339833976701 0.001102955429814756 0.0032199558336287737
v -0.0001879339833976701 0.001102955429814756 0.0032199558336287737
v -0.00018812807684298605 0.0014470542082563043 0.003258752403780818
v -0.00018812807684298605 0.0014470542082563043 0.003258752403780818
v -0.00018812807684298605 0.0014470542082563043 0.003258752403780818
v -0.00018832285422831774 0.0017911468166857958 0.003297540359199047
v -0.00018832285422831774 0.0017911468166857958 0.003297540359199047
v -0.00018832285422831774 0.0017911468166857958 0.003297540359199047
v -0.0001884594385046512 0.002137237461283803 0.0033370577730238438
v -0.0001884594385046512 0.002137237461283803 0.0033370577730238438
v -0.0001884594385046512 0.002137237461283803 0.0033370577730238438
v -0.00018864624144043773 0.0024833206553012133 0.0033765777479857206
v -0.00018864624144043773 0.0024833206553012133 0.0033765777479857206
v -0.00018864624144043773 0.0024833206553012133 0.0033765777479857206
v -0.00018882565200328827 0.0028294497169554234 0.0034155582543462515
v -0.00018882565200328827 0.0028294497169554234 0.0034155582543462515
v -0.00018895656103268266 0.0031754709780216217 0.0034551231656223536
v -0.00018901140720117837 0.0032443427480757236 0.003453686833381653
v -0.00018901140720117837 0.0032443427480757236 0.003453686833381653
v -0.00018901140720117837 0.0032443427480757236 0.003453686833381653
v -0.00018900333088822663 0.0032725674100220203 0.003436580067500472
v -0.00018900333088822663 0.0032725674100220203 0.003436580067500472
v -0.00018900333088822663 0.0032725674100220203 0.003436580067500472
v -0.0001889986015157774 0.0033040018752217293 0.003393139922991395
v -0.0001889986015157774 0.0033040018752217293 0.003393139922991395
v -0.0001889986015157774 0.0033040018752217293 0.003393139922991395
v -0.00018732181342784315 -0.0001321698073297739 0.0016034437576308846
v -0.00018732181342784315 -0.0001321698073297739 0.0016034437576308846
v -8.728447573957965e-05 -0.00013212006888352334 0.0016034411964938045
v -8.728447573957965e-05 -0.00013212006888352334 0.0016034411964938045
v -8.728447573957965e-05 -0.00013212006888352334 0.0016034411964938045
v -8.728447573957965e-05 -0.00013212006888352334 0.0016034411964938045
v -8.728447573957965e-05 -0.00013212006888352334 0.0016034411964938045
v -8.731882553547621e-05 -0.00013307068729773164 0.0016367005882784724
v -8.731882553547621e-05 -0.00013307068729773164 0.0016367005882784724
v -8.731882553547621e-05 -0.00013307068729773164 0.0016367005882784724
v -8.731882553547621e-05 -0.00013307068729773164 0.0016367005882784724
v -0.0001872942957561463 -0.00013312177907209843 0.0016367057105526328
v -8.730832632863894e-05 -0.00013749446952715516 0.001652541570365429
v -8.730832632863894e-05 -0.00013749446952715516 0.001652541570365429
v -8.730832632863894e-05 -0.00013749446952715516 0.001652541570365429
v -8.730832632863894e-05 -0.00013749446952715516 0.001652541570365429
v -0.00018728322174865752 -0.0001375469146296382 0.0016525540268048644
v -0.00018728322174865752 -0.0001375469146296382 0.0016525540268048644
v -0.00018728322174865752 -0.0001375469146296382 0.0016525540268048644
v -0.00018731673480942845 -0.00013664469588547945 0.0011135415406897664
v -0.00018731673480942845 -0.00013664469588547945 0.0011135415406897664
v -0.00018731673480942845 -0.00013664469588547945 0.0011135415406897664
v -8.728126704227179e-05 -0.0001365949574392289 0.001113539095968008
v -8.728126704227179e-05 -0.0001365949574392289 0.001113539095968008
v -8.728126704227179e-05 -0.0001365949574392289 0.001113539095968008
v -8.728126704227179e-05 -0.0001365949574392289 0.001113539095968008
v -8.728126704227179e-05 -0.0001365949574392289 0.001113539095968008
v -8.728126704227179e-05 -0.0001365949574392289 0.001113539095968008
v -8.728126704227179e-05 -0.0001365949574392289 0.001113539095968008
v -8.728126704227179e-05 -0.0001365949574392289 0.001113539095968008
v -8.728126704227179e-05 -0.0001365949574392289 0.001113539095968008
v -8.726735541131347e-05 -0.00013411686813924462 0.0013713621301576495
v -8.726735541131347e-05 -0.00013411686813924462 0.0013713621301576495
v -8.726735541131347e-05 -0.00013411686813924462 0.0013713621301576495
v -8.726735541131347e-05 -0.00013411686813924462 0.0013713621301576495
v -8.726735541131347e-05 -0.00013411686813924462 0.0013713621301576495
v -0.00018730410374701023 -0.00013416794536169618 0.0013713720254600048
v -0.00018730410374701023 -0.00013416794536169618 0.0013713720254600048
v -0.00018723792163655162 -0.00014959512918721884 0.0006162989302538335
v -8.726058877073228e-05 -0.00014954403741285205 0.0006162937497720122
v -8.726058877073228e-05 -0.00014954403741285205 0.0006162937497720122
v -8.726058877073228e-05 -0.00014954403741285205 0.0006162937497720122
v -8.726058877073228e-05 -0.00014954403741285205 0.0006162937497720122
v -8.726058877073228e-05 -0.00014954403741285205 0.0006162937497720122
v -8.727995736990124e-05 -0.00013732518709730357 0.0008774924790486693
v -8.727995736990124e-05 -0.00013732518709730357 0.0008774924790486693
v -8.727995736990124e-05 -0.00013732518709730357 0.0008774924790486693
v -8.727995736990124e-05 -0.00013732518709730357 0.0008774924790486693
v -8.727995736990124e-05 -0.00013732518709730357 0.0008774924790486693
v -8.727995736990124e-05 -0.00013732518709730357 0.0008774924790486693
v -8.727995736990124e-05 -0.00013732518709730357 0.0008774924790486693
v -8.727995736990124e-05 -0.00013732518709730357 0.0008774924790486693
v -0.00018725670815911144 -0.0001373776321997866 0.0008775049936957657
v -0.00018721655942499638 -0.00026227915077470243 0.0002787084667943418
v -0.00018721655942499638 -0.00026227915077470243 0.0002787084667943418
v -8.717981108929962e-05 -0.00026222807355225086 0.0002786985132843256
v -8.717981108929962e-05 -0.00026222807355225086 0.0002786985132843256
v -8.717981108929962e-05 -0.00026222807355225086 0.0002786985132843256
v -8.717981108929962e-05 -0.00026222807355225086 0.0002786985132843256
v -8.731007983442396e-05 -0.0001432618882972747 0.0016585364937782288
v -8.731007983442396e-05 -0.0001432618882972747 0.0016585364937782288
v -8.731007983442396e-05 -0.0001432618882972747 0.0016585364937782288
v -8.731007983442396e-05 -0.0001432618882972747 0.0016585364937782288
v -0.0001872874127002433 -0.0001433129800716415 0.001658541732467711
v -0.0001872874127002433 -0.0001433129800716415 0.001658541732467711
v -8.727145177545026e-05 -0.00015451210492756218 0.0016620407113805413
v -8.727145177545026e-05 -0.00015451210492756218 0.0016620407113805413
v -8.727145177545026e-05 -0.00015451210492756218 0.0016620407113805413
v -8.727145177545026e-05 -0.00015451210492756218 0.0016620407113805413
v -0.0001873081928351894 -0.00015456318215001374 0.0016620506066828966
v -8.729672845220193e-05 -0.0001923572417581454 0.0016602255636826158
v -8.729672845220193e-05 -0.0001923572417581454 0.0016602255636826158
v -8.729672845220193e-05 -0.0001923572417581454 0.0016602255636826158
v -8.729672845220193e-05 -0.0001923572417581454 0.0016602255636826158
v -0.00018727236601989716 -0.0001924193202285096 0.0016602285904809833
v -0.000186626217328012 -0.001537226140499115 0.0015109725063666701
v -8.664889173815027e-05 -0.001537175034172833 0.001510967267677188
v -8.664889173815027e-05 -0.001537175034172833 0.001510967267677188
v -8.664889173815027e-05 -0.001537175034172833 0.001510967267677188
v -8.664889173815027e-05 -0.001537175034172833 0.001510967267677188
v -8.663308835821226e-05 -0.0015547862276434898 0.0015081451274454594
v -8.663308835821226e-05 -0.0015547862276434898 0.0015081451274454594
v -8.663308835821226e-05 -0.0015547862276434898 0.0015081451274454594
v -8.663308835821226e-05 -0.0015547862276434898 0.0015081451274454594
v -0.00018661099602468312 -0.00155483593698591 0.0015081430319696665
v -0.00018661099602468312 -0.00155483593698591 0.0015081430319696665
v -0.00018661099602468312 -0.00155483593698591 0.0015081430319696665
v -8.662691107019782e-05 -0.0015824194997549057 0.0014962824061512947
v -8.662691107019782e-05 -0.0015824194997549057 0.0014962824061512947
v -8.662691107019782e-05 -0.0015824194997549057 0.0014962824061512947
v -8.662691107019782e-05 -0.0015824194997549057 0.0014962824061512947
v -8.662691107019782e-05 -0.0015824194997549057 0.0014962824061512947
v -0.00018660366185940802 -0.0015824718866497278 0.001496294979006052
v -0.00018660366185940802 -0.0015824718866497278 0.001496294979006052
v -0.00018660366185940802 -0.0015824718866497278 0.001496294979006052
v -0.00018691709556151181 -0.0009208395495079458 0.0015792262274771929
v -0.00018691709556151181 -0.0009208395495079458 0.0015792262274771929
v -0.00018691709556151181 -0.0009208395495079458 0.0015792262274771929
v -8.693918061908334e-05 -0.0009207898401655257 0.0015792283229529858
v -8.693918061908334e-05 -0.0009207898401655257 0.0015792283229529858
v -8.693918061908334e-05 -0.0009207898401655257 0.0015792283229529858
v -8.693918061908334e-05 -0.0009207898401655257 0.0015792283229529858
v -8.693918061908334e-05 -0.0009207898401655257 0.0015792283229529858
v -8.679196616867557e-05 -0.001228962792083621 0.001545135397464037
v -8.679196616867557e-05 -0.001228962792083621 0.001545135397464037
v -8.679196616867557e-05 -0.001228962792083621 0.001545135397464037
v -8.679196616867557e-05 -0.001228962792083621 0.001545135397464037
v -8.679196616867557e-05 -0.001228962792083621 0.001545135397464037
v -0.00018676872423384339 -0.0012290602317079902 0.0015451244544237852
v -0.00018676872423384339 -0.0012290602317079902 0.0015451244544237852
v -8.711292321095243e-05 -0.0005565811297856271 0.0016197783406823874
v -8.711292321095243e-05 -0.0005565811297856271 0.0016197783406823874
v -8.711292321095243e-05 -0.0005565811297856271 0.0016197783406823874
v -8.711292321095243e-05 -0.0005565811297856271 0.0016197783406823874
v -8.711292321095243e-05 -0.0005565811297856271 0.0016197783406823874
v -8.711292321095243e-05 -0.0005565811297856271 0.0016197783406823874
v -0.00018708966672420502 -0.0005566335748881102 0.0016197907971218228
v -0.00018708966672420502 -0.0005566335748881102 0.0016197907971218228
v -0.00018708966672420502 -0.0005566335748881102 0.0016197907971218228
v -0.00018708038260228932 -0.0005083270370960236 2.1103589460835792e-05
v -0.00018708038260228932 -0.0005083270370960236 2.1103589460835792e-05
v -0.00018708038260228932 -0.0005083270370960236 2.1103589460835792e-05
v -8.705477375769988e-05 -0.0005082759307697415 2.1094530893606134e-05
v -8.705477375769988e-05 -0.0005082759307697415 2.1094530893606134e-05
v -8.705477375769988e-05 -0.0005082759307697415 2.1094530893606134e-05
v -8.705477375769988e-05 -0.0005082759307697415 2.1094530893606134e-05
v -0.0001868626568466425 -0.0009860775899142027 -0.00011467373406048864
v -0.0001868626568466425 -0.0009860775899142027 -0.00011467373406048864
v -8.682591578690335e-05 -0.0009860264835879207 -0.00011468368029454723
v -8.682591578690335e-05 -0.0009860264835879207 -0.00011468368029454723
v -8.682591578690335e-05 -0.0009860264835879207 -0.00011468368029454723
v -8.682591578690335e-05 -0.0009860264835879207 -0.00011468368029454723
v -8.682591578690335e-05 -0.0009860264835879207 -0.00011468368029454723
v -8.69434661581181e-05 -0.0007370220846496522 -8.246672223322093e-05
v -8.69434661581181e-05 -0.0007370220846496522 -8.246672223322093e-05
v -8.69434661581181e-05 -0.0007370220846496522 -8.246672223322093e-05
v -0.00018697835912462324 -0.0007370731327682734 -8.245692151831463e-05
v -0.0001866878883447498 -0.0012960118474438787 -3.983665010309778e-05
v -8.671056275488809e-05 -0.0012959608575329185 -3.984185605077073e-05
v -8.671056275488809e-05 -0.0012959608575329185 -3.984185605077073e-05
v -8.671056275488809e-05 -0.0012959608575329185 -3.984185605077073e-05
v -8.673275442561135e-05 -0.0011461511021479964 -9.855614916887134e-05
v -8.673275442561135e-05 -0.0011461511021479964 -9.855614916887134e-05
v -8.673275442561135e-05 -0.0011461511021479964 -9.855614916887134e-05
v -0.0001867694518296048 -0.0011461985995993018 -9.854552627075464e-05
v -0.00018654215091373771 -0.0016075312159955502 0.0005133880767971277
v -0.00018654215091373771 -0.0016075312159955502 0.0005133880767971277
v -8.656668069306761e-05 -0.0016074801096692681 0.0005133830709382892
v -8.656668069306761e-05 -0.0016074801096692681 0.0005133830709382892
v -8.656668069306761e-05 -0.0016074801096692681 0.0005133830709382892
v -8.656668069306761e-05 -0.0016074801096692681 0.0005133830709382892
v -8.656668069306761e-05 -0.0016074801096692681 0.0005133830709382892
v -8.65585170686245e-05 -0.0015698295319452882 0.00028723207651637495
v -8.65585170686245e-05 -0.0015698295319452882 0.00028723207651637495
v -8.65585170686245e-05 -0.0015698295319452882 0.00028723207651637495
v -0.0001865960075519979 -0.0015698903007432818 0.00028723268769681454
v -8.657060971017927e-05 -0.0015127247897908092 0.00016566607519052923
v -8.657060971017927e-05 -0.0015127247897908092 0.00016566607519052923
v -8.657060971017927e-05 -0.0015127247897908092 0.00016566607519052923
v -0.00018661259673535824 -0.0015127636725082994 0.00016561028314754367
v -0.00018658062617760152 -0.00159518385771662 0.0014793522423133254
v -0.00018658062617760152 -0.00159518385771662 0.0014793522423133254
v -8.660049206810072e-05 -0.0015951435780152678 0.001479405676946044
v -8.660049206810072e-05 -0.0015951435780152678 0.001479405676946044
v -8.660049206810072e-05 -0.0015951435780152678 0.001479405676946044
v -8.660049206810072e-05 -0.0015951435780152678 0.001479405676946044
v -8.657692524138838e-05 -0.0016014352440834045 0.0014407200505957007
v -8.657692524138838e-05 -0.0016014352440834045 0.0014407200505957007
v -8.657692524138838e-05 -0.0016014352440834045 0.0014407200505957007
v -8.657692524138838e-05 -0.0016014352440834045 0.0014407200505957007
v -8.657692524138838e-05 -0.0016014352440834045 0.0014407200505957007
v -8.657692524138838e-05 -0.0016014352440834045 0.0014407200505957007
v -0.00018661367357708514 -0.0016014863504096866 0.001440729945898056
v -0.0001891011925181374 0.003288349136710167 0.00564387533813715
v -0.00018912676023319364 0.0033086510375142097 0.005643555428832769
v -0.00018912676023319364 0.0033086510375142097 0.005643555428832769
v -0.00018912676023319364 0.0033086510375142097 0.005643555428832769
v -0.0001869002153398469 -0.001161418273113668 0.005130612291395664
v -0.0001869002153398469 -0.001161418273113668 0.005130612291395664
v -0.0001869474508566782 -0.0011083675781264901 0.005150997545570135
v -0.0001869474508566782 -0.0011083675781264901 0.005150997545570135
v -0.0001869450934464112 -0.0010825966019183397 0.0051555694080889225
v -0.00018697335326578468 -0.001056659035384655 0.0051588439382612705
v -0.00018714749603532255 -0.0007324804901145399 0.005194870289415121
v -0.00018714749603532255 -0.0007324804901145399 0.005194870289415121
v -0.00018714749603532255 -0.0007324804901145399 0.005194870289415121
v -0.0001873133151093498 -0.00040830980287864804 0.005231000948697329
v -0.0001873133151093498 -0.00040830980287864804 0.005231000948697329
v -0.0001873133151093498 -0.00040830980287864804 0.005231000948697329
v -0.00018741059466265142 -0.00010219612886430696 0.005265743006020784
v -0.00018741059466265142 -0.00010219612886430696 0.005265743006020784
v -0.00018741059466265142 -0.00010219612886430696 0.005265743006020784
v -0.00018758070655167103 0.00020392333681229502 0.005300438497215509
v -0.00018758070655167103 0.00020392333681229502 0.005300438497215509
v -0.00018758070655167103 0.00020392333681229502 0.005300438497215509
v -0.00018774013733491302 0.0005560884019359946 0.005339552648365498
v -0.00018774013733491302 0.0005560884019359946 0.005339552648365498
v -0.00018774013733491302 0.0005560884019359946 0.005339552648365498
v -0.00018791030743159354 0.0009083141922019422 0.005378625355660915
v -0.00018791030743159354 0.0009083141922019422 0.005378625355660915
v -0.00018791030743159354 0.0009083141922019422 0.005378625355660915
v -0.00018812525377143174 0.0012904197210446 0.00542170275002718
v -0.00018812525377143174 0.0012904197210446 0.00542170275002718
v -0.00018812525377143174 0.0012904197210446 0.00542170275002718
v -0.00018831896886695176 0.0016725548775866628 0.00546490540727973
v -0.00018831896886695176 0.0016725548775866628 0.00546490540727973
v -0.00018831896886695176 0.0016725548775866628 0.00546490540727973
v -0.00018845115846488625 0.002024700166657567 0.0055044544860720634
v -0.00018845115846488625 0.002024700166657567 0.0055044544860720634
v -0.00018845115846488625 0.002024700166657567 0.0055044544860720634
v -0.00018865712627302855 0.0023768588434904814 0.0055438750423491
v -0.00018865712627302855 0.0023768588434904814 0.0055438750423491
v -0.00018865712627302855 0.0023768588434904814 0.0055438750423491
v -0.00018879373965319246 0.0026930593885481358 0.00557884993031621
v -0.00018879373965319246 0.0026930593885481358 0.00557884993031621
v -0.00018879373965319246 0.0026930593885481358 0.00557884993031621
v -0.0001889769482659176 0.0030091337393969297 0.005614762660115957
v -0.0001889821287477389 0.0031190328299999237 0.005625888705253601
v -0.00018903755699284375 0.0032280918676406145 0.00564392376691103
v -0.0001890556450234726 0.003258340060710907 0.005642947740852833
v -0.0001890999701572582 0.00331697310321033 0.0056394897401332855
v -0.0001890999701572582 0.00331697310321033 0.0056394897401332855
v -0.0001890999701572582 0.00331697310321033 0.0056394897401332855
v -0.00018909313075710088 0.0033211365807801485 0.005634307395666838
v -0.00018909313075710088 0.0033211365807801485 0.005634307395666838
v -0.00018911607912741601 0.0033250399865210056 0.005618310533463955
v -0.0001891066785901785 0.0033253973815590143 0.005607120227068663
v -0.00018910820654127747 0.0033184902276843786 0.0049597835168242455
v -0.00018910820654127747 0.0033184902276843786 0.0049597835168242455
v -0.00018910820654127747 0.0033184902276843786 0.0049597835168242455
v -0.00018905931210611016 0.003312548389658332 0.004312446340918541
v -0.00018905931210611016 0.003312548389658332 0.004312446340918541
v -0.00018905931210611016 0.003312548389658332 0.004312446340918541
v -0.00018901459407061338 0.003267847001552582 0.004254570696502924
v -0.00018901459407061338 0.003267847001552582 0.004254570696502924
v -0.00018903022282756865 0.003232202958315611 0.004234123509377241
v -0.00018899404676631093 0.0031801701989024878 0.004221769981086254
v -0.00018887834448833019 0.002934105694293976 0.004194048698991537
v -0.00018887834448833019 0.002934105694293976 0.004194048698991537
v -0.00018887834448833019 0.002934105694293976 0.004194048698991537
v -0.0001887509279185906 0.0026880756486207247 0.0041657243855297565
v -0.0001887509279185906 0.0026880756486207247 0.0041657243855297565
v -0.0001887509279185906 0.0026880756486207247 0.0041657243855297565
v -0.000188585530850105 0.0023639174178242683 0.004129588603973389
v -0.000188585530850105 0.0023639174178242683 0.004129588603973389
v -0.000188585530850105 0.0023639174178242683 0.004129588603973389
v -0.00018841550627257675 0.002039744518697262 0.004093510564416647
v -0.00018841550627257675 0.002039744518697262 0.004093510564416647
v -0.00018841550627257675 0.002039744518697262 0.004093510564416647
v -0.00018831256602425128 0.0017656713025644422 0.004062491934746504
v -0.00018831256602425128 0.0017656713025644422 0.004062491934746504
v -0.00018831256602425128 0.0017656713025644422 0.004062491934746504
v -0.0001881615025922656 0.0014915454667061567 0.004031467251479626
v -0.0001881615025922656 0.0014915454667061567 0.004031467251479626
v -0.0001881615025922656 0.0014915454667061567 0.004031467251479626
v -0.00018802189151756465 0.0011373946908861399 0.003991988021880388
v -0.00018802189151756465 0.0011373946908861399 0.003991988021880388
v -0.00018802189151756465 0.0011373946908861399 0.003991988021880388
v -0.00018782344704959542 0.000783245253842324 0.003952496685087681
v -0.00018782344704959542 0.000783245253842324 0.003952496685087681
v -0.00018782344704959542 0.000783245253842324 0.003952496685087681
v -0.00018769442976918072 0.0005071595078334212 0.003921172581613064
v -0.00018769442976918072 0.0005071595078334212 0.003921172581613064
v -0.00018769442976918072 0.0005071595078334212 0.003921172581613064
v -0.00018756705685518682 0.00023108840105123818 0.003889851039275527
v -0.00018756705685518682 0.00023108840105123818 0.003889851039275527
v -0.00018756705685518682 0.00023108840105123818 0.003889851039275527
v -0.00018740493396762758 -0.00012111446267226711 0.003850654000416398
v -0.00018740493396762758 -0.00012111446267226711 0.003850654000416398
v -0.00018740493396762758 -0.00012111446267226711 0.003850654000416398
v -0.00018723681569099426 -0.0004732781962957233 0.0038115319330245256
v -0.00018723681569099426 -0.0004732781962957233 0.0038115319330245256
v -0.00018723681569099426 -0.0004732781962957233 0.0038115319330245256
v -0.00018708351126406342 -0.0007853640126995742 0.0037759935948997736
v -0.00018708351126406342 -0.0007853640126995742 0.0037759935948997736
v -0.0001869185798568651 -0.0010974968317896128 0.0037413500249385834
v -0.00018684874521568418 -0.001169902621768415 0.0037444960325956345
v -0.00018684874521568418 -0.001169902621768415 0.0037444960325956345
v -0.00018684874521568418 -0.001169902621768415 0.0037444960325956345
v -0.00018688588170334697 -0.0011973605724051595 0.0037597401533275843
v -0.00018688588170334697 -0.0011973605724051595 0.0037597401533275843
v -0.00018688588170334697 -0.0011973605724051595 0.0037597401533275843
v -0.00018686341354623437 -0.0012154405703768134 0.003788560861721635
v -0.00018686341354623437 -0.0012154405703768134 0.003788560861721635
v -0.00018686341354623437 -0.0012154405703768134 0.003788560861721635
v -0.0001868573745014146 -0.0012241813819855452 0.003858263837173581
v -0.00018685904797166586 -0.0012209122069180012 0.004217101261019707
v -0.00018685904797166586 -0.0012209122069180012 0.004217101261019707
v -0.00018685904797166586 -0.0012209122069180012 0.004217101261019707
v -0.00018686267139855772 -0.0012175735319033265 0.004575891420245171
v -0.00018686267139855772 -0.0012175735319033265 0.004575891420245171
v -0.00018686267139855772 -0.0012175735319033265 0.004575891420245171
v -0.00018688190903048962 -0.0012156215962022543 0.0047996328212320805
v -0.00018688190903048962 -0.0012156215962022543 0.0047996328212320805
v -0.00018691056175157428 -0.001213181298226118 0.005023396573960781
v -0.00018692133016884327 -0.0011955357622355223 0.005095908883959055
v -0.00018692133016884327 -0.0011955357622355223 0.005095908883959055
v -0.00018692133016884327 -0.0011955357622355223 0.005095908883959055
v -0.00018591397383715957 -0.0031473489943891764 0.0043159183114767075
v -0.00018592913693282753 -0.0031440549064427614 0.004325397312641144
v -0.00018594744324218482 -0.003141571069136262 0.004334977827966213
v -0.00018601302872411907 -0.003067198907956481 0.004574596881866455
v -0.00018608313985168934 -0.0029228595085442066 0.004779720213264227
v -0.00018621805065777153 -0.0026307259686291218 0.004981035366654396
v -0.00018621805065777153 -0.0026307259686291218 0.004981035366654396
v -0.00018621805065777153 -0.0026307259686291218 0.004981035366654396
v -0.0001860629563452676 -0.0028592897579073906 0.003627752885222435
v -0.0001860629563452676 -0.0028592897579073906 0.003627752885222435
v -0.0001859827316366136 -0.0030654724687337875 0.0038393018767237663
v -0.00018591915431898087 -0.003118711756542325 0.003965165466070175
v -0.00018594638095237315 -0.0031493755523115396 0.004098178818821907
v -0.00018641885253600776 -0.002250843681395054 0.005044494289904833
v -0.00018641885253600776 -0.002250843681395054 0.005044494289904833
v -0.00018641885253600776 -0.002250843681395054 0.005044494289904833
v -0.00018652898143045604 -0.0019339692080393434 0.0049621788784861565
v -0.00018652898143045604 -0.0019339692080393434 0.0049621788784861565
v -0.00018652898143045604 -0.0019339692080393434 0.0049621788784861565
v -0.00018663758237380534 -0.0017084721475839615 0.004751047119498253
v -0.00018663758237380534 -0.0017084721475839615 0.004751047119498253
v -0.0001867058454081416 -0.001633291831240058 0.004564417991787195
v -0.00018666061805561185 -0.0016150764422491193 0.004358210135251284
v -0.00018661528883967549 -0.001698048785328865 0.004017899744212627
v -0.00018661528883967549 -0.001698048785328865 0.004017899744212627
v -0.00018661528883967549 -0.001698048785328865 0.004017899744212627
v -0.00018648538389243186 -0.0019884034991264343 0.003691361751407385
v -0.00018648538389243186 -0.0019884034991264343 0.003691361751407385
v -0.00018631923012435436 -0.0022686212323606014 0.0035630855709314346
v -0.0001861722266767174 -0.0025768408086150885 0.0035424286033958197
f 1 6 23
f 26 29 37
f 46 50 59
f 58 54 73
f 60 66 74
f 82 84 86
f 87 83 113
f 90 111 118
f 124 127 148
f 138 126 161
f 145 157 177
f 193 197 97
f 200 206 214
f 215 208 218
f 213 219 222
f 223 220 231
f 224 230 236
f 241 98 247
f 243 99 116
f 245 120 249
f 248 119 259
f 195 261 103
f 104 264 265
f 109 269 270
f 271 277 106
f 107 278 279
f 108 280 81
f 283 288 173
f 168 287 293
f 185 292 70
f 67 291 297
f 63 295 75
f 298 133 94
f 115 304 255
f 253 303 305
f 254 309 314
f 311 308 320
f 312 316 209
f 211 317 323
f 212 322 203
f 240 327 91
f 105 326 330
f 101 328 331
f 299 335 149
f 151 336 338
f 154 337 122
f 332 342 89
f 88 341 343
f 95 344 300
f 233 229 159
f 160 228 349
f 162 346 182
f 164 348 354
f 179 351 357
f 356 362 180
f 184 363 366
f 183 365 373
f 186 375 380
f 374 389 178
f 175 388 394
f 165 393 376
f 384 397 167
f 169 396 400
f 171 404 282
f 406 424 428
f 427 421 432
f 408 437 417
f 412 436 441
f 422 442 452
f 457 471 474
f 475 470 52
f 472 53 476
f 478 48 45
f 456 483 467
f 465 482 486
f 469 485 489
f 488 492 466
f 464 493 494
f 468 495 418
f 415 496 498
f 410 500 433
f 503 506 520
f 502 522 531
f 505 535 523
f 524 536 540
f 525 537 563
f 539 564 557
f 555 565 567
f 544 569 570
f 571 573 553
f 559 574 576
f 560 577 579
f 585 589 600
f 594 590 601
f 597 604 610
f 612 620 596
f 593 617 621
f 598 624 584
f 629 632 635
f 636 630 642
f 634 640 645
f 644 641 647
f 646 650 591
f 592 648 654
f 599 653 614
f 658 661 141
f 140 662 667
f 666 671 139
f 136 672 676
f 143 673 690
f 680 675 693
f 685 692 514
f 507 694 695
f 521 696 530
f 701 706 181
f 707 711 163
f 187 708 713
f 170 714 718
f 725 731 146
f 156 729 737
f 721 741 176
f 172 742 748
f 189 747 129
f 150 746 752
f 155 753 724
f 755 763 152
f 147 759 767
f 735 773 153
f 144 772 778
f 130 777 756
f 764 782 132
f 134 780 783
f 137 785 660
f 580 608 562
f 549 609 603
f 551 602 786
f 797 65 801
f 800 68 790
f 804 792 806
f 805 793 606
f 795 814 61
f 62 813 817
f 64 816 174
f 166 815 822
f 188 820 700
f 824 826 847
f 849 852 413
f 416 853 855
f 419 856 859
f 828 862 839
f 831 861 864
f 835 866 869
f 39 872 878
f 879 873 885
f 876 886 891
f 892 898 24
f 19 897 902
f 21 901 906
f 911 914 16
f 10 918 919
f 11 920 837
f 829 921 927
f 836 928 823
f 930 937 941
f 910 947 12
f 13 948 951
f 14 950 913
f 867 954 830
f 840 952 956
f 832 957 958
f 961 965 833
f 190 100 450
f 447 102 838
f 446 845 420
f 411 848 966
f 414 967 851
f 971 975 980
f 976 974 984
f 978 983 985
f 987 981 989
f 986 991 934
f 935 992 995
f 936 996 942
f 960 1000 841
f 834 1004 1005
f 842 1006 963
f 1010 1014 1021
f 1012 1029 1023
f 1017 1028 1034
f 1024 1030 30
f 1032 1035 31
f 32 1036 1042
f 33 1040 41
f 35 1039 1044
f 36 1045 875
f 858 929 423
f 425 932 939
f 426 938 461
f 462 944 1046
f 460 1047 1009
f 890 17 880
f 881 18 7
f 882 8 1053
f 1055 25 1063
f 1062 28 42
f 1059 40 1066
f 1065 38 883
f 1064 884 1070
f 1069 877 1049
f 1068 1052 1073
f 1075 1079 1086
f 1087 1080 1093
f 1084 1092 1096
f 1095 1091 1103
f 1094 1098 1104
f 1105 1099 1113
f 1106 1112 1115
f 681 1133 1136
f 1137 1134 1145
f 1149 1150 1157
f 1156 1152 1164
f 1166 1168 1176
f 1174 1169 1159
f 1177 1154 1181
f 1179 1158 1162
f 1180 1161 1184
f 1185 1160 1141
f 1183 1139 1187
f 1191 1211 1219
f 1220 1210 1224
f 1232 1236 1250
f 1251 1237 1260
f 1264 1269 1277
f 1276 1268 1283
f 1275 1282 1287
f 1225 1201 1291
f 1293 1199 1302
f 1292 1298 1307
f 1304 1301 1310
f 1309 1311 1318
f 1315 1314 1322
f 1316 1321 1326
f 1167 1330 1172
f 1171 1331 1333
f 1170 1334 1338
f 1344 1347 1249
f 1248 1346 1353
f 1247 1351 1356
f 1359 1365 1239
f 1255 1363 1366
f 1246 1369 1231
f 1374 1375 1387
f 1388 1376 1389
f 1383 1390 1396
f 1190 1404 1207
f 1206 1403 1406
f 1205 1408 1413
f 1416 1419 1400
f 1399 1420 1423
f 1397 1422 1385
f 1379 1424 1426
f 1384 1427 1278
f 1271 1428 1433
f 1273 1430 1265
f 1415 1436 1204
f 1203 1438 1444
f 1202 1440 1252
f 1245 1445 1448
f 1257 1449 1343
f 1451 1456 1380
f 1382 1455 1340
f 1386 1336 1371
f 1373 1337 1335
f 1463 1469 1474
f 1478 1481 1470
f 1472 1482 1483
f 1473 1484 1462
f 1327 1320 1489
f 1488 1324 1493
f 1487 1494 1501
f 1497 1495 1503
f 1498 1507 1512
f 1516 1521 1392
f 1398 1522 1529
f 1395 1527 1417
f 1533 1537 1540
f 1538 1536 1543
f 1542 1546 1550
f 1548 1544 1551
f 1504 1556 1509
f 1515 1557 1561
f 1511 1566 1567
f 1568 1564 1468
f 1569 1467 1554
f 1553 1464 1459
f 1552 1460 1549
f 1574 1578 1581
f 1585 1577 1588
f 1584 1590 1591
f 1592 1587 1598
f 1596 1602 1402
f 1394 1601 1606
f 1393 1607 1519
f 1289 1303 1274
f 1281 1299 1217
f 1280 1212 1610
f 1608 1213 1617
f 1609 1615 1618
f 1011 1018 463
f 459 1019 1627
f 458 1626 47
f 49 1625 1631
f 51 1630 69
f 71 1633 1634
f 72 1635 787
f 1641 1644 1126
f 1639 1127 1647
f 1645 1651 1128
f 1129 1649 1653
f 1130 1654 1140
f 1142 1652 1657
f 1143 1658 1188
f 1262 1661 1241
f 1254 1662 1666
f 1258 1665 1131
f 1125 1664 1672
f 1132 1673 1646
f 1676 1683 552
f 1684 1687 554
f 543 1685 1691
f 541 1690 1694
f 1697 1701 1256
f 1242 1702 1707
f 1244 1706 1216
f 1215 1705 1708
f 1214 1710 1720
f 1725 1733 528
f 511 1732 1735
f 1740 1715 1747
f 1746 1713 1751
f 1748 1752 1756
f 1759 1763 1200
f 1767 1771 1773
f 1696 1784 547
f 542 1786 1791
f 545 1790 1793
f 509 1801 1804
f 1757 1753 1808
f 1809 1750 1811
f 1810 1813 1822
f 1792 1826 558
f 548 1827 1830
f 546 1833 508
f 515 1832 1835
f 527 1836 1727
f 1738 1841 517
f 518 1842 1848
f 519 1849 1798
f 1805 1850 529
f 512 1853 1858
f 526 1855 1861
f 1865 1870 1875
f 1772 1886 1775
f 1778 1884 1895
f 1774 1897 1898
f 1899 1893 1903
f 1905 1911 1779
f 1781 1909 1917
f 1780 1918 1769
f 1922 1925 1932
f 1936 1941 1946
f 1208 1951 1954
f 1907 1867 1912
f 1915 1868 1880
f 1914 1879 1960
f 1961 1881 1965
f 1959 1963 1969
f 1968 1966 1919
f 1967 1920 1972
f 1973 1921 1929
f 1943 1975 1933
f 1937 1976 1980
f 1938 1978 1981
f 1982 1977 1819
f 1983 1821 1985
f 1988 1823 1812
f 1987 1814 1991
f 1956 1997 1209
f 1218 1999 2002
f 1198 2001 1758
f 2004 2010 2012
f 2016 2011 2020
f 2015 2017 2023
f 2024 2018 2030
f 2022 2026 1873
f 1874 2025 2031
f 1869 2035 1876
f 1739 2037 1721
f 1717 2038 2040
f 1723 2041 2042
f 2052 2054 1889
f 1892 2055 2060
f 1891 2058 1902
f 2065 2066 2074
f 2071 2068 2075
f 2073 2076 2081
f 2082 2077 2086
f 2080 2083 1993
f 1996 2088 2093
f 1992 2092 1989
f 1950 1197 2095
f 2096 1196 1714
f 2097 1719 1894
f 1887 1722 2045
f 1888 2047 2050
f 2099 2107 1119
f 679 2110 2112
f 2105 2118 1120
f 1121 2117 2119
f 1122 2120 1240
f 1253 2122 2127
f 1243 2126 1699
f 1862 2129 516
f 513 2128 2132
f 510 2133 677
f 678 2134 2136
f 682 2137 2111
f 2113 2139 683
f 684 2140 2141
f 686 2142 1124
f 1123 2144 2146
f 1118 2147 2098
f 1138 1116 687
f 688 1114 1111
f 689 1110 142
f 135 1109 1102
f 131 1101 92
f 93 1100 1088
f 96 1089 843
f 844 1090 1081
f 846 1083 15
f 20 1082 1078
f 22 1077 3
f 1762 1679 1193
f 1194 1678 550
f 1195 556 1613
f 1614 561 791
f 1616 789 1619
f 1621 788 1637
f 1067 2148 2155
f 1067 2155 1061
f 1074 2157 2162
f 1074 2162 1071
f 1067 1071 2148
f 2148 1071 2162
f 1058 2152 2167
f 1060 2168 1057
f 1056 2165 2174
f 1056 2174 27
f 34 27 2174
f 2183 1381 1272
f 1629 1628 2178
f 2177 1624 1022
f 2174 1020 34
f 1279 1612 2185
f 2186 1611 1622
f 2188 1623 2175
f 2173 1620 1636
f 2171 1638 1632
f 1378 2182 2190
f 1378 2190 1452
f 1453 2191 2194
f 1454 2195 1457
f 1458 2196 2197
f 1458 2197 1339
f 1339 2197 1173
f 1173 2197 2201
f 1173 2201 1155
f 1155 2201 2206
f 1155 2206 1148
f 1147 2205 2212
f 1146 2211 1153
f 1151 2209 2213
f 1151 2213 1163
f 1085 2219 1076
f 1076 2219 2
f 1144 1163 2213
f 1144 2213 1135
f 1085 1097 2219
f 2219 1097 1108
f 2219 1108 2215
f 2213 1107 1117
f 2213 1117 1135
f 2 2219 2228
f 2 2228 5
f 4 2229 2233
f 9 2232 1051
f 1054 2230 2158
f 1050 2160 1072
f 2172 2166 2153
f 2154 2149 2169
f 2170 2150 2225
f 2176 2224 2179
f 2187 2222 2218
f 2193 2192 2200
f 2199 2189 2184
f 2198 2181 2204
f 2202 2180 2214
f 2203 2216 2207
f 2208 2217 2210
f 2231 2226 2159
f 2156 2227 2223
f 2161 2221 2163
f 2164 2220 2151
f 2234 949 945
f 2234 945 2235
f 2236 946 907
f 2237 908 2238
f 2240 909 904
f 2239 905 2243
f 2242 903 896
f 2241 900 2246
f 2245 899 893
f 2244 894 2249
f 2248 895 887
f 2247 888 2250
f 2251 889 870
f 2252 871 2253
f 2254 874 1043
f 2254 1043 2255
f 2255 1043 1038
f 2255 1038 2256
f 2259 917 912
f 2259 912 2260
f 2260 912 949
f 2260 949 2234
f 2257 1041 1037
f 2257 1037 2261
f 2261 1037 1033
f 2261 1033 2264
f 2265 2262 1027
f 1026 2263 1031
f 2267 1025 1013
f 2266 1016 2269
f 2268 1015 1008
f 2268 1008 2270
f 2270 1008 1048
f 2270 1048 2271
f 2271 1048 940
f 2271 940 2272
f 2274 943 999
f 2273 998 2276
f 2277 997 993
f 2275 990 2278
f 2279 994 982
f 2279 982 2280
f 2280 982 973
f 2280 973 2283
f 2281 972 968
f 2282 969 2286
f 2284 970 979
f 2285 977 2287
f 2287 977 988
f 2287 988 2288
f 2288 988 933
f 2288 933 2289
f 2289 933 931
f 2289 931 2290
f 2290 931 860
f 2290 860 2291
f 2291 860 857
f 2291 857 2292
f 2292 857 854
f 2292 854 2293
f 2293 854 850
f 2293 850 2294
f 2294 850 964
f 2294 964 2295
f 2295 964 962
f 2295 962 2296
f 2296 962 1007
f 2296 1007 2298
f 2298 1007 1003
f 2297 1002 2299
f 2301 2300 959
f 959 2300 1001
f 2301 959 955
f 2301 955 2302
f 2302 955 953
f 2302 953 2303
f 2303 953 868
f 2303 868 2304
f 2304 868 865
f 2304 865 2305
f 2305 865 863
f 2305 863 2306
f 2306 863 827
f 2306 827 2307
f 2307 827 825
f 2307 825 2308
f 2308 825 926
f 2308 926 2311
f 2314 2310 924
f 922 2309 925
f 2312 923 915
f 2313 916 2258
f 2316 2320 2322
f 2316 2322 2326
f 2326 2322 2329
f 2326 2329 2331
f 2334 2339 2344
f 2335 2345 2349
f 2350 2346 2317
f 2350 2317 2315
f 2351 2355 2357
f 2351 2357 2360
f 2360 2357 2342
f 2360 2342 2336
f 2362 2367 2355
f 2362 2355 2351
f 2332 2330 2370
f 2333 2368 2372
f 2373 2371 2376
f 2373 2376 2378
f 2378 2376 2382
f 2378 2382 2383
f 2384 2389 2393
f 2384 2393 2394
f 2394 2393 2398
f 2394 2398 2401
f 2402 2407 2412
f 2402 2412 2414
f 2414 2412 2386
f 2414 2386 2385
f 2383 2382 2415
f 2383 2415 2422
f 2421 2417 2408
f 2423 2405 2403
f 2425 2430 2366
f 2426 2363 2361
f 2431 2432 2436
f 2431 2436 2439
f 2439 2436 2427
f 2439 2427 2424
f 2441 2444 2432
f 2441 2432 2431
f 2448 2452 2445
f 2446 2443 2440
f 2453 2455 2462
f 2453 2462 2465
f 2465 2462 2449
f 2465 2449 2447
f 2467 2474 2478
f 2468 2479 2481
f 2482 2480 2455
f 2482 2455 2453
f 2483 2486 2494
f 2483 2494 2497
f 2496 2489 2470
f 2495 2471 2466
f 2499 2502 2486
f 2499 2486 2483
f 2400 2395 2501
f 2399 2500 2498
f 2406 2419 2340
f 2493 2410 2472
f 2469 2404 2341
f 2473 2343 2475
f 2477 2337 2359
f 2476 2356 2457
f 2454 2358 2352
f 2456 2353 2464
f 2461 2354 2365
f 2463 2364 2429
f 2442 2451 2435
f 2434 2450 2460
f 2433 2459 2438
f 2437 2458 2428
f 2488 2503 2397
f 2369 2328 2374
f 2377 2327 2325
f 2375 2323 2380
f 2379 2324 2321
f 2381 2319 2420
f 2418 2318 2347
f 2416 2348 2338
f 2396 2392 2485
f 2484 2391 2387
f 2487 2390 2492
f 2491 2388 2411
f 2490 2413 2409
f 2506 1290 1305
f 2505 1308 2509
f 2507 1306 1319
f 2508 1317 2510
f 2510 1317 1325
f 2510 1325 2511
f 2512 1328 1490
f 2512 1490 2513
f 2514 1486 1502
f 2515 1500 2516
f 2517 1499 1510
f 2518 1514 2520
f 2521 1513 1571
f 2519 1570 2522
f 2523 1572 1555
f 2523 1555 2524
f 2524 1555 1545
f 2524 1545 2525
f 2525 1545 1535
f 2525 1535 2526
f 2527 1534 1532
f 2528 1531 2531
f 2530 1530 1539
f 2529 1541 2532
f 2532 1541 1547
f 2532 1547 2533
f 2533 1547 1461
f 2533 1461 2534
f 2534 1461 1485
f 2534 1485 2535
f 2535 1485 1480
f 2535 1480 2536
f 2537 1479 1475
f 2538 1476 2539
f 2540 1477 1471
f 2540 1471 2541
f 2541 1471 1466
f 2541 1466 2542
f 2543 1465 1562
f 2544 1563 2547
f 2545 1565 1558
f 2546 1559 2550
f 2548 1560 1508
f 2549 1506 2553
f 2551 1505 1492
f 2552 1496 2554
f 2555 1491 1323
f 2555 1323 2556
f 2556 1323 1312
f 2556 1312 2559
f 2557 1313 1296
f 2558 1297 2560
f 2563 2561 1286
f 1285 2562 1300
f 2564 1288 1284
f 2564 1284 2565
f 2565 1284 1270
f 2565 1270 2566
f 2566 1270 1267
f 2566 1267 2567
f 2568 1266 1434
f 2569 1432 2571
f 2570 1431 1429
f 2570 1429 2572
f 2572 1429 1425
f 2572 1425 2573
f 2573 1425 1421
f 2573 1421 2574
f 2574 1421 1418
f 2574 1418 2575
f 2575 1418 1528
f 2575 1528 2576
f 2577 1526 1523
f 2578 1524 2579
f 2580 1525 1518
f 2581 1520 2582
f 2583 1517 1603
f 2584 1605 2586
f 2587 1604 1597
f 2585 1599 2589
f 2588 1600 1589
f 2588 1589 2590
f 2590 1589 1580
f 2590 1580 2591
f 2592 1579 1576
f 2593 1575 2594
f 2595 1573 1582
f 2596 1586 2597
f 2598 1583 1595
f 2599 1594 2600
f 2601 1593 1401
f 2601 1401 2602
f 2602 1401 1391
f 2602 1391 2603
f 2603 1391 1377
f 2603 1377 2604
f 2604 1377 1372
f 2604 1372 2605
f 2605 1372 1332
f 2605 1332 2606
f 2606 1332 1329
f 2606 1329 2607
f 2607 1329 1165
f 2607 1165 2608
f 2608 1165 1175
f 2608 1175 2609
f 2609 1175 1178
f 2609 1178 2610
f 2610 1178 1182
f 2610 1182 2611
f 2611 1182 1186
f 2611 1186 2612
f 2612 1186 1656
f 2612 1656 2613
f 2613 1656 1655
f 2613 1655 2614
f 2614 1655 1650
f 2614 1650 2615
f 2615 1650 1642
f 2615 1642 2616
f 2617 1643 1640
f 2617 1640 2618
f 2618 1640 1648
f 2618 1648 2619
f 2619 1648 1671
f 2619 1671 2621
f 2622 1670 1669
f 2620 1668 2623
f 2624 1667 1663
f 2625 1660 2626
f 2627 1659 1261
f 2628 1263 2629
f 2630 1259 1238
f 2631 1235 2632
f 2633 1234 1233
f 2634 1230 2637
f 2636 1229 1370
f 2635 1367 2638
f 2639 1368 1364
f 2640 1362 2641
f 2642 1361 1357
f 2643 1360 2644
f 2645 1358 1352
f 2646 1355 2647
f 2648 1354 1350
f 2649 1349 2652
f 2651 1348 1342
f 2650 1345 2653
f 2654 1341 1447
f 2655 1446 2656
f 2657 1450 1442
f 2658 1443 2659
f 2660 1441 1437
f 2661 1439 2662
f 2663 1435 1414
f 2664 1412 2666
f 2667 1411 1407
f 2665 1409 2668
f 2669 1410 1405
f 2669 1405 2670
f 2670 1405 1189
f 2670 1189 2671
f 2672 1192 1221
f 2673 1222 2674
f 2675 1223 1227
f 2676 1226 2677
f 2504 2678 1294
f 1295 2679 1228
f 2680 2681 2691
f 2680 2691 2692
f 2695 2702 2705
f 2696 2708 2709
f 2709 2708 2681
f 2709 2681 2680
f 2710 2712 2716
f 2710 2716 2723
f 2722 2719 2700
f 2721 2697 2694
f 2724 2727 2712
f 2724 2712 2710
f 2693 2690 2730
f 2693 2730 2732
f 2733 2739 2742
f 2734 2741 2753
f 2754 2755 2759
f 2754 2759 2761
f 2761 2759 2737
f 2761 2737 2735
f 2732 2730 2763
f 2732 2763 2766
f 2766 2763 2755
f 2766 2755 2754
f 2767 2773 2774
f 2769 2777 2779
f 2783 2788 2791
f 2784 2792 2798
f 2797 2794 2770
f 2797 2770 2768
f 2799 2802 2808
f 2800 2809 2814
f 2815 2810 2786
f 2813 2785 2782
f 2816 2821 2829
f 2816 2829 2830
f 2832 2828 2804
f 2831 2803 2801
f 2833 2836 2821
f 2833 2821 2816
f 2781 2776 2729
f 2780 2728 2725
f 2840 2842 2846
f 2840 2846 2849
f 2849 2846 2851
f 2849 2851 2856
f 2857 2859 2865
f 2857 2865 2867
f 2867 2865 2843
f 2867 2843 2839
f 2868 2871 2873
f 2868 2873 2877
f 2878 2874 2862
f 2879 2860 2858
f 2880 2881 2884
f 2880 2884 2886
f 2886 2884 2871
f 2886 2871 2868
f 2752 2747 2881
f 2752 2881 2880
f 2855 2852 2838
f 2854 2835 2834
f 2885 2882 2746
f 2748 2706 2699
f 2863 2875 2824
f 2822 2749 2807
f 2806 2750 2704
f 2805 2701 2811
f 2812 2703 2787
f 2707 2740 2687
f 2682 2751 2736
f 2684 2738 2760
f 2826 2876 2743
f 2744 2872 2869
f 2745 2870 2883
f 2715 2726 2778
f 2789 2698 2720
f 2790 2717 2796
f 2795 2718 2714
f 2793 2713 2772
f 2771 2711 2775
f 2731 2688 2765
f 2764 2689 2683
f 2762 2685 2757
f 2756 2686 2758
f 2819 2837 2853
f 2850 2848 2817
f 2818 2847 2841
f 2820 2845 2825
f 2827 2844 2864
f 2823 2866 2861
f 2888 1677 1764
f 2889 1761 2891
f 2890 1765 1760
f 2890 1760 2892
f 2892 1760 2003
f 2892 2003 2893
f 2893 2003 2000
f 2893 2000 2896
f 2895 1998 1953
f 2894 1955 2898
f 2897 1952 1948
f 2899 1949 2900
f 2901 1947 2094
f 2901 2094 2902
f 2902 2094 1896
f 2902 1896 2904
f 2905 1890 1885
f 2903 1882 2906
f 2907 1883 1770
f 2907 1770 2909
f 2909 1770 1766
f 2908 1768 2910
f 2910 1768 1916
f 2910 1916 2911
f 2911 1916 1913
f 2911 1913 2913
f 2914 1910 1957
f 2912 1958 2915
f 2916 1962 1970
f 2916 1970 2917
f 2917 1970 1971
f 2917 1971 2918
f 2918 1971 1930
f 2918 1930 2919
f 2920 1931 1927
f 2921 1926 2923
f 2922 1928 1924
f 2924 1923 2925
f 2925 1923 1964
f 2925 1964 2926
f 2926 1964 1877
f 2926 1877 2927
f 2929 1878 2034
f 2928 2033 2932
f 2931 2032 2029
f 2930 2028 2933
f 2934 2027 2019
f 2934 2019 2935
f 2935 2019 2008
f 2935 2008 2938
f 2937 2009 2005
f 2936 2006 2939
f 2940 2007 2013
f 2941 2014 2942
f 2942 2014 2021
f 2942 2021 2943
f 2943 2021 1871
f 2943 1871 2946
f 2945 1872 1866
f 2944 1864 2947
f 2947 1864 1906
f 2947 1906 2950
f 2949 1908 1776
f 2948 1777 2952
f 2953 1782 1900
f 2951 1901 2954
f 2954 1901 1904
f 2954 1904 2955
f 2955 1904 2059
f 2955 2059 2958
f 2957 2061 2057
f 2956 2053 2959
f 2961 2056 2051
f 2960 2049 2962
f 2963 2048 2043
f 2964 2044 2965
f 2966 2046 2039
f 2966 2039 2967
f 2967 2039 2036
f 2967 2036 2968
f 2968 2036 1742
f 2968 1742 2970
f 2969 1741 1745
f 2971 1744 2974
f 2973 1743 1755
f 2972 1754 2975
f 2975 1754 1807
f 2975 1807 2977
f 2977 1807 1820
f 2976 1818 2978
f 2978 1818 1979
f 2978 1979 2979
f 2979 1979 1974
f 2979 1974 2980
f 2980 1974 1945
f 2980 1945 2982
f 2981 1944 1942
f 2983 1939 2985
f 2984 1940 1935
f 2986 1934 2987
f 2987 1934 1984
f 2987 1984 2988
f 2988 1984 1986
f 2988 1986 2991
f 2990 1990 2091
f 2989 2090 2992
f 2993 2089 2087
f 2994 2085 2996
f 2995 2084 2078
f 2995 2078 2997
f 2997 2078 2067
f 2997 2067 2999
f 2998 2069 2063
f 3000 2064 3001
f 3002 2062 2072
f 3003 2070 3004
f 3004 2070 2079
f 3004 2079 3005
f 3005 2079 1995
f 3005 1995 3008
f 3006 1994 1816
f 3007 1817 3009
f 3010 1815 1749
f 3010 1749 3011
f 3011 1749 1718
f 3011 1718 3012
f 3013 1716 1709
f 3014 1711 3016
f 3015 1712 1704
f 3015 1704 3017
f 3017 1704 1703
f 3017 1703 3018
f 3018 1703 1698
f 3018 1698 3019
f 3020 1700 2123
f 3021 2124 3023
f 3022 2125 2121
f 3022 2121 3024
f 3024 2121 2115
f 3024 2115 3027
f 3026 2116 2103
f 3025 2104 3030
f 3029 2106 2101
f 3028 2102 3031
f 3032 2100 2145
f 3032 2145 3033
f 3033 2145 2143
f 3033 2143 3034
f 3034 2143 2138
f 3034 2138 3035
f 3035 2138 2114
f 3035 2114 3036
f 3036 2114 2109
f 3036 2109 3037
f 3038 2108 2135
f 3038 2135 3039
f 3039 2135 2131
f 3039 2131 3040
f 3040 2131 2130
f 3040 2130 3041
f 3041 2130 1860
f 3041 1860 3042
f 3043 1863 1859
f 3044 1857 3047
f 3046 1856 1851
f 3045 1852 3049
f 3048 1854 1806
f 3050 1803 3052
f 3051 1802 1800
f 3053 1799 3056
f 3054 1797 1845
f 3055 1846 3058
f 3057 1847 1843
f 3059 1844 3062
f 3060 1840 1734
f 3061 1737 3064
f 3065 1736 1729
f 3063 1730 3068
f 3067 1731 1726
f 3066 1724 3070
f 3069 1728 1837
f 3071 1838 3074
f 3073 1839 1834
f 3072 1829 3076
f 3075 1831 1825
f 3077 1828 3080
f 3079 1824 1794
f 3078 1795 3082
f 3083 1796 1788
f 3081 1789 3086
f 3085 1787 1785
f 3084 1783 3087
f 3087 1783 1695
f 3087 1695 3088
f 3088 1695 1693
f 3088 1693 3090
f 3089 1692 1686
f 3091 1688 3092
f 3094 1689 1680
f 3093 1682 3096
f 2887 3095 1675
f 1674 3097 1681
f 3100 803 807
f 3099 809 3102
f 3101 808 605
f 3101 605 3103
f 3103 605 587
f 3103 587 3104
f 3106 588 586
f 3105 582 3107
f 3109 583 623
f 3108 622 3110
f 3111 625 618
f 3112 619 3114
f 3115 616 615
f 3113 613 3118
f 3117 611 655
f 3116 656 3120
f 3119 657 649
f 3121 651 3123
f 3122 652 639
f 3122 639 3124
f 3124 639 631
f 3124 631 3127
f 3125 633 628
f 3126 626 3129
f 3128 627 638
f 3130 637 3131
f 3131 637 643
f 3131 643 3132
f 3132 643 595
f 3132 595 3133
f 3133 595 607
f 3133 607 3134
f 3134 607 581
f 3134 581 3135
f 3135 581 578
f 3135 578 3136
f 3136 578 575
f 3136 575 3137
f 3137 575 572
f 3137 572 3138
f 3138 572 568
f 3138 568 3139
f 3139 568 566
f 3139 566 3140
f 3140 566 538
f 3140 538 3141
f 3141 538 534
f 3141 534 3142
f 3142 534 504
f 3142 504 3143
f 3143 504 501
f 3143 501 3144
f 3144 501 533
f 3145 532 3146
f 3146 532 697
f 3146 697 3147
f 3147 697 691
f 3147 691 3148
f 3148 691 674
f 3148 674 3149
f 3149 674 670
f 3149 670 3150
f 3150 670 669
f 3150 669 3152
f 3153 668 663
f 3151 664 3155
f 3154 665 659
f 3154 659 3156
f 3156 659 784
f 3156 784 3157
f 3157 784 779
f 3157 779 3160
f 3158 781 768
f 3159 765 3163
f 3162 766 761
f 3161 762 3164
f 3166 760 758
f 3165 757 3168
f 3169 754 774
f 3167 775 3172
f 3171 776 769
f 3170 770 3175
f 3174 771 736
f 3173 734 3176
f 3177 733 728
f 3178 732 3181
f 3179 730 723
f 3180 726 3183
f 3184 727 749
f 3182 751 3186
f 3187 750 743
f 3185 744 3188
f 3189 745 738
f 3190 739 3193
f 3191 740 719
f 3192 720 3194
f 3196 722 716
f 3195 717 3197
f 3199 715 712
f 3198 709 3200
f 3201 710 705
f 3202 704 3204
f 3203 703 699
f 3205 702 3207
f 3206 698 821
f 3206 821 3208
f 3208 821 818
f 3208 818 3211
f 3209 819 810
f 3210 811 3212
f 3214 812 794
f 3213 798 3215
f 3098 3216 802
f 799 3217 796
f 3219 3223 3228
f 3219 3228 3229
f 3229 3228 3231
f 3229 3231 3235
f 3237 3240 3251
f 3239 3253 3254
f 3255 3252 3221
f 3255 3221 3218
f 3256 3259 3262
f 3256 3262 3270
f 3270 3262 3241
f 3270 3241 3238
f 3272 3276 3259
f 3272 3259 3256
f 3234 3230 3280
f 3236 3278 3281
f 3282 3279 3284
f 3282 3284 3287
f 3287 3284 3288
f 3287 3288 3292
f 3293 3294 3298
f 3293 3298 3303
f 3302 3299 3306
f 3304 3307 3312
f 3313 3316 3325
f 3314 3321 3327
f 3326 3322 3294
f 3326 3294 3293
f 3292 3288 3331
f 3292 3331 3336
f 3335 3328 3317
f 3334 3320 3315
f 3339 3341 3274
f 3337 3275 3271
f 3344 3346 3352
f 3344 3352 3354
f 3354 3352 3343
f 3354 3343 3338
f 3355 3357 3361
f 3355 3361 3362
f 3362 3361 3347
f 3362 3347 3345
f 3364 3369 3370
f 3364 3370 3373
f 3373 3370 3376
f 3373 3376 3377
f 3377 3376 3357
f 3377 3357 3355
f 3379 3383 3387
f 3379 3387 3390
f 3390 3387 3367
f 3390 3367 3363
f 3310 3308 3382
f 3311 3381 3378
f 3242 3319 3332
f 3386 3246 3366
f 3368 3244 3263
f 3365 3264 3371
f 3389 3380 3309
f 3257 3273 3342
f 3305 3300 3385
f 3384 3301 3297
f 3388 3296 3243
f 3248 3295 3324
f 3247 3323 3318
f 3360 3269 3349
f 3348 3268 3258
f 3350 3261 3351
f 3353 3260 3340
f 3359 3356 3267
f 3266 3358 3374
f 3265 3375 3372
f 3277 3232 3283
f 3285 3233 3225
f 3286 3226 3291
f 3290 3227 3222
f 3289 3220 3330
f 3329 3224 3250
f 3333 3249 3245
f 3391 490 484
f 3391 484 3394
f 3396 110 85
f 3396 85 3398
f 3398 85 79
f 3397 80 3399
f 3399 80 281
f 3399 281 3400
f 3400 281 276
f 3400 276 3402
f 3401 275 272
f 3403 273 3404
f 3406 274 266
f 3405 267 3408
f 3407 268 260
f 3409 262 3411
f 3410 263 198
f 3412 199 3413
f 3415 196 194
f 3414 192 3416
f 3417 191 449
f 3418 451 3421
f 3420 448 443
f 3419 444 3424
f 3423 445 438
f 3422 439 3427
f 3426 440 407
f 3425 409 3429
f 3428 405 430
f 3430 431 3431
f 3432 429 434
f 3433 435 3434
f 3434 435 499
f 3434 499 3435
f 3435 499 497
f 3435 497 3436
f 3436 497 491
f 3436 491 3437
f 3437 491 490
f 3437 490 3391
f 3392 487 481
f 3393 480 3438
f 3439 479 455
f 3440 454 3442
f 3441 453 473
f 3441 473 3443
f 3443 473 477
f 3443 477 3444
f 3444 477 44
f 3444 44 3445
f 3446 43 55
f 3447 57 3449
f 3448 56 78
f 3450 77 3451
f 3452 76 296
f 3452 296 3453
f 3453 296 294
f 3453 294 3454
f 3454 294 290
f 3454 290 3455
f 3456 289 285
f 3457 286 3460
f 3459 284 403
f 3458 402 3463
f 3462 401 398
f 3461 399 3464
f 3465 395 381
f 3466 382 3469
f 3467 383 377
f 3468 378 3471
f 3472 379 392
f 3470 391 3475
f 3473 390 386
f 3474 385 3478
f 3477 387 371
f 3476 372 3481
f 3480 370 369
f 3479 368 3484
f 3482 367 360
f 3483 361 3485
f 3487 364 359
f 3486 355 3490
f 3489 358 352
f 3488 353 3491
f 3492 350 347
f 3492 347 3493
f 3493 347 227
f 3493 227 3496
f 3495 232 221
f 3494 217 3498
f 3497 216 207
f 3499 204 3501
f 3500 205 202
f 3502 201 3503
f 3503 201 321
f 3503 321 3504
f 3505 324 319
f 3506 315 3507
f 3509 318 306
f 3508 307 3510
f 3511 310 302
f 3511 302 3512
f 3512 302 117
f 3512 117 3513
f 3514 121 112
f 3515 114 3395
f 3516 345 340
f 3516 340 3517
f 3517 340 333
f 3517 333 3518
f 3518 333 329
f 3518 329 3519
f 3519 329 325
f 3519 325 3520
f 3520 325 239
f 3520 239 3523
f 3525 125 339
f 3525 339 3526
f 3526 339 334
f 3526 334 3527
f 3527 334 301
f 3527 301 3528
f 3516 3528 345
f 345 3528 301
f 3521 238 242
f 3522 244 3531
f 3530 246 252
f 3529 251 3532
f 3534 250 258
f 3533 256 3535
f 3536 257 313
f 3536 313 3537
f 3537 313 210
f 3537 210 3538
f 3538 210 225
f 3538 225 3540
f 3539 226 235
f 3541 234 3542
f 3543 237 158
f 3543 158 3544
f 3544 158 128
f 3544 128 3545
f 3545 128 123
f 3545 123 3524
