mtllib converted_link4_5_969696ff.mtl
usemtl material
v 0.0017107955645769835 -0.00799945741891861 0.00566133065149188
v 0.0017107955645769835 -0.00799945741891861 0.00566133065149188
v 0.0017107955645769835 -0.00799945741891861 0.00566133065149188
v 0.0017107955645769835 -0.00799945741891861 0.00566133065149188
v 0.001611116575077176 -0.0079994797706604 0.005561011377722025
v 0.001611116575077176 -0.0079994797706604 0.005561011377722025
v 0.0017107980092987418 0.008000459522008896 0.005660433787852526
v 0.0017107980092987418 0.008000459522008896 0.005660433787852526
v 0.0017107980092987418 0.008000459522008896 0.005660433787852526
v 0.0016111190197989345 0.008000437170267105 0.005560124758630991
v 0.0016111190197989345 0.008000437170267105 0.005560124758630991
v 0.0016832378460094333 0.009900986216962337 0.015460298396646976
v 0.0016832378460094333 0.009900986216962337 0.015460298396646976
v 0.0016832378460094333 0.009900986216962337 0.015460298396646976
v 0.0016832378460094333 0.009900986216962337 0.015460298396646976
v 0.0016832378460094333 0.009900986216962337 0.015460298396646976
v 0.0015829963376745582 0.009901009500026703 0.015559985302388668
v 0.0015829963376745582 0.009901009500026703 0.015559985302388668
v 0.0015829963376745582 0.009901009500026703 0.015559985302388668
v 0.0015829963376745582 0.009901009500026703 0.015559985302388668
v 0.0015829963376745582 0.009901009500026703 0.015559985302388668
v 0.0015829963376745582 0.009901009500026703 0.015559985302388668
v 0.0016832349356263876 -0.00989892054349184 0.015461349859833717
v 0.0016832349356263876 -0.00989892054349184 0.015461349859833717
v 0.0016832349356263876 -0.00989892054349184 0.015461349859833717
v 0.0016832349356263876 -0.00989892054349184 0.015461349859833717
v 0.0016832349356263876 -0.00989892054349184 0.015461349859833717
v 0.0016832349356263876 -0.00989892054349184 0.015461349859833717
v 0.0015829931944608688 -0.00989890843629837 0.015561104752123356
v 0.0015829931944608688 -0.00989890843629837 0.015561104752123356
v 0.0015829931944608688 -0.00989890843629837 0.015561104752123356
v 0.0015829931944608688 -0.00989890843629837 0.015561104752123356
v 0.0015829931944608688 -0.00989890843629837 0.015561104752123356
v -0.0008577167172916234 -0.0014142850413918495 -0.0055424608290195465
v -0.0008577167172916234 -0.0014142850413918495 -0.0055424608290195465
v -0.0017576818354427814 -0.0014142850413918495 -0.005544991698116064
v -0.0017576818354427814 -0.0014142850413918495 -0.005544991698116064
v -0.000858935818541795 -0.000765470671467483 -0.00510897021740675
v -0.000858935818541795 -0.000765470671467483 -0.00510897021740675
v -0.000858935818541795 -0.000765470671467483 -0.00510897021740675
v -0.0017589009366929531 -0.000765470671467483 -0.005111501086503267
v -0.0017589009366929531 -0.000765470671467483 -0.005111501086503267
v -0.0017589009366929531 -0.000765470671467483 -0.005111501086503267
v -0.0017589009366929531 -0.000765470671467483 -0.005111501086503267
v -0.0008593639358878136 -9.720670135493492e-08 -0.004956748802214861
v -0.0008593639358878136 -9.720670135493492e-08 -0.004956748802214861
v -0.0017593289958313107 -9.720670135493492e-08 -0.0049592796713113785
v -0.0017593289958313107 -9.720670135493492e-08 -0.0049592796713113785
v -0.0017593289958313107 -9.720670135493492e-08 -0.0049592796713113785
v -0.0008589355857111514 0.0007652634521946311 -0.005109051242470741
v -0.0008589355857111514 0.0007652634521946311 -0.005109051242470741
v -0.0008589355857111514 0.0007652634521946311 -0.005109051242470741
v -0.0017589007038623095 0.0007652634521946311 -0.005111582111567259
v -0.0017589007038623095 0.0007652634521946311 -0.005111582111567259
v -0.0017589007038623095 0.0007652634521946311 -0.005111582111567259
v -0.000857716309837997 0.0014140413841232657 -0.005542602390050888
v -0.000857716309837997 0.0014140413841232657 -0.005542602390050888
v -0.000857716309837997 0.0014140413841232657 -0.005542602390050888
v -0.001757681486196816 0.0014140413841232657 -0.005545133259147406
v -0.001757681486196816 0.0014140413841232657 -0.005545133259147406
v -0.001757681486196816 0.0014140413841232657 -0.005545133259147406
v -0.0018259872449561954 0.015534657984972 0.018743041902780533
v -0.0018259872449561954 0.015534657984972 0.018743041902780533
v -0.0018259872449561954 0.015534657984972 0.018743041902780533
v -0.0018259872449561954 0.015534657984972 0.018743041902780533
v -0.0018232424044981599 0.015111753717064857 0.017767030745744705
v -0.0018232424044981599 0.015111753717064857 0.017767030745744705
v -0.0018232424044981599 0.015111753717064857 0.017767030745744705
v 0.003674009582027793 0.015534657984972 0.018758509308099747
v 0.003674009582027793 0.015534657984972 0.018758509308099747
v 0.003674009582027793 0.015534657984972 0.018758509308099747
v 0.003674009582027793 0.015534657984972 0.018758509308099747
v 0.003674009582027793 0.015534657984972 0.018758509308099747
v 0.0036767544224858284 0.015111753717064857 0.01778249815106392
v 0.0036767544224858284 0.015111753717064857 0.01778249815106392
v 0.0036767544224858284 0.015111753717064857 0.01778249815106392
v -0.0007363304612226784 -0.011844534426927567 -0.013142941519618034
v -0.0007363304612226784 -0.011844534426927567 -0.013142941519618034
v -0.0007363304612226784 -0.011844534426927567 -0.013142941519618034
v 0.00116368115413934 -0.011844534426927567 -0.01313759759068489
v 0.00116368115413934 -0.011844534426927567 -0.01313759759068489
v 0.001165506080724299 -0.011411041021347046 -0.013786489143967628
v 0.001165506080724299 -0.011411041021347046 -0.013786489143967628
v 0.001165506080724299 -0.011411041021347046 -0.013786489143967628
v -0.0007345055346377194 -0.011411041021347046 -0.013791833072900772
v -0.0007345055346377194 -0.011411041021347046 -0.013791833072900772
v -0.0007345055346377194 -0.011411041021347046 -0.013791833072900772
v -0.0007345055346377194 -0.011411041021347046 -0.013791833072900772
v -0.0007345055346377194 -0.011411041021347046 -0.013791833072900772
v 0.001167658600024879 -0.011258818209171295 -0.014551880769431591
v 0.001167658600024879 -0.011258818209171295 -0.014551880769431591
v -0.0007323530153371394 -0.011258818209171295 -0.01455722376704216
v -0.0007323530153371394 -0.011258818209171295 -0.01455722376704216
v -0.0007323530153371394 -0.011258818209171295 -0.01455722376704216
v 0.0011698110029101372 -0.011411121115088463 -0.015317227691411972
v 0.0011698110029101372 -0.011411121115088463 -0.015317227691411972
v -0.0007302006706595421 -0.011411121115088463 -0.015322570689022541
v -0.0007302006706595421 -0.011411121115088463 -0.015322570689022541
v -0.0007302006706595421 -0.011411121115088463 -0.015322570689022541
v -0.0007302006706595421 -0.011411121115088463 -0.015322570689022541
v 0.0011716355802491307 -0.011844733729958534 -0.015966033563017845
v 0.0011716355802491307 -0.011844733729958534 -0.015966033563017845
v 0.0011716355802491307 -0.011844733729958534 -0.015966033563017845
v -0.000828386633656919 -0.011844733729958534 -0.015971658751368523
v -0.000828386633656919 -0.011844733729958534 -0.015971658751368523
v -0.000828386633656919 -0.011844733729958534 -0.015971658751368523
v -0.0007298167329281569 -0.011473826132714748 -0.01545907836407423
v -0.0007298167329281569 -0.011473826132714748 -0.01545907836407423
v -0.0007298167329281569 -0.011473826132714748 -0.01545907836407423
v -0.0007373246480710804 -0.012198109179735184 -0.012789422646164894
v -0.0007373246480710804 -0.012198109179735184 -0.012789422646164894
v -0.0007373246480710804 -0.012198109179735184 -0.012789422646164894
v 0.001162686967290938 -0.012198109179735184 -0.01278407871723175
v 0.001162686967290938 -0.012198109179735184 -0.01278407871723175
v -0.0008283829665742815 0.011843279004096985 -0.01597294956445694
v -0.0008283829665742815 0.011843279004096985 -0.01597294956445694
v 0.0011716391891241074 0.011843279004096985 -0.01596732623875141
v 0.0011716391891241074 0.011843279004096985 -0.01596732623875141
v -0.0007298131240531802 0.011472465470433235 -0.015460357069969177
v -0.0007298131240531802 0.011472465470433235 -0.015460357069969177
v -0.0007298131240531802 0.011472465470433235 -0.015460357069969177
v -0.0007298131240531802 0.011472465470433235 -0.015460357069969177
v 0.001169814495369792 0.01140979677438736 -0.015318493358790874
v 0.001169814495369792 0.01140979677438736 -0.015318493358790874
v -0.0007301970617845654 0.01140979677438736 -0.015323837287724018
v -0.0007301970617845654 0.01140979677438736 -0.015323837287724018
v -0.0007301970617845654 0.01140979677438736 -0.015323837287724018
v 0.001167661976069212 0.011257574893534184 -0.014553102664649487
v 0.001167661976069212 0.011257574893534184 -0.014553102664649487
v -0.0007323495810851455 0.011257574893534184 -0.014558445662260056
v -0.0007323495810851455 0.011257574893534184 -0.014558445662260056
v -0.0007323495810851455 0.011257574893534184 -0.014558445662260056
v 0.0011655095731839538 0.011409877799451351 -0.013787754811346531
v 0.0011655095731839538 0.011409877799451351 -0.013787754811346531
v -0.0007345019839704037 0.011409877799451351 -0.013793098740279675
v -0.0007345019839704037 0.011409877799451351 -0.013793098740279675
v -0.0007345019839704037 0.011409877799451351 -0.013793098740279675
v 0.0011636849958449602 0.011843429878354073 -0.013138948939740658
v 0.0011636849958449602 0.011843429878354073 -0.013138948939740658
v -0.0007363266195170581 0.011843429878354073 -0.013144292868673801
v -0.0007363266195170581 0.011843429878354073 -0.013144292868673801
v -0.0007363266195170581 0.011843429878354073 -0.013144292868673801
v -0.001717967796139419 0.015109702944755554 -0.019666526466608047
v -0.001717967796139419 0.015109702944755554 -0.019666526466608047
v -0.001717967796139419 0.015109702944755554 -0.019666526466608047
v 0.003782029030844569 0.015109702944755554 -0.019651059061288834
v 0.003782029030844569 0.015109702944755554 -0.019651059061288834
v 0.003782029030844569 0.015109702944755554 -0.019651059061288834
v 0.0011812994489446282 0.015031126327812672 -0.019402319565415382
v 0.0011812994489446282 0.015031126327812672 -0.019402319565415382
v 0.0037813091184943914 0.015031126327812672 -0.0193950068205595
v 0.0037813091184943914 0.015031126327812672 -0.0193950068205595
v -0.0017194182146340609 0.014910091646015644 -0.019150754436850548
v -0.0017194182146340609 0.014910091646015644 -0.019150754436850548
v -0.0017194182146340609 0.014910091646015644 -0.019150754436850548
v 0.0011793278390541673 0.014576863497495651 -0.01870124042034149
v 0.0011793278390541673 0.014576863497495651 -0.01870124042034149
v 0.0011793278390541673 0.014576863497495651 -0.01870124042034149
v -0.0017206594347953796 0.014576863497495651 -0.018709395080804825
v -0.0017206594347953796 0.014576863497495651 -0.018709395080804825
v -0.0017206594347953796 0.014576863497495651 -0.018709395080804825
v 0.0012800858821719885 0.014918637461960316 -0.018963424488902092
v 0.0012800858821719885 0.014918637461960316 -0.018963424488902092
v 0.0012800858821719885 0.014918637461960316 -0.018963424488902092
v 0.0012800858821719885 0.014918637461960316 -0.018963424488902092
v 0.001279208343476057 0.014900055713951588 -0.018651392310857773
v 0.001279208343476057 0.014900055713951588 -0.018651392310857773
v 0.003779198043048382 0.014900055713951588 -0.018644360825419426
v 0.003779198043048382 0.014900055713951588 -0.018644360825419426
v 0.0037771023344248533 0.015059229917824268 -0.01789921522140503
v 0.0037771023344248533 0.015059229917824268 -0.01789921522140503
v 0.0037771023344248533 0.015059229917824268 -0.01789921522140503
v 0.0012771127512678504 0.015059229917824268 -0.017906246706843376
v 0.0012771127512678504 0.015059229917824268 -0.017906246706843376
v 0.0012771127512678504 0.015059229917824268 -0.017906246706843376
v 0.003775326069444418 0.015485595911741257 -0.017267588526010513
v 0.003775326069444418 0.015485595911741257 -0.017267588526010513
v 0.003775326069444418 0.015485595911741257 -0.017267588526010513
v 0.001275336486287415 0.015485595911741257 -0.01727462001144886
v 0.001275336486287415 0.015485595911741257 -0.01727462001144886
v -0.0007373208063654602 0.012197011150419712 -0.01279077772051096
v -0.0007373208063654602 0.012197011150419712 -0.01279077772051096
v -0.0007373208063654602 0.012197011150419712 -0.01279077772051096
v 0.0011626908089965582 0.012197011150419712 -0.01278543472290039
v 0.0011626908089965582 0.012197011150419712 -0.01278543472290039
v 0.0036774748004972935 0.015033183619379997 0.01752639189362526
v 0.0036774748004972935 0.015033183619379997 0.01752639189362526
v 0.0036774748004972935 0.015033183619379997 0.01752639189362526
v 0.0010774651309475303 0.015033183619379997 0.01751907914876938
v 0.0010774651309475303 0.015033183619379997 0.01751907914876938
v -0.001821791986003518 0.014912111684679985 0.017251284793019295
v -0.001821791986003518 0.014912111684679985 0.017251284793019295
v -0.001821791986003518 0.014912111684679985 0.017251284793019295
v -0.0018205507658421993 0.014578851871192455 0.01680992729961872
v -0.0018205507658421993 0.014578851871192455 0.01680992729961872
v -0.0018205507658421993 0.014578851871192455 0.01680992729961872
v 0.0010794366244226694 0.014578851871192455 0.016818081960082054
v 0.0010794366244226694 0.014578851871192455 0.016818081960082054
v 0.001583277597092092 0.010001023299992085 0.015459996648132801
v 0.001583277597092092 0.010001023299992085 0.015459996648132801
v 0.001583277597092092 0.010001023299992085 0.015459996648132801
v 0.001583277597092092 0.010001023299992085 0.015459996648132801
v 0.001583277597092092 0.010001023299992085 0.015459996648132801
v 0.001583277597092092 0.010001023299992085 0.015459996648132801
v -0.0007579044322483242 0.00148478033952415 -0.005471653770655394
v -0.0007579044322483242 0.00148478033952415 -0.005471653770655394
v -0.0007579044322483242 0.00148478033952415 -0.005471653770655394
v -0.0007579044322483242 0.00148478033952415 -0.005471653770655394
v -0.0007579044322483242 0.00148478033952415 -0.005471653770655394
v -0.0007579044322483242 0.00148478033952415 -0.005471653770655394
v -0.0007579044322483242 0.00148478033952415 -0.005471653770655394
v -0.0007579044322483242 0.00148478033952415 -0.005471653770655394
v -0.0007591848843730986 0.000803536269813776 -0.005016361363232136
v -0.0007591848843730986 0.000803536269813776 -0.005016361363232136
v -0.0007591848843730986 0.000803536269813776 -0.005016361363232136
v -0.0007591848843730986 0.000803536269813776 -0.005016361363232136
v -0.0007596344221383333 -9.387800758986486e-08 -0.004856500308960676
v -0.0007596344221383333 -9.387800758986486e-08 -0.004856500308960676
v -0.0007596344221383333 -9.387800758986486e-08 -0.004856500308960676
v -0.0007596344221383333 -9.387800758986486e-08 -0.004856500308960676
v -0.0007591850589960814 -0.0008037312072701752 -0.005016294773668051
v -0.0007591850589960814 -0.0008037312072701752 -0.005016294773668051
v -0.0007591850589960814 -0.0008037312072701752 -0.005016294773668051
v -0.0007591850589960814 -0.0008037312072701752 -0.005016294773668051
v -0.0007579050725325942 -0.0014850127045065165 -0.005471432115882635
v -0.0007579050725325942 -0.0014850127045065165 -0.005471432115882635
v -0.0007579050725325942 -0.0014850127045065165 -0.005471432115882635
v -0.0007579050725325942 -0.0014850127045065165 -0.005471432115882635
v -0.0007664564182050526 -0.004525380674749613 -0.0024307528510689735
v -0.0007664564182050526 -0.004525380674749613 -0.0024307528510689735
v -0.0007664564182050526 -0.004525380674749613 -0.0024307528510689735
v -0.0007664564182050526 -0.004525380674749613 -0.0024307528510689735
v -0.0007664564182050526 -0.004525380674749613 -0.0024307528510689735
v -0.0007664564182050526 -0.004525380674749613 -0.0024307528510689735
v -0.0007664564182050526 -0.004525380674749613 -0.0024307528510689735
v -0.0008666659705340862 -0.004596108105033636 -0.0023602964356541634
v -0.0008666659705340862 -0.004596108105033636 -0.0023602964356541634
v -0.0007383680786006153 -0.01451418362557888 -0.012418399564921856
v -0.0007383680786006153 -0.01451418362557888 -0.012418399564921856
v -0.0007383680786006153 -0.01451418362557888 -0.012418399564921856
v -0.000837335828691721 -0.015026497654616833 -0.012789493426680565
v -0.000837335828691721 -0.015026497654616833 -0.012789493426680565
v -0.0007728923810645938 -0.0040700798854231834 -0.00014225137419998646
v -0.0007728923810645938 -0.0040700798854231834 -0.00014225137419998646
v -0.0007728923810645938 -0.0040700798854231834 -0.00014225137419998646
v -0.0007728923810645938 -0.0040700798854231834 -0.00014225137419998646
v -0.0007748083444312215 -0.004525219090282917 0.0005390275036916137
v -0.0007748083444312215 -0.004525219090282917 0.0005390275036916137
v -0.0007748083444312215 -0.004525219090282917 0.0005390275036916137
v -0.0007748083444312215 -0.004525219090282917 0.0005390275036916137
v -0.0008746200473979115 -0.004595967009663582 0.00046801878488622606
v -0.0008746200473979115 -0.004595967009663582 0.00046801878488622606
v -0.0008727953536435962 -0.004162474535405636 -0.00018079303845297545
v -0.0008727953536435962 -0.004162474535405636 -0.00018079303845297545
v -0.0008720986661501229 -0.004078393802046776 -0.0004285293398424983
v -0.0008720986661501229 -0.004078393802046776 -0.0004285293398424983
v -0.0007706322940066457 -0.0039102849550545216 -0.0009458855492994189
v -0.0007706322940066457 -0.0039102849550545216 -0.0009458855492994189
v -0.0007706322940066457 -0.0039102849550545216 -0.0009458855492994189
v -0.0007706322940066457 -0.0039102849550545216 -0.0009458855492994189
v -0.0008706428925506771 -0.00401025265455246 -0.0009461734443902969
v -0.0008706428925506771 -0.00401025265455246 -0.0009461734443902969
v -0.0007683722651563585 -0.0040701464749872684 -0.0017495125066488981
v -0.0007683722651563585 -0.0040701464749872684 -0.0017495125066488981
v -0.0007683722651563585 -0.0040701464749872684 -0.0017495125066488981
v -0.0007683722651563585 -0.0040701464749872684 -0.0017495125066488981
v -0.0007683722651563585 -0.0040701464749872684 -0.0017495125066488981
v -0.0007683722651563585 -0.0040701464749872684 -0.0017495125066488981
v -0.0007683722651563585 -0.0040701464749872684 -0.0017495125066488981
v -0.0008684905478730798 -0.004162555560469627 -0.0017115111695602536
v -0.0008684905478730798 -0.004162555560469627 -0.0017115111695602536
v -0.0008691871771588922 -0.004078405909240246 -0.0014637998538091779
v -0.0008691871771588922 -0.004078405909240246 -0.0014637998538091779
v -0.0007889128173701465 -0.00885305181145668 0.005554302595555782
v -0.0007889128173701465 -0.00885305181145668 0.005554302595555782
v -0.0007889128173701465 -0.00885305181145668 0.005554302595555782
v -0.0007889100816100836 0.00885401014238596 0.005553324241191149
v -0.0007889100816100836 0.00885401014238596 0.005553324241191149
v -0.0007889100816100836 0.00885401014238596 0.005553324241191149
v 0.0012111213291063905 0.008000437170267105 0.0055589997209608555
v 0.0012111213291063905 0.008000437170267105 0.0055589997209608555
v 0.0012111213291063905 0.008000437170267105 0.0055589997209608555
v 0.0012111214455217123 0.00885401014238596 0.005558948963880539
v 0.0012111214455217123 0.00885401014238596 0.005558948963880539
v 0.0012111214455217123 0.00885401014238596 0.005558948963880539
v 0.0012111214455217123 0.00885401014238596 0.005558948963880539
v 0.0011110987979918718 -0.00885305181145668 0.005559646058827639
v 0.0011110987979918718 -0.00885305181145668 0.005559646058827639
v 0.0011110989144071937 -0.0079994797706604 0.0055596050806343555
v 0.0011110989144071937 -0.0079994797706604 0.0055596050806343555
v 0.0011110989144071937 -0.0079994797706604 0.0055596050806343555
v 0.001178718521259725 0.014920678921043873 0.017080800607800484
v 0.001178718521259725 0.014920678921043873 0.017080800607800484
v 0.001178718521259725 0.014920678921043873 0.017080800607800484
v 0.0036795856431126595 0.014902065508067608 0.016775814816355705
v 0.0036795856431126595 0.014902065508067608 0.016775814816355705
v 0.0036795856431126595 0.014902065508067608 0.016775814816355705
v 0.0011795959435403347 0.014902065508067608 0.016768785193562508
v 0.0011795959435403347 0.014902065508067608 0.016768785193562508
v 0.001181691768579185 0.015061117708683014 0.016023555770516396
v 0.001181691768579185 0.015061117708683014 0.016023555770516396
v 0.001181691768579185 0.015061117708683014 0.016023555770516396
v 0.003681681351736188 0.015061117708683014 0.016030587255954742
v 0.003681681351736188 0.015061117708683014 0.016030587255954742
v 0.003681681351736188 0.015061117708683014 0.016030587255954742
v 0.003681681351736188 0.015061117708683014 0.016030587255954742
v 0.0011834679171442986 0.015487423166632652 0.015391992405056953
v 0.0011834679171442986 0.015487423166632652 0.015391992405056953
v 0.0036834576167166233 0.015487423166632652 0.015399022959172726
v 0.0036834576167166233 0.015487423166632652 0.015399022959172726
v 0.0036834576167166233 0.015487423166632652 0.015399022959172726
v 0.0036834576167166233 0.015487423166632652 0.015399022959172726
v -0.001823247061111033 -0.015109451487660408 0.01776869222521782
v -0.001823247061111033 -0.015109451487660408 0.01776869222521782
v -0.001823247061111033 -0.015109451487660408 0.01776869222521782
v -0.001825992134399712 -0.015532247722148895 0.018744783475995064
v -0.001825992134399712 -0.015532247722148895 0.018744783475995064
v -0.001825992134399712 -0.015532247722148895 0.018744783475995064
v -0.001825992134399712 -0.015532247722148895 0.018744783475995064
v 0.0036767497658729553 -0.015109451487660408 0.017784159630537033
v 0.0036767497658729553 -0.015109451487660408 0.017784159630537033
v 0.0036767497658729553 -0.015109451487660408 0.017784159630537033
v 0.003674004692584276 -0.015532247722148895 0.018760250881314278
v 0.003674004692584276 -0.015532247722148895 0.018760250881314278
v 0.003674004692584276 -0.015532247722148895 0.018760250881314278
v 0.003674004692584276 -0.015532247722148895 0.018760250881314278
v -0.0008905712165869772 -0.010267212055623531 0.006139934062957764
v -0.0008905712165869772 -0.010267212055623531 0.006139934062957764
v -0.0008905712165869772 -0.010267212055623531 0.006139934062957764
v -0.0007895174785517156 -0.009754921309649944 0.005769298877567053
v -0.0007895174785517156 -0.009754921309649944 0.005769298877567053
v -0.0007895174785517156 -0.009754921309649944 0.005769298877567053
v -0.0007895174785517156 -0.009754921309649944 0.005769298877567053
v 0.0011106705060228705 -0.009618403390049934 0.005711948499083519
v 0.0011106705060228705 -0.009618403390049934 0.005711948499083519
v 0.0011106705060228705 -0.009618403390049934 0.005711948499083519
v -0.0007893411675468087 -0.009618403390049934 0.005706605035811663
v -0.0007893411675468087 -0.009618403390049934 0.005706605035811663
v -0.0007893411675468087 -0.009618403390049934 0.005706605035811663
v 0.0011094510555267334 -0.010267212055623531 0.006145558785647154
v 0.0011094510555267334 -0.010267212055623531 0.006145558785647154
v 0.0011094510555267334 -0.010267212055623531 0.006145558785647154
v 0.0017054551281034946 0.0099005913361907 0.007560285739600658
v 0.0017054551281034946 0.0099005913361907 0.007560285739600658
v 0.0017054551281034946 0.0099005913361907 0.007560285739600658
v 0.0017081236001104116 -0.009644891135394573 0.006611412391066551
v 0.0017081236001104116 -0.009644891135394573 0.006611412391066551
v 0.0017100796103477478 -0.00894947163760662 0.005915895104408264
v 0.0017100796103477478 -0.00894947163760662 0.005915895104408264
v 0.0017100796103477478 -0.00894947163760662 0.005915895104408264
v 0.0017054519848898053 -0.009899375960230827 0.007561404723674059
v 0.0017054519848898053 -0.009899375960230827 0.007561404723674059
v 0.0017054519848898053 -0.009899375960230827 0.007561404723674059
v 0.0017054519848898053 -0.009899375960230827 0.007561404723674059
v 0.0017103914869949222 0.008727599866688251 0.005805022083222866
v 0.0017103914869949222 0.008727599866688251 0.005805022083222866
v 0.001709233270958066 0.00934399664402008 0.006216847337782383
v 0.001709233270958066 0.00934399664402008 0.006216847337782383
v 0.001707499730400741 0.009755927138030529 0.006833238527178764
v 0.001707499730400741 0.009755927138030529 0.006833238527178764
v 0.001707499730400741 0.009755927138030529 0.006833238527178764
v 0.0015832744538784027 -0.009998959489166737 0.0154610900208354
v 0.0015832744538784027 -0.009998959489166737 0.0154610900208354
v 0.0015832744538784027 -0.009998959489166737 0.0154610900208354
v 0.0015832744538784027 -0.009998959489166737 0.0154610900208354
v 0.0015832744538784027 -0.009998959489166737 0.0154610900208354
v -0.0018170118564739823 -0.009998937137424946 0.015551566146314144
v -0.0018170118564739823 -0.009998937137424946 0.015551566146314144
v -0.0018170118564739823 -0.009998937137424946 0.015551566146314144
v -0.0018170118564739823 -0.009998937137424946 0.015551566146314144
v 0.0010829755337908864 -0.009998937137424946 0.015559721738100052
v 0.0010829755337908864 -0.009998937137424946 0.015559721738100052
v 0.0010829755337908864 -0.009998937137424946 0.015559721738100052
v 0.0010829755337908864 -0.009998937137424946 0.015559721738100052
v -0.0018170085968449712 0.010000986978411674 0.015550410374999046
v -0.0018170085968449712 0.010000986978411674 0.015550410374999046
v -0.0018170085968449712 0.010000986978411674 0.015550410374999046
v -0.0018170085968449712 0.010000986978411674 0.015550410374999046
v -0.0018170085968449712 0.010000986978411674 0.015550410374999046
v -0.0018170085968449712 0.010000986978411674 0.015550410374999046
v -0.0018170085968449712 0.010000986978411674 0.015550410374999046
v 0.0011656449642032385 -0.00989890843629837 0.01555993128567934
v 0.0011656449642032385 -0.00989890843629837 0.01555993128567934
v 0.0011656449642032385 -0.00989890843629837 0.01555993128567934
v 0.0011656449642032385 -0.00989890843629837 0.01555993128567934
v 0.0011656449642032385 -0.00989890843629837 0.01555993128567934
v 0.0011656449642032385 -0.00989890843629837 0.01555993128567934
v 0.0010829787934198976 0.010000986978411674 0.015558565966784954
v 0.0010829787934198976 0.010000986978411674 0.015558565966784954
v 0.0010829787934198976 0.010000986978411674 0.015558565966784954
v 0.0011656482238322496 0.009901009500026703 0.015558810904622078
v 0.0011656482238322496 0.009901009500026703 0.015558810904622078
v 0.0011656482238322496 0.009901009500026703 0.015558810904622078
v 0.0011656482238322496 0.009901009500026703 0.015558810904622078
v 0.0011656482238322496 0.009901009500026703 0.015558810904622078
v 0.0011656482238322496 0.009901009500026703 0.015558810904622078
v -0.0002475400106050074 0.025762425735592842 -0.009146040305495262
v -0.0002475400106050074 0.025762425735592842 -0.009146040305495262
v -0.0002475400106050074 0.025762425735592842 -0.009146040305495262
v 0.0037524541839957237 0.025762425735592842 -0.009134790860116482
v 0.0037524541839957237 0.025762425735592842 -0.009134790860116482
v 0.0037524541839957237 0.025762425735592842 -0.009134790860116482
v -0.0002477991802152246 0.026181813329458237 -0.009053889662027359
v -0.0002477991802152246 0.026181813329458237 -0.009053889662027359
v -0.0002477991802152246 0.026181813329458237 -0.009053889662027359
v -0.0002477991802152246 0.026181813329458237 -0.009053889662027359
v 0.003752195043489337 0.026181813329458237 -0.009042640216648579
v 0.003752195043489337 0.026181813329458237 -0.009042640216648579
v 0.003752195043489337 0.026181813329458237 -0.009042640216648579
v 0.003752195043489337 0.026181813329458237 -0.009042640216648579
v 0.003752195043489337 0.026181813329458237 -0.009042640216648579
v -0.00024852901697158813 0.026523936539888382 -0.00879436731338501
v -0.00024852901697158813 0.026523936539888382 -0.00879436731338501
v -0.00024852901697158813 0.026523936539888382 -0.00879436731338501
v -0.00024852901697158813 0.026523936539888382 -0.00879436731338501
v -0.00024852901697158813 0.026523936539888382 -0.00879436731338501
v 0.003751465119421482 0.026523936539888382 -0.00878311786800623
v 0.003751465119421482 0.026523936539888382 -0.00878311786800623
v 0.003751465119421482 0.026523936539888382 -0.00878311786800623
v 0.003751465119421482 0.026523936539888382 -0.00878311786800623
v -0.00024959511938504875 0.026725606992840767 -0.00841528456658125
v -0.00024959511938504875 0.026725606992840767 -0.00841528456658125
v -0.00024959511938504875 0.026725606992840767 -0.00841528456658125
v 0.003750398987904191 0.026725606992840767 -0.008404036052525043
v 0.003750398987904191 0.026725606992840767 -0.008404036052525043
v 0.003750398987904191 0.026725606992840767 -0.008404036052525043
v -0.00024753998150117695 0.02572433091700077 -0.009146049618721008
v -0.00024753998150117695 0.02572433091700077 -0.009146049618721008
v -0.00024753998150117695 0.02572433091700077 -0.009146049618721008
v 0.0037524541839957237 0.02572433091700077 -0.009134800173342228
v 0.0037524541839957237 0.02572433091700077 -0.009134800173342228
v 0.0037524541839957237 0.02572433091700077 -0.009134800173342228
v -0.001726919668726623 0.019692162051796913 -0.01648338884115219
v -0.001726919668726623 0.019692162051796913 -0.01648338884115219
v -0.001726919668726623 0.019692162051796913 -0.01648338884115219
v -0.001726919668726623 0.019692162051796913 -0.01648338884115219
v -0.001726919668726623 0.019692162051796913 -0.01648338884115219
v -0.001726919668726623 0.019692162051796913 -0.01648338884115219
v -0.0017281090840697289 0.018716147169470787 -0.01606048457324505
v -0.0017281090840697289 0.018716147169470787 -0.01606048457324505
v -0.0017281090840697289 0.018716147169470787 -0.01606048457324505
v -0.0017281090840697289 0.018716147169470787 -0.01606048457324505
v 0.0037730771582573652 0.019692162051796913 -0.016467921435832977
v 0.0037730771582573652 0.019692162051796913 -0.016467921435832977
v 0.0037730771582573652 0.019692162051796913 -0.016467921435832977
v 0.0037730771582573652 0.019692162051796913 -0.016467921435832977
v 0.0037730771582573652 0.019692162051796913 -0.016467921435832977
v 0.0037730771582573652 0.019692162051796913 -0.016467921435832977
v 0.0037718878593295813 0.018716147169470787 -0.016045017167925835
v 0.0037718878593295813 0.018716147169470787 -0.016045017167925835
v 0.0037718878593295813 0.018716147169470787 -0.016045017167925835
v -0.0017153195803985 0.015509914606809616 -0.020608168095350266
v -0.0017153195803985 0.015509914606809616 -0.020608168095350266
v -0.0017153195803985 0.015509914606809616 -0.020608168095350266
v -0.0017153195803985 0.015509914606809616 -0.020608168095350266
v 0.0037846772465854883 0.015509914606809616 -0.02059270069003105
v 0.0037846772465854883 0.015509914606809616 -0.02059270069003105
v 0.0037846772465854883 0.015509914606809616 -0.02059270069003105
v -0.0017132036155089736 0.01620330847799778 -0.02136053331196308
v -0.0017132036155089736 0.01620330847799778 -0.02136053331196308
v -0.0017132036155089736 0.01620330847799778 -0.02136053331196308
v 0.0037867932114750147 0.01620330847799778 -0.021345065906643867
v 0.0037867932114750147 0.01620330847799778 -0.021345065906643867
v 0.0037867932114750147 0.01620330847799778 -0.021345065906643867
v -0.0017118662362918258 0.017109204083681107 -0.021836087107658386
v -0.0017118662362918258 0.017109204083681107 -0.021836087107658386
v -0.0017118662362918258 0.017109204083681107 -0.021836087107658386
v 0.0037881305906921625 0.017109204083681107 -0.021820619702339172
v 0.0037881305906921625 0.017109204083681107 -0.021820619702339172
v 0.0037881305906921625 0.017109204083681107 -0.021820619702339172
v 0.0037881305906921625 0.017109204083681107 -0.021820619702339172
v 0.0037881305906921625 0.017109204083681107 -0.021820619702339172
v 0.0037881305906921625 0.017109204083681107 -0.021820619702339172
v -0.0010455705923959613 -0.004101353231817484 -0.027633612975478172
v -0.0010455705923959613 -0.004101353231817484 -0.027633612975478172
v -0.0010455705923959613 -0.004101353231817484 -0.027633612975478172
v -0.0009452754748053849 -0.004101353697478771 -0.027734501287341118
v -0.0009452754748053849 -0.004101353697478771 -0.027734501287341118
v -0.0009452754748053849 -0.004101353697478771 -0.027734501287341118
v -0.0009452754748053849 -0.004101353697478771 -0.027734501287341118
v -0.0009452754748053849 -0.004101353697478771 -0.027734501287341118
v -0.0010449104011058807 -0.0020583784207701683 -0.02786838822066784
v -0.0010449104011058807 -0.0020583784207701683 -0.02786838822066784
v -0.0010449104011058807 -0.0020583784207701683 -0.02786838822066784
v -0.0010449104011058807 -0.0020583784207701683 -0.02786838822066784
v -0.000944397528655827 -1.37168694891443e-06 -0.028046686202287674
v -0.000944397528655827 -1.37168694891443e-06 -0.028046686202287674
v -0.000944397528655827 -1.37168694891443e-06 -0.028046686202287674
v -0.000944397528655827 -1.37168694891443e-06 -0.028046686202287674
v -0.000944397528655827 -1.37168694891443e-06 -0.028046686202287674
v -0.0010446894448250532 -1.369474375678692e-06 -0.027946939691901207
v -0.0010446894448250532 -1.369474375678692e-06 -0.027946939691901207
v -0.0010446894448250532 -1.369474375678692e-06 -0.027946939691901207
v -0.0010449098190292716 0.002055617980659008 -0.027868585661053658
v -0.0010449098190292716 0.002055617980659008 -0.027868585661053658
v -0.0010449098190292716 0.002055617980659008 -0.027868585661053658
v -0.0010449098190292716 0.002055617980659008 -0.027868585661053658
v -0.0009452741942368448 0.004098615143448114 -0.027734952047467232
v -0.0009452741942368448 0.004098615143448114 -0.027734952047467232
v -0.0009452741942368448 0.004098615143448114 -0.027734952047467232
v -0.0009452741942368448 0.004098615143448114 -0.027734952047467232
v -0.0009452741942368448 0.004098615143448114 -0.027734952047467232
v -0.0009452741942368448 0.004098615143448114 -0.027734952047467232
v -0.0009452741942368448 0.004098615143448114 -0.027734952047467232
v -0.0010455693118274212 0.004098616074770689 -0.027634067460894585
v -0.0010455693118274212 0.004098616074770689 -0.027634067460894585
v -0.0010455693118274212 0.004098616074770689 -0.027634067460894585
v 0.0037881252355873585 -0.017111236229538918 -0.0218187365680933
v 0.0037881252355873585 -0.017111236229538918 -0.0218187365680933
v 0.0037881252355873585 -0.017111236229538918 -0.0218187365680933
v 0.0037881252355873585 -0.017111236229538918 -0.0218187365680933
v 0.0037881252355873585 -0.017111236229538918 -0.0218187365680933
v -0.0017118715913966298 -0.017111236229538918 -0.021834203973412514
v -0.0017118715913966298 -0.017111236229538918 -0.021834203973412514
v -0.0017118715913966298 -0.017111236229538918 -0.021834203973412514
v -0.001713208737783134 -0.016205299645662308 -0.02135872282087803
v -0.001713208737783134 -0.016205299645662308 -0.02135872282087803
v -0.001713208737783134 -0.016205299645662308 -0.02135872282087803
v 0.0037867880892008543 -0.016205299645662308 -0.021343255415558815
v 0.0037867880892008543 -0.016205299645662308 -0.021343255415558815
v 0.0037867880892008543 -0.016205299645662308 -0.021343255415558815
v -0.0017153244698420167 -0.015511803328990936 -0.020606404170393944
v -0.0017153244698420167 -0.015511803328990936 -0.020606404170393944
v -0.0017153244698420167 -0.015511803328990936 -0.020606404170393944
v -0.0017153244698420167 -0.015511803328990936 -0.020606404170393944
v -0.0017153244698420167 -0.015511803328990936 -0.020606404170393944
v 0.0037846723571419716 -0.015511803328990936 -0.02059093676507473
v 0.0037846723571419716 -0.015511803328990936 -0.02059093676507473
v 0.0037846723571419716 -0.015511803328990936 -0.02059093676507473
v -0.0017179724527522922 -0.015111502259969711 -0.019664864987134933
v -0.0017179724527522922 -0.015111502259969711 -0.019664864987134933
v -0.0017179724527522922 -0.015111502259969711 -0.019664864987134933
v -0.0017179724527522922 -0.015111502259969711 -0.019664864987134933
v -0.0017179724527522922 -0.015111502259969711 -0.019664864987134933
v -0.0017179724527522922 -0.015111502259969711 -0.019664864987134933
v 0.003782024374231696 -0.015111502259969711 -0.01964939758181572
v 0.003782024374231696 -0.015111502259969711 -0.01964939758181572
v 0.003782024374231696 -0.015111502259969711 -0.01964939758181572
v -0.0017052422044798732 -0.01373949833214283 -0.024191461503505707
v -0.0017052422044798732 -0.01373949833214283 -0.024191461503505707
v -0.0017052422044798732 -0.01373949833214283 -0.024191461503505707
v -0.001696653082035482 0.006121980492025614 -0.02724561095237732
v -0.001696653082035482 0.006121980492025614 -0.02724561095237732
v -0.001696653082035482 0.006121980492025614 -0.02724561095237732
v -0.001696653082035482 0.006121980492025614 -0.02724561095237732
v -0.001696653082035482 0.006121980492025614 -0.02724561095237732
v -0.001696653082035482 0.006121980492025614 -0.02724561095237732
v -0.001696653082035482 0.006121980492025614 -0.02724561095237732
v -0.0017001272644847631 0.010046204552054405 -0.026010245084762573
v -0.0017001272644847631 0.010046204552054405 -0.026010245084762573
v -0.0017001272644847631 0.010046204552054405 -0.026010245084762573
v -0.0017001272644847631 0.010046204552054405 -0.026010245084762573
v -0.0017052378971129656 0.01373713556677103 -0.024193018674850464
v -0.0017052378971129656 0.01373713556677103 -0.024193018674850464
v -0.0017052378971129656 0.01373713556677103 -0.024193018674850464
v -0.0017206640914082527 -0.014578600414097309 -0.01870776154100895
v -0.0017206640914082527 -0.014578600414097309 -0.01870776154100895
v -0.001719422871246934 -0.014911860227584839 -0.019149119034409523
v -0.001719422871246934 -0.014911860227584839 -0.019149119034409523
v -0.001719422871246934 -0.014911860227584839 -0.019149119034409523
v -0.0016948959091678262 0.002055617980659008 -0.027870412915945053
v -0.0016948959091678262 0.002055617980659008 -0.027870412915945053
v -0.0016948959091678262 0.002055617980659008 -0.027870412915945053
v -0.0016948959091678262 0.002055617980659008 -0.027870412915945053
v -0.0017001302912831306 -0.010048745200037956 -0.026009151712059975
v -0.0017001302912831306 -0.010048745200037956 -0.026009151712059975
v -0.0017001302912831306 -0.010048745200037956 -0.026009151712059975
v -0.0016966549446806312 -0.0061246734112501144 -0.027244938537478447
v -0.0016966549446806312 -0.0061246734112501144 -0.027244938537478447
v -0.0016966549446806312 -0.0061246734112501144 -0.027244938537478447
v -0.0016966549446806312 -0.0061246734112501144 -0.027244938537478447
v -0.0016966549446806312 -0.0061246734112501144 -0.027244938537478447
v -0.0016948964912444353 -0.0020583784207701683 -0.027870217338204384
v -0.0016948964912444353 -0.0020583784207701683 -0.027870217338204384
v -0.0016948964912444353 -0.0020583784207701683 -0.027870217338204384
v -0.0017281147884204984 -0.018717557191848755 -0.016058433800935745
v -0.0017281147884204984 -0.018717557191848755 -0.016058433800935745
v -0.0017281147884204984 -0.018717557191848755 -0.016058433800935745
v -0.001726925722323358 -0.019693654030561447 -0.016481228172779083
v -0.001726925722323358 -0.019693654030561447 -0.016481228172779083
v -0.001726925722323358 -0.019693654030561447 -0.016481228172779083
v 0.00377188203856349 -0.018717557191848755 -0.01604296639561653
v 0.00377188203856349 -0.018717557191848755 -0.01604296639561653
v 0.00377188203856349 -0.018717557191848755 -0.01604296639561653
v 0.00377188203856349 -0.018717557191848755 -0.01604296639561653
v 0.0037730711046606302 -0.019693654030561447 -0.01646576076745987
v 0.0037730711046606302 -0.019693654030561447 -0.01646576076745987
v 0.0037730711046606302 -0.019693654030561447 -0.01646576076745987
v 0.0037730711046606302 -0.019693654030561447 -0.01646576076745987
v 0.0037524462677538395 -0.025724995881319046 -0.009131972678005695
v 0.0037524462677538395 -0.025724995881319046 -0.009131972678005695
v 0.0037524462677538395 -0.025724995881319046 -0.009131972678005695
v -0.0002475479559507221 -0.025724995881319046 -0.009143222123384476
v -0.0002475479559507221 -0.025724995881319046 -0.009143222123384476
v -0.0002475479559507221 -0.025724995881319046 -0.009143222123384476
v 0.0037524462677538395 -0.02576308324933052 -0.00913197174668312
v 0.0037524462677538395 -0.02576308324933052 -0.00913197174668312
v 0.0037524462677538395 -0.02576308324933052 -0.00913197174668312
v 0.0037524462677538395 -0.02576308324933052 -0.00913197174668312
v 0.0037524462677538395 -0.02576308324933052 -0.00913197174668312
v -0.0002475479559507221 -0.02576308324933052 -0.009143221192061901
v -0.0002475479559507221 -0.02576308324933052 -0.009143221192061901
v -0.0002475479559507221 -0.02576308324933052 -0.009143221192061901
v -0.0002475479559507221 -0.02576308324933052 -0.009143221192061901
v -0.0002496034139767289 -0.026726139709353447 -0.00841233879327774
v -0.0002496034139767289 -0.026726139709353447 -0.00841233879327774
v -0.0002496034139767289 -0.026726139709353447 -0.00841233879327774
v 0.003750390838831663 -0.026726139709353447 -0.00840108934789896
v 0.003750390838831663 -0.026726139709353447 -0.00840108934789896
v 0.003750390838831663 -0.026726139709353447 -0.00840108934789896
v -0.0002485372533556074 -0.026524517685174942 -0.008791440166532993
v -0.0002485372533556074 -0.026524517685174942 -0.008791440166532993
v -0.0002485372533556074 -0.026524517685174942 -0.008791440166532993
v -0.0002485372533556074 -0.026524517685174942 -0.008791440166532993
v -0.0002485372533556074 -0.026524517685174942 -0.008791440166532993
v 0.003751456970348954 -0.026524517685174942 -0.008780190721154213
v 0.003751456970348954 -0.026524517685174942 -0.008780190721154213
v 0.003751456970348954 -0.026524517685174942 -0.008780190721154213
v 0.003751456970348954 -0.026524517685174942 -0.008780190721154213
v 0.003751456970348954 -0.026524517685174942 -0.008780190721154213
v 0.003751456970348954 -0.026524517685174942 -0.008780190721154213
v -0.0002478073292877525 -0.026182489469647408 -0.009050990454852581
v -0.0002478073292877525 -0.026182489469647408 -0.009050990454852581
v -0.0002478073292877525 -0.026182489469647408 -0.009050990454852581
v -0.0002478073292877525 -0.026182489469647408 -0.009050990454852581
v 0.003752186894416809 -0.026182489469647408 -0.0090397410094738
v 0.003752186894416809 -0.026182489469647408 -0.0090397410094738
v 0.003752186894416809 -0.026182489469647408 -0.0090397410094738
v 0.003752186894416809 -0.026182489469647408 -0.0090397410094738
v -0.0017745837103575468 0.004596359562128782 0.00046499271411448717
v -0.0017745837103575468 0.004596359562128782 0.00046499271411448717
v -0.0017745837103575468 0.004596359562128782 0.00046499271411448717
v -0.0017745837103575468 0.004596359562128782 0.00046499271411448717
v -0.0017745837103575468 0.004596359562128782 0.00046499271411448717
v -0.0007746080518700182 0.004596359562128782 0.00046780495904386044
v -0.0007746080518700182 0.004596359562128782 0.00046780495904386044
v -0.0007746080518700182 0.004596359562128782 0.00046780495904386044
v -0.001772759249433875 0.0041628070175647736 -0.00018378264212515205
v -0.001772759249433875 0.0041628070175647736 -0.00018378264212515205
v -0.0007727834745310247 0.0041628070175647736 -0.00018097041174769402
v -0.0007727834745310247 0.0041628070175647736 -0.00018097041174769402
v -0.001770606730133295 0.004010504111647606 -0.0009491503005847335
v -0.001770606730133295 0.004010504111647606 -0.0009491503005847335
v -0.001770606730133295 0.004010504111647606 -0.0009491503005847335
v -0.001770606730133295 0.004010504111647606 -0.0009491503005847335
v -0.001770606730133295 0.004010504111647606 -0.0009491503005847335
v -0.0007706310134381056 0.004010504111647606 -0.0009463380556553602
v -0.0007706310134381056 0.004010504111647606 -0.0009463380556553602
v -0.0007706310134381056 0.004010504111647606 -0.0009463380556553602
v -0.0007706310134381056 0.004010504111647606 -0.0009463380556553602
v -0.0017684543272480369 0.004162725992500782 -0.0017145107267424464
v -0.0017684543272480369 0.004162725992500782 -0.0017145107267424464
v -0.0007684786105528474 0.004162725992500782 -0.0017116984818130732
v -0.0007684786105528474 0.004162725992500782 -0.0017116984818130732
v -0.0017666296334937215 0.004596218466758728 -0.0023633225355297327
v -0.0017666296334937215 0.004596218466758728 -0.0023633225355297327
v -0.0017666296334937215 0.004596218466758728 -0.0023633225355297327
v -0.0017666296334937215 0.004596218466758728 -0.0023633225355297327
v -0.000766653916798532 0.004596218466758728 -0.0023605101741850376
v -0.000766653916798532 0.004596218466758728 -0.0023605101741850376
v -0.000766653916798532 0.004596218466758728 -0.0023605101741850376
v -0.0017666310304775834 -0.004596108105033636 -0.0023628275375813246
v -0.0017666310304775834 -0.004596108105033636 -0.0023628275375813246
v -0.0017666310304775834 -0.004596108105033636 -0.0023628275375813246
v -0.0017666310304775834 -0.004596108105033636 -0.0023628275375813246
v -0.0017666310304775834 -0.004596108105033636 -0.0023628275375813246
v -0.0017691522371023893 -0.004078405909240246 -0.0014663308393210173
v -0.0017691522371023893 -0.004078405909240246 -0.0014663308393210173
v -0.001772063784301281 -0.004078393802046776 -0.0004310603253543377
v -0.001772063784301281 -0.004078393802046776 -0.0004310603253543377
v -0.001772063784301281 -0.004078393802046776 -0.0004310603253543377
v -0.0017745851073414087 -0.004595967009663582 0.00046548779937438667
v -0.0017745851073414087 -0.004595967009663582 0.00046548779937438667
v -0.0017745851073414087 -0.004595967009663582 0.00046548779937438667
v -0.0002936694072559476 -0.025762174278497696 0.007256641983985901
v -0.0002936694072559476 -0.025762174278497696 0.007256641983985901
v -0.0002936694072559476 -0.025762174278497696 0.007256641983985901
v 0.0037063248455524445 -0.025762174278497696 0.007267891429364681
v 0.0037063248455524445 -0.025762174278497696 0.007267891429364681
v 0.0037063248455524445 -0.025762174278497696 0.007267891429364681
v -0.0002934102376457304 -0.02618156187236309 0.007164491340517998
v -0.0002934102376457304 -0.02618156187236309 0.007164491340517998
v -0.0002934102376457304 -0.02618156187236309 0.007164491340517998
v -0.0002934102376457304 -0.02618156187236309 0.007164491340517998
v 0.003706583986058831 -0.02618156187236309 0.007175740785896778
v 0.003706583986058831 -0.02618156187236309 0.007175740785896778
v 0.003706583986058831 -0.02618156187236309 0.007175740785896778
v 0.003706583986058831 -0.02618156187236309 0.007175740785896778
v 0.003706583986058831 -0.02618156187236309 0.007175740785896778
v 0.003706583986058831 -0.02618156187236309 0.007175740785896778
v -0.0002926803717855364 -0.026523685082793236 0.006904969457536936
v -0.0002926803717855364 -0.026523685082793236 0.006904969457536936
v -0.0002926803717855364 -0.026523685082793236 0.006904969457536936
v -0.0002926803717855364 -0.026523685082793236 0.006904969457536936
v -0.0002926803717855364 -0.026523685082793236 0.006904969457536936
v 0.0037073136772960424 -0.026523685082793236 0.006916218902915716
v 0.0037073136772960424 -0.026523685082793236 0.006916218902915716
v 0.0037073136772960424 -0.026523685082793236 0.006916218902915716
v 0.0037073136772960424 -0.026523685082793236 0.006916218902915716
v -0.00029161429847590625 -0.02672535553574562 0.006525887176394463
v -0.00029161429847590625 -0.02672535553574562 0.006525887176394463
v -0.00029161429847590625 -0.02672535553574562 0.006525887176394463
v 0.0037083798088133335 -0.02672535553574562 0.006537136621773243
v 0.0037083798088133335 -0.02672535553574562 0.006537136621773243
v 0.0037083798088133335 -0.02672535553574562 0.006537136621773243
v -0.0002936694072559476 -0.025724079459905624 0.007256651297211647
v -0.0002936694072559476 -0.025724079459905624 0.007256651297211647
v -0.0002936694072559476 -0.025724079459905624 0.007256651297211647
v 0.0037063248455524445 -0.025724079459905624 0.007267900742590427
v 0.0037063248455524445 -0.025724079459905624 0.007267900742590427
v 0.0037063248455524445 -0.025724079459905624 0.007267900742590427
v 0.0037063248455524445 -0.025724079459905624 0.007267900742590427
v -0.0018142950721085072 -0.019691910594701767 0.014585553668439388
v -0.0018142950721085072 -0.019691910594701767 0.014585553668439388
v -0.0018142950721085072 -0.019691910594701767 0.014585553668439388
v -0.0018142950721085072 -0.019691910594701767 0.014585553668439388
v -0.0018142950721085072 -0.019691910594701767 0.014585553668439388
v -0.0018142950721085072 -0.019691910594701767 0.014585553668439388
v -0.0018142950721085072 -0.019691910594701767 0.014585553668439388
v -0.0018131057731807232 -0.01871589571237564 0.01416265033185482
v -0.0018131057731807232 -0.01871589571237564 0.01416265033185482
v -0.0018131057731807232 -0.01871589571237564 0.01416265033185482
v -0.0018131057731807232 -0.01871589571237564 0.01416265033185482
v 0.0036857016384601593 -0.019691910594701767 0.014601021073758602
v 0.0036857016384601593 -0.019691910594701767 0.014601021073758602
v 0.0036857016384601593 -0.019691910594701767 0.014601021073758602
v 0.0036857016384601593 -0.019691910594701767 0.014601021073758602
v 0.0036857016384601593 -0.019691910594701767 0.014601021073758602
v 0.0036857016384601593 -0.019691910594701767 0.014601021073758602
v 0.003686891170218587 -0.01871589571237564 0.014178118668496609
v 0.003686891170218587 -0.01871589571237564 0.014178118668496609
v 0.003686891170218587 -0.01871589571237564 0.014178118668496609
v -0.0018217965262010694 -0.014909840188920498 0.01725292019546032
v -0.0018217965262010694 -0.014909840188920498 0.01725292019546032
v -0.0018217965262010694 -0.014909840188920498 0.01725292019546032
v -0.0018205553060397506 -0.014576612040400505 0.016811560839414597
v -0.0018205553060397506 -0.014576612040400505 0.016811560839414597
v -0.0018205553060397506 -0.014576612040400505 0.016811560839414597
v -0.0018399407854303718 -0.011008729226887226 0.0237046480178833
v -0.0018399407854303718 -0.011008729226887226 0.0237046480178833
v -0.0018399407854303718 -0.011008729226887226 0.0237046480178833
v -0.0018399407854303718 -0.011008729226887226 0.0237046480178833
v -0.0018399407854303718 -0.011008729226887226 0.0237046480178833
v -0.0018399407854303718 -0.011008729226887226 0.0237046480178833
v -0.0018399407854303718 -0.011008729226887226 0.0237046480178833
v -0.0018399407854303718 -0.011008729226887226 0.0237046480178833
v -0.0018399407854303718 -0.011008729226887226 0.0237046480178833
v -0.0018162596970796585 0.013052886351943016 0.015284121967852116
v -0.0018162596970796585 0.013052886351943016 0.015284121967852116
v -0.001839937292970717 0.011011726222932339 0.02370341494679451
v -0.001839937292970717 0.011011726222932339 0.02370341494679451
v -0.001839937292970717 0.011011726222932339 0.02370341494679451
v -0.001828744076192379 0.015865497291088104 0.01972333714365959
v -0.001828744076192379 0.015865497291088104 0.01972333714365959
v -0.001828744076192379 0.015865497291088104 0.01972333714365959
v -0.0018315970664843917 0.015662135556340218 0.020737774670124054
v -0.0018315970664843917 0.015662135556340218 0.020737774670124054
v -0.0018315970664843917 0.015662135556340218 0.020737774670124054
v -0.0018315970664843917 0.015662135556340218 0.020737774670124054
v -0.0018315970664843917 0.015662135556340218 0.020737774670124054
v -0.0018337825313210487 0.014979125931859016 0.021514900028705597
v -0.0018337825313210487 0.014979125931859016 0.021514900028705597
v -0.0018316019559279084 -0.015659507364034653 0.020739538595080376
v -0.0018316019559279084 -0.015659507364034653 0.020739538595080376
v -0.0018316019559279084 -0.015659507364034653 0.020739538595080376
v -0.0018287490820512176 -0.015862958505749702 0.019725102931261063
v -0.0018287490820512176 -0.015862958505749702 0.019725102931261063
v -0.0018287490820512176 -0.015862958505749702 0.019725102931261063
v -0.0018287490820512176 -0.015862958505749702 0.019725102931261063
v -0.0018287490820512176 -0.015862958505749702 0.019725102931261063
v -0.0018337873043492436 -0.01497638039290905 0.021516576409339905
v -0.0018337873043492436 -0.01497638039290905 0.021516576409339905
v -0.0018337873043492436 -0.01497638039290905 0.021516576409339905
v -0.0018337873043492436 -0.01497638039290905 0.021516576409339905
v -0.0018462719162926078 -0.002263818634673953 0.02595588192343712
v -0.0018462719162926078 -0.002263818634673953 0.02595588192343712
v -0.0018462712178006768 0.0022670633625239134 0.025955623015761375
v -0.0018462712178006768 0.0022670633625239134 0.025955623015761375
v -0.0018462712178006768 0.0022670633625239134 0.025955623015761375
v -0.0018441397696733475 0.00673421286046505 0.02519770711660385
v -0.0018441397696733475 0.00673421286046505 0.02519770711660385
v -0.001814951770938933 0.012322913855314255 0.014819064177572727
v -0.001814951770938933 0.012322913855314255 0.014819064177572727
v -0.001814951770938933 0.012322913855314255 0.014819064177572727
v -0.0018146338406950235 0.011464854702353477 0.014705990441143513
v -0.0018146338406950235 0.011464854702353477 0.014705990441143513
v -0.0018146338406950235 0.011464854702353477 0.014705990441143513
v -0.0018153650453314185 0.010639349929988384 0.014966006390750408
v -0.0018153650453314185 0.010639349929988384 0.014966006390750408
v -0.0018153650453314185 0.010639349929988384 0.014966006390750408
v -0.0018162636552006006 -0.013050810433924198 0.015285542234778404
v -0.0018162636552006006 -0.013050810433924198 0.015285542234778404
v -0.0018162636552006006 -0.013050810433924198 0.015285542234778404
v -0.0018149556126445532 -0.012320921756327152 0.01482042670249939
v -0.0018149556126445532 -0.012320921756327152 0.01482042670249939
v -0.0018149556126445532 -0.012320921756327152 0.01482042670249939
v -0.0018149556126445532 -0.012320921756327152 0.01482042670249939
v -0.0018146373331546783 -0.011462883092463017 0.014707260765135288
v -0.0018146373331546783 -0.011462883092463017 0.014707260765135288
v -0.0018146373331546783 -0.011462883092463017 0.014707260765135288
v -0.0018146373331546783 -0.011462883092463017 0.014707260765135288
v -0.0018441418651491404 -0.0067310393787920475 0.025198450312018394
v -0.0018441418651491404 -0.0067310393787920475 0.025198450312018394
v -0.0018153684213757515 -0.01063735131174326 0.014967205934226513
v -0.0018153684213757515 -0.01063735131174326 0.014967205934226513
v -0.0018153684213757515 -0.01063735131174326 0.014967205934226513
v -0.0018130999524146318 0.0187178086489439 0.014160599559545517
v -0.0018130999524146318 0.0187178086489439 0.014160599559545517
v -0.0018142890185117722 0.019693905487656593 0.014583393931388855
v -0.0018142890185117722 0.019693905487656593 0.014583393931388855
v -0.0018142890185117722 0.019693905487656593 0.014583393931388855
v 0.0036868967581540346 0.0187178086489439 0.01417606696486473
v 0.0036868967581540346 0.0187178086489439 0.01417606696486473
v 0.0036868967581540346 0.0187178086489439 0.01417606696486473
v 0.0036868967581540346 0.0187178086489439 0.01417606696486473
v 0.003685707924887538 0.019693905487656593 0.014598862268030643
v 0.003685707924887538 0.019693905487656593 0.014598862268030643
v 0.003685707924887538 0.019693905487656593 0.014598862268030643
v 0.003685707924887538 0.019693905487656593 0.014598862268030643
v 0.0037063327617943287 0.025725247338414192 0.007265073247253895
v 0.0037063327617943287 0.025725247338414192 0.007265073247253895
v 0.0037063327617943287 0.025725247338414192 0.007265073247253895
v -0.0002936614619102329 0.025725247338414192 0.007253824267536402
v -0.0002936614619102329 0.025725247338414192 0.007253824267536402
v -0.0002936614619102329 0.025725247338414192 0.007253824267536402
v 0.0037063327617943287 0.025763334706425667 0.00726507231593132
v 0.0037063327617943287 0.025763334706425667 0.00726507231593132
v 0.0037063327617943287 0.025763334706425667 0.00726507231593132
v -0.0002936614619102329 0.025763334706425667 0.00725382287055254
v -0.0002936614619102329 0.025763334706425667 0.00725382287055254
v -0.0002916060038842261 0.02672645077109337 0.0065229423344135284
v -0.0002916060038842261 0.02672645077109337 0.0065229423344135284
v -0.0002916060038842261 0.02672645077109337 0.0065229423344135284
v 0.003708388190716505 0.02672645077109337 0.0065341913141310215
v 0.003708388190716505 0.02672645077109337 0.0065341913141310215
v 0.003708388190716505 0.02672645077109337 0.0065341913141310215
v -0.0002926721645053476 0.026524769142270088 0.006902042310684919
v -0.0002926721645053476 0.026524769142270088 0.006902042310684919
v -0.0002926721645053476 0.026524769142270088 0.006902042310684919
v -0.0002926721645053476 0.026524769142270088 0.006902042310684919
v 0.003707322059199214 0.026524769142270088 0.006913291290402412
v 0.003707322059199214 0.026524769142270088 0.006913291290402412
v 0.003707322059199214 0.026524769142270088 0.006913291290402412
v 0.003707322059199214 0.026524769142270088 0.006913291290402412
v 0.003707322059199214 0.026524769142270088 0.006913291290402412
v 0.003707322059199214 0.026524769142270088 0.006913291290402412
v -0.0002934020885732025 0.026182740926742554 0.007161592599004507
v -0.0002934020885732025 0.026182740926742554 0.007161592599004507
v -0.0002934020885732025 0.026182740926742554 0.007161592599004507
v -0.0002934020885732025 0.026182740926742554 0.007161592599004507
v 0.003706592135131359 0.026182740926742554 0.007172841578722
v 0.003706592135131359 0.026182740926742554 0.007172841578722
v 0.003706592135131359 0.026182740926742554 0.007172841578722
v 0.003706592135131359 0.026182740926742554 0.007172841578722
v -0.0017296132864430547 -0.017760422080755234 -0.015525597147643566
v -0.0017296132864430547 -0.017760422080755234 -0.015525597147643566
v -0.0017296132864430547 -0.017760422080755234 -0.015525597147643566
v -0.0017296132864430547 -0.017760422080755234 -0.015525597147643566
v -0.0017296132864430547 -0.017760422080755234 -0.015525597147643566
v 0.0011626863852143288 -0.015026497654616833 -0.012783868238329887
v 0.0011626863852143288 -0.015026497654616833 -0.012783868238329887
v 0.0011626863852143288 -0.015026497654616833 -0.012783868238329887
v 0.0011703739874064922 -0.017760422080755234 -0.015517441555857658
v 0.0011703739874064922 -0.017760422080755234 -0.015517441555857658
v 0.001171651529148221 -0.018461445346474648 -0.015971701592206955
v 0.001171651529148221 -0.018461445346474648 -0.015971701592206955
v 0.0037716610822826624 -0.018461445346474648 -0.015964388847351074
v 0.0037716610822826624 -0.018461445346474648 -0.015964388847351074
v 0.0037716610822826624 -0.018461445346474648 -0.015964388847351074
v -0.0017286761431023479 -0.018201783299446106 -0.01585882529616356
v -0.0017286761431023479 -0.018201783299446106 -0.01585882529616356
v -0.0017286761431023479 -0.018201783299446106 -0.01585882529616356
v 0.003775321412831545 -0.015487171709537506 -0.01726592145860195
v 0.003775321412831545 -0.015487171709537506 -0.01726592145860195
v 0.003775321412831545 -0.015487171709537506 -0.01726592145860195
v 0.003775321412831545 -0.015487171709537506 -0.01726592145860195
v 0.001275331829674542 -0.015487171709537506 -0.0172729529440403
v 0.001275331829674542 -0.015487171709537506 -0.0172729529440403
v 0.001275331829674542 -0.015487171709537506 -0.0172729529440403
v 0.0037729390896856785 -0.016334140673279762 -0.016418859362602234
v 0.0037729390896856785 -0.016334140673279762 -0.016418859362602234
v 0.0037729390896856785 -0.016334140673279762 -0.016418859362602234
v 0.0012729496229439974 -0.016334140673279762 -0.01642589084804058
v 0.0012729496229439974 -0.016334140673279762 -0.01642589084804058
v 0.0037813042290508747 -0.015032932162284851 -0.01939329132437706
v 0.0037813042290508747 -0.015032932162284851 -0.01939329132437706
v 0.0037813042290508747 -0.015032932162284851 -0.01939329132437706
v 0.0011812946759164333 -0.015032932162284851 -0.01940060220658779
v 0.0011812946759164333 -0.015032932162284851 -0.01940060220658779
v 0.001179323298856616 -0.014578600414097309 -0.018699605017900467
v 0.001179323298856616 -0.014578600414097309 -0.018699605017900467
v 0.001161467283964157 -0.014377662912011147 -0.012350387871265411
v 0.001161467283964157 -0.014377662912011147 -0.012350387871265411
v -0.0007385443313978612 -0.014377662912011147 -0.01235573086887598
v -0.0007385443313978612 -0.014377662912011147 -0.01235573086887598
v -0.0007385443313978612 -0.014377662912011147 -0.01235573086887598
v 0.0011610392248257995 -0.01361226849257946 -0.012198165990412235
v 0.0011610392248257995 -0.01361226849257946 -0.012198165990412235
v -0.0007389723905362189 -0.01361226849257946 -0.012203508988022804
v -0.0007389723905362189 -0.01361226849257946 -0.012203508988022804
v -0.0007389723905362189 -0.01361226849257946 -0.012203508988022804
v 0.0011614675167948008 -0.012846918776631355 -0.012350468896329403
v 0.0011614675167948008 -0.012846918776631355 -0.012350468896329403
v 0.0011614675167948008 -0.012846918776631355 -0.012350468896329403
v -0.0007385440985672176 -0.012846918776631355 -0.012355811893939972
v -0.0007385440985672176 -0.012846918776631355 -0.012355811893939972
v -0.0007385440985672176 -0.012846918776631355 -0.012355811893939972
v -0.0007385440985672176 -0.012846918776631355 -0.012355811893939972
v 0.003772944211959839 0.016332663595676422 -0.01642068475484848
v 0.003772944211959839 0.016332663595676422 -0.01642068475484848
v 0.003772944211959839 0.016332663595676422 -0.01642068475484848
v 0.003772944211959839 0.016332663595676422 -0.01642068475484848
v 0.0012729547452181578 0.016332663595676422 -0.016427716240286827
v 0.0012729547452181578 0.016332663595676422 -0.016427716240286827
v 0.0037716669030487537 0.018460040912032127 -0.015966447070240974
v 0.0037716669030487537 0.018460040912032127 -0.015966447070240974
v 0.0037716669030487537 0.018460040912032127 -0.015966447070240974
v 0.0011716573499143124 0.018460040912032127 -0.015973759815096855
v 0.0011716573499143124 0.018460040912032127 -0.015973759815096855
v -0.0017286704387515783 0.018200399354100227 -0.015860844403505325
v -0.0017286704387515783 0.018200399354100227 -0.015860844403505325
v -0.0017286704387515783 0.018200399354100227 -0.015860844403505325
v -0.001729607698507607 0.017759039998054504 -0.01552758552134037
v -0.001729607698507607 0.017759039998054504 -0.01552758552134037
v -0.001729607698507607 0.017759039998054504 -0.01552758552134037
v -0.001729607698507607 0.017759039998054504 -0.01552758552134037
v 0.00117037957534194 0.017759039998054504 -0.015519429929554462
v 0.00117037957534194 0.017759039998054504 -0.015519429929554462
v 0.00117037957534194 0.017759039998054504 -0.015519429929554462
v 0.00117037957534194 0.017759039998054504 -0.015519429929554462
v -0.0007373204571194947 0.015025457367300987 -0.012790917418897152
v -0.0007373204571194947 0.015025457367300987 -0.012790917418897152
v -0.0007373204571194947 0.015025457367300987 -0.012790917418897152
v 0.0011626911582425237 0.015025457367300987 -0.012785574421286583
v 0.0011626911582425237 0.015025457367300987 -0.012785574421286583
v 0.0011614714749157429 0.012845904566347599 -0.01235188264399767
v 0.0011614714749157429 0.012845904566347599 -0.01235188264399767
v 0.0011614714749157429 0.012845904566347599 -0.01235188264399767
v -0.0007385400822386146 0.012845904566347599 -0.012357226572930813
v -0.0007385400822386146 0.012845904566347599 -0.012357226572930813
v -0.0007385400822386146 0.012845904566347599 -0.012357226572930813
v -0.0007385400822386146 0.012845904566347599 -0.012357226572930813
v -0.0007385400822386146 0.012845904566347599 -0.012357226572930813
v 0.001161043532192707 0.013611298985779285 -0.012199722230434418
v 0.001161043532192707 0.013611298985779285 -0.012199722230434418
v -0.0007389680249616504 0.013611298985779285 -0.012205065228044987
v -0.0007389680249616504 0.013611298985779285 -0.012205065228044987
v -0.0007389680249616504 0.013611298985779285 -0.012205065228044987
v 0.0011614717077463865 0.01437664870172739 -0.01235196366906166
v 0.0011614717077463865 0.01437664870172739 -0.01235196366906166
v 0.0011614717077463865 0.01437664870172739 -0.01235196366906166
v -0.0007385399076156318 0.01437664870172739 -0.01235730666667223
v -0.0007385399076156318 0.01437664870172739 -0.01235730666667223
v -0.0007385399076156318 0.01437664870172739 -0.01235730666667223
v -0.0007385399076156318 0.01437664870172739 -0.01235730666667223
v 0.0010837276931852102 0.013052886351943016 0.015292277559638023
v 0.0010837276931852102 0.013052886351943016 0.015292277559638023
v 0.0010837276931852102 0.013052886351943016 0.015292277559638023
v 0.001084539690054953 0.010590147227048874 0.015003519132733345
v 0.001084539690054953 0.010590147227048874 0.015003519132733345
v 0.001084539690054953 0.010590147227048874 0.015003519132733345
v 0.0010853431886062026 0.011426878161728382 0.01471784058958292
v 0.0010853431886062026 0.011426878161728382 0.01471784058958292
v 0.0010853431886062026 0.011426878161728382 0.01471784058958292
v 0.0010853431886062026 0.011426878161728382 0.01471784058958292
v 0.0010850535472854972 0.012304970994591713 0.01482080016285181
v 0.0010850535472854972 0.012304970994591713 0.01482080016285181
v 0.0010850535472854972 0.012304970994591713 0.01482080016285181
v 0.0016054946463555098 0.010000568814575672 0.007560041267424822
v 0.0016054946463555098 0.010000568814575672 0.007560041267424822
v 0.001142270164564252 0.010001023299992085 0.015458756126463413
v 0.001142270164564252 0.010001023299992085 0.015458756126463413
v 0.001142270164564252 0.010001023299992085 0.015458756126463413
v 0.0016106909606605768 0.008765829727053642 0.005712336394935846
v 0.0016106909606605768 0.008765829727053642 0.005712336394935846
v 0.0016106909606605768 0.008765829727053642 0.005712336394935846
v 0.0016106909606605768 0.008765829727053642 0.005712336394935846
v 0.0016094718594104052 0.009414725005626678 0.006145828403532505
v 0.0016094718594104052 0.009414725005626678 0.006145828403532505
v 0.0016094718594104052 0.009414725005626678 0.006145828403532505
v 0.001607647049240768 0.009848276153206825 0.006794693414121866
v 0.001607647049240768 0.009848276153206825 0.006794693414121866
v -0.0007893381407484412 0.00961939338594675 0.005705545656383038
v -0.0007893381407484412 0.00961939338594675 0.005705545656383038
v -0.0007893381407484412 0.00961939338594675 0.005705545656383038
v -0.0007905573002062738 0.010268227197229862 0.006139036733657122
v -0.0007905573002062738 0.010268227197229862 0.006139036733657122
v 0.001209474285133183 0.010268227197229862 0.006144661456346512
v 0.001209474285133183 0.010268227197229862 0.006144661456346512
v 0.001209474285133183 0.010268227197229862 0.006144661456346512
v 0.001209474285133183 0.010268227197229862 0.006144661456346512
v 0.0012106933863833547 0.00961939338594675 0.005711170379072428
v 0.0012106933863833547 0.00961939338594675 0.005711170379072428
v 0.0012106933863833547 0.00961939338594675 0.005711170379072428
v 0.003687117714434862 0.01846175640821457 0.014097491279244423
v 0.003687117714434862 0.01846175640821457 0.014097491279244423
v 0.003687117714434862 0.01846175640821457 0.014097491279244423
v 0.001187128247693181 0.01846175640821457 0.01409046072512865
v 0.001187128247693181 0.01846175640821457 0.01409046072512865
v 0.0011884057894349098 0.01776067353785038 0.01363619975745678
v 0.0011884057894349098 0.01776067353785038 0.01363619975745678
v -0.0018116014543920755 0.01776067353785038 0.013627762906253338
v -0.0018116014543920755 0.01776067353785038 0.013627762906253338
v -0.0018116014543920755 0.01776067353785038 0.013627762906253338
v -0.0018116014543920755 0.01776067353785038 0.013627762906253338
v -0.0018116014543920755 0.01776067353785038 0.013627762906253338
v 0.001187468646094203 0.018202034756541252 0.013969426974654198
v 0.001187468646094203 0.018202034756541252 0.013969426974654198
v -0.0018125385977327824 0.018202034756541252 0.013960990123450756
v -0.0018125385977327824 0.018202034756541252 0.013960990123450756
v -0.0018125385977327824 0.018202034756541252 0.013960990123450756
v 0.0011858501238748431 0.01633439213037491 0.014544930309057236
v 0.0011858501238748431 0.01633439213037491 0.014544930309057236
v 0.0011858501238748431 0.01633439213037491 0.014544930309057236
v 0.003685839707031846 0.01633439213037491 0.014551960863173008
v 0.003685839707031846 0.01633439213037491 0.014551960863173008
v 0.003685839707031846 0.01633439213037491 0.014551960863173008
v 0.0010837236186489463 -0.013050810433924198 0.015293698757886887
v 0.0010837236186489463 -0.013050810433924198 0.015293698757886887
v 0.0010794319678097963 -0.014576612040400505 0.01681971736252308
v 0.0010794319678097963 -0.014576612040400505 0.01681971736252308
v 0.001077460590749979 -0.015030933544039726 0.017520735040307045
v 0.001077460590749979 -0.015030933544039726 0.017520735040307045
v 0.0036774701438844204 -0.015030933544039726 0.017528045922517776
v 0.0036774701438844204 -0.015030933544039726 0.017528045922517776
v 0.0036774701438844204 -0.015030933544039726 0.017528045922517776
v 0.0011834632605314255 -0.01548534445464611 0.015393659472465515
v 0.0011834632605314255 -0.01548534445464611 0.015393659472465515
v 0.0036834527272731066 -0.01548534445464611 0.015400690026581287
v 0.0036834527272731066 -0.01548534445464611 0.015400690026581287
v 0.0036834527272731066 -0.01548534445464611 0.015400690026581287
v 0.0011858450016006827 -0.016332412138581276 0.014546755701303482
v 0.0011858450016006827 -0.016332412138581276 0.014546755701303482
v 0.0036858345847576857 -0.016332412138581276 0.014553786255419254
v 0.0036858345847576857 -0.016332412138581276 0.014553786255419254
v 0.0036858345847576857 -0.016332412138581276 0.014553786255419254
v 0.0036858345847576857 -0.016332412138581276 0.014553786255419254
v 0.0036871121264994144 -0.01845978945493698 0.014099548570811749
v 0.0036871121264994144 -0.01845978945493698 0.014099548570811749
v 0.0036871121264994144 -0.01845978945493698 0.014099548570811749
v 0.001087102573364973 -0.01845978945493698 0.014092236757278442
v 0.001087102573364973 -0.01845978945493698 0.014092236757278442
v -0.0018125443020835519 -0.01820014789700508 0.013963009230792522
v -0.0018125443020835519 -0.01820014789700508 0.013963009230792522
v -0.0018125443020835519 -0.01820014789700508 0.013963009230792522
v -0.0018116070423275232 -0.017758788540959358 0.013629751279950142
v -0.0018116070423275232 -0.017758788540959358 0.013629751279950142
v -0.0018116070423275232 -0.017758788540959358 0.013629751279950142
v -0.0018116070423275232 -0.017758788540959358 0.013629751279950142
v -0.0018116070423275232 -0.017758788540959358 0.013629751279950142
v 0.0010883802315220237 -0.017758788540959358 0.01363790687173605
v 0.0010883802315220237 -0.017758788540959358 0.01363790687173605
v 0.0016054916195571423 -0.009999353438615799 0.00756113650277257
v 0.0016054916195571423 -0.009999353438615799 0.00756113650277257
v 0.0016083038644865155 -0.009731464087963104 0.006561147980391979
v 0.0016083038644865155 -0.009731464087963104 0.006561147980391979
v 0.0016083038644865155 -0.009731464087963104 0.006561147980391979
v 0.0016103626694530249 -0.008999456651508808 0.0058290655724704266
v 0.0016103626694530249 -0.008999456651508808 0.0058290655724704266
v 0.0011422670213505626 -0.009998959489166737 0.015459849499166012
v 0.0011422670213505626 -0.009998959489166737 0.015459849499166012
v 0.0011422670213505626 -0.009998959489166737 0.015459849499166012
v 0.0011422670213505626 -0.009998959489166737 0.015459849499166012
v 0.0010845365468412638 -0.010588126257061958 0.015004665590822697
v 0.0010845365468412638 -0.010588126257061958 0.015004665590822697
v 0.0010845365468412638 -0.010588126257061958 0.015004665590822697
v 0.0010845365468412638 -0.010588126257061958 0.015004665590822697
v 0.001085339579731226 -0.011424866504967213 0.014719114638864994
v 0.001085339579731226 -0.011424866504967213 0.014719114638864994
v 0.001085339579731226 -0.011424866504967213 0.014719114638864994
v 0.001085049705579877 -0.012302977964282036 0.014822188764810562
v 0.001085049705579877 -0.012302977964282036 0.014822188764810562
v 0.001085049705579877 -0.012302977964282036 0.014822188764810562
v 0.0026800965424627066 0.020030353218317032 -0.01896875724196434
v 0.0026800965424627066 0.020030353218317032 -0.01896875724196434
v 0.0026800965424627066 0.020030353218317032 -0.01896875724196434
v 0.0036800834350287914 0.020030353218317032 -0.018965944647789
v 0.0036800834350287914 0.020030353218317032 -0.018965944647789
v 0.0036800834350287914 0.020030353218317032 -0.018965944647789
v 0.002677284413948655 0.019762402400374413 -0.01796877011656761
v 0.002677284413948655 0.019762402400374413 -0.01796877011656761
v 0.002677284413948655 0.019762402400374413 -0.01796877011656761
v 0.002677284413948655 0.019762402400374413 -0.01796877011656761
v 0.00367727130651474 0.019762402400374413 -0.017965957522392273
v 0.00367727130651474 0.019762402400374413 -0.017965957522392273
v 0.00367727130651474 0.019762402400374413 -0.017965957522392273
v 0.00367727130651474 0.019762402400374413 -0.017965957522392273
v 0.002675225492566824 0.01903039589524269 -0.017236677929759026
v 0.002675225492566824 0.01903039589524269 -0.017236677929759026
v 0.002675225492566824 0.01903039589524269 -0.017236677929759026
v 0.002675225492566824 0.01903039589524269 -0.017236677929759026
v 0.002675225492566824 0.01903039589524269 -0.017236677929759026
v 0.003675212385132909 0.01903039589524269 -0.017233865335583687
v 0.003675212385132909 0.01903039589524269 -0.017233865335583687
v 0.003675212385132909 0.01903039589524269 -0.017233865335583687
v 0.003675212385132909 0.01903039589524269 -0.017233865335583687
v 0.0026744718197733164 0.018030419945716858 -0.01696869358420372
v 0.0026744718197733164 0.018030419945716858 -0.01696869358420372
v 0.0026744718197733164 0.018030419945716858 -0.01696869358420372
v 0.0026744718197733164 0.018030419945716858 -0.01696869358420372
v 0.0026744718197733164 0.018030419945716858 -0.01696869358420372
v 0.0026744718197733164 0.018030419945716858 -0.01696869358420372
v 0.0036744587123394012 0.018030419945716858 -0.01696588099002838
v 0.0036744587123394012 0.018030419945716858 -0.01696588099002838
v 0.0036744587123394012 0.018030419945716858 -0.01696588099002838
v 0.0036744587123394012 0.018030419945716858 -0.01696588099002838
v 0.0026752252597361803 0.017030417919158936 -0.01723657175898552
v 0.0026752252597361803 0.017030417919158936 -0.01723657175898552
v 0.0026752252597361803 0.017030417919158936 -0.01723657175898552
v 0.0026752252597361803 0.017030417919158936 -0.01723657175898552
v 0.0026752252597361803 0.017030417919158936 -0.01723657175898552
v 0.003675212152302265 0.017030417919158936 -0.01723376102745533
v 0.003675212152302265 0.017030417919158936 -0.01723376102745533
v 0.003675212152302265 0.017030417919158936 -0.01723376102745533
v 0.003675212152302265 0.017030417919158936 -0.01723376102745533
v 0.002677283715456724 0.016298333182930946 -0.01796857640147209
v 0.002677283715456724 0.016298333182930946 -0.01796857640147209
v 0.002677283715456724 0.016298333182930946 -0.01796857640147209
v 0.002677283715456724 0.016298333182930946 -0.01796857640147209
v 0.003677270608022809 0.016298333182930946 -0.017965763807296753
v 0.003677270608022809 0.016298333182930946 -0.017965763807296753
v 0.003677270608022809 0.016298333182930946 -0.017965763807296753
v 0.0026800960768014193 0.016030335798859596 -0.018968546763062477
v 0.0026800960768014193 0.016030335798859596 -0.018968546763062477
v 0.0026800960768014193 0.016030335798859596 -0.018968546763062477
v 0.003680082969367504 0.016030335798859596 -0.018965736031532288
v 0.003680082969367504 0.016030335798859596 -0.018965736031532288
v 0.003680082969367504 0.016030335798859596 -0.018965736031532288
v 0.0026829084381461143 0.01629822701215744 -0.01996854692697525
v 0.0026829084381461143 0.01629822701215744 -0.01996854692697525
v 0.0026829084381461143 0.01629822701215744 -0.01996854692697525
v 0.003682895330712199 0.01629822701215744 -0.01996573433279991
v 0.003682895330712199 0.01629822701215744 -0.01996573433279991
v 0.003682895330712199 0.01629822701215744 -0.01996573433279991
v 0.003682895330712199 0.01629822701215744 -0.01996573433279991
v 0.002684967126697302 0.01703023537993431 -0.02070062793791294
v 0.002684967126697302 0.01703023537993431 -0.02070062793791294
v 0.002684967126697302 0.01703023537993431 -0.02070062793791294
v 0.002684967126697302 0.01703023537993431 -0.02070062793791294
v 0.002684967126697302 0.01703023537993431 -0.02070062793791294
v 0.0036849540192633867 0.01703023537993431 -0.020697815343737602
v 0.0036849540192633867 0.01703023537993431 -0.020697815343737602
v 0.0036849540192633867 0.01703023537993431 -0.020697815343737602
v 0.0036849540192633867 0.01703023537993431 -0.020697815343737602
v 0.002685721032321453 0.018030211329460144 -0.020968683063983917
v 0.002685721032321453 0.018030211329460144 -0.020968683063983917
v 0.002685721032321453 0.018030211329460144 -0.020968683063983917
v 0.002685721032321453 0.018030211329460144 -0.020968683063983917
v 0.002685721032321453 0.018030211329460144 -0.020968683063983917
v 0.003685707924887538 0.018030211329460144 -0.02096587046980858
v 0.003685707924887538 0.018030211329460144 -0.02096587046980858
v 0.003685707924887538 0.018030211329460144 -0.02096587046980858
v 0.003685707924887538 0.018030211329460144 -0.02096587046980858
v 0.0026849673595279455 0.019030213356018066 -0.020700734108686447
v 0.0026849673595279455 0.019030213356018066 -0.020700734108686447
v 0.0026849673595279455 0.019030213356018066 -0.020700734108686447
v 0.0026849673595279455 0.019030213356018066 -0.020700734108686447
v 0.0026849673595279455 0.019030213356018066 -0.020700734108686447
v 0.0026849673595279455 0.019030213356018066 -0.020700734108686447
v 0.0036849542520940304 0.019030213356018066 -0.02069792151451111
v 0.0036849542520940304 0.019030213356018066 -0.02069792151451111
v 0.0036849542520940304 0.019030213356018066 -0.02069792151451111
v 0.0036849542520940304 0.019030213356018066 -0.02069792151451111
v 0.0026829089038074017 0.019762298092246056 -0.019968731328845024
v 0.0026829089038074017 0.019762298092246056 -0.019968731328845024
v 0.0026829089038074017 0.019762298092246056 -0.019968731328845024
v 0.0026829089038074017 0.019762298092246056 -0.019968731328845024
v 0.0026829089038074017 0.019762298092246056 -0.019968731328845024
v 0.0036828957963734865 0.019762298092246056 -0.019965918734669685
v 0.0036828957963734865 0.019762298092246056 -0.019965918734669685
v 0.0036828957963734865 0.019762298092246056 -0.019965918734669685
v 0.002680090954527259 -0.016032088547945023 -0.018966766074299812
v 0.002680090954527259 -0.016032088547945023 -0.018966766074299812
v 0.002680090954527259 -0.016032088547945023 -0.018966766074299812
v 0.002680090954527259 -0.016032088547945023 -0.018966766074299812
v 0.0036800778470933437 -0.016032088547945023 -0.018963953480124474
v 0.0036800778470933437 -0.016032088547945023 -0.018963953480124474
v 0.0036800778470933437 -0.016032088547945023 -0.018963953480124474
v 0.0026772785931825638 -0.01629996858537197 -0.01796676777303219
v 0.0026772785931825638 -0.01629996858537197 -0.01796676777303219
v 0.0026772785931825638 -0.01629996858537197 -0.01796676777303219
v 0.0036772657185792923 -0.01629996858537197 -0.01796395517885685
v 0.0036772657185792923 -0.01629996858537197 -0.01796395517885685
v 0.0036772657185792923 -0.01629996858537197 -0.01796395517885685
v 0.0036772657185792923 -0.01629996858537197 -0.01796395517885685
v 0.0026752199046313763 -0.017031973227858543 -0.01723468489944935
v 0.0026752199046313763 -0.017031973227858543 -0.01723468489944935
v 0.0026752199046313763 -0.017031973227858543 -0.01723468489944935
v 0.0026752199046313763 -0.017031973227858543 -0.01723468489944935
v 0.0026752199046313763 -0.017031973227858543 -0.01723468489944935
v 0.003675206797197461 -0.017031973227858543 -0.01723187416791916
v 0.003675206797197461 -0.017031973227858543 -0.01723187416791916
v 0.003675206797197461 -0.017031973227858543 -0.01723187416791916
v 0.003675206797197461 -0.017031973227858543 -0.01723187416791916
v 0.0026744662318378687 -0.018031949177384377 -0.016966689378023148
v 0.0026744662318378687 -0.018031949177384377 -0.016966689378023148
v 0.0026744662318378687 -0.018031949177384377 -0.016966689378023148
v 0.0026744662318378687 -0.018031949177384377 -0.016966689378023148
v 0.0026744662318378687 -0.018031949177384377 -0.016966689378023148
v 0.0036744531244039536 -0.018031949177384377 -0.016963878646492958
v 0.0036744531244039536 -0.018031949177384377 -0.016963878646492958
v 0.0036744531244039536 -0.018031949177384377 -0.016963878646492958
v 0.0036744531244039536 -0.018031949177384377 -0.016963878646492958
v 0.0026752196718007326 -0.019031953066587448 -0.01723458059132099
v 0.0026752196718007326 -0.019031953066587448 -0.01723458059132099
v 0.0026752196718007326 -0.019031953066587448 -0.01723458059132099
v 0.0026752196718007326 -0.019031953066587448 -0.01723458059132099
v 0.0026752196718007326 -0.019031953066587448 -0.01723458059132099
v 0.0026752196718007326 -0.019031953066587448 -0.01723458059132099
v 0.0036752065643668175 -0.019031953066587448 -0.017231767997145653
v 0.0036752065643668175 -0.019031953066587448 -0.017231767997145653
v 0.0036752065643668175 -0.019031953066587448 -0.017231767997145653
v 0.0036752065643668175 -0.019031953066587448 -0.017231767997145653
v 0.0026772781275212765 -0.019764037802815437 -0.017966585233807564
v 0.0026772781275212765 -0.019764037802815437 -0.017966585233807564
v 0.0026772781275212765 -0.019764037802815437 -0.017966585233807564
v 0.0026772781275212765 -0.019764037802815437 -0.017966585233807564
v 0.0026772781275212765 -0.019764037802815437 -0.017966585233807564
v 0.0026772781275212765 -0.019764037802815437 -0.017966585233807564
v 0.0036772650200873613 -0.019764037802815437 -0.017963772639632225
v 0.0036772650200873613 -0.019764037802815437 -0.017963772639632225
v 0.0036772650200873613 -0.019764037802815437 -0.017963772639632225
v 0.0036772650200873613 -0.019764037802815437 -0.017963772639632225
v 0.0026800904888659716 -0.020032092928886414 -0.0189665574580431
v 0.0026800904888659716 -0.020032092928886414 -0.0189665574580431
v 0.0026800904888659716 -0.020032092928886414 -0.0189665574580431
v 0.0026800904888659716 -0.020032092928886414 -0.0189665574580431
v 0.0026800904888659716 -0.020032092928886414 -0.0189665574580431
v 0.0036800773814320564 -0.020032092928886414 -0.01896374486386776
v 0.0036800773814320564 -0.020032092928886414 -0.01896374486386776
v 0.0036800773814320564 -0.020032092928886414 -0.01896374486386776
v 0.0036800773814320564 -0.020032092928886414 -0.01896374486386776
v 0.002682902617380023 -0.01976420357823372 -0.019966555759310722
v 0.002682902617380023 -0.01976420357823372 -0.019966555759310722
v 0.002682902617380023 -0.01976420357823372 -0.019966555759310722
v 0.002682902617380023 -0.01976420357823372 -0.019966555759310722
v 0.003682889509946108 -0.01976420357823372 -0.019963745027780533
v 0.003682889509946108 -0.01976420357823372 -0.019963745027780533
v 0.003682889509946108 -0.01976420357823372 -0.019963745027780533
v 0.003682889509946108 -0.01976420357823372 -0.019963745027780533
v 0.002684961538761854 -0.019032137468457222 -0.020698636770248413
v 0.002684961538761854 -0.019032137468457222 -0.020698636770248413
v 0.002684961538761854 -0.019032137468457222 -0.020698636770248413
v 0.002684961538761854 -0.019032137468457222 -0.020698636770248413
v 0.002684961538761854 -0.019032137468457222 -0.020698636770248413
v 0.002684961538761854 -0.019032137468457222 -0.020698636770248413
v 0.003684948431327939 -0.019032137468457222 -0.020695826038718224
v 0.003684948431327939 -0.019032137468457222 -0.020695826038718224
v 0.003684948431327939 -0.019032137468457222 -0.020695826038718224
v 0.003684948431327939 -0.019032137468457222 -0.020695826038718224
v 0.0026857152115553617 -0.01803216151893139 -0.020966630429029465
v 0.0026857152115553617 -0.01803216151893139 -0.020966630429029465
v 0.0026857152115553617 -0.01803216151893139 -0.020966630429029465
v 0.0026857152115553617 -0.01803216151893139 -0.020966630429029465
v 0.0026857152115553617 -0.01803216151893139 -0.020966630429029465
v 0.0026857152115553617 -0.01803216151893139 -0.020966630429029465
v 0.0036857021041214466 -0.01803216151893139 -0.020963819697499275
v 0.0036857021041214466 -0.01803216151893139 -0.020963819697499275
v 0.0036857021041214466 -0.01803216151893139 -0.020963819697499275
v 0.0036857021041214466 -0.01803216151893139 -0.020963819697499275
v 0.002684961771592498 -0.017032168805599213 -0.02069874107837677
v 0.002684961771592498 -0.017032168805599213 -0.02069874107837677
v 0.002684961771592498 -0.017032168805599213 -0.02069874107837677
v 0.002684961771592498 -0.017032168805599213 -0.02069874107837677
v 0.002684961771592498 -0.017032168805599213 -0.02069874107837677
v 0.0036849486641585827 -0.017032168805599213 -0.02069592848420143
v 0.0036849486641585827 -0.017032168805599213 -0.02069592848420143
v 0.0036849486641585827 -0.017032168805599213 -0.02069592848420143
v 0.0036849486641585827 -0.017032168805599213 -0.02069592848420143
v 0.002682903315871954 -0.016300072893500328 -0.019966738298535347
v 0.002682903315871954 -0.016300072893500328 -0.019966738298535347
v 0.002682903315871954 -0.016300072893500328 -0.019966738298535347
v 0.002682903315871954 -0.016300072893500328 -0.019966738298535347
v 0.003682890208438039 -0.016300072893500328 -0.019963925704360008
v 0.003682890208438039 -0.016300072893500328 -0.019963925704360008
v 0.003682890208438039 -0.016300072893500328 -0.019963925704360008
v 0.003682890208438039 -0.016300072893500328 -0.019963925704360008
v 0.0025786729529500008 -0.01603008434176445 0.01709546148777008
v 0.0025786729529500008 -0.01603008434176445 0.01709546148777008
v 0.0025786729529500008 -0.01603008434176445 0.01709546148777008
v 0.0025786729529500008 -0.01603008434176445 0.01709546148777008
v 0.0035786598455160856 -0.01603008434176445 0.01709827408194542
v 0.0035786598455160856 -0.01603008434176445 0.01709827408194542
v 0.0035786598455160856 -0.01603008434176445 0.01709827408194542
v 0.0025758605916053057 -0.016297975555062294 0.018095459789037704
v 0.0025758605916053057 -0.016297975555062294 0.018095459789037704
v 0.0025758605916053057 -0.016297975555062294 0.018095459789037704
v 0.0035758474841713905 -0.016297975555062294 0.018098272383213043
v 0.0035758474841713905 -0.016297975555062294 0.018098272383213043
v 0.0035758474841713905 -0.016297975555062294 0.018098272383213043
v 0.0035758474841713905 -0.016297975555062294 0.018098272383213043
v 0.002573801903054118 -0.017029983922839165 0.018827542662620544
v 0.002573801903054118 -0.017029983922839165 0.018827542662620544
v 0.002573801903054118 -0.017029983922839165 0.018827542662620544
v 0.002573801903054118 -0.017029983922839165 0.018827542662620544
v 0.002573801903054118 -0.017029983922839165 0.018827542662620544
v 0.003573788795620203 -0.017029983922839165 0.018830353394150734
v 0.003573788795620203 -0.017029983922839165 0.018830353394150734
v 0.003573788795620203 -0.017029983922839165 0.018830353394150734
v 0.003573788795620203 -0.017029983922839165 0.018830353394150734
v 0.002573047997429967 -0.018029959872364998 0.01909559778869152
v 0.002573047997429967 -0.018029959872364998 0.01909559778869152
v 0.002573047997429967 -0.018029959872364998 0.01909559778869152
v 0.002573047997429967 -0.018029959872364998 0.01909559778869152
v 0.002573047997429967 -0.018029959872364998 0.01909559778869152
v 0.003573034889996052 -0.018029959872364998 0.01909840852022171
v 0.003573034889996052 -0.018029959872364998 0.01909840852022171
v 0.003573034889996052 -0.018029959872364998 0.01909840852022171
v 0.003573034889996052 -0.018029959872364998 0.01909840852022171
v 0.002573801437392831 -0.01902996189892292 0.0188276469707489
v 0.002573801437392831 -0.01902996189892292 0.0188276469707489
v 0.002573801437392831 -0.01902996189892292 0.0188276469707489
v 0.002573801437392831 -0.01902996189892292 0.0188276469707489
v 0.002573801437392831 -0.01902996189892292 0.0188276469707489
v 0.002573801437392831 -0.01902996189892292 0.0188276469707489
v 0.0035737883299589157 -0.01902996189892292 0.01883045956492424
v 0.0035737883299589157 -0.01902996189892292 0.01883045956492424
v 0.0035737883299589157 -0.01902996189892292 0.01883045956492424
v 0.0035737883299589157 -0.01902996189892292 0.01883045956492424
v 0.0025758601259440184 -0.01976204663515091 0.01809564419090748
v 0.0025758601259440184 -0.01976204663515091 0.01809564419090748
v 0.0025758601259440184 -0.01976204663515091 0.01809564419090748
v 0.0025758601259440184 -0.01976204663515091 0.01809564419090748
v 0.0025758601259440184 -0.01976204663515091 0.01809564419090748
v 0.0035758470185101032 -0.01976204663515091 0.018098456785082817
v 0.0035758470185101032 -0.01976204663515091 0.018098456785082817
v 0.0035758470185101032 -0.01976204663515091 0.018098456785082817
v 0.0035758470185101032 -0.01976204663515091 0.018098456785082817
v 0.00257867225445807 -0.020030101761221886 0.017095671966671944
v 0.00257867225445807 -0.020030101761221886 0.017095671966671944
v 0.00257867225445807 -0.020030101761221886 0.017095671966671944
v 0.00257867225445807 -0.020030101761221886 0.017095671966671944
v 0.00257867225445807 -0.020030101761221886 0.017095671966671944
v 0.00257867225445807 -0.020030101761221886 0.017095671966671944
v 0.0035786591470241547 -0.020030101761221886 0.017098482698202133
v 0.0035786591470241547 -0.020030101761221886 0.017098482698202133
v 0.0035786591470241547 -0.020030101761221886 0.017098482698202133
v 0.0035786591470241547 -0.020030101761221886 0.017098482698202133
v 0.002581484615802765 -0.019762150943279266 0.016095682978630066
v 0.002581484615802765 -0.019762150943279266 0.016095682978630066
v 0.002581484615802765 -0.019762150943279266 0.016095682978630066
v 0.002581484615802765 -0.019762150943279266 0.016095682978630066
v 0.002581484615802765 -0.019762150943279266 0.016095682978630066
v 0.002581484615802765 -0.019762150943279266 0.016095682978630066
v 0.0035814715083688498 -0.019762150943279266 0.016098495572805405
v 0.0035814715083688498 -0.019762150943279266 0.016098495572805405
v 0.0035814715083688498 -0.019762150943279266 0.016098495572805405
v 0.0035814715083688498 -0.019762150943279266 0.016098495572805405
v 0.002583543537184596 -0.019030144438147545 0.015363591723144054
v 0.002583543537184596 -0.019030144438147545 0.015363591723144054
v 0.002583543537184596 -0.019030144438147545 0.015363591723144054
v 0.002583543537184596 -0.019030144438147545 0.015363591723144054
v 0.002583543537184596 -0.019030144438147545 0.015363591723144054
v 0.003583530429750681 -0.019030144438147545 0.015366404317319393
v 0.003583530429750681 -0.019030144438147545 0.015366404317319393
v 0.003583530429750681 -0.019030144438147545 0.015366404317319393
v 0.003583530429750681 -0.019030144438147545 0.015366404317319393
v 0.0025842972099781036 -0.01803016848862171 0.015095607377588749
v 0.0025842972099781036 -0.01803016848862171 0.015095607377588749
v 0.0025842972099781036 -0.01803016848862171 0.015095607377588749
v 0.0025842972099781036 -0.01803016848862171 0.015095607377588749
v 0.0025842972099781036 -0.01803016848862171 0.015095607377588749
v 0.0025842972099781036 -0.01803016848862171 0.015095607377588749
v 0.0035842841025441885 -0.01803016848862171 0.015098419971764088
v 0.0035842841025441885 -0.01803016848862171 0.015098419971764088
v 0.0035842841025441885 -0.01803016848862171 0.015098419971764088
v 0.0035842841025441885 -0.01803016848862171 0.015098419971764088
v 0.0025835437700152397 -0.01703016646206379 0.015363486483693123
v 0.0025835437700152397 -0.01703016646206379 0.015363486483693123
v 0.0025835437700152397 -0.01703016646206379 0.015363486483693123
v 0.0025835437700152397 -0.01703016646206379 0.015363486483693123
v 0.0025835437700152397 -0.01703016646206379 0.015363486483693123
v 0.0025835437700152397 -0.01703016646206379 0.015363486483693123
v 0.0035835306625813246 -0.01703016646206379 0.015366298146545887
v 0.0035835306625813246 -0.01703016646206379 0.015366298146545887
v 0.0035835306625813246 -0.01703016646206379 0.015366298146545887
v 0.0035835306625813246 -0.01703016646206379 0.015366298146545887
v 0.002581485081464052 -0.0162980817258358 0.016095489263534546
v 0.002581485081464052 -0.0162980817258358 0.016095489263534546
v 0.002581485081464052 -0.0162980817258358 0.016095489263534546
v 0.002581485081464052 -0.0162980817258358 0.016095489263534546
v 0.002581485081464052 -0.0162980817258358 0.016095489263534546
v 0.003581471974030137 -0.0162980817258358 0.016098301857709885
v 0.003581471974030137 -0.0162980817258358 0.016098301857709885
v 0.003581471974030137 -0.0162980817258358 0.016098301857709885
v 0.003581471974030137 -0.0162980817258358 0.016098301857709885
v 0.0025786785408854485 0.02003234438598156 0.017093472182750702
v 0.0025786785408854485 0.02003234438598156 0.017093472182750702
v 0.0025786785408854485 0.02003234438598156 0.017093472182750702
v 0.0025786785408854485 0.02003234438598156 0.017093472182750702
v 0.0025786785408854485 0.02003234438598156 0.017093472182750702
v 0.0035786654334515333 0.02003234438598156 0.01709628291428089
v 0.0035786654334515333 0.02003234438598156 0.01709628291428089
v 0.0035786654334515333 0.02003234438598156 0.01709628291428089
v 0.0035786654334515333 0.02003234438598156 0.01709628291428089
v 0.0025758661795407534 0.019764455035328865 0.018093470484018326
v 0.0025758661795407534 0.019764455035328865 0.018093470484018326
v 0.0025758661795407534 0.019764455035328865 0.018093470484018326
v 0.0025758661795407534 0.019764455035328865 0.018093470484018326
v 0.0025758661795407534 0.019764455035328865 0.018093470484018326
v 0.0025758661795407534 0.019764455035328865 0.018093470484018326
v 0.0035758530721068382 0.019764455035328865 0.018096283078193665
v 0.0035758530721068382 0.019764455035328865 0.018096283078193665
v 0.0035758530721068382 0.019764455035328865 0.018096283078193665
v 0.0035758530721068382 0.019764455035328865 0.018096283078193665
v 0.002573807490989566 0.019032388925552368 0.018825551494956017
v 0.002573807490989566 0.019032388925552368 0.018825551494956017
v 0.002573807490989566 0.019032388925552368 0.018825551494956017
v 0.002573807490989566 0.019032388925552368 0.018825551494956017
v 0.002573807490989566 0.019032388925552368 0.018825551494956017
v 0.002573807490989566 0.019032388925552368 0.018825551494956017
v 0.0035737943835556507 0.019032388925552368 0.018828364089131355
v 0.0035737943835556507 0.019032388925552368 0.018828364089131355
v 0.0035737943835556507 0.019032388925552368 0.018828364089131355
v 0.0035737943835556507 0.019032388925552368 0.018828364089131355
v 0.0025730538181960583 0.018032412976026535 0.019093545153737068
v 0.0025730538181960583 0.018032412976026535 0.019093545153737068
v 0.0025730538181960583 0.018032412976026535 0.019093545153737068
v 0.0025730538181960583 0.018032412976026535 0.019093545153737068
v 0.0025730538181960583 0.018032412976026535 0.019093545153737068
v 0.0025730538181960583 0.018032412976026535 0.019093545153737068
v 0.003573040710762143 0.018032412976026535 0.019096357747912407
v 0.003573040710762143 0.018032412976026535 0.019096357747912407
v 0.003573040710762143 0.018032412976026535 0.019096357747912407
v 0.003573040710762143 0.018032412976026535 0.019096357747912407
v 0.0025738070253282785 0.01703242026269436 0.018825655803084373
v 0.0025738070253282785 0.01703242026269436 0.018825655803084373
v 0.0025738070253282785 0.01703242026269436 0.018825655803084373
v 0.0025738070253282785 0.01703242026269436 0.018825655803084373
v 0.0025738070253282785 0.01703242026269436 0.018825655803084373
v 0.0025738070253282785 0.01703242026269436 0.018825655803084373
v 0.0035737939178943634 0.01703242026269436 0.018828466534614563
v 0.0035737939178943634 0.01703242026269436 0.018828466534614563
v 0.0035737939178943634 0.01703242026269436 0.018828466534614563
v 0.0035737939178943634 0.01703242026269436 0.018828466534614563
v 0.002575865713879466 0.016300324350595474 0.0180936511605978
v 0.002575865713879466 0.016300324350595474 0.0180936511605978
v 0.002575865713879466 0.016300324350595474 0.0180936511605978
v 0.002575865713879466 0.016300324350595474 0.0180936511605978
v 0.002575865713879466 0.016300324350595474 0.0180936511605978
v 0.003575852606445551 0.016300324350595474 0.01809646375477314
v 0.003575852606445551 0.016300324350595474 0.01809646375477314
v 0.003575852606445551 0.016300324350595474 0.01809646375477314
v 0.003575852606445551 0.016300324350595474 0.01809646375477314
v 0.002578678075224161 0.01603234000504017 0.017093680799007416
v 0.002578678075224161 0.01603234000504017 0.017093680799007416
v 0.002578678075224161 0.01603234000504017 0.017093680799007416
v 0.002578678075224161 0.01603234000504017 0.017093680799007416
v 0.003578664967790246 0.01603234000504017 0.017096491530537605
v 0.003578664967790246 0.01603234000504017 0.017096491530537605
v 0.003578664967790246 0.01603234000504017 0.017096491530537605
v 0.0025814902037382126 0.016300220042467117 0.016093680635094643
v 0.0025814902037382126 0.016300220042467117 0.016093680635094643
v 0.0025814902037382126 0.016300220042467117 0.016093680635094643
v 0.0035814770963042974 0.016300220042467117 0.01609649322926998
v 0.0035814770963042974 0.016300220042467117 0.01609649322926998
v 0.0035814770963042974 0.016300220042467117 0.01609649322926998
v 0.0035814770963042974 0.016300220042467117 0.01609649322926998
v 0.0025835491251200438 0.01703222468495369 0.015361598692834377
v 0.0025835491251200438 0.01703222468495369 0.015361598692834377
v 0.0025835491251200438 0.01703222468495369 0.015361598692834377
v 0.0025835491251200438 0.01703222468495369 0.015361598692834377
v 0.0025835491251200438 0.01703222468495369 0.015361598692834377
v 0.0035835360176861286 0.01703222468495369 0.015364411287009716
v 0.0035835360176861286 0.01703222468495369 0.015364411287009716
v 0.0035835360176861286 0.01703222468495369 0.015364411287009716
v 0.0035835360176861286 0.01703222468495369 0.015364411287009716
v 0.0025843027979135513 0.018032200634479523 0.015093603171408176
v 0.0025843027979135513 0.018032200634479523 0.015093603171408176
v 0.0025843027979135513 0.018032200634479523 0.015093603171408176
v 0.0025843027979135513 0.018032200634479523 0.015093603171408176
v 0.003584289690479636 0.018032200634479523 0.015096415765583515
v 0.003584289690479636 0.018032200634479523 0.015096415765583515
v 0.003584289690479636 0.018032200634479523 0.015096415765583515
v 0.0025835493579506874 0.019032204523682594 0.015361493453383446
v 0.0025835493579506874 0.019032204523682594 0.015361493453383446
v 0.0025835493579506874 0.019032204523682594 0.015361493453383446
v 0.0025835493579506874 0.019032204523682594 0.015361493453383446
v 0.0035835362505167723 0.019032204523682594 0.015364306047558784
v 0.0035835362505167723 0.019032204523682594 0.015364306047558784
v 0.0035835362505167723 0.019032204523682594 0.015364306047558784
v 0.0035835362505167723 0.019032204523682594 0.015364306047558784
v 0.0025814906693995 0.019764289259910583 0.016093498095870018
v 0.0025814906693995 0.019764289259910583 0.016093498095870018
v 0.0025814906693995 0.019764289259910583 0.016093498095870018
v 0.0025814906693995 0.019764289259910583 0.016093498095870018
v 0.0025814906693995 0.019764289259910583 0.016093498095870018
v 0.0035814775619655848 0.019764289259910583 0.016096310690045357
v 0.0035814775619655848 0.019764289259910583 0.016096310690045357
v 0.0035814775619655848 0.019764289259910583 0.016096310690045357
v 0.0035814775619655848 0.019764289259910583 0.016096310690045357
v -0.00025035213911905885 0.026799401268363 -0.008146105334162712
v -0.00025035213911905885 0.026799401268363 -0.008146105334162712
v -0.00025035213911905885 0.026799401268363 -0.008146105334162712
v -0.00025035213911905885 0.026799401268363 -0.008146105334162712
v -0.00025035213911905885 0.026799401268363 -0.008146105334162712
v -0.00025035213911905885 0.026799401268363 -0.008146105334162712
v 0.0037496420554816723 0.026799401268363 -0.008134856820106506
v 0.0037496420554816723 0.026799401268363 -0.008134856820106506
v 0.0037496420554816723 0.026799401268363 -0.008134856820106506
v -0.00025035213911905885 0.02602202259004116 -0.008146106265485287
v -0.00025035213911905885 0.02602202259004116 -0.008146106265485287
v -0.00025035213911905885 0.02602202259004116 -0.008146106265485287
v -0.00025035213911905885 0.02602202259004116 -0.008146106265485287
v -0.00025035213911905885 0.02602202259004116 -0.008146106265485287
v -0.00025035213911905885 0.02602202259004116 -0.008146106265485287
v -0.00025035213911905885 0.02602202259004116 -0.008146106265485287
v -0.00025035213911905885 0.02602202259004116 -0.008146106265485287
v 0.0037771486677229404 0.019849035888910294 -0.017915692180395126
v 0.0037771486677229404 0.019849035888910294 -0.017915692180395126
v 0.0037749868351966143 0.019080448895692825 -0.017146974802017212
v 0.0037749868351966143 0.019080448895692825 -0.017146974802017212
v 0.0037749868351966143 0.019080448895692825 -0.017146974802017212
v 0.0037749868351966143 0.019080448895692825 -0.017146974802017212
v 0.0037749868351966143 0.019080448895692825 -0.017146974802017212
v 0.0037741954438388348 0.01803044229745865 -0.0168655626475811
v 0.0037741954438388348 0.01803044229745865 -0.0168655626475811
v 0.0037741954438388348 0.01803044229745865 -0.0168655626475811
v 0.0037741954438388348 0.01803044229745865 -0.0168655626475811
v 0.0037741954438388348 0.01803044229745865 -0.0168655626475811
v 0.0037741954438388348 0.01803044229745865 -0.0168655626475811
v 0.0037749866023659706 0.016980433836579323 -0.01714685745537281
v 0.0037749866023659706 0.016980433836579323 -0.01714685745537281
v 0.0037749866023659706 0.016980433836579323 -0.01714685745537281
v 0.003777148202061653 0.016211723908782005 -0.01791548915207386
v 0.003777148202061653 0.016211723908782005 -0.01791548915207386
v 0.003777148202061653 0.016211723908782005 -0.01791548915207386
v 0.003777148202061653 0.016211723908782005 -0.01791548915207386
v 0.003777148202061653 0.016211723908782005 -0.01791548915207386
v 0.0037801009602844715 0.015930308029055595 -0.01896544173359871
v 0.0037801009602844715 0.015930308029055595 -0.01896544173359871
v 0.0037830539513379335 0.016211597248911858 -0.020015496760606766
v 0.0037830539513379335 0.016211597248911858 -0.020015496760606766
v 0.0037830539513379335 0.016211597248911858 -0.020015496760606766
v 0.0037852157838642597 0.016980238258838654 -0.02078414335846901
v 0.0037852157838642597 0.016980238258838654 -0.02078414335846901
v 0.0037860071752220392 0.018030187115073204 -0.021065568551421165
v 0.0037860071752220392 0.018030187115073204 -0.021065568551421165
v 0.0037860071752220392 0.018030187115073204 -0.021065568551421165
v 0.0037860071752220392 0.018030187115073204 -0.021065568551421165
v 0.0037852160166949034 0.01908019557595253 -0.020784271880984306
v 0.0037852160166949034 0.01908019557595253 -0.020784271880984306
v 0.0037852160166949034 0.01908019557595253 -0.020784271880984306
v 0.0037830546498298645 0.019848907366394997 -0.020015690475702286
v 0.0037830546498298645 0.019848907366394997 -0.020015690475702286
v 0.0037830546498298645 0.019848907366394997 -0.020015690475702286
v 0.0037801016587764025 0.020130321383476257 -0.018965687602758408
v 0.0037801016587764025 0.020130321383476257 -0.018965687602758408
v 0.0037801016587764025 0.020130321383476257 -0.018965687602758408
v -0.0017503548879176378 0.02602202259004116 -0.008150325156748295
v -0.0017503548879176378 0.02602202259004116 -0.008150325156748295
v -0.0017503548879176378 0.02602202259004116 -0.008150325156748295
v -0.0017503548879176378 0.02602202259004116 -0.008150325156748295
v -0.0017503548879176378 0.02602202259004116 -0.008150325156748295
v -0.0017503548879176378 0.02602202259004116 -0.008150325156748295
v -0.0017503548879176378 0.02602202259004116 -0.008150325156748295
v -0.0017503548879176378 0.02602202259004116 -0.008150325156748295
v -0.0017390197608619928 0.024552928283810616 -0.012180843390524387
v -0.0017390197608619928 0.024552928283810616 -0.012180843390524387
v -0.0017390197608619928 0.024552928283810616 -0.012180843390524387
v -0.0017390197608619928 0.024552928283810616 -0.012180843390524387
v -0.0017284819623455405 0.022464033216238022 -0.015927858650684357
v -0.0017284819623455405 0.022464033216238022 -0.015927858650684357
v 0.0037715148646384478 0.022464033216238022 -0.015912391245365143
v 0.0037715148646384478 0.022464033216238022 -0.015912391245365143
v 0.0037715148646384478 0.022464033216238022 -0.015912391245365143
v 0.0037609771825373173 0.024552928283810616 -0.012165375053882599
v 0.0037609771825373173 0.024552928283810616 -0.012165375053882599
v 0.0037609771825373173 0.024552928283810616 -0.012165375053882599
v -0.0017259892774745822 0.02067246101796627 -0.016814226284623146
v -0.0017259892774745822 0.02067246101796627 -0.016814226284623146
v -0.0017259892774745822 0.02067246101796627 -0.016814226284623146
v 0.003774007549509406 0.02067246101796627 -0.016798758879303932
v 0.003774007549509406 0.02067246101796627 -0.016798758879303932
v 0.003774007549509406 0.02067246101796627 -0.016798758879303932
v 0.003774007549509406 0.02067246101796627 -0.016798758879303932
v 0.003774007549509406 0.02067246101796627 -0.016798758879303932
v -0.001726561225950718 0.02168690413236618 -0.01661086454987526
v -0.001726561225950718 0.02168690413236618 -0.01661086454987526
v -0.001726561225950718 0.02168690413236618 -0.01661086454987526
v -0.001726561225950718 0.02168690413236618 -0.01661086454987526
v -0.001726561225950718 0.02168690413236618 -0.01661086454987526
v 0.003773435717448592 0.02168690413236618 -0.016595397144556046
v 0.003773435717448592 0.02168690413236618 -0.016595397144556046
v 0.003773435717448592 0.02168690413236618 -0.016595397144556046
v 0.003773435717448592 0.02168690413236618 -0.016595397144556046
v -0.0009415788808837533 -0.004101396072655916 -0.029048949480056763
v -0.0009415788808837533 -0.004101396072655916 -0.029048949480056763
v -0.0009415788808837533 -0.004101396072655916 -0.029048949480056763
v -0.0009415788808837533 -0.004101396072655916 -0.029048949480056763
v -0.0009415788808837533 -0.004101396072655916 -0.029048949480056763
v -0.0009415788808837533 -0.004101396072655916 -0.029048949480056763
v -0.000940741621889174 -1.4475098168986733e-06 -0.029346654191613197
v -0.000940741621889174 -1.4475098168986733e-06 -0.029346654191613197
v -0.000940741621889174 -1.4475098168986733e-06 -0.029346654191613197
v -0.0009415776003152132 0.004098512697964907 -0.029049403965473175
v -0.0009415776003152132 0.004098512697964907 -0.029049403965473175
v -0.0009415776003152132 0.004098512697964907 -0.029049403965473175
v -0.0009415776003152132 0.004098512697964907 -0.029049403965473175
v 0.0037771430797874928 -0.016213346272706985 -0.017913691699504852
v 0.0037771430797874928 -0.016213346272706985 -0.017913691699504852
v 0.0037771430797874928 -0.016213346272706985 -0.017913691699504852
v 0.0037771430797874928 -0.016213346272706985 -0.017913691699504852
v 0.0037749812472611666 -0.016981979832053185 -0.017144983634352684
v 0.0037749812472611666 -0.016981979832053185 -0.017144983634352684
v 0.0037749812472611666 -0.016981979832053185 -0.017144983634352684
v 0.0037749812472611666 -0.016981979832053185 -0.017144983634352684
v 0.0037749812472611666 -0.016981979832053185 -0.017144983634352684
v 0.003774189855903387 -0.01803193800151348 -0.016863569617271423
v 0.003774189855903387 -0.01803193800151348 -0.016863569617271423
v 0.003774189855903387 -0.01803193800151348 -0.016863569617271423
v 0.003774189855903387 -0.01803193800151348 -0.016863569617271423
v 0.003774189855903387 -0.01803193800151348 -0.016863569617271423
v 0.003774981014430523 -0.019081996753811836 -0.017144856974482536
v 0.003774981014430523 -0.019081996753811836 -0.017144856974482536
v 0.003774981014430523 -0.019081996753811836 -0.017144856974482536
v 0.003774981014430523 -0.019081996753811836 -0.017144856974482536
v 0.0037771426141262054 -0.01985064707696438 -0.017913496121764183
v 0.0037771426141262054 -0.01985064707696438 -0.017913496121764183
v 0.0037771426141262054 -0.01985064707696438 -0.017913496121764183
v 0.0037771426141262054 -0.01985064707696438 -0.017913496121764183
v 0.003780095372349024 -0.020132072269916534 -0.018963439390063286
v 0.003780095372349024 -0.020132072269916534 -0.018963439390063286
v 0.003780095372349024 -0.020132072269916534 -0.018963439390063286
v 0.003783048363402486 -0.019850773736834526 -0.020013494417071342
v 0.003783048363402486 -0.019850773736834526 -0.020013494417071342
v 0.003783048363402486 -0.019850773736834526 -0.020013494417071342
v 0.003783048363402486 -0.019850773736834526 -0.020013494417071342
v 0.003785210195928812 -0.019082190468907356 -0.02078215405344963
v 0.003785210195928812 -0.019082190468907356 -0.02078215405344963
v 0.003785210195928812 -0.019082190468907356 -0.02078215405344963
v 0.0037860015872865915 -0.01803218200802803 -0.021063566207885742
v 0.0037860015872865915 -0.01803218200802803 -0.021063566207885742
v 0.0037860015872865915 -0.01803218200802803 -0.021063566207885742
v 0.0037860015872865915 -0.01803218200802803 -0.021063566207885742
v 0.0037852104287594557 -0.0169821847230196 -0.02078228071331978
v 0.0037852104287594557 -0.0169821847230196 -0.02078228071331978
v 0.0037852104287594557 -0.0169821847230196 -0.02078228071331978
v 0.003783049061894417 -0.016213463619351387 -0.02001369744539261
v 0.003783049061894417 -0.016213463619351387 -0.02001369744539261
v 0.0037800960708409548 -0.015932049602270126 -0.01896369457244873
v 0.0037800960708409548 -0.015932049602270126 -0.01896369457244873
v 0.0037800960708409548 -0.015932049602270126 -0.01896369457244873
v 0.0037800960708409548 -0.015932049602270126 -0.01896369457244873
v 0.0037800960708409548 -0.015932049602270126 -0.01896369457244873
v 0.0037800960708409548 -0.015932049602270126 -0.01896369457244873
v 0.0038044413086026907 0.004098616074770689 -0.027620427310466766
v 0.0038044413086026907 0.004098616074770689 -0.027620427310466766
v 0.0038044413086026907 0.004098616074770689 -0.027620427310466766
v 0.0038044413086026907 0.004098616074770689 -0.027620427310466766
v 0.0038033437449485064 0.006121980492025614 -0.027230141684412956
v 0.0038033437449485064 0.006121980492025614 -0.027230141684412956
v 0.0038033437449485064 0.006121980492025614 -0.027230141684412956
v 0.0038033437449485064 0.006121980492025614 -0.027230141684412956
v 0.0038044401444494724 -0.004101353231817484 -0.027619972825050354
v 0.0038044401444494724 -0.004101353231817484 -0.027619972825050354
v 0.0038044401444494724 -0.004101353231817484 -0.027619972825050354
v 0.0038044401444494724 -0.004101353231817484 -0.027619972825050354
v 0.0038044401444494724 -0.004101353231817484 -0.027619972825050354
v 0.0038044401444494724 -0.004101353231817484 -0.027619972825050354
v 0.0037947590462863445 0.01373713556677103 -0.02417755126953125
v 0.0037947590462863445 0.01373713556677103 -0.02417755126953125
v 0.0037947590462863445 0.01373713556677103 -0.02417755126953125
v 0.003799869678914547 0.010046204552054405 -0.02599477767944336
v 0.003799869678914547 0.010046204552054405 -0.02599477767944336
v 0.003799869678914547 0.010046204552054405 -0.02599477767944336
v 0.003794754622504115 -0.01373949833214283 -0.024175994098186493
v 0.003794754622504115 -0.01373949833214283 -0.024175994098186493
v 0.003794754622504115 -0.01373949833214283 -0.024175994098186493
v 0.003799866419285536 -0.010048745200037956 -0.02599368430674076
v 0.003799866419285536 -0.010048745200037956 -0.02599368430674076
v 0.003799866419285536 -0.010048745200037956 -0.02599368430674076
v 0.003799866419285536 -0.010048745200037956 -0.02599368430674076
v 0.003799866419285536 -0.010048745200037956 -0.02599368430674076
v 0.003803341882303357 -0.0061246734112501144 -0.027229471132159233
v 0.003803341882303357 -0.0061246734112501144 -0.027229471132159233
v 0.003803341882303357 -0.0061246734112501144 -0.027229471132159233
v 0.003803341882303357 -0.0061246734112501144 -0.027229471132159233
v 0.0037740010302513838 -0.020673975348472595 -0.016796471551060677
v 0.0037740010302513838 -0.020673975348472595 -0.016796471551060677
v 0.0037740010302513838 -0.020673975348472595 -0.016796471551060677
v -0.0017259956803172827 -0.020673975348472595 -0.01681193895637989
v -0.0017259956803172827 -0.020673975348472595 -0.01681193895637989
v -0.0017259956803172827 -0.020673975348472595 -0.01681193895637989
v -0.0017259956803172827 -0.020673975348472595 -0.01681193895637989
v -0.0017259956803172827 -0.020673975348472595 -0.01681193895637989
v 0.0037734289653599262 -0.021688416600227356 -0.016593020409345627
v 0.0037734289653599262 -0.021688416600227356 -0.016593020409345627
v 0.0037734289653599262 -0.021688416600227356 -0.016593020409345627
v 0.0037734289653599262 -0.021688416600227356 -0.016593020409345627
v -0.001726567861624062 -0.021688416600227356 -0.01660848781466484
v -0.001726567861624062 -0.021688416600227356 -0.01660848781466484
v -0.001726567861624062 -0.021688416600227356 -0.01660848781466484
v 0.003771507879719138 -0.022465458139777184 -0.015909895300865173
v 0.003771507879719138 -0.022465458139777184 -0.015909895300865173
v -0.001728489063680172 -0.022465458139777184 -0.015925364568829536
v -0.001728489063680172 -0.022465458139777184 -0.015925364568829536
v -0.001728489063680172 -0.022465458139777184 -0.015925364568829536
v 0.0037609694991260767 -0.024553928524255753 -0.012162689119577408
v 0.0037609694991260767 -0.024553928524255753 -0.012162689119577408
v 0.0037609694991260767 -0.024553928524255753 -0.012162689119577408
v 0.0037609694991260767 -0.024553928524255753 -0.012162689119577408
v -0.0017390273278579116 -0.024553928524255753 -0.012178156524896622
v -0.0017390273278579116 -0.024553928524255753 -0.012178156524896622
v -0.0017503630369901657 -0.026022572070360184 -0.008147411979734898
v -0.0017503630369901657 -0.026022572070360184 -0.008147411979734898
v -0.0017503630369901657 -0.026022572070360184 -0.008147411979734898
v -0.0017503630369901657 -0.026022572070360184 -0.008147411979734898
v -0.0017503630369901657 -0.026022572070360184 -0.008147411979734898
v -0.0017503630369901657 -0.026022572070360184 -0.008147411979734898
v -0.0017503630369901657 -0.026022572070360184 -0.008147411979734898
v -0.0017503630369901657 -0.026022572070360184 -0.008147411979734898
v -0.0017503630369901657 -0.026022572070360184 -0.008147411979734898
v -0.0017503630369901657 -0.026022572070360184 -0.008147411979734898
v -0.0017503630369901657 -0.026022572070360184 -0.008147411979734898
v -0.0002503603172954172 -0.026022572070360184 -0.008143194019794464
v -0.0002503603172954172 -0.026022572070360184 -0.008143194019794464
v -0.0002503603172954172 -0.026022572070360184 -0.008143194019794464
v -0.0002503603172954172 -0.026022572070360184 -0.008143194019794464
v -0.0002503603172954172 -0.026022572070360184 -0.008143194019794464
v -0.0002503603172954172 -0.026022572070360184 -0.008143194019794464
v -0.0002503604628145695 -0.026799891144037247 -0.008143143728375435
v -0.0002503604628145695 -0.026799891144037247 -0.008143143728375435
v -0.0002503604628145695 -0.026799891144037247 -0.008143143728375435
v -0.0002503604628145695 -0.026799891144037247 -0.008143143728375435
v -0.0002503604628145695 -0.026799891144037247 -0.008143143728375435
v -0.0002503604628145695 -0.026799891144037247 -0.008143143728375435
v 0.0037496336735785007 -0.026799891144037247 -0.008131895214319229
v 0.0037496336735785007 -0.026799891144037247 -0.008131895214319229
v 0.0037496336735785007 -0.026799891144037247 -0.008131895214319229
v 0.0037496336735785007 -0.026799891144037247 -0.008131895214319229
v -0.0017809327691793442 0.02816173806786537 0.002722590696066618
v -0.0017809327691793442 0.02816173806786537 0.002722590696066618
v -0.0017809327691793442 0.02816173806786537 0.002722590696066618
v -0.0017908515874296427 0.027472663670778275 0.006249519996345043
v -0.0017908515874296427 0.027472663670778275 0.006249519996345043
v -0.0017908515874296427 0.027472663670778275 0.006249519996345043
v -0.0017908515874296427 0.027472663670778275 0.006249519996345043
v -0.0017908518202602863 0.02602282352745533 0.006249577738344669
v -0.0017908518202602863 0.02602282352745533 0.006249577738344669
v -0.0017908518202602863 0.02602282352745533 0.006249577738344669
v -0.0017908518202602863 0.02602282352745533 0.006249577738344669
v -0.0017908518202602863 0.02602282352745533 0.006249577738344669
v -0.0017908518202602863 0.02602282352745533 0.006249577738344669
v -0.0017503546550869942 0.027471860870718956 -0.008150382898747921
v -0.0017503546550869942 0.027471860870718956 -0.008150382898747921
v -0.0017503546550869942 0.027471860870718956 -0.008150382898747921
v -0.0017503546550869942 0.027471860870718956 -0.008150382898747921
v -0.0017503546550869942 0.027471860870718956 -0.008150382898747921
v -0.001760273240506649 0.028161393478512764 -0.004623535089194775
v -0.001760273240506649 0.028161393478512764 -0.004623535089194775
v -0.001760273240506649 0.028161393478512764 -0.004623535089194775
v -0.0017706030048429966 0.028400084003806114 -0.000950490590184927
v -0.0017706030048429966 0.028400084003806114 -0.000950490590184927
v -0.0017706030048429966 0.028400084003806114 -0.000950490590184927
v -0.0017706030048429966 0.028400084003806114 -0.000950490590184927
v -0.0018146468792110682 0.021688668057322502 0.014710653573274612
v -0.0018146468792110682 0.021688668057322502 0.014710653573274612
v -0.0018146468792110682 0.021688668057322502 0.014710653573274612
v -0.0018152190605178475 0.02067422680556774 0.014914103783667088
v -0.0018152190605178475 0.02067422680556774 0.014914103783667088
v -0.0018152190605178475 0.02067422680556774 0.014914103783667088
v -0.0018152190605178475 0.02067422680556774 0.014914103783667088
v -0.0018152190605178475 0.02067422680556774 0.014914103783667088
v -0.00181272579357028 0.02246570959687233 0.014027529396116734
v -0.00181272579357028 0.02246570959687233 0.014027529396116734
v -0.00181272579357028 0.02246570959687233 0.014027529396116734
v -0.00181272579357028 0.02246570959687233 0.014027529396116734
v -0.0018021874129772186 0.0245541799813509 0.010280322283506393
v -0.0018021874129772186 0.0245541799813509 0.010280322283506393
v -0.001815225463360548 -0.020672209560871124 0.014916391111910343
v -0.001815225463360548 -0.020672209560871124 0.014916391111910343
v -0.001815225463360548 -0.020672209560871124 0.014916391111910343
v -0.001814653747715056 -0.021686652675271034 0.014713089913129807
v -0.001814653747715056 -0.021686652675271034 0.014713089913129807
v -0.001814653747715056 -0.021686652675271034 0.014713089913129807
v -0.001814653747715056 -0.021686652675271034 0.014713089913129807
v -0.001814653747715056 -0.021686652675271034 0.014713089913129807
v -0.0017809415003284812 -0.028161142021417618 0.0027257006149739027
v -0.0017809415003284812 -0.028161142021417618 0.0027257006149739027
v -0.0017706118524074554 -0.028399832546710968 -0.0009473441168665886
v -0.0017706118524074554 -0.028399832546710968 -0.0009473441168665886
v -0.001760281971655786 -0.028161488473415375 -0.0046204254031181335
v -0.001760281971655786 -0.028161488473415375 -0.0046204254031181335
v -0.0017503631534054875 -0.02747241221368313 -0.008147355169057846
v -0.0017503631534054875 -0.02747241221368313 -0.008147355169057846
v -0.0017503631534054875 -0.02747241221368313 -0.008147355169057846
v -0.0017503631534054875 -0.02747241221368313 -0.008147355169057846
v -0.001790860085748136 -0.02747160941362381 0.006252547726035118
v -0.001790860085748136 -0.02747160941362381 0.006252547726035118
v -0.001790860085748136 -0.02747160941362381 0.006252547726035118
v -0.001790860085748136 -0.02747160941362381 0.006252547726035118
v -0.001790860085748136 -0.02747160941362381 0.006252547726035118
v -0.0017908599693328142 -0.026021771132946014 0.006252490449696779
v -0.0017908599693328142 -0.026021771132946014 0.006252490449696779
v -0.0017908599693328142 -0.026021771132946014 0.006252490449696779
v -0.0018021949799731374 -0.02455267682671547 0.010283008217811584
v -0.0018021949799731374 -0.02455267682671547 0.010283008217811584
v -0.0018021949799731374 -0.02455267682671547 0.010283008217811584
v -0.0018021949799731374 -0.02455267682671547 0.010283008217811584
v -0.0018021949799731374 -0.02455267682671547 0.010283008217811584
v -0.0018127327784895897 -0.022463781759142876 0.014030023477971554
v -0.0018127327784895897 -0.022463781759142876 0.014030023477971554
v -0.0018127327784895897 -0.022463781759142876 0.014030023477971554
v -0.0002908574533648789 -0.026799151673913002 0.006256768014281988
v -0.0002908574533648789 -0.026799151673913002 0.006256768014281988
v -0.0002908574533648789 -0.026799151673913002 0.006256768014281988
v -0.0002908574533648789 -0.026799151673913002 0.006256768014281988
v -0.0002908574533648789 -0.026799151673913002 0.006256768014281988
v 0.0037091367412358522 -0.026799151673913002 0.006268016993999481
v 0.0037091367412358522 -0.026799151673913002 0.006268016993999481
v 0.0037091367412358522 -0.026799151673913002 0.006268016993999481
v -0.00029085727874189615 -0.026021771132946014 0.0062567088752985
v -0.00029085727874189615 -0.026021771132946014 0.0062567088752985
v -0.00029085727874189615 -0.026021771132946014 0.0062567088752985
v -0.00029085727874189615 -0.026021771132946014 0.0062567088752985
v -0.00029085727874189615 -0.026021771132946014 0.0062567088752985
v -0.00029085727874189615 -0.026021771132946014 0.0062567088752985
v -0.00029085727874189615 -0.026021771132946014 0.0062567088752985
v -0.00029085727874189615 -0.026021771132946014 0.0062567088752985
v 0.0036837924271821976 -0.016980182379484177 0.01527995802462101
v 0.0036837924271821976 -0.016980182379484177 0.01527995802462101
v 0.0036837924271821976 -0.016980182379484177 0.01527995802462101
v 0.003681630827486515 -0.01621147245168686 0.01604858972132206
v 0.003681630827486515 -0.01621147245168686 0.01604858972132206
v 0.003681630827486515 -0.01621147245168686 0.01604858972132206
v 0.003681630827486515 -0.01621147245168686 0.01604858972132206
v 0.003681630827486515 -0.01621147245168686 0.01604858972132206
v 0.003678677836433053 -0.01593005657196045 0.01709854230284691
v 0.003678677836433053 -0.01593005657196045 0.01709854230284691
v 0.003678677836433053 -0.01593005657196045 0.01709854230284691
v 0.003678677836433053 -0.01593005657196045 0.01709854230284691
v 0.003678677836433053 -0.01593005657196045 0.01709854230284691
v 0.003675724845379591 -0.01621134579181671 0.018148597329854965
v 0.003675724845379591 -0.01621134579181671 0.018148597329854965
v 0.003675724845379591 -0.01621134579181671 0.018148597329854965
v 0.003675724845379591 -0.01621134579181671 0.018148597329854965
v 0.0036735632456839085 -0.016979986801743507 0.01891724392771721
v 0.0036735632456839085 -0.016979986801743507 0.01891724392771721
v 0.0036735632456839085 -0.016979986801743507 0.01891724392771721
v 0.0036735632456839085 -0.016979986801743507 0.01891724392771721
v 0.0036735632456839085 -0.016979986801743507 0.01891724392771721
v 0.0036735632456839085 -0.016979986801743507 0.01891724392771721
v 0.003672771854326129 -0.018029935657978058 0.019198669120669365
v 0.003672771854326129 -0.018029935657978058 0.019198669120669365
v 0.003672771854326129 -0.018029935657978058 0.019198669120669365
v 0.003673562780022621 -0.019079944118857384 0.018917372450232506
v 0.003673562780022621 -0.019079944118857384 0.018917372450232506
v 0.0036757243797183037 -0.01984865590929985 0.018148791044950485
v 0.0036757243797183037 -0.01984865590929985 0.018148791044950485
v 0.0036757243797183037 -0.01984865590929985 0.018148791044950485
v 0.0036757243797183037 -0.01984865590929985 0.018148791044950485
v 0.0036786773707717657 -0.02013006992638111 0.017098788172006607
v 0.0036786773707717657 -0.02013006992638111 0.017098788172006607
v 0.0036786773707717657 -0.02013006992638111 0.017098788172006607
v 0.003681630128994584 -0.019848784431815147 0.016048792749643326
v 0.003681630128994584 -0.019848784431815147 0.016048792749643326
v 0.003681630128994584 -0.019848784431815147 0.016048792749643326
v 0.003681630128994584 -0.019848784431815147 0.016048792749643326
v 0.0036837919615209103 -0.01908019743859768 0.015280075371265411
v 0.0036837919615209103 -0.01908019743859768 0.015280075371265411
v 0.0036837919615209103 -0.01908019743859768 0.015280075371265411
v 0.0036837919615209103 -0.01908019743859768 0.015280075371265411
v 0.0036837919615209103 -0.01908019743859768 0.015280075371265411
v 0.0036845833528786898 -0.018030190840363503 0.014998662285506725
v 0.0036845833528786898 -0.018030190840363503 0.014998662285506725
v 0.0036845833528786898 -0.018030190840363503 0.014998662285506725
v 0.0036845833528786898 -0.018030190840363503 0.014998662285506725
v 0.0036845833528786898 -0.018030190840363503 0.014998662285506725
v 0.0036845833528786898 -0.018030190840363503 0.014998662285506725
v 0.0036837980151176453 0.019082248210906982 0.015277957543730736
v 0.0036837980151176453 0.019082248210906982 0.015277957543730736
v 0.0036837980151176453 0.019082248210906982 0.015277957543730736
v 0.0036837980151176453 0.019082248210906982 0.015277957543730736
v 0.0036816364154219627 0.019850898534059525 0.016046596691012383
v 0.0036816364154219627 0.019850898534059525 0.016046596691012383
v 0.0036816364154219627 0.019850898534059525 0.016046596691012383
v 0.0036816364154219627 0.019850898534059525 0.016046596691012383
v 0.0036816364154219627 0.019850898534059525 0.016046596691012383
v 0.0036786836571991444 0.02013232372701168 0.017096541821956635
v 0.0036786836571991444 0.02013232372701168 0.017096541821956635
v 0.0036757304333150387 0.019851025193929672 0.018146594986319542
v 0.0036757304333150387 0.019851025193929672 0.018146594986319542
v 0.003673568833619356 0.019082441926002502 0.01891525462269783
v 0.003673568833619356 0.019082441926002502 0.01891525462269783
v 0.0036727774422615767 0.018032433465123177 0.01919666677713394
v 0.0036727774422615767 0.018032433465123177 0.01919666677713394
v 0.003673568367958069 0.016982436180114746 0.018915381282567978
v 0.003673568367958069 0.016982436180114746 0.018915381282567978
v 0.003673568367958069 0.016982436180114746 0.018915381282567978
v 0.003673568367958069 0.016982436180114746 0.018915381282567978
v 0.003673568367958069 0.016982436180114746 0.018915381282567978
v 0.0036757299676537514 0.016213715076446533 0.018146798014640808
v 0.0036757299676537514 0.016213715076446533 0.018146798014640808
v 0.0036757299676537514 0.016213715076446533 0.018146798014640808
v 0.0036757299676537514 0.016213715076446533 0.018146798014640808
v 0.0036786829587072134 0.015932301059365273 0.01709679514169693
v 0.0036786829587072134 0.015932301059365273 0.01709679514169693
v 0.0036786829587072134 0.015932301059365273 0.01709679514169693
v 0.0036786829587072134 0.015932301059365273 0.01709679514169693
v 0.0036786829587072134 0.015932301059365273 0.01709679514169693
v 0.0036786829587072134 0.015932301059365273 0.01709679514169693
v 0.0036786829587072134 0.015932301059365273 0.01709679514169693
v 0.0036816357169300318 0.01621359772980213 0.016046792268753052
v 0.0036816357169300318 0.01621359772980213 0.016046792268753052
v 0.0036816357169300318 0.01621359772980213 0.016046792268753052
v 0.0036816357169300318 0.01621359772980213 0.016046792268753052
v 0.003683797549456358 0.01698223128914833 0.015278084203600883
v 0.003683797549456358 0.01698223128914833 0.015278084203600883
v 0.003683797549456358 0.01698223128914833 0.015278084203600883
v 0.003683797549456358 0.01698223128914833 0.015278084203600883
v 0.003683797549456358 0.01698223128914833 0.015278084203600883
v 0.0036845889408141375 0.018032189458608627 0.014996670186519623
v 0.0036845889408141375 0.018032189458608627 0.014996670186519623
v 0.0036845889408141375 0.018032189458608627 0.014996670186519623
v 0.0036845889408141375 0.018032189458608627 0.014996670186519623
v 0.0036845889408141375 0.018032189458608627 0.014996670186519623
v 0.0036872641649097204 -0.022463781759142876 0.014045491814613342
v 0.0036872641649097204 -0.022463781759142876 0.014045491814613342
v 0.0036872641649097204 -0.022463781759142876 0.014045491814613342
v 0.0036872641649097204 -0.022463781759142876 0.014045491814613342
v 0.003697801847010851 -0.02455267682671547 0.010298475623130798
v 0.003697801847010851 -0.02455267682671547 0.010298475623130798
v 0.003697801847010851 -0.02455267682671547 0.010298475623130798
v 0.0036847712472081184 -0.020672209560871124 0.014931859448552132
v 0.0036847712472081184 -0.020672209560871124 0.014931859448552132
v 0.0036847712472081184 -0.020672209560871124 0.014931859448552132
v 0.0036847712472081184 -0.020672209560871124 0.014931859448552132
v 0.0036847712472081184 -0.020672209560871124 0.014931859448552132
v 0.0036853430792689323 -0.021686652675271034 0.01472855731844902
v 0.0036853430792689323 -0.021686652675271034 0.01472855731844902
v 0.0036853430792689323 -0.021686652675271034 0.01472855731844902
v 0.0036853430792689323 -0.021686652675271034 0.01472855731844902
v 0.0036853430792689323 -0.021686652675271034 0.01472855731844902
v 0.0036853430792689323 -0.021686652675271034 0.01472855731844902
v 0.0036712477449327707 -0.015862958505749702 0.019740570336580276
v 0.0036712477449327707 -0.015862958505749702 0.019740570336580276
v 0.0036712477449327707 -0.015862958505749702 0.019740570336580276
v 0.0036712477449327707 -0.015862958505749702 0.019740570336580276
v 0.00366839487105608 -0.015659507364034653 0.02075500600039959
v 0.00366839487105608 -0.015659507364034653 0.02075500600039959
v 0.00366839487105608 -0.015659507364034653 0.02075500600039959
v 0.00366839487105608 -0.015659507364034653 0.02075500600039959
v 0.00366839487105608 -0.015659507364034653 0.02075500600039959
v 0.00366839487105608 -0.015659507364034653 0.02075500600039959
v 0.0036662095226347446 -0.01497638039290905 0.021532045677304268
v 0.0036662095226347446 -0.01497638039290905 0.021532045677304268
v 0.0036662095226347446 -0.01497638039290905 0.021532045677304268
v 0.0036662095226347446 -0.01497638039290905 0.021532045677304268
v 0.0036600560415536165 -0.011008729226887226 0.023720115423202515
v 0.0036600560415536165 -0.011008729226887226 0.023720115423202515
v 0.0036600560415536165 -0.011008729226887226 0.023720115423202515
v 0.0036558550782501698 -0.0067310393787920475 0.02521391771733761
v 0.0036558550782501698 -0.0067310393787920475 0.02521391771733761
v 0.0036558550782501698 -0.0067310393787920475 0.02521391771733761
v 0.0036537249106913805 -0.002263818634673953 0.025971349328756332
v 0.0036537249106913805 -0.002263818634673953 0.025971349328756332
v 0.0036537249106913805 -0.002263818634673953 0.025971349328756332
v 0.0036537256091833115 0.0022670633625239134 0.02597109042108059
v 0.0036537256091833115 0.0022670633625239134 0.02597109042108059
v 0.0036537256091833115 0.0022670633625239134 0.02597109042108059
v 0.0036537256091833115 0.0022670633625239134 0.02597109042108059
v 0.0036558571737259626 0.00673421286046505 0.025213174521923065
v 0.0036558571737259626 0.00673421286046505 0.025213174521923065
v 0.0036558571737259626 0.00673421286046505 0.025213174521923065
v 0.0036558571737259626 0.00673421286046505 0.025213174521923065
v 0.0036600595340132713 0.011011726222932339 0.023718882352113724
v 0.0036600595340132713 0.011011726222932339 0.023718882352113724
v 0.0036600595340132713 0.011011726222932339 0.023718882352113724
v 0.0036600595340132713 0.011011726222932339 0.023718882352113724
v 0.0036662141792476177 0.014979125931859016 0.02153036929666996
v 0.0036662141792476177 0.014979125931859016 0.02153036929666996
v 0.0036662141792476177 0.014979125931859016 0.02153036929666996
v 0.0036712526343762875 0.015865497291088104 0.019738804548978806
v 0.0036712526343762875 0.015865497291088104 0.019738804548978806
v 0.0036712526343762875 0.015865497291088104 0.019738804548978806
v 0.0036712526343762875 0.015865497291088104 0.019738804548978806
v 0.0036712526343762875 0.015865497291088104 0.019738804548978806
v 0.0036683997604995966 0.015662135556340218 0.020753242075443268
v 0.0036683997604995966 0.015662135556340218 0.020753242075443268
v 0.0036683997604995966 0.015662135556340218 0.020753242075443268
v 0.0036683997604995966 0.015662135556340218 0.020753242075443268
v 0.0036683997604995966 0.015662135556340218 0.020753242075443268
v 0.0036683997604995966 0.015662135556340218 0.020753242075443268
v 0.0036847777664661407 0.02067422680556774 0.014929571188986301
v 0.0036847777664661407 0.02067422680556774 0.014929571188986301
v 0.0036847777664661407 0.02067422680556774 0.014929571188986301
v 0.0036847777664661407 0.02067422680556774 0.014929571188986301
v 0.0036853498313575983 0.021688668057322502 0.014726120978593826
v 0.0036853498313575983 0.021688668057322502 0.014726120978593826
v 0.0036853498313575983 0.021688668057322502 0.014726120978593826
v 0.0036853498313575983 0.021688668057322502 0.014726120978593826
v 0.0036853498313575983 0.021688668057322502 0.014726120978593826
v 0.00368727114982903 0.02246570959687233 0.014042996801435947
v 0.00368727114982903 0.02246570959687233 0.014042996801435947
v 0.003697809297591448 0.0245541799813509 0.010295789688825607
v 0.003697809297591448 0.0245541799813509 0.010295789688825607
v -0.00029084907146170735 0.02602282352745533 0.00625379616394639
v -0.00029084907146170735 0.02602282352745533 0.00625379616394639
v -0.00029084907146170735 0.02602282352745533 0.00625379616394639
v -0.00029084907146170735 0.02602282352745533 0.00625379616394639
v -0.00029084907146170735 0.02602282352745533 0.00625379616394639
v -0.0002908489550463855 0.026800142601132393 0.006253746338188648
v -0.0002908489550463855 0.026800142601132393 0.006253746338188648
v -0.0002908489550463855 0.026800142601132393 0.006253746338188648
v -0.0002908489550463855 0.026800142601132393 0.006253746338188648
v -0.0002908489550463855 0.026800142601132393 0.006253746338188648
v -0.0002908489550463855 0.026800142601132393 0.006253746338188648
v 0.0037091451231390238 0.026800142601132393 0.006264995317906141
v 0.0037091451231390238 0.026800142601132393 0.006264995317906141
v 0.0037091451231390238 0.026800142601132393 0.006264995317906141
v 0.0037091451231390238 0.026800142601132393 0.006264995317906141
v 0.0012629053089767694 -0.014955829828977585 -0.012854335829615593
v 0.0012629053089767694 -0.014955829828977585 -0.012854335829615593
v 0.0012629053089767694 -0.014955829828977585 -0.012854335829615593
v 0.001270592911168933 -0.017689695581793785 -0.015587897971272469
v 0.001270592911168933 -0.017689695581793785 -0.015587897971272469
v 0.001270592911168933 -0.017689695581793785 -0.015587897971272469
v 0.001270592911168933 -0.017689695581793785 -0.015587897971272469
v 0.0012713550822809339 -0.018022891134023666 -0.015858933329582214
v 0.0012713550822809339 -0.018022891134023666 -0.015858933329582214
v 0.0012713550822809339 -0.018022891134023666 -0.015858933329582214
v 0.0012713028118014336 -0.01771085523068905 -0.015840351581573486
v 0.0012713028118014336 -0.01771085523068905 -0.015840351581573486
v 0.0012713028118014336 -0.01771085523068905 -0.015840351581573486
v 0.0037712925113737583 -0.01771085523068905 -0.01583332009613514
v 0.0037712925113737583 -0.01771085523068905 -0.01583332009613514
v 0.0037712925113737583 -0.01771085523068905 -0.01583332009613514
v 0.003771740011870861 -0.016965648159384727 -0.01599249430000782
v 0.003771740011870861 -0.016965648159384727 -0.01599249430000782
v 0.003771740011870861 -0.016965648159384727 -0.01599249430000782
v 0.003771740011870861 -0.016965648159384727 -0.01599249430000782
v 0.00127175054512918 -0.016965648159384727 -0.015999523922801018
v 0.00127175054512918 -0.016965648159384727 -0.015999523922801018
v 0.0037770974449813366 -0.015060866251587868 -0.017897486686706543
v 0.0037770974449813366 -0.015060866251587868 -0.017897486686706543
v 0.0037770974449813366 -0.015060866251587868 -0.017897486686706543
v 0.0037770974449813366 -0.015060866251587868 -0.017897486686706543
v 0.0012771079782396555 -0.015060866251587868 -0.01790451817214489
v 0.0012771079782396555 -0.015060866251587868 -0.01790451817214489
v 0.0012771079782396555 -0.015060866251587868 -0.01790451817214489
v 0.0012771079782396555 -0.015060866251587868 -0.01790451817214489
v 0.0037791933864355087 -0.014901814050972462 -0.018642714247107506
v 0.0037791933864355087 -0.014901814050972462 -0.018642714247107506
v 0.0037791933864355087 -0.014901814050972462 -0.018642714247107506
v 0.001279203686863184 -0.014901814050972462 -0.018649745732545853
v 0.001279203686863184 -0.014901814050972462 -0.018649745732545853
v 0.001279203686863184 -0.014901814050972462 -0.018649745732545853
v 0.0012800812255591154 -0.014920367859303951 -0.01896176114678383
v 0.0012800812255591154 -0.014920367859303951 -0.01896176114678383
v 0.0012800812255591154 -0.014920367859303951 -0.01896176114678383
v 0.001279144431464374 -0.014649326913058758 -0.018628636375069618
v 0.001279144431464374 -0.014649326913058758 -0.018628636375069618
v 0.001279144431464374 -0.014649326913058758 -0.018628636375069618
v 0.001279144431464374 -0.014649326913058758 -0.018628636375069618
v 0.001271456596441567 -0.011915401555597782 -0.015895014628767967
v 0.001271456596441567 -0.011915401555597782 -0.015895014628767967
v 0.001271456596441567 -0.011915401555597782 -0.015895014628767967
v 0.0012697231722995639 -0.011503530666232109 -0.015278633683919907
v 0.0012697231722995639 -0.011503530666232109 -0.015278633683919907
v 0.0012697231722995639 -0.011503530666232109 -0.015278633683919907
v 0.0012697231722995639 -0.011503530666232109 -0.015278633683919907
v 0.0012676784535869956 -0.011358857154846191 -0.014551577158272266
v 0.0012676784535869956 -0.011358857154846191 -0.014551577158272266
v 0.0012656335020437837 -0.011503435671329498 -0.01382443867623806
v 0.0012656335020437837 -0.011503435671329498 -0.01382443867623806
v 0.0012656335020437837 -0.011503435671329498 -0.01382443867623806
v 0.0012638999614864588 -0.01191527210175991 -0.01320804376155138
v 0.0012638999614864588 -0.01191527210175991 -0.01320804376155138
v 0.0012638999614864588 -0.01191527210175991 -0.01320804376155138
v 0.0012638999614864588 -0.01191527210175991 -0.01320804376155138
v 0.001262905658222735 -0.012268788181245327 -0.01285446435213089
v 0.001262905658222735 -0.012268788181245327 -0.01285446435213089
v 0.001262905658222735 -0.012268788181245327 -0.01285446435213089
v 0.001261747325770557 -0.012885170988738537 -0.012442595325410366
v 0.001261747325770557 -0.012885170988738537 -0.012442595325410366
v 0.001261747325770557 -0.012885170988738537 -0.012442595325410366
v 0.0012613404542207718 -0.013612290844321251 -0.012297922745347023
v 0.0012613404542207718 -0.013612290844321251 -0.012297922745347023
v 0.0012613404542207718 -0.013612290844321251 -0.012297922745347023
v 0.0012613404542207718 -0.013612290844321251 -0.012297922745347023
v 0.0012617470929399133 -0.014339371584355831 -0.012442500330507755
v 0.0012617470929399133 -0.014339371584355831 -0.012442500330507755
v 0.0012714604381471872 0.011914028786122799 -0.015896376222372055
v 0.0012714604381471872 0.011914028786122799 -0.015896376222372055
v 0.0012714604381471872 0.011914028786122799 -0.015896376222372055
v 0.0012791488552466035 0.014647601172327995 -0.01863023079931736
v 0.0012791488552466035 0.014647601172327995 -0.01863023079931736
v 0.0012791488552466035 0.014647601172327995 -0.01863023079931736
v 0.003771745366975665 0.016964230686426163 -0.01599438115954399
v 0.003771745366975665 0.016964230686426163 -0.01599438115954399
v 0.003771745366975665 0.016964230686426163 -0.01599438115954399
v 0.0012717557838186622 0.016964230686426163 -0.016001412644982338
v 0.0012717557838186622 0.016964230686426163 -0.016001412644982338
v 0.0012717557838186622 0.016964230686426163 -0.016001412644982338
v 0.0037712978664785624 0.017709460109472275 -0.015835270285606384
v 0.0037712978664785624 0.017709460109472275 -0.015835270285606384
v 0.0037712978664785624 0.017709460109472275 -0.015835270285606384
v 0.0012713083997368813 0.017709460109472275 -0.015842299908399582
v 0.0012713083997368813 0.017709460109472275 -0.015842299908399582
v 0.0012713083997368813 0.017709460109472275 -0.015842299908399582
v 0.0012713606702163815 0.0180214773863554 -0.015860915184020996
v 0.0012713606702163815 0.0180214773863554 -0.015860915184020996
v 0.0012713606702163815 0.0180214773863554 -0.015860915184020996
v 0.0012705984991043806 0.01768835261464119 -0.015589875169098377
v 0.0012705984991043806 0.01768835261464119 -0.015589875169098377
v 0.0012705984991043806 0.01768835261464119 -0.015589875169098377
v 0.0012705984991043806 0.01768835261464119 -0.015589875169098377
v 0.0012705984991043806 0.01768835261464119 -0.015589875169098377
v 0.0012629098491743207 0.014954718761146069 -0.012855960987508297
v 0.0012629098491743207 0.014954718761146069 -0.012855960987508297
v 0.0012629098491743207 0.014954718761146069 -0.012855960987508297
v 0.0012617515167221427 0.014338335953652859 -0.012444091029465199
v 0.0012617515167221427 0.014338335953652859 -0.012444091029465199
v 0.0012613446451723576 0.01361127570271492 -0.012299418449401855
v 0.0012613446451723576 0.01361127570271492 -0.012299418449401855
v 0.0012613446451723576 0.01361127570271492 -0.012299418449401855
v 0.001261751283891499 0.01288413442671299 -0.012443996034562588
v 0.001261751283891499 0.01288413442671299 -0.012443996034562588
v 0.001261751283891499 0.01288413442671299 -0.012443996034562588
v 0.001261751283891499 0.01288413442671299 -0.012443996034562588
v 0.0012629094999283552 0.01226773764938116 -0.012855831533670425
v 0.0012629094999283552 0.01226773764938116 -0.012855831533670425
v 0.0012629094999283552 0.01226773764938116 -0.012855831533670425
v 0.0012639036867767572 0.011914156377315521 -0.013209345750510693
v 0.0012639036867767572 0.011914156377315521 -0.013209345750510693
v 0.0012639036867767572 0.011914156377315521 -0.013209345750510693
v 0.0012639036867767572 0.011914156377315521 -0.013209345750510693
v 0.0012656371109187603 0.011502286419272423 -0.013825726695358753
v 0.0012656371109187603 0.011502286419272423 -0.013825726695358753
v 0.0012656371109187603 0.011502286419272423 -0.013825726695358753
v 0.0012676819460466504 0.011357612907886505 -0.014552843756973743
v 0.0012676819460466504 0.011357612907886505 -0.014552843756973743
v 0.0012676819460466504 0.011357612907886505 -0.014552843756973743
v 0.0012697267811745405 0.011502191424369812 -0.0152799217030406
v 0.0012697267811745405 0.011502191424369812 -0.0152799217030406
v 0.0012697267811745405 0.011502191424369812 -0.0152799217030406
v 0.0012697267811745405 0.011502191424369812 -0.0152799217030406
v 0.0011796553153544664 0.014649578370153904 0.016747675836086273
v 0.0011796553153544664 0.014649578370153904 0.016747675836086273
v 0.0011796553153544664 0.014649578370153904 0.016747675836086273
v 0.001183946500532329 0.013123554177582264 0.015221820212900639
v 0.001183946500532329 0.013123554177582264 0.015221820212900639
v 0.001183946500532329 0.013123554177582264 0.015221820212900639
v 0.001183946500532329 0.013123554177582264 0.015221820212900639
v 0.001183946500532329 0.013123554177582264 0.015221820212900639
v 0.0011834667529910803 0.010001027956604958 0.01539239939302206
v 0.0011834667529910803 0.010001027956604958 0.01539239939302206
v 0.0011834667529910803 0.010001027956604958 0.01539239939302206
v 0.0011834667529910803 0.010001027956604958 0.01539239939302206
v 0.0011834667529910803 0.010001027956604958 0.01539239939302206
v 0.0011834667529910803 0.010001027956604958 0.01539239939302206
v 0.0011847991263493896 0.010537744499742985 0.014918636530637741
v 0.0011847991263493896 0.010537744499742985 0.014918636530637741
v 0.0011847991263493896 0.010537744499742985 0.014918636530637741
v 0.0011847991263493896 0.010537744499742985 0.014918636530637741
v 0.0011853385949507356 0.012338286265730858 0.014726804569363594
v 0.0011853385949507356 0.012338286265730858 0.014726804569363594
v 0.0011853385949507356 0.012338286265730858 0.014726804569363594
v 0.0011853385949507356 0.012338286265730858 0.014726804569363594
v 0.0011856427881866693 0.011416233144700527 0.014618663117289543
v 0.0011856427881866693 0.011416233144700527 0.014618663117289543
v 0.0011856427881866693 0.011416233144700527 0.014618663117289543
v 0.0012054969556629658 0.010000568814575672 0.007558916229754686
v 0.0012054969556629658 0.010000568814575672 0.007558916229754686
v 0.0012054969556629658 0.010000568814575672 0.007558916229754686
v 0.0012106932699680328 0.008765829727053642 0.005711211357265711
v 0.0012106932699680328 0.008765829727053642 0.005711211357265711
v 0.0012106932699680328 0.008765829727053642 0.005711211357265711
v 0.0012106932699680328 0.008765829727053642 0.005711211357265711
v 0.0012094741687178612 0.009414725005626678 0.0061447033658623695
v 0.0012094741687178612 0.009414725005626678 0.0061447033658623695
v 0.0012094741687178612 0.009414725005626678 0.0061447033658623695
v 0.0012094741687178612 0.009414725005626678 0.0061447033658623695
v 0.0012094741687178612 0.009414725005626678 0.0061447033658623695
v 0.0012094741687178612 0.009414725005626678 0.0061447033658623695
v 0.001207649358548224 0.009848276153206825 0.006793568376451731
v 0.001207649358548224 0.009848276153206825 0.006793568376451731
v 0.0011870492016896605 0.016965899616479874 0.014118563383817673
v 0.0011870492016896605 0.016965899616479874 0.014118563383817673
v 0.0011870492016896605 0.016965899616479874 0.014118563383817673
v 0.0036870387848466635 0.016965899616479874 0.014125593937933445
v 0.0036870387848466635 0.016965899616479874 0.014125593937933445
v 0.0036870387848466635 0.016965899616479874 0.014125593937933445
v 0.0036870387848466635 0.016965899616479874 0.014125593937933445
v 0.0011874968186020851 0.017711106687784195 0.013959391042590141
v 0.0011874968186020851 0.017711106687784195 0.013959391042590141
v 0.00368748651817441 0.017711106687784195 0.013966421596705914
v 0.00368748651817441 0.017711106687784195 0.013966421596705914
v 0.00368748651817441 0.017711106687784195 0.013966421596705914
v 0.0011839423095807433 -0.013121548108756542 0.015223312191665173
v 0.0011839423095807433 -0.013121548108756542 0.015223312191665173
v 0.0011839423095807433 -0.013121548108756542 0.015223312191665173
v 0.001179650891572237 -0.014647349715232849 0.016749270260334015
v 0.001179650891572237 -0.014647349715232849 0.016749270260334015
v 0.0011787137482315302 -0.01491838600486517 0.017082463949918747
v 0.0011787137482315302 -0.01491838600486517 0.017082463949918747
v 0.0011787137482315302 -0.01491838600486517 0.017082463949918747
v 0.0011795912869274616 -0.014899804256856441 0.01677042990922928
v 0.0011795912869274616 -0.014899804256856441 0.01677042990922928
v 0.0011795912869274616 -0.014899804256856441 0.01677042990922928
v 0.0036795809864997864 -0.014899804256856441 0.016777461394667625
v 0.0036795809864997864 -0.014899804256856441 0.016777461394667625
v 0.0036795809864997864 -0.014899804256856441 0.016777461394667625
v 0.003681676462292671 -0.015058978460729122 0.01603231579065323
v 0.003681676462292671 -0.015058978460729122 0.01603231579065323
v 0.003681676462292671 -0.015058978460729122 0.01603231579065323
v 0.003681676462292671 -0.015058978460729122 0.01603231579065323
v 0.0011816868791356683 -0.015058978460729122 0.01602528616786003
v 0.0011816868791356683 -0.015058978460729122 0.01602528616786003
v 0.0011816868791356683 -0.015058978460729122 0.01602528616786003
v 0.0036870334297418594 -0.016963979229331017 0.014127482660114765
v 0.0036870334297418594 -0.016963979229331017 0.014127482660114765
v 0.0036870334297418594 -0.016963979229331017 0.014127482660114765
v 0.0011870438465848565 -0.016963979229331017 0.014120452105998993
v 0.0011870438465848565 -0.016963979229331017 0.014120452105998993
v 0.0011870438465848565 -0.016963979229331017 0.014120452105998993
v 0.003687480930238962 -0.01770920865237713 0.013968369923532009
v 0.003687480930238962 -0.01770920865237713 0.013968369923532009
v 0.003687480930238962 -0.01770920865237713 0.013968369923532009
v 0.0011874913470819592 -0.01770920865237713 0.013961339369416237
v 0.0011874913470819592 -0.01770920865237713 0.013961339369416237
v 0.0011874913470819592 -0.01770920865237713 0.013961339369416237
v 0.0011874389601871371 -0.018021225929260254 0.013979954645037651
v 0.0011874389601871371 -0.018021225929260254 0.013979954645037651
v 0.0011874389601871371 -0.018021225929260254 0.013979954645037651
v 0.00118820124771446 -0.017688101157546043 0.013708914630115032
v 0.00118820124771446 -0.017688101157546043 0.013708914630115032
v 0.00118820124771446 -0.017688101157546043 0.013708914630115032
v 0.00118820124771446 -0.017688101157546043 0.013708914630115032
v 0.00118820124771446 -0.017688101157546043 0.013708914630115032
v 0.0012092721881344914 -0.010196473449468613 0.006216507405042648
v 0.0012092721881344914 -0.010196473449468613 0.006216507405042648
v 0.0012092721881344914 -0.010196473449468613 0.006216507405042648
v 0.0012092721881344914 -0.010196473449468613 0.006216507405042648
v 0.0012092721881344914 -0.010196473449468613 0.006216507405042648
v 0.0012104305205866694 -0.009580150246620178 0.00580463744699955
v 0.0012104305205866694 -0.009580150246620178 0.00580463744699955
v 0.0012104305205866694 -0.009580150246620178 0.00580463744699955
v 0.0012108373921364546 -0.008853031322360039 0.005659964866936207
v 0.0012108373921364546 -0.008853031322360039 0.005659964866936207
v 0.0012108373921364546 -0.008853031322360039 0.005659964866936207
v 0.0012108373921364546 -0.008623989298939705 0.005659937858581543
v 0.0012108373921364546 -0.008623989298939705 0.005659937858581543
v 0.0012108373921364546 -0.008623989298939705 0.005659937858581543
v 0.0012103649787604809 -0.008999456651508808 0.005827940534800291
v 0.0012103649787604809 -0.008999456651508808 0.005827940534800291
v 0.0012103649787604809 -0.008999456651508808 0.005827940534800291
v 0.0012103649787604809 -0.008999456651508808 0.005827940534800291
v 0.0012083061737939715 -0.009731464087963104 0.006560023408383131
v 0.0012083061737939715 -0.009731464087963104 0.006560023408383131
v 0.0012083061737939715 -0.009731464087963104 0.006560023408383131
v 0.0012083061737939715 -0.009731464087963104 0.006560023408383131
v 0.0012054938124492764 -0.009999353438615799 0.007560011465102434
v 0.0012054938124492764 -0.009999353438615799 0.007560011465102434
v 0.0012054938124492764 -0.009999353438615799 0.007560011465102434
v 0.0012054938124492764 -0.009999353438615799 0.007560011465102434
v 0.0011834637261927128 -0.009998954832553864 0.015393494628369808
v 0.0011834637261927128 -0.009998954832553864 0.015393494628369808
v 0.0011834637261927128 -0.009998954832553864 0.015393494628369808
v 0.0011834637261927128 -0.009998954832553864 0.015393494628369808
v 0.0011834637261927128 -0.009998954832553864 0.015393494628369808
v 0.001185334869660437 -0.012336302548646927 0.014728126116096973
v 0.001185334869660437 -0.012336302548646927 0.014728126116096973
v 0.001185334869660437 -0.012336302548646927 0.014728126116096973
v 0.001185334869660437 -0.012336302548646927 0.014728126116096973
v 0.0011856391793116927 -0.01141428668051958 0.01461991760879755
v 0.0011856391793116927 -0.01141428668051958 0.01461991760879755
v 0.0011856391793116927 -0.01141428668051958 0.01461991760879755
v 0.0011856391793116927 -0.01141428668051958 0.01461991760879755
v 0.0011856391793116927 -0.01141428668051958 0.01461991760879755
v 0.0011847958667203784 -0.010535730049014091 0.01491979043930769
v 0.0011847958667203784 -0.010535730049014091 0.01491979043930769
v 0.0011847958667203784 -0.010535730049014091 0.01491979043930769
v 0.0026769302785396576 0.0186803936958313 -0.01784289814531803
v 0.0026769302785396576 0.0186803936958313 -0.01784289814531803
v 0.0026769302785396576 0.0186803936958313 -0.01784289814531803
v 0.0026769302785396576 0.0186803936958313 -0.01784289814531803
v 0.00267644040286541 0.018030401319265366 -0.01766868494451046
v 0.00267644040286541 0.018030401319265366 -0.01766868494451046
v 0.00267644040286541 0.018030401319265366 -0.01766868494451046
v 0.00267644040286541 0.018030401319265366 -0.01766868494451046
v 0.00267644040286541 0.018030401319265366 -0.01766868494451046
v 0.002676930045709014 0.0173803623765707 -0.017842812463641167
v 0.002676930045709014 0.0173803623765707 -0.017842812463641167
v 0.002676930045709014 0.0173803623765707 -0.017842812463641167
v 0.002676930045709014 0.0173803623765707 -0.017842812463641167
v 0.002676930045709014 0.0173803623765707 -0.017842812463641167
v 0.0026782681234180927 0.016904545947909355 -0.018318576738238335
v 0.0026782681234180927 0.016904545947909355 -0.018318576738238335
v 0.0026782681234180927 0.016904545947909355 -0.018318576738238335
v 0.0026782681234180927 0.016904545947909355 -0.018318576738238335
v 0.0026800960768014193 0.01673034206032753 -0.018968578428030014
v 0.0026800960768014193 0.01673034206032753 -0.018968578428030014
v 0.0026800960768014193 0.01673034206032753 -0.018968578428030014
v 0.0026819242630153894 0.016904471442103386 -0.019618604332208633
v 0.0026819242630153894 0.016904471442103386 -0.019618604332208633
v 0.0026819242630153894 0.016904471442103386 -0.019618604332208633
v 0.0026819242630153894 0.016904471442103386 -0.019618604332208633
v 0.002683262573555112 0.017380235716700554 -0.020094478502869606
v 0.002683262573555112 0.017380235716700554 -0.020094478502869606
v 0.002683262573555112 0.017380235716700554 -0.020094478502869606
v 0.002683262573555112 0.017380235716700554 -0.020094478502869606
v 0.002683262573555112 0.017380235716700554 -0.020094478502869606
v 0.0026837524492293596 0.018030231818556786 -0.02026868239045143
v 0.0026837524492293596 0.018030231818556786 -0.02026868239045143
v 0.0026837524492293596 0.018030231818556786 -0.02026868239045143
v 0.0026837524492293596 0.018030231818556786 -0.02026868239045143
v 0.0026837524492293596 0.018030231818556786 -0.02026868239045143
v 0.0026832628063857555 0.0186802688986063 -0.020094553008675575
v 0.0026832628063857555 0.0186802688986063 -0.020094553008675575
v 0.0026832628063857555 0.0186802688986063 -0.020094553008675575
v 0.0026832628063857555 0.0186802688986063 -0.020094553008675575
v 0.0026832628063857555 0.0186802688986063 -0.020094553008675575
v 0.002681924495846033 0.019156144931912422 -0.019618729129433632
v 0.002681924495846033 0.019156144931912422 -0.019618729129433632
v 0.002681924495846033 0.019156144931912422 -0.019618729129433632
v 0.002681924495846033 0.019156144931912422 -0.019618729129433632
v 0.002681924495846033 0.019156144931912422 -0.019618729129433632
v 0.0026800965424627066 0.019330348819494247 -0.018968738615512848
v 0.0026800965424627066 0.019330348819494247 -0.018968738615512848
v 0.0026800965424627066 0.019330348819494247 -0.018968738615512848
v 0.0026800965424627066 0.019330348819494247 -0.018968738615512848
v 0.0026782683562487364 0.019156159833073616 -0.018318701535463333
v 0.0026782683562487364 0.019156159833073616 -0.018318701535463333
v 0.0026782683562487364 0.019156159833073616 -0.018318701535463333
v 0.0026782683562487364 0.019156159833073616 -0.018318701535463333
v 0.0026782683562487364 0.019156159833073616 -0.018318701535463333
v 0.00267692469060421 -0.017381977289915085 -0.017840895801782608
v 0.00267692469060421 -0.017381977289915085 -0.017840895801782608
v 0.00267692469060421 -0.017381977289915085 -0.017840895801782608
v 0.00267692469060421 -0.017381977289915085 -0.017840895801782608
v 0.00267692469060421 -0.017381977289915085 -0.017840895801782608
v 0.002676434814929962 -0.018031980842351913 -0.017666693776845932
v 0.002676434814929962 -0.018031980842351913 -0.017666693776845932
v 0.002676434814929962 -0.018031980842351913 -0.017666693776845932
v 0.002676434814929962 -0.018031980842351913 -0.017666693776845932
v 0.002676434814929962 -0.018031980842351913 -0.017666693776845932
v 0.0026769244577735662 -0.01868201047182083 -0.017840823158621788
v 0.0026769244577735662 -0.01868201047182083 -0.017840823158621788
v 0.0026769244577735662 -0.01868201047182083 -0.017840823158621788
v 0.0026769244577735662 -0.01868201047182083 -0.017840823158621788
v 0.0026769244577735662 -0.01868201047182083 -0.017840823158621788
v 0.002678262535482645 -0.019157886505126953 -0.018316585570573807
v 0.002678262535482645 -0.019157886505126953 -0.018316585570573807
v 0.002678262535482645 -0.019157886505126953 -0.018316585570573807
v 0.002678262535482645 -0.019157886505126953 -0.018316585570573807
v 0.002678262535482645 -0.019157886505126953 -0.018316585570573807
v 0.0026800904888659716 -0.01933208853006363 -0.01896657794713974
v 0.0026800904888659716 -0.01933208853006363 -0.01896657794713974
v 0.0026800904888659716 -0.01933208853006363 -0.01896657794713974
v 0.0026800904888659716 -0.01933208853006363 -0.01896657794713974
v 0.0026800904888659716 -0.01933208853006363 -0.01896657794713974
v 0.0026819186750799417 -0.019157959148287773 -0.019616613164544106
v 0.0026819186750799417 -0.019157959148287773 -0.019616613164544106
v 0.0026819186750799417 -0.019157959148287773 -0.019616613164544106
v 0.002683256985619664 -0.01868213340640068 -0.02009248547255993
v 0.002683256985619664 -0.01868213340640068 -0.02009248547255993
v 0.002683256985619664 -0.01868213340640068 -0.02009248547255993
v 0.002683256985619664 -0.01868213340640068 -0.02009248547255993
v 0.002683256985619664 -0.01868213340640068 -0.02009248547255993
v 0.002683746861293912 -0.018032141029834747 -0.020266689360141754
v 0.002683746861293912 -0.018032141029834747 -0.020266689360141754
v 0.002683746861293912 -0.018032141029834747 -0.020266689360141754
v 0.002683746861293912 -0.018032141029834747 -0.020266689360141754
v 0.002683746861293912 -0.018032141029834747 -0.020266689360141754
v 0.002683746861293912 -0.018032141029834747 -0.020266689360141754
v 0.002683256985619664 -0.017382102087140083 -0.020092500373721123
v 0.002683256985619664 -0.017382102087140083 -0.020092500373721123
v 0.002683256985619664 -0.017382102087140083 -0.020092500373721123
v 0.002683256985619664 -0.017382102087140083 -0.020092500373721123
v 0.002683256985619664 -0.017382102087140083 -0.020092500373721123
v 0.0026819189079105854 -0.016906296834349632 -0.019616737961769104
v 0.0026819189079105854 -0.016906296834349632 -0.019616737961769104
v 0.0026819189079105854 -0.016906296834349632 -0.019616737961769104
v 0.0026819189079105854 -0.016906296834349632 -0.019616737961769104
v 0.002680090954527259 -0.01673208177089691 -0.01896674744784832
v 0.002680090954527259 -0.01673208177089691 -0.01896674744784832
v 0.002680090954527259 -0.01673208177089691 -0.01896674744784832
v 0.002680090954527259 -0.01673208177089691 -0.01896674744784832
v 0.0026782627683132887 -0.016906211152672768 -0.018316710367798805
v 0.0026782627683132887 -0.016906211152672768 -0.018316710367798805
v 0.0026782627683132887 -0.016906211152672768 -0.018316710367798805
v 0.0026782627683132887 -0.016906211152672768 -0.018316710367798805
v 0.002575506456196308 -0.017379984259605408 0.01822139322757721
v 0.002575506456196308 -0.017379984259605408 0.01822139322757721
v 0.002575506456196308 -0.017379984259605408 0.01822139322757721
v 0.002575506456196308 -0.017379984259605408 0.01822139322757721
v 0.002575506456196308 -0.017379984259605408 0.01822139322757721
v 0.0025750165805220604 -0.01802998036146164 0.018395595252513885
v 0.0025750165805220604 -0.01802998036146164 0.018395595252513885
v 0.0025750165805220604 -0.01802998036146164 0.018395595252513885
v 0.0025750165805220604 -0.01802998036146164 0.018395595252513885
v 0.0025750165805220604 -0.01802998036146164 0.018395595252513885
v 0.0025755062233656645 -0.018680017441511154 0.01822146587073803
v 0.0025755062233656645 -0.018680017441511154 0.01822146587073803
v 0.0025755062233656645 -0.018680017441511154 0.01822146587073803
v 0.0025755062233656645 -0.018680017441511154 0.01822146587073803
v 0.0025755062233656645 -0.018680017441511154 0.01822146587073803
v 0.0025755062233656645 -0.018680017441511154 0.01822146587073803
v 0.002576844533905387 -0.019155893474817276 0.017745641991496086
v 0.002576844533905387 -0.019155893474817276 0.017745641991496086
v 0.002576844533905387 -0.019155893474817276 0.017745641991496086
v 0.002576844533905387 -0.019155893474817276 0.017745641991496086
v 0.002576844533905387 -0.019155893474817276 0.017745641991496086
v 0.0025786724872887135 -0.0193300973623991 0.017095651477575302
v 0.0025786724872887135 -0.0193300973623991 0.017095651477575302
v 0.0025786724872887135 -0.0193300973623991 0.017095651477575302
v 0.0025786724872887135 -0.0193300973623991 0.017095651477575302
v 0.0025786724872887135 -0.0193300973623991 0.017095651477575302
v 0.00258050044067204 -0.019155967980623245 0.016445614397525787
v 0.00258050044067204 -0.019155967980623245 0.016445614397525787
v 0.00258050044067204 -0.019155967980623245 0.016445614397525787
v 0.00258050044067204 -0.019155967980623245 0.016445614397525787
v 0.00258050044067204 -0.019155967980623245 0.016445614397525787
v 0.0025818385183811188 -0.018680142238736153 0.015969812870025635
v 0.0025818385183811188 -0.018680142238736153 0.015969812870025635
v 0.0025818385183811188 -0.018680142238736153 0.015969812870025635
v 0.0025818385183811188 -0.018680142238736153 0.015969812870025635
v 0.0025818385183811188 -0.018680142238736153 0.015969812870025635
v 0.00258232862688601 -0.01803014986217022 0.015795597806572914
v 0.00258232862688601 -0.01803014986217022 0.015795597806572914
v 0.00258232862688601 -0.01803014986217022 0.015795597806572914
v 0.00258232862688601 -0.01803014986217022 0.015795597806572914
v 0.00258232862688601 -0.01803014986217022 0.015795597806572914
v 0.0025818387512117624 -0.017380110919475555 0.01596972718834877
v 0.0025818387512117624 -0.017380110919475555 0.01596972718834877
v 0.0025818387512117624 -0.017380110919475555 0.01596972718834877
v 0.0025818387512117624 -0.017380110919475555 0.01596972718834877
v 0.0025818387512117624 -0.017380110919475555 0.01596972718834877
v 0.0025818387512117624 -0.017380110919475555 0.01596972718834877
v 0.0025805009063333273 -0.01690429449081421 0.01644548960030079
v 0.0025805009063333273 -0.01690429449081421 0.01644548960030079
v 0.0025805009063333273 -0.01690429449081421 0.01644548960030079
v 0.0025805009063333273 -0.01690429449081421 0.01644548960030079
v 0.0025805009063333273 -0.01690429449081421 0.01644548960030079
v 0.0025805009063333273 -0.01690429449081421 0.01644548960030079
v 0.0025786729529500008 -0.016730090603232384 0.017095491290092468
v 0.0025786729529500008 -0.016730090603232384 0.017095491290092468
v 0.0025786729529500008 -0.016730090603232384 0.017095491290092468
v 0.0025786729529500008 -0.016730090603232384 0.017095491290092468
v 0.0025768447667360306 -0.01690421998500824 0.017745519056916237
v 0.0025768447667360306 -0.01690421998500824 0.017745519056916237
v 0.0025768447667360306 -0.01690421998500824 0.017745519056916237
v 0.0025768447667360306 -0.01690421998500824 0.017745519056916237
v 0.002575512044131756 0.018682384863495827 0.018219400197267532
v 0.002575512044131756 0.018682384863495827 0.018219400197267532
v 0.002575512044131756 0.018682384863495827 0.018219400197267532
v 0.002575512044131756 0.018682384863495827 0.018219400197267532
v 0.002575512044131756 0.018682384863495827 0.018219400197267532
v 0.002575512044131756 0.018682384863495827 0.018219400197267532
v 0.002575022168457508 0.018032392486929893 0.01839360222220421
v 0.002575022168457508 0.018032392486929893 0.01839360222220421
v 0.002575022168457508 0.018032392486929893 0.01839360222220421
v 0.002575022168457508 0.018032392486929893 0.01839360222220421
v 0.002575022168457508 0.018032392486929893 0.01839360222220421
v 0.002575512044131756 0.01738235354423523 0.018219415098428726
v 0.002575512044131756 0.01738235354423523 0.018219415098428726
v 0.002575512044131756 0.01738235354423523 0.018219415098428726
v 0.002575512044131756 0.01738235354423523 0.018219415098428726
v 0.002575512044131756 0.01738235354423523 0.018219415098428726
v 0.0025768501218408346 0.01690654829144478 0.017743650823831558
v 0.0025768501218408346 0.01690654829144478 0.017743650823831558
v 0.0025768501218408346 0.01690654829144478 0.017743650823831558
v 0.0025768501218408346 0.01690654829144478 0.017743650823831558
v 0.0025768501218408346 0.01690654829144478 0.017743650823831558
v 0.002578678075224161 0.016732333227992058 0.017093660309910774
v 0.002578678075224161 0.016732333227992058 0.017093660309910774
v 0.002578678075224161 0.016732333227992058 0.017093660309910774
v 0.002578678075224161 0.016732333227992058 0.017093660309910774
v 0.0025805060286074877 0.016906462609767914 0.01644362509250641
v 0.0025805060286074877 0.016906462609767914 0.01644362509250641
v 0.0025805060286074877 0.016906462609767914 0.01644362509250641
v 0.0025805060286074877 0.016906462609767914 0.01644362509250641
v 0.00258184433914721 0.01738222874701023 0.01596781052649021
v 0.00258184433914721 0.01738222874701023 0.01596781052649021
v 0.00258184433914721 0.01738222874701023 0.01596781052649021
v 0.00258184433914721 0.01738222874701023 0.01596781052649021
v 0.00258184433914721 0.01738222874701023 0.01596781052649021
v 0.002582334214821458 0.01803223229944706 0.015793606638908386
v 0.002582334214821458 0.01803223229944706 0.015793606638908386
v 0.002582334214821458 0.01803223229944706 0.015793606638908386
v 0.002582334214821458 0.01803223229944706 0.015793606638908386
v 0.002582334214821458 0.01803223229944706 0.015793606638908386
v 0.0025818445719778538 0.018682261928915977 0.015967736020684242
v 0.0025818445719778538 0.018682261928915977 0.015967736020684242
v 0.0025818445719778538 0.018682261928915977 0.015967736020684242
v 0.0025818445719778538 0.018682261928915977 0.015967736020684242
v 0.002580506494268775 0.0191581379622221 0.01644349843263626
v 0.002580506494268775 0.0191581379622221 0.01644349843263626
v 0.002580506494268775 0.0191581379622221 0.01644349843263626
v 0.002580506494268775 0.0191581379622221 0.01644349843263626
v 0.002580506494268775 0.0191581379622221 0.01644349843263626
v 0.0025786785408854485 0.019332339987158775 0.017093490809202194
v 0.0025786785408854485 0.019332339987158775 0.017093490809202194
v 0.0025786785408854485 0.019332339987158775 0.017093490809202194
v 0.0025786785408854485 0.019332339987158775 0.017093490809202194
v 0.0025768503546714783 0.01915821060538292 0.01774352602660656
v 0.0025768503546714783 0.01915821060538292 0.01774352602660656
v 0.0025768503546714783 0.01915821060538292 0.01774352602660656
v 0.0025768503546714783 0.01915821060538292 0.01774352602660656
v 0.0025768503546714783 0.01915821060538292 0.01774352602660656
v 0.003749642288312316 0.027575230225920677 -0.0081349341198802
v 0.003749642288312316 0.027575230225920677 -0.0081349341198802
v 0.003749642288312316 0.027575230225920677 -0.0081349341198802
v 0.003749642288312316 0.027575230225920677 -0.0081349341198802
v 0.003749642288312316 0.027575230225920677 -0.0081349341198802
v -0.0018503745086491108 0.027575230225920677 -0.008150683715939522
v -0.0018503745086491108 0.027575230225920677 -0.008150683715939522
v -0.0018503745086491108 0.027575230225920677 -0.008150683715939522
v -0.0018503745086491108 0.027575230225920677 -0.008150683715939522
v 0.0037825421895831823 0.021331625059247017 -0.019833536818623543
v 0.0037825421895831823 0.021331625059247017 -0.019833536818623543
v 0.0037825421895831823 0.021331625059247017 -0.019833536818623543
v 0.0037825421895831823 0.021331625059247017 -0.019833536818623543
v 0.0037914770655333996 0.018023565411567688 -0.02301057241857052
v 0.0037914770655333996 0.018023565411567688 -0.02301057241857052
v 0.0037914770655333996 0.018023565411567688 -0.02301057241857052
v 0.0037914770655333996 0.018023565411567688 -0.02301057241857052
v 0.0038087067659944296 0.004098509903997183 -0.02913709357380867
v 0.0038087067659944296 0.004098509903997183 -0.02913709357380867
v 0.0038087067659944296 0.004098509903997183 -0.02913709357380867
v 0.0038087067659944296 0.004098509903997183 -0.02913709357380867
v 0.0038087067659944296 0.004098509903997183 -0.02913709357380867
v 0.0038087067659944296 0.004098509903997183 -0.02913709357380867
v 0.0038079209625720978 0.00569927180185914 -0.028857683762907982
v 0.0038079209625720978 0.00569927180185914 -0.028857683762907982
v 0.0038079209625720978 0.00569927180185914 -0.028857683762907982
v 0.0038079209625720978 0.00569927180185914 -0.028857683762907982
v 0.003804332809522748 0.010104836896061897 -0.02758180722594261
v 0.003804332809522748 0.010104836896061897 -0.02758180722594261
v 0.0037988037802278996 0.014248720370233059 -0.025615816935896873
v 0.0037988037802278996 0.014248720370233059 -0.025615816935896873
v 0.0037988037802278996 0.014248720370233059 -0.025615816935896873
v 0.00376080977730453 0.026218891143798828 -0.012105853296816349
v 0.00376080977730453 0.026218891143798828 -0.012105853296816349
v 0.00376080977730453 0.026218891143798828 -0.012105853296816349
v 0.00376080977730453 0.026218891143798828 -0.012105853296816349
v 0.00376080977730453 0.026218891143798828 -0.012105853296816349
v 0.0037722308188676834 0.024087155237793922 -0.016166942194104195
v 0.0037722308188676834 0.024087155237793922 -0.016166942194104195
v 0.0037722308188676834 0.024087155237793922 -0.016166942194104195
v -0.0010413039708510041 0.004098509903997183 -0.02915073372423649
v -0.0010413039708510041 0.004098509903997183 -0.02915073372423649
v -0.0010413039708510041 0.004098509903997183 -0.02915073372423649
v -0.00104053586255759 0.0011461289832368493 -0.029423881322145462
v -0.00104053586255759 0.0011461289832368493 -0.029423881322145462
v -0.0010404709028080106 -1.4495115010504378e-06 -0.029446972534060478
v -0.0010404709028080106 -1.4495115010504378e-06 -0.029446972534060478
v -0.001041055889800191 -0.003436687169596553 -0.029238959774374962
v -0.001041055889800191 -0.003436687169596553 -0.029238959774374962
v -0.0010413052514195442 -0.004101399332284927 -0.029150277376174927
v -0.0010413052514195442 -0.004101399332284927 -0.029150277376174927
v -0.0010413052514195442 -0.004101399332284927 -0.029150277376174927
v 0.0038087053690105677 -0.004101399332284927 -0.029136639088392258
v 0.0038087053690105677 -0.004101399332284927 -0.029136639088392258
v 0.0038087053690105677 -0.004101399332284927 -0.029136639088392258
v 0.0038087053690105677 -0.004101399332284927 -0.029136639088392258
v 0.003787191119045019 -0.019743625074625015 -0.02148653008043766
v 0.003787191119045019 -0.019743625074625015 -0.02148653008043766
v 0.003787191119045019 -0.019743625074625015 -0.02148653008043766
v 0.003787191119045019 -0.019743625074625015 -0.02148653008043766
v 0.003787191119045019 -0.019743625074625015 -0.02148653008043766
v 0.003787191119045019 -0.019743625074625015 -0.02148653008043766
v 0.003795349271968007 -0.016190994530916214 -0.02438746765255928
v 0.003795349271968007 -0.016190994530916214 -0.02438746765255928
v 0.003795349271968007 -0.016190994530916214 -0.02438746765255928
v 0.0038017993792891502 -0.012219000607728958 -0.026680992916226387
v 0.0038017993792891502 -0.012219000607728958 -0.026680992916226387
v 0.0038017993792891502 -0.012219000607728958 -0.026680992916226387
v 0.0038063740357756615 -0.007930576801300049 -0.028307661414146423
v 0.0038063740357756615 -0.007930576801300049 -0.028307661414146423
v 0.0038063740357756615 -0.007930576801300049 -0.028307661414146423
v 0.0037666333373636007 -0.02523607201874256 -0.014176604337990284
v 0.0037666333373636007 -0.02523607201874256 -0.014176604337990284
v 0.0037666333373636007 -0.02523607201874256 -0.014176604337990284
v 0.0037666333373636007 -0.02523607201874256 -0.014176604337990284
v 0.003777535632252693 -0.022784901782870293 -0.018053239211440086
v 0.003777535632252693 -0.022784901782870293 -0.018053239211440086
v 0.003777535632252693 -0.022784901782870293 -0.018053239211440086
v 0.0037547661922872066 -0.027033651247620583 -0.009956944733858109
v 0.0037547661922872066 -0.027033651247620583 -0.009956944733858109
v 0.0037547661922872066 -0.027033651247620583 -0.009956944733858109
v 0.0037547661922872066 -0.027033651247620583 -0.009956944733858109
v 0.0037496336735785007 -0.027575790882110596 -0.008131868205964565
v 0.0037496336735785007 -0.027575790882110596 -0.008131868205964565
v 0.0037496336735785007 -0.027575790882110596 -0.008131868205964565
v 0.0037496336735785007 -0.027575790882110596 -0.008131868205964565
v -0.001850383123382926 -0.027575790882110596 -0.008147616870701313
v -0.001850383123382926 -0.027575790882110596 -0.008147616870701313
v -0.001850383123382926 -0.027575790882110596 -0.008147616870701313
v -0.001850383123382926 -0.027575790882110596 -0.008147616870701313
v -0.001850383123382926 -0.027575790882110596 -0.008147616870701313
v -0.001851441920734942 0.027671562507748604 -0.007771139033138752
v -0.001851441920734942 0.027671562507748604 -0.007771139033138752
v -0.0018602568889036775 0.02826053276658058 -0.004636737518012524
v -0.0018602568889036775 0.02826053276658058 -0.004636737518012524
v -0.0018641735659912229 0.028407545760273933 -0.003244030522182584
v -0.0018641735659912229 0.028407545760273933 -0.003244030522182584
v -0.0018641735659912229 0.028407545760273933 -0.003244030522182584
v -0.0018706228584051132 0.02850012294948101 -0.0009507738868705928
v -0.0018706228584051132 0.02850012294948101 -0.0009507738868705928
v -0.0018770722672343254 0.028407825157046318 0.0013425134820863605
v -0.0018770722672343254 0.028407825157046318 0.0013425134820863605
v -0.0018809889443218708 0.028260933235287666 0.002735203830525279
v -0.0018809889443218708 0.028260933235287666 0.002735203830525279
v -0.00188980414532125 0.027672333642840385 0.005869681015610695
v -0.00188980414532125 0.027672333642840385 0.005869681015610695
v -0.0018908714409917593 0.027576042339205742 0.00624921964481473
v -0.0018908714409917593 0.027576042339205742 0.00624921964481473
v -0.0018908714409917593 0.027576042339205742 0.00624921964481473
v -0.0018908714409917593 0.027576042339205742 0.00624921964481473
v -0.0018908714409917593 0.027576042339205742 0.00624921964481473
v -0.0018834887305274606 -0.02813052572309971 0.0036240434274077415
v -0.0018834887305274606 -0.02813052572309971 0.0036240434274077415
v -0.0018908800557255745 -0.02757497876882553 0.006252286024391651
v -0.0018908800557255745 -0.02757497876882553 0.006252286024391651
v -0.0018908800557255745 -0.02757497876882553 0.006252286024391651
v -0.0018908800557255745 -0.02757497876882553 0.006252286024391651
v -0.0018577747978270054 -0.02813105471432209 -0.0055192988365888596
v -0.0018577747978270054 -0.02813105471432209 -0.0055192988365888596
v -0.0018602656200528145 -0.02826068177819252 -0.004633601289242506
v -0.0018602656200528145 -0.02826068177819252 -0.004633601289242506
v -0.001870631822384894 -0.028499871492385864 -0.0009476133855059743
v -0.001870631822384894 -0.028499871492385864 -0.0009476133855059743
v -0.0018809977918863297 -0.028260281309485435 0.0027383402921259403
v -0.0018809977918863297 -0.028260281309485435 0.0027383402921259403
v 0.0037091367412358522 -0.02757497876882553 0.006268035154789686
v 0.0037091367412358522 -0.02757497876882553 0.006268035154789686
v 0.0037091367412358522 -0.02757497876882553 0.006268035154789686
v 0.0037091367412358522 -0.02757497876882553 0.006268035154789686
v 0.0037040042225271463 -0.027032654732465744 0.008093006908893585
v 0.0037040042225271463 -0.027032654732465744 0.008093006908893585
v 0.0037040042225271463 -0.027032654732465744 0.008093006908893585
v 0.0036865556612610817 0.024088885635137558 0.01429742481559515
v 0.0036865556612610817 0.024088885635137558 0.01429742481559515
v 0.003676243359223008 0.02133370004594326 0.01796426624059677
v 0.003676243359223008 0.02133370004594326 0.01796426624059677
v 0.0036673075519502163 0.01802600361406803 0.021141663193702698
v 0.0036673075519502163 0.01802600361406803 0.021141663193702698
v 0.0036673075519502163 0.01802600361406803 0.021141663193702698
v 0.0036921377759426832 -0.02523459680378437 0.012312456965446472
v 0.0036921377759426832 -0.02523459680378437 0.012312456965446472
v 0.0036921377759426832 -0.02523459680378437 0.012312456965446472
v 0.0036921377759426832 -0.02523459680378437 0.012312456965446472
v 0.0036921377759426832 -0.02523459680378437 0.012312456965446472
v 0.0036921377759426832 -0.02523459680378437 0.012312456965446472
v 0.0036921377759426832 -0.02523459680378437 0.012312456965446472
v 0.0036812361795455217 -0.022783011198043823 0.016188880428671837
v 0.0036812361795455217 -0.022783011198043823 0.016188880428671837
v 0.0036812361795455217 -0.022783011198043823 0.016188880428671837
v 0.0036812361795455217 -0.022783011198043823 0.016188880428671837
v 0.0036812361795455217 -0.022783011198043823 0.016188880428671837
v 0.003697977401316166 0.026220126077532768 0.01023608073592186
v 0.003697977401316166 0.026220126077532768 0.01023608073592186
v 0.003697977401316166 0.026220126077532768 0.01023608073592186
v 0.003697977401316166 0.026220126077532768 0.01023608073592186
v 0.003697977401316166 0.026220126077532768 0.01023608073592186
v 0.0037091453559696674 0.027576042339205742 0.006264968775212765
v 0.0037091453559696674 0.027576042339205742 0.006264968775212765
v 0.0037091453559696674 0.027576042339205742 0.006264968775212765
v 0.0037091453559696674 0.027576042339205742 0.006264968775212765
v 0.0037091453559696674 0.027576042339205742 0.006264968775212765
v 0.0037091453559696674 0.027576042339205742 0.006264968775212765
v 0.0036599794402718544 0.014251455664634705 0.02374737150967121
v 0.0036599794402718544 0.014251455664634705 0.02374737150967121
v 0.0036599794402718544 0.014251455664634705 0.02374737150967121
v 0.0036599794402718544 0.014251455664634705 0.02374737150967121
v 0.0036599794402718544 0.014251455664634705 0.02374737150967121
v 0.0036599794402718544 0.014251455664634705 0.02374737150967121
v 0.0036715816240757704 -0.019741376861929893 0.019621822983026505
v 0.0036715816240757704 -0.019741376861929893 0.019621822983026505
v 0.0036715816240757704 -0.019741376861929893 0.019621822983026505
v 0.003663424402475357 -0.01618838682770729 0.02252238243818283
v 0.003663424402475357 -0.01618838682770729 0.02252238243818283
v 0.003663424402475357 -0.01618838682770729 0.02252238243818283
v 0.003663424402475357 -0.01618838682770729 0.02252238243818283
v 0.003663424402475357 -0.01618838682770729 0.02252238243818283
v 0.003656975692138076 -0.012216165661811829 0.024815399199724197
v 0.003656975692138076 -0.012216165661811829 0.024815399199724197
v 0.003656975692138076 -0.012216165661811829 0.024815399199724197
v 0.003652402199804783 -0.007927503436803818 0.02644164115190506
v 0.003652402199804783 -0.007927503436803818 0.02644164115190506
v 0.0036498229019343853 -0.003433552570641041 0.02735881321132183
v 0.0036498229019343853 -0.003433552570641041 0.02735881321132183
v 0.0036498229019343853 -0.003433552570641041 0.02735881321132183
v 0.0036493041552603245 0.0011492226039990783 0.027543265372514725
v 0.0036493041552603245 0.0011492226039990783 0.027543265372514725
v 0.0036493041552603245 0.0011492226039990783 0.027543265372514725
v 0.003650859696790576 0.005702352616935968 0.026990139856934547
v 0.003650859696790576 0.005702352616935968 0.026990139856934547
v 0.003650859696790576 0.005702352616935968 0.026990139856934547
v 0.003650859696790576 0.005702352616935968 0.026990139856934547
v 0.003654449013993144 0.010107805021107197 0.025713831186294556
v 0.003654449013993144 0.010107805021107197 0.025713831186294556
v 0.003654449013993144 0.010107805021107197 0.025713831186294556
v 0.003654449013993144 0.010107805021107197 0.025713831186294556
v 0.001267181127332151 -0.012185600586235523 -0.014374748803675175
v 0.001267181127332151 -0.012185600586235523 -0.014374748803675175
v 0.001267181127332151 -0.012185600586235523 -0.014374748803675175
v 0.001267181127332151 -0.012185600586235523 -0.014374748803675175
v 0.001267181127332151 -0.012185600586235523 -0.014374748803675175
v 0.001265423372387886 -0.01235305704176426 -0.013749741017818451
v 0.001265423372387886 -0.01235305704176426 -0.013749741017818451
v 0.001265423372387886 -0.01235305704176426 -0.013749741017818451
v 0.001265423372387886 -0.01235305704176426 -0.013749741017818451
v 0.001265423372387886 -0.01235305704176426 -0.013749741017818451
v 0.001265423372387886 -0.01235305704176426 -0.013749741017818451
v 0.001264136633835733 -0.012810533866286278 -0.01329218503087759
v 0.001264136633835733 -0.012810533866286278 -0.01329218503087759
v 0.001264136633835733 -0.012810533866286278 -0.01329218503087759
v 0.001264136633835733 -0.012810533866286278 -0.01329218503087759
v 0.001264136633835733 -0.012810533866286278 -0.01329218503087759
v 0.0012636655010282993 -0.01343554724007845 -0.013124661520123482
v 0.0012636655010282993 -0.01343554724007845 -0.013124661520123482
v 0.0012636655010282993 -0.01343554724007845 -0.013124661520123482
v 0.0012636655010282993 -0.01343554724007845 -0.013124661520123482
v 0.0012636655010282993 -0.01343554724007845 -0.013124661520123482
v 0.0012636655010282993 -0.01343554724007845 -0.013124661520123482
v 0.0012706962879747152 -0.013435684144496918 -0.015624678693711758
v 0.0012706962879747152 -0.013435684144496918 -0.015624678693711758
v 0.0012706962879747152 -0.013435684144496918 -0.015624678693711758
v 0.0012706962879747152 -0.013435684144496918 -0.015624678693711758
v 0.0012702253879979253 -0.012810682877898216 -0.015457234345376492
v 0.0012702253879979253 -0.012810682877898216 -0.015457234345376492
v 0.0012702253879979253 -0.012810682877898216 -0.015457234345376492
v 0.0012702253879979253 -0.012810682877898216 -0.015457234345376492
v 0.0012689388822764158 -0.012353125959634781 -0.014999749138951302
v 0.0012689388822764158 -0.012353125959634781 -0.014999749138951302
v 0.0012689388822764158 -0.012353125959634781 -0.014999749138951302
v 0.0012689388822764158 -0.012353125959634781 -0.014999749138951302
v 0.0012689388822764158 -0.012353125959634781 -0.014999749138951302
v 0.0012689388822764158 -0.012353125959634781 -0.014999749138951302
v 0.0012702251551672816 -0.014060696586966515 -0.015457156114280224
v 0.0012702251551672816 -0.014060696586966515 -0.015457156114280224
v 0.0012702251551672816 -0.014060696586966515 -0.015457156114280224
v 0.0012702251551672816 -0.014060696586966515 -0.015457156114280224
v 0.0012702251551672816 -0.014060696586966515 -0.015457156114280224
v 0.0012671807780861855 -0.014685628935694695 -0.014374601654708385
v 0.0012671807780861855 -0.014685628935694695 -0.014374601654708385
v 0.0012671807780861855 -0.014685628935694695 -0.014374601654708385
v 0.0012671807780861855 -0.014685628935694695 -0.014374601654708385
v 0.0012671807780861855 -0.014685628935694695 -0.014374601654708385
v 0.0012689384166151285 -0.014518174342811108 -0.014999610371887684
v 0.0012689384166151285 -0.014518174342811108 -0.014999610371887684
v 0.0012689384166151285 -0.014518174342811108 -0.014999610371887684
v 0.0012689384166151285 -0.014518174342811108 -0.014999610371887684
v 0.0012654230231419206 -0.014518105424940586 -0.013749590143561363
v 0.0012654230231419206 -0.014518105424940586 -0.013749590143561363
v 0.0012654230231419206 -0.014518105424940586 -0.013749590143561363
v 0.0012654230231419206 -0.014518105424940586 -0.013749590143561363
v 0.0012641364010050893 -0.014060547575354576 -0.013292116113007069
v 0.0012641364010050893 -0.014060547575354576 -0.013292116113007069
v 0.0012641364010050893 -0.014060547575354576 -0.013292116113007069
v 0.0012641364010050893 -0.014060547575354576 -0.013292116113007069
v 0.0012641364010050893 -0.014060547575354576 -0.013292116113007069
v 0.0012671853182837367 0.014684382826089859 -0.01437623705714941
v 0.0012671853182837367 0.014684382826089859 -0.01437623705714941
v 0.0012671853182837367 0.014684382826089859 -0.01437623705714941
v 0.0012671853182837367 0.014684382826089859 -0.01437623705714941
v 0.0012671853182837367 0.014684382826089859 -0.01437623705714941
v 0.0012689430732280016 0.014516858384013176 -0.015001247636973858
v 0.0012689430732280016 0.014516858384013176 -0.015001247636973858
v 0.0012689430732280016 0.014516858384013176 -0.015001247636973858
v 0.0012689430732280016 0.014516858384013176 -0.015001247636973858
v 0.0012654276797547936 0.014516936615109444 -0.013751237653195858
v 0.0012654276797547936 0.014516936615109444 -0.013751237653195858
v 0.0012654276797547936 0.014516936615109444 -0.013751237653195858
v 0.0012654276797547936 0.014516936615109444 -0.013751237653195858
v 0.0012654276797547936 0.014516936615109444 -0.013751237653195858
v 0.0012641408247873187 0.014059450477361679 -0.013293683528900146
v 0.0012641408247873187 0.014059450477361679 -0.013293683528900146
v 0.0012641408247873187 0.014059450477361679 -0.013293683528900146
v 0.0012641408247873187 0.014059450477361679 -0.013293683528900146
v 0.0012641408247873187 0.014059450477361679 -0.013293683528900146
v 0.001263669691979885 0.013434447348117828 -0.013126159086823463
v 0.001263669691979885 0.013434447348117828 -0.013126159086823463
v 0.001263669691979885 0.013434447348117828 -0.013126159086823463
v 0.001263669691979885 0.013434447348117828 -0.013126159086823463
v 0.001263669691979885 0.013434447348117828 -0.013126159086823463
v 0.0012707005953416228 0.013434300199151039 -0.015626177191734314
v 0.0012707005953416228 0.013434300199151039 -0.015626177191734314
v 0.0012707005953416228 0.013434300199151039 -0.015626177191734314
v 0.0012707005953416228 0.013434300199151039 -0.015626177191734314
v 0.0012707005953416228 0.013434300199151039 -0.015626177191734314
v 0.0012707005953416228 0.013434300199151039 -0.015626177191734314
v 0.001270229578949511 0.014059310778975487 -0.015458722598850727
v 0.001270229578949511 0.014059310778975487 -0.015458722598850727
v 0.001270229578949511 0.014059310778975487 -0.015458722598850727
v 0.001270229578949511 0.014059310778975487 -0.015458722598850727
v 0.0012702294625341892 0.012809286825358868 -0.015458653680980206
v 0.0012702294625341892 0.012809286825358868 -0.015458653680980206
v 0.0012702294625341892 0.012809286825358868 -0.015458653680980206
v 0.0012702294625341892 0.012809286825358868 -0.015458653680980206
v 0.0012702294625341892 0.012809286825358868 -0.015458653680980206
v 0.0012702294625341892 0.012809286825358868 -0.015458653680980206
v 0.0012689426075667143 0.01235181000083685 -0.015001097694039345
v 0.0012689426075667143 0.01235181000083685 -0.015001097694039345
v 0.0012689426075667143 0.01235181000083685 -0.015001097694039345
v 0.0012689426075667143 0.01235181000083685 -0.015001097694039345
v 0.0012689426075667143 0.01235181000083685 -0.015001097694039345
v 0.0012689426075667143 0.01235181000083685 -0.015001097694039345
v 0.0012671849690377712 0.012184355407953262 -0.014376100152730942
v 0.0012671849690377712 0.012184355407953262 -0.014376100152730942
v 0.0012671849690377712 0.012184355407953262 -0.014376100152730942
v 0.0012671849690377712 0.012184355407953262 -0.014376100152730942
v 0.0012641407083719969 0.01280943676829338 -0.013293614611029625
v 0.0012641407083719969 0.01280943676829338 -0.013293614611029625
v 0.0012641407083719969 0.01280943676829338 -0.013293614611029625
v 0.0012641407083719969 0.01280943676829338 -0.013293614611029625
v 0.0012641407083719969 0.01280943676829338 -0.013293614611029625
v 0.0012654272140935063 0.01235187891870737 -0.01375108864158392
v 0.0012654272140935063 0.01235187891870737 -0.01375108864158392
v 0.0012654272140935063 0.01235187891870737 -0.01375108864158392
v 0.0012654272140935063 0.01235187891870737 -0.01375108864158392
v 0.0012654272140935063 0.01235187891870737 -0.01375108864158392
v 0.001188574475236237 0.01406094804406166 0.013576194643974304
v 0.001188574475236237 0.01406094804406166 0.013576194643974304
v 0.001188574475236237 0.01406094804406166 0.013576194643974304
v 0.001188574475236237 0.01406094804406166 0.013576194643974304
v 0.001188574475236237 0.01406094804406166 0.013576194643974304
v 0.0011946632293984294 0.014060799032449722 0.011411154642701149
v 0.0011946632293984294 0.014060799032449722 0.011411154642701149
v 0.0011946632293984294 0.014060799032449722 0.011411154642701149
v 0.0011946632293984294 0.014060799032449722 0.011411154642701149
v 0.0011946632293984294 0.014060799032449722 0.011411154642701149
v 0.0011951342457905412 0.013435798697173595 0.011243700981140137
v 0.0011951342457905412 0.013435798697173595 0.011243700981140137
v 0.0011951342457905412 0.013435798697173595 0.011243700981140137
v 0.0011951342457905412 0.013435798697173595 0.011243700981140137
v 0.0011951342457905412 0.013435798697173595 0.011243700981140137
v 0.0011946631129831076 0.012810785323381424 0.01141122356057167
v 0.0011946631129831076 0.012810785323381424 0.01141122356057167
v 0.0011946631129831076 0.012810785323381424 0.01141122356057167
v 0.0011946631129831076 0.012810785323381424 0.01141122356057167
v 0.0011946631129831076 0.012810785323381424 0.01141122356057167
v 0.0011898608645424247 0.012353377416729927 0.013118788599967957
v 0.0011898608645424247 0.012353377416729927 0.013118788599967957
v 0.0011898608645424247 0.012353377416729927 0.013118788599967957
v 0.0011898608645424247 0.012353377416729927 0.013118788599967957
v 0.0011898608645424247 0.012353377416729927 0.013118788599967957
v 0.0011898608645424247 0.012353377416729927 0.013118788599967957
v 0.0011898608645424247 0.012353377416729927 0.013118788599967957
v 0.0011881033424288034 0.013435935601592064 0.013743718154728413
v 0.0011881033424288034 0.013435935601592064 0.013743718154728413
v 0.0011881033424288034 0.013435935601592064 0.013743718154728413
v 0.0011881033424288034 0.013435935601592064 0.013743718154728413
v 0.0011885742424055934 0.012810934334993362 0.013576272875070572
v 0.0011885742424055934 0.012810934334993362 0.013576272875070572
v 0.0011885742424055934 0.012810934334993362 0.013576272875070572
v 0.0011885742424055934 0.012810934334993362 0.013576272875070572
v 0.0011885742424055934 0.012810934334993362 0.013576272875070572
v 0.0011898612137883902 0.014518425799906254 0.013118648901581764
v 0.0011898612137883902 0.014518425799906254 0.013118648901581764
v 0.0011898612137883902 0.014518425799906254 0.013118648901581764
v 0.0011898612137883902 0.014518425799906254 0.013118648901581764
v 0.0011898612137883902 0.014518425799906254 0.013118648901581764
v 0.001191618968732655 0.01468588039278984 0.01249364111572504
v 0.001191618968732655 0.01468588039278984 0.01249364111572504
v 0.001191618968732655 0.01468588039278984 0.01249364111572504
v 0.001191618968732655 0.01468588039278984 0.01249364111572504
v 0.001191618968732655 0.01468588039278984 0.01249364111572504
v 0.00119337672367692 0.014518356882035732 0.011868629604578018
v 0.00119337672367692 0.014518356882035732 0.011868629604578018
v 0.00119337672367692 0.014518356882035732 0.011868629604578018
v 0.00119337672367692 0.014518356882035732 0.011868629604578018
v 0.0011933762580156326 0.012353308498859406 0.011868779547512531
v 0.0011933762580156326 0.012353308498859406 0.011868779547512531
v 0.0011933762580156326 0.012353308498859406 0.011868779547512531
v 0.0011933762580156326 0.012353308498859406 0.011868779547512531
v 0.0011933762580156326 0.012353308498859406 0.011868779547512531
v 0.0011933762580156326 0.012353308498859406 0.011868779547512531
v 0.0011916186194866896 0.01218585204333067 0.01249378826469183
v 0.0011916186194866896 0.01218585204333067 0.01249378826469183
v 0.0011916186194866896 0.01218585204333067 0.01249378826469183
v 0.0011916186194866896 0.01218585204333067 0.01249378826469183
v 0.0011916186194866896 0.01218585204333067 0.01249378826469183
v 0.0011898570228368044 -0.012351558543741703 0.013120137155056
v 0.0011898570228368044 -0.012351558543741703 0.013120137155056
v 0.0011898570228368044 -0.012351558543741703 0.013120137155056
v 0.0011898570228368044 -0.012351558543741703 0.013120137155056
v 0.0011898570228368044 -0.012351558543741703 0.013120137155056
v 0.0011898570228368044 -0.012351558543741703 0.013120137155056
v 0.0011916147777810693 -0.012184103950858116 0.012495139613747597
v 0.0011916147777810693 -0.012184103950858116 0.012495139613747597
v 0.0011916147777810693 -0.012184103950858116 0.012495139613747597
v 0.0011916147777810693 -0.012184103950858116 0.012495139613747597
v 0.0011916147777810693 -0.012184103950858116 0.012495139613747597
v 0.0011916147777810693 -0.012184103950858116 0.012495139613747597
v 0.0011933725327253342 -0.012351627461612225 0.011870128102600574
v 0.0011933725327253342 -0.012351627461612225 0.011870128102600574
v 0.0011933725327253342 -0.012351627461612225 0.011870128102600574
v 0.0011933725327253342 -0.012351627461612225 0.011870128102600574
v 0.0011933725327253342 -0.012351627461612225 0.011870128102600574
v 0.0011946590384468436 -0.012809185311198235 0.011412653140723705
v 0.0011946590384468436 -0.012809185311198235 0.011412653140723705
v 0.0011946590384468436 -0.012809185311198235 0.011412653140723705
v 0.0011946590384468436 -0.012809185311198235 0.011412653140723705
v 0.0011951299384236336 -0.013434195891022682 0.011245197616517544
v 0.0011951299384236336 -0.013434195891022682 0.011245197616517544
v 0.0011951299384236336 -0.013434195891022682 0.011245197616517544
v 0.0011951299384236336 -0.013434195891022682 0.011245197616517544
v 0.0011951299384236336 -0.013434195891022682 0.011245197616517544
v 0.0011946588056162 -0.014059199020266533 0.011412722058594227
v 0.0011946588056162 -0.014059199020266533 0.011412722058594227
v 0.0011946588056162 -0.014059199020266533 0.011412722058594227
v 0.0011946588056162 -0.014059199020266533 0.011412722058594227
v 0.0011946588056162 -0.014059199020266533 0.011412722058594227
v 0.0011946588056162 -0.014059199020266533 0.011412722058594227
v 0.0011933720670640469 -0.014516685158014297 0.011870277114212513
v 0.0011933720670640469 -0.014516685158014297 0.011870277114212513
v 0.0011933720670640469 -0.014516685158014297 0.011870277114212513
v 0.0011933720670640469 -0.014516685158014297 0.011870277114212513
v 0.0011916144285351038 -0.014684131368994713 0.012495276518166065
v 0.0011916144285351038 -0.014684131368994713 0.012495276518166065
v 0.0011916144285351038 -0.014684131368994713 0.012495276518166065
v 0.0011916144285351038 -0.014684131368994713 0.012495276518166065
v 0.001189856673590839 -0.01451660692691803 0.013120286166667938
v 0.001189856673590839 -0.01451660692691803 0.013120286166667938
v 0.001189856673590839 -0.01451660692691803 0.013120286166667938
v 0.001189856673590839 -0.01451660692691803 0.013120286166667938
v 0.0011880991514772177 -0.013434048742055893 0.013745216652750969
v 0.0011880991514772177 -0.013434048742055893 0.013745216652750969
v 0.0011880991514772177 -0.013434048742055893 0.013745216652750969
v 0.0011880991514772177 -0.013434048742055893 0.013745216652750969
v 0.0011880991514772177 -0.013434048742055893 0.013745216652750969
v 0.0011885700514540076 -0.01405905932188034 0.013577762059867382
v 0.0011885700514540076 -0.01405905932188034 0.013577762059867382
v 0.0011885700514540076 -0.01405905932188034 0.013577762059867382
v 0.0011885700514540076 -0.01405905932188034 0.013577762059867382
v 0.0011885702842846513 -0.012809035368263721 0.01357769314199686
v 0.0011885702842846513 -0.012809035368263721 0.01357769314199686
v 0.0011885702842846513 -0.012809035368263721 0.01357769314199686
v 0.0011885702842846513 -0.012809035368263721 0.01357769314199686
v 0.0011885702842846513 -0.012809035368263721 0.01357769314199686
v -0.0011199197033420205 0.01673034206032753 -0.018979264423251152
v -0.0011199197033420205 0.01673034206032753 -0.018979264423251152
v -0.0011199197033420205 0.01673034206032753 -0.018979264423251152
v -0.0011199197033420205 0.01673034206032753 -0.018979264423251152
v -0.001121747656725347 0.016904545947909355 -0.018329262733459473
v -0.001121747656725347 0.016904545947909355 -0.018329262733459473
v -0.001121747656725347 0.016904545947909355 -0.018329262733459473
v -0.001121747656725347 0.016904545947909355 -0.018329262733459473
v -0.001123085618019104 0.0173803623765707 -0.017853500321507454
v -0.001123085618019104 0.0173803623765707 -0.017853500321507454
v -0.001123085618019104 0.0173803623765707 -0.017853500321507454
v -0.001123085618019104 0.0173803623765707 -0.017853500321507454
v -0.00112357537727803 0.018030401319265366 -0.017679370939731598
v -0.00112357537727803 0.018030401319265366 -0.017679370939731598
v -0.00112357537727803 0.018030401319265366 -0.017679370939731598
v -0.0011230853851884604 0.0186803936958313 -0.01785358600318432
v -0.0011230853851884604 0.0186803936958313 -0.01785358600318432
v -0.0011230853851884604 0.0186803936958313 -0.01785358600318432
v -0.0011230853851884604 0.0186803936958313 -0.01785358600318432
v -0.0011217473074793816 0.019156159833073616 -0.01832938753068447
v -0.0011217473074793816 0.019156159833073616 -0.01832938753068447
v -0.0011217473074793816 0.019156159833073616 -0.01832938753068447
v -0.0011217473074793816 0.019156159833073616 -0.01832938753068447
v -0.0011199192376807332 0.019330348819494247 -0.018979424610733986
v -0.0011199192376807332 0.019330348819494247 -0.018979424610733986
v -0.0011199192376807332 0.019330348819494247 -0.018979424610733986
v -0.0011199192376807332 0.019330348819494247 -0.018979424610733986
v -0.0011180912842974067 0.019156144931912422 -0.01962941512465477
v -0.0011180912842974067 0.019156144931912422 -0.01962941512465477
v -0.0011180912842974067 0.019156144931912422 -0.01962941512465477
v -0.0011180912842974067 0.019156144931912422 -0.01962941512465477
v -0.001116753090173006 0.0186802688986063 -0.020105239003896713
v -0.001116753090173006 0.0186802688986063 -0.020105239003896713
v -0.001116753090173006 0.0186802688986063 -0.020105239003896713
v -0.001116753090173006 0.0186802688986063 -0.020105239003896713
v -0.0011162633309140801 0.018030231818556786 -0.02027936838567257
v -0.0011162633309140801 0.018030231818556786 -0.02027936838567257
v -0.0011162633309140801 0.018030231818556786 -0.02027936838567257
v -0.0011162633309140801 0.018030231818556786 -0.02027936838567257
v -0.0011167533230036497 0.017380235716700554 -0.020105166360735893
v -0.0011167533230036497 0.017380235716700554 -0.020105166360735893
v -0.0011167533230036497 0.017380235716700554 -0.020105166360735893
v -0.0011167533230036497 0.017380235716700554 -0.020105166360735893
v -0.0011180916335433722 0.016904471442103386 -0.01962929219007492
v -0.0011180916335433722 0.016904471442103386 -0.01962929219007492
v -0.0011180916335433722 0.016904471442103386 -0.01962929219007492
v -0.0011199252912774682 -0.01933208853006363 -0.018977263942360878
v -0.0011199252912774682 -0.01933208853006363 -0.018977263942360878
v -0.0011199252912774682 -0.01933208853006363 -0.018977263942360878
v -0.0011199252912774682 -0.01933208853006363 -0.018977263942360878
v -0.0011217532446607947 -0.019157886505126953 -0.018327271565794945
v -0.0011217532446607947 -0.019157886505126953 -0.018327271565794945
v -0.0011217532446607947 -0.019157886505126953 -0.018327271565794945
v -0.0011217532446607947 -0.019157886505126953 -0.018327271565794945
v -0.0011230912059545517 -0.01868201047182083 -0.017851509153842926
v -0.0011230912059545517 -0.01868201047182083 -0.017851509153842926
v -0.0011230912059545517 -0.01868201047182083 -0.017851509153842926
v -0.0011230912059545517 -0.01868201047182083 -0.017851509153842926
v -0.0011235809652134776 -0.018031980842351913 -0.01767738163471222
v -0.0011235809652134776 -0.018031980842351913 -0.01767738163471222
v -0.0011235809652134776 -0.018031980842351913 -0.01767738163471222
v -0.0011235809652134776 -0.018031980842351913 -0.01767738163471222
v -0.0011230910895392299 -0.017381977289915085 -0.017851583659648895
v -0.0011230910895392299 -0.017381977289915085 -0.017851583659648895
v -0.0011230910895392299 -0.017381977289915085 -0.017851583659648895
v -0.0011230910895392299 -0.017381977289915085 -0.017851583659648895
v -0.0011217528954148293 -0.016906211152672768 -0.018327398225665092
v -0.0011217528954148293 -0.016906211152672768 -0.018327398225665092
v -0.0011217528954148293 -0.016906211152672768 -0.018327398225665092
v -0.0011217528954148293 -0.016906211152672768 -0.018327398225665092
v -0.001119924825616181 -0.01673208177089691 -0.018977433443069458
v -0.001119924825616181 -0.01673208177089691 -0.018977433443069458
v -0.001119924825616181 -0.01673208177089691 -0.018977433443069458
v -0.001119924825616181 -0.01673208177089691 -0.018977433443069458
v -0.0011180968722328544 -0.016906296834349632 -0.019627423956990242
v -0.0011180968722328544 -0.016906296834349632 -0.019627423956990242
v -0.0011180968722328544 -0.016906296834349632 -0.019627423956990242
v -0.0011180968722328544 -0.016906296834349632 -0.019627423956990242
v -0.0011167587945237756 -0.017382102087140083 -0.02010318823158741
v -0.0011167587945237756 -0.017382102087140083 -0.02010318823158741
v -0.0011167587945237756 -0.017382102087140083 -0.02010318823158741
v -0.0011167587945237756 -0.017382102087140083 -0.02010318823158741
v -0.0011162690352648497 -0.018032141029834747 -0.020277375355362892
v -0.0011162690352648497 -0.018032141029834747 -0.020277375355362892
v -0.0011162690352648497 -0.018032141029834747 -0.020277375355362892
v -0.0011162690352648497 -0.018032141029834747 -0.020277375355362892
v -0.0011167589109390974 -0.01868213340640068 -0.020103173330426216
v -0.0011167589109390974 -0.01868213340640068 -0.020103173330426216
v -0.0011167589109390974 -0.01868213340640068 -0.020103173330426216
v -0.0011180972214788198 -0.019157959148287773 -0.019627301022410393
v -0.0011180972214788198 -0.019157959148287773 -0.019627301022410393
v -0.0011180972214788198 -0.019157959148287773 -0.019627301022410393
v -0.0011180972214788198 -0.019157959148287773 -0.019627301022410393
v -0.0012213434092700481 -0.0193300973623991 0.017084965482354164
v -0.0012213434092700481 -0.0193300973623991 0.017084965482354164
v -0.0012213434092700481 -0.0193300973623991 0.017084965482354164
v -0.0012213434092700481 -0.0193300973623991 0.017084965482354164
v -0.0012231713626533747 -0.019155893474817276 0.017734955996274948
v -0.0012231713626533747 -0.019155893474817276 0.017734955996274948
v -0.0012231713626533747 -0.019155893474817276 0.017734955996274948
v -0.0012231713626533747 -0.019155893474817276 0.017734955996274948
v -0.0012245094403624535 -0.018680017441511154 0.01821077987551689
v -0.0012245094403624535 -0.018680017441511154 0.01821077987551689
v -0.0012245094403624535 -0.018680017441511154 0.01821077987551689
v -0.0012245094403624535 -0.018680017441511154 0.01821077987551689
v -0.0012249991996213794 -0.01802998036146164 0.0183849073946476
v -0.0012249991996213794 -0.01802998036146164 0.0183849073946476
v -0.0012249991996213794 -0.01802998036146164 0.0183849073946476
v -0.0012249991996213794 -0.01802998036146164 0.0183849073946476
v -0.0012245093239471316 -0.017379984259605408 0.018210705369710922
v -0.0012245093239471316 -0.017379984259605408 0.018210705369710922
v -0.0012245093239471316 -0.017379984259605408 0.018210705369710922
v -0.0012245093239471316 -0.017379984259605408 0.018210705369710922
v -0.0012231710134074092 -0.01690421998500824 0.01773483119904995
v -0.0012231710134074092 -0.01690421998500824 0.01773483119904995
v -0.0012231710134074092 -0.01690421998500824 0.01773483119904995
v -0.0012231710134074092 -0.01690421998500824 0.01773483119904995
v -0.0012213429436087608 -0.016730090603232384 0.01708480529487133
v -0.0012213429436087608 -0.016730090603232384 0.01708480529487133
v -0.0012213429436087608 -0.016730090603232384 0.01708480529487133
v -0.0012213429436087608 -0.016730090603232384 0.01708480529487133
v -0.0012195148738101125 -0.01690429449081421 0.01643480360507965
v -0.0012195148738101125 -0.01690429449081421 0.01643480360507965
v -0.0012195148738101125 -0.01690429449081421 0.01643480360507965
v -0.0012195148738101125 -0.01690429449081421 0.01643480360507965
v -0.0012181769125163555 -0.017380110919475555 0.015959039330482483
v -0.0012181769125163555 -0.017380110919475555 0.015959039330482483
v -0.0012181769125163555 -0.017380110919475555 0.015959039330482483
v -0.0012181769125163555 -0.017380110919475555 0.015959039330482483
v -0.0012176871532574296 -0.01803014986217022 0.015784911811351776
v -0.0012176871532574296 -0.01803014986217022 0.015784911811351776
v -0.0012176871532574296 -0.01803014986217022 0.015784911811351776
v -0.0012176871532574296 -0.01803014986217022 0.015784911811351776
v -0.0012181771453469992 -0.018680142238736153 0.015959125012159348
v -0.0012181771453469992 -0.018680142238736153 0.015959125012159348
v -0.0012181771453469992 -0.018680142238736153 0.015959125012159348
v -0.001219515223056078 -0.019155967980623245 0.0164349265396595
v -0.001219515223056078 -0.019155967980623245 0.0164349265396595
v -0.001219515223056078 -0.019155967980623245 0.0164349265396595
v -0.001219515223056078 -0.019155967980623245 0.0164349265396595
v -0.0012213377049192786 0.016732333227992058 0.017082974314689636
v -0.0012213377049192786 0.016732333227992058 0.017082974314689636
v -0.0012213377049192786 0.016732333227992058 0.017082974314689636
v -0.0012213377049192786 0.016732333227992058 0.017082974314689636
v -0.001223165774717927 0.01690654829144478 0.01773296482861042
v -0.001223165774717927 0.01690654829144478 0.01773296482861042
v -0.001223165774717927 0.01690654829144478 0.01773296482861042
v -0.001223165774717927 0.01690654829144478 0.01773296482861042
v -0.001224503736011684 0.01738235354423523 0.01820872724056244
v -0.001224503736011684 0.01738235354423523 0.01820872724056244
v -0.001224503736011684 0.01738235354423523 0.01820872724056244
v -0.001224503736011684 0.01738235354423523 0.01820872724056244
v -0.0012249936116859317 0.018032392486929893 0.01838291622698307
v -0.0012249936116859317 0.018032392486929893 0.01838291622698307
v -0.0012249936116859317 0.018032392486929893 0.01838291622698307
v -0.0012249936116859317 0.018032392486929893 0.01838291622698307
v -0.0012245036195963621 0.018682384863495827 0.018208712339401245
v -0.0012245036195963621 0.018682384863495827 0.018208712339401245
v -0.0012245036195963621 0.018682384863495827 0.018208712339401245
v -0.0012231654254719615 0.01915821060538292 0.017732840031385422
v -0.0012231654254719615 0.01915821060538292 0.017732840031385422
v -0.0012231654254719615 0.01915821060538292 0.017732840031385422
v -0.0012231654254719615 0.01915821060538292 0.017732840031385422
v -0.0012213372392579913 0.019332339987158775 0.017082804813981056
v -0.0012213372392579913 0.019332339987158775 0.017082804813981056
v -0.0012213372392579913 0.019332339987158775 0.017082804813981056
v -0.0012213372392579913 0.019332339987158775 0.017082804813981056
v -0.0012195092858746648 0.0191581379622221 0.016432812437415123
v -0.0012195092858746648 0.0191581379622221 0.016432812437415123
v -0.0012195092858746648 0.0191581379622221 0.016432812437415123
v -0.0012195092858746648 0.0191581379622221 0.016432812437415123
v -0.0012181713245809078 0.018682261928915977 0.015957050025463104
v -0.0012181713245809078 0.018682261928915977 0.015957050025463104
v -0.0012181713245809078 0.018682261928915977 0.015957050025463104
v -0.0012181713245809078 0.018682261928915977 0.015957050025463104
v -0.001217681565321982 0.01803223229944706 0.015782920643687248
v -0.001217681565321982 0.01803223229944706 0.015782920643687248
v -0.001217681565321982 0.01803223229944706 0.015782920643687248
v -0.001217681565321982 0.01803223229944706 0.015782920643687248
v -0.0012181715574115515 0.01738222874701023 0.015957122668623924
v -0.0012181715574115515 0.01738222874701023 0.015957122668623924
v -0.0012181715574115515 0.01738222874701023 0.015957122668623924
v -0.0012181715574115515 0.01738222874701023 0.015957122668623924
v -0.0012195096351206303 0.016906462609767914 0.01643293723464012
v -0.0012195096351206303 0.016906462609767914 0.01643293723464012
v -0.0012195096351206303 0.016906462609767914 0.01643293723464012
v -0.0012195096351206303 0.016906462609767914 0.01643293723464012
v -0.0026513973716646433 -0.02767208032310009 -0.007770387921482325
v -0.0026513973716646433 -0.02767208032310009 -0.007770387921482325
v -0.002645197557285428 -0.027033651247620583 -0.009974943473935127
v -0.002645197557285428 -0.027033651247620583 -0.009974943473935127
v -0.002645197557285428 -0.027033651247620583 -0.009974943473935127
v -0.002592044649645686 -0.005702101159840822 -0.028875038027763367
v -0.002592044649645686 -0.005702101159840822 -0.028875038027763367
v -0.0025910090189427137 -0.003436687169596553 -0.029243318364024162
v -0.0025910090189427137 -0.003436687169596553 -0.029243318364024162
v -0.0025910090189427137 -0.003436687169596553 -0.029243318364024162
v -0.0025904893409460783 -0.0011489721946418285 -0.02942810393869877
v -0.0025904893409460783 -0.0011489721946418285 -0.02942810393869877
v -0.002590488875284791 0.0011461289832368493 -0.029428239911794662
v -0.002590488875284791 0.0011461289832368493 -0.029428239911794662
v -0.0025910078547894955 0.003433804027736187 -0.02924371138215065
v -0.0025910078547894955 0.003433804027736187 -0.02924371138215065
v -0.002592042787000537 0.00569927180185914 -0.028875682502985
v -0.002592042787000537 0.00569927180185914 -0.028875682502985
v -0.0026451891753822565 0.02703290618956089 -0.009977905079722404
v -0.0026451891753822565 0.02703290618956089 -0.009977905079722404
v -0.002695951145142317 0.02703390270471573 0.00807204656302929
v -0.002695951145142317 0.02703390270471573 0.00807204656302929
v -0.002695951145142317 0.02703390270471573 0.00807204656302929
v -0.002689751097932458 0.027672333642840385 0.005867431405931711
v -0.002689751097932458 0.027672333642840385 0.005867431405931711
v -0.0026834269519895315 0.028131306171417236 0.003618651768192649
v -0.0026834269519895315 0.028131306171417236 0.003618651768192649
v -0.002677019452676177 0.028407825157046318 0.001340263755992055
v -0.002677019452676177 0.028407825157046318 0.001340263755992055
v -0.002670570043846965 0.02850012294948101 -0.0009530235547572374
v -0.002670570043846965 0.02850012294948101 -0.0009530235547572374
v -0.0026641206350177526 0.028407545760273933 -0.003246280364692211
v -0.0026641206350177526 0.028407545760273933 -0.003246280364692211
v -0.0026577129028737545 0.028130777180194855 -0.005524690728634596
v -0.0026577129028737545 0.028130777180194855 -0.005524690728634596
v -0.0026513889897614717 0.027671562507748604 -0.007773388642817736
v -0.0026513889897614717 0.027671562507748604 -0.007773388642817736
v -0.0026513889897614717 0.027671562507748604 -0.007773388642817736
v -0.0026391621213406324 -0.026219874620437622 -0.012120977975428104
v -0.0026391621213406324 -0.026219874620437622 -0.012120977975428104
v -0.0026333306450396776 -0.02523607201874256 -0.014194603078067303
v -0.0026333306450396776 -0.02523607201874256 -0.014194603078067303
v -0.002627740381285548 -0.024088634178042412 -0.016182323917746544
v -0.002627740381285548 -0.024088634178042412 -0.016182323917746544
v -0.002622428350150585 -0.022784901782870293 -0.018071236088871956
v -0.002622428350150585 -0.022784901782870293 -0.018071236088871956
v -0.0026174280792474747 -0.021333448588848114 -0.01984916441142559
v -0.0026174280792474747 -0.021333448588848114 -0.01984916441142559
v -0.002612772863358259 -0.019743625074625015 -0.02150452695786953
v -0.002612772863358259 -0.019743625074625015 -0.02150452695786953
v -0.002608492271974683 -0.018025752156972885 -0.023026561364531517
v -0.002608492271974683 -0.018025752156972885 -0.023026561364531517
v -0.0026046144776046276 -0.016190994530916214 -0.0244054663926363
v -0.0026046144776046276 -0.016190994530916214 -0.0244054663926363
v -0.0026011643931269646 -0.014251204207539558 -0.02563226968050003
v -0.0026011643931269646 -0.014251204207539558 -0.02563226968050003
v -0.0025981643702834845 -0.012219000607728958 -0.026698991656303406
v -0.0025981643702834845 -0.012219000607728958 -0.026698991656303406
v -0.002595633966848254 -0.01010755356401205 -0.027598729357123375
v -0.002595633966848254 -0.01010755356401205 -0.027598729357123375
v -0.0025935897137969732 -0.007930576801300049 -0.028325660154223442
v -0.0025935897137969732 -0.007930576801300049 -0.028325660154223442
v -0.002593587152659893 0.00792775396257639 -0.02832653932273388
v -0.002593587152659893 0.00792775396257639 -0.02832653932273388
v -0.0025956309400498867 0.010104836896061897 -0.02759980596601963
v -0.0025956309400498867 0.010104836896061897 -0.02759980596601963
v -0.002598160644993186 0.012216417118906975 -0.026700297370553017
v -0.002598160644993186 0.012216417118906975 -0.026700297370553017
v -0.002601159969344735 0.014248720370233059 -0.025633815675973892
v -0.002601159969344735 0.014248720370233059 -0.025633815675973892
v -0.0026046093553304672 0.016188638284802437 -0.02440728060901165
v -0.0026046093553304672 0.016188638284802437 -0.02440728060901165
v -0.002608486684039235 0.018023565411567688 -0.023028571158647537
v -0.002608486684039235 0.018023565411567688 -0.023028571158647537
v -0.0026127665769308805 0.01974162831902504 -0.021506721153855324
v -0.0026127665769308805 0.01974162831902504 -0.021506721153855324
v -0.0026174215599894524 0.021331625059247017 -0.01985153555870056
v -0.0026174215599894524 0.021331625059247017 -0.01985153555870056
v -0.002622421132400632 0.02278326265513897 -0.018073778599500656
v -0.002622421132400632 0.02278326265513897 -0.018073778599500656
v -0.002627733163535595 0.024087155237793922 -0.016184940934181213
v -0.002627733163535595 0.024087155237793922 -0.016184940934181213
v -0.0026333227287977934 0.025234848260879517 -0.014197355136275291
v -0.0026333227287977934 0.025234848260879517 -0.014197355136275291
v -0.002639154205098748 0.026218891143798828 -0.012123852036893368
v -0.002639154205098748 0.026218891143798828 -0.012123852036893368
v -0.0027019865810871124 0.026220126077532768 0.010218081995844841
v -0.0027019865810871124 0.026220126077532768 0.010218081995844841
v -0.0027019865810871124 0.026220126077532768 0.010218081995844841
v -0.002707818290218711 0.025236323475837708 0.012291706167161465
v -0.002707818290218711 0.025236323475837708 0.012291706167161465
v -0.0027134083211421967 0.024088885635137558 0.014279427006840706
v -0.0027134083211421967 0.024088885635137558 0.014279427006840706
v -0.0027187205851078033 0.02278515323996544 0.016168341040611267
v -0.0027187205851078033 0.02278515323996544 0.016168341040611267
v -0.00272372062318027 0.02133370004594326 0.017946267500519753
v -0.00272372062318027 0.02133370004594326 0.017946267500519753
v -0.0027283758390694857 0.01974387653172016 0.01960163190960884
v -0.0027283758390694857 0.01974387653172016 0.01960163190960884
v -0.002732656430453062 0.01802600361406803 0.02112366445362568
v -0.002732656430453062 0.01802600361406803 0.02112366445362568
v -0.0027365342248231173 0.01619124598801136 0.02250256948173046
v -0.0027365342248231173 0.01619124598801136 0.02250256948173046
v -0.0027399843093007803 0.014251455664634705 0.023729372769594193
v -0.0027399843093007803 0.014251455664634705 0.023729372769594193
v -0.0027429843321442604 0.012219252064824104 0.024796094745397568
v -0.0027429843321442604 0.012219252064824104 0.024796094745397568
v -0.0027455147355794907 0.010107805021107197 0.025695832446217537
v -0.0027455147355794907 0.010107805021107197 0.025695832446217537
v -0.0027475589886307716 0.007930828258395195 0.026422763243317604
v -0.0027475589886307716 0.007930828258395195 0.026422763243317604
v -0.0027491040527820587 0.005702352616935968 0.02697214111685753
v -0.0027491040527820587 0.005702352616935968 0.02697214111685753
v -0.002750139683485031 0.003436938626691699 0.027340421453118324
v -0.002750139683485031 0.003436938626691699 0.027340421453118324
v -0.0027506595943123102 0.0011492226039990783 0.027525268495082855
v -0.0027506595943123102 0.0011492226039990783 0.027525268495082855
v -0.002750659827142954 -0.0011458775261417031 0.027525343000888824
v -0.002750659827142954 -0.0011458775261417031 0.027525343000888824
v -0.0027501408476382494 -0.003433552570641041 0.027340814471244812
v -0.0027501408476382494 -0.003433552570641041 0.027340814471244812
v -0.002749105915427208 -0.005699020344763994 0.026972785592079163
v -0.002749105915427208 -0.005699020344763994 0.026972785592079163
v -0.002747561549767852 -0.007927503436803818 0.02642364241182804
v -0.002747561549767852 -0.007927503436803818 0.02642364241182804
v -0.002745517995208502 -0.010104586370289326 0.025696968659758568
v -0.002745517995208502 -0.010104586370289326 0.025696968659758568
v -0.002742988057434559 -0.012216165661811829 0.02479740045964718
v -0.002742988057434559 -0.012216165661811829 0.02479740045964718
v -0.0027399887330830097 -0.014248468913137913 0.023730918765068054
v -0.0027399887330830097 -0.014248468913137913 0.023730918765068054
v -0.0027365393470972776 -0.01618838682770729 0.022504383698105812
v -0.0027365393470972776 -0.01618838682770729 0.022504383698105812
v -0.0027326620183885098 -0.018023313954472542 0.0211256742477417
v -0.0027326620183885098 -0.018023313954472542 0.0211256742477417
v -0.0027283821254968643 -0.019741376861929893 0.019603824242949486
v -0.0027283821254968643 -0.019741376861929893 0.019603824242949486
v -0.0027237271424382925 -0.02133137360215187 0.017948638647794724
v -0.0027237271424382925 -0.02133137360215187 0.017948638647794724
v -0.002718727570027113 -0.022783011198043823 0.016170881688594818
v -0.002718727570027113 -0.022783011198043823 0.016170881688594818
v -0.00271341553889215 -0.024086903780698776 0.014282044023275375
v -0.00271341553889215 -0.024086903780698776 0.014282044023275375
v -0.0027078259736299515 -0.02523459680378437 0.012294458225369453
v -0.0027078259736299515 -0.02523459680378437 0.012294458225369453
v -0.0027019944973289967 -0.026218639686703682 0.01022095512598753
v -0.0027019944973289967 -0.026218639686703682 0.01022095512598753
v -0.0026959595270454884 -0.027032654732465744 0.008075009100139141
v -0.0026959595270454884 -0.027032654732465744 0.008075009100139141
v -0.002689759712666273 -0.027671311050653458 0.005870491731911898
v -0.002689759712666273 -0.027671311050653458 0.005870491731911898
v -0.0026834357995539904 -0.02813052572309971 0.003621793817728758
v -0.0026834357995539904 -0.02813052572309971 0.003621793817728758
v -0.0026770280674099922 -0.028407294303178787 0.001343383570201695
v -0.0026770280674099922 -0.028407294303178787 0.001343383570201695
v -0.0026705788914114237 -0.028499871492385864 -0.0009498631116002798
v -0.0026705788914114237 -0.028499871492385864 -0.0009498631116002798
v -0.0026641294825822115 -0.028407573699951172 -0.0032431604340672493
v -0.0026641294825822115 -0.028407573699951172 -0.0032431604340672493
v -0.0026577217504382133 -0.02813105471432209 -0.005521548446267843
v -0.0026577217504382133 -0.02813105471432209 -0.005521548446267843
v -0.002632793504744768 -0.014685628935694695 -0.014385569840669632
v -0.002632793504744768 -0.014685628935694695 -0.014385569840669632
v -0.002632793504744768 -0.014685628935694695 -0.014385569840669632
v -0.002632793504744768 -0.014685628935694695 -0.014385569840669632
v -0.002634551143273711 -0.014518105424940586 -0.01376055832952261
v -0.002634551143273711 -0.014518105424940586 -0.01376055832952261
v -0.002634551143273711 -0.014518105424940586 -0.01376055832952261
v -0.002634551143273711 -0.014518105424940586 -0.01376055832952261
v -0.0026358377654105425 -0.014060547575354576 -0.01330308336764574
v -0.0026358377654105425 -0.014060547575354576 -0.01330308336764574
v -0.0026358377654105425 -0.014060547575354576 -0.01330308336764574
v -0.0026358377654105425 -0.014060547575354576 -0.01330308336764574
v -0.0026363087818026543 -0.01343554724007845 -0.013135629706084728
v -0.0026363087818026543 -0.01343554724007845 -0.013135629706084728
v -0.0026363087818026543 -0.01343554724007845 -0.013135629706084728
v -0.002635837532579899 -0.012810533866286278 -0.013303153216838837
v -0.002635837532579899 -0.012810533866286278 -0.013303153216838837
v -0.002635837532579899 -0.012810533866286278 -0.013303153216838837
v -0.002635837532579899 -0.012810533866286278 -0.013303153216838837
v -0.0026345509104430676 -0.01235305704176426 -0.013760709203779697
v -0.0026345509104430676 -0.01235305704176426 -0.013760709203779697
v -0.0026345509104430676 -0.01235305704176426 -0.013760709203779697
v -0.002632793039083481 -0.012185600586235523 -0.014385716989636421
v -0.002632793039083481 -0.012185600586235523 -0.014385716989636421
v -0.002632793039083481 -0.012185600586235523 -0.014385716989636421
v -0.002632793039083481 -0.012185600586235523 -0.014385716989636421
v -0.0026310354005545378 -0.012353125959634781 -0.015010717324912548
v -0.0026310354005545378 -0.012353125959634781 -0.015010717324912548
v -0.0026310354005545378 -0.012353125959634781 -0.015010717324912548
v -0.0026310354005545378 -0.012353125959634781 -0.015010717324912548
v -0.0026297487784177065 -0.012810682877898216 -0.015468201600015163
v -0.0026297487784177065 -0.012810682877898216 -0.015468201600015163
v -0.0026297487784177065 -0.012810682877898216 -0.015468201600015163
v -0.0026297487784177065 -0.012810682877898216 -0.015468201600015163
v -0.0026292779948562384 -0.013435684144496918 -0.015635646879673004
v -0.0026292779948562384 -0.013435684144496918 -0.015635646879673004
v -0.0026292779948562384 -0.013435684144496918 -0.015635646879673004
v -0.00262974901124835 -0.014060696586966515 -0.015468123368918896
v -0.00262974901124835 -0.014060696586966515 -0.015468123368918896
v -0.00262974901124835 -0.014060696586966515 -0.015468123368918896
v -0.00262974901124835 -0.014060696586966515 -0.015468123368918896
v -0.002631035866215825 -0.014518174342811108 -0.015010577626526356
v -0.002631035866215825 -0.014518174342811108 -0.015010577626526356
v -0.002631035866215825 -0.014518174342811108 -0.015010577626526356
v -0.002631035866215825 -0.014518174342811108 -0.015010577626526356
v -0.0026327893137931824 0.012184355407953262 -0.014387068338692188
v -0.0026327893137931824 0.012184355407953262 -0.014387068338692188
v -0.0026327893137931824 0.012184355407953262 -0.014387068338692188
v -0.0026327893137931824 0.012184355407953262 -0.014387068338692188
v -0.0026345469523221254 0.01235187891870737 -0.013762056827545166
v -0.0026345469523221254 0.01235187891870737 -0.013762056827545166
v -0.0026345469523221254 0.01235187891870737 -0.013762056827545166
v -0.0026345469523221254 0.01235187891870737 -0.013762056827545166
v -0.0026358335744589567 0.01280943676829338 -0.013304581865668297
v -0.0026358335744589567 0.01280943676829338 -0.013304581865668297
v -0.0026358335744589567 0.01280943676829338 -0.013304581865668297
v -0.0026363045908510685 0.013434447348117828 -0.013137126341462135
v -0.0026363045908510685 0.013434447348117828 -0.013137126341462135
v -0.0026363045908510685 0.013434447348117828 -0.013137126341462135
v -0.0026363045908510685 0.013434447348117828 -0.013137126341462135
v -0.002635833341628313 0.014059450477361679 -0.013304650783538818
v -0.002635833341628313 0.014059450477361679 -0.013304650783538818
v -0.002635833341628313 0.014059450477361679 -0.013304650783538818
v -0.002635833341628313 0.014059450477361679 -0.013304650783538818
v -0.002634546486660838 0.014516936615109444 -0.013762205839157104
v -0.002634546486660838 0.014516936615109444 -0.013762205839157104
v -0.002634546486660838 0.014516936615109444 -0.013762205839157104
v -0.002634546486660838 0.014516936615109444 -0.013762205839157104
v -0.002632788848131895 0.014684382826089859 -0.014387205243110657
v -0.002632788848131895 0.014684382826089859 -0.014387205243110657
v -0.002632788848131895 0.014684382826089859 -0.014387205243110657
v -0.002631031209602952 0.014516858384013176 -0.01501221489161253
v -0.002631031209602952 0.014516858384013176 -0.01501221489161253
v -0.002631031209602952 0.014516858384013176 -0.01501221489161253
v -0.002631031209602952 0.014516858384013176 -0.01501221489161253
v -0.0026297445874661207 0.014059310778975487 -0.015469690784811974
v -0.0026297445874661207 0.014059310778975487 -0.015469690784811974
v -0.0026297445874661207 0.014059310778975487 -0.015469690784811974
v -0.0026297445874661207 0.014059310778975487 -0.015469690784811974
v -0.002629273571074009 0.013434300199151039 -0.015637144446372986
v -0.002629273571074009 0.013434300199151039 -0.015637144446372986
v -0.002629273571074009 0.013434300199151039 -0.015637144446372986
v -0.002629273571074009 0.013434300199151039 -0.015637144446372986
v -0.0026297448202967644 0.012809286825358868 -0.015469621866941452
v -0.0026297448202967644 0.012809286825358868 -0.015469621866941452
v -0.0026297448202967644 0.012809286825358868 -0.015469621866941452
v -0.0026297448202967644 0.012809286825358868 -0.015469621866941452
v -0.0026310316752642393 0.01235181000083685 -0.015012065880000591
v -0.0026310316752642393 0.01235181000083685 -0.015012065880000591
v -0.0026310316752642393 0.01235181000083685 -0.015012065880000591
v -0.002708355663344264 0.01218585204333067 0.012482820078730583
v -0.002708355663344264 0.01218585204333067 0.012482820078730583
v -0.002708355663344264 0.01218585204333067 0.012482820078730583
v -0.002708355663344264 0.01218585204333067 0.012482820078730583
v -0.002710113301873207 0.012353377416729927 0.01310782041400671
v -0.002710113301873207 0.012353377416729927 0.01310782041400671
v -0.002710113301873207 0.012353377416729927 0.01310782041400671
v -0.002710113301873207 0.012353377416729927 0.01310782041400671
v -0.0027113999240100384 0.012810934334993362 0.0135653056204319
v -0.0027113999240100384 0.012810934334993362 0.0135653056204319
v -0.0027113999240100384 0.012810934334993362 0.0135653056204319
v -0.0027113999240100384 0.012810934334993362 0.0135653056204319
v -0.00271187094040215 0.013435935601592064 0.013732749968767166
v -0.00271187094040215 0.013435935601592064 0.013732749968767166
v -0.00271187094040215 0.013435935601592064 0.013732749968767166
v -0.00271187094040215 0.013435935601592064 0.013732749968767166
v -0.0027113996911793947 0.01406094804406166 0.013565227389335632
v -0.0027113996911793947 0.01406094804406166 0.013565227389335632
v -0.0027113996911793947 0.01406094804406166 0.013565227389335632
v -0.0027101130690425634 0.014518425799906254 0.013107681646943092
v -0.0027101130690425634 0.014518425799906254 0.013107681646943092
v -0.0027101130690425634 0.014518425799906254 0.013107681646943092
v -0.0027101130690425634 0.014518425799906254 0.013107681646943092
v -0.0027083551976829767 0.01468588039278984 0.012482672929763794
v -0.0027083551976829767 0.01468588039278984 0.012482672929763794
v -0.0027083551976829767 0.01468588039278984 0.012482672929763794
v -0.0027083551976829767 0.01468588039278984 0.012482672929763794
v -0.0027065975591540337 0.014518356882035732 0.011857661418616772
v -0.0027065975591540337 0.014518356882035732 0.011857661418616772
v -0.0027065975591540337 0.014518356882035732 0.011857661418616772
v -0.0027065975591540337 0.014518356882035732 0.011857661418616772
v -0.0027053109370172024 0.014060799032449722 0.011400187388062477
v -0.0027053109370172024 0.014060799032449722 0.011400187388062477
v -0.0027053109370172024 0.014060799032449722 0.011400187388062477
v -0.0027053109370172024 0.014060799032449722 0.011400187388062477
v -0.0027048399206250906 0.013435798697173595 0.01123273279517889
v -0.0027048399206250906 0.013435798697173595 0.01123273279517889
v -0.0027048399206250906 0.013435798697173595 0.01123273279517889
v -0.0027048399206250906 0.013435798697173595 0.01123273279517889
v -0.002705311169847846 0.012810785323381424 0.011400256305932999
v -0.002705311169847846 0.012810785323381424 0.011400256305932999
v -0.002705311169847846 0.012810785323381424 0.011400256305932999
v -0.002705311169847846 0.012810785323381424 0.011400256305932999
v -0.002706598024815321 0.012353308498859406 0.01185781229287386
v -0.002706598024815321 0.012353308498859406 0.01185781229287386
v -0.002706598024815321 0.012353308498859406 0.01185781229287386
v -0.002706598024815321 0.012353308498859406 0.01185781229287386
v -0.00270835985429585 -0.014684131368994713 0.012484308332204819
v -0.00270835985429585 -0.014684131368994713 0.012484308332204819
v -0.00270835985429585 -0.014684131368994713 0.012484308332204819
v -0.00270835985429585 -0.014684131368994713 0.012484308332204819
v -0.002710117492824793 -0.01451660692691803 0.013109318912029266
v -0.002710117492824793 -0.01451660692691803 0.013109318912029266
v -0.002710117492824793 -0.01451660692691803 0.013109318912029266
v -0.002710117492824793 -0.01451660692691803 0.013109318912029266
v -0.002711404114961624 -0.01405905932188034 0.013566793873906136
v -0.002711404114961624 -0.01405905932188034 0.013566793873906136
v -0.002711404114961624 -0.01405905932188034 0.013566793873906136
v -0.002711404114961624 -0.01405905932188034 0.013566793873906136
v -0.002711875131353736 -0.013434048742055893 0.013734248466789722
v -0.002711875131353736 -0.013434048742055893 0.013734248466789722
v -0.002711875131353736 -0.013434048742055893 0.013734248466789722
v -0.0027114038821309805 -0.012809035368263721 0.013566724956035614
v -0.0027114038821309805 -0.012809035368263721 0.013566724956035614
v -0.0027114038821309805 -0.012809035368263721 0.013566724956035614
v -0.0027114038821309805 -0.012809035368263721 0.013566724956035614
v -0.002710117259994149 -0.012351558543741703 0.013109168969094753
v -0.002710117259994149 -0.012351558543741703 0.013109168969094753
v -0.002710117259994149 -0.012351558543741703 0.013109168969094753
v -0.002710117259994149 -0.012351558543741703 0.013109168969094753
v -0.0027083593886345625 -0.012184103950858116 0.01248417142778635
v -0.0027083593886345625 -0.012184103950858116 0.01248417142778635
v -0.0027083593886345625 -0.012184103950858116 0.01248417142778635
v -0.0027083593886345625 -0.012184103950858116 0.01248417142778635
v -0.0027066017501056194 -0.012351627461612225 0.011859159916639328
v -0.0027066017501056194 -0.012351627461612225 0.011859159916639328
v -0.0027066017501056194 -0.012351627461612225 0.011859159916639328
v -0.0027066017501056194 -0.012351627461612225 0.011859159916639328
v -0.002705315127968788 -0.012809185311198235 0.011401684954762459
v -0.002705315127968788 -0.012809185311198235 0.011401684954762459
v -0.002705315127968788 -0.012809185311198235 0.011401684954762459
v -0.002705315127968788 -0.012809185311198235 0.011401684954762459
v -0.00270484434440732 -0.013434195891022682 0.011234230361878872
v -0.00270484434440732 -0.013434195891022682 0.011234230361878872
v -0.00270484434440732 -0.013434195891022682 0.011234230361878872
v -0.00270484434440732 -0.013434195891022682 0.011234230361878872
v -0.002705315360799432 -0.014059199020266533 0.011401754803955555
v -0.002705315360799432 -0.014059199020266533 0.011401754803955555
v -0.002705315360799432 -0.014059199020266533 0.011401754803955555
v -0.0027066022157669067 -0.014516685158014297 0.011859308928251266
v -0.0027066022157669067 -0.014516685158014297 0.011859308928251266
v -0.0027066022157669067 -0.014516685158014297 0.011859308928251266
v -0.0027066022157669067 -0.014516685158014297 0.011859308928251266
v -0.0024235497694462538 0.01577872782945633 -0.017682911828160286
v -0.0024235497694462538 0.01577872782945633 -0.017682911828160286
v -0.0024235497694462538 0.01577872782945633 -0.017682911828160286
v -0.0024235497694462538 0.01577872782945633 -0.017682911828160286
v -0.002426226157695055 0.01673046685755253 -0.016731254756450653
v -0.002426226157695055 0.01673046685755253 -0.016731254756450653
v -0.002426226157695055 0.01673046685755253 -0.016731254756450653
v -0.002426226157695055 0.01673046685755253 -0.016731254756450653
v -0.002427205443382263 0.018030475825071335 -0.016383010894060135
v -0.002427205443382263 0.018030475825071335 -0.016383010894060135
v -0.002427205443382263 0.018030475825071335 -0.016383010894060135
v -0.002427205443382263 0.018030475825071335 -0.016383010894060135
v -0.0024262256920337677 0.019330473616719246 -0.016731414943933487
v -0.0024262256920337677 0.019330473616719246 -0.016731414943933487
v -0.0024262256920337677 0.019330473616719246 -0.016731414943933487
v -0.0024262256920337677 0.019330473616719246 -0.016731414943933487
v -0.002423549070954323 0.020282063633203506 -0.017683153972029686
v -0.002423549070954323 0.020282063633203506 -0.017683153972029686
v -0.002423549070954323 0.020282063633203506 -0.017683153972029686
v -0.002423549070954323 0.020282063633203506 -0.017683153972029686
v -0.002419892931357026 0.02063032239675522 -0.01898316666483879
v -0.002419892931357026 0.02063032239675522 -0.01898316666483879
v -0.002419892931357026 0.02063032239675522 -0.01898316666483879
v -0.002419892931357026 0.02063032239675522 -0.01898316666483879
v -0.002416237024590373 0.020281903445720673 -0.02028314769268036
v -0.002416237024590373 0.020281903445720673 -0.02028314769268036
v -0.002416237024590373 0.020281903445720673 -0.02028314769268036
v -0.002416237024590373 0.020281903445720673 -0.02028314769268036
v -0.0024135608691722155 0.01933022402226925 -0.021234745159745216
v -0.0024135608691722155 0.01933022402226925 -0.021234745159745216
v -0.0024135608691722155 0.01933022402226925 -0.021234745159745216
v -0.0024125815834850073 0.018030153587460518 -0.021582990884780884
v -0.0024125815834850073 0.018030153587460518 -0.021582990884780884
v -0.0024125815834850073 0.018030153587460518 -0.021582990884780884
v -0.0024125815834850073 0.018030153587460518 -0.021582990884780884
v -0.0024135613348335028 0.01673021726310253 -0.021234575659036636
v -0.0024135613348335028 0.01673021726310253 -0.021234575659036636
v -0.0024135613348335028 0.01673021726310253 -0.021234575659036636
v -0.0024135613348335028 0.01673021726310253 -0.021234575659036636
v -0.002416237723082304 0.015778567641973495 -0.020282898098230362
v -0.002416237723082304 0.015778567641973495 -0.020282898098230362
v -0.002416237723082304 0.015778567641973495 -0.020282898098230362
v -0.002416237723082304 0.015778567641973495 -0.020282898098230362
v -0.0024198938626796007 0.015430309809744358 -0.018982894718647003
v -0.0024198938626796007 0.015430309809744358 -0.018982894718647003
v -0.0024198938626796007 0.015430309809744358 -0.018982894718647003
v -0.0024235553573817015 -0.020283643156290054 -0.017680911347270012
v -0.0024235553573817015 -0.020283643156290054 -0.017680911347270012
v -0.0024235553573817015 -0.020283643156290054 -0.017680911347270012
v -0.0024235553573817015 -0.020283643156290054 -0.017680911347270012
v -0.0024262317456305027 -0.01933196373283863 -0.016729265451431274
v -0.0024262317456305027 -0.01933196373283863 -0.016729265451431274
v -0.0024262317456305027 -0.01933196373283863 -0.016729265451431274
v -0.0024262317456305027 -0.01933196373283863 -0.016729265451431274
v -0.002427211031317711 -0.018031954765319824 -0.01638100855052471
v -0.002427211031317711 -0.018031954765319824 -0.01638100855052471
v -0.002427211031317711 -0.018031954765319824 -0.01638100855052471
v -0.002427211031317711 -0.018031954765319824 -0.01638100855052471
v -0.0024262312799692154 -0.01673196628689766 -0.01672942563891411
v -0.0024262312799692154 -0.01673196628689766 -0.01672942563891411
v -0.0024262312799692154 -0.01673196628689766 -0.01672942563891411
v -0.0024262312799692154 -0.01673196628689766 -0.01672942563891411
v -0.0024235546588897705 -0.015780305489897728 -0.01768116094172001
v -0.0024235546588897705 -0.015780305489897728 -0.01768116094172001
v -0.0024235546588897705 -0.015780305489897728 -0.01768116094172001
v -0.0024235546588897705 -0.015780305489897728 -0.01768116094172001
v -0.002419898519292474 -0.01543205976486206 -0.018981164321303368
v -0.002419898519292474 -0.01543205976486206 -0.018981164321303368
v -0.002419898519292474 -0.01543205976486206 -0.018981164321303368
v -0.0024162426125258207 -0.015780465677380562 -0.02028115652501583
v -0.0024162426125258207 -0.015780465677380562 -0.02028115652501583
v -0.0024162426125258207 -0.015780465677380562 -0.02028115652501583
v -0.0024162426125258207 -0.015780465677380562 -0.02028115652501583
v -0.002413566457107663 -0.01673220843076706 -0.021232744678854942
v -0.002413566457107663 -0.01673220843076706 -0.021232744678854942
v -0.002413566457107663 -0.01673220843076706 -0.021232744678854942
v -0.002413566457107663 -0.01673220843076706 -0.021232744678854942
v -0.002412587171420455 -0.018032226711511612 -0.021580999717116356
v -0.002412587171420455 -0.018032226711511612 -0.021580999717116356
v -0.002412587171420455 -0.018032226711511612 -0.021580999717116356
v -0.002412587171420455 -0.018032226711511612 -0.021580999717116356
v -0.0024135669227689505 -0.019332213327288628 -0.02123258449137211
v -0.0024135669227689505 -0.019332213327288628 -0.02123258449137211
v -0.0024135669227689505 -0.019332213327288628 -0.02123258449137211
v -0.0024135669227689505 -0.019332213327288628 -0.02123258449137211
v -0.0024162433110177517 -0.020283812656998634 -0.020280908793210983
v -0.0024162433110177517 -0.020283812656998634 -0.020280908793210983
v -0.0024162433110177517 -0.020283812656998634 -0.020280908793210983
v -0.0024162433110177517 -0.020283812656998634 -0.020280908793210983
v -0.0024198994506150484 -0.02063206024467945 -0.0189808439463377
v -0.0024198994506150484 -0.02063206024467945 -0.0189808439463377
v -0.0024198994506150484 -0.02063206024467945 -0.0189808439463377
v -0.0024198994506150484 -0.02063206024467945 -0.0189808439463377
v -0.0025249735917896032 -0.020281651988625526 0.018381375819444656
v -0.0025249735917896032 -0.020281651988625526 0.018381375819444656
v -0.0025249735917896032 -0.020281651988625526 0.018381375819444656
v -0.0025249735917896032 -0.020281651988625526 0.018381375819444656
v -0.002527649747207761 -0.019329972565174103 0.019332973286509514
v -0.002527649747207761 -0.019329972565174103 0.019332973286509514
v -0.002527649747207761 -0.019329972565174103 0.019332973286509514
v -0.002528629032894969 -0.01802990213036537 0.01968121901154518
v -0.002528629032894969 -0.01802990213036537 0.01968121901154518
v -0.002528629032894969 -0.01802990213036537 0.01968121901154518
v -0.002528629032894969 -0.01802990213036537 0.01968121901154518
v -0.0025276492815464735 -0.016729965806007385 0.019332803785800934
v -0.0025276492815464735 -0.016729965806007385 0.019332803785800934
v -0.0025276492815464735 -0.016729965806007385 0.019332803785800934
v -0.0025276492815464735 -0.016729965806007385 0.019332803785800934
v -0.0025249728932976723 -0.01577831618487835 0.01838112622499466
v -0.0025249728932976723 -0.01577831618487835 0.01838112622499466
v -0.0025249728932976723 -0.01577831618487835 0.01838112622499466
v -0.0025249728932976723 -0.01577831618487835 0.01838112622499466
v -0.0025213167537003756 -0.015430058352649212 0.0170811228454113
v -0.0025213167537003756 -0.015430058352649212 0.0170811228454113
v -0.0025213167537003756 -0.015430058352649212 0.0170811228454113
v -0.0025176608469337225 -0.015778476372361183 0.015781139954924583
v -0.0025176608469337225 -0.015778476372361183 0.015781139954924583
v -0.0025176608469337225 -0.015778476372361183 0.015781139954924583
v -0.0025176608469337225 -0.015778476372361183 0.015781139954924583
v -0.0025149844586849213 -0.016730215400457382 0.01482948288321495
v -0.0025149844586849213 -0.016730215400457382 0.01482948288321495
v -0.0025149844586849213 -0.016730215400457382 0.01482948288321495
v -0.0025149844586849213 -0.016730215400457382 0.01482948288321495
v -0.002514005172997713 -0.01803022436797619 0.014481238089501858
v -0.002514005172997713 -0.01803022436797619 0.014481238089501858
v -0.002514005172997713 -0.01803022436797619 0.014481238089501858
v -0.002514005172997713 -0.01803022436797619 0.014481238089501858
v -0.0025149849243462086 -0.0193302221596241 0.014829644002020359
v -0.0025149849243462086 -0.0193302221596241 0.014829644002020359
v -0.0025149849243462086 -0.0193302221596241 0.014829644002020359
v -0.0025149849243462086 -0.0193302221596241 0.014829644002020359
v -0.0025176615454256535 -0.02028181217610836 0.015781380236148834
v -0.0025176615454256535 -0.02028181217610836 0.015781380236148834
v -0.0025176615454256535 -0.02028181217610836 0.015781380236148834
v -0.0025176615454256535 -0.02028181217610836 0.015781380236148834
v -0.00252131768502295 -0.020630070939660072 0.01708139479160309
v -0.00252131768502295 -0.020630070939660072 0.01708139479160309
v -0.00252131768502295 -0.020630070939660072 0.01708139479160309
v -0.0025249680038541555 0.015780717134475708 0.01837938465178013
v -0.0025249680038541555 0.015780717134475708 0.01837938465178013
v -0.0025249680038541555 0.015780717134475708 0.01837938465178013
v -0.0025249680038541555 0.015780717134475708 0.01837938465178013
v -0.002527644159272313 0.016732459887862206 0.01933097280561924
v -0.002527644159272313 0.016732459887862206 0.01933097280561924
v -0.002527644159272313 0.016732459887862206 0.01933097280561924
v -0.0025286234449595213 0.018032478168606758 0.019679227843880653
v -0.0025286234449595213 0.018032478168606758 0.019679227843880653
v -0.0025286234449595213 0.018032478168606758 0.019679227843880653
v -0.0025286234449595213 0.018032478168606758 0.019679227843880653
v -0.002527643693611026 0.019332464784383774 0.019330812618136406
v -0.002527643693611026 0.019332464784383774 0.019330812618136406
v -0.002527643693611026 0.019332464784383774 0.019330812618136406
v -0.002527643693611026 0.019332464784383774 0.019330812618136406
v -0.0025249673053622246 0.02028406411409378 0.01837913505733013
v -0.0025249673053622246 0.02028406411409378 0.01837913505733013
v -0.0025249673053622246 0.02028406411409378 0.01837913505733013
v -0.002521311165764928 0.020632311701774597 0.017079070210456848
v -0.002521311165764928 0.020632311701774597 0.017079070210456848
v -0.002521311165764928 0.020632311701774597 0.017079070210456848
v -0.002517655258998275 0.0202838946133852 0.01577913947403431
v -0.002517655258998275 0.0202838946133852 0.01577913947403431
v -0.002517655258998275 0.0202838946133852 0.01577913947403431
v -0.002517655258998275 0.0202838946133852 0.01577913947403431
v -0.0025149788707494736 0.019332215189933777 0.014827492646872997
v -0.0025149788707494736 0.019332215189933777 0.014827492646872997
v -0.0025149788707494736 0.019332215189933777 0.014827492646872997
v -0.0025149788707494736 0.019332215189933777 0.014827492646872997
v -0.0025139995850622654 0.01803220622241497 0.014479237608611584
v -0.0025139995850622654 0.01803220622241497 0.014479237608611584
v -0.0025139995850622654 0.01803220622241497 0.014479237608611584
v -0.0025139995850622654 0.01803220622241497 0.014479237608611584
v -0.002514979336410761 0.016732217743992805 0.014827652834355831
v -0.002514979336410761 0.016732217743992805 0.014827652834355831
v -0.002514979336410761 0.016732217743992805 0.014827652834355831
v -0.002514979336410761 0.016732217743992805 0.014827652834355831
v -0.0025176559574902058 0.015780556946992874 0.015779389068484306
v -0.0025176559574902058 0.015780556946992874 0.015779389068484306
v -0.0025176559574902058 0.015780556946992874 0.015779389068484306
v -0.0025176559574902058 0.015780556946992874 0.015779389068484306
v -0.0025213120970875025 0.015432311221957207 0.017079392448067665
v -0.0025213120970875025 0.015432311221957207 0.017079392448067665
v -0.0025213120970875025 0.015432311221957207 0.017079392448067665
v -0.0025213120970875025 0.015432311221957207 0.017079392448067665
v -0.00275777792558074 0.02803204581141472 -0.005508952308446169
v -0.00275777792558074 0.02803204581141472 -0.005508952308446169
v -0.00275777792558074 0.02803204581141472 -0.005508952308446169
v -0.0027705898974090815 0.028400084003806114 -0.0009533028933219612
v -0.0027705898974090815 0.028400084003806114 -0.0009533028933219612
v -0.0027705898974090815 0.028400084003806114 -0.0009533028933219612
v -0.0027452982030808926 0.026938050985336304 -0.009946541860699654
v -0.0027452982030808926 0.026938050985336304 -0.009946541860699654
v -0.0027452982030808926 0.026938050985336304 -0.009946541860699654
v -0.0027452982030808926 0.026938050985336304 -0.009946541860699654
v -0.0027226100210100412 0.02270331233739853 -0.01801398955285549
v -0.0027226100210100412 0.02270331233739853 -0.01801398955285549
v -0.0027226100210100412 0.02270331233739853 -0.01801398955285549
v -0.0027334734331816435 0.02514633722603321 -0.014151198789477348
v -0.0027334734331816435 0.02514633722603321 -0.014151198789477348
v -0.0027334734331816435 0.02514633722603321 -0.014151198789477348
v -0.0027334734331816435 0.02514633722603321 -0.014151198789477348
v -0.0027334734331816435 0.02514633722603321 -0.014151198789477348
v -0.0027334734331816435 0.02514633722603321 -0.014151198789477348
v -0.0027334734331816435 0.02514633722603321 -0.014151198789477348
v -0.0027129894588142633 0.019672365859150887 -0.021434856578707695
v -0.0027129894588142633 0.019672365859150887 -0.021434856578707695
v -0.0027129894588142633 0.019672365859150887 -0.021434856578707695
v -0.0027129894588142633 0.019672365859150887 -0.021434856578707695
v -0.0027048608753830194 0.016131825745105743 -0.024325240403413773
v -0.0027048608753830194 0.016131825745105743 -0.024325240403413773
v -0.0027048608753830194 0.016131825745105743 -0.024325240403413773
v -0.0027048608753830194 0.016131825745105743 -0.024325240403413773
v -0.0027030245400965214 0.015142250806093216 -0.024978158995509148
v -0.0027030245400965214 0.015142250806093216 -0.024978158995509148
v -0.0027030245400965214 0.015142250806093216 -0.024978158995509148
v -0.0026984347496181726 0.012173524126410484 -0.026610242202878
v -0.0026984347496181726 0.012173524126410484 -0.026610242202878
v -0.0026984347496181726 0.012173524126410484 -0.026610242202878
v -0.0026984347496181726 0.012173524126410484 -0.026610242202878
v -0.0026984347496181726 0.012173524126410484 -0.026610242202878
v -0.002693877322599292 0.00789994653314352 -0.02823076769709587
v -0.002693877322599292 0.00789994653314352 -0.02823076769709587
v -0.002691306872293353 0.003421798348426819 -0.02914472296833992
v -0.002691306872293353 0.003421798348426819 -0.02914472296833992
v -0.002691306872293353 0.003421798348426819 -0.02914472296833992
v -0.0026907899882644415 -0.0011449564481154084 -0.029328512027859688
v -0.0026907899882644415 -0.0011449564481154084 -0.029328512027859688
v -0.0026907899882644415 -0.0011449564481154084 -0.029328512027859688
v -0.0026959169190376997 -0.010072111152112484 -0.027505524456501007
v -0.0026959169190376997 -0.010072111152112484 -0.027505524456501007
v -0.0026959169190376997 -0.010072111152112484 -0.027505524456501007
v -0.002692340174689889 -0.005682126618921757 -0.0287773460149765
v -0.002692340174689889 -0.005682126618921757 -0.0287773460149765
v -0.002692340174689889 -0.005682126618921757 -0.0287773460149765
v -0.002692340174689889 -0.005682126618921757 -0.0287773460149765
v -0.002701427787542343 -0.014201220124959946 -0.025545941665768623
v -0.002701427787542343 -0.014201220124959946 -0.025545941665768623
v -0.002701427787542343 -0.014201220124959946 -0.025545941665768623
v -0.002701427787542343 -0.014201220124959946 -0.025545941665768623
v -0.002701427787542343 -0.014201220124959946 -0.025545941665768623
v -0.0027176346629858017 -0.02125856839120388 -0.019783109426498413
v -0.0027176346629858017 -0.02125856839120388 -0.019783109426498413
v -0.0027176346629858017 -0.02125856839120388 -0.019783109426498413
v -0.0027087300550192595 -0.017962533980607986 -0.022949406877160072
v -0.0027087300550192595 -0.017962533980607986 -0.022949406877160072
v -0.0027087300550192595 -0.017962533980607986 -0.022949406877160072
v -0.0027279106434434652 -0.02400408871471882 -0.016129150986671448
v -0.0027279106434434652 -0.02400408871471882 -0.016129150986671448
v -0.0027279106434434652 -0.02400408871471882 -0.016129150986671448
v -0.0027279106434434652 -0.02400408871471882 -0.016129150986671448
v -0.0027279106434434652 -0.02400408871471882 -0.016129150986671448
v -0.0027392925694584846 -0.026127856224775314 -0.012082026340067387
v -0.0027392925694584846 -0.026127856224775314 -0.012082026340067387
v -0.0027392925694584846 -0.026127856224775314 -0.012082026340067387
v -0.0027392925694584846 -0.026127856224775314 -0.012082026340067387
v -0.0027392925694584846 -0.026127856224775314 -0.012082026340067387
v -0.0027514847461134195 -0.027574993669986725 -0.007746723014861345
v -0.0027514847461134195 -0.027574993669986725 -0.007746723014861345
v -0.0027514847461134195 -0.027574993669986725 -0.007746723014861345
v -0.0027514847461134195 -0.027574993669986725 -0.007746723014861345
v -0.0027770253363996744 -0.02830764278769493 0.0013350314693525434
v -0.0027770253363996744 -0.02830764278769493 0.0013350314693525434
v -0.0027770253363996744 -0.02830764278769493 0.0013350314693525434
v -0.0027641719207167625 -0.028307877480983734 -0.003235358977690339
v -0.0027641719207167625 -0.028307877480983734 -0.003235358977690339
v -0.0027641719207167625 -0.028307877480983734 -0.003235358977690339
v -0.0028019044548273087 -0.026126623153686523 0.010181514546275139
v -0.0028019044548273087 -0.026126623153686523 0.010181514546275139
v -0.0028019044548273087 -0.026126623153686523 0.010181514546275139
v -0.0028019044548273087 -0.026126623153686523 0.010181514546275139
v -0.0027897125110030174 -0.027574224397540092 0.005846288520842791
v -0.0027897125110030174 -0.027574224397540092 0.005846288520842791
v -0.0027897125110030174 -0.027574224397540092 0.005846288520842791
v -0.0027897125110030174 -0.027574224397540092 0.005846288520842791
v -0.00281328521668911 -0.024002380669116974 0.014228339307010174
v -0.00281328521668911 -0.024002380669116974 0.014228339307010174
v -0.00283246417529881 -0.017960090190172195 0.02104795165359974
v -0.00283246417529881 -0.017960090190172195 0.02104795165359974
v -0.00283246417529881 -0.017960090190172195 0.02104795165359974
v -0.00283246417529881 -0.017960090190172195 0.02104795165359974
v -0.002823560731485486 -0.02125648781657219 0.017882047221064568
v -0.002823560731485486 -0.02125648781657219 0.017882047221064568
v -0.002823560731485486 -0.02125648781657219 0.017882047221064568
v -0.0028452747501432896 -0.010069144889712334 0.025603169575333595
v -0.0028452747501432896 -0.010069144889712334 0.025603169575333595
v -0.0028452747501432896 -0.010069144889712334 0.025603169575333595
v -0.002839765278622508 -0.01419848669320345 0.023644067347049713
v -0.002839765278622508 -0.01419848669320345 0.023644067347049713
v -0.002839765278622508 -0.01419848669320345 0.023644067347049713
v -0.002839765278622508 -0.01419848669320345 0.023644067347049713
v -0.002848850330337882 -0.005679047200828791 0.026874525472521782
v -0.002848850330337882 -0.005679047200828791 0.026874525472521782
v -0.002848850330337882 -0.005679047200828791 0.026874525472521782
v -0.002850398886948824 -0.0011418514186516404 0.027425158768892288
v -0.002850398886948824 -0.0011418514186516404 0.027425158768892288
v -0.002850398886948824 -0.0011418514186516404 0.027425158768892288
v -0.0028473087586462498 0.007903016172349453 0.026326391845941544
v -0.0028473087586462498 0.007903016172349453 0.026326391845941544
v -0.0028498806059360504 0.0034249196760356426 0.027240896597504616
v -0.0028498806059360504 0.0034249196760356426 0.027240896597504616
v -0.0028498806059360504 0.0034249196760356426 0.027240896597504616
v -0.0028427501674741507 0.012176359072327614 0.024705469608306885
v -0.0028427501674741507 0.012176359072327614 0.024705469608306885
v -0.0028427501674741507 0.012176359072327614 0.024705469608306885
v -0.0028427501674741507 0.012176359072327614 0.024705469608306885
v -0.0028427501674741507 0.012176359072327614 0.024705469608306885
v -0.0028427501674741507 0.012176359072327614 0.024705469608306885
v -0.0028363228775560856 0.016134437173604965 0.022420018911361694
v -0.0028363228775560856 0.016134437173604965 0.022420018911361694
v -0.0028363228775560856 0.016134437173604965 0.022420018911361694
v -0.0028281931299716234 0.01967458613216877 0.019529219716787338
v -0.0028281931299716234 0.01967458613216877 0.019529219716787338
v -0.0028281931299716234 0.01967458613216877 0.019529219716787338
v -0.002818571636453271 0.022705202922225 0.016108009964227676
v -0.002818571636453271 0.022705202922225 0.016108009964227676
v -0.002818571636453271 0.022705202922225 0.016108009964227676
v -0.0028132174629718065 0.024017928168177605 0.014204183593392372
v -0.0028132174629718065 0.024017928168177605 0.014204183593392372
v -0.0028132174629718065 0.024017928168177605 0.014204183593392372
v -0.0028132174629718065 0.024017928168177605 0.014204183593392372
v -0.0028132174629718065 0.024017928168177605 0.014204183593392372
v -0.002807707292959094 0.025147777050733566 0.01224492583423853
v -0.002807707292959094 0.025147777050733566 0.01224492583423853
v -0.002807707292959094 0.025147777050733566 0.01224492583423853
v -0.002807707292959094 0.025147777050733566 0.01224492583423853
v -0.0027958820573985577 0.026939062401652336 0.008040049113333225
v -0.0027958820573985577 0.026939062401652336 0.008040049113333225
v -0.0027958820573985577 0.026939062401652336 0.008040049113333225
v -0.0027958820573985577 0.026939062401652336 0.008040049113333225
v -0.0027834016364067793 0.028032589703798294 0.003602324752137065
v -0.0027834016364067793 0.028032589703798294 0.003602324752137065
v -0.0027834016364067793 0.028032589703798294 0.003602324752137065
v -0.0027347116265445948 -0.014604713767766953 -0.013710856437683105
v -0.0027347116265445948 -0.014604713767766953 -0.013710856437683105
v -0.0027347116265445948 -0.014604713767766953 -0.013710856437683105
v -0.002736101159825921 -0.014110530726611614 -0.013216793537139893
v -0.002736101159825921 -0.014110530726611614 -0.013216793537139893
v -0.002736101159825921 -0.014110530726611614 -0.013216793537139893
v -0.0027366098947823048 -0.013435523957014084 -0.013035942800343037
v -0.0027366098947823048 -0.013435523957014084 -0.013035942800343037
v -0.0027366098947823048 -0.013435523957014084 -0.013035942800343037
v -0.002736101159825921 -0.012760539539158344 -0.01321682520210743
v -0.002736101159825921 -0.012760539539158344 -0.01321682520210743
v -0.002736101159825921 -0.012760539539158344 -0.01321682520210743
v -0.002734711393713951 -0.012266424484550953 -0.013711006380617619
v -0.002734711393713951 -0.012266424484550953 -0.013711006380617619
v -0.002734711393713951 -0.012266424484550953 -0.013711006380617619
v -0.0027328128926455975 -0.012085623107850552 -0.01438601128757
v -0.0027328128926455975 -0.012085623107850552 -0.01438601128757
v -0.0027309146244078875 -0.01226651668548584 -0.015060992911458015
v -0.0027309146244078875 -0.01226651668548584 -0.015060992911458015
v -0.002729525091126561 -0.012760699726641178 -0.015555115416646004
v -0.002729525091126561 -0.012760699726641178 -0.015555115416646004
v -0.002729016589000821 -0.013435707427561283 -0.01573590561747551
v -0.002729016589000821 -0.013435707427561283 -0.01573590561747551
v -0.002729525323957205 -0.014110691845417023 -0.015555024147033691
v -0.002729525323957205 -0.014110691845417023 -0.015555024147033691
v -0.0027309150900691748 -0.01460480596870184 -0.015060832723975182
v -0.0027309150900691748 -0.01460480596870184 -0.015060832723975182
v -0.0027328135911375284 -0.01478560734540224 -0.0143858278170228
v -0.0027328135911375284 -0.01478560734540224 -0.0143858278170228
v -0.0027328135911375284 -0.01478560734540224 -0.0143858278170228
v -0.0027328135911375284 -0.01478560734540224 -0.0143858278170228
v -0.002734707435593009 0.01226526964455843 -0.013712344691157341
v -0.002734707435593009 0.01226526964455843 -0.013712344691157341
v -0.002734707435593009 0.01226526964455843 -0.013712344691157341
v -0.002734707435593009 0.01226526964455843 -0.013712344691157341
v -0.002736097201704979 0.012759452685713768 -0.013218231499195099
v -0.002736097201704979 0.012759452685713768 -0.013218231499195099
v -0.002736097201704979 0.012759452685713768 -0.013218231499195099
v -0.002736605703830719 0.013434460386633873 -0.013037430122494698
v -0.002736605703830719 0.013434460386633873 -0.013037430122494698
v -0.002736605703830719 0.013434460386633873 -0.013037430122494698
v -0.0027360969688743353 0.014109444804489613 -0.013218323700129986
v -0.0027360969688743353 0.014109444804489613 -0.013218323700129986
v -0.0027360969688743353 0.014109444804489613 -0.013218323700129986
v -0.0027347069699317217 0.01460356917232275 -0.0137125039473176
v -0.0027347069699317217 0.01460356917232275 -0.0137125039473176
v -0.0027347069699317217 0.01460356917232275 -0.0137125039473176
v -0.0027328087016940117 0.01478436030447483 -0.014387509785592556
v -0.0027328087016940117 0.01478436030447483 -0.014387509785592556
v -0.0027328087016940117 0.01478436030447483 -0.014387509785592556
v -0.0027309104334563017 0.014603477902710438 -0.015062491409480572
v -0.0027309104334563017 0.014603477902710438 -0.015062491409480572
v -0.0027309104334563017 0.014603477902710438 -0.015062491409480572
v -0.0027295209001749754 0.014109284617006779 -0.01555660367012024
v -0.0027295209001749754 0.014109284617006779 -0.01555660367012024
v -0.0027295209001749754 0.014109284617006779 -0.01555660367012024
v -0.0027290123980492353 0.013434276916086674 -0.01573740504682064
v -0.0027290123980492353 0.013434276916086674 -0.01573740504682064
v -0.002729521133005619 0.012759302742779255 -0.015556511469185352
v -0.002729521133005619 0.012759302742779255 -0.015556511469185352
v -0.002729521133005619 0.012759302742779255 -0.015556511469185352
v -0.002730910899117589 0.012265177443623543 -0.015062331221997738
v -0.002730910899117589 0.012265177443623543 -0.015062331221997738
v -0.002730910899117589 0.012265177443623543 -0.015062331221997738
v -0.002732809167355299 0.012084386311471462 -0.014387326315045357
v -0.002732809167355299 0.012084386311471462 -0.014387326315045357
v -0.002732809167355299 0.012084386311471462 -0.014387326315045357
v -0.0028102737851440907 0.012266768142580986 0.01315753348171711
v -0.0028102737851440907 0.012266768142580986 0.01315753348171711
v -0.0028102737851440907 0.012266768142580986 0.01315753348171711
v -0.0028116635512560606 0.012760951183736324 0.013651655986905098
v -0.0028116635512560606 0.012760951183736324 0.013651655986905098
v -0.0028116635512560606 0.012760951183736324 0.013651655986905098
v -0.0028121720533818007 0.01343595888465643 0.013832446187734604
v -0.0028121720533818007 0.01343595888465643 0.013832446187734604
v -0.0028121720533818007 0.01343595888465643 0.013832446187734604
v -0.002811663318425417 0.014110943302512169 0.013651564717292786
v -0.002811663318425417 0.014110943302512169 0.013651564717292786
v -0.002810273552313447 0.014605055563151836 0.013157432898879051
v -0.002810273552313447 0.014605055563151836 0.013157432898879051
v -0.0028083750512450933 0.014785858802497387 0.012482368387281895
v -0.0028083750512450933 0.014785858802497387 0.012482368387281895
v -0.0028083750512450933 0.014785858802497387 0.012482368387281895
v -0.0028064767830073833 0.014604965224862099 0.0118073970079422
v -0.0028064767830073833 0.014604965224862099 0.0118073970079422
v -0.0028064767830073833 0.014604965224862099 0.0118073970079422
v -0.002805087249726057 0.014110783115029335 0.011313273571431637
v -0.002805087249726057 0.014110783115029335 0.011313273571431637
v -0.002805087249726057 0.014110783115029335 0.011313273571431637
v -0.002804578747600317 0.01343577541410923 0.011132483370602131
v -0.002804578747600317 0.01343577541410923 0.011132483370602131
v -0.0028050874825567007 0.01276079099625349 0.011313365772366524
v -0.0028050874825567007 0.01276079099625349 0.011313365772366524
v -0.0028050874825567007 0.01276079099625349 0.011313365772366524
v -0.0028064772486686707 0.012266675941646099 0.011807546950876713
v -0.0028064772486686707 0.012266675941646099 0.011807546950876713
v -0.0028064772486686707 0.012266675941646099 0.011807546950876713
v -0.0028083755169063807 0.012085874564945698 0.012482551857829094
v -0.0028083755169063807 0.012085874564945698 0.012482551857829094
v -0.0028083755169063807 0.012085874564945698 0.012482551857829094
v -0.0028102779760956764 -0.014603226445615292 0.013159031979739666
v -0.0028102779760956764 -0.014603226445615292 0.013159031979739666
v -0.0028102779760956764 -0.014603226445615292 0.013159031979739666
v -0.0028116677422076464 -0.014109033159911633 0.013653144240379333
v -0.0028116677422076464 -0.014109033159911633 0.013653144240379333
v -0.0028116677422076464 -0.014109033159911633 0.013653144240379333
v -0.0028121762443333864 -0.013434025458991528 0.01383394468575716
v -0.0028121762443333864 -0.013434025458991528 0.01383394468575716
v -0.0028121762443333864 -0.013434025458991528 0.01383394468575716
v -0.0028116675093770027 -0.012759051285684109 0.013653052039444447
v -0.0028116675093770027 -0.012759051285684109 0.013653052039444447
v -0.0028116675093770027 -0.012759051285684109 0.013653052039444447
v -0.0028102777432650328 -0.012264925986528397 0.013158871792256832
v -0.0028102777432650328 -0.012264925986528397 0.013158871792256832
v -0.0028102777432650328 -0.012264925986528397 0.013158871792256832
v -0.002808379242196679 -0.012084134854376316 0.012483866885304451
v -0.002808379242196679 -0.012084134854376316 0.012483866885304451
v -0.002808379242196679 -0.012084134854376316 0.012483866885304451
v -0.002806480973958969 -0.012265018187463284 0.011808885261416435
v -0.002806480973958969 -0.012265018187463284 0.011808885261416435
v -0.002806480973958969 -0.012265018187463284 0.011808885261416435
v -0.002805091440677643 -0.012759201228618622 0.011314772069454193
v -0.002805091440677643 -0.012759201228618622 0.011314772069454193
v -0.002805091440677643 -0.012759201228618622 0.011314772069454193
v -0.0028045829385519028 -0.013434208929538727 0.011133971624076366
v -0.0028045829385519028 -0.013434208929538727 0.011133971624076366
v -0.0028045829385519028 -0.013434208929538727 0.011133971624076366
v -0.0028050916735082865 -0.014109193347394466 0.01131486427038908
v -0.0028050916735082865 -0.014109193347394466 0.01131486427038908
v -0.0028064814396202564 -0.014603317715227604 0.011809044517576694
v -0.0028064814396202564 -0.014603317715227604 0.011809044517576694
v -0.0028064814396202564 -0.014603317715227604 0.011809044517576694
v -0.00280837994068861 -0.014784108847379684 0.01248405035585165
v -0.00280837994068861 -0.014784108847379684 0.01248405035585165
v -0.00280837994068861 -0.014784108847379684 0.01248405035585165
v -0.00280837994068861 -0.014784108847379684 0.01248405035585165
v -0.00271988264285028 0.015430309809744358 -0.018983738496899605
v -0.00271988264285028 0.015430309809744358 -0.018983738496899605
v -0.00271988264285028 0.015430309809744358 -0.018983738496899605
v -0.00271988264285028 0.015430309809744358 -0.018983738496899605
v -0.0027235387824475765 0.01577872782945633 -0.017683755606412888
v -0.0027235387824475765 0.01577872782945633 -0.017683755606412888
v -0.0027235387824475765 0.01577872782945633 -0.017683755606412888
v -0.0027235387824475765 0.01577872782945633 -0.017683755606412888
v -0.0027262151706963778 0.01673046685755253 -0.016732098534703255
v -0.0027262151706963778 0.01673046685755253 -0.016732098534703255
v -0.0027262151706963778 0.01673046685755253 -0.016732098534703255
v -0.0027262151706963778 0.01673046685755253 -0.016732098534703255
v -0.0027262151706963778 0.01673046685755253 -0.016732098534703255
v -0.002727194456383586 0.018030475825071335 -0.016383854672312737
v -0.002727194456383586 0.018030475825071335 -0.016383854672312737
v -0.002727194456383586 0.018030475825071335 -0.016383854672312737
v -0.002727194456383586 0.018030475825071335 -0.016383854672312737
v -0.002727194456383586 0.018030475825071335 -0.016383854672312737
v -0.002727194456383586 0.018030475825071335 -0.016383854672312737
v -0.0027262147050350904 0.019330473616719246 -0.01673225872218609
v -0.0027262147050350904 0.019330473616719246 -0.01673225872218609
v -0.0027262147050350904 0.019330473616719246 -0.01673225872218609
v -0.0027262147050350904 0.019330473616719246 -0.01673225872218609
v -0.0027262147050350904 0.019330473616719246 -0.01673225872218609
v -0.0027235380839556456 0.020282063633203506 -0.01768399588763714
v -0.0027235380839556456 0.020282063633203506 -0.01768399588763714
v -0.0027235380839556456 0.020282063633203506 -0.01768399588763714
v -0.0027235380839556456 0.020282063633203506 -0.01768399588763714
v -0.0027235380839556456 0.020282063633203506 -0.01768399588763714
v -0.002719881944358349 0.02063032239675522 -0.018984010443091393
v -0.002719881944358349 0.02063032239675522 -0.018984010443091393
v -0.002719881944358349 0.02063032239675522 -0.018984010443091393
v -0.002719881944358349 0.02063032239675522 -0.018984010443091393
v -0.002719881944358349 0.02063032239675522 -0.018984010443091393
v -0.002719881944358349 0.02063032239675522 -0.018984010443091393
v -0.002716226037591696 0.020281903445720673 -0.02028399147093296
v -0.002716226037591696 0.020281903445720673 -0.02028399147093296
v -0.002716226037591696 0.020281903445720673 -0.02028399147093296
v -0.002716226037591696 0.020281903445720673 -0.02028399147093296
v -0.002716226037591696 0.020281903445720673 -0.02028399147093296
v -0.002713549882173538 0.01933022402226925 -0.021235588937997818
v -0.002713549882173538 0.01933022402226925 -0.021235588937997818
v -0.002713549882173538 0.01933022402226925 -0.021235588937997818
v -0.002713549882173538 0.01933022402226925 -0.021235588937997818
v -0.002713549882173538 0.01933022402226925 -0.021235588937997818
v -0.00271257059648633 0.018030153587460518 -0.021583834663033485
v -0.00271257059648633 0.018030153587460518 -0.021583834663033485
v -0.00271257059648633 0.018030153587460518 -0.021583834663033485
v -0.00271257059648633 0.018030153587460518 -0.021583834663033485
v -0.00271257059648633 0.018030153587460518 -0.021583834663033485
v -0.00271257059648633 0.018030153587460518 -0.021583834663033485
v -0.0027135503478348255 0.01673021726310253 -0.021235419437289238
v -0.0027135503478348255 0.01673021726310253 -0.021235419437289238
v -0.0027135503478348255 0.01673021726310253 -0.021235419437289238
v -0.0027135503478348255 0.01673021726310253 -0.021235419437289238
v -0.0027135503478348255 0.01673021726310253 -0.021235419437289238
v -0.0027162267360836267 0.015778567641973495 -0.020283741876482964
v -0.0027162267360836267 0.015778567641973495 -0.020283741876482964
v -0.0027162267360836267 0.015778567641973495 -0.020283741876482964
v -0.002719888463616371 -0.02063206024467945 -0.018981685861945152
v -0.002719888463616371 -0.02063206024467945 -0.018981685861945152
v -0.002719888463616371 -0.02063206024467945 -0.018981685861945152
v -0.002719888463616371 -0.02063206024467945 -0.018981685861945152
v -0.002719888463616371 -0.02063206024467945 -0.018981685861945152
v -0.002723544370383024 -0.020283643156290054 -0.017681755125522614
v -0.002723544370383024 -0.020283643156290054 -0.017681755125522614
v -0.002723544370383024 -0.020283643156290054 -0.017681755125522614
v -0.002723544370383024 -0.020283643156290054 -0.017681755125522614
v -0.002723544370383024 -0.020283643156290054 -0.017681755125522614
v -0.0027262207586318254 -0.01933196373283863 -0.016730109229683876
v -0.0027262207586318254 -0.01933196373283863 -0.016730109229683876
v -0.0027262207586318254 -0.01933196373283863 -0.016730109229683876
v -0.0027262207586318254 -0.01933196373283863 -0.016730109229683876
v -0.0027262207586318254 -0.01933196373283863 -0.016730109229683876
v -0.0027262207586318254 -0.01933196373283863 -0.016730109229683876
v -0.0027272000443190336 -0.018031954765319824 -0.016381852328777313
v -0.0027272000443190336 -0.018031954765319824 -0.016381852328777313
v -0.0027272000443190336 -0.018031954765319824 -0.016381852328777313
v -0.0027272000443190336 -0.018031954765319824 -0.016381852328777313
v -0.0027272000443190336 -0.018031954765319824 -0.016381852328777313
v -0.002726220292970538 -0.01673196628689766 -0.01673026941716671
v -0.002726220292970538 -0.01673196628689766 -0.01673026941716671
v -0.002726220292970538 -0.01673196628689766 -0.01673026941716671
v -0.002726220292970538 -0.01673196628689766 -0.01673026941716671
v -0.002726220292970538 -0.01673196628689766 -0.01673026941716671
v -0.0027235436718910933 -0.015780305489897728 -0.01768200471997261
v -0.0027235436718910933 -0.015780305489897728 -0.01768200471997261
v -0.0027235436718910933 -0.015780305489897728 -0.01768200471997261
v -0.0027235436718910933 -0.015780305489897728 -0.01768200471997261
v -0.0027198875322937965 -0.01543205976486206 -0.01898200809955597
v -0.0027198875322937965 -0.01543205976486206 -0.01898200809955597
v -0.0027198875322937965 -0.01543205976486206 -0.01898200809955597
v -0.0027198875322937965 -0.01543205976486206 -0.01898200809955597
v -0.0027198875322937965 -0.01543205976486206 -0.01898200809955597
v -0.0027162316255271435 -0.015780465677380562 -0.020282000303268433
v -0.0027162316255271435 -0.015780465677380562 -0.020282000303268433
v -0.0027162316255271435 -0.015780465677380562 -0.020282000303268433
v -0.0027162316255271435 -0.015780465677380562 -0.020282000303268433
v -0.002713555470108986 -0.01673220843076706 -0.021233588457107544
v -0.002713555470108986 -0.01673220843076706 -0.021233588457107544
v -0.002713555470108986 -0.01673220843076706 -0.021233588457107544
v -0.002713555470108986 -0.01673220843076706 -0.021233588457107544
v -0.002713555470108986 -0.01673220843076706 -0.021233588457107544
v -0.0027125761844217777 -0.018032226711511612 -0.021581843495368958
v -0.0027125761844217777 -0.018032226711511612 -0.021581843495368958
v -0.0027125761844217777 -0.018032226711511612 -0.021581843495368958
v -0.0027125761844217777 -0.018032226711511612 -0.021581843495368958
v -0.0027125761844217777 -0.018032226711511612 -0.021581843495368958
v -0.002713555935770273 -0.019332213327288628 -0.02123342826962471
v -0.002713555935770273 -0.019332213327288628 -0.02123342826962471
v -0.002713555935770273 -0.019332213327288628 -0.02123342826962471
v -0.002713555935770273 -0.019332213327288628 -0.02123342826962471
v -0.002713555935770273 -0.019332213327288628 -0.02123342826962471
v -0.0027162323240190744 -0.020283812656998634 -0.020281750708818436
v -0.0027162323240190744 -0.020283812656998634 -0.020281750708818436
v -0.0027162323240190744 -0.020283812656998634 -0.020281750708818436
v -0.0027162323240190744 -0.020283812656998634 -0.020281750708818436
v -0.002821306698024273 -0.020630070939660072 0.017080551013350487
v -0.002821306698024273 -0.020630070939660072 0.017080551013350487
v -0.002821306698024273 -0.020630070939660072 0.017080551013350487
v -0.002821306698024273 -0.020630070939660072 0.017080551013350487
v -0.002824962604790926 -0.020281651988625526 0.018380532041192055
v -0.002824962604790926 -0.020281651988625526 0.018380532041192055
v -0.002824962604790926 -0.020281651988625526 0.018380532041192055
v -0.0028276387602090836 -0.019329972565174103 0.019332129508256912
v -0.0028276387602090836 -0.019329972565174103 0.019332129508256912
v -0.0028276387602090836 -0.019329972565174103 0.019332129508256912
v -0.0028276387602090836 -0.019329972565174103 0.019332129508256912
v -0.0028276387602090836 -0.019329972565174103 0.019332129508256912
v -0.0028276387602090836 -0.019329972565174103 0.019332129508256912
v -0.0028286180458962917 -0.01802990213036537 0.01968037523329258
v -0.0028286180458962917 -0.01802990213036537 0.01968037523329258
v -0.0028286180458962917 -0.01802990213036537 0.01968037523329258
v -0.0028286180458962917 -0.01802990213036537 0.01968037523329258
v -0.0028286180458962917 -0.01802990213036537 0.01968037523329258
v -0.0028276382945477962 -0.016729965806007385 0.019331960007548332
v -0.0028276382945477962 -0.016729965806007385 0.019331960007548332
v -0.0028276382945477962 -0.016729965806007385 0.019331960007548332
v -0.0028276382945477962 -0.016729965806007385 0.019331960007548332
v -0.0028276382945477962 -0.016729965806007385 0.019331960007548332
v -0.002824961906298995 -0.01577831618487835 0.018380282446742058
v -0.002824961906298995 -0.01577831618487835 0.018380282446742058
v -0.002824961906298995 -0.01577831618487835 0.018380282446742058
v -0.002824961906298995 -0.01577831618487835 0.018380282446742058
v -0.0028213057667016983 -0.015430058352649212 0.0170802790671587
v -0.0028213057667016983 -0.015430058352649212 0.0170802790671587
v -0.0028213057667016983 -0.015430058352649212 0.0170802790671587
v -0.0028213057667016983 -0.015430058352649212 0.0170802790671587
v -0.0028213057667016983 -0.015430058352649212 0.0170802790671587
v -0.0028213057667016983 -0.015430058352649212 0.0170802790671587
v -0.0028176498599350452 -0.015778476372361183 0.01578029803931713
v -0.0028176498599350452 -0.015778476372361183 0.01578029803931713
v -0.0028176498599350452 -0.015778476372361183 0.01578029803931713
v -0.0028176498599350452 -0.015778476372361183 0.01578029803931713
v -0.0028176498599350452 -0.015778476372361183 0.01578029803931713
v -0.002814973471686244 -0.016730215400457382 0.014828640036284924
v -0.002814973471686244 -0.016730215400457382 0.014828640036284924
v -0.002814973471686244 -0.016730215400457382 0.014828640036284924
v -0.002814973471686244 -0.016730215400457382 0.014828640036284924
v -0.002814973471686244 -0.016730215400457382 0.014828640036284924
v -0.002813994185999036 -0.01803022436797619 0.014480394311249256
v -0.002813994185999036 -0.01803022436797619 0.014480394311249256
v -0.002813994185999036 -0.01803022436797619 0.014480394311249256
v -0.002813994185999036 -0.01803022436797619 0.014480394311249256
v -0.002813994185999036 -0.01803022436797619 0.014480394311249256
v -0.002813994185999036 -0.01803022436797619 0.014480394311249256
v -0.0028149739373475313 -0.0193302221596241 0.014828800223767757
v -0.0028149739373475313 -0.0193302221596241 0.014828800223767757
v -0.0028149739373475313 -0.0193302221596241 0.014828800223767757
v -0.0028149739373475313 -0.0193302221596241 0.014828800223767757
v -0.002817650558426976 -0.02028181217610836 0.015780538320541382
v -0.002817650558426976 -0.02028181217610836 0.015780538320541382
v -0.002817650558426976 -0.02028181217610836 0.015780538320541382
v -0.0028213008772581816 0.015432311221957207 0.017078548669815063
v -0.0028213008772581816 0.015432311221957207 0.017078548669815063
v -0.0028213008772581816 0.015432311221957207 0.017078548669815063
v -0.0028213008772581816 0.015432311221957207 0.017078548669815063
v -0.0028213008772581816 0.015432311221957207 0.017078548669815063
v -0.0028249570168554783 0.015780717134475708 0.018378540873527527
v -0.0028249570168554783 0.015780717134475708 0.018378540873527527
v -0.0028249570168554783 0.015780717134475708 0.018378540873527527
v -0.0028249570168554783 0.015780717134475708 0.018378540873527527
v -0.002827633172273636 0.016732459887862206 0.019330129027366638
v -0.002827633172273636 0.016732459887862206 0.019330129027366638
v -0.002827633172273636 0.016732459887862206 0.019330129027366638
v -0.002827633172273636 0.016732459887862206 0.019330129027366638
v -0.002827633172273636 0.016732459887862206 0.019330129027366638
v -0.002828612457960844 0.018032478168606758 0.019678384065628052
v -0.002828612457960844 0.018032478168606758 0.019678384065628052
v -0.002828612457960844 0.018032478168606758 0.019678384065628052
v -0.002828612457960844 0.018032478168606758 0.019678384065628052
v -0.002828612457960844 0.018032478168606758 0.019678384065628052
v -0.002828612457960844 0.018032478168606758 0.019678384065628052
v -0.0028276327066123486 0.019332464784383774 0.019329968839883804
v -0.0028276327066123486 0.019332464784383774 0.019329968839883804
v -0.0028276327066123486 0.019332464784383774 0.019329968839883804
v -0.0028276327066123486 0.019332464784383774 0.019329968839883804
v -0.0028249563183635473 0.02028406411409378 0.01837829314172268
v -0.0028249563183635473 0.02028406411409378 0.01837829314172268
v -0.0028249563183635473 0.02028406411409378 0.01837829314172268
v -0.0028249563183635473 0.02028406411409378 0.01837829314172268
v -0.0028213001787662506 0.020632311701774597 0.017078228294849396
v -0.0028213001787662506 0.020632311701774597 0.017078228294849396
v -0.0028213001787662506 0.020632311701774597 0.017078228294849396
v -0.0028213001787662506 0.020632311701774597 0.017078228294849396
v -0.0028176442719995975 0.0202838946133852 0.015778295695781708
v -0.0028176442719995975 0.0202838946133852 0.015778295695781708
v -0.0028176442719995975 0.0202838946133852 0.015778295695781708
v -0.0028176442719995975 0.0202838946133852 0.015778295695781708
v -0.0028176442719995975 0.0202838946133852 0.015778295695781708
v -0.0028176442719995975 0.0202838946133852 0.015778295695781708
v -0.0028149678837507963 0.019332215189933777 0.014826648868620396
v -0.0028149678837507963 0.019332215189933777 0.014826648868620396
v -0.0028149678837507963 0.019332215189933777 0.014826648868620396
v -0.0028149678837507963 0.019332215189933777 0.014826648868620396
v -0.0028149678837507963 0.019332215189933777 0.014826648868620396
v -0.002813988598063588 0.01803220622241497 0.014478393830358982
v -0.002813988598063588 0.01803220622241497 0.014478393830358982
v -0.002813988598063588 0.01803220622241497 0.014478393830358982
v -0.002813988598063588 0.01803220622241497 0.014478393830358982
v -0.0028149683494120836 0.016732217743992805 0.014826809987425804
v -0.0028149683494120836 0.016732217743992805 0.014826809987425804
v -0.0028149683494120836 0.016732217743992805 0.014826809987425804
v -0.0028149683494120836 0.016732217743992805 0.014826809987425804
v -0.0028149683494120836 0.016732217743992805 0.014826809987425804
v -0.0028176449704915285 0.015780556946992874 0.015778545290231705
v -0.0028176449704915285 0.015780556946992874 0.015778545290231705
v -0.0028176449704915285 0.015780556946992874 0.015778545290231705
v -0.0028176449704915285 0.015780556946992874 0.015778545290231705
v -0.0028176449704915285 0.015780556946992874 0.015778545290231705
v -0.0028130828868597746 9.630631438994897e-07 0.014156336896121502
v -0.0028130828868597746 9.630631438994897e-07 0.014156336896121502
v -0.0028130828868597746 9.630631438994897e-07 0.014156336896121502
v -0.0028130828868597746 9.630631438994897e-07 0.014156336896121502
v -0.0028130828868597746 9.630631438994897e-07 0.014156336896121502
v -0.0028130828868597746 9.630631438994897e-07 0.014156336896121502
v -0.0028130828868597746 9.630631438994897e-07 0.014156336896121502
v -0.0028130828868597746 9.630631438994897e-07 0.014156336896121502
v -0.0028130828868597746 9.630631438994897e-07 0.014156336896121502
v -0.0028130849823355675 -0.015107152983546257 0.014157124795019627
v -0.0028130849823355675 -0.015107152983546257 0.014157124795019627
v -0.0028130849823355675 -0.015107152983546257 0.014157124795019627
v -0.0028130849823355675 -0.015107152983546257 0.014157124795019627
v -0.0028130849823355675 -0.015107152983546257 0.014157124795019627
v -0.0028130849823355675 -0.015107152983546257 0.014157124795019627
v -0.0028130849823355675 -0.015107152983546257 0.014157124795019627
v -0.0028130849823355675 -0.015107152983546257 0.014157124795019627
v -0.0028130849823355675 -0.015107152983546257 0.014157124795019627
v -0.0027705905959010124 0.024515727534890175 -0.0009530815295875072
v -0.0027705905959010124 0.024515727534890175 -0.0009530815295875072
v -0.0027705905959010124 0.024515727534890175 -0.0009530815295875072
v -0.0027705905959010124 0.024515727534890175 -0.0009530815295875072
v -0.0027705905959010124 0.024515727534890175 -0.0009530815295875072
v -0.0027705905959010124 0.024515727534890175 -0.0009530815295875072
v -0.0027705905959010124 0.024515727534890175 -0.0009530815295875072
v -0.0028130803257226944 0.015109039843082428 0.014155489392578602
v -0.0028130803257226944 0.015109039843082428 0.014155489392578602
v -0.0028130803257226944 0.015109039843082428 0.014155489392578602
v -0.0028130803257226944 0.015109039843082428 0.014155489392578602
v -0.0027705966494977474 -0.015107940882444382 -0.0009508811635896564
v -0.0027705966494977474 -0.015107940882444382 -0.0009508811635896564
v -0.0027705966494977474 -0.015107940882444382 -0.0009508811635896564
v -0.0027705966494977474 -0.015107940882444382 -0.0009508811635896564
v -0.0027705966494977474 -0.015107940882444382 -0.0009508811635896564
v -0.0027705966494977474 -0.015107940882444382 -0.0009508811635896564
v -0.0027705966494977474 -0.015107940882444382 -0.0009508811635896564
v -0.0027705966494977474 -0.015107940882444382 -0.0009508811635896564
v -0.0027705966494977474 -0.015107940882444382 -0.0009508811635896564
v -0.0027705966494977474 -0.015107940882444382 -0.0009508811635896564
v -0.0027281080838292837 -0.015108788385987282 -0.016058947890996933
v -0.0027281080838292837 -0.015108788385987282 -0.016058947890996933
v -0.0027281080838292837 -0.015108788385987282 -0.016058947890996933
v -0.0027281080838292837 -0.015108788385987282 -0.016058947890996933
v -0.002701649209484458 -1.236206458088418e-06 -0.02546723559498787
v -0.002701649209484458 -1.236206458088418e-06 -0.02546723559498787
v -0.002701649209484458 -1.236206458088418e-06 -0.02546723559498787
v -0.002701649209484458 -1.236206458088418e-06 -0.02546723559498787
v -0.002701649209484458 -1.236206458088418e-06 -0.02546723559498787
v -0.002701649209484458 -1.236206458088418e-06 -0.02546723559498787
v -0.0027281036600470543 0.015107404440641403 -0.016060583293437958
v -0.0027281036600470543 0.015107404440641403 -0.016060583293437958
v -0.0027281036600470543 0.015107404440641403 -0.016060583293437958
v -0.0027281036600470543 0.015107404440641403 -0.016060583293437958
v -0.0027281036600470543 0.015107404440641403 -0.016060583293437958
v -0.0027281036600470543 0.015107404440641403 -0.016060583293437958
v -0.0027281036600470543 0.015107404440641403 -0.016060583293437958
v -0.0027705919928848743 0.015108192339539528 -0.0009525680798105896
v -0.0027705919928848743 0.015108192339539528 -0.0009525680798105896
v -0.0027705919928848743 0.015108192339539528 -0.0009525680798105896
v -0.0027705919928848743 0.015108192339539528 -0.0009525680798105896
v -0.0027705919928848743 0.015108192339539528 -0.0009525680798105896
v -0.0027705919928848743 0.015108192339539528 -0.0009525680798105896
v -0.0027705919928848743 0.015108192339539528 -0.0009525680798105896
v -0.0027705919928848743 0.015108192339539528 -0.0009525680798105896
v -0.0027705919928848743 0.015108192339539528 -0.0009525680798105896
v -0.002770594321191311 1.2572476748573536e-07 -0.000951729656662792
v -0.002770594321191311 1.2572476748573536e-07 -0.000951729656662792
v -0.002770594321191311 1.2572476748573536e-07 -0.000951729656662792
v -0.002770594321191311 1.2572476748573536e-07 -0.000951729656662792
v -0.002770594321191311 1.2572476748573536e-07 -0.000951729656662792
v -0.002770594321191311 1.2572476748573536e-07 -0.000951729656662792
v -0.002770594321191311 1.2572476748573536e-07 -0.000951729656662792
v -0.002770594321191311 1.2572476748573536e-07 -0.000951729656662792
v -0.002728105755522847 -7.11613608928019e-07 -0.016059797257184982
v -0.002728105755522847 -7.11613608928019e-07 -0.016059797257184982
v -0.002728105755522847 -7.11613608928019e-07 -0.016059797257184982
v -0.002728105755522847 -7.11613608928019e-07 -0.016059797257184982
v -0.002728105755522847 -7.11613608928019e-07 -0.016059797257184982
v -0.002728105755522847 -7.11613608928019e-07 -0.016059797257184982
f 1 5 7
f 7 5 11
f 12 19 23
f 27 22 33
f 34 36 40
f 40 36 42
f 39 43 45
f 45 43 48
f 45 48 52
f 52 48 54
f 50 53 58
f 58 53 61
f 65 66 69
f 71 68 76
f 77 81 83
f 77 83 85
f 89 82 90
f 89 90 92
f 92 90 96
f 92 96 100
f 101 105 96
f 96 105 108
f 96 108 100
f 77 111 81
f 81 111 113
f 115 117 121
f 121 117 124
f 121 124 126
f 126 124 129
f 126 129 130
f 130 129 133
f 130 133 135
f 135 133 138
f 135 138 140
f 143 146 149
f 149 146 151
f 143 149 154
f 154 149 157
f 154 157 160
f 163 149 151
f 163 151 167
f 151 169 167
f 167 169 171
f 167 171 173
f 173 171 176
f 173 176 179
f 183 140 184
f 184 140 138
f 186 76 189
f 189 76 68
f 68 192 189
f 189 192 195
f 189 195 198
f 18 14 199
f 211 56 122
f 120 57 116
f 56 211 51
f 51 211 214
f 51 214 46
f 46 214 217
f 46 217 38
f 38 217 223
f 38 223 35
f 35 223 225
f 104 35 109
f 109 35 225
f 235 237 238
f 238 237 241
f 246 247 252
f 252 254 246
f 246 254 255
f 246 255 260
f 260 255 261
f 260 261 269
f 237 235 271
f 271 235 269
f 271 269 273
f 273 269 261
f 274 278 280
f 280 278 286
f 287 274 291
f 291 274 280
f 290 282 6
f 6 282 10
f 186 189 294
f 186 294 295
f 294 298 295
f 295 298 300
f 295 300 304
f 304 300 308
f 304 308 312
f 313 319 320
f 320 319 325
f 327 252 330
f 330 252 247
f 287 334 274
f 274 334 338
f 342 329 336
f 336 329 333
f 334 332 338
f 345 16 9
f 9 16 4
f 346 349 351
f 354 348 2
f 353 4 25
f 24 3 13
f 356 358 9
f 9 358 361
f 8 360 344
f 28 29 363
f 369 372 378
f 379 371 384
f 388 377 392
f 394 381 387
f 396 383 20
f 17 386 30
f 399 400 404
f 404 400 407
f 405 408 412
f 413 409 417
f 415 418 421
f 421 418 425
f 429 430 399
f 399 430 400
f 435 439 448
f 447 441 451
f 146 143 454
f 146 454 456
f 456 454 459
f 456 459 462
f 462 459 467
f 462 467 468
f 476 477 483
f 484 478 490
f 485 489 492
f 492 489 494
f 495 488 503
f 496 504 507
f 508 513 517
f 508 517 521
f 521 517 525
f 521 525 528
f 528 525 530
f 528 530 536
f 516 514 541
f 144 545 452
f 453 546 552
f 455 549 460
f 461 550 554
f 460 553 465
f 518 540 526
f 556 559 543
f 542 560 534
f 548 533 562
f 541 566 522
f 524 567 571
f 523 572 535
f 532 570 573
f 531 575 564
f 145 155 543
f 544 153 161
f 543 159 556
f 556 159 59
f 556 59 37
f 55 49 59
f 60 47 41
f 59 44 37
f 577 581 583
f 583 581 589
f 590 593 596
f 596 593 601
f 606 608 612
f 612 608 621
f 613 617 624
f 623 616 628
f 622 627 601
f 601 627 596
f 634 635 639
f 639 635 641
f 639 641 645
f 645 641 647
f 644 649 651
f 651 649 653
f 651 653 657
f 657 653 659
f 666 236 668
f 668 236 270
f 270 272 668
f 668 272 262
f 668 262 669
f 251 673 253
f 253 673 669
f 253 669 256
f 256 669 262
f 677 679 683
f 683 679 689
f 681 690 693
f 692 687 698
f 695 699 702
f 702 699 703
f 707 711 677
f 677 711 679
f 717 722 727
f 728 723 731
f 733 738 740
f 749 194 751
f 750 196 193
f 62 755 757
f 191 67 751
f 751 67 64
f 751 64 762
f 762 64 759
f 764 770 774
f 772 769 316
f 773 317 739
f 747 318 315
f 742 314 735
f 776 370 778
f 779 367 376
f 778 375 781
f 781 375 751
f 784 749 787
f 787 749 751
f 787 751 789
f 789 751 375
f 737 791 744
f 745 793 796
f 746 795 800
f 776 802 370
f 370 802 741
f 370 741 806
f 806 741 801
f 808 809 812
f 812 809 818
f 822 825 828
f 828 825 829
f 833 834 839
f 839 834 844
f 838 842 847
f 848 845 854
f 849 851 829
f 829 851 828
f 236 666 242
f 242 666 858
f 242 858 860
f 861 857 863
f 577 583 865
f 865 583 867
f 577 865 871
f 871 865 863
f 871 863 857
f 876 878 880
f 880 878 883
f 886 536 888
f 888 536 530
f 530 558 888
f 888 558 557
f 888 557 890
f 36 34 106
f 103 890 106
f 106 890 557
f 106 557 36
f 242 860 240
f 240 860 892
f 240 892 895
f 895 892 897
f 895 897 899
f 899 897 904
f 899 904 906
f 907 902 113
f 907 113 111
f 58 61 115
f 115 61 160
f 115 160 117
f 117 160 157
f 911 914 176
f 176 914 179
f 917 451 918
f 918 451 441
f 441 921 918
f 918 921 926
f 918 926 930
f 657 659 931
f 934 929 933
f 931 930 926
f 931 926 657
f 183 184 937
f 183 937 942
f 939 938 945
f 939 945 946
f 946 945 950
f 946 950 952
f 955 949 934
f 955 934 933
f 195 748 198
f 198 748 956
f 380 389 959
f 380 959 790
f 788 960 962
f 788 962 785
f 786 964 966
f 786 966 782
f 783 967 956
f 783 956 748
f 343 970 15
f 15 970 203
f 21 201 395
f 391 200 972
f 7 11 974
f 7 974 355
f 355 974 979
f 355 979 357
f 357 979 982
f 357 982 359
f 359 982 970
f 359 970 343
f 654 648 215
f 339 331 249
f 337 250 275
f 257 648 245
f 245 648 640
f 245 640 637
f 276 249 277
f 279 248 243
f 277 245 985
f 984 244 636
f 985 637 987
f 229 239 894
f 209 119 125
f 896 901 234
f 230 900 908
f 232 905 112
f 110 78 234
f 233 79 86
f 231 87 263
f 265 88 94
f 267 93 98
f 216 650 220
f 218 648 257
f 219 258 221
f 222 259 266
f 224 264 227
f 226 268 97
f 228 99 107
f 127 132 210
f 205 131 136
f 206 137 141
f 654 215 660
f 660 215 953
f 661 954 932
f 142 182 207
f 208 181 940
f 212 943 215
f 213 941 948
f 215 947 953
f 986 989 994
f 986 994 983
f 983 994 286
f 983 286 278
f 812 996 999
f 1001 1004 1007
f 1007 1004 1010
f 1007 1010 999
f 999 1010 808
f 999 808 812
f 1013 1016 308
f 308 1016 312
f 792 736 1018
f 1018 736 1021
f 313 320 1022
f 1022 320 1025
f 313 1022 734
f 734 1022 1021
f 734 1021 736
f 1027 1029 1033
f 1033 1029 1037
f 1040 731 1041
f 1041 731 723
f 723 1043 1041
f 1041 1043 1046
f 1041 1046 1051
f 673 251 328
f 340 1051 328
f 328 1051 1046
f 328 1046 673
f 352 1053 1057
f 352 1057 347
f 347 1057 1058
f 347 1058 350
f 350 1058 5
f 350 5 1
f 1053 352 362
f 362 352 26
f 366 31 1063
f 1062 32 385
f 374 368 805
f 374 805 1064
f 1066 804 799
f 1066 799 1069
f 1070 798 794
f 1070 794 1071
f 1072 797 792
f 1072 792 1018
f 1076 1078 1083
f 1083 1078 1084
f 1081 1085 1089
f 1092 1087 1094
f 1091 1095 1098
f 1100 1093 1103
f 1101 1104 1108
f 1107 1105 1112
f 1111 1113 1118
f 1117 1115 1121
f 1116 1120 1123
f 1123 1120 1128
f 1124 1126 1131
f 1131 1126 1132
f 1129 1135 1136
f 1139 1134 1142
f 1140 1143 1149
f 1148 1141 1150
f 1145 1153 1155
f 1154 1152 1162
f 1159 1163 1164
f 1167 1161 1169
f 1165 1170 1074
f 1074 1170 1077
f 1175 1178 1179
f 1179 1178 1183
f 1181 1184 1190
f 1189 1185 1194
f 1188 1192 1198
f 1199 1193 1203
f 1197 1201 1207
f 1208 1200 1210
f 1205 1212 1218
f 1216 1211 1220
f 1214 1222 1225
f 1226 1221 1231
f 1227 1232 1235
f 1234 1229 1239
f 1233 1240 1244
f 1242 1238 1248
f 1241 1247 1251
f 1252 1249 1257
f 1253 1258 1263
f 1264 1260 1266
f 1261 1269 1270
f 1271 1267 1275
f 1273 1277 1172
f 1173 1274 1176
f 1279 1282 1287
f 1287 1282 1288
f 1286 1291 1293
f 1296 1289 1299
f 1294 1297 1305
f 1302 1300 1306
f 1303 1307 1311
f 1312 1309 1317
f 1314 1318 1323
f 1324 1319 1327
f 1320 1325 1334
f 1333 1328 1338
f 1332 1336 1343
f 1342 1335 1347
f 1344 1348 1351
f 1352 1345 1356
f 1353 1355 1360
f 1361 1354 1364
f 1363 1367 1368
f 1372 1366 1377
f 1371 1376 1379
f 1378 1375 1384
f 1380 1386 1278
f 1281 1385 1284
f 1390 1394 1398
f 1400 1392 1402
f 1401 1404 1408
f 1409 1405 1413
f 1406 1414 1421
f 1419 1412 1422
f 1420 1424 1430
f 1428 1425 1435
f 1429 1434 1440
f 1438 1433 1444
f 1436 1443 1448
f 1445 1441 1449
f 1446 1450 1453
f 1453 1450 1458
f 1452 1455 1463
f 1461 1457 1465
f 1459 1464 1469
f 1471 1466 1474
f 1470 1472 1477
f 1477 1472 1479
f 1478 1481 1484
f 1485 1480 1489
f 1483 1491 1387
f 1389 1490 1395
f 421 425 1495
f 1495 425 1498
f 423 1496 1508
f 1504 427 398
f 397 403 1507
f 1506 406 414
f 1505 416 422
f 1086 1510 1096
f 1096 1510 1514
f 1096 1514 1106
f 1106 1514 1518
f 1106 1518 1114
f 1114 1518 1523
f 1114 1523 1122
f 1122 1523 1528
f 1122 1528 1127
f 1127 1528 1531
f 1127 1531 1133
f 1133 1531 1534
f 1133 1534 1144
f 1144 1534 1536
f 1144 1536 1151
f 1151 1536 1538
f 1151 1538 1160
f 1160 1538 1543
f 1160 1543 1171
f 1171 1543 1544
f 1171 1544 1079
f 1079 1544 1548
f 1079 1548 1086
f 1086 1548 1510
f 1502 1551 428
f 428 1551 1558
f 428 1558 432
f 1562 1565 1560
f 1558 1564 1567
f 1558 1567 432
f 434 446 1571
f 1571 446 1574
f 1572 1577 1581
f 1579 1575 1585
f 1578 1584 1562
f 1562 1584 1565
f 479 1587 487
f 486 1592 1594
f 486 1594 499
f 498 1595 1598
f 1182 1600 1191
f 1191 1600 1604
f 1191 1604 1202
f 1202 1604 1612
f 1202 1612 1213
f 1213 1612 1614
f 1213 1614 1223
f 1223 1614 1618
f 1223 1618 1230
f 1230 1618 1623
f 1230 1623 1237
f 1237 1623 1627
f 1237 1627 1250
f 1250 1627 1630
f 1250 1630 1259
f 1259 1630 1635
f 1259 1635 1268
f 1268 1635 1636
f 1268 1636 1276
f 1276 1636 1640
f 1276 1640 1177
f 1177 1640 1641
f 1177 1641 1182
f 1182 1641 1600
f 505 1647 1652
f 563 574 491
f 491 574 482
f 482 574 474
f 474 574 568
f 474 568 1657
f 470 466 1661
f 1661 466 555
f 1661 555 1665
f 1665 555 551
f 1665 551 1652
f 1652 551 547
f 1652 547 505
f 505 547 561
f 505 561 497
f 497 561 493
f 515 512 539
f 539 512 1667
f 539 1667 565
f 565 1667 1671
f 565 1671 569
f 568 1674 1676
f 568 1676 1657
f 589 581 1679
f 1679 581 1685
f 1681 1683 1687
f 1690 1684 1692
f 1689 1691 1695
f 1695 1691 1696
f 594 591 1702
f 1704 1715 1719
f 1695 1696 1702
f 1702 1696 1704
f 1702 1704 594
f 594 1704 1719
f 602 595 1720
f 625 604 614
f 611 603 1721
f 615 1717 607
f 605 1716 1724
f 1723 1728 606
f 606 1728 608
f 1561 1557 437
f 1732 1735 1744
f 1556 1745 1750
f 923 920 1550
f 1554 922 440
f 1553 442 436
f 807 1550 811
f 811 1550 1743
f 630 638 643
f 1570 1582 438
f 433 1580 1563
f 433 1563 1559
f 1550 1751 1743
f 1743 1751 1753
f 1741 1756 1733
f 807 1011 1550
f 1552 1009 1003
f 1550 1002 923
f 925 1006 631
f 924 632 656
f 658 633 646
f 655 642 652
f 1757 1762 1768
f 1767 1764 810
f 1766 811 1770
f 1770 811 1743
f 579 578 1714
f 1048 1045 1705
f 1713 1044 721
f 1711 720 719
f 662 667 671
f 715 1771 1775
f 1780 1782 1709
f 1709 1782 1783
f 1709 1783 1785
f 1693 1686 1698
f 1697 1682 580
f 1697 580 1703
f 1703 580 1709
f 576 870 1710
f 1708 872 859
f 1709 855 1050
f 1047 856 663
f 1049 664 672
f 674 665 670
f 1791 1780 1794
f 1794 1780 1709
f 1794 1709 1801
f 1797 1707 714
f 1800 716 1803
f 1804 713 1774
f 702 703 1808
f 1808 703 1811
f 700 1807 1819
f 1818 706 675
f 676 684 1816
f 1813 682 694
f 1815 691 701
f 1374 1821 1383
f 1383 1821 1825
f 1383 1825 1283
f 1283 1825 1829
f 1283 1829 1290
f 1290 1829 1836
f 1290 1836 1298
f 1298 1836 1842
f 1298 1842 1308
f 1308 1842 1845
f 1308 1845 1316
f 1316 1845 1847
f 1316 1847 1326
f 1326 1847 1850
f 1326 1850 1337
f 1337 1850 1855
f 1337 1855 1346
f 1346 1855 1859
f 1346 1859 1357
f 1357 1859 1862
f 1357 1862 1365
f 1365 1862 1865
f 1365 1865 1374
f 1374 1865 1821
f 1482 1874 1488
f 1488 1874 1879
f 1488 1879 1393
f 1393 1879 1881
f 1393 1881 1403
f 1403 1881 1882
f 1403 1882 1415
f 1415 1882 1884
f 1415 1884 1423
f 1423 1884 1886
f 1423 1886 1432
f 1432 1886 1888
f 1432 1888 1442
f 1442 1888 1894
f 1442 1894 1451
f 1451 1894 1897
f 1451 1897 1456
f 1456 1897 1904
f 1456 1904 1467
f 1467 1904 1908
f 1467 1908 1473
f 1473 1908 1916
f 1473 1916 1482
f 1482 1916 1874
f 1814 1795 708
f 708 1795 1799
f 708 1799 712
f 1802 1919 1798
f 1799 1921 1922
f 1799 1922 712
f 718 725 1772
f 1772 725 1925
f 1773 1926 1778
f 1777 1927 1932
f 1776 1931 1802
f 1802 1931 1919
f 325 319 1936
f 1936 319 768
f 1937 767 1940
f 1942 766 763
f 1941 765 1947
f 1947 765 771
f 1947 771 1952
f 1952 771 743
f 1952 743 1955
f 1955 743 803
f 1955 803 1957
f 1957 803 775
f 1957 775 1962
f 1962 775 777
f 1962 777 1966
f 1966 777 780
f 1966 780 1967
f 1967 780 752
f 1967 752 1971
f 1971 752 761
f 63 70 753
f 753 70 1974
f 754 1976 760
f 758 1977 1981
f 756 1983 761
f 761 1983 1971
f 818 809 1985
f 1985 809 1760
f 1988 1761 1993
f 1991 1763 1758
f 1990 1759 1994
f 1994 1759 1765
f 824 820 1996
f 1769 1739 1998
f 1994 1765 1996
f 1996 1765 1769
f 1996 1769 824
f 824 1769 1998
f 830 823 1999
f 850 830 840
f 840 830 1999
f 837 2000 831
f 832 2002 2006
f 2005 2009 833
f 833 2009 834
f 2014 862 2018
f 2018 862 864
f 2018 864 2022
f 2022 864 866
f 2021 865 867
f 2021 867 2024
f 867 2028 2024
f 2024 2028 2031
f 2024 2031 2034
f 2034 2031 880
f 2034 880 883
f 878 876 2036
f 878 2036 2042
f 2042 2036 2045
f 2042 2045 2046
f 2046 2045 2050
f 2050 2045 886
f 2050 886 888
f 891 2055 889
f 889 2055 2049
f 2055 891 2056
f 2056 891 102
f 2056 102 95
f 2056 95 2061
f 2061 95 91
f 2061 91 2063
f 2063 91 84
f 2063 84 2067
f 2067 84 80
f 2067 80 2071
f 2071 80 2074
f 2074 80 114
f 2074 114 903
f 2074 903 2077
f 2077 903 898
f 2077 898 2079
f 2079 898 893
f 2079 893 2082
f 2082 893 862
f 2082 862 2014
f 2084 118 2089
f 2089 118 158
f 2089 158 165
f 164 156 150
f 914 911 2092
f 914 2092 2093
f 2093 2092 2096
f 2093 2096 2100
f 2100 2096 2103
f 2103 2096 917
f 2103 917 918
f 928 2108 919
f 919 2108 2104
f 2105 927 2111
f 2111 927 935
f 2111 935 951
f 2111 951 2114
f 2114 951 944
f 2114 944 2117
f 2117 944 936
f 2117 936 2118
f 2118 936 185
f 2118 185 2122
f 2122 185 2125
f 2125 185 139
f 2125 139 134
f 2125 134 2131
f 2131 134 128
f 2131 128 2133
f 2133 128 123
f 2133 123 2137
f 2137 123 118
f 2137 118 2084
f 197 2140 190
f 190 2140 293
f 957 2146 197
f 197 2146 2140
f 973 2147 2155
f 2144 958 2157
f 2157 958 968
f 2157 968 2161
f 2161 968 965
f 2161 965 2154
f 2155 963 961
f 2155 961 973
f 973 961 390
f 973 390 393
f 969 2165 202
f 202 2165 2151
f 204 2148 971
f 10 282 2167
f 10 2167 977
f 976 2168 2174
f 975 2172 980
f 978 2175 2177
f 978 2177 981
f 981 2177 2165
f 981 2165 969
f 635 634 986
f 986 634 1005
f 986 1005 989
f 991 1004 1001
f 1016 1013 2180
f 1016 2180 2184
f 2184 2180 2186
f 2184 2186 2189
f 2189 2186 999
f 2189 999 996
f 2192 1019 2194
f 2194 1019 1020
f 2194 1020 2197
f 2197 1020 1023
f 2198 1022 1025
f 2198 1025 2200
f 1025 2204 2200
f 2200 2204 2208
f 2200 2208 2210
f 2210 2208 1029
f 2210 1029 1027
f 1033 1037 2212
f 1033 2212 2216
f 2216 2212 2219
f 2216 2219 2222
f 2222 2219 2225
f 2225 2219 1040
f 2225 1040 1041
f 1052 2229 1042
f 1042 2229 2226
f 2229 1052 2233
f 2233 1052 341
f 2233 341 335
f 2233 335 2237
f 2237 335 288
f 2237 288 2242
f 2242 288 2245
f 2245 288 289
f 290 6 2243
f 2243 6 1059
f 2243 1059 2248
f 2248 1059 1056
f 2248 1056 2252
f 2251 1055 1054
f 2251 1054 2254
f 2254 1054 2260
f 2260 1054 365
f 2261 364 1060
f 382 373 1061
f 1061 373 1065
f 1061 1065 2258
f 1019 2192 1073
f 1073 2192 2265
f 1073 2265 1068
f 1068 2265 2268
f 1068 2268 1067
f 1065 2271 2272
f 1065 2272 2258
f 2275 1090 2283
f 2280 1088 1102
f 2283 1099 2284
f 2285 1097 1109
f 2284 1110 2289
f 2289 1110 1119
f 2289 1119 2294
f 2294 1119 1125
f 2294 1125 2298
f 2298 1125 1130
f 2298 1130 2302
f 2302 1130 1137
f 2301 1138 2308
f 2307 1137 1146
f 2307 1146 2314
f 2311 1147 1156
f 2314 1158 2319
f 2317 1157 1168
f 2319 1166 2321
f 2321 1166 1075
f 2321 1075 2325
f 2325 1075 1080
f 2324 1082 2278
f 2275 1080 1090
f 2333 1187 2334
f 2338 1186 1195
f 2338 1195 2343
f 2342 1196 1206
f 2343 1204 2348
f 2344 1209 1217
f 2348 1215 2351
f 2349 1219 1224
f 2351 1228 2354
f 2354 1228 1236
f 2354 1236 2359
f 2359 1236 1246
f 2358 1243 2364
f 2366 1245 1255
f 2367 1256 2370
f 2372 1254 1262
f 2370 1265 2373
f 2373 1265 1272
f 2373 1272 2378
f 2378 1272 1174
f 2378 1174 2383
f 2383 1174 1180
f 2383 1180 2331
f 2331 1180 1186
f 2389 1292 2394
f 2393 1295 1304
f 2393 1304 2397
f 2396 1301 1310
f 2400 1315 2404
f 2405 1313 1321
f 2405 1321 2408
f 2406 1322 1329
f 2408 1331 2413
f 2411 1330 1339
f 2414 1340 2418
f 2416 1341 1349
f 2416 1349 2423
f 2424 1350 1359
f 2423 1358 2430
f 2427 1362 1369
f 2426 1373 2432
f 2433 1370 1381
f 2436 1382 2440
f 2440 1382 1280
f 2440 1280 2445
f 2445 1280 1285
f 2445 1285 2388
f 2388 1285 1295
f 2446 1407 2456
f 2453 1410 1417
f 2456 1416 2460
f 2457 1418 1427
f 2460 1431 2466
f 2465 1426 1437
f 2466 1439 2468
f 2468 1439 1447
f 2468 1447 2471
f 2471 1447 1454
f 2471 1454 2476
f 2476 1454 1460
f 2478 1462 2483
f 2480 1460 1468
f 2480 1468 2487
f 2487 1468 1475
f 2487 1475 2491
f 2489 1476 1486
f 2491 1487 2497
f 2497 1487 1391
f 2497 1391 2499
f 2501 1388 1397
f 2502 1396 2447
f 2451 1399 1411
f 1497 1500 2505
f 1555 1503 1748
f 1746 1501 1492
f 1747 1493 2511
f 2509 1494 2503
f 2513 469 2517
f 2519 472 1663
f 1650 2525 1653
f 1654 2520 2527
f 1651 2528 1666
f 1664 2526 2531
f 1664 2531 1663
f 1663 2531 2534
f 1662 2533 2516
f 168 1530 172
f 172 1530 1529
f 915 2097 1519
f 1517 2098 2091
f 1519 2090 1524
f 1524 2090 912
f 1522 909 1525
f 1526 910 177
f 1527 178 170
f 1547 1546 2515
f 2512 1545 1541
f 2512 1541 472
f 473 1542 1540
f 471 1539 464
f 463 1537 1535
f 463 1535 458
f 458 1535 1532
f 457 1533 148
f 147 1532 1530
f 147 1530 152
f 152 1530 168
f 419 410 2539
f 2535 411 401
f 1583 1573 1512
f 1511 1576 445
f 1513 444 1516
f 1521 443 449
f 1520 450 916
f 420 2537 424
f 424 2537 2506
f 426 2507 1499
f 2512 2540 1549
f 1549 2540 1586
f 1549 1586 1509
f 1509 1586 1515
f 402 431 2537
f 2537 431 1568
f 2536 1569 2542
f 2540 1568 1566
f 2540 1566 1586
f 1596 2544 2523
f 1599 2521 502
f 501 2524 1648
f 500 1649 506
f 2543 1597 2547
f 2547 1597 1593
f 2547 1593 2549
f 2549 1593 2550
f 2550 1593 1591
f 2550 1591 2554
f 2557 2553 1590
f 2555 1588 1660
f 1659 1589 480
f 1655 481 475
f 1642 537 887
f 538 1643 529
f 527 1645 1639
f 527 1639 520
f 520 1639 1637
f 519 1638 509
f 885 2043 1644
f 1645 2044 2037
f 1646 2038 1601
f 1602 2035 874
f 1603 875 1605
f 1637 1634 511
f 510 1632 2562
f 511 2563 1668
f 1668 2563 2565
f 1669 2566 1672
f 1670 2565 2569
f 1673 2568 1677
f 1675 2569 2571
f 1678 2573 1658
f 1656 2571 2556
f 2027 1613 2029
f 2030 1609 1608
f 2032 1607 881
f 882 1606 873
f 2026 868 1611
f 1610 869 585
f 1611 582 1615
f 1616 584 588
f 1617 586 1619
f 1620 587 1680
f 1688 1694 2577
f 1680 1688 1620
f 1620 1688 2577
f 1621 2575 1624
f 1622 2577 2579
f 1622 2579 1628
f 1625 2578 2561
f 1626 2560 1629
f 1631 2559 1633
f 1701 592 598
f 2581 618 2585
f 2586 620 609
f 2585 610 1730
f 1694 1700 2577
f 2576 1699 599
f 2577 597 2581
f 2584 600 629
f 2583 626 619
f 1727 1718 1706
f 2587 1731 2593
f 2590 1729 1722
f 2589 1725 1788
f 1787 1726 1712
f 1749 2510 2595
f 1749 2595 1752
f 2595 2597 1752
f 1752 2597 2599
f 1752 2599 1755
f 2600 2601 1754
f 1754 2601 2603
f 1754 2603 1734
f 1734 2603 2605
f 1734 2605 1738
f 1738 2605 2607
f 1738 2607 2612
f 1779 1790 2615
f 2615 1790 2617
f 2591 1786 2621
f 2621 1786 1784
f 2621 1784 2622
f 2622 1784 1781
f 2622 1781 2625
f 2625 1781 1779
f 2625 1779 2627
f 2627 1779 2615
f 1805 1812 2629
f 1796 1820 1793
f 1789 1817 1806
f 1792 1809 2619
f 2618 1805 2629
f 1935 1863 1858
f 2202 1830 2207
f 2205 1833 1828
f 1039 2220 1868
f 1869 2218 2214
f 1868 2213 1823
f 1823 2213 1035
f 1822 1036 1826
f 1827 1034 1031
f 1824 1030 2206
f 2630 1810 704
f 2628 705 2632
f 2635 1880 1878
f 1880 2635 1883
f 1883 2635 2638
f 1883 2638 1885
f 1885 2638 2639
f 1885 2639 1887
f 1930 1928 1861
f 1860 1929 726
f 1864 729 1870
f 1867 724 730
f 1866 732 1038
f 1918 1934 2643
f 2642 1933 1856
f 2648 1857 2651
f 826 853 2656
f 2658 852 843
f 2654 846 2661
f 2662 841 835
f 2663 836 2010
f 705 696 2632
f 2634 697 685
f 2632 686 2644
f 2647 688 678
f 821 827 1997
f 1997 827 2657
f 1997 2657 1995
f 1995 2657 2635
f 1995 2635 1989
f 1989 2635 1878
f 1980 1896 1892
f 680 710 2644
f 2646 709 1923
f 2644 1924 1920
f 2188 1914 2185
f 2183 1917 1911
f 188 296 1901
f 1899 297 306
f 1902 305 1905
f 1906 303 309
f 1907 310 1912
f 1909 311 1015
f 1910 1017 2182
f 2203 1026 1832
f 1830 1024 321
f 1831 322 1834
f 1837 321 326
f 1835 324 1839
f 2190 995 1913
f 1915 997 814
f 1913 813 1873
f 1871 815 819
f 1872 817 1876
f 1875 816 1986
f 1877 1987 1992
f 1887 2639 1891
f 1890 2641 2667
f 1889 2668 1982
f 1984 1978 1893
f 1895 1975 72
f 1895 72 1898
f 1903 73 74
f 1900 75 187
f 1858 1853 2649
f 2653 1854 1852
f 2652 1851 2672
f 2671 1849 1848
f 2671 1848 2675
f 2675 1848 1846
f 2677 1844 1838
f 323 1938 1840
f 1841 1939 1945
f 1843 1944 2676
f 2678 1943 1946
f 2675 1949 2679
f 2681 1948 1951
f 2679 1950 2683
f 2683 1950 1953
f 2683 1953 2686
f 2685 1954 1958
f 2686 1956 2687
f 2687 1956 1959
f 2689 1961 2691
f 2690 1960 1963
f 2692 1964 2697
f 2694 1965 1970
f 2695 1968 2670
f 2665 1969 1973
f 2669 1972 1979
f 2008 2001 1740
f 2660 2011 2610
f 2611 2012 2007
f 2613 2004 1737
f 1736 2003 1742
f 2048 2051 2053
f 2698 2065 2705
f 2703 2066 2070
f 2706 2068 2712
f 2711 2069 2073
f 2710 2072 2719
f 2723 2054 2727
f 2727 2054 2058
f 2727 2058 2730
f 2732 2057 2059
f 2733 2060 2700
f 2699 2062 2064
f 2699 2064 2066
f 2016 2020 2023
f 2723 2735 2054
f 2052 2737 2040
f 2054 2039 2047
f 2741 2033 2745
f 2745 2033 884
f 2745 884 2735
f 2735 884 879
f 2734 877 2041
f 2025 2033 2017
f 2017 2033 2741
f 2019 2742 2015
f 2013 2741 2751
f 2013 2751 2083
f 2083 2751 2755
f 2083 2755 2081
f 2080 2756 2718
f 2078 2717 2075
f 2076 2719 2072
f 2099 2102 2109
f 2088 162 166
f 2757 2765 2107
f 2109 2764 2094
f 2106 2095 2101
f 2759 2109 2766
f 2766 2109 2112
f 2770 2110 2771
f 2773 2112 2113
f 2773 2113 2780
f 2784 175 2790
f 2790 175 180
f 2790 180 2764
f 2764 180 913
f 2764 913 2094
f 166 175 2088
f 2087 174 2785
f 2088 2784 2085
f 2086 2783 2794
f 2085 2796 2136
f 2138 2795 2798
f 2135 2797 2132
f 2134 2802 2805
f 2113 2116 2780
f 2778 2115 2120
f 2779 2119 2809
f 2807 2121 2123
f 2807 2123 2816
f 2815 2124 2128
f 2816 2126 2805
f 2803 2127 2129
f 2805 2130 2134
f 307 301 2820
f 1000 2826 988
f 990 2822 2827
f 988 2831 993
f 993 2831 2836
f 2170 281 283
f 2153 2150 2837
f 2181 1000 2187
f 2187 1000 1008
f 2187 1008 998
f 2844 2142 2852
f 2850 2143 2160
f 2852 2158 2837
f 2839 2159 2163
f 2838 2162 2156
f 2844 2820 2142
f 2142 2820 301
f 2145 302 2141
f 2139 301 299
f 2139 299 292
f 307 2820 1012
f 1014 2817 2854
f 1012 2853 2181
f 2179 2857 2862
f 2181 2860 1000
f 1000 2860 2866
f 1000 2866 2826
f 2169 284 2173
f 2171 285 992
f 2176 993 2178
f 2178 993 2836
f 2178 2836 2164
f 2166 2833 2867
f 2164 2870 2150
f 2149 2869 2876
f 2152 2874 2841
f 2883 2888 2259
f 2221 2224 2228
f 2241 2244 2249
f 2262 2885 2255
f 2195 2196 2199
f 2886 2892 2256
f 2257 2890 2897
f 2257 2897 2253
f 2253 2897 2236
f 2250 2235 2247
f 2249 2236 2239
f 2246 2238 2240
f 2195 2199 2193
f 2897 2899 2236
f 2232 2903 2904
f 2234 2906 2230
f 2231 2905 2910
f 2228 2912 2915
f 2915 2919 2228
f 2228 2919 2217
f 2227 2215 2223
f 2922 2209 2927
f 2927 2209 1028
f 2927 1028 2919
f 2919 1028 1032
f 2919 1032 2217
f 2201 2211 2191
f 2193 2209 2922
f 2193 2922 2266
f 2263 2926 2931
f 2264 2932 2267
f 2269 2934 2881
f 2270 2879 2274
f 2273 2883 2259
f 2295 2938 2291
f 2292 2939 2943
f 2290 2940 2287
f 2288 2942 2945
f 2286 2947 2282
f 2281 2944 2948
f 2279 2950 2276
f 2276 2950 2951
f 2277 2953 2326
f 2327 2952 2958
f 2328 2957 2320
f 2322 2955 2959
f 2323 2960 2315
f 2316 2961 2965
f 2318 2966 2310
f 2313 2964 2969
f 2312 2968 2309
f 2305 2970 2972
f 2306 2974 2303
f 2300 2971 2976
f 2304 2978 2299
f 2296 2977 2980
f 2297 2979 2293
f 2293 2979 2936
f 2350 2983 2345
f 2346 2982 2987
f 2347 2988 2340
f 2339 2989 2991
f 2341 2992 2335
f 2336 2990 2995
f 2337 2994 2332
f 2329 2996 3001
f 2330 2999 2382
f 2381 2998 3003
f 2384 3005 2377
f 2379 3004 3007
f 2380 3009 2374
f 2375 3008 3012
f 2376 3010 2369
f 2371 3013 3017
f 2368 3015 2365
f 2363 3014 3018
f 2362 3021 2360
f 2357 3019 3022
f 2361 3024 2355
f 2355 3024 3026
f 2356 3028 2353
f 2352 3027 2984
f 2409 3030 2402
f 2401 3031 3036
f 2403 3033 2399
f 2398 3034 3039
f 2395 3040 2391
f 2392 3037 3041
f 2390 3042 2386
f 2385 3044 3048
f 2387 3047 2443
f 2442 3045 3049
f 2444 3051 2438
f 2439 3052 3053
f 2441 3054 2437
f 2435 3056 3060
f 2434 3057 2429
f 2431 3058 3061
f 2428 3062 2425
f 2422 3063 3065
f 2421 3066 2417
f 2420 3067 3071
f 2419 3070 2412
f 2412 3070 3073
f 2415 3072 2410
f 2407 3074 3032
f 2469 3076 2464
f 2463 3079 3082
f 2462 3083 2458
f 2461 3081 3087
f 2459 3084 2452
f 2455 3085 3091
f 2454 3089 2449
f 2450 3088 3094
f 2448 3092 2500
f 2500 3092 3095
f 2498 3098 2494
f 2495 3096 3102
f 2496 3100 2493
f 2492 3101 3104
f 2490 3105 2488
f 2485 3106 3107
f 2486 3108 2481
f 2482 3109 3112
f 2484 3111 2479
f 2475 3113 3117
f 2477 3118 2473
f 2472 3115 3121
f 2474 3119 2467
f 2470 3120 3078
f 2616 2631 2633
f 2620 3123 2592
f 2592 3123 3126
f 2592 3126 2588
f 2552 2558 3128
f 3128 2558 2572
f 2552 3128 2551
f 2551 3128 3131
f 2551 3131 2548
f 2548 3131 3134
f 2548 3134 2546
f 3134 3135 2546
f 2546 3135 3137
f 2546 3137 2545
f 2545 3137 3140
f 2545 3140 2522
f 2504 2538 3141
f 2655 2659 3145
f 3143 2664 2609
f 3143 2609 3146
f 3146 2609 2608
f 3146 2608 3148
f 3148 2608 2606
f 3148 2606 3151
f 3151 2606 2604
f 3151 2604 3152
f 3152 2604 2602
f 3152 2602 3155
f 3155 2602 2598
f 3155 2598 3157
f 3157 2598 2596
f 3157 2596 3160
f 3160 2596 2594
f 3160 2594 3141
f 3141 2594 2508
f 3141 2508 2504
f 2588 3126 2582
f 2582 3126 3161
f 2582 3161 2574
f 3161 3163 2574
f 2574 3163 3166
f 2574 3166 2580
f 3166 3167 2580
f 2580 3167 3169
f 2580 3169 2564
f 3169 3172 2564
f 2564 3172 3174
f 2564 3174 2567
f 3174 3175 2567
f 2567 3175 3177
f 2567 3177 2570
f 3177 3179 2570
f 2570 3179 3182
f 2570 3182 2572
f 2572 3182 3184
f 2572 3184 3128
f 2522 3140 2529
f 2529 3140 3185
f 2529 3185 2530
f 3185 3187 2530
f 2530 3187 3190
f 2530 3190 2532
f 3190 3192 2532
f 2532 3192 3193
f 2532 3193 2518
f 3193 3195 2518
f 2518 3195 3197
f 2518 3197 2514
f 3197 3199 2514
f 2514 3199 3202
f 2514 3202 2541
f 3202 3204 2541
f 2541 3204 3205
f 2541 3205 2538
f 2538 3205 3207
f 2538 3207 3141
f 3145 3211 2655
f 2655 3211 3213
f 2655 3213 2636
f 3213 3214 2636
f 2636 3214 3216
f 2636 3216 2637
f 3216 3218 2637
f 2637 3218 3220
f 2637 3220 2640
f 3220 3222 2640
f 2640 3222 3224
f 2640 3224 2666
f 3224 3227 2666
f 2666 3227 3228
f 2666 3228 2696
f 3228 3231 2696
f 2696 3231 3233
f 2696 3233 2693
f 3233 3235 2693
f 2693 3235 3237
f 2693 3237 2688
f 3237 3238 2688
f 2688 3238 3240
f 2688 3240 2684
f 3240 3243 2684
f 2684 3243 3244
f 2684 3244 2682
f 3244 3247 2682
f 2682 3247 3248
f 2682 3248 2680
f 3248 3250 2680
f 2680 3250 3253
f 2680 3253 2674
f 3253 3255 2674
f 2674 3255 3256
f 2674 3256 2673
f 3256 3259 2673
f 2673 3259 3261
f 2673 3261 2650
f 3261 3262 2650
f 2650 3262 3265
f 2650 3265 2645
f 3265 3266 2645
f 2645 3266 3269
f 2645 3269 2633
f 2633 3269 3271
f 2633 3271 2616
f 2616 3271 3272
f 2616 3272 2614
f 2614 3272 3274
f 2614 3274 2626
f 2626 3274 3276
f 2626 3276 2624
f 2624 3276 3279
f 2624 3279 2623
f 2623 3279 3280
f 2623 3280 2620
f 2620 3280 3282
f 2620 3282 3123
f 2743 3285 2749
f 2750 3284 3289
f 2748 3290 2752
f 2753 3288 3294
f 2754 3293 2716
f 2715 3295 3297
f 2714 3298 2709
f 2709 3298 3300
f 2713 3301 2704
f 2708 3299 3304
f 2707 3305 2702
f 2702 3305 3309
f 2701 3308 2728
f 2729 3306 3313
f 2731 3311 2726
f 2724 3312 3317
f 2725 3316 2720
f 2721 3315 3320
f 2722 3319 2736
f 2736 3319 3323
f 2738 3324 2746
f 2747 3322 3328
f 2744 3327 2740
f 2739 3326 3286
f 2804 3331 2814
f 2812 3332 3334
f 2813 3333 2811
f 2808 3336 3338
f 2810 3339 2776
f 2776 3339 3340
f 2777 3341 2772
f 2775 3343 3346
f 2774 3344 2767
f 2768 3345 3348
f 2769 3349 2761
f 2760 3350 3353
f 2758 3354 2762
f 2762 3354 3356
f 2763 3358 2789
f 2788 3355 3361
f 2787 3362 2781
f 2786 3360 3366
f 2782 3365 2791
f 2792 3364 3369
f 2793 3367 2800
f 2799 3370 3371
f 2801 3373 2806
f 2806 3373 3329
f 2875 3375 2843
f 2842 3377 3380
f 2840 3379 2848
f 2849 3381 3383
f 2851 3382 2846
f 2847 3384 3387
f 2845 3388 2818
f 2819 3389 3391
f 2821 3392 2855
f 2855 3392 3395
f 2856 3393 2861
f 2859 3394 3397
f 2858 3398 2863
f 2864 3399 3403
f 2865 3404 2825
f 2824 3401 3405
f 2823 3407 2830
f 2829 3408 3411
f 2828 3412 2832
f 2834 3409 3416
f 2835 3413 2872
f 2868 3415 3417
f 2871 3420 2873
f 2877 3418 3374
f 2914 3424 2918
f 2920 3422 3428
f 2921 3427 2930
f 2928 3426 3429
f 2929 3431 2925
f 2924 3432 3433
f 2923 3434 2933
f 2933 3434 3439
f 2935 3438 2880
f 2878 3437 3442
f 2882 3441 2889
f 2884 3440 3444
f 2887 3445 2894
f 2893 3446 3450
f 2891 3451 2898
f 2895 3448 3454
f 2896 3455 2900
f 2901 3452 3458
f 2902 3457 2908
f 2909 3456 3461
f 2907 3460 2913
f 2913 3460 3463
f 2911 3465 2917
f 2916 3466 3423
f 2941 3470 2946
f 2946 3470 3471
f 2946 3471 2949
f 2949 3471 3476
f 2949 3476 2954
f 2954 3476 3480
f 2954 3480 2956
f 2956 3480 3486
f 2956 3486 2962
f 2962 3486 3490
f 2962 3490 2963
f 2963 3490 3492
f 2963 3492 2967
f 2967 3492 3495
f 2967 3495 2973
f 2973 3495 3498
f 2973 3498 2975
f 2975 3498 3504
f 2975 3504 2981
f 2981 3504 3509
f 2981 3509 2937
f 2937 3509 3510
f 2937 3510 2941
f 2941 3510 3470
f 2986 3514 2993
f 2993 3514 3518
f 2993 3518 2997
f 2997 3518 3523
f 2997 3523 3000
f 3000 3523 3528
f 3000 3528 3002
f 3002 3528 3529
f 3002 3529 3006
f 3006 3529 3533
f 3006 3533 3011
f 3011 3533 3536
f 3011 3536 3016
f 3016 3536 3543
f 3016 3543 3020
f 3020 3543 3547
f 3020 3547 3023
f 3023 3547 3549
f 3023 3549 3025
f 3025 3549 3553
f 3025 3553 2985
f 2985 3553 3557
f 2985 3557 2986
f 2986 3557 3514
f 3035 3560 3038
f 3038 3560 3564
f 3038 3564 3043
f 3043 3564 3568
f 3043 3568 3046
f 3046 3568 3574
f 3046 3574 3050
f 3050 3574 3576
f 3050 3576 3055
f 3055 3576 3581
f 3055 3581 3059
f 3059 3581 3582
f 3059 3582 3064
f 3064 3582 3588
f 3064 3588 3068
f 3068 3588 3592
f 3068 3592 3069
f 3069 3592 3595
f 3069 3595 3075
f 3075 3595 3599
f 3075 3599 3029
f 3029 3599 3604
f 3029 3604 3035
f 3035 3604 3560
f 3080 3607 3086
f 3086 3607 3610
f 3086 3610 3090
f 3090 3610 3612
f 3090 3612 3093
f 3093 3612 3618
f 3093 3618 3097
f 3097 3618 3622
f 3097 3622 3099
f 3099 3622 3625
f 3099 3625 3103
f 3103 3625 3628
f 3103 3628 3110
f 3110 3628 3631
f 3110 3631 3114
f 3114 3631 3634
f 3114 3634 3116
f 3116 3634 3639
f 3116 3639 3122
f 3122 3639 3642
f 3122 3642 3077
f 3077 3642 3648
f 3077 3648 3080
f 3080 3648 3607
f 3652 3653 3154
f 3154 3156 3652
f 3652 3156 3158
f 3652 3158 3656
f 3203 3660 3663
f 3159 3142 3658
f 3658 3142 3208
f 3658 3208 3663
f 3663 3208 3206
f 3663 3206 3203
f 3203 3201 3660
f 3660 3201 3200
f 3660 3200 3671
f 3200 3198 3671
f 3671 3198 3196
f 3671 3196 3674
f 3674 3196 3194
f 3674 3194 3679
f 3679 3194 3191
f 3679 3191 3684
f 3191 3189 3684
f 3684 3189 3188
f 3684 3188 3686
f 3188 3186 3686
f 3686 3186 3139
f 3686 3139 3688
f 3139 3138 3688
f 3688 3138 3136
f 3688 3136 3691
f 3183 3696 3700
f 3136 3133 3691
f 3691 3133 3130
f 3691 3130 3699
f 3700 3132 3129
f 3700 3129 3183
f 3183 3181 3696
f 3696 3181 3180
f 3696 3180 3703
f 3171 3707 3709
f 3180 3178 3703
f 3703 3178 3176
f 3703 3176 3709
f 3709 3176 3173
f 3709 3173 3171
f 3171 3170 3707
f 3707 3170 3168
f 3707 3168 3715
f 3168 3165 3715
f 3715 3165 3164
f 3715 3164 3719
f 3164 3162 3719
f 3719 3162 3127
f 3719 3127 3724
f 3278 3726 3731
f 3125 3124 3722
f 3722 3124 3283
f 3722 3283 3731
f 3731 3283 3281
f 3731 3281 3278
f 3270 3732 3738
f 3278 3277 3726
f 3726 3277 3275
f 3726 3275 3738
f 3738 3275 3273
f 3738 3273 3270
f 3270 3268 3732
f 3732 3268 3267
f 3732 3267 3740
f 3258 3744 3746
f 3267 3264 3740
f 3740 3264 3263
f 3740 3263 3746
f 3746 3263 3260
f 3746 3260 3258
f 3251 3751 3755
f 3258 3257 3744
f 3744 3257 3254
f 3744 3254 3755
f 3755 3254 3252
f 3755 3252 3251
f 3251 3249 3751
f 3751 3249 3246
f 3751 3246 3756
f 3246 3245 3756
f 3756 3245 3242
f 3756 3242 3760
f 3234 3763 3765
f 3242 3241 3760
f 3760 3241 3239
f 3760 3239 3765
f 3765 3239 3236
f 3765 3236 3234
f 3234 3232 3763
f 3763 3232 3230
f 3763 3230 3772
f 3230 3229 3772
f 3772 3229 3226
f 3772 3226 3773
f 3226 3225 3773
f 3773 3225 3223
f 3773 3223 3776
f 3223 3221 3776
f 3776 3221 3219
f 3776 3219 3779
f 3779 3219 3217
f 3779 3217 3786
f 3786 3217 3215
f 3786 3215 3790
f 3215 3212 3790
f 3790 3212 3210
f 3790 3210 3794
f 3209 3144 3793
f 3793 3144 3147
f 3793 3147 3797
f 3147 3149 3797
f 3797 3149 3150
f 3797 3150 3653
f 3653 3150 3153
f 3653 3153 3154
f 3291 3798 3292
f 3292 3798 3801
f 3292 3801 3296
f 3296 3801 3806
f 3296 3806 3302
f 3302 3806 3809
f 3302 3809 3303
f 3303 3809 3812
f 3303 3812 3307
f 3307 3812 3814
f 3307 3814 3310
f 3310 3814 3815
f 3310 3815 3314
f 3314 3815 3818
f 3314 3818 3318
f 3318 3818 3820
f 3318 3820 3321
f 3321 3820 3821
f 3321 3821 3325
f 3325 3821 3824
f 3325 3824 3287
f 3287 3824 3825
f 3287 3825 3291
f 3291 3825 3798
f 3335 3832 3337
f 3337 3832 3834
f 3337 3834 3342
f 3342 3834 3836
f 3342 3836 3347
f 3347 3836 3839
f 3347 3839 3351
f 3351 3839 3842
f 3351 3842 3352
f 3352 3842 3845
f 3352 3845 3357
f 3357 3845 3849
f 3357 3849 3359
f 3359 3849 3851
f 3359 3851 3363
f 3363 3851 3854
f 3363 3854 3368
f 3368 3854 3858
f 3368 3858 3372
f 3372 3858 3859
f 3372 3859 3330
f 3330 3859 3862
f 3330 3862 3335
f 3335 3862 3832
f 3378 3866 3385
f 3385 3866 3870
f 3385 3870 3386
f 3386 3870 3872
f 3386 3872 3390
f 3390 3872 3875
f 3390 3875 3396
f 3396 3875 3877
f 3396 3877 3400
f 3400 3877 3879
f 3400 3879 3402
f 3402 3879 3881
f 3402 3881 3406
f 3406 3881 3886
f 3406 3886 3410
f 3410 3886 3887
f 3410 3887 3414
f 3414 3887 3890
f 3414 3890 3419
f 3419 3890 3894
f 3419 3894 3376
f 3376 3894 3895
f 3376 3895 3378
f 3378 3895 3866
f 3425 3898 3430
f 3430 3898 3901
f 3430 3901 3435
f 3435 3901 3904
f 3435 3904 3436
f 3436 3904 3909
f 3436 3909 3443
f 3443 3909 3910
f 3443 3910 3447
f 3447 3910 3914
f 3447 3914 3449
f 3449 3914 3917
f 3449 3917 3453
f 3453 3917 3921
f 3453 3921 3459
f 3459 3921 3924
f 3459 3924 3462
f 3462 3924 3926
f 3462 3926 3464
f 3464 3926 3929
f 3464 3929 3421
f 3421 3929 3932
f 3421 3932 3425
f 3425 3932 3898
f 3512 3937 3468
f 3469 3936 3940
f 3467 3939 3474
f 3472 3941 3943
f 3473 3945 3475
f 3478 3946 3947
f 3477 3948 3482
f 3481 3949 3956
f 3479 3957 3485
f 3484 3953 3961
f 3483 3959 3489
f 3487 3962 3963
f 3488 3966 3491
f 3493 3964 3973
f 3494 3972 3496
f 3496 3972 3974
f 3497 3978 3501
f 3499 3977 3979
f 3500 3983 3502
f 3503 3981 3988
f 3505 3985 3508
f 3507 3986 3992
f 3506 3991 3511
f 3511 3991 3934
f 3559 3996 3515
f 3516 3997 3998
f 3513 4000 3519
f 3520 4001 4005
f 3517 4004 3521
f 3524 4008 4013
f 3522 4012 3525
f 3527 4010 4016
f 3526 4014 3531
f 3532 4015 4021
f 3530 4019 3535
f 3535 4019 4027
f 3534 4024 3537
f 3539 4025 4029
f 3538 4030 3541
f 3540 4028 4034
f 3542 4035 3546
f 3544 4036 4039
f 3545 4038 3550
f 3551 4037 4044
f 3548 4042 3552
f 3554 4043 4047
f 3555 4048 3556
f 3558 4049 3994
f 3602 4053 3561
f 3563 4054 4057
f 3562 4056 3565
f 3565 4056 4060
f 3566 4059 3569
f 3570 4061 4068
f 3567 4067 3573
f 3572 4065 4071
f 3571 4072 3575
f 3577 4070 4076
f 3578 4075 3579
f 3579 4075 4078
f 3580 4082 3585
f 3583 4083 4086
f 3584 4088 3589
f 3586 4085 4092
f 3587 4089 3593
f 3591 4091 4094
f 3590 4097 3594
f 3597 4095 4100
f 3596 4102 3598
f 3600 4103 4106
f 3601 4104 3603
f 3603 4104 4051
f 3646 4108 3606
f 3608 4109 4115
f 3605 4113 3611
f 3611 4113 4116
f 3609 4120 3613
f 3615 4118 4125
f 3614 4121 3619
f 3616 4124 4128
f 3617 4127 3620
f 3620 4127 4133
f 3621 4131 3623
f 3623 4131 4135
f 3624 4137 3626
f 3629 4136 4142
f 3627 4143 3630
f 3633 4144 4149
f 3632 4148 3637
f 3635 4146 4152
f 3636 4151 3641
f 3640 4153 4156
f 3638 4157 3644
f 3643 4158 4161
f 3645 4162 3649
f 3647 4159 4111
f 3867 3896 4170
f 3739 3735 4178
f 3654 4187 3796
f 3795 4182 3791
f 4189 3785 3788
f 4110 4163 4192
f 3781 3782 4140
f 4160 4154 4190
f 4192 4155 4150
f 4192 4150 3784
f 3784 4150 4147
f 3783 4145 4139
f 4141 4138 3780
f 3780 4138 4132
f 3780 4132 3778
f 3777 4134 4129
f 3778 4130 3774
f 3774 4130 4122
f 3775 4123 3770
f 3769 4126 4117
f 3768 4119 4112
f 4114 4110 3771
f 3767 4107 4191
f 3771 4192 3762
f 3762 4192 4170
f 3762 4170 3764
f 3766 4166 3761
f 3753 3749 4170
f 4168 3750 3757
f 4165 3758 3759
f 3741 4052 4105
f 3741 4105 3733
f 4052 3741 4055
f 4055 3741 3748
f 4055 3748 4063
f 4062 3747 3745
f 4058 3743 4066
f 4176 4084 4079
f 4105 4101 3733
f 3733 4101 4096
f 3734 4099 4177
f 4179 4098 4090
f 4180 4093 4087
f 4064 3742 4073
f 4073 3742 3753
f 4069 3754 4077
f 3737 4197 3727
f 3728 4195 3729
f 4204 3720 4201
f 4193 3721 3723
f 4194 3725 3730
f 3708 3712 3993
f 3993 4050 3708
f 3708 4050 4045
f 3706 4046 3710
f 3711 4045 4040
f 3711 4040 3705
f 3702 4041 4033
f 4020 4204 4023
f 4026 4205 3704
f 4023 3705 4031
f 4031 3705 4032
f 4022 4018 4203
f 4204 4017 4011
f 4204 4011 3720
f 3718 4009 4006
f 3717 4007 3713
f 3716 4003 4002
f 3714 3999 3995
f 3687 3689 4209
f 4210 3690 3693
f 4208 3692 3698
f 4215 3680 3683
f 3954 3950 3667
f 3952 3944 4214
f 3942 3938 4216
f 4216 3938 3935
f 4216 3935 3678
f 3935 3990 3678
f 3678 3990 3989
f 3678 3989 3677
f 3675 3987 3982
f 3676 3980 3673
f 3984 3976 3672
f 3670 3975 3970
f 3672 3969 3661
f 3662 3971 3967
f 3661 3968 3667
f 3666 3965 3960
f 3664 3958 3955
f 3951 4219 3665
f 3668 4213 4223
f 3669 4225 4184
f 3655 3650 4188
f 4183 3651 3659
f 4185 3657 3667
f 3736 4175 4201
f 4200 4181 3933
f 4199 3931 3928
f 3927 3925 4201
f 4201 3925 3922
f 4201 3922 4233
f 4231 3923 3920
f 4232 3919 3916
f 3905 3902 4175
f 4174 3903 3900
f 4175 3899 3930
f 3918 3915 4170
f 4171 3913 3912
f 4169 3911 3907
f 3908 3905 4170
f 4167 3906 4173
f 4170 4175 3753
f 3753 4175 4080
f 3752 4081 4074
f 3889 3888 4220
f 3918 4170 4233
f 4233 4170 3896
f 4234 3897 3893
f 3888 3885 4220
f 4224 3884 3883
f 4222 3882 3880
f 3792 4185 3787
f 3789 4186 4228
f 3787 4220 4192
f 4192 4220 3878
f 4192 3878 3876
f 3876 3874 4192
f 4192 3874 3871
f 4192 3871 4170
f 4172 3873 3868
f 4164 3869 3865
f 3819 3817 4241
f 3802 3799 4201
f 4196 3800 3828
f 4198 3827 4206
f 4204 3826 3823
f 4204 3823 3822
f 3822 3819 4204
f 4204 3819 4241
f 4204 4241 3705
f 3705 4241 4209
f 3701 4211 3695
f 3694 4207 3697
f 3817 3816 4241
f 4241 3816 3813
f 4241 3813 4233
f 3813 3811 4233
f 4230 3810 3807
f 4233 3808 4201
f 4201 3808 3805
f 4202 3804 3803
f 3841 3837 4220
f 4220 3837 4233
f 4226 4229 3891
f 3889 4233 3892
f 3860 3857 4237
f 4241 3856 3855
f 3687 4209 3681
f 3685 4212 4242
f 3682 4239 4218
f 4216 4241 3855
f 4216 3855 3853
f 3838 3835 4235
f 4236 3833 3831
f 4233 3830 4241
f 4238 3829 3863
f 4240 3864 3861
f 3852 3850 4217
f 4216 3848 3847
f 4216 3847 4220
f 4221 3846 3844
f 4227 3843 3840
