mtllib converted_link1_969696ff.mtl
usemtl material
v 0.02129613608121872 -0.016005875542759895 0.03107561357319355
v 0.02079233154654503 -0.016751820221543312 0.031055619940161705
v 0.020898202434182167 -0.016404449939727783 0.03106592409312725
v 0.01914306730031967 -0.017995793372392654 0.031028522178530693
v 0.020586110651493073 -0.01761692948639393 0.031029511243104935
v 0.020360974594950676 -0.017678208649158478 0.031029287725687027
v 0.020228635519742966 -0.017743177711963654 0.031028227880597115
v 0.020103879272937775 -0.017959214746952057 0.031022274866700172
v -0.01923614740371704 -0.017548909410834312 0.03133918344974518
v -0.017748044803738594 -0.018770083785057068 0.03128859028220177
v -0.01875482127070427 -0.018119143322110176 0.03131720796227455
v -0.018465681001544 -0.01879740320146084 0.03129325807094574
v 0.02061498537659645 -0.017976827919483185 0.03501993417739868
v 0.02111075446009636 -0.017941806465387344 0.03451695293188095
v 0.020781071856617928 -0.01698208972811699 0.03505050390958786
v 0.02110186591744423 -0.017704647034406662 0.03453872352838516
v 0.021680371835827827 -0.01646745577454567 0.034559763967990875
v 0.021327005699276924 -0.016133885830640793 0.03507344797253609
v 0.021289866417646408 -0.017036184668540955 0.03454456850886345
v 0.02124362252652645 -0.01714601367712021 0.03454140946269035
v 0.021115947514772415 -0.01770365610718727 0.03452454134821892
v -0.018868334591388702 -0.019226284697651863 0.03479864075779915
v -0.0188792385160923 -0.01892847940325737 0.03486526384949684
v -0.018880018964409828 -0.01917782798409462 0.03328536078333855
v -0.018891362473368645 -0.01887820102274418 0.03329504281282425
v 0.02050262689590454 0.025934282690286636 0.036426838487386703
v 0.022120947018265724 0.022551219910383224 0.03630601614713669
v 0.024336891248822212 0.02151942066848278 0.036255866289138794
v -0.01835596188902855 -0.019460422918200493 0.03527335077524185
v -0.018199030309915543 -0.023605594411492348 0.03513941168785095
v -0.015925316140055656 -0.023519035428762436 0.03512462601065636
v -0.01645534113049507 0.023484742268919945 0.03663378208875656
v -0.01693660020828247 0.0250417347997427 0.03668735548853874
v -0.01761223003268242 0.021038608625531197 0.03656439110636711
v -0.011003444902598858 0.023692293092608452 0.0365983322262764
v -0.012111969292163849 0.02249688096344471 0.03656861186027527
v -0.008607064373791218 0.021381428465247154 0.03650583326816559
v -0.013669838197529316 0.022015471011400223 0.036565229296684265
v -0.01525962259620428 0.022377051413059235 0.03658908233046532
v -0.010713178664445877 0.025841377675533295 0.03666490316390991
v -0.010641293600201607 0.0252813920378685 0.036646418273448944
v -0.009838554076850414 0.02515915408730507 0.03663630411028862
v -0.008248770609498024 0.024797575548291206 0.03661245107650757
v -0.006690900772809982 0.025278983637690544 0.03661583736538887
v -0.016574449837207794 0.02663084864616394 0.03673544153571129
v -0.017216742038726807 0.028246216475963593 0.036792125552892685
v -0.015465924516320229 0.027826260775327682 0.03676515817642212
v -0.012182573787868023 0.031225422397255898 0.03684864565730095
v -0.013908055610954762 0.02830767072737217 0.03676854446530342
v -0.011153381317853928 0.029412951320409775 0.03678266331553459
v -0.012318272143602371 0.027946090325713158 0.03674469143152237
v -0.011515532620251179 0.027823852375149727 0.036734577268362045
v -0.011443647556006908 0.027263866737484932 0.03671609237790108
v -0.0052202255465090275 0.028063509613275528 0.03669364005327225
v -0.005582376383244991 0.026474395766854286 0.0366455540060997
v -0.0004004696966148913 0.021693846210837364 0.03645246848464012
v -0.005701485089957714 0.029620502144098282 0.03674721345305443
v -0.0008646310889162123 0.03395406901836395 0.03684862330555916
v -0.006897204089909792 0.030728207901120186 0.03679191321134567
v -0.006659473292529583 0.033153317868709564 0.03686773031949997
v -0.00848698802292347 0.031089788302779198 0.036815766245126724
v -0.010044856928288937 0.03060837835073471 0.03681238368153572
v 0.02518809214234352 0.01589541882276535 0.03606921434402466
v 0.026383811607956886 0.014787727035582066 0.036024510860443115
v 0.027223994955420494 0.01643492467701435 0.03607076779007912
v 0.029050404205918312 0.010880723595619202 0.03587881848216057
v 0.026865070685744286 0.013230720534920692 0.03597094118595123
v 0.02650292031466961 0.01164162065833807 0.035922855138778687
v 0.02974429726600647 0.0050752353854477406 0.03568756952881813
v 0.025394394993782043 0.010446201078593731 0.03589313477277756
v 0.022772248834371567 0.005347922910004854 0.0357501357793808
v 0.02303803525865078 0.016185009852051735 0.036095086485147476
v 0.023598307743668556 0.016256997361779213 0.03609306737780571
v 0.02372080646455288 0.01705937832593918 0.03611781448125839
v 0.024082956835627556 0.01864849217236042 0.03616590052843094
v 0.023601697757840157 0.020205484703183174 0.03621947020292282
v 0.02240598015487194 0.021313175559043884 0.036264173686504364
v 0.020816195756196976 0.02167476899921894 0.036288026720285416
v 0.023836525157094002 0.009964792057871819 0.035889752209186554
v 0.022246742621064186 0.01032637245953083 0.035913605242967606
v 0.0174625925719738 0.005145788658410311 0.03578466176986694
v 0.02105102315545082 0.011434070765972137 0.03595830500125885
v 0.02056976407766342 0.012991062365472317 0.03601187840104103
v 0.021614685654640198 0.015454546548426151 0.036082688719034195
v 0.02105441316962242 0.015382558107376099 0.03608471155166626
v 0.020931914448738098 0.014580177143216133 0.03605996444821358
v 0.019464628770947456 0.01574413664638996 0.03610856458544731
v 0.01826891116797924 0.01685182936489582 0.036153264343738556
v 0.017787650227546692 0.01840883493423462 0.03620683774352074
v 0.016811290755867958 0.02234908565878868 0.03634054213762283
v 0.018149802461266518 0.019997935742139816 0.03625492379069328
v 0.019258325919508934 0.02119334600865841 0.036284640431404114
v 0.011655045673251152 -0.020431863144040108 0.03501050919294357
v 0.010546522215008736 -0.021627282723784447 0.03498079255223274
v 0.016698945313692093 -0.02227705344557762 0.03491247817873955
v 0.008988653309643269 -0.022108690813183784 0.03497740626335144
v 0.0012864443706348538 -0.02286379598081112 0.03501270338892937
v 0.007398868445307016 -0.021747110411524773 0.03500125929713249
v 0.006203150376677513 -0.020639412105083466 0.035045962780714035
v 0.011505110189318657 -0.014711203053593636 0.035194844007492065
v 0.012613634578883648 -0.013515783473849297 0.035224560648202896
v 0.0009021344594657421 -0.012712749652564526 0.03534070774912834
v 0.014171503484249115 -0.013034374453127384 0.0352279469370842
v 0.016314635053277016 -0.012126007117331028 0.03524048253893852
v 0.01576128788292408 -0.013395953923463821 0.035204093903303146
v 0.016957005485892296 -0.014503653161227703 0.0351593904197216
v 0.005721890367567539 -0.019082412123680115 0.03509953245520592
v 0.00608404166996479 -0.017493313178420067 0.035147618502378464
v 0.007192566059529781 -0.016297893598675728 0.03517733886837959
v 0.008750434964895248 -0.01581648550927639 0.035180721431970596
v 0.010340219363570213 -0.016178064048290253 0.035156868398189545
v 0.011142958886921406 -0.01630030944943428 0.03514675796031952
v 0.011214843951165676 -0.01686028763651848 0.03512826934456825
v 0.01440972089767456 -0.019326580688357353 0.035024628043174744
v 0.01281993743032217 -0.01896500028669834 0.035048484802246094
v 0.012017197906970978 -0.018842754885554314 0.03505859524011612
v 0.011945311911404133 -0.018282776698470116 0.03507708013057709
v 0.018113894388079643 -0.012057511135935783 0.03522878512740135
v 0.017438264563679695 -0.01606065221130848 0.03510582074522972
v 0.01849820464849472 -0.022208556532859802 0.03490077704191208
v 0.01707611419260502 -0.017649760469794273 0.035057730972766876
v 0.015967588871717453 -0.018845172598958015 0.035028014332056046
v -0.02358129248023033 -0.009667393751442432 0.035627271980047226
v -0.02626882679760456 -0.008428970351815224 0.035687681287527084
v -0.023100033402442932 -0.011224392801523209 0.035573702305555344
v -0.02319810539484024 -0.01340480986982584 0.03550464287400246
v -0.024686427786946297 -0.006914326921105385 0.035723961889743805
v -0.023219142109155655 -0.008078286424279213 0.03567536175251007
v -0.023096641525626183 -0.007275906391441822 0.035700105130672455
v -0.022536370903253555 -0.007203917950391769 0.03569808602333069
v -0.026001255959272385 -0.002660521538928151 0.03587032109498978
v -0.029201947152614594 0.0028311957139521837 0.03607087954878807
v -0.02636340633034706 -0.004249628633260727 0.03582223504781723
v -0.028296690434217453 -0.002945089479908347 0.03587893396615982
v -0.025882145389914513 -0.0058066281490027905 0.03576866164803505
v -0.021904315799474716 -0.012332092970609665 0.0355289988219738
v -0.02161928080022335 -0.013570123352110386 0.035487156361341476
v -0.02031453140079975 -0.012693672440946102 0.03550514578819275
v -0.016309624537825584 -0.013367989100515842 0.03545263037085533
v -0.01875666156411171 -0.012212264351546764 0.03550853207707405
v -0.02489273063838482 -0.0014651092933490872 0.03590003773570061
v -0.023334860801696777 -0.000983693404123187 0.03590342402458191
v -0.022270584478974342 0.003633175976574421 0.036043036729097366
v -0.021745076403021812 -0.001345280441455543 0.03587957099080086
v -0.016960928216576576 0.003835310460999608 0.03600851073861122
v -0.018962962552905083 -0.00676304567605257 0.03568460792303085
v -0.017767246812582016 -0.007870737463235855 0.03563990816473961
v -0.017285984009504318 -0.009427736513316631 0.035586338490247726
v -0.020549358800053596 -0.0024529718793928623 0.035834867507219315
v -0.020068097859621048 -0.0040099709294736385 0.03578129783272743
v -0.020430250093340874 -0.005599078256636858 0.03573320806026459
v -0.020552748814225197 -0.006401466205716133 0.0357084646821022
v -0.021113019436597824 -0.006473454646766186 0.03571048378944397
v -0.010418158024549484 -0.026921911165118217 0.0349731408059597
v -0.01078030839562416 -0.028511015698313713 0.034925054758787155
v -0.0066484007984399796 -0.030354119837284088 0.034834131598472595
v -0.010899418033659458 -0.025364911183714867 0.035026710480451584
v -0.012095135636627674 -0.024257220327854156 0.03507141396403313
v -0.006920150015503168 -0.02317621558904648 0.035066068172454834
v -0.013684920035302639 -0.023895632475614548 0.03509526699781418
v -0.011888832785189152 -0.029706427827477455 0.034895334392786026
v -0.013446701690554619 -0.03018784336745739 0.03489195182919502
v -0.015653565526008606 -0.030696939677000046 0.03489268943667412
v -0.015036486089229584 -0.02982625737786293 0.034915804862976074
v -0.01623220555484295 -0.02871856652200222 0.03496050462126732
v -0.017927279695868492 -0.030783498659729958 0.03490747511386871
v -0.016713464632630348 -0.02716156840324402 0.0350140780210495
v -0.01635131426155567 -0.025572460144758224 0.035062164068222046
v -0.015242788009345531 -0.024377048015594482 0.03509188070893288
v 0.0015581937041133642 -0.030041702091693878 0.03478076681494713
v 0.01494116522371769 -0.028685029596090317 0.03472086787223816
v 0.013745446689426899 -0.027577338740229607 0.034765567630529404
v 0.017882514744997025 -0.023115992546081543 0.03487647697329521
v 0.01629273220896721 -0.022754406556487083 0.03490033000707626
v 0.014734862372279167 -0.023235822096467018 0.03489694371819496
v 0.013626337982714176 -0.02443123422563076 0.03486722707748413
v 0.0132641876116395 -0.026020340621471405 0.034819141030311584
v 0.016530949622392654 -0.029046617448329926 0.03469701483845711
v 0.016970694065093994 -0.02945495955646038 0.03468054160475731
v 0.018088817596435547 -0.02856520190834999 0.03470040112733841
v 0.01876995339989662 -0.02938646264374256 0.03466884419322014
v 0.019197342917323112 -0.02736978977918625 0.03473011776804924
v 0.021043667569756508 -0.02929990366101265 0.03465405851602554
v 0.01955949328839779 -0.025780683383345604 0.034778203815221786
v 0.020771918818354607 -0.02212199755012989 0.034885991364717484
v 0.01907823421061039 -0.024223685264587402 0.03483177348971367
v -0.01859678141772747 -0.01848117634654045 0.03530656546354294
v -0.019205275923013687 -0.01767691969871521 0.035337015986442566
v -0.025053439661860466 0.019639166072010994 0.03657703846693039
v -0.027547797188162804 0.014349802397191525 0.036426935344934464
v -0.02894899994134903 0.008672729134559631 0.03625597432255745
v -0.021564016118645668 0.024332836270332336 0.03670038655400276
v -0.022921886295080185 0.020836472511291504 0.036598917096853256
v 0.004974075593054295 0.03359619528055191 0.0367920808494091
v 0.010627045296132565 0.03209376707673073 0.03670032322406769
v 0.015871979296207428 0.029505878686904907 0.03657695651054382
v 0.024985330179333687 -0.011570502072572708 0.03519131988286972
v 0.02767099440097809 -0.006375521421432495 0.035336922854185104
v 0.029278388246893883 -0.0007532488671131432 0.0355045385658741
v -0.013449577614665031 -0.00010287614713888615 0.03585529699921608
v -0.016377709805965424 -0.011569609865546227 0.03551074117422104
v -0.017648138105869293 -0.01101684384047985 0.03553824871778488
v -0.007372545078396797 -0.011226790025830269 0.035452183336019516
v -0.008791923522949219 -0.006776503287255764 0.03560563921928406
v -0.011600825935602188 -0.00377448252402246 0.035723455250263214
v 0.015663333237171173 0.005077292211353779 0.03579636290669441
v 0.014259112998843193 0.0009519731975160539 0.035675112158060074
v 0.016246549785137177 -0.010327628813683987 0.03529859334230423
v 0.01269329059869051 -0.002849623328074813 0.03556547686457634
v 0.010119453072547913 -0.006056561134755611 0.03548266366124153
v 0.006746119819581509 -0.008409036323428154 0.03543338552117348
v 0.002846576739102602 -0.009716461412608624 0.03542163223028183
v 0.0008340494241565466 -0.010914371348917484 0.03539881855249405
v -0.0012632581638172269 -0.009872919879853725 0.035448357462882996
v -0.005250430665910244 -0.008865736424922943 0.03551139682531357
v 0.005752095486968756 0.01784682832658291 0.0362817756831646
v 0.009293587878346443 0.015757601708173752 0.03618753328919411
v 0.01501203142106533 0.022280588746070862 0.0363522432744503
v 0.012102491222321987 0.012755581177771091 0.03606971725821495
v 0.013951241970062256 0.009083975106477737 0.03593787923455238
v 0.014690067619085312 0.005040240474045277 0.0358026921749115
v 0.0017649229848757386 0.018854018300771713 0.03634481504559517
v -0.0023449119180440903 0.01869755983352661 0.036371540278196335
v -0.006244454998522997 0.01739012822508812 0.03635978698730469
v -0.014188403263688087 0.0039408584125339985 0.035990480333566666
v -0.013757448643445969 0.00802912563085556 0.03611806035041809
v -0.012191626243293285 0.011830722913146019 0.036227695643901825
v -0.009617788717150688 0.015037660486996174 0.03631050884723663
v 0.021059738472104073 -0.029724381864070892 0.034640341997146606
v 0.018786024302244186 -0.029810940846800804 0.0346551276743412
v 0.01698676496744156 -0.029879435896873474 0.03466682881116867
v 0.0015742640243843198 -0.030466178432106972 0.03476705029606819
v -0.006632330361753702 -0.03077859804034233 0.03482041507959366
v -0.01563749648630619 -0.03112141788005829 0.03487897291779518
v -0.017911210656166077 -0.0312079768627882 0.03489375859498978
v -0.007304460275918245 -0.01302516832947731 0.03539407253265381
v 0.02342355065047741 -0.011855375953018665 0.03519425541162491
v 0.02335546538233757 -0.010056997649371624 0.035252366214990616
v 0.018045809119939804 -0.010259131900966167 0.03528689220547676
v 0.002296262653544545 -0.025794584304094315 0.030908890068531036
v 0.0010930331191048026 -0.026199946179986 0.03090520203113556
v 0.006006105337291956 -0.024292144924402237 0.03092835284769535
v 0.019090302288532257 -0.018039802089333534 0.031027520075440407
v 0.01913757249712944 -0.019288411363959312 0.030987175181508064
v 0.01647624559700489 -0.019981227815151215 0.03098554164171219
v 0.015739984810352325 -0.02161991596221924 0.030938755720853806
v 0.011449925601482391 -0.022643452510237694 0.03093910776078701
v 0.011209291405975819 -0.023815475404262543 0.030903438106179237
v 0.006379143800586462 -0.0252362173050642 0.03089524246752262
v -3.168653347529471e-05 -0.0283825621008873 0.03084399923682213
v -1.2207304280309472e-05 -0.028897080570459366 0.030827373266220093
v -0.011004013009369373 -0.029315531253814697 0.03089885041117668
v -0.016435187309980392 -0.0192133579403162 0.03126426041126251
v -0.0118634644895792 -0.023568900302052498 0.03108949400484562
v -0.016634076833724976 -0.019335879012942314 0.0312618725001812
v -0.012606095522642136 -0.023042310029268265 0.03111208975315094
v -0.016866927966475487 -0.01935473643243313 0.031263068318367004
v -0.016835607588291168 -0.02065788395702839 0.031221099197864532
v -0.0168850626796484 -0.01935155875980854 0.031263310462236404
v 0.0005884792190045118 0.033683307468891144 0.03282656520605087
v 0.0004983394173905253 0.03389870002865791 0.03283415734767914
v 0.004943205043673515 0.03372420743107796 0.032794248312711716
v 0.00032012865995056927 0.034049633890390396 0.032840367406606674
v 9.275142656406388e-05 0.034103140234947205 0.03284383565187454
v -0.016313672065734863 -0.0190139040350914 0.03126971051096916
v 0.00024405629665125161 -0.027143752202391624 0.03088153712451458
v -0.01135887298732996 -0.024326466023921967 0.031061340123414993
v 0.015841109678149223 0.029633890837430954 0.032579123973846436
v 0.01752283051609993 0.02850290946662426 0.03252992406487465
v 0.017306853085756302 0.02859184704720974 0.032534439116716385
v -0.011159274727106094 -0.02521449141204357 0.03103136457502842
v 0.009902942925691605 0.014307443052530289 0.032134223729372025
v 0.006616233382374048 0.016729013994336128 0.03223714232444763
v 0.01887129619717598 0.01800878718495369 0.03218349069356918
v -0.007910473272204399 -0.006404230836778879 0.03160858526825905
v -0.00429926160722971 -0.008309045806527138 0.031519707292318344
v -0.018431371077895164 -0.008771681226789951 0.031614016741514206
v -0.01857765205204487 -0.009782984852790833 0.03158276528120041
v 0.014623813331127167 -0.014166428707540035 0.03118603490293026
v 0.02197490818798542 0.011964952573180199 0.03196600079536438
v 0.022882184013724327 0.011494329199194908 0.031943924725055695
v -0.000286496797343716 -0.009065192192792892 0.031464509665966034
v -0.015319446101784706 -0.015792088583111763 0.03136519342660904
v 0.010607641190290451 -0.0043062474578619 0.03153277188539505
v 0.012778804637491703 -0.0008487481973133981 0.03162671625614166
v -0.014183888211846352 0.02340354025363922 0.03261147439479828
v -0.021534983068704605 -0.00272783893160522 0.03183150663971901
v -0.022442258894443512 -0.00225722324103117 0.031853582710027695
v 0.013612053357064724 -0.014020469039678574 0.031198522076010704
v 0.007513485848903656 -0.0069707403890788555 0.03147134557366371
v 0.012626330368220806 -0.014291520230472088 0.031197452917695045
v 0.0037712689954787493 -0.00860547088086605 0.03144789859652519
v 0.004280490335077047 -0.02054215781390667 0.031061751767992973
v 0.0012963480548933148 -0.02084539458155632 0.03107508458197117
v 0.0011008777655661106 -0.020894315093755722 0.03107502870261669
v 0.0009405809687450528 -0.021016379818320274 0.031072357669472694
v 0.0008414911571890116 -0.02119176648557186 0.031067507341504097
v -0.00013094549649395049 -0.024213364347815514 0.030978264287114143
v -0.0001485544489696622 -0.024446196854114532 0.030970944091677666
v -0.015341236256062984 -0.015992306172847748 0.031358953565359116
v -5.841460733790882e-05 -0.024661589413881302 0.0309633519500494
v 0.00011979584814980626 -0.02481251396238804 0.030957141891121864
v 0.00034717307426035404 -0.024866022169589996 0.030953673645853996
v -0.011382892727851868 0.011895891278982162 0.032221369445323944
v -0.013014324009418488 0.008153701201081276 0.032114140689373016
v -0.013469832018017769 0.0040974002331495285 0.03198777511715889
v -0.012708940543234348 8.739899203646928e-05 0.03185350075364113
v -0.0005006564897485077 0.030253497883677483 0.032725151628255844
v 0.01581842079758644 0.024836665019392967 0.03242569416761398
v 0.015948718413710594 0.02468307502567768 0.03241976723074913
v 0.02539382502436638 0.008683346211910248 0.031834524124860764
v 0.025708815082907677 0.0038974483031779528 0.03167884796857834
v 0.025121131911873817 -0.000862913322634995 0.0315309576690197
v 0.02365158684551716 -0.005429148208349943 0.03139609470963478
v 0.00835938099771738 -0.01648133248090744 0.03116028383374214
v 0.007564528379589319 -0.017124079167842865 0.031145840883255005
v 0.007093459367752075 -0.018031032755970955 0.031120438128709793
v -0.015378495678305626 -0.015599546022713184 0.031371816992759705
v -0.015508793294429779 -0.015445963479578495 0.03137774020433426
v -0.017756739631295204 -0.013461662456393242 0.03145863488316536
v -0.02526889182627201 0.005339664872735739 0.03211866319179535
v -0.024681206792593002 0.010100019164383411 0.03226654976606369
v 0.024063030257821083 0.010905989445745945 0.031915970146656036
v 0.024941885843873024 0.009922385215759277 0.03187768906354904
v -0.023211661726236343 0.014666253700852394 0.03240141645073891
v -0.020912297070026398 0.018876660615205765 0.032518476247787476
v -0.017864543944597244 0.022582119330763817 0.032613594084978104
v -0.018500443547964096 -0.012372361496090889 0.03149925917387009
v -0.018787691369652748 -0.011085141450166702 0.031542692333459854
v -0.016774531453847885 0.023325737565755844 0.03262898698449135
v -0.015486619435250759 0.023613158613443375 0.032628245651721954
v -0.013172128237783909 0.023257587105035782 0.032598987221717834
v -0.008720495738089085 0.01499146781861782 0.03229993209242821
v -0.012186406180262566 0.023528631776571274 0.03260005638003349
v -0.005263700615614653 0.017165357246994972 0.03234284743666649
v -0.00791945680975914 0.02571844309568405 0.03263722360134125
v -0.0013196575455367565 0.018224405124783516 0.03234630450606346
v -0.007124603725969791 0.026361191645264626 0.032651666551828384
v 0.0027611874975264072 0.0180745217949152 0.03230999410152435
v -0.00665353424847126 0.027268143370747566 0.032677069306373596
v -0.006064609624445438 0.028448574244976044 0.03271032124757767
v 0.01707400195300579 0.028572997078299522 0.03253563493490219
v 0.01687511056661606 0.02845047041773796 0.03253324702382088
v 0.010596174746751785 0.032221779227256775 0.0327024906873703
v 0.01675359718501568 0.02825101651251316 0.032527800649404526
v 0.01894036866724491 0.021609481424093246 0.0322982519865036
v 0.019227616488933563 0.02032226137816906 0.032254815101623535
v 0.01819666475057602 0.022698773071169853 0.03233887255191803
v 0.019017577171325684 0.01902010478079319 0.03221474215388298
v 0.013834062032401562 0.003094540676102042 0.031744830310344696
v 0.01390975620597601 0.005139720626175404 0.0318097323179245
v 0.013679645024240017 0.007173251360654831 0.03187662363052368
v 0.012329276651144028 0.011024967767298222 0.032010383903980255
v 0.019142234697937965 0.017023606225848198 0.03214985132217407
v 0.02133204974234104 0.012759271077811718 0.03199639916419983
v 0.01721445471048355 -0.014088618569076061 0.03116852231323719
v 0.01592654548585415 -0.014376047998666763 0.031169263646006584
v 0.01830446906387806 -0.013345007784664631 0.031183915212750435
v 0.021352222189307213 -0.009639546275138855 0.031279031187295914
v 0.006504534278064966 -0.019211456179618835 0.03108718805015087
v 0.005520238541066647 -0.020090127363801003 0.0310666523873806
v -0.010799260810017586 -0.0035199907142668962 0.03172324597835541
v -0.01870230957865715 -0.00778650026768446 0.03164765611290932
v -0.020892126485705376 -0.0035221497528254986 0.03180110827088356
v -0.023623105138540268 -0.0016688683535903692 0.03188154101371765
v -0.02450196072459221 -0.0006852640653960407 0.031919822096824646
v -0.024953899905085564 0.0005537676624953747 0.031962983310222626
v -0.0006609529373236 0.030131427571177483 0.03272248059511185
v -0.0008564232848584652 0.03008250705897808 0.03272242471575737
v -0.0038405656814575195 0.029779277741909027 0.032735757529735565
v -0.005080313887447119 0.029327237978577614 0.03273085504770279
v 0.0005708702956326306 0.033450476825237274 0.032819245010614395
v -0.00040156638715416193 0.030428877100348473 0.03273000195622444
v 0.015781160444021225 0.02522941865026951 0.03243855759501457
v 0.01575937122106552 0.025029199197888374 0.03243231400847435
v -0.0184146948158741 -0.031210996210575104 0.03439727798104286
v -0.018410837277770042 -0.031226996332406998 0.034897007048130035
v -0.018685536459088326 -0.03123745508491993 0.0348987951874733
v 0.036031246185302734 -0.028106840327382088 0.002122384961694479
v 0.0362645722925663 -0.027958648279309273 -0.0021904564928263426
v 0.03627229109406471 -0.02799065038561821 -0.0011909984750673175
v 0.036256853491067886 -0.027926644310355186 -0.0031899146270006895
v 0.03596466779708862 -0.027830755338072777 -0.006499830633401871
v 0.020992126315832138 -0.027353161945939064 -0.038823068141937256
v 0.02126682549715042 -0.027342703193426132 -0.03882485628128052
v 0.02099367044866085 -0.02735956199467182 -0.038623176515102386
v 0.02277236431837082 -0.02743721567094326 -0.03413592651486397
v 0.036425765603780746 -0.028178876265883446 0.004814036190509796
v 0.03473711013793945 -0.02843540348112583 0.010774447582662106
v 0.034618038684129715 -0.028239820152521133 0.004582064226269722
v 0.03705773130059242 -0.027960749343037605 -0.0011961060808971524
v 0.03557755798101425 -0.028168458491563797 0.003497800789773464
v 1.5487759810639545e-05 -0.02818402275443077 -0.03768715634942055
v -0.022911425679922104 -0.02932092547416687 -0.029364963993430138
v -0.020685752853751183 -0.02909163385629654 -0.033853329718112946
v -0.01897653192281723 -0.028881197795271873 -0.0383632630109787
v -0.018778225407004356 -0.028867188841104507 -0.03856445476412773
v -0.0005262906197458506 -0.02817235141992569 -0.03868313878774643
v 0.025067126378417015 -0.027494417503476143 -0.029676955193281174
v 0.0020139978732913733 -0.028107941150665283 -0.03770015388727188
v -0.03395833820104599 -0.03042575716972351 -0.00811602920293808
v -0.03230355307459831 -0.030163150280714035 -0.014304324984550476
v 0.037042297422885895 -0.027896743267774582 -0.003195021999999881
v 0.036317579448223114 -0.027730263769626617 -0.009196341969072819
v 0.03548978269100189 -0.027804486453533173 -0.007869208231568336
v 0.03451361879706383 -0.02780681475996971 -0.008940884843468666
v -0.006911001168191433 -0.030043825507164 0.011754290200769901
v -0.002903986256569624 -0.029947347939014435 0.013463345356285572
v 0.021555505692958832 -0.029689360409975052 0.034137364476919174
v 0.0014141252031549811 -0.029802123084664345 0.014028298668563366
v 0.0057230787351727486 -0.029618922621011734 0.013407246209681034
v 0.02183406427502632 -0.029694903641939163 0.034635305404663086
v 0.02155936509370804 -0.029705360531806946 0.03463709354400635
v 0.023267041891813278 -0.029488524422049522 0.029927270486950874
v 0.009703299030661583 -0.029411332681775093 0.011646251194179058
v -0.029571400955319405 -0.02987254224717617 -0.020096834748983383
v -0.02584950067102909 -0.029563255608081818 -0.0253077931702137
v -0.019252775236964226 -0.0288852546364069 -0.038561366498470306
v -0.018978076055645943 -0.028874797746539116 -0.03856315463781357
v 7.770239790261257e-06 -0.028152020648121834 -0.038686614483594894
v 0.02893364429473877 -0.028445787727832794 0.004296119790524244
v 0.029709096997976303 -0.028431694954633713 0.0047685615718364716
v 0.03204520419239998 -0.028717566281557083 0.016352789476513863
v 0.028834210708737373 -0.028033459559082985 -0.008581044152379036
v 0.017233025282621384 -0.028647901490330696 -0.0031580410432070494
v 0.0296022891998291 -0.027988791465759277 -0.009063523262739182
v 0.01631423644721508 -0.028545094653964043 -0.007416163571178913
v 0.030466880649328232 -0.027947179973125458 -0.00933825597167015
v -0.012848126702010632 -0.03006606735289097 0.005486330483108759
v -0.010309737175703049 -0.030084403231739998 0.009027883410453796
v -0.02548626996576786 -0.03106948547065258 0.02173234149813652
v 0.020792275667190552 -0.027360768988728523 -0.03882176801562309
v 0.009600991383194923 -0.02778681367635727 -0.03874899446964264
v 0.002006280468776822 -0.028075939044356346 -0.03869960829615593
v 0.02761257253587246 -0.028420956805348396 0.00197984604164958
v 0.027850935235619545 -0.028440242633223534 0.002855938393622637
v 0.01696944236755371 -0.028798334300518036 0.0011887098662555218
v 0.028300832957029343 -0.028448697179555893 0.003644762095063925
v 0.015543034300208092 -0.028985237702727318 0.005301710218191147
v 0.014281217008829117 -0.028497541323304176 -0.011269851587712765
v 0.01128474436700344 -0.02850876748561859 -0.014433295466005802
v 0.007547055836766958 -0.028577938675880432 -0.01667187735438347
v 0.028067559003829956 -0.02751067280769348 -0.02565840259194374
v 0.03175927326083183 -0.02753187157213688 -0.02067696861922741
v 0.03453705087304115 -0.027605807408690453 -0.015134194865822792
v 0.013059590943157673 -0.029194749891757965 0.008875918574631214
v 0.028430789709091187 -0.029016902670264244 0.021381733939051628
v 0.0254927147179842 -0.02925923280417919 0.025438902899622917
v 0.03057784214615822 -0.028407318517565727 0.005032022949308157
v 0.03186061978340149 -0.028365783393383026 0.005249619483947754
v 0.03330827131867409 -0.028309354558587074 0.0051993681117892265
v -0.005192281678318977 -0.029062915593385696 -0.016589036211371422
v -0.008895025588572025 -0.029276994988322258 -0.014302071183919907
v -0.02248583734035492 -0.03108574077486992 0.025750894099473953
v -0.020191075280308723 -0.0311429426074028 0.030209867283701897
v 0.031746167689561844 -0.02789117768406868 -0.009572512470185757
v 0.03319444879889488 -0.027837364003062248 -0.009541093371808529
v 0.028211522847414017 -0.028078345581889153 -0.007921522483229637
v 0.027773849666118622 -0.02812059037387371 -0.00712692691013217
v 0.02754904143512249 -0.02815750613808632 -0.0062478226609528065
v -0.0344826839864254 -0.030651943758130074 -0.0017304056091234088
v -0.011842344887554646 -0.029492046684026718 -0.011099976487457752
v -0.013815649785101414 -0.029692117124795914 -0.007220236584544182
v -0.014668590389192104 -0.02986237220466137 -0.0029505931306630373
v -0.03385978192090988 -0.03083445504307747 0.004647757392376661
v -0.014337907545268536 -0.02999018132686615 0.0013922933721914887
v -0.03210959583520889 -0.030967436730861664 0.010813912376761436
v -0.029288267716765404 -0.031046627089381218 0.016570309177041054
v 0.003345357719808817 -0.028699927031993866 -0.017819570377469063
v 0.00116716418415308 -0.028778035193681717 -0.017954358831048012
v -0.0010087292175740004 -0.02886568382382393 -0.017791256308555603
v 0.027551408857107162 -0.028186745941638947 -0.005340152885764837
v 0.02777090296149254 -0.02828199602663517 -0.0021352244075387716
v 0.02760092355310917 -0.028392070904374123 0.0010722365695983171
v 0.01981312967836857 -0.018602248281240463 0.031130583956837654
v 0.01979649066925049 -0.0179750919342041 0.03115345537662506
v 0.02040826715528965 -0.017963601276278496 0.031514644622802734
v 0.019088713452219963 -0.01799786277115345 0.031028876081109047
v -0.01775854453444481 -0.019843559712171555 0.031464774161577225
v -0.01759905368089676 -0.01876840367913246 0.03141117841005325
v -0.01690828800201416 -0.018738115206360817 0.03128313273191452
v -0.01877318136394024 -0.018851345404982567 0.03260238096117973
v -0.018172115087509155 -0.019456392154097557 0.03174449875950813
v -0.018316928297281265 -0.018810659646987915 0.0318777896463871
v -0.018514277413487434 -0.019126249477267265 0.032117608934640884
v -0.018761837854981422 -0.019150972366333008 0.03259269893169403
v 0.017979778349399567 -0.02571163699030876 0.03079044260084629
v 0.01799868606030941 -0.02579004317522049 0.03323911502957344
v 0.017735328525304794 -0.024920780211687088 0.030817653983831406
v 0.017754238098859787 -0.024999188259243965 0.033266324549913406
v 0.017127979546785355 -0.02435813844203949 0.03084035962820053
v 0.017146887257695198 -0.024436544626951218 0.03328903019428253
v 0.016320470720529556 -0.024174483492970467 0.03085247613489628
v 0.0163393784314394 -0.024252889677882195 0.03330114856362343
v 0.015529172495007515 -0.02441900409758091 0.03085075505077839
v 0.015548080205917358 -0.024497410282492638 0.03329942747950554
v 0.014966112561523914 -0.02502620220184326 0.03083566203713417
v 0.014985020272433758 -0.02510461024940014 0.03328433260321617
v 0.014782162383198738 -0.025833366438746452 0.030811235308647156
v 0.014801070094108582 -0.02591177448630333 0.033259909600019455
v 0.01502661220729351 -0.026624219492077827 0.03078402578830719
v 0.015045519918203354 -0.026702627539634705 0.03323269635438919
v 0.01563396118581295 -0.027186855673789978 0.030761320143938065
v 0.015652868896722794 -0.027265261858701706 0.033209990710020065
v 0.01644147001206875 -0.027370518073439598 0.030749203637242317
v 0.016460377722978592 -0.027448926120996475 0.03319787606596947
v 0.01723276823759079 -0.027125990018248558 0.030750922858715057
v 0.017251675948500633 -0.027204398065805435 0.03319959715008736
v 0.017795829102396965 -0.026518797501921654 0.030766017735004425
v 0.01781473681330681 -0.02659720554947853 0.033214692026376724
v -0.011997872963547707 -0.026852862909436226 0.030985379591584206
v -0.011978964321315289 -0.026931269094347954 0.033434052020311356
v -0.012242322787642479 -0.0260620079934597 0.03101259097456932
v -0.012223414145410061 -0.02614041417837143 0.03346126154065132
v -0.012849671766161919 -0.025499364361166954 0.031035296618938446
v -0.012830764055252075 -0.02557777240872383 0.03348396718502045
v -0.013657180592417717 -0.02531570941209793 0.031047411262989044
v -0.013638272881507874 -0.02539411559700966 0.03349608555436134
v -0.014448478817939758 -0.025560230016708374 0.031045692041516304
v -0.014429571107029915 -0.025638636201620102 0.033494364470243454
v -0.015011539682745934 -0.026167429983615875 0.031030597165226936
v -0.01499263197183609 -0.026245836168527603 0.033479269593954086
v -0.015195488929748535 -0.026974594220519066 0.03100617229938507
v -0.015176581218838692 -0.027053000405430794 0.03345484659075737
v -0.014951040036976337 -0.02776544727385044 0.030978962779045105
v -0.014932132326066494 -0.02784385345876217 0.033427633345127106
v -0.014343690127134323 -0.02832808345556259 0.03095625713467598
v -0.01432478241622448 -0.02840648964047432 0.03340492770075798
v -0.013536181300878525 -0.02851174585521221 0.030944140627980232
v -0.013517273589968681 -0.02859015204012394 0.03339281305670738
v -0.012744883075356483 -0.02826721780002117 0.030945859849452972
v -0.01272597536444664 -0.0283456239849329 0.03339453414082527
v -0.012181823141872883 -0.027660025283694267 0.03096095472574234
v -0.01216291543096304 -0.027738431468605995 0.03340962901711464
v 0.02026515081524849 -0.017960911616683006 0.031263720244169235
v -0.019562052562832832 -0.017940634861588478 0.031829431653022766
v -0.01953890174627304 -0.01803664304316044 0.03482780233025551
v -0.023599404841661453 -0.013692118227481842 0.03499826788902283
v -0.023622557520866394 -0.013596110045909882 0.031999897211790085
v -0.026722172275185585 -0.008631942793726921 0.035184409469366074
v -0.026745324954390526 -0.00853593461215496 0.03218603879213333
v -0.028784403577446938 -0.0030551161617040634 0.03537890315055847
v -0.02880755625665188 -0.0029591082129627466 0.03238053247332573
v -0.029705004766583443 0.0028190717566758394 0.03557410463690758
v -0.029728157445788383 0.0029150797054171562 0.03257573023438454
v -0.0294477716088295 0.008759613148868084 0.03576233610510826
v -0.02947092428803444 0.008855621330440044 0.03276396170258522
v -0.02802281826734543 0.014532902278006077 0.03593619167804718
v -0.02804597094655037 0.014628910459578037 0.03293782100081444
v -0.025486186146736145 0.019911929965019226 0.036088842898607254
v -0.025509338825941086 0.020007938146591187 0.03309046849608421
v -0.021937616169452667 0.024685144424438477 0.036214280873537064
v -0.021960768848657608 0.024781152606010437 0.03321590647101402
v -0.017516663298010826 0.028664851561188698 0.036307573318481445
v -0.017539815977215767 0.028760859742760658 0.033309198915958405
v -0.012397168204188347 0.03169456869363785 0.03636505454778671
v -0.012420320883393288 0.03179057687520981 0.03336668014526367
v -0.006780455820262432 0.033655133098363876 0.0363844595849514
v -0.006803608499467373 0.03375114127993584 0.03338608890771866
v -0.0008873963379301131 0.03446945920586586 0.03636503219604492
v -0.000910548958927393 0.03456546738743782 0.03336665779352188
v 0.005050271283835173 0.03410552069544792 0.036307528614997864
v 0.005027118604630232 0.03420152887701988 0.03330915421247482
v 0.010799054056406021 0.03257763013243675 0.03621421381831169
v 0.01077590137720108 0.03267363831400871 0.03321584314107895
v 0.016132887452840805 0.029945863410830498 0.03608876094222069
v 0.016109734773635864 0.030041871592402458 0.03309038653969765
v 0.020842019468545914 0.02631373517215252 0.03593609482049942
v 0.020818866789340973 0.02640974149107933 0.03293772414326668
v 0.024741273373365402 0.021824052557349205 0.035762228071689606
v 0.02471812069416046 0.021920060738921165 0.032763853669166565
v 0.02767730876803398 0.016653364524245262 0.035573989152908325
v 0.02765415608882904 0.016749372705817223 0.03257561847567558
v 0.02953467331826687 0.011005030944943428 0.03537878766655922
v 0.029511520639061928 0.011101039126515388 0.03238041326403618
v 0.03024032711982727 0.005101146176457405 0.03518429398536682
v 0.03021717630326748 0.0051971543580293655 0.03218592330813408
v 0.029766520485281944 -0.0008261259645223618 0.03499816358089447
v 0.029743367806077003 -0.0007301178411580622 0.03199978917837143
v 0.028131883591413498 -0.0065436894074082375 0.03482770919799805
v 0.028108730912208557 -0.006447681691497564 0.031829334795475006
v 0.02540070191025734 -0.011826721020042896 0.034679632633924484
v 0.0253775492310524 -0.011730712838470936 0.03168126195669174
v 0.021657219156622887 -0.01637144759297371 0.03156139329075813
v -0.018976576626300812 -0.01883300021290779 0.03179633617401123
v -0.01895342394709587 -0.01892900839447975 0.03479470685124397
v -0.01905210316181183 -0.018680043518543243 0.034803442656993866
v -0.019176991656422615 -0.01839682087302208 0.031811848282814026
v 0.021092794835567474 -0.01760764792561531 0.03152616694569588
v 0.021254176273941994 -0.016968203708529472 0.03154539689421654
v -0.01885944791138172 -0.019463442265987396 0.03477687016129494
v -0.0008873963379301131 0.03446945920586586 0.03636503219604492
v -0.0008646310889162123 0.03395406901836395 0.03684862330555916
v 0.02069729194045067 -0.0176100954413414 0.031138479709625244
v -0.021346447989344597 -0.015503857284784317 0.031420961022377014
v -0.023228975012898445 -0.013276798650622368 0.03150681033730507
v -0.024808211252093315 -0.010993823409080505 0.03159210458397865
v -0.026299698278307915 -0.008300959132611752 0.0316898487508297
v -0.027339495718479156 -0.0059033664874732494 0.031774647533893585
v -0.028327560052275658 -0.0028170784935355186 0.03188110142946243
v -0.028846194967627525 -0.0004217331297695637 0.03196180611848831
v -0.029232816770672798 0.002959206700325012 0.03207304701209068
v -0.02927229553461075 0.00524728512391448 0.03214661777019501
v -0.028979869559407234 0.008800740353763103 0.03225814178586006
v -0.028601955622434616 0.010892927646636963 0.03232221305370331
v -0.02757866680622101 0.014477812685072422 0.032429102808237076
v -0.02686009556055069 0.016305310651659966 0.03248206898570061
v -0.02508430927991867 0.01976717822253704 0.032579205930233
v -0.024111473932862282 0.021283214911818504 0.03262024000287056
v -0.021594885736703873 0.024460848420858383 0.032702554017305374
v -0.01724761351943016 0.02837422676384449 0.0327942930161953
v -0.020458277314901352 0.025641560554504395 0.03273158520460129
v -0.006690343376249075 0.03328132629394531 0.03286989778280258
v -0.011010000482201576 0.031880564987659454 0.03285840153694153
v -0.012213443405926228 0.031353432685136795 0.03285081312060356
v -0.016036320477724075 0.029218340292572975 0.0328119657933712
v -0.000910548958927393 0.03456546738743782 0.03336665779352188
v -0.0008955012308433652 0.0340820774435997 0.03285079076886177
v -0.005566180683672428 0.033529262989759445 0.03286915645003319
v 0.020471757277846336 0.026062294840812683 0.032429005950689316
v 0.021786371245980263 0.024740977212786674 0.032376546412706375
v 0.024306021630764008 0.021647430956363678 0.032258033752441406
v 0.02719312533736229 0.01656293496489525 0.03207293525338173
v 0.02524813450872898 0.020230943337082863 0.032205402851104736
v 0.029713427647948265 0.005203246604651213 0.03168973699212074
v 0.02928612008690834 0.009658847004175186 0.031835705041885376
v 0.029019534587860107 0.011008734814822674 0.03188098594546318
v 0.027779418975114822 0.015140486881136894 0.032022859901189804
v 0.027640124782919884 -0.006247510202229023 0.03133909031748772
v 0.02904188074171543 -0.0016558141214773059 0.03147529438138008
v 0.02924751676619053 -0.0006252379389479756 0.03150670602917671
v 0.029712218791246414 0.003989828284829855 0.03165088966488838
v 0.024551399052143097 -0.012046095915138721 0.031177271157503128
v 0.024954460561275482 -0.011442490853369236 0.031193485483527184
v 0.027300020679831505 -0.007068197708576918 0.03131543844938278
v -0.0022610118612647057 -0.008736983872950077 0.034491896629333496
v -0.0002559506974648684 -0.008961433544754982 0.03446922451257706
v -0.00027755979681387544 -0.008871826343238354 0.031670741736888885
v -0.00999291893094778 0.01331707276403904 0.035257771611213684
v -0.011190354824066162 0.011693655513226986 0.03521503508090973
v -0.011211964301764965 0.011783262714743614 0.03241655230522156
v -0.012819579802453518 0.008095694705843925 0.032310888171195984
v -0.01279797125607729 0.008006086573004723 0.035109374672174454
v -0.013172238133847713 0.006024315021932125 0.03504880517721176
v -0.013268438167870045 0.0040986076928675175 0.032186366617679596
v -0.012132386676967144 0.009910046122968197 0.035165198147296906
v -0.008566825650632381 0.01474402379244566 0.035292450338602066
v -0.008588435128331184 0.014833630993962288 0.032493967562913895
v -0.006943934131413698 0.015942668542265892 0.03531830012798309
v -0.005182103253901005 0.01697579026222229 0.032536253333091736
v -0.005160494241863489 0.016886182129383087 0.035334739834070206
v -0.0012956378050148487 0.018019381910562515 0.03253966197371483
v -0.0012740286765620112 0.01792977564036846 0.035338144749403
v -0.0032563479617238045 0.017553528770804405 0.035341404378414154
v 0.0027256326284259558 0.017871689051389694 0.0325038805603981
v 0.006524400319904089 0.01654582843184471 0.03243209421634674
v 0.006546009797602892 0.01645622029900551 0.03523057699203491
v 0.004696364980190992 0.017261426895856857 0.03527064248919487
v 0.0027472416404634714 0.01778208091855049 0.03530236706137657
v 0.0007421806221827865 0.01800653152167797 0.03532503545284271
v 0.009763128124177456 0.01415960118174553 0.032330676913261414
v 0.012154040858149529 0.010925042442977428 0.0322086438536644
v 0.012175650335848331 0.0108354352414608 0.03500713035464287
v 0.01110147312283516 0.01254228875041008 0.03507007658481598
v 0.009784737601876259 0.014069993048906326 0.03512916341423988
v 0.008254858665168285 0.015384412370622158 0.03518306463956833
v 0.013636859133839607 0.0031103899236768484 0.03194696828722954
v 0.012597007676959038 -0.0007753338431939483 0.03183057904243469
v 0.012618616223335266 -0.0008649415103718638 0.034629061818122864
v 0.013284200802445412 0.0010390100069344044 0.034684889018535614
v 0.013658467680215836 0.003020782256498933 0.03474545478820801
v 0.013711449690163136 0.005125712137669325 0.03201092407107353
v 0.013733058236539364 0.005036104470491409 0.034809410572052
v 0.013484696857631207 0.007129555102437735 0.03207683935761452
v 0.01350630633533001 0.007039947435259819 0.03487532213330269
v 0.012983275577425957 0.00898755993694067 0.03494172543287277
v 0.0104575389996171 -0.004182360600680113 0.031738005578517914
v 0.007408554665744305 -0.006807955447584391 0.031677477061748505
v 0.00743016367778182 -0.006897563114762306 0.034475959837436676
v 0.009053056128323078 -0.005698934197425842 0.0345018096268177
v 0.010479148477315903 -0.004271968267858028 0.034536488354206085
v 0.011676585301756859 -0.0026485510170459747 0.03457922488451004
v 0.0037209687288850546 -0.008418823592364788 0.031654369086027145
v 0.0017602586885914207 -0.008884677663445473 0.03445611521601677
v 0.003742577973753214 -0.008508430793881416 0.034452855587005615
v 0.0056467242538928986 -0.007841086015105247 0.034459520131349564
v -0.004210134968161583 -0.008216328918933868 0.0345236174762249
v -0.004231743980199099 -0.00812672171741724 0.03172513097524643
v -0.0060597797855734825 -0.00741111533716321 0.03456368297338486
v -0.007790237665176392 -0.006249715574085712 0.03181271255016327
v -0.007768628653138876 -0.006339323241263628 0.03461119532585144
v -0.010636852122843266 -0.003407576587051153 0.03192569687962532
v -0.010615242645144463 -0.0034971842542290688 0.03472418338060379
v -0.009298508055508137 -0.005024889018386602 0.034665100276470184
v -0.013246828690171242 0.004009000025689602 0.034984853118658066
v -0.013020075857639313 0.002005149843171239 0.03491893783211708
v -0.012518654577434063 0.00014714471762999892 0.032054051756858826
v -0.012497046031057835 5.753701043431647e-05 0.034852538257837296
v -0.01168942078948021 -0.0017903305124491453 0.0347871296107769
v -0.013994726352393627 0.003974068909883499 0.03518961742520332
v -0.013369441032409668 0.006040163803845644 0.0352509468793869
v -0.013569735921919346 0.008005749434232712 0.03531543165445328
v -0.012314184568822384 0.009983460418879986 0.035369060933589935
v -0.012025585398077965 0.011754721403121948 0.03542354702949524
v -0.010143020190298557 0.01344095915555954 0.03546300530433655
v -0.009487372823059559 0.014917274005711079 0.03550521284341812
v -0.007048864848911762 0.016105445101857185 0.035524431616067886
v -0.006160729099065065 0.017237188294529915 0.03555380925536156
v -0.003306648228317499 0.017740175127983093 0.035547878593206406
v -0.0023151582572609186 0.018526513129472733 0.03556540235877037
v 0.0017377929762005806 0.01868080534040928 0.03553904592990875
v 0.0007511179428547621 0.018199888989329338 0.035531263798475266
v 0.005669779609888792 0.017687566578388214 0.03547688201069832
v 0.004763882607221603 0.01744375005364418 0.035476069897413254
v 0.009162255562841892 0.01562725193798542 0.03538393974304199
v 0.008375094272196293 0.015538935549557209 0.03538719192147255
v 0.011932279914617538 0.012666779570281506 0.03526775538921356
v 0.01126388181000948 0.012654688209295273 0.03527253121137619
v 0.013755442574620247 0.009045998565852642 0.03513774275779724
v 0.013173561543226242 0.009047306142747402 0.03514227643609047
v 0.0144840432330966 0.005058234557509422 0.035004425793886185
v 0.013934453018009663 0.005037311930209398 0.03500800207257271
v 0.014059052802622318 0.0010265469318255782 0.03487861528992653
v 0.013478945009410381 0.000981003511697054 0.03488163650035858
v 0.012514902278780937 -0.00272242515347898 0.03477049618959427
v 0.011847513727843761 -0.002761193783953786 0.034774407744407654
v 0.009976689703762531 -0.005884978454560041 0.03468883037567139
v 0.009185116738080978 -0.005856763105839491 0.03469584509730339
v 0.006650045979768038 -0.008204891346395016 0.03464023396372795
v 0.005728321149945259 -0.008030652068555355 0.03465292975306511
v 0.002804475137963891 -0.009494217112660408 0.03462864086031914
v 0.0017842786619439721 -0.00908970832824707 0.03464947268366814
v -0.0012484760954976082 -0.009648510254919529 0.034654997289180756
v -0.0022965664975345135 -0.008939817547798157 0.034685783088207245
v -0.00518046272918582 -0.00865527056157589 0.03471716493368149
v -0.0061516123823821545 -0.007594309281557798 0.034758634865283966
v -0.008672937750816345 -0.006594955921173096 0.034810103476047516
v -0.00943832192569971 -0.005172731354832649 0.03486155346035957
v -0.011442963033914566 -0.0036344833206385374 0.034926287829875946
v -0.011864655651152134 -0.0018902553711086512 0.03498539328575134
v -0.013266125693917274 -1.3702374417334795e-05 0.03505630046129227
v -0.013215024024248123 0.0019614531192928553 0.035119153559207916
v -0.01344513613730669 0.003994991537183523 0.0351860448718071
v 0.014488673768937588 0.005039033014327288 0.03560410067439079
v 0.013760073110461235 0.00902679655700922 0.03573741391301155
v 0.011936910450458527 0.012647577561438084 0.03586743026971817
v 0.00916688609868288 0.015608049929141998 0.0359836146235466
v 0.00567441014572978 0.017668364569544792 0.03607655316591263
v 0.0017424235120415688 0.018661605194211006 0.03613872081041336
v -0.0023105277214199305 0.01850731112062931 0.03616507351398468
v -0.006156098563224077 0.017217986285686493 0.036153484135866165
v -0.00948274228721857 0.014898072928190231 0.03610488772392273
v -0.012020954862236977 0.011735519394278526 0.03602322190999985
v -0.013565105386078358 0.00798654742538929 0.03591510280966759
v -0.013990095816552639 0.0039548673667013645 0.03578929230570793
v -0.013261495158076286 -3.290397216915153e-05 0.035655975341796875
v -0.011438332498073578 -0.003653684863820672 0.035525958985090256
v -0.008668308146297932 -0.00661415746435523 0.035409774631261826
v -0.0051758321933448315 -0.008674471639096737 0.0353168360888958
v -0.00124384555965662 -0.009667711332440376 0.035254672169685364
v 0.002809105673804879 -0.00951341912150383 0.035228315740823746
v 0.006654676515609026 -0.008224093355238438 0.03523990511894226
v 0.00998132023960352 -0.005904179997742176 0.035288501530885696
v 0.012519532814621925 -0.0027416266966611147 0.03537016734480858
v 0.014063683338463306 0.0010073452722281218 0.03547828644514084
v -0.006700015161186457 0.02813636139035225 0.03270522877573967
v -0.006680335849523544 0.028054755181074142 0.035253848880529404
v -0.006959742866456509 0.02897663787007332 0.03273414075374603
v -0.006940063089132309 0.028895031660795212 0.03528276085853577
v -0.007605050690472126 0.02957444079220295 0.03275826573371887
v -0.007585370913147926 0.029492834582924843 0.035306885838508606
v -0.008463030681014061 0.029769588261842728 0.032771140336990356
v -0.008443350903689861 0.02968798205256462 0.03531976044178009
v -0.009303783997893333 0.0295097716152668 0.03276931121945381
v -0.009284104220569134 0.029428165405988693 0.035317931324243546
v -0.00990203581750393 0.028864627704024315 0.03275327384471893
v -0.00988235604017973 0.028783021494746208 0.03530189394950867
v -0.010097483173012733 0.02800702303647995 0.03272732347249985
v -0.010077803395688534 0.027925414964556694 0.03527594357728958
v -0.009837755002081394 0.027166729792952538 0.032698411494493484
v -0.009818075224757195 0.02708512358367443 0.03524703159928322
v -0.009192446246743202 0.026568928733468056 0.032674286514520645
v -0.009172766469419003 0.0264873206615448 0.03522290661931038
v -0.008334468118846416 0.026373794302344322 0.03266141191124916
v -0.008314788341522217 0.026292188093066216 0.035210032016038895
v -0.007493712939321995 0.026633597910404205 0.032663241028785706
v -0.007474033161997795 0.02655198983848095 0.03521186113357544
v -0.006895461585372686 0.02727874182164669 0.032679278403520584
v -0.006875782273709774 0.027197133749723434 0.03522789850831032
v -0.011204461567103863 0.026799630373716354 0.03660840913653374
v -0.010957418940961361 0.026318561285734177 0.03659038990736008
v -0.021547889336943626 -0.003937119618058205 0.031792886555194855
v -0.021528208628296852 -0.004018726292997599 0.03434150665998459
v -0.02180761657655239 -0.0030968349892646074 0.03182179853320122
v -0.021787935867905617 -0.003178441897034645 0.03437041863799095
v -0.02245292440056801 -0.00249903229996562 0.03184592351317406
v -0.022433243691921234 -0.0025806394405663013 0.03439454361796379
v -0.02331090159714222 -0.0023038918152451515 0.03185879439115524
v -0.023291222751140594 -0.002385498955845833 0.03440741449594498
v -0.02415165863931179 -0.002563701942563057 0.031856968998909
v -0.024131977930665016 -0.0026453088503330946 0.03440558910369873
v -0.024749908596277237 -0.003208845853805542 0.03184093162417412
v -0.024730229750275612 -0.0032904529944062233 0.03438955172896385
v -0.02494535595178604 -0.004066458437591791 0.031814977526664734
v -0.024925675243139267 -0.0041480655781924725 0.03436359763145447
v -0.024685628712177277 -0.004906742833554745 0.03178606554865837
v -0.024665948003530502 -0.004988349974155426 0.034334685653448105
v -0.02404032088816166 -0.005504545755684376 0.03176194429397583
v -0.024020640179514885 -0.00558615243062377 0.034310564398765564
v -0.02318233996629715 -0.005699686240404844 0.031749069690704346
v -0.023162661120295525 -0.005781292915344238 0.03429768979549408
v -0.022341586649417877 -0.005439876113086939 0.03175089508295059
v -0.022321905940771103 -0.00552148325368762 0.034299515187740326
v -0.02174333482980728 -0.004794732201844454 0.03176693618297577
v -0.021723655983805656 -0.004876338876783848 0.0343155562877655
v -0.022069640457630157 -0.006961118429899216 0.03561128303408623
v -0.021588262170553207 -0.006714050192385912 0.035614773631095886
v 0.010537407360970974 -0.018769903108477592 0.03107018582522869
v 0.010557087138295174 -0.01885151118040085 0.033618804067373276
v 0.01027768012136221 -0.017929619178175926 0.031099097803235054
v 0.010297359898686409 -0.018011225387454033 0.03364771604537964
v 0.009632371366024017 -0.017331816256046295 0.031123220920562744
v 0.009652051143348217 -0.01741342432796955 0.03367184102535248
v 0.008774393238127232 -0.017136676236987114 0.03113609552383423
v 0.008794073015451431 -0.01721828244626522 0.03368471562862396
v 0.00793363805860281 -0.017396485432982445 0.031134268268942833
v 0.00795331783592701 -0.0174780935049057 0.03368288651108742
v 0.0073353867046535015 -0.01804162934422493 0.031118230894207954
v 0.007355066481977701 -0.018123237416148186 0.03366684913635254
v 0.0071399398148059845 -0.01889924332499504 0.03109227865934372
v 0.007159619592130184 -0.018980849534273148 0.03364089876413345
v 0.007399667985737324 -0.019739534705877304 0.031063366681337357
v 0.007419347297400236 -0.01982114091515541 0.03361198678612709
v 0.008044975809752941 -0.020337337628006935 0.031039241701364517
v 0.00806465558707714 -0.020418943837285042 0.03358786180615425
v 0.008902954868972301 -0.020532477647066116 0.031026368960738182
v 0.008922634646296501 -0.020614083856344223 0.03357498720288277
v 0.009743709117174149 -0.020272668451070786 0.031028196215629578
v 0.009763388894498348 -0.020354274660348892 0.03357681632041931
v 0.010341960936784744 -0.01962752267718315 0.031044233590364456
v 0.010361640714108944 -0.019709130749106407 0.03359285369515419
v 0.011704723350703716 -0.01781272143125534 0.035003017634153366
v 0.011457669548690319 -0.017331605777144432 0.03501962870359421
v 0.025385281071066856 0.013303572311997414 0.031982529908418655
v 0.02540495991706848 0.013221965171396732 0.03453115001320839
v 0.025125551968812943 0.014143863692879677 0.03201144188642502
v 0.025145232677459717 0.014062256552278996 0.03456006199121475
v 0.024480244144797325 0.014741666615009308 0.03203556686639786
v 0.0244999248534441 0.014660059474408627 0.03458418697118759
v 0.023622265085577965 0.014936799183487892 0.032048437744379044
v 0.02364194579422474 0.01485519204288721 0.03459705784916878
v 0.022781509906053543 0.014676997438073158 0.0320466123521328
v 0.022801190614700317 0.014595390297472477 0.03459523245692253
v 0.022183259949088097 0.014031852595508099 0.03203057497739792
v 0.02220293879508972 0.013950246386229992 0.03457919508218765
v 0.021987812593579292 0.01317423302680254 0.032004620879888535
v 0.022007493302226067 0.013092625886201859 0.03455324098467827
v 0.022247541695833206 0.012333955615758896 0.03197571262717247
v 0.02226722054183483 0.012252348475158215 0.034524332731962204
v 0.022892847657203674 0.01173615362495184 0.03195158764719963
v 0.02291252836585045 0.011654546484351158 0.034500207751989365
v 0.023750826716423035 0.011541005223989487 0.031938713043928146
v 0.02377050742506981 0.011459398083388805 0.03448733314871788
v 0.024591583758592606 0.011800822801887989 0.03194053843617439
v 0.02461126260459423 0.011719215661287308 0.03448915854096413
v 0.025189833715558052 0.012445966713130474 0.03195657953619957
v 0.025209512561559677 0.012364359572529793 0.034505199640989304
v 0.02256990224123001 0.015948036685585976 0.036000143736600876
v 0.022088512778282166 0.015701014548540115 0.0359952449798584
v -0.012121083214879036 0.02535424381494522 0.03265800699591637
v -0.012101403437554836 0.025272637605667114 0.0352066271007061
v -0.012380811385810375 0.026194535195827484 0.03268691897392273
v -0.012361131608486176 0.026112928986549377 0.03523553907871246
v -0.013026119209825993 0.026792338117957115 0.03271104395389557
v -0.013006439432501793 0.02671073190867901 0.0352596640586853
v -0.013884098269045353 0.0269874706864357 0.032723914831876755
v -0.013864418491721153 0.026905864477157593 0.03527253493666649
v -0.0147248525172472 0.026727668941020966 0.03272208943963051
v -0.014705172739923 0.02664606273174286 0.03527070954442024
v -0.015323104336857796 0.02608252502977848 0.03270605206489563
v -0.015303424559533596 0.026000918820500374 0.035254672169685364
v -0.015518550761044025 0.025224905461072922 0.032680097967386246
v -0.015498870983719826 0.025143297389149666 0.03522871807217598
v -0.01525882352143526 0.024384627118706703 0.03265118971467018
v -0.015239143744111061 0.024303020909428596 0.035199809819459915
v -0.014613514766097069 0.02378682605922222 0.03262706473469734
v -0.014593834988772869 0.023705217987298965 0.035175684839487076
v -0.013755535706877708 0.023591676726937294 0.03261419013142586
v -0.013735855929553509 0.023510070517659187 0.03516281023621559
v -0.012914781458675861 0.02385149523615837 0.032616015523672104
v -0.012895101681351662 0.023769887164235115 0.03516463562846184
v -0.01231653057038784 0.024496639147400856 0.03263205662369728
v -0.01229685079306364 0.0244150310754776 0.035180676728487015
v -0.018765775486826897 -0.00935488473623991 0.03159792721271515
v -0.018746094778180122 -0.009436491876840591 0.03414654731750488
v -0.01902550272643566 -0.00851459987461567 0.03162683919072151
v -0.019005823880434036 -0.00859620701521635 0.034175459295511246
v -0.019670812413096428 -0.007916797883808613 0.03165096044540405
v -0.019651131704449654 -0.00799840409308672 0.03419958055019379
v -0.02052879147231579 -0.007721656933426857 0.03166383504867554
v -0.020509110763669014 -0.007803264074027538 0.03421245515346527
v -0.02136954478919506 -0.007981467060744762 0.03166200965642929
v -0.021349865943193436 -0.008063074201345444 0.034210629761219025
v -0.021967794746160507 -0.008626610971987247 0.03164597228169441
v -0.021948115900158882 -0.008708218112587929 0.034194592386484146
v -0.02216324210166931 -0.009484224021434784 0.03162001818418503
v -0.022143563255667686 -0.00956583023071289 0.03416863828897476
v -0.021903514862060547 -0.01032450795173645 0.031591106206178665
v -0.021883834153413773 -0.010406115092337132 0.0341397263109684
v -0.02125820703804493 -0.010922310873866081 0.031566981226205826
v -0.021238528192043304 -0.011003918014466763 0.03411560133099556
v -0.02040022797882557 -0.011117450892925262 0.03155411034822464
v -0.020380549132823944 -0.011199058033525944 0.034102730453014374
v -0.019559474661946297 -0.010857641696929932 0.031555935740470886
v -0.019539793953299522 -0.010939247906208038 0.03410455584526062
v -0.018961220979690552 -0.010212496854364872 0.031571973115205765
v -0.018941542133688927 -0.010294103994965553 0.0341205932199955
v 0.015958474949002266 -0.015987800434231758 0.031117409467697144
v 0.01597815565764904 -0.016069408506155014 0.03366602957248688
v 0.0156987477093935 -0.015147516503930092 0.031146319583058357
v 0.015718428418040276 -0.015229123644530773 0.03369494155049324
v 0.01505343895405531 -0.014549706131219864 0.031170444563031197
v 0.015073118731379509 -0.014631313271820545 0.03371906653046608
v 0.014195460826158524 -0.014354566112160683 0.03118331916630268
v 0.014215140603482723 -0.01443617232143879 0.033731937408447266
v 0.013354705646634102 -0.014614375308156013 0.031181491911411285
v 0.013374385423958302 -0.014695982448756695 0.03373011201620102
v 0.01275645475834608 -0.01525952760130167 0.031165452674031258
v 0.01277613453567028 -0.015341133810579777 0.03371407464146614
v 0.012561008334159851 -0.016117140650749207 0.031139502301812172
v 0.01258068811148405 -0.016198746860027313 0.03368812054395676
v 0.01282073650509119 -0.016957424581050873 0.03111059032380581
v 0.01284041628241539 -0.01703903079032898 0.033659208565950394
v 0.013466043397784233 -0.017555227503180504 0.03108646534383297
v 0.013485723175108433 -0.01763683371245861 0.03363508731126785
v 0.014324023388326168 -0.017750367522239685 0.031073592603206635
v 0.014343702234327793 -0.017831973731517792 0.03362221270799637
v 0.015164777636528015 -0.017490558326244354 0.03107541985809803
v 0.01518445648252964 -0.01757216453552246 0.033624038100242615
v 0.01576302945613861 -0.01684541255235672 0.03109145723283291
v 0.015782708302140236 -0.016927020624279976 0.03364007547497749
v 0.022603167220950127 0.01872134394943714 0.03217748925089836
v 0.02262284606695175 0.018639737740159035 0.034726109355688095
v 0.022343439981341362 0.01956162229180336 0.032206401228904724
v 0.022363118827342987 0.019480014219880104 0.03475502133369446
v 0.021698132157325745 0.020159423351287842 0.032230526208877563
v 0.02171781100332737 0.020077817142009735 0.0347791463136673
v 0.020840153098106384 0.02035457268357277 0.03224340081214905
v 0.02085983380675316 0.020272964611649513 0.03479202091693878
v 0.019999399781227112 0.020094754174351692 0.0322415716946125
v 0.020019078627228737 0.020013147965073586 0.03479019179940224
v 0.019401146098971367 0.019449610263109207 0.032225534319877625
v 0.01942082680761814 0.0193680040538311 0.03477415442466736
v 0.019205698743462563 0.018592005595564842 0.03219958394765854
v 0.019225379452109337 0.018510399386286736 0.03474820405244827
v 0.019465427845716476 0.01775171421468258 0.032170671969652176
v 0.0194851066917181 0.017670106142759323 0.03471929207444191
v 0.020110737532377243 0.017153911292552948 0.03214654698967934
v 0.020130416378378868 0.017072303220629692 0.03469516709446907
v 0.020968714728951454 0.016958778724074364 0.03213367238640785
v 0.02098839543759823 0.016877170652151108 0.034682292491197586
v 0.021809469908475876 0.017218580469489098 0.0321355015039444
v 0.0218291487544775 0.01713697426021099 0.03468412160873413
v 0.022407719865441322 0.017863724380731583 0.032151538878679276
v 0.022427400574088097 0.017782118171453476 0.03470015898346901
v -0.013516455888748169 -0.02372138202190399 -0.03416299447417259
v -0.013390186242759228 -0.023469487205147743 -0.03443105146288872
v -0.0130419647321105 -0.024160943925380707 -0.03418073058128357
v -0.012811306864023209 -0.02400575391948223 -0.03445269539952278
v -0.012850988656282425 -0.02477880008518696 -0.03420199081301689
v -0.012578316032886505 -0.02475953847169876 -0.03447863087058067
v -0.01299469918012619 -0.0254093948751688 -0.03422107174992561
v -0.012753643095493317 -0.025528864935040474 -0.03450191020965576
v -0.013434589840471745 -0.025883767753839493 -0.034232866019010544
v -0.013290309347212315 -0.026107599958777428 -0.03451629728078842
v -0.014052791520953178 -0.02607480250298977 -0.03423421084880829
v -0.014044515788555145 -0.02634066343307495 -0.034517936408519745
v -0.014683659188449383 -0.02593131922185421 -0.0342247448861599
v -0.014814173802733421 -0.026165612041950226 -0.03450638800859451
v -0.015158149413764477 -0.025491757318377495 -0.03420700505375862
v -0.015393052250146866 -0.025629345327615738 -0.03448474779725075
v -0.015349125489592552 -0.024873903021216393 -0.0341857448220253
v -0.01562604308128357 -0.024875562638044357 -0.034458812326192856
v -0.015205414034426212 -0.024243304505944252 -0.03416666388511658
v -0.015450716018676758 -0.024106234312057495 -0.03443552926182747
v -0.014765525236725807 -0.02376893348991871 -0.03415486961603165
v -0.014914050698280334 -0.02352749928832054 -0.03442114219069481
v -0.014147322624921799 -0.023577898740768433 -0.0341535285115242
v -0.01415984332561493 -0.023294435814023018 -0.034419503062963486
v -0.01409928034991026 -0.02377711422741413 -0.027931902557611465
v -0.013468414545059204 -0.02392059937119484 -0.027941368520259857
v -0.012993923388421535 -0.024360161274671555 -0.027959106490015984
v -0.012802946381270885 -0.024978017434477806 -0.027980364859104156
v -0.012946657836437225 -0.025608612224459648 -0.027999447658658028
v -0.01338654849678278 -0.02608298510313034 -0.02801124006509781
v -0.014004750177264214 -0.026274019852280617 -0.028012583032250404
v -0.014635616913437843 -0.02613053470849991 -0.028003118932247162
v -0.015110107138752937 -0.025690972805023193 -0.027985379099845886
v -0.015301084145903587 -0.02507311850786209 -0.027964120730757713
v -0.015157372690737247 -0.0244425218552351 -0.02794503979384899
v -0.014717482961714268 -0.023968150839209557 -0.02793324552476406
v -0.014046219177544117 -0.0250496044754982 -0.027221575379371643
v -0.0126873217523098 -0.02556384727358818 -0.03450354188680649
v -0.0132503816857934 -0.026171039789915085 -0.034518636763095856
v -0.014041679911315441 -0.026415567845106125 -0.034520357847213745
v -0.01484918873757124 -0.026231905445456505 -0.03450823947787285
v -0.015456538647413254 -0.025669269263744354 -0.03448553383350372
v -0.015700986608862877 -0.02487841621041298 -0.03445832431316376
v -0.01551703829318285 -0.02407125197350979 -0.03443389758467674
v -0.014953977428376675 -0.023464052006602287 -0.034418802708387375
v -0.014162679202854633 -0.023219531401991844 -0.034417085349559784
v -0.013355170376598835 -0.023403186351060867 -0.03442919999361038
v -0.012747821398079395 -0.023965829983353615 -0.03445190563797951
v -0.012503371573984623 -0.02475668489933014 -0.03447911888360977
v 0.017166344448924065 -0.022864526137709618 -0.034647632390260696
v 0.017229830846190453 -0.022824602201581 -0.03464684262871742
v 0.017399337142705917 -0.023618310689926147 -0.03467356786131859
v 0.017474280670285225 -0.023615457117557526 -0.03467405214905739
v 0.017224008217453957 -0.02438763901591301 -0.03469684720039368
v 0.017290331423282623 -0.024422619491815567 -0.0346984788775444
v 0.016687342897057533 -0.024966372177004814 -0.03471123427152634
v 0.0167272686958313 -0.02502981200814247 -0.03471357375383377
v 0.015933135524392128 -0.025199435651302338 -0.03471287339925766
v 0.015935970470309258 -0.02527434006333351 -0.03471529483795166
v 0.015163478441536427 -0.025024384260177612 -0.03470132499933243
v 0.015128462575376034 -0.02509067766368389 -0.034703176468610764
v 0.014584599062800407 -0.024488119408488274 -0.03467968478798866
v 0.014521113596856594 -0.02452804148197174 -0.03468047082424164
v 0.014351608231663704 -0.023734336718916893 -0.03465374931693077
v 0.014276663772761822 -0.023737188428640366 -0.03465326130390167
v 0.014526935294270515 -0.02296500653028488 -0.034630466252565384
v 0.014460613951086998 -0.022930024191737175 -0.03462883457541466
v 0.015063601545989513 -0.022386273369193077 -0.034616079181432724
v 0.015023673884570599 -0.022322826087474823 -0.03461373969912529
v 0.015817807987332344 -0.022153209894895554 -0.0346144400537014
v 0.015814971178770065 -0.02207830362021923 -0.0346120223402977
v 0.01658746600151062 -0.02232825942337513 -0.03462598845362663
v 0.016622480005025864 -0.022261960431933403 -0.0346241369843483
v 0.016461195424199104 -0.022580154240131378 -0.03435793146491051
v 0.0169356856495142 -0.023019718006253242 -0.034375667572021484
v 0.01712666265666485 -0.023637572303414345 -0.034396927803754807
v 0.016982952132821083 -0.024268168956041336 -0.03441600874066353
v 0.016543062403798103 -0.02474253997206688 -0.03442780300974846
v 0.015924859791994095 -0.024933576583862305 -0.034429144114255905
v 0.015293993055820465 -0.024790091440081596 -0.03441968187689781
v 0.014819501899182796 -0.02435052953660488 -0.034401942044496536
v 0.014628525823354721 -0.02373267523944378 -0.034380681812763214
v 0.014772236347198486 -0.023102078586816788 -0.03436160087585449
v 0.01521212700754404 -0.022627705708146095 -0.03434980660676956
v 0.015830328688025475 -0.02243667095899582 -0.034348465502262115
v 0.01587837003171444 -0.022635888308286667 -0.02812683954834938
v 0.01650923676788807 -0.022779371589422226 -0.028136305510997772
v 0.016983726993203163 -0.02321893349289894 -0.0281540434807539
v 0.017174704000353813 -0.023836789652705193 -0.02817530184984207
v 0.017030993476510048 -0.024467386305332184 -0.028194384649395943
v 0.016591103747487068 -0.024941757321357727 -0.028206177055835724
v 0.01597290113568306 -0.025132792070508003 -0.02820752002298832
v 0.01534203439950943 -0.024989308789372444 -0.028198054060339928
v 0.014867543242871761 -0.02454974688589573 -0.0281803160905838
v 0.014676567167043686 -0.023931892588734627 -0.02815905772149563
v 0.014820278622210026 -0.023301294073462486 -0.028139974921941757
v 0.015260168351233006 -0.022826923057436943 -0.028128182515501976
v 0.01593143120408058 -0.023908376693725586 -0.027416512370109558
v -0.01943027973175049 -0.01689603365957737 -0.037975993007421494
v -0.0194318238645792 -0.016889633610844612 -0.03817588463425636
v 0.020539920777082443 -0.015374398790299892 -0.03823590651154518
v 0.02053837850689888 -0.01536799781024456 -0.03843579813838005
v 0.01859907992184162 -0.016320692375302315 -0.03444916009902954
v 0.018590334802865982 -0.01608973555266857 -0.03444169834256172
v 0.01921658031642437 -0.01580076292157173 -0.034437280148267746
v -0.018683111295104027 -0.016720261424779892 -0.03417407348752022
v -0.01741265133023262 -0.01667189598083496 -0.03418233245611191
v -0.01804538071155548 -0.017206644639372826 -0.034194570034742355
v -0.017374102026224136 -0.01769016496837139 -0.03421523794531822
v -0.015564420260488987 0.024417923763394356 -0.026377379894256592
v -0.014156266115605831 0.027245886623859406 -0.02629770152270794
v -0.01250061672180891 0.02671392634510994 -0.026327520608901978
v -0.0071620941162109375 0.02971460111439228 -0.026272660121321678
v -0.005859384313225746 0.02939857915043831 -0.026292840018868446
v -0.006433525122702122 0.02655932493507862 -0.02637931890785694
v -0.008978764526546001 0.029903000220656395 -0.02625260129570961
v -0.009345325641334057 0.031602222472429276 -0.026195360347628593
v -0.008757060393691063 0.03178348019719124 -0.026194099336862564
v -0.015061993151903152 0.02566034160554409 -0.026341477409005165
v -0.01515111606568098 0.026997312903404236 -0.026297979056835175
v -0.015323789790272713 0.0285340528935194 -0.02624743990600109
v -0.0016394193517044187 0.02744864858686924 -0.026387860998511314
v -0.004548894707113504 0.029681317508220673 -0.026293905451893806
v -0.0010294311214238405 0.027480753138661385 -0.026391543447971344
v -0.01601322740316391 0.030609237030148506 -0.026175668463110924
v -0.015523313544690609 0.03112551011145115 -0.026162920519709587
v -0.016321131959557533 0.02979087084531784 -0.026199495419859886
v -0.015690350905060768 0.030233290046453476 -0.026190198957920074
v -0.01625019684433937 0.028919516131281853 -0.02622794359922409
v -0.01581399329006672 0.028161849826574326 -0.026255572214722633
v -0.011335418559610844 0.03327475115656853 -0.02612643875181675
v -0.010630239732563496 0.03337181359529495 -0.026128776371479034
v -0.010512849316000938 0.032890405505895615 -0.026145098730921745
v -0.009785585105419159 0.033144932240247726 -0.026142563670873642
v -0.009118670597672462 0.0325794443488121 -0.02616582065820694
v -0.01655806228518486 0.023518173024058342 -0.026398517191410065
v -0.014778867363929749 0.02164377085864544 -0.026472274214029312
v -0.017844488844275475 0.023140771314501762 -0.026400668546557426
v -0.01682073250412941 0.0193766001611948 -0.02652910351753235
v -0.019166791811585426 0.023361092433333397 -0.026383403688669205
v 0.0008176309056580067 0.03547300398349762 -0.026149893179535866
v 1.264479124074569e-05 0.035335272550582886 -0.02614808827638626
v -0.0009921404998749495 0.03548180311918259 -0.0261356383562088
v -0.0006702240207232535 0.0348874107003212 -0.026157155632972717
v -0.0018403655849397182 0.03526821732521057 -0.026135927066206932
v -0.001117110950872302 0.034204091876745224 -0.02617558464407921
v -0.0012535001151263714 0.033399246633052826 -0.026200303807854652
v -0.0028908299282193184 0.03392309695482254 -0.026170887053012848
v -0.0025163625832647085 0.034713264554739 -0.0261484757065773
v -0.02026090770959854 0.024135131388902664 -0.026350170373916626
v -0.02150082401931286 0.023008253425359726 -0.02637667953968048
v -0.02097228541970253 0.024643631651997566 -0.026328396052122116
v -0.021832816302776337 0.02479999139904976 -0.026316743344068527
v -0.022234508767724037 0.023366564884781837 -0.026359541341662407
v -0.022677907720208168 0.024574318900704384 -0.026317443698644638
v -0.023050401359796524 0.023401828482747078 -0.026352111250162125
v -0.023345906287431717 0.02400977350771427 -0.026330363005399704
v -0.02381245233118534 0.023108163848519325 -0.026355629786849022
v -0.02439359575510025 0.022534526884555817 -0.02636951021850109
v -0.010893487371504307 0.024588946253061295 -0.02640797197818756
v -0.010800471529364586 0.027080727741122246 -0.026328902691602707
v -0.00951138511300087 0.0282480176538229 -0.02630148082971573
v -0.008196868002414703 0.030566254630684853 -0.026237400248646736
v -0.0034923332277685404 0.030506350100040436 -0.026275645941495895
v -0.0029006972908973694 0.03170889616012573 -0.026241708546876907
v -0.002892139833420515 0.0330488421022892 -0.026198869571089745
v 0.02180633135139942 0.02159329690039158 -0.026756390929222107
v 0.020517244935035706 0.02042602002620697 -0.026783814653754234
v 0.02026880346238613 0.021420329809188843 -0.02675005793571472
v 0.019984625279903412 0.018771037459373474 -0.026832694187760353
v 0.017688274383544922 0.021832797676324844 -0.0267169252038002
v 0.01893116533756256 0.021330924704670906 -0.026742592453956604
v 0.023882688954472542 0.0222829207777977 -0.026750342920422554
v 0.024399079382419586 0.021793363615870476 -0.026770006865262985
v 0.02306399866938591 0.02259046770632267 -0.02673417329788208
v 0.02350647747516632 0.021960098296403885 -0.026757774874567986
v 0.022192202508449554 0.022519363090395927 -0.02672971785068512
v 0.021434057503938675 0.022083168849349022 -0.02673783153295517
v 0.023174360394477844 0.015251673758029938 -0.026970013976097107
v 0.024874502792954445 0.015618475154042244 -0.026971397921442986
v 0.02505570277571678 0.01503054704517126 -0.026991622522473335
v 0.016411067917943 0.024111447855830193 -0.02663409896194935
v 0.016788333654403687 0.022825732827186584 -0.026678182184696198
v 0.012644827365875244 0.023087263107299805 -0.026637813076376915
v 0.026548322290182114 0.017608026042580605 -0.026920616626739502
v 0.02664525806903839 0.016903216019272804 -0.026943933218717575
v 0.02616359107196331 0.016785750165581703 -0.026943976059556007
v 0.026418065652251244 0.01605890318751335 -0.026969214901328087
v 0.025852130725979805 0.01539217121899128 -0.026986192911863327
v 0.016279390081763268 0.027765994891524315 -0.026516065001487732
v 0.016638055443763733 0.028499402105808258 -0.026495350524783134
v 0.01807207614183426 0.028098268434405327 -0.02651926688849926
v 0.01573258265852928 0.020142195746302605 -0.026755956932902336
v 0.018447330221533775 0.016094742342829704 -0.026906518265604973
v 0.020351184532046318 0.0170718003064394 -0.02688993513584137
v 0.020154887810349464 0.01153038814663887 -0.027065854519605637
v 0.021518709138035774 0.015783634036779404 -0.026940196752548218
v 0.023837750777602196 0.014470313675701618 -0.02700015716254711
v 0.02298542484641075 0.013435828499495983 -0.027026699855923653
v 0.022668935358524323 0.012133672833442688 -0.027065951377153397
v 0.020748984068632126 0.007305579725652933 -0.02720572054386139
v 0.022951483726501465 0.010823888704180717 -0.02711007185280323
v 0.017846502363681793 0.028942886739969254 -0.026490481570363045
v 0.016673533245921135 0.029314909130334854 -0.026469511911273003
v 0.017281848937273026 0.029610425233840942 -0.02646474540233612
v 0.016379909589886665 0.03007652796804905 -0.026442857459187508
v 0.01580614224076271 0.030657246708869934 -0.026419831439852715
v 0.01791541650891304 0.02723810076713562 -0.026545600965619087
v 0.017406495288014412 0.02652694843709469 -0.02656444162130356
v 0.01663181558251381 0.025433164089918137 -0.026593482121825218
v 0.028744639828801155 0.0054613808169960976 -0.027326513081789017
v 0.028607040643692017 0.006265946663916111 -0.027299687266349792
v 0.028753889724612236 0.007270281668752432 -0.0272686630487442
v 0.02815912663936615 0.006948370952159166 -0.027274377644062042
v 0.028540410101413727 0.008118042722344398 -0.02723986841738224
v 0.027475586161017418 0.007394878659397364 -0.027254803106188774
v 0.026670394465327263 0.007531003560870886 -0.02724422700703144
v 0.02719488926231861 0.009167672134935856 -0.027195870876312256
v 0.027985354885458946 0.00879357848316431 -0.02721395157277584
v 0.023776646703481674 0.009768041782081127 -0.02715025097131729
v 0.024979637935757637 0.009176982566714287 -0.027178466320037842
v 0.026320213451981544 0.009168765507638454 -0.02718908153474331
v -0.027399323880672455 -0.00022296616225503385 -0.02707499824464321
v -0.02696615271270275 -0.00036297712358646095 -0.02708282507956028
v -0.026659933850169182 -0.0006996602169238031 -0.027095971629023552
v -0.026214705780148506 -0.0006044115871191025 -0.027096359059214592
v -0.025781050324440002 -0.0007429136894643307 -0.027104143053293228
v -0.02544306218624115 -0.00043793205986730754 -0.027096986770629883
v -0.024998169392347336 -0.00034113123547285795 -0.027097322046756744
v -0.024857984855771065 9.185875387629494e-05 -0.02708454057574272
v -0.02452106401324272 0.00039801441016606987 -0.027077339589595795
v -0.024616245180368423 0.0008430070010945201 -0.02706235647201538
v -0.024477573111653328 0.001276483410038054 -0.02704954706132412
v -0.024782616645097733 0.0016142323147505522 -0.027036376297473907
v -0.024879349395632744 0.002058889949694276 -0.027021391317248344
v -0.025312520563602448 0.0021989010274410248 -0.027013562619686127
v -0.025618739426136017 0.0025355841498821974 -0.027000417932868004
v -0.026063967496156693 0.002440335461869836 -0.027000030502676964
v -0.026497622951865196 0.002578837564215064 -0.026992246508598328
v -0.0268356092274189 0.0022738559637218714 -0.026999402791261673
v -0.027280503883957863 0.0021770624443888664 -0.026999065652489662
v -0.027420688420534134 0.0017440650844946504 -0.027011848986148834
v -0.027757609263062477 0.001437909435480833 -0.02701904997229576
v -0.027662428095936775 0.0009929168736562133 -0.027034033089876175
v -0.02780110016465187 0.0005594404065050185 -0.027046842500567436
v -0.027496056631207466 0.0002216915600001812 -0.02706001326441765
v -0.01636238768696785 0.02649233117699623 -0.02630479633808136
v -0.016667433083057404 0.02683008648455143 -0.026291625574231148
v -0.016764163970947266 0.027274737134575844 -0.026276640594005585
v -0.01719733513891697 0.027414755895733833 -0.026268813759088516
v -0.01750355400145054 0.027751438319683075 -0.026255667209625244
v -0.017948782071471214 0.027656182646751404 -0.026255279779434204
v -0.018382439389824867 0.027794692665338516 -0.026247495785355568
v -0.01872042566537857 0.02748970314860344 -0.026254652068018913
v -0.019165318459272385 0.027392908930778503 -0.02625431679189205
v -0.019305502995848656 0.026959912851452827 -0.026267098262906075
v -0.019642423838377 0.026653757318854332 -0.026274299249053
v -0.019547242671251297 0.02620876394212246 -0.026289284229278564
v -0.019685914739966393 0.025775287300348282 -0.026302093639969826
v -0.019380871206521988 0.025437546893954277 -0.02631526254117489
v -0.019284138455986977 0.02499288134276867 -0.02633024752140045
v -0.018850967288017273 0.024852877482771873 -0.02633807621896267
v -0.018544748425483704 0.024516195058822632 -0.026351220905780792
v -0.018099520355463028 0.02461143583059311 -0.026351608335971832
v -0.017665864899754524 0.02447294071316719 -0.02635939233005047
v -0.01732787862420082 0.024777915328741074 -0.026352236047387123
v -0.016882983967661858 0.02487470768392086 -0.026352573186159134
v -0.016742799431085587 0.025307705625891685 -0.026339789852499962
v -0.016405878588557243 0.02561386115849018 -0.026332588866353035
v -0.016501059755682945 0.026058854535222054 -0.02631760574877262
v 0.017787320539355278 0.02481171116232872 -0.026622304692864418
v 0.01788250170648098 0.024366717785596848 -0.026637287810444832
v 0.017743829637765884 0.02393324300646782 -0.026650097221136093
v 0.01804887317121029 0.02359548583626747 -0.026663267984986305
v 0.0181456059217453 0.023150835186243057 -0.02667825296521187
v 0.018578775227069855 0.02301083132624626 -0.026686079800128937
v 0.018884995952248573 0.02267415076494217 -0.02669922448694706
v 0.01933022402226925 0.022769391536712646 -0.02669961377978325
v 0.019763877615332603 0.022630896419286728 -0.026707395911216736
v 0.020101865753531456 0.02293586917221546 -0.02670024149119854
v 0.02054676041007042 0.023032663390040398 -0.0267005767673254
v 0.02068694494664669 0.023465661332011223 -0.02668779529631138
v 0.021023865789175034 0.02377181686460972 -0.02668059431016445
v 0.02092868462204933 0.02421680837869644 -0.02666560932993889
v 0.021067356690764427 0.02465028502047062 -0.026652799919247627
v 0.020762313157320023 0.024988042190670967 -0.026639631018042564
v 0.02066558040678501 0.025432690978050232 -0.026624646037817
v 0.020232409238815308 0.025572694838047028 -0.026616817340254784
v 0.01992619037628174 0.02590937912464142 -0.02660367265343666
v 0.019480962306261063 0.025814136490225792 -0.02660328522324562
v 0.01904730685055256 0.02595263160765171 -0.026595501229166985
v 0.018709318712353706 0.025647656992077827 -0.02660265751183033
v 0.018264425918459892 0.02555086463689804 -0.02660232037305832
v 0.01812424138188362 0.025117866694927216 -0.026615101844072342
v 0.016293419525027275 -0.014261304400861263 -0.027861889451742172
v 0.01672659069299698 -0.014401315711438656 -0.02786971814930439
v 0.017032809555530548 -0.014737999066710472 -0.027882862836122513
v 0.017478037625551224 -0.014642749913036823 -0.027883250266313553
v 0.017911694943904877 -0.014781252481043339 -0.02789103426039219
v 0.01824968121945858 -0.014476270414888859 -0.027883877977728844
v 0.018694574013352394 -0.014379477128386497 -0.027884215116500854
v 0.018834758549928665 -0.013946480117738247 -0.027871431782841682
v 0.01917167939245701 -0.013640324585139751 -0.027864230796694756
v 0.019076498225331306 -0.013195331208407879 -0.027849247679114342
v 0.019215170294046402 -0.012761855497956276 -0.02783643826842308
v 0.018910126760601997 -0.0124241067096591 -0.02782326750457287
v 0.018813394010066986 -0.011979448609054089 -0.027808282524347305
v 0.018380222842097282 -0.011839437298476696 -0.027800455689430237
v 0.018074003979563713 -0.011502754874527454 -0.027787309139966965
v 0.017628775909543037 -0.011598003096878529 -0.027786921709775925
v 0.017195120453834534 -0.011459501460194588 -0.02777913771569729
v 0.01685713417828083 -0.011764482595026493 -0.027786293998360634
v 0.016412239521741867 -0.011861283332109451 -0.027785958722233772
v 0.016272054985165596 -0.01229427382349968 -0.027798740193247795
v 0.015935134142637253 -0.012600429356098175 -0.027805941179394722
v 0.016030317172408104 -0.013045421801507473 -0.027820926159620285
v 0.01589164324104786 -0.01347889844328165 -0.027833733707666397
v 0.016196688637137413 -0.013816647231578827 -0.02784690447151661
v -0.01980096846818924 -0.009755956940352917 -0.027438918128609657
v -0.019355740398168564 -0.009660707786679268 -0.027439305558800697
v -0.019049519672989845 -0.009997392073273659 -0.02745245024561882
v -0.01861635036766529 -0.010137403383851051 -0.027460278943181038
v -0.01851961575448513 -0.010582060553133488 -0.0274752639234066
v -0.018214572221040726 -0.010919809341430664 -0.027488434687256813
v -0.01835324615240097 -0.011353285983204842 -0.027501242235302925
v -0.01825806498527527 -0.01179827842861414 -0.027516227215528488
v -0.018594985827803612 -0.012104433961212635 -0.027523428201675415
v -0.018735170364379883 -0.012537424452602863 -0.027536209672689438
v -0.019180061295628548 -0.012634225189685822 -0.027535874396562576
v -0.01951805129647255 -0.012939207255840302 -0.02754303067922592
v -0.019951706752181053 -0.012800704687833786 -0.027535246685147285
v -0.02039693295955658 -0.012895953841507435 -0.027534859254956245
v -0.020703153684735298 -0.012559270486235619 -0.027521712705492973
v -0.021136322990059853 -0.012419259175658226 -0.027513885870575905
v -0.021233057603240013 -0.01197460200637579 -0.027498900890350342
v -0.021538101136684418 -0.011636853218078613 -0.02748573012650013
v -0.021399429067969322 -0.011203376576304436 -0.02747292071580887
v -0.021494610235095024 -0.010758384130895138 -0.027457937598228455
v -0.02115768752992153 -0.010452227666974068 -0.027450736612081528
v -0.02101750485599041 -0.010019230656325817 -0.027437953278422356
v -0.020572610199451447 -0.009922437369823456 -0.027438290417194366
v -0.020234622061252594 -0.009617454372346401 -0.02743113413453102
v -0.007438696920871735 0.03291674330830574 -0.026167992502450943
v -0.007343515753746033 0.03247176483273506 -0.026182975620031357
v -0.0074821882881224155 0.03203827515244484 -0.026195785030722618
v -0.007177144289016724 0.031700532883405685 -0.02620895579457283
v -0.007080411072820425 0.03125588223338127 -0.026223938912153244
v -0.006647241301834583 0.031115863472223282 -0.02623176760971546
v -0.006341021042317152 0.03077918104827404 -0.026244912296533585
v -0.005895793437957764 0.030874421820044518 -0.026245301589369774
v -0.00546213798224926 0.0307359267026186 -0.02625308558344841
v -0.005124151241034269 0.031040916219353676 -0.026245929300785065
v -0.004679257515817881 0.031137710437178612 -0.026246264576911926
v -0.004539073910564184 0.03157070651650429 -0.026233483105897903
v -0.004202152136713266 0.03187686204910278 -0.026226280257105827
v -0.004297333303838968 0.03232184052467346 -0.026211297139525414
v -0.0041586607694625854 0.032755330204963684 -0.026198487728834152
v -0.00446370430290699 0.03309307247400284 -0.02618531882762909
v -0.004560438450425863 0.033537738025188446 -0.026170333847403526
v -0.004993607755750418 0.03367774188518524 -0.02616250514984131
v -0.005299828015267849 0.03401442617177963 -0.026149360463023186
v -0.005745055619627237 0.033919185400009155 -0.026148971170186996
v -0.006178711075335741 0.034057676792144775 -0.02614118903875351
v -0.006516698747873306 0.03375270590186119 -0.026148343458771706
v -0.006961591076105833 0.03365589678287506 -0.026148008182644844
v -0.007101775147020817 0.033222898840904236 -0.026160791516304016
v 0.026026878505945206 0.010434604249894619 -0.02714628353714943
v 0.02636486478149891 0.010739578865468502 -0.027139129117131233
v 0.026809759438037872 0.01083637960255146 -0.027139464393258095
v 0.026949943974614143 0.011269369162619114 -0.027126682922244072
v 0.027286864817142487 0.01157552469521761 -0.027119480073451996
v 0.027191683650016785 0.012020517140626907 -0.027104496955871582
v 0.02733035571873188 0.012454001232981682 -0.02709168754518032
v 0.027025312185287476 0.012791750021278858 -0.02707851678133011
v 0.026928579434752464 0.013236400671303272 -0.027063533663749695
v 0.02649540826678276 0.01337641105055809 -0.027055704966187477
v 0.02618918940424919 0.013713094405829906 -0.027042560279369354
v 0.025743961334228516 0.01361785363405943 -0.027042170986533165
v 0.025310305878520012 0.013756347820162773 -0.027034388855099678
v 0.02497231774032116 0.013451366685330868 -0.027041543275117874
v 0.024527424946427345 0.013354573398828506 -0.027041207998991013
v 0.024387240409851074 0.012921575456857681 -0.027053989470005035
v 0.02405031956732273 0.012615419924259186 -0.02706119231879711
v 0.024145500734448433 0.012170427478849888 -0.027076175436377525
v 0.024006828665733337 0.01173695083707571 -0.027088984847068787
v 0.024311872199177742 0.011399202048778534 -0.02710215374827385
v 0.024408604949712753 0.010954543948173523 -0.027117138728499413
v 0.024841776117682457 0.010814541019499302 -0.02712496742606163
v 0.025147996842861176 0.010477850213646889 -0.027138112112879753
v 0.025593223050236702 0.010573099367320538 -0.027138501405715942
v 0.00649084709584713 -0.020642463117837906 -0.027990521863102913
v 0.006631031632423401 -0.020209474489092827 -0.02797774039208889
v 0.006967952940613031 -0.019903317093849182 -0.027970539405941963
v 0.006872771307826042 -0.01945832557976246 -0.0279555544257164
v 0.007011444307863712 -0.01902484893798828 -0.027942746877670288
v 0.00670640030875802 -0.018687093630433083 -0.027929576113820076
v 0.0066096666269004345 -0.01824244298040867 -0.027914591133594513
v 0.00617649732157588 -0.018102431669831276 -0.027906762436032295
v 0.005870277062058449 -0.017765749245882034 -0.027893617749214172
v 0.0054250494576990604 -0.01786099746823311 -0.027893230319023132
v 0.004991394001990557 -0.017722494900226593 -0.027885446324944496
v 0.004653406795114279 -0.018027476966381073 -0.02789260260760784
v 0.00420851306989789 -0.01812426932156086 -0.02789226546883583
v 0.004068329464644194 -0.018557267263531685 -0.027905048802495003
v 0.003731407690793276 -0.01886342279613018 -0.02791224978864193
v 0.0038265895564109087 -0.019308416172862053 -0.027927232906222343
v 0.0036879165563732386 -0.01974189281463623 -0.027940042316913605
v 0.003992960322648287 -0.020079640671610832 -0.027953213080763817
v 0.004089694004505873 -0.020524298772215843 -0.02796819806098938
v 0.004522863309830427 -0.020664310082793236 -0.02797602489590645
v 0.004829083569347858 -0.021000992506742477 -0.02798917144536972
v 0.005274311173707247 -0.020905744284391403 -0.02798955887556076
v 0.005707967095077038 -0.02104424685239792 -0.027997342869639397
v 0.006045954301953316 -0.02073926478624344 -0.02799018658697605
v -0.0159097108989954 0.02762426622211933 -0.021269336342811584
v -0.01645466685295105 0.027211183682084084 -0.02127835527062416
v -0.015237987972795963 0.027752678841352463 -0.02127041108906269
v -0.016759580001235008 0.026599278673529625 -0.021295594051480293
v -0.014579126611351967 0.02756969816982746 -0.02128135785460472
v -0.016796203330159187 0.026358390226960182 -0.021303024142980576
v -0.014440072700381279 0.027483390644192696 -0.021285194903612137
v -0.01673712767660618 0.025912364944815636 -0.02131776325404644
v -0.01671545021235943 0.025758620351552963 -0.02132285386323929
v -0.016742436215281487 0.02584361843764782 -0.0213199220597744
v 0.01551614236086607 -0.014930869452655315 -0.022874616086483
v 0.016061099246144295 -0.014517777599394321 -0.022865597158670425
v 0.016366010531783104 -0.013905874453485012 -0.022848358377814293
v 0.01634886860847473 -0.013150221668183804 -0.022824030369520187
v 0.016321880742907524 -0.013065214268863201 -0.022821100428700447
v 0.016343560069799423 -0.013218952342867851 -0.022826191037893295
v 0.01404650416225195 -0.014789985492825508 -0.02285875752568245
v 0.016402633860707283 -0.01366498414427042 -0.02284092828631401
v 0.014185558073222637 -0.014876285567879677 -0.022862594574689865
v 0.014844418503344059 -0.015059265308082104 -0.022873541340231895
v -0.001856809831224382 -0.01974562183022499 -0.027897346764802933
v -0.0013110279105603695 -0.018947970122098923 -0.027876021340489388
v -0.000954863557126373 -0.019340937957167625 -0.027891352772712708
v 0.0005213963449932635 -0.02246836945414543 -0.028002893552184105
v -0.002873244695365429 -0.022358909249305725 -0.027973176911473274
v -0.0028485795482993126 -0.022330420091748238 -0.027972454205155373
v -0.014627354219555855 -0.012868991121649742 -0.02757854573428631
v -0.014512068592011929 -0.00888904370367527 -0.027451997622847557
v -0.014122282154858112 -0.013031266629695892 -0.027587642893195152
v -0.010575830936431885 -0.011764014139771461 -0.02757444977760315
v -0.013766118325293064 -0.013424234464764595 -0.02760297618806362
v 0.014591248705983162 -0.012646909803152084 -0.027797052636742592
v 0.014680372551083565 -0.013983880169689655 -0.027840550988912582
v 0.01368552166968584 -0.014232446439564228 -0.027840828523039818
v 0.014853045344352722 -0.015520628541707993 -0.027891092002391815
v -0.0004497921036090702 -0.019503213465213776 -0.02790044993162155
v 6.885313632665202e-05 -0.019391316920518875 -0.027900870889425278
v 0.0013696213718503714 -0.022254783660173416 -0.028002604842185974
v 0.015542483888566494 -0.017595812678337097 -0.027962861582636833
v 0.015052570030093193 -0.018112068995833397 -0.02797560952603817
v 0.015850387513637543 -0.016777439042925835 -0.02793903648853302
v 0.015219607390463352 -0.01721985824406147 -0.027948331087827682
v 0.01577945239841938 -0.015906082466244698 -0.027910586446523666
v 0.015343249775469303 -0.015148409642279148 -0.027882957831025124
v -0.018317246809601784 -0.0159294530749321 -0.02764805033802986
v -0.015589906834065914 -0.014360208995640278 -0.027618862688541412
v -0.017752593383193016 -0.016596993431448936 -0.027673784643411636
v -0.015233741141855717 -0.014753184281289577 -0.02763419598340988
v -0.014930341392755508 -0.01848500594496727 -0.02775603160262108
v -0.014728669077157974 -0.014915459789335728 -0.027643291279673576
v -0.014844303950667381 -0.017672650516033173 -0.027730684727430344
v -0.018159018829464912 -0.008819363079965115 -0.027421606704592705
v -0.01940190978348255 -0.008317481726408005 -0.027395939454436302
v -0.020987989380955696 -0.007412585895508528 -0.027354717254638672
v -0.020739547908306122 -0.008406895212829113 -0.027388472110033035
v -0.022277075797319412 -0.008579862304031849 -0.02738213911652565
v 0.00904064066708088 -0.015234578400850296 -0.027837049216032028
v 0.008508020080626011 -0.016889560967683792 -0.027885930612683296
v 0.007726124022156 -0.017552822828292847 -0.02790112979710102
v -0.0024692765437066555 -0.021648705005645752 -0.027953553944826126
v -0.024353433400392532 -0.009269479662179947 -0.027388187125325203
v -0.024869823828339577 -0.008779929019510746 -0.02736852504312992
v -0.02353474125266075 -0.00957703310996294 -0.027404356747865677
v -0.02397722192108631 -0.008946671150624752 -0.02738075703382492
v -0.022662946954369545 -0.009505920112133026 -0.027408812195062637
v -0.021904800087213516 -0.009069741703569889 -0.027400700375437737
v -0.017678644508123398 -0.00518408278003335 -0.027308912947773933
v -0.020455369725823402 -0.005757603328675032 -0.027305835857987404
v -0.019904850050807 -0.000848869327455759 -0.027152908965945244
v -0.02082192897796631 -0.004058366175740957 -0.027248596772551537
v -0.021989453583955765 -0.0027701924555003643 -0.02719833329319954
v -0.023645102977752686 -0.002238239161670208 -0.02716851606965065
v -0.025345247238874435 -0.002605040557682514 -0.02716713398694992
v -0.025526447221636772 -0.002017104998230934 -0.02714690752327442
v 0.015093675814568996 -0.01140449196100235 -0.027761150151491165
v 0.01202987227588892 -0.013700493611395359 -0.02781101129949093
v 0.01608731970191002 -0.010504740290343761 -0.027740012854337692
v 0.01032972801476717 -0.014067295007407665 -0.02780962735414505
v 0.0005127597250975668 -0.018011996522545815 -0.027860132977366447
v 0.006691350135952234 -0.016701169312000275 -0.02786586992442608
v 0.005388640332967043 -0.016385147348046303 -0.02784569188952446
v 0.004078150726854801 -0.016667883843183517 -0.0278446264564991
v 0.010864674113690853 -0.020261311903595924 -0.028012091293931007
v 0.010159495286643505 -0.020358379930257797 -0.028009753674268723
v 0.010042105801403522 -0.01987697184085846 -0.02799343317747116
v 0.009314840659499168 -0.02013150043785572 -0.027995966374874115
v 0.008874581195414066 -0.01858879067003727 -0.027943169698119164
v 0.008647926151752472 -0.0195660050958395 -0.027972709387540817
v 0.008286315947771072 -0.018770048394799232 -0.027944430708885193
v 0.021030079573392868 -0.00999482162296772 -0.027761852368712425
v 0.021763766184449196 -0.010353133082389832 -0.0277789905667305
v 0.021362073719501495 -0.011786566115915775 -0.02782178670167923
v -0.01423183735460043 -0.015769565477967262 -0.02767447754740715
v -0.01421002484858036 -0.014803562313318253 -0.027643714100122452
v -0.013568056747317314 -0.014576560817658901 -0.027641402557492256
v -0.013816775754094124 -0.014447472058236599 -0.027635348960757256
v -0.012498104944825172 -0.013728155754506588 -0.02762249857187271
v -0.013654295355081558 -0.013942607678472996 -0.027620436623692513
v -0.011184870265424252 -0.013353503309190273 -0.027620641514658928
v -0.01854282058775425 -0.01508482825011015 -0.027619263157248497
v -0.01838616095483303 -0.014224675484001637 -0.02759293094277382
v -0.01570172980427742 -0.013841843232512474 -0.027601400390267372
v -0.017877239733934402 -0.013513516634702682 -0.0275740884244442
v -0.01553924661129713 -0.0133369704708457 -0.02758648991584778
v -0.0171025600284338 -0.012419731356203556 -0.02754504792392254
v -0.015145999379456043 -0.012980888597667217 -0.027578124776482582
v -0.01688181236386299 -0.011098016053438187 -0.02750443108379841
v -0.017259078100323677 -0.009812301024794579 -0.02746034972369671
v -0.027019066736102104 -0.004594591446220875 -0.027217913419008255
v -0.02711600251495838 -0.003889773739501834 -0.027194596827030182
v -0.0266343355178833 -0.0037723241839557886 -0.0271945558488369
v -0.026888808235526085 -0.003045469056814909 -0.02716931700706482
v -0.026322875171899796 -0.002378737088292837 -0.02715233713388443
v 0.0020456183701753616 -0.021699830889701843 -0.027990054339170456
v 0.002420085482299328 -0.020909655839204788 -0.02796764485538006
v 0.0024213953875005245 -0.020035400986671448 -0.027939660474658012
v 0.00046210159780457616 -0.019035225734114647 -0.02789250575006008
v 0.00242995354346931 -0.018695471808314323 -0.02789682149887085
v 0.0006245827535167336 -0.018530361354351044 -0.027877595275640488
v 0.00302158878184855 -0.017492908984422684 -0.02786288410425186
v -0.0003484761982690543 -0.017456745728850365 -0.027835704386234283
v -0.0008671214454807341 -0.017568642273545265 -0.027835281565785408
v -0.0012732420582324266 -0.014457129873335361 -0.027732515707612038
v -0.0012603700160980225 -0.017924731597304344 -0.027843646705150604
v -0.024308495223522186 -0.001456879428587854 -0.027138374745845795
v -0.023456169292330742 -0.0004223936703056097 -0.027111832052469254
v 0.022207163274288177 -0.011560892686247826 -0.02782108634710312
v 0.022579656913876534 -0.010388396680355072 -0.027786418795585632
v 0.022875163704156876 -0.010996340773999691 -0.027808167040348053
v 0.02334170788526535 -0.010094724595546722 -0.027782900258898735
v 0.02392285130918026 -0.009521093219518661 -0.027769019827246666
v 0.00015659525524824858 -0.017619021236896515 -0.027844799682497978
v 0.0035916047636419535 -0.014130085706710815 -0.027759607881307602
v 0.00825013779103756 -0.012690510600805283 -0.02774948440492153
v 0.012451214715838432 -0.0102160032838583 -0.02770269103348255
v 0.017373744398355484 -0.010127338580787182 -0.02773786149919033
v 0.015968356281518936 -0.006839969661086798 -0.02762174792587757
v 0.01634998992085457 -0.006363172549754381 -0.027609428390860558
v -0.0014228512300178409 -0.018429597839713097 -0.027858559042215347
v -0.0017002568347379565 -0.01838964782655239 -0.02785513736307621
v -0.0020747643429785967 -0.017077140510082245 -0.027810219675302505
v -0.023139679804444313 0.0008797613554634154 -0.02707258053123951
v -0.02107067033648491 0.003882892429828644 -0.026992395520210266
v -0.023422228172421455 0.0021895531099289656 -0.027028458192944527
v -0.021219728514552116 0.005707861855626106 -0.026932809501886368
v 0.02050154097378254 -0.011630191467702389 -0.02781013585627079
v 0.01979016326367855 -0.011121691204607487 -0.02778835967183113
v 0.018696047365665436 -0.010347659699618816 -0.027755126357078552
v -0.00982828252017498 -0.01350964605808258 -0.02763611637055874
v -0.006082136649638414 -0.013654005713760853 -0.027669666334986687
v -0.004116731230169535 -0.015344749204814434 -0.02773898094892502
v -0.00292331725358963 -0.016007913276553154 -0.027769429609179497
v -0.029215384274721146 0.007552053313702345 -0.02681201882660389
v -0.029077785089612007 0.0067474874667823315 -0.026838842779397964
v -0.029224632307887077 0.005743152927607298 -0.026869866997003555
v -0.02862987108528614 0.006065063644200563 -0.026864152401685715
v -0.029011154547333717 0.004895391874015331 -0.026898661628365517
v -0.02794633060693741 0.005618562921881676 -0.026883728802204132
v -0.027141138911247253 0.005482438486069441 -0.026894304901361465
v -0.02766563557088375 0.00384576921351254 -0.02694266103208065
v -0.028456099331378937 0.004219856113195419 -0.026924578472971916
v -0.024247391149401665 0.0032454002648591995 -0.026988279074430466
v -0.025450382381677628 0.0038364517968147993 -0.026960063725709915
v -0.026790957897901535 0.003844676073640585 -0.026949448511004448
v 0.00042781775118783116 -0.01858423836529255 -0.024375902488827705
v 0.0004355353012215346 -0.018616240471601486 -0.02337644435465336
v 0.005513912066817284 -0.017961492761969566 -0.023394692689180374
v 0.005594585090875626 -0.017908552661538124 -0.024394163861870766
v 0.010516967624425888 -0.01620904915034771 -0.02337721176445484
v 0.01050924975425005 -0.016177045181393623 -0.02437666989862919
v -0.013990722596645355 -0.014455507509410381 -0.024132365360856056
v -0.013983005657792091 -0.014487509615719318 -0.02313290722668171
v -0.010066500864923 -0.016598794609308243 -0.02323075197637081
v -0.009992794133722782 -0.016601556912064552 -0.02423195168375969
v -0.005578225944191217 -0.018040861934423447 -0.023311585187911987
v -0.005672386847436428 -0.017989689484238625 -0.024309761822223663
v -0.0011641780147328973 -0.01860615983605385 -0.023363769054412842
v -0.0011718955356627703 -0.01857415772974491 -0.02436322718858719
v -0.012457950972020626 -0.01695304550230503 -0.0247244443744421
v -0.012442515231668949 -0.017017051577568054 -0.022725528106093407
v -0.013233435340225697 -0.01691487990319729 -0.024717234075069427
v -0.013218000531196594 -0.016978885978460312 -0.022718317806720734
v -0.013924213126301765 -0.01726938970386982 -0.024723250418901443
v -0.013908777385950089 -0.017333395779132843 -0.02272433415055275
v -0.01434518862515688 -0.017921580001711845 -0.024740884080529213
v -0.014329753816127777 -0.01798558421432972 -0.02274196781218052
v -0.014368128031492233 -0.01876070722937584 -0.022766491398215294
v -0.013361215591430664 -0.019871674478054047 -0.022809838876128197
v -0.013395944610238075 -0.019727662205696106 -0.027307400479912758
v -0.014013618230819702 -0.019451061263680458 -0.022791333496570587
v -0.014048347249627113 -0.019307048991322517 -0.02728889323771
v -0.014261281117796898 -0.01907830871641636 -0.022777484729886055
v -0.014402857050299644 -0.0186166949570179 -0.027264051139354706
v -0.014364482834935188 -0.01784157194197178 -0.02723952755331993
v -0.003875189460813999 -0.01976970210671425 -0.022879822179675102
v -0.003890624502673745 -0.019705696031451225 -0.024878738448023796
v 0.021675197407603264 0.018462281674146652 -0.022353194653987885
v 0.01868775114417076 0.022736014798283577 -0.02219328097999096
v 0.02166748046875 0.01849428378045559 -0.02335265278816223
v 0.018573755398392677 0.022889718413352966 -0.023188021034002304
v -0.010918254032731056 0.02893446385860443 -0.021766196936368942
v -0.010925971902906895 0.028966465964913368 -0.02276565507054329
v -0.005997695028781891 0.030667364597320557 -0.021748704835772514
v -0.005848064552992582 0.030736373737454414 -0.02274819277226925
v -0.005840347148478031 0.030704371631145477 -0.021748734638094902
v -0.0005092149367555976 0.031380023807287216 -0.022768808528780937
v -0.0005984683521091938 0.0313466377556324 -0.021768644452095032
v 0.004843554925173521 0.030867623165249825 -0.0228265468031168
v 0.0048196082934737206 0.030842121690511703 -0.02182663604617119
v 0.009962578304111958 0.029222892597317696 -0.022918740287423134
v 0.009999818168580532 0.02917773462831974 -0.02191993035376072
v 0.01461100485175848 0.026521945372223854 -0.023041117936372757
v 0.014696715399622917 0.02643234096467495 -0.0220441073179245
v 0.01858147233724594 0.02285771630704403 -0.022188562899827957
v -0.012300658039748669 0.028225010260939598 -0.02177823893725872
v -0.016577191650867462 0.02523793652653694 -0.021840862929821014
v -0.012308375909924507 0.028257012367248535 -0.022777697071433067
v -0.016706690192222595 0.025163685902953148 -0.022842783480882645
v -0.022785939276218414 -0.004355315119028091 -0.022740500047802925
v -0.022793658077716827 -0.004323312547057867 -0.023739958181977272
v -0.02451847493648529 0.0005624429322779179 -0.022569654509425163
v -0.02456316538155079 0.0007517081103287637 -0.023563791066408157
v -0.024555448442697525 0.0007197053637355566 -0.02256433293223381
v -0.025205805897712708 0.006087824702262878 -0.0233879666775465
v -0.025196732953190804 0.005958899389952421 -0.02239162102341652
v -0.02469184249639511 0.011438141576945782 -0.023220617324113846
v -0.02469063736498356 0.011374488472938538 -0.02222212217748165
v -0.02304505743086338 0.01655510440468788 -0.023069487884640694
v -0.023024169728159904 0.016552606597542763 -0.022069185972213745
v -0.020341647788882256 0.021201949566602707 -0.022941570729017258
v -0.02027628757059574 0.02124791406095028 -0.021940059959888458
v -0.01669897325336933 0.02513168379664421 -0.021843325346708298
v -0.022084202617406845 -0.005704869050532579 -0.023789672181010246
v -0.022076483815908432 -0.005736871622502804 -0.0227902140468359
v -0.019033394753932953 -0.010074522346258163 -0.022952605038881302
v -0.019100723788142204 -0.009974030777812004 -0.023949408903717995
v -0.015288771130144596 -0.013564072549343109 -0.02309325523674488
v -0.015296489000320435 -0.013532070443034172 -0.024092713370919228
v -0.01891421526670456 -0.003097302047535777 -0.02673228457570076
v -0.019803866744041443 -0.0035538754891604185 -0.02674003317952156
v -0.01767478510737419 -0.005200084298849106 -0.02680918574333191
v -0.018505418673157692 -0.0057567874900996685 -0.026820598170161247
v -0.014508210122585297 -0.008905044756829739 -0.026952270418405533
v -0.01518805231899023 -0.009638174436986446 -0.02697049453854561
v -0.010571972467005253 -0.011780016124248505 -0.027074720710515976
v -0.011064374819397926 -0.012650051154196262 -0.027098778635263443
v -0.0060782781802117825 -0.013670006766915321 -0.027169937267899513
v -0.0063566952012479305 -0.014630047604441643 -0.02719852887094021
v -0.0012693832395598292 -0.01447313092648983 -0.027232786640524864
v -0.001318805618211627 -0.015471410006284714 -0.027264369651675224
v 0.003595463465899229 -0.014146086759865284 -0.027259880676865578
v 0.0037777004763484 -0.015128795057535172 -0.027292754501104355
v 0.008253996260464191 -0.012706511653959751 -0.027249757200479507
v 0.008658068254590034 -0.013620658777654171 -0.027282148599624634
v 0.012455074116587639 -0.010232004337012768 -0.027202961966395378
v 0.01305919699370861 -0.011028318665921688 -0.027233125641942024
v 0.015972213819622993 -0.006855970714241266 -0.027122020721435547
v 0.016743820160627365 -0.007491524331271648 -0.027148328721523285
v 0.018615806475281715 -0.002760412869974971 -0.027011292055249214
v 0.01951329968869686 -0.0032009442802518606 -0.02703232876956463
v 0.020243335515260696 0.0018338721711188555 -0.026876751333475113
v 0.021218329668045044 0.0016121185617521405 -0.026891380548477173
v 0.020767061039805412 0.006679211743175983 -0.0267256461083889
v 0.021766992285847664 0.006688192952424288 -0.02673307992517948
v 0.02015874534845352 0.011514387093484402 -0.026566127315163612
v 0.021129710599780083 0.011753614991903305 -0.02656596340239048
v 0.018451187759637833 0.01607874035835266 -0.02640679106116295
v 0.019340841099619865 0.016535306349396706 -0.026399040594697
v 0.01573644019663334 0.02012619376182556 -0.026256227865815163
v 0.016496820375323296 0.02077549882233143 -0.026241308078169823
v 0.01216085720807314 0.023438559845089912 -0.026122556999325752
v 0.012750969268381596 0.024245595559477806 -0.02610127255320549
v 0.007917196489870548 0.025837263092398643 -0.026012981310486794
v 0.008305231109261513 0.026758521795272827 -0.025986479595303535
v 0.003234238363802433 0.027192983776330948 -0.025933410972356796
v 0.003399273846298456 0.028178799897432327 -0.025903118774294853
v -0.001635560649447143 0.027432646602392197 -0.02588813379406929
v -0.0017024197150021791 0.028429875150322914 -0.025855686515569687
v -0.00642966665327549 0.026543322950601578 -0.025879591703414917
v -0.006724816747009754 0.02749820612370968 -0.025846736505627632
v -0.010889628902077675 0.0245729461312294 -0.025908244773745537
v -0.011397157795727253 0.025434015318751335 -0.02587675303220749
v -0.014775008894503117 0.021627768874168396 -0.025972547009587288
v -0.015467556193470955 0.02234858088195324 -0.025944119319319725
v -0.01787634566426277 0.01786654070019722 -0.0260690338909626
v -0.01871657557785511 0.018408244475722313 -0.02604520134627819
v -0.020026445388793945 0.013492043130099773 -0.026192503049969673
v -0.020969059318304062 0.013825439848005772 -0.026174549013376236
v -0.02110939286649227 0.00874010194092989 -0.026336299255490303
v -0.022103579714894295 0.008847212418913841 -0.02632519230246544
v -0.021066810935735703 0.0038668911438435316 -0.026492668315768242
v -0.022058967500925064 0.0037419458385556936 -0.026489008218050003
v -0.019900992512702942 -0.0008648706716485322 -0.02665318176150322
v -0.020837634801864624 -0.0012151330010965466 -0.026657164096832275
v -0.02122744545340538 0.005739864893257618 -0.027932267636060715
v -0.021120969206094742 0.00878810603171587 -0.027835484594106674
v -0.0010371486423537135 0.02751275524497032 -0.02739100158214569
v 0.0032226620241999626 0.027240987867116928 -0.027432596310973167
v 0.020741265267133713 0.0073375822976231575 -0.028205178678035736
v 0.020755484700202942 0.006727215833961964 -0.02822483330965042
v 0.01263711042702198 0.023119265213608742 -0.027637271210551262
v -0.016828451305627823 0.01940860226750374 -0.027528561651706696
v 0.016342271119356155 -0.006331169977784157 -0.028608886525034904
v 0.020231759175658226 0.0018818761454895139 -0.028375936672091484
v 0.018604230135679245 -0.0027124087791889906 -0.028510479256510735
v -0.020038021728396416 0.013540047220885754 -0.027691690251231194
v -0.017887922003865242 0.0179145447909832 -0.02756822109222412
v 0.007905621081590652 0.025885267183184624 -0.027512168511748314
v 0.012149280868470669 0.023486563935875893 -0.027621742337942123
v -0.014553089626133442 -0.019985033199191093 -0.022804265841841698
v -0.014188436791300774 -0.02149716205894947 0.024420125409960747
v -0.01441394817084074 -0.02137310616672039 0.024425838142633438
v 0.017785226926207542 0.029035748913884163 0.028542792424559593
v 0.01781223900616169 0.02892373874783516 0.03204089403152466
v 0.0196323674172163 0.02749652974307537 0.03198114037513733
v -0.012783382087945938 0.032009225338697433 0.02243643067777157
v -0.008511118590831757 0.035541318356990814 -0.032379090785980225
v -0.010380314663052559 0.03494130074977875 -0.03238387033343315
v -0.013558725826442242 0.031629811972379684 0.02230432629585266
v -0.012059791944921017 0.032329998910427094 0.02280525676906109
v -0.01145611796528101 0.03257143124938011 0.0233615729957819
v -0.010997513309121132 0.0327347032725811 0.024066194891929626
v -0.010716775432229042 0.03281804919242859 0.024850744754076004
v -0.010617218911647797 0.032827503979206085 0.025681784376502037
v -0.008011022582650185 0.03346754238009453 0.03238578513264656
v -0.010703809559345245 0.03276492655277252 0.02651132270693779
v -0.010972591117024422 0.03263135626912117 0.027293803170323372
v -0.011419947259128094 0.03242330998182297 0.027993040159344673
v -0.012015490792691708 0.03214629366993904 0.02854250557720661
v -0.011204197071492672 0.03235863894224167 0.03237493708729744
v -0.012636492028832436 0.03184950724244118 0.028867797926068306
v -0.013481087051331997 0.03130786493420601 0.03235886991024017
v -0.013508099131286144 0.03141987323760986 0.028860770165920258
v -0.016315709799528122 0.02965128980576992 0.032327715307474136
v -0.015973703935742378 0.030180908739566803 0.024022847414016724
v -0.015563983470201492 0.030463268980383873 0.02332576923072338
v -0.018924875184893608 0.030196936801075935 -0.03246980533003807
v -0.015528329648077488 0.030314892530441284 0.0279576163738966
v -0.018424779176712036 0.02812316082417965 0.032295070588588715
v -0.014963975176215172 0.030633127316832542 0.028516821563243866
v -0.014365334995090961 0.0309622623026371 0.028852736577391624
v -0.01621592603623867 0.029995856806635857 0.024803046137094498
v -0.01594877988100052 0.030077561736106873 0.02725045382976532
v -0.01620328240096569 0.029942577704787254 0.026462994515895844
v -0.01629306748509407 0.02991463616490364 0.02563234232366085
v -0.015008277259767056 0.030816834419965744 0.022779570892453194
v -0.01432093046605587 0.031220130622386932 0.022423094138503075
v -0.015697438269853592 0.03242870047688484 -0.032423265278339386
v -0.013981183990836143 0.033381640911102295 -0.032406002283096313
v -0.025144511833786964 -0.011223454028367996 0.022767892107367516
v -0.02540983259677887 -0.010786093771457672 0.022080987691879272
v -0.02378854528069496 -0.011929354630410671 -0.03378113731741905
v -0.02497847191989422 -0.011496653780341148 0.023542115464806557
v -0.025373997166752815 -0.010934515856206417 0.02671283297240734
v -0.025119589641690254 -0.011326801963150501 0.025995498523116112
v -0.02328844927251339 -0.014003130607306957 0.030983740463852882
v -0.024965541437268257 -0.011549979448318481 0.025202058255672455
v -0.02491743490099907 -0.011606743559241295 0.024369418621063232
v -0.025749992579221725 -0.010208776220679283 0.02154887281358242
v -0.026144476607441902 -0.009507408365607262 0.021210292354226112
v -0.026020582765340805 -0.008704031817615032 -0.03366062417626381
v -0.026551108807325363 -0.008740666322410107 0.02111198380589485
v -0.02697356790304184 -0.0069888378493487835 -0.03359834477305412
v -0.028533076867461205 -0.0033900935668498278 -0.03347107395529747
v -0.026933560147881508 -0.007970793172717094 0.021265530958771706
v -0.029132923111319542 -0.0015219455817714334 -0.03340662270784378
v -0.02726316824555397 -0.007262084633111954 0.02165491133928299
v -0.027518000453710556 -0.006680733989924192 0.022228742018342018
v -0.02769831195473671 -0.006250292994081974 0.022946851328015327
v -0.027830302715301514 -0.005934347398579121 0.024573542177677155
v -0.02778789959847927 -0.0060538738034665585 0.025400260463356972
v -0.02863282710313797 -0.003595721907913685 0.031358253210783005
v -0.0278006661683321 -0.006000841502100229 0.023739676922559738
v -0.02767338976264 -0.006353640928864479 0.026174459606409073
v -0.0274824108928442 -0.00682862289249897 0.026860220357775688
v -0.027810461819171906 -0.006065702997148037 0.03127281367778778
v -0.02721886709332466 -0.007445791736245155 0.027392160147428513
v -0.026930103078484535 -0.0080795269459486 0.027699638158082962
v -0.02647347003221512 -0.009062614291906357 0.031166529282927513
v -0.026500482112169266 -0.008950604125857353 0.027668427675962448
v -0.025236276909708977 -0.011242439039051533 0.031087176874279976
v -0.02604285441339016 -0.009807313792407513 0.027637463063001633
v -0.025705691426992416 -0.010392483323812485 0.027286123484373093
v 0.025448381900787354 0.021024761721491814 0.02340981736779213
v 0.025702856481075287 0.02063235640525818 0.022692332044243813
v 0.02322055958211422 0.025346022099256516 -0.032950565218925476
v 0.025294439867138863 0.02124779298901558 0.02420240268111229
v 0.025738554075360298 0.020484160631895065 0.027324184775352478
v 0.025473304092884064 0.020921412855386734 0.026637423783540726
v 0.02372065559029579 0.02327224612236023 0.03181431069970131
v 0.025307144969701767 0.02119480073451996 0.025862356647849083
v 0.02524622716009617 0.02130468748509884 0.02503589540719986
v 0.026034483686089516 0.020090444013476372 0.02211919054389
v 0.02642335183918476 0.019412359222769737 0.021730393171310425
v 0.025452597066760063 0.022120699286460876 -0.03307107836008072
v 0.026828039437532425 0.018653685227036476 0.021576974540948868
v 0.026405582204461098 0.020405514165759087 -0.03313335403800011
v 0.027965091168880463 0.016806770116090775 -0.03326062858104706
v 0.027212433516979218 0.01787574775516987 0.02167503908276558
v 0.0285649374127388 0.014938621781766415 -0.03332507982850075
v 0.02754765935242176 0.017143752425909042 0.02201315388083458
v 0.027811026200652122 0.016526995226740837 0.0225446205586195
v 0.0280021820217371 0.01605159416794777 0.02323085628449917
v 0.028159094974398613 0.015632307156920433 0.024831773713231087
v 0.02812950871884823 0.01569867506623268 0.025665000081062317
v 0.029065033420920372 0.012864845804870129 0.03143979609012604
v 0.028116630390286446 0.015751993283629417 0.02400442771613598
v 0.02802710421383381 0.01594824530184269 0.026458462700247765
v 0.027846960350871086 0.01637829840183258 0.02717607095837593
v 0.028242669999599457 0.015334819443523884 0.03152523562312126
v 0.02759196050465107 0.01696004532277584 0.027750402688980103
v 0.027308287099003792 0.017572661861777306 0.0281022097915411
v 0.02690567821264267 0.0183317381888628 0.03163151815533638
v 0.026878666132688522 0.018443746492266655 0.028133418411016464
v 0.02566848322749138 0.020511562004685402 0.03171087056398392
v 0.026421040296554565 0.01930045522749424 0.02816438488662243
v 0.026078784838318825 0.01990673691034317 0.02785644121468067
v -0.003672577440738678 -0.023289071395993233 -0.0277466531842947
v -0.0038915276527404785 -0.023410560563206673 -0.02299627661705017
v -0.006577056832611561 -0.022809430956840515 -0.0277088675647974
v -0.009383786469697952 -0.022199545055627823 -0.02291508950293064
v -0.009420444257557392 -0.022047532722353935 -0.02766251564025879
v 0.0022583662066608667 -0.025280006229877472 0.030425388365983963
v 0.0003454706456977874 -0.02534976601600647 0.030437925830483437
v 0.002210131613537669 -0.025079989805817604 0.024178776890039444
v 0.0003184592933394015 -0.025237755849957466 0.02693982422351837
v -0.0032500424422323704 -0.02504122070968151 0.026973672211170197
v 0.007993683218955994 -0.022334260866045952 -0.02780616469681263
v 0.012344283051788807 -0.022448349744081497 0.02086280845105648
v 0.011749143712222576 -0.022725163027644157 0.02141178771853447
v 0.011301383376121521 -0.02293340675532818 0.02211151272058487
v 0.008394994772970676 -0.023998403921723366 0.024165652692317963
v 0.005126378033310175 -0.023002130910754204 -0.027805408462882042
v 0.006086686160415411 -0.024559196084737778 0.024165520444512367
v 0.002207454526796937 -0.023385895416140556 -0.027795158326625824
v 0.0026087660808116198 -0.02505003660917282 0.02417665906250477
v -0.0007349762599915266 -0.02348185144364834 -0.027775509282946587
v -0.0035056511405855417 -0.025010695680975914 0.02697662264108658
v 0.011032740585505962 -0.023066898807883263 0.022893359884619713
v 0.01094601396471262 -0.02312956377863884 0.02372380718588829
v 0.009862626902759075 -0.023538732901215553 0.024169038981199265
v 0.010976509191095829 -0.023133529350161552 0.02417341247200966
v 0.015292767435312271 -0.02093517780303955 0.020888492465019226
v 0.014599804766476154 -0.021315189078450203 0.020517591387033463
v 0.018420137465000153 -0.017002005130052567 -0.02713351882994175
v 0.01585700921714306 -0.02061700075864792 0.021447550505399704
v 0.016531893983483315 -0.020244719460606575 0.0229414701461792
v 0.016277572140097618 -0.02037961035966873 0.022154860198497772
v 0.01881277933716774 -0.018628638237714767 0.023674529045820236
v 0.016858717426657677 -0.020076408982276917 0.024225881323218346
v 0.016601108014583588 -0.020246965810656548 0.02422240749001503
v 0.01662185974419117 -0.02021668665111065 0.02377297356724739
v 0.01771635375916958 -0.019476398825645447 0.024133579805493355
v 0.018429331481456757 -0.01893613114953041 0.023885292932391167
v 0.013062254525721073 -0.022104263305664062 0.020504139363765717
v 0.010781757533550262 -0.021388718858361244 -0.027797415852546692
v 0.013835656456649303 -0.021716810762882233 0.02038463205099106
v 0.01346374861896038 -0.020174600183963776 -0.027779249474406242
v 0.01645740680396557 -0.018412267789244652 -0.027745936065912247
v 0.01668512634932995 -0.018258562311530113 -0.027735495939850807
v 0.01753174141049385 -0.017664676532149315 -0.027565058320760727
v 0.01795307733118534 -0.017355507239699364 -0.027396656572818756
v 0.01869535818696022 -0.016788437962532043 -0.026933668181300163
v 0.019633222371339798 -0.01603459008038044 -0.025863589718937874
v 0.020006291568279266 -0.017581617459654808 0.022450722754001617
v 0.019121242687106133 -0.016450578346848488 -0.02654029056429863
v 0.019646255299448967 -0.017913881689310074 0.022950181737542152
v 0.01913723535835743 -0.018358400091528893 0.023443568497896194
v 0.0195685513317585 -0.015766413882374763 -0.0342387892305851
v 0.019854247570037842 -0.015511020086705685 -0.034232817590236664
v 0.02258422039449215 -0.01269291341304779 -0.03416366130113602
v 0.021244823932647705 -0.01674477383494377 0.030552078038454056
v 0.02006864733994007 -0.0178401917219162 0.030526084825396538
v 0.009376093745231628 0.03329281508922577 0.028744036331772804
v 0.01477090921252966 0.030954254791140556 0.02862749807536602
v 0.012551948428153992 0.03381270915269852 -0.03259708359837532
v 0.00890300888568163 0.0352545827627182 -0.032522737979888916
v 0.007015572395175695 0.03579356148838997 -0.03249090537428856
v 0.0036282269284129143 0.034534353762865067 0.028828173875808716
v -0.0027248898986727 0.03659295290708542 -0.03239009529352188
v 5.972553844912909e-05 0.034730881452560425 0.02886202186346054
v 0.0011986785102635622 0.0366566926240921 -0.032418351620435715
v 0.003155142068862915 0.0364961214363575 -0.032438598573207855
v -0.016248483210802078 -0.020256290212273598 0.024110794067382812
v -0.014815260656177998 -0.019708964973688126 -0.027545977383852005
v -0.015493331477046013 -0.02074066735804081 0.024349534884095192
v -0.014591434970498085 -0.021273693069815636 0.024430392310023308
v -0.01700393483042717 -0.01973426714539528 0.023678584024310112
v -0.017551641911268234 -0.01932997815310955 0.023192068561911583
v -0.018033375963568687 -0.018953409045934677 0.022554054856300354
v -0.01805919222533703 -0.018934354186058044 0.022578902542591095
v -0.01811756193637848 -0.018891766667366028 0.022660579532384872
v -0.018315421417355537 -0.017479265108704567 -0.02561681903898716
v -0.017392601817846298 -0.018122565001249313 -0.02665555104613304
v -0.01664416491985321 -0.018615497276186943 -0.02713187225162983
v -0.017932536080479622 -0.017750496044754982 -0.026135778054594994
v -0.01589302532374859 -0.019083235412836075 -0.02741272933781147
v -0.014992746524512768 -0.01960955187678337 -0.027541423216462135
v -0.018184764310717583 -0.018844671547412872 0.022840159013867378
v -0.01821991056203842 -0.01882636733353138 0.023181790485978127
v -0.01920015923678875 -0.018227417021989822 0.030816908925771713
v -0.018161224201321602 -0.019069723784923553 0.03078191541135311
v -0.012175356037914753 -0.021010711789131165 -0.02760804444551468
v -0.029959972947835922 0.0023119256366044283 -0.0332774743437767
v -0.02934269979596138 -0.0004911603173241019 0.0314631424844265
v -0.03018363192677498 0.0042612324468791485 -0.033213332295417786
v -0.029683535918593407 0.002187456237152219 0.031551543623209
v -0.030246438458561897 0.008182890713214874 -0.03308727592229843
v -0.02977602183818817 0.0052739460952579975 0.0316510871052742
v -0.030085312202572823 0.010138447396457195 -0.03302590176463127
v -0.02958521619439125 0.00806467141956091 0.031738974153995514
v -0.029381461441516876 0.01399719063192606 -0.03290778025984764
v -0.02909432165324688 0.011015273630619049 0.03182966262102127
v -0.028841746971011162 0.01588384620845318 -0.03285153582692146
v -0.02834165096282959 0.013810070231556892 0.03191334009170532
v -0.027398288249969482 0.01953139156103134 -0.03274588659405708
v -0.027322940528392792 0.016519399359822273 0.03199222683906555
v -0.026500722393393517 0.02127663791179657 -0.032696936279535294
v -0.026000626385211945 0.019202860072255135 0.03206793963909149
v -0.02437312714755535 0.024572793394327164 -0.03260781988501549
v -0.02452773042023182 0.021581660956144333 0.03213273733854294
v -0.02315220609307289 0.026109587401151657 -0.03256804123520851
v -0.02265211008489132 0.02403581142425537 0.032196834683418274
v -0.020422233268618584 0.02892768755555153 -0.032498884946107864
v -0.020812615752220154 0.02601388841867447 0.03224597126245499
v -0.004675193689763546 0.03636891767382622 -0.03238220885396004
v -0.005668110214173794 0.03403528034687042 0.032385874539613724
v -0.002224793890491128 0.034519173204898834 0.032374780625104904
v 8.67368871695362e-05 0.03461887314915657 0.03236012160778046
v 0.022148044779896736 0.0250980406999588 0.03188491240143776
v 0.021951060742139816 0.026842348277568817 -0.032892853021621704
v 0.01913226954638958 0.029570307582616806 -0.032783735543489456
v 0.017595045268535614 0.030790267512202263 -0.032732803374528885
v 0.01429782435297966 0.03291602060198784 -0.0326392762362957
v 0.02939198724925518 0.011104750446975231 -0.033454228192567825
v 0.02977490797638893 0.009760276414453983 0.031334906816482544
v 0.029615646228194237 0.009155436418950558 -0.03351837024092674
v 0.03011574223637581 0.007081659976392984 0.031246503815054893
v 0.029678452759981155 0.005233778152614832 -0.0336444266140461
v 0.030208230018615723 0.003995177801698446 0.031146960332989693
v 0.02951732836663723 0.0032782212365418673 -0.03370580077171326
v 0.030017424374818802 0.0012044451432302594 0.03105907514691353
v 0.028813477605581284 -0.0005805222899653018 -0.03382392227649689
v 0.02952652797102928 -0.0017461574170738459 0.03096838667988777
v 0.02827376313507557 -0.002467177342623472 -0.033880166709423065
v 0.02877385914325714 -0.0045409537851810455 0.03088470920920372
v 0.02683030255138874 -0.006114716175943613 -0.033985815942287445
v 0.027755146846175194 -0.007250274997204542 0.03080582246184349
v 0.025932736694812775 -0.007859968580305576 -0.034034766256809235
v 0.026432832702994347 -0.009933744557201862 0.0307301077991724
v 0.02380514144897461 -0.011156126856803894 -0.03412388265132904
v 0.02495993860065937 -0.01231254544109106 0.030665311962366104
v 0.02308431640267372 -0.014766689389944077 0.03060121275484562
v -0.018380092456936836 -0.01721109077334404 -0.033992018550634384
v -0.01970025524497032 -0.016153639182448387 -0.03394796699285507
v -0.022519046440720558 -0.013425680808722973 -0.033838849514722824
v -0.021715838462114334 -0.015828918665647507 0.030913135036826134
v -0.003599719610065222 -0.022503836080431938 -0.022969497367739677
v -0.004018404521048069 -0.022662490606307983 -0.022971343249082565
v -0.004793889820575714 -0.02262432500720024 -0.022964132949709892
v 0.0118993716314435 -0.015499593690037727 -0.023365169763565063
v 0.016175905242562294 -0.012512528337538242 -0.02330254577100277
v 0.011891654692590237 -0.01546759158372879 -0.02436462789773941
v 0.01628996804356575 -0.012374272570014 -0.024299543350934982
v 0.022384652867913246 0.017080724239349365 -0.022402910515666008
v 0.022376935929059982 0.01711272820830345 -0.023402368649840355
v 0.024117188528180122 0.012162966653704643 -0.02257375605404377
v 0.024146445095539093 0.01203770749270916 -0.02357853390276432
v 0.024154162034392357 0.012005704455077648 -0.022579075768589973
v 0.024789083749055862 0.006701590493321419 -0.023754360154271126
v 0.024795446544885635 0.00676651019603014 -0.022751787677407265
v 0.024275120347738266 0.0013512808363884687 -0.023921707645058632
v 0.02428935095667839 0.0013509216951206326 -0.022921286523342133
v 0.022628337144851685 -0.0037656817585229874 -0.024072837084531784
v 0.022622883319854736 -0.003827196778729558 -0.02307422272861004
v 0.01992492564022541 -0.008412535302340984 -0.02420075610280037
v 0.019875001162290573 -0.00852250587195158 -0.023203348740935326
v 0.016297686845064163 -0.012406274676322937 -0.023300085216760635
v 0.00033959909342229366 -0.018226729705929756 -0.024363774806261063
v -0.0010443070204928517 -0.018158622086048126 -0.024350907653570175
v -0.0007373810512945056 -0.017880704253911972 -0.02434437908232212
v -0.00633354252204299 -0.014726055786013603 -0.024200154468417168
v -0.01501625869423151 -0.013292943127453327 -0.024087220430374146
v 0.011114650405943394 -0.01565523073077202 -0.024364637210965157
v -0.0011711213737726212 -0.018552666530013084 -0.02436254546046257
v -0.014611462131142616 -0.013205613009631634 -0.02408755011856556
v -0.01516489963978529 -0.009734182618558407 -0.023972120136022568
v -0.014217261224985123 -0.013332262635231018 -0.02409464865922928
v -0.011041222140192986 -0.012746059335768223 -0.024100404232740402
v -0.01393927913159132 -0.013638975098729134 -0.024106616154313087
v -0.01385200209915638 -0.014043550938367844 -0.02412024512887001
v -0.013978816568851471 -0.01443760097026825 -0.024131882935762405
v 6.161733472254127e-05 -0.017920024693012238 -0.024351807311177254
v 0.008681220933794975 -0.013716666959226131 -0.024283774197101593
v -0.0003325848956592381 -0.01779336668550968 -0.024344706907868385
v 0.0038008529227226973 -0.015224803239107132 -0.024294380098581314
v -0.001295653055422008 -0.015567418187856674 -0.024265995249152184
v 0.019363991916179657 0.016439298167824745 -0.023400666192173958
v 0.021152863278985023 0.011657606810331345 -0.02356758899986744
v 0.02185502089560032 0.017717702314257622 -0.023378966376185417
v 0.016519973054528236 0.020679490640759468 -0.023242933675646782
v 0.012774121947586536 0.024149587377905846 -0.02310289815068245
v 0.008328383788466454 0.026662513613700867 -0.022988105192780495
v 0.003422426525503397 0.028082791715860367 -0.022904744371771812
v -0.0016792671522125602 0.028333866968750954 -0.022857312113046646
v -0.006701664067804813 0.027402197942137718 -0.02284836210310459
v -0.011374005116522312 0.025338007137179375 -0.022878378629684448
v -0.019780714064836502 -0.003649883670732379 -0.02374165877699852
v -0.01848226599395275 -0.005852795671671629 -0.023822223767638206
v 0.013082349672913551 -0.011124326847493649 -0.024234751239418983
v 0.016766972839832306 -0.007587532512843609 -0.024149954319000244
v 0.019536452367901802 -0.003296952461823821 -0.024033954367041588
v 0.021241482347249985 0.00151611038018018 -0.023893006145954132
v 0.021790144965052605 0.006592184770852327 -0.02373470552265644
v -0.022035814821720123 0.003645937656983733 -0.023490633815526962
v -0.020814482122659683 -0.001311141182668507 -0.023658789694309235
v -0.022271741181612015 -0.004928286653012037 -0.02376335859298706
v -0.011531372554600239 0.028444651514291763 -0.02277768962085247
v -0.015444403514266014 0.02225257270038128 -0.022945744916796684
v -0.01869342289865017 0.018312236294150352 -0.02304682694375515
v -0.02094590663909912 0.013729431666433811 -0.023176174610853195
v -0.022080427035689354 0.00875120423734188 -0.023326817899942398
v 0.010466902516782284 -0.016284888610243797 -0.023333504796028137
v 0.011960643343627453 -0.015410763211548328 -0.026204340159893036
v 0.011100450530648232 -0.015596345067024231 -0.026203639805316925
v 0.010448234155774117 -0.01618693768978119 -0.026217514649033546
v 0.011989567428827286 -0.015503449365496635 -0.023320240899920464
v 0.012628898024559021 -0.015678392723202705 -0.022876258939504623
v 0.01279832236468792 -0.015679901465773582 -0.026219425722956657
v 0.010178753174841404 -0.017024274915456772 -0.026242244988679886
v 0.01023019477725029 -0.016909418627619743 -0.022897154092788696
v 0.010204529389739037 -0.01713116280734539 -0.022904055193066597
v 0.010364215821027756 -0.01788400486111641 -0.02627120539546013
v 0.010389992035925388 -0.017990892753005028 -0.02293301559984684
v 0.010954927653074265 -0.018535766750574112 -0.02629663795232773
v 0.010980703867971897 -0.01864265650510788 -0.02295844629406929
v 0.011792606674134731 -0.01880490407347679 -0.02631172351539135
v 0.011818382889032364 -0.01891179382801056 -0.02297353371977806
v 0.012652798555791378 -0.018619323149323463 -0.02631242386996746
v 0.012678575702011585 -0.018726211041212082 -0.022974232211709023
v 0.013305015861988068 -0.018028737977147102 -0.02629854902625084
v 0.0133307920768857 -0.01813562586903572 -0.02296035923063755
v 0.01357449684292078 -0.017191393300890923 -0.02627381682395935
v 0.013600273057818413 -0.01729828305542469 -0.02293562702834606
v 0.013389034196734428 -0.016331663355231285 -0.026244856417179108
v 0.013414810411632061 -0.016438553109765053 -0.02290666662156582
v 0.012824098579585552 -0.0157867893576622 -0.02288123592734337
v 0.014686986804008484 -0.018874840810894966 -0.0279972106218338
v 0.013397898524999619 -0.020042123273015022 -0.02802463434636593
v 0.011697754263877869 -0.02040892466902733 -0.02802325040102005
v -0.023714331910014153 -0.00394850131124258 -0.025561844930052757
v -0.02287665382027626 -0.004217646550387144 -0.025576932355761528
v -0.02285998873412609 -0.004306402988731861 -0.022692611441016197
v -0.02228594198822975 -0.004869401454925537 -0.02560236304998398
v -0.022100478410720825 -0.0057291388511657715 -0.02563132345676422
v -0.02207855135202408 -0.005828135181218386 -0.022747371345758438
v -0.02223568595945835 -0.006478230003267527 -0.022312453016638756
v -0.022369958460330963 -0.006566475611180067 -0.02565605379641056
v -0.02346670813858509 -0.004080993589013815 -0.022226188331842422
v -0.023688556626439095 -0.004055390600115061 -0.02222365513443947
v -0.02457452565431595 -0.00413409061729908 -0.025561146438121796
v -0.02454874850809574 -0.00424097990617156 -0.022222956642508507
v -0.025226742029190063 -0.004724675789475441 -0.025575019419193268
v -0.025200966745615005 -0.004831564612686634 -0.02223682962357998
v -0.0254962220788002 -0.0055620200000703335 -0.025599751621484756
v -0.025470446795225143 -0.005668909288942814 -0.022261561825871468
v -0.025310760363936424 -0.006421749945729971 -0.025628712028265
v -0.025284983217716217 -0.006528639234602451 -0.02229052223265171
v -0.024720050394535065 -0.007073505315929651 -0.02565414272248745
v -0.024694273248314857 -0.007180394139140844 -0.02231595292687416
v -0.023882368579506874 -0.007342650089412928 -0.02566922828555107
v -0.023856593295931816 -0.007449538912624121 -0.022331038489937782
v -0.023022176697850227 -0.007157068233937025 -0.025669928640127182
v -0.02299639955163002 -0.007263957057148218 -0.022331738844513893
v -0.022344183176755905 -0.0066733649000525475 -0.02231786400079727
v -0.025632869452238083 -0.008414717391133308 -0.027350937947630882
v -0.02680039405822754 -0.0071265362203121185 -0.027300676330924034
v -0.027166957035660744 -0.0054272995330393314 -0.027243435382843018
v -0.010867482982575893 0.02900736965239048 -0.021718505769968033
v -0.012405765242874622 0.028317946940660477 -0.024615993723273277
v -0.011545572429895401 0.0285035353153944 -0.02461669221520424
v -0.010893356055021286 0.029094113036990166 -0.024602819234132767
v -0.01239014882594347 0.028225937858223915 -0.021731769666075706
v -0.01302246656268835 0.028371797874569893 -0.021267695352435112
v -0.013243444263935089 0.028587091714143753 -0.024600906297564507
v -0.010623875074088573 0.029931465163826942 -0.024578087031841278
v -0.010623764246702194 0.02960282377898693 -0.02124680019915104
v -0.01059809885919094 0.029824577271938324 -0.02123989723622799
v -0.010809337720274925 0.030791187658905983 -0.024549126625061035
v -0.010783560574054718 0.030684297904372215 -0.021210936829447746
v -0.011400049552321434 0.031442951411008835 -0.024523695930838585
v -0.011374272406101227 0.03133606165647507 -0.021185506135225296
v -0.0122377285733819 0.03171209618449211 -0.024508610367774963
v -0.012211952358484268 0.031605206429958344 -0.021170418709516525
v -0.013097921386361122 0.03152650594711304 -0.024507910013198853
v -0.013072144240140915 0.03141961619257927 -0.021169720217585564
v -0.013750137761235237 0.03093591332435608 -0.024521784856915474
v -0.01372436061501503 0.03082902543246746 -0.021183595061302185
v -0.01401961874216795 0.030098576098680496 -0.024546515196561813
v -0.013993841595947742 0.029991688206791878 -0.021208325400948524
v -0.013834156095981598 0.029238838702440262 -0.024575475603342056
v -0.01380837894976139 0.029131950810551643 -0.021237285807728767
v -0.013217668049037457 0.028480201959609985 -0.021262716501951218
v -0.0151577303186059 0.03188827261328697 -0.026141319423913956
v -0.013868642970919609 0.03305554762482643 -0.026113897562026978
v -0.01216849870979786 0.03342236578464508 -0.026115279644727707
v 0.023269210010766983 0.016855694353580475 -0.025258487090468407
v 0.02243153192102909 0.01712483912706375 -0.025243401527404785
v 0.02245940826833248 0.017028886824846268 -0.022359399124979973
v 0.021840820088982582 0.01777658611536026 -0.025217970833182335
v 0.021655356511473656 0.018636323511600494 -0.025189010426402092
v 0.02167797088623047 0.01855061948299408 -0.022304637357592583
v 0.021842116490006447 0.019171644002199173 -0.02183149941265583
v 0.021924836561083794 0.019473660737276077 -0.025164278224110603
v 0.023073138669133186 0.01677440106868744 -0.021917764097452164
v 0.02329498715698719 0.016748804599046707 -0.021920297294855118
v 0.02412940189242363 0.0170412827283144 -0.025259187445044518
v 0.024155179038643837 0.01693439483642578 -0.02192099764943123
v 0.024781620129942894 0.017631860449910164 -0.025245312601327896
v 0.0248073972761631 0.017524972558021545 -0.021907122805714607
v 0.025051100179553032 0.01846921257674694 -0.025220582261681557
v 0.02507687732577324 0.018362324684858322 -0.021882392466068268
v 0.024865638464689255 0.01932893507182598 -0.025191621854901314
v 0.024891415610909462 0.019222047179937363 -0.021853430196642876
v 0.024274926632642746 0.019980698823928833 -0.025166191160678864
v 0.024300703778862953 0.019873809069395065 -0.021827999502420425
v 0.023437246680259705 0.02024984359741211 -0.025151103734970093
v 0.023463023826479912 0.02014295384287834 -0.021812913939356804
v 0.022577054798603058 0.020064253360033035 -0.02515040524303913
v 0.022602831944823265 0.019957363605499268 -0.021812213584780693
v 0.021950613707304 0.01936677284538746 -0.021826088428497314
v 0.025162125006318092 0.021428151056170464 -0.026787592098116875
v 0.026329651474952698 0.020139969885349274 -0.026837855577468872
v 0.026696212589740753 0.01844073459506035 -0.02689509466290474
v -0.019196495413780212 -0.010237183421850204 -0.02718384563922882
v -0.018762148916721344 -0.010716413147747517 -0.02720254473388195
v -0.01891295425593853 -0.010591713711619377 -0.022719960659742355
v -0.018625779077410698 -0.011348569765686989 -0.02722383849322796
v -0.018594900146126747 -0.011304936371743679 -0.022495118901133537
v -0.018727269023656845 -0.010861054994165897 -0.022685332223773003
v -0.019161613658070564 -0.01038182433694601 -0.022666633129119873
v -0.019582528620958328 -0.010215241461992264 -0.022452600300312042
v -0.019812436774373055 -0.010039282031357288 -0.02717275358736515
v -0.01977597177028656 -0.010190494358539581 -0.022450312972068787
v -0.020444929599761963 -0.01017574593424797 -0.027172237634658813
v -0.02040846459567547 -0.010326958261430264 -0.0224497988820076
v -0.020924502983689308 -0.010610000230371952 -0.02718243934214115
v -0.020888037979602814 -0.01076121348887682 -0.022460000589489937
v -0.021122649312019348 -0.011225694790482521 -0.027200624346733093
v -0.021086184307932854 -0.011376907117664814 -0.02247818559408188
v -0.02098628133535385 -0.011857843026518822 -0.02722191996872425
v -0.020949814468622208 -0.01200905628502369 -0.022499481216073036
v -0.020551934838294983 -0.012337081134319305 -0.02724061906337738
v -0.02051546983420849 -0.012488293461501598 -0.022518180310726166
v -0.01993599161505699 -0.012534981593489647 -0.02725171111524105
v -0.019899526610970497 -0.012686194851994514 -0.022529272362589836
v -0.019303498789668083 -0.01239851862192154 -0.02725222520530224
v -0.01926703378558159 -0.012549730949103832 -0.022529786452651024
v -0.018823927268385887 -0.011964263394474983 -0.0272420234978199
v -0.018787460401654243 -0.012115475721657276 -0.022519584745168686
v -0.018589314073324203 -0.011499782092869282 -0.022501399740576744
v -0.025025147944688797 0.001479879952967167 -0.026763657107949257
v -0.0248887799680233 0.0008477236842736602 -0.026784952729940414
v -0.02488071098923683 0.0010291902581229806 -0.022301778197288513
v -0.02508692629635334 0.00023202990996651351 -0.026803135871887207
v -0.024957826361060143 0.0002523808507248759 -0.022075919434428215
v -0.024853898212313652 0.0007030821871012449 -0.022267740219831467
v -0.024990268051624298 0.0013352384557947516 -0.02224644459784031
v -0.025267906486988068 0.0016897849272936583 -0.022027499973773956
v -0.025459494441747665 0.0019591101445257664 -0.026744958013296127
v -0.02542302943766117 0.0018078973516821861 -0.022022519260644913
v -0.026075437664985657 0.002157011302188039 -0.026733865961432457
v -0.026038970798254013 0.002005798276513815 -0.022011427208781242
v -0.026707930490374565 0.0020205476321280003 -0.02673335187137127
v -0.02667146548628807 0.00186933483928442 -0.022010913118720055
v -0.027187500149011612 0.001586292521096766 -0.026743553578853607
v -0.027151035144925117 0.0014350797282531857 -0.022021114826202393
v -0.02738565020263195 0.0009705987176857889 -0.0267617367208004
v -0.027349183335900307 0.0008193858666345477 -0.022039297968149185
v -0.027249280363321304 0.0003384424198884517 -0.026783032342791557
v -0.02721281535923481 0.00018722958338912576 -0.022060593590140343
v -0.026814932003617287 -0.00014078769891057163 -0.026801731437444687
v -0.026778466999530792 -0.000292000564513728 -0.022079292684793472
v -0.026198992505669594 -0.00033868884202092886 -0.026812823489308357
v -0.02616252563893795 -0.00048990169307217 -0.022090384736657143
v -0.025566497817635536 -0.00020222528837621212 -0.026813337579369545
v -0.025530032813549042 -0.0003534381394274533 -0.02209089882671833
v -0.025050461292266846 8.081706619122997e-05 -0.022080697119235992
v -0.016773594543337822 0.026063578203320503 -0.026040202006697655
v -0.016761934384703636 0.02571900747716427 -0.021323762834072113
v -0.01697174273431301 0.02544788457453251 -0.026058385148644447
v -0.017451312392950058 0.025013621896505356 -0.026068588718771935
v -0.017148690298199654 0.025055725127458572 -0.0215921513736248
v -0.016936862841248512 0.025303242728114128 -0.02154117450118065
v -0.018083807080984116 0.024877166375517845 -0.026068072766065598
v -0.01785239577293396 0.024731585755944252 -0.021346960216760635
v -0.01741643249988556 0.024868980050086975 -0.021551376208662987
v -0.01690996252000332 0.026695718988776207 -0.026018908247351646
v -0.016873497515916824 0.02654450759291649 -0.021296467632055283
v -0.017344310879707336 0.02717495709657669 -0.026000207290053368
v -0.017307845875620842 0.027023743838071823 -0.021277768537402153
v -0.01796025224030018 0.02737286686897278 -0.025989115238189697
v -0.017923785373568535 0.02722165361046791 -0.021266676485538483
v -0.018592746928334236 0.027236394584178925 -0.02598860114812851
v -0.018556280061602592 0.027085181325674057 -0.021266162395477295
v -0.019072316586971283 0.026802146807312965 -0.025998802855610847
v -0.01903585158288479 0.026650933548808098 -0.021276364102959633
v -0.019270464777946472 0.02618645317852497 -0.02601698786020279
v -0.01923399791121483 0.026035239920020103 -0.021294547244906425
v -0.019134094938635826 0.025554297491908073 -0.026038281619548798
v -0.01909762993454933 0.025403084233403206 -0.021315842866897583
v -0.018699748441576958 0.02507505938410759 -0.026056980714201927
v -0.018663283437490463 0.024923846125602722 -0.021334541961550713
v -0.018047340214252472 0.024725953117012978 -0.021345634013414383
v -0.005247585475444794 0.03127660974860191 -0.025962280109524727
v -0.005880079697817564 0.031140152364969254 -0.02596176601946354
v -0.005520703736692667 0.031023479998111725 -0.021490851417183876
v -0.006496021524071693 0.03133806213736534 -0.02595067210495472
v -0.006287934258580208 0.031094297766685486 -0.021232523024082184
v -0.005845199339091778 0.030995510518550873 -0.02144455350935459
v -0.0052127051167190075 0.031131966039538383 -0.02144506759941578
v -0.004849752876907587 0.03140458092093468 -0.0212336927652359
v -0.004768014885485172 0.03171087056398392 -0.02595207840204239
v -0.0047315494157373905 0.03155965730547905 -0.021229639649391174
v -0.00456986716017127 0.03232656419277191 -0.025933893397450447
v -0.004533401690423489 0.032175350934267044 -0.021211454644799232
v -0.004706236533820629 0.03295871987938881 -0.02591259963810444
v -0.004669771529734135 0.03280750662088394 -0.021190160885453224
v -0.005140583496540785 0.03343795984983444 -0.02589390054345131
v -0.00510411849245429 0.033286746591329575 -0.021171461790800095
v -0.00575652439147234 0.03363585099577904 -0.02588280662894249
v -0.005720059387385845 0.03348463773727417 -0.021160367876291275
v -0.00638901861384511 0.033499397337436676 -0.025882292538881302
v -0.0063525536097586155 0.03334818407893181 -0.021159853786230087
v -0.006868589669466019 0.033065132796764374 -0.02589249424636364
v -0.006832124199718237 0.032913919538259506 -0.021170055493712425
v -0.007066737394779921 0.03244943916797638 -0.02591067925095558
v -0.007030271925032139 0.03229822590947151 -0.021188240498304367
v -0.0069303675554692745 0.03181728348135948 -0.02593197487294674
v -0.00689390255138278 0.031666070222854614 -0.021209536120295525
v -0.006459556054323912 0.031186848878860474 -0.021228233352303505
v 0.01872999593615532 0.023233013227581978 -0.026404984295368195
v 0.01829564943909645 0.02371225133538246 -0.026386285200715065
v 0.01851552724838257 0.023301128298044205 -0.021923722699284554
v 0.018159279599785805 0.02434440888464451 -0.026364991441369057
v 0.018201330676674843 0.02399834245443344 -0.021648835390806198
v 0.01833052933216095 0.02356760948896408 -0.021869074553251266
v 0.018764875829219818 0.023088373243808746 -0.021887773647904396
v 0.019188961014151573 0.02290864661335945 -0.021691353991627693
v 0.01934593729674816 0.023035120218992233 -0.026416078209877014
v 0.019382402300834656 0.022883906960487366 -0.0216936394572258
v 0.01997843012213707 0.023171575739979744 -0.026416592299938202
v 0.020014896988868713 0.023020364344120026 -0.021694153547286987
v 0.020458003506064415 0.023605838418006897 -0.026406390592455864
v 0.02049446851015091 0.02345462702214718 -0.02168395183980465
v 0.020656149834394455 0.024221519008278847 -0.026388205587863922
v 0.0206926167011261 0.02407030574977398 -0.021665766835212708
v 0.020519781857728958 0.024853674694895744 -0.026366911828517914
v 0.020556246861815453 0.024702461436390877 -0.0216444730758667
v 0.02008543536067009 0.025332912802696228 -0.026348212733864784
v 0.020121900364756584 0.02518169954419136 -0.02162577398121357
v 0.0194694921374321 0.025530805811285973 -0.026337120682001114
v 0.019505959004163742 0.025379592552781105 -0.0216146819293499
v 0.01883699931204319 0.025394350290298462 -0.026336604729294777
v 0.018873464316129684 0.025243137031793594 -0.021614165976643562
v 0.018357425928115845 0.024960102513432503 -0.026346806436777115
v 0.01839389279484749 0.024808889254927635 -0.0216243676841259
v 0.0181957446038723 0.02419319562613964 -0.021642552688717842
v 0.024558648467063904 0.011515960097312927 -0.02682517282664776
v 0.024422278627753258 0.0121481167152524 -0.02680387906730175
v 0.02448328211903572 0.01168022584170103 -0.022341905161738396
v 0.024620426818728447 0.012763802893459797 -0.02678569406270981
v 0.024564256891608238 0.012441033497452736 -0.02206803299486637
v 0.024457160383462906 0.012003474868834019 -0.022286666557192802
v 0.024593530222773552 0.011371319182217121 -0.02230796031653881
v 0.024874337017536163 0.011003621853888035 -0.02211645431816578
v 0.024992994964122772 0.011036722920835018 -0.026843871921300888
v 0.025029459968209267 0.01088550966233015 -0.022121433168649673
v 0.025608938187360764 0.010838821530342102 -0.026854965835809708
v 0.025645403191447258 0.010687609203159809 -0.022132527083158493
v 0.026241431012749672 0.010975285433232784 -0.026855479925870895
v 0.026277896016836166 0.010824072174727917 -0.02213304117321968
v 0.02672100067138672 0.01140954066067934 -0.026845278218388557
v 0.026757465675473213 0.011258327402174473 -0.022122839465737343
v 0.026919150725007057 0.012025234289467335 -0.026827093213796616
v 0.02695561572909355 0.011874021030962467 -0.0221046544611454
v 0.02678278088569641 0.012657390907406807 -0.026805799454450607
v 0.026819245889782906 0.01250617764890194 -0.022083360701799393
v 0.026348432525992393 0.013136620633304119 -0.026787100359797478
v 0.026384897530078888 0.012985407374799252 -0.022064661607146263
v 0.0257324930280447 0.013334522023797035 -0.026776006445288658
v 0.025768958032131195 0.013183308765292168 -0.022053567692637444
v 0.025099998340010643 0.013198058120906353 -0.02677549235522747
v 0.025136465206742287 0.01304684579372406 -0.022053053602576256
v 0.02465689182281494 0.012612590566277504 -0.022063255310058594
v 0.01630709320306778 -0.013067740015685558 -0.02754862979054451
v 0.01636836677789688 -0.013025594875216484 -0.022820189595222473
v 0.016505243256688118 -0.012452046386897564 -0.027530444785952568
v 0.016984812915325165 -0.012017791159451008 -0.02752024307847023
v 0.016751263290643692 -0.012346317991614342 -0.023051531985402107
v 0.016540123149752617 -0.01259668730199337 -0.02301323227584362
v 0.017617307603359222 -0.011881327256560326 -0.027520757168531418
v 0.017458826303482056 -0.012038173153996468 -0.0227969940751791
v 0.017019694671034813 -0.012162432074546814 -0.023003030568361282
v 0.016443463042378426 -0.01369989663362503 -0.027569923549890518
v 0.01647992804646492 -0.013851108960807323 -0.022847484797239304
v 0.016877811402082443 -0.014179126359522343 -0.027588622644543648
v 0.016914276406168938 -0.01433033961802721 -0.022866183891892433
v 0.017493750900030136 -0.014377027750015259 -0.027599714696407318
v 0.01753021776676178 -0.014528240077197552 -0.022877275943756104
v 0.018126247450709343 -0.014240563847124577 -0.027600230649113655
v 0.018162712454795837 -0.014391777105629444 -0.02287779189646244
v 0.01860581710934639 -0.01380630861967802 -0.027590028941631317
v 0.018642282113432884 -0.013957521878182888 -0.022867590188980103
v 0.01880396530032158 -0.013190614990890026 -0.027571843937039375
v 0.018840430304408073 -0.013341827318072319 -0.02284940518438816
v 0.018667595461010933 -0.01255846582353115 -0.027550548315048218
v 0.018704060465097427 -0.012709679082036018 -0.022828109562397003
v 0.018233248963952065 -0.012079228647053242 -0.027531849220395088
v 0.01826971396803856 -0.012230440974235535 -0.022809410467743874
v 0.017653772607445717 -0.012032540515065193 -0.022798318415880203
v 0.004781086463481188 -0.018280785530805588 -0.02762654982507229
v 0.005413580220192671 -0.01814432069659233 -0.027627065777778625
v 0.005123275797814131 -0.018314065411686897 -0.023152831941843033
v 0.006029521580785513 -0.01834222301840782 -0.027638157829642296
v 0.0058943647891283035 -0.0184008851647377 -0.02291143126785755
v 0.005448461044579744 -0.01828896254301071 -0.023109853267669678
v 0.004815966822206974 -0.01842542551457882 -0.02310933917760849
v 0.00445618387311697 -0.01871117576956749 -0.022910261526703835
v 0.004301514942198992 -0.018715040758252144 -0.027636751532554626
v 0.0043379804119467735 -0.018866252154111862 -0.022914312779903412
v 0.004103367682546377 -0.019330734387040138 -0.02765493653714657
v 0.004139832686632872 -0.019481945782899857 -0.022932497784495354
v 0.004239737056195736 -0.01996288262307644 -0.027676232159137726
v 0.004276202525943518 -0.020114095881581306 -0.022953791543841362
v 0.004674084018915892 -0.020442120730876923 -0.027694931253790855
v 0.004710549023002386 -0.02059333212673664 -0.02297249250113964
v 0.0052900249138474464 -0.020640021190047264 -0.027706023305654526
v 0.005326490383595228 -0.02079123444855213 -0.02298358455300331
v 0.005922519136220217 -0.020503558218479156 -0.027706537395715714
v 0.0059589846059679985 -0.020654771476984024 -0.0229840986430645
v 0.0064020901918411255 -0.0200693029910326 -0.027696335688233376
v 0.006438555661588907 -0.020220516249537468 -0.02297389693558216
v 0.006600237917155027 -0.019453609362244606 -0.027678150683641434
v 0.006636702921241522 -0.019604820758104324 -0.02295571193099022
v 0.006463868077844381 -0.01882145181298256 -0.027656856924295425
v 0.006500333547592163 -0.018972665071487427 -0.02293441817164421
v 0.006065987050533295 -0.01849343441426754 -0.02291571907699108
v -0.0032258573919534683 -0.022023068740963936 -0.02745942957699299
v -0.0033623562194406986 -0.02216396853327751 -0.02746288664638996
v -0.003327627433463931 -0.022307980805635452 -0.02296532690525055
v -0.004828618373721838 -0.0224803127348423 -0.027461694553494453
v -0.0042472234927117825 -0.02254723198711872 -0.027468325570225716
v -0.0036844087298959494 -0.022386668249964714 -0.027467530220746994
v -0.00405313353985548 -0.022518478333950043 -0.027468904852867126
v -0.0032227865885943174 -0.020190313458442688 -0.022898327559232712
v -0.0032382216304540634 -0.020126309245824814 -0.024897243827581406
v -0.0028682772535830736 -0.020880669355392456 -0.022923169657588005
v -0.0028837122954428196 -0.020816663280129433 -0.0249220859259367
v -0.00290665146894753 -0.021655790507793427 -0.02294769324362278
v -0.0029220867436379194 -0.021591784432530403 -0.024946609511971474
v -0.002941380487754941 -0.021511778235435486 -0.02744525484740734
v -0.013732722029089928 -0.016018494963645935 -0.02468467690050602
v -0.0024964381009340286 -0.017401432618498802 -0.024815721437335014
v -0.002175431465730071 -0.018526438623666763 -0.024854222312569618
v -0.002309619914740324 -0.019688701257109642 -0.02489040233194828
v -0.0128907710313797 -0.014714116230607033 -0.02464941143989563
v -0.003223768901079893 -0.016484955325722694 -0.02478075958788395
v -0.004246694967150688 -0.015916530042886734 -0.024754660204052925
v -0.009958246722817421 -0.01408142689615488 -0.024651795625686646
v -0.011509216390550137 -0.01400509662926197 -0.02463737688958645
v -0.0023289136588573456 -0.019608695060014725 -0.027389047667384148
v -0.00426598871126771 -0.015836523845791817 -0.027253303676843643
v -0.0032430628780275583 -0.016404949128627777 -0.027279403060674667
v -0.00251573184505105 -0.017321426421403885 -0.027314364910125732
v -0.0021947252098470926 -0.018446432426571846 -0.027352867648005486
v -0.009977540001273155 -0.014001420699059963 -0.027150440961122513
v -0.013752016238868237 -0.015938488766551018 -0.027183320373296738
v -0.01318306103348732 -0.014915915206074715 -0.027154970914125443
v -0.012910064309835434 -0.014634110033512115 -0.027148054912686348
v -0.012265958823263645 -0.014188709668815136 -0.027138767763972282
v -0.011140330694615841 -0.013867582194507122 -0.02713717706501484
v -0.011528510600328445 -0.013925089500844479 -0.027136020362377167
v -0.015387997031211853 -0.014264685101807117 -0.02739224024116993
v -0.015475273132324219 -0.013860102742910385 -0.027378613129258156
v -0.01543867215514183 -0.014005896635353565 -0.02267179824411869
v -0.015348458662629128 -0.013466059230268002 -0.02736697345972061
v -0.015314131043851376 -0.013602791354060173 -0.02304902859032154
v -0.015041533857584 -0.01318813394755125 -0.027360444888472557
v -0.014636737294495106 -0.013100803829729557 -0.02736077457666397
v -0.014242535457015038 -0.013227453455328941 -0.02736787311732769
v -0.013964553363621235 -0.013534165918827057 -0.0273798406124115
v -0.013877276331186295 -0.013938741758465767 -0.027393469586968422
v -0.01400409173220396 -0.014332791790366173 -0.027405107393860817
v -0.014311017468571663 -0.014610710553824902 -0.02741163596510887
v -0.014268736355006695 -0.014756154268980026 -0.02276558056473732
v -0.014409015886485577 -0.014817885123193264 -0.02263992466032505
v -0.014715813100337982 -0.014698048122227192 -0.027411308139562607
v -0.015438525937497616 -0.014089818112552166 -0.022608663886785507
v -0.015351145528256893 -0.014417498372495174 -0.022619830444455147
v -0.01511001493781805 -0.01457139104604721 -0.02740420773625374
v -0.01507316343486309 -0.014724203385412693 -0.022631797939538956
v -0.014678961597383022 -0.014850861392915249 -0.022638896480202675
v -0.0008311379351653159 -0.019159145653247833 -0.027661366388201714
v -0.0011091196211054921 -0.018852438777685165 -0.027649398893117905
v -0.0010765104088932276 -0.0189947709441185 -0.023003166541457176
v 0.00043503029155544937 -0.0186629481613636 -0.023332666605710983
v -0.001196396304294467 -0.018447857350111008 -0.027635769918560982
v -0.0010695819510146976 -0.01805381290614605 -0.027624132111668587
v -0.0007626559818163514 -0.017775895074009895 -0.027617603540420532
v -0.0003578598261810839 -0.017688557505607605 -0.027617931365966797
v 3.6342418752610683e-05 -0.01781521551311016 -0.027625031769275665
v 0.00031432416290044785 -0.01812192052602768 -0.027636999264359474
v 0.0004016008460894227 -0.018526503816246986 -0.027650628238916397
v 0.0002747864054981619 -0.018920546397566795 -0.027662266045808792
v -3.2139163522515446e-05 -0.019198471680283546 -0.027668794617056847
v 0.00026686262572184205 -0.01913590170443058 -0.022891512140631676
v 0.0003137840540148318 -0.01906711421906948 -0.02295549586415291
v -0.0009944039629772305 -0.01912795938551426 -0.02288151904940605
v -0.0007942867232486606 -0.01931195706129074 -0.02288895472884178
v -0.0004369356029201299 -0.01928580179810524 -0.027668464928865433
v -0.0004000843910034746 -0.019438615068793297 -0.02289605513215065
v 4.712048848887207e-06 -0.019351284950971603 -0.022896384820342064
v -0.013552919961512089 -0.020187433809041977 -0.02782117947936058
v -0.01442279014736414 -0.019626617431640625 -0.027796505019068718
v -0.014895469881594181 -0.01870613917708397 -0.027763381600379944
v -0.0049855937249958515 -0.02294008433818817 -0.027975473552942276
v -0.004210400395095348 -0.023029306903481483 -0.027984317392110825
v -0.003459980944171548 -0.022815220057964325 -0.027983255684375763
v -0.005241852253675461 -0.018637651577591896 -0.022833021357655525
v -0.010259958915412426 -0.01707402430474758 -0.022744204849004745
v -0.00568191846832633 -0.018544932827353477 -0.022826654836535454
v 0.02160288766026497 0.01957392320036888 -0.02181677147746086
v -0.0006025658803991973 0.0318303108215332 -0.02125285565853119
v 0.00492387218400836 0.03131571412086487 -0.021312007680535316
v 0.009867287240922451 0.029767047613859177 -0.021399768069386482
v 0.010207686573266983 0.029618041589856148 -0.021407166495919228
v 0.014458431862294674 0.027207357808947563 -0.021517179906368256
v 0.014998518861830235 0.026817739009857178 -0.021533826366066933
v 0.02385246381163597 0.01482468843460083 -0.021986212581396103
v 0.025079621002078056 0.009715041145682335 -0.02215929888188839
v 0.025299226865172386 0.006758586037904024 -0.022255660966038704
v 0.023083213716745377 -0.004046998918056488 -0.022584544494748116
v 0.024303682148456573 -0.0007105489494279027 -0.022487135604023933
v 0.02478301152586937 0.0012346908915787935 -0.022428549826145172
v 0.025232188403606415 0.004462189972400665 -0.022328674793243408
v 0.01940562017261982 -0.009948775172233582 -0.022745123133063316
v 0.020280374214053154 -0.008836209774017334 -0.022716253995895386
v 0.022333573549985886 -0.005583252292126417 -0.022627947852015495
v -0.021996457129716873 -0.006880507804453373 -0.022327182814478874
v -0.024246033281087875 -0.0021312814205884933 -0.022157739847898483
v -0.02547318860888481 0.0029783661011606455 -0.021984653547406197
v -0.02569279633462429 0.005934820976108313 -0.021888291463255882
v -0.02347678132355213 0.016740405932068825 -0.02155940793454647
v -0.024697251617908478 0.01340394839644432 -0.021656816825270653
v -0.025176579132676125 0.011458723805844784 -0.021715402603149414
v -0.02562575787305832 0.008231217041611671 -0.021815279498696327
v -0.019799189642071724 0.022642187774181366 -0.02139882929623127
v -0.02067394182085991 0.02152961492538452 -0.02142770029604435
v -0.02272714115679264 0.018276667222380638 -0.02151600457727909
v 0.02666267566382885 0.00756300613284111 -0.028243685141205788
v 0.021022362634539604 -0.009962819516658783 -0.028761310502886772
v 0.02257193997502327 -0.01035639364272356 -0.02878587692975998
v 0.021756047382950783 -0.01032113004475832 -0.028778448700904846
v 0.028599323704838753 0.006297949235886335 -0.02829914540052414
v 0.02873692288994789 0.005493383388966322 -0.028325971215963364
v 0.027467869222164154 0.007426881231367588 -0.02825426124036312
v 0.028151409700512886 0.006980373524129391 -0.02827383577823639
v 0.023333989083766937 -0.01006272155791521 -0.028782358393073082
v 0.023915134370326996 -0.009489091113209724 -0.028768477961421013
v 0.025480138137936592 -0.006837464403361082 -0.02869565784931183
v 0.02736273966729641 -0.0023309425450861454 -0.028565894812345505
v 0.028461815789341927 0.002427321160212159 -0.028422022238373756
v -0.027148855850100517 0.005514441058039665 -0.027893763035535812
v -0.021508540958166122 0.023040257394313812 -0.027376137673854828
v -0.028947995975613594 0.010650118812918663 -0.027715425938367844
v -0.023058118298649788 0.023433830589056015 -0.02735156938433647
v -0.02224222756922245 0.023398568853735924 -0.027358999475836754
v -0.023820169270038605 0.02314016781747341 -0.02735508792102337
v -0.024401312693953514 0.022566528990864754 -0.027368968352675438
v -0.02596631832420826 0.019914904609322548 -0.02744179032742977
v -0.027848919853568077 0.015408390201628208 -0.027571551501750946
v -0.028637588024139404 0.006097066216170788 -0.02786361053586006
v -0.02908550202846527 0.006779490504413843 -0.02783830091357231
v -0.027954047545790672 0.005650565959513187 -0.02788318693637848
v -0.02922310307621956 0.007584056351333857 -0.027811476960778236
v -0.0012612176360562444 0.033431246876716614 -0.027199761942029
v 0.016271673142910004 0.027797996997833252 -0.02751552313566208
v 0.0008099133265204728 0.03550500422716141 -0.027149351313710213
v 0.003877385286614299 0.03523080050945282 -0.02718181721866131
v 0.0163721926510334 0.030108530074357986 -0.027442315593361855
v 0.01666581630706787 0.02934691123664379 -0.02746897004544735
v 0.01663033850491047 0.028531404212117195 -0.02749480865895748
v 0.015798425301909447 0.03068924881517887 -0.02741928957402706
v 0.013145913369953632 0.03225284442305565 -0.02734874188899994
v 0.008637678809463978 0.0341334193944931 -0.027253713458776474
v -0.001124828471802175 0.03423609584569931 -0.027175042778253555
v -0.0006779415416531265 0.034919414669275284 -0.027156613767147064
v 4.9272566684521735e-06 0.035367272794246674 -0.027147546410560608
v 0.005217112600803375 -0.018557824194431305 -0.022911226376891136
v -8.364638233615551e-06 -0.019139494746923447 -0.022889502346515656
v -0.014852000400424004 -0.014513951726257801 -0.02262677252292633
v -0.018820099532604218 -0.011067396961152554 -0.022485774010419846
v -0.025123240426182747 0.0009688473073765635 -0.022051701322197914
v -0.016761066392064095 0.02591574750840664 -0.02131746895611286
v -0.005610681138932705 0.031251221895217896 -0.0212327279150486
v 0.018426531925797462 0.023760803043842316 -0.02165818028151989
v 0.024729670956730843 0.011724567040801048 -0.022092251107096672
v 0.01636749692261219 -0.013222341425716877 -0.022826483473181725
v -0.014255217276513577 -0.019059469923377037 -0.022776929661631584
v -0.003593655303120613 -0.02248498983681202 -0.022968940436840057
v 0.012095443904399872 -0.01598030887544155 -0.022881805896759033
v 0.012580120004713535 -0.01616477780044079 -0.0228914562612772
v 0.013014467433094978 -0.016644008457660675 -0.02291015349328518
v 0.01315083634108305 -0.017276164144277573 -0.022931449115276337
v 0.012952689081430435 -0.017891857773065567 -0.02294963411986828
v 0.012473118491470814 -0.018326113000512123 -0.022959835827350616
v 0.011840622872114182 -0.018462568521499634 -0.02295931987464428
v 0.011224682442843914 -0.018264668062329292 -0.02294822782278061
v 0.010790335014462471 -0.017785437405109406 -0.02292952872812748
v 0.0106539661064744 -0.017153281718492508 -0.02290823496878147
v 0.01078652124851942 -0.016652045771479607 -0.022893209010362625
v -0.022537609562277794 -0.005945109762251377 -0.022293051704764366
v -0.022722287103533745 -0.006429596338421106 -0.022307138890028
v -0.02320185862481594 -0.006863851100206375 -0.022317340597510338
v -0.02383435331285 -0.007000315003097057 -0.02231682650744915
v -0.02445029281079769 -0.006802413612604141 -0.02230573259294033
v -0.02488463930785656 -0.006323183421045542 -0.02228703536093235
v -0.025021011009812355 -0.005691027268767357 -0.022265739738941193
v -0.024822860956192017 -0.0050753336399793625 -0.02224755473434925
v -0.02434329129755497 -0.004641078412532806 -0.022237353026866913
v -0.023710796609520912 -0.0045046149753034115 -0.0222378671169281
v -0.023209352046251297 -0.00463698897510767 -0.022245978936553
v -0.012489012442529202 0.028673706576228142 -0.021262146532535553
v -0.012973688542842865 0.02885817550122738 -0.021252498030662537
v -0.013408035971224308 0.029337413609027863 -0.021233798936009407
v -0.013544405810534954 0.02996956929564476 -0.02121250331401825
v -0.013346257619559765 0.030585262924432755 -0.021194320172071457
v -0.012866687029600143 0.031019525602459908 -0.02118411660194397
v -0.012234191410243511 0.031155981123447418 -0.021184632554650307
v -0.011618250980973244 0.03095807321369648 -0.021195724606513977
v -0.011183904483914375 0.03047885000705719 -0.021214423701167107
v -0.01104753464460373 0.029846694320440292 -0.021235719323158264
v -0.011180090717971325 0.02934545837342739 -0.02125074528157711
v 0.02872687764465809 0.007382290903478861 -0.030766766518354416
v 0.02868759073317051 0.0049388413317501545 -0.030844703316688538
v 0.028442522510886192 0.0025073278229683638 -0.030920667573809624
v 0.02799340896308422 0.0001050463251885958 -0.030994120985269547
v 0.027343446388840675 -0.002250935649499297 -0.03106454201042652
v 0.02649725414812565 -0.004543868824839592 -0.031131427735090256
v 0.02284815162420273 -0.010884331539273262 -0.03130627050995827
v 0.02424158900976181 -0.008875967003405094 -0.031252723187208176
v 0.025460844859480858 -0.0067574577406048775 -0.031194303184747696
v -0.029212357476353645 0.00829861219972372 -0.030290035530924797
v -0.029251644387841225 0.005855162162333727 -0.03036797232925892
v -0.02896728925406933 0.010730125941336155 -0.03021407127380371
v -0.028518175706267357 0.013132414780557156 -0.030140617862343788
v -0.02786821313202381 0.015488396398723125 -0.030070198699831963
v -0.027022020891308784 0.017781322821974754 -0.030003312975168228
v -0.023372918367385864 0.024121783673763275 -0.029828468337655067
v -0.024766355752944946 0.02211342565715313 -0.02988201566040516
v -0.025985611602663994 0.019994910806417465 -0.02994043566286564
v -0.0010191518813371658 0.03559381142258644 -0.029633741825819016
v 0.0014254683628678322 0.0355551540851593 -0.02965385653078556
v 0.0038580913096666336 0.035310808569192886 -0.029680464416742325
v 0.0062614246271550655 0.03486249968409538 -0.029713377356529236
v 0.008618385531008244 0.03421342745423317 -0.02975236065685749
v 0.010912218131124973 0.03336821123957634 -0.029797136783599854
v 0.017254836857318878 0.029722435399889946 -0.029962850734591484
v 0.015245847404003143 0.03111470304429531 -0.029902756214141846
v 0.013126619160175323 0.03233284875750542 -0.029847387224435806
v 0.02649025432765484 0.017763590440154076 -0.026915187016129494
v 0.024491678923368454 0.021655522286891937 -0.026775134727358818
v -0.011491072364151478 0.03321666270494461 -0.026127098128199577
v -0.015385382808744907 0.03121809847652912 -0.02616102062165737
v -0.02696099877357483 -0.004750156309455633 -0.027223343029618263
v -0.024962423369288445 -0.008642088621854782 -0.02736339531838894
v 0.011020327918231487 -0.020203236490488052 -0.02801143378019333
v 0.014914638362824917 -0.01820465922355652 -0.027977509424090385
v -0.020867297425866127 -0.027129143476486206 0.029143692925572395
v -0.020864194259047508 -0.027142010629177094 0.029545549303293228
v -0.02285175584256649 -0.027087870985269547 0.02554132044315338
v -0.023022007197141647 -0.027095753699541092 0.025585783645510674
v -0.025637518614530563 -0.027074432000517845 0.021861432120203972
v -0.034306541085243225 -0.02681765705347061 0.003757647005841136
v -0.034216489642858505 -0.02680850774049759 0.0035800100304186344
v -0.03431777283549309 -0.026824986562132835 0.003971349447965622
v -0.034011028707027435 -0.026839401572942734 0.0047768475487828255
v -0.03314981609582901 -0.026939526200294495 0.008884546346962452
v -0.032260846346616745 -0.026972385123372078 0.010943002067506313
v -0.031305987387895584 -0.027021657675504684 0.01358670275658369
v -0.029439516365528107 -0.027051573619246483 0.016699397936463356
v -0.028822580352425575 -0.02706976607441902 0.01798524148762226
v -0.025748498737812042 -0.027082903310656548 0.02199355512857437
v -0.03410958871245384 -0.026430703699588776 -0.007986939512193203
v -0.03429654240608215 -0.026476537808775902 -0.0067875501699745655
v -0.03438933193683624 -0.026474349200725555 -0.006963998079299927
v -0.021346569061279297 -0.025141727179288864 -0.03292412683367729
v -0.021343465894460678 -0.02515459433197975 -0.03252226859331131
v -0.023443013429641724 -0.025349939242005348 -0.02893669717013836
v -0.023272093385457993 -0.025344833731651306 -0.0288944523781538
v -0.026113759726285934 -0.02556825987994671 -0.025309370830655098
v -0.026000749319791794 -0.025568202137947083 -0.025178704410791397
v -0.029125632718205452 -0.025813084095716476 -0.021261481568217278
v -0.029722649604082108 -0.025877488777041435 -0.01996774412691593
v -0.03154086321592331 -0.026047678664326668 -0.016831088811159134
v -0.032454803586006165 -0.0261680968105793 -0.0141752352938056
v -0.03331189602613449 -0.02626742608845234 -0.0121054258197546
v -0.034403860569000244 -0.026467999443411827 -0.007177533581852913
v -0.032551392912864685 -0.025442929938435555 0.010841067880392075
v -0.03261331096291542 -0.02526586502790451 0.010698549449443817
v -0.03349947929382324 -0.025348680093884468 0.007960752584040165
v -0.03209114074707031 -0.02629050798714161 0.011901437304913998
v -0.03240424767136574 -0.025789963081479073 0.011181634850800037
v -0.03147990256547928 -0.026701726019382477 0.01325147319585085
v -0.03187837824225426 -0.026502540335059166 0.012380768544971943
v -0.03417917713522911 -0.02533855475485325 0.0051059601828455925
v -0.034374769777059555 -0.02531946450471878 0.004019996616989374
v -0.029474059119820595 -0.0241997130215168 0.017230773344635963
v -0.029661115258932114 -0.0249649491161108 0.01685376465320587
v -0.029772957786917686 -0.02526632510125637 0.01663888245820999
v -0.030103834345936775 -0.025896044448018074 0.01601019687950611
v -0.030224302783608437 -0.026064567267894745 0.015780355781316757
v -0.030644575133919716 -0.026484474539756775 0.014965036883950233
v -0.030814627185463905 -0.026592301204800606 0.014627327211201191
v -0.03125760704278946 -0.026721542701125145 0.013721613213419914
v -0.025980664417147636 -0.020950574427843094 0.02219170518219471
v -0.026774143800139427 -0.02200867421925068 0.02118098735809326
v -0.02766013890504837 -0.022913066670298576 0.019985562190413475
v -0.028140930458903313 -0.023317206650972366 0.01930028386414051
v -0.02915746159851551 -0.024017922580242157 0.017747774720191956
v -0.029122410342097282 -0.02363079972565174 0.017021339386701584
v -0.029312778264284134 -0.023750146850943565 0.016982905566692352
v -0.029015352949500084 -0.023577723652124405 0.017492622137069702
v -0.02595280110836029 -0.020286526530981064 0.016406359151005745
v -0.02626390941441059 -0.020797861739993095 0.016745157539844513
v -0.025909345597028732 -0.020466722548007965 0.022033970803022385
v -0.026710063219070435 -0.021424299106001854 0.017013834789395332
v -0.02603181265294552 -0.02066279575228691 0.021872466430068016
v -0.028146972879767418 -0.02291421964764595 0.017166659235954285
v -0.02806047350168228 -0.022912558168172836 0.0190231092274189
v -0.027348479256033897 -0.02216647006571293 0.01716814562678337
v -0.02760889381170273 -0.022528639063239098 0.019698575139045715
v -0.026776839047670364 -0.021669041365385056 0.0208766870200634
v -0.027372250333428383 -0.02098134718835354 -0.012845334596931934
v -0.02664814703166485 -0.02047758176922798 -0.0034662026446312666
v -0.02676909975707531 -0.02023456059396267 -0.01305222138762474
v -0.025996960699558258 -0.02010340429842472 0.010687376372516155
v -0.026528265327215195 -0.019887713715434074 -0.013211804442107677
v -0.0261843279004097 -0.01932644471526146 -0.013577381148934364
v -0.026617277413606644 -0.02060559205710888 0.0005316294846124947
v -0.0266709066927433 -0.020710458979010582 0.0012838991824537516
v -0.026704953983426094 -0.020764077082276344 0.0014754345174878836
v -0.028005897998809814 -0.022259660065174103 0.0034184325486421585
v -0.028204137459397316 -0.022678356617689133 0.009794488549232483
v -0.027431027963757515 -0.021683422848582268 0.0029698421712964773
v -0.02734561450779438 -0.021869098767638206 0.009838474914431572
v -0.026970667764544487 -0.021451212465763092 0.009935338981449604
v -0.026401100680232048 -0.020717741921544075 0.010246866382658482
v -0.02697649411857128 -0.02114304155111313 0.002303076209500432
v -0.027351560071110725 -0.021595196798443794 0.002881774213165045
v -0.026913587003946304 -0.021060271188616753 0.002163550117984414
v -0.02626729942858219 -0.02052433229982853 0.010364669375121593
v -0.026969822123646736 -0.020827079191803932 -0.005119101144373417
v -0.02675045095384121 -0.02057540789246559 -0.004416747950017452
v -0.026713427156209946 -0.02053413726389408 -0.004222722724080086
v -0.02749994769692421 -0.021397631615400314 -0.005955526605248451
v -0.027419086545705795 -0.021315181627869606 -0.005863231606781483
v -0.02703491598367691 -0.0209007877856493 -0.005262649152427912
v -0.02833889052271843 -0.022551344707608223 0.0035809585824608803
v -0.029238950461149216 -0.02321798726916313 0.0038311313837766647
v -0.028998330235481262 -0.023282812908291817 0.009879597462713718
v -0.030019128695130348 -0.023677915334701538 0.00392134627327323
v -0.03026427887380123 -0.024024691432714462 0.010126953013241291
v -0.030841965228319168 -0.02406514808535576 0.00395191228017211
v -0.03079339861869812 -0.024266645312309265 0.01024444866925478
v -0.03126507252454758 -0.02422957494854927 0.003953376319259405
v -0.031635839492082596 -0.02457885630428791 0.010424762964248657
v -0.032572805881500244 -0.024605171754956245 0.0039514475502073765
v -0.031938932836055756 -0.02467052824795246 0.010483799502253532
v -0.033919405192136765 -0.024799874052405357 0.003955611027777195
v -0.03373532369732857 -0.024819325655698776 0.005026539321988821
v -0.03309597447514534 -0.02483239397406578 0.007841821759939194
v -0.03226280212402344 -0.024756917729973793 0.010541710071265697
v -0.0293216984719038 -0.022874847054481506 -0.006885225884616375
v -0.02826124057173729 -0.021854592487215996 -0.012808110564947128
v -0.030103404074907303 -0.023328449577093124 -0.00699263159185648
v -0.02920154482126236 -0.02257070690393448 -0.012933408841490746
v -0.03092680498957634 -0.02371334098279476 -0.007035209331661463
v -0.02841755747795105 -0.02222513034939766 -0.006606834940612316
v -0.02818421646952629 -0.022032354027032852 -0.006490434054285288
v -0.028081955388188362 -0.021944275125861168 -0.00643113860860467
v -0.03134996443986893 -0.023877544328570366 -0.007040661759674549
v -0.03280314430594444 -0.024099411442875862 -0.012518009170889854
v -0.03265770152211189 -0.02425314299762249 -0.0070425900630652905
v -0.03350149467587471 -0.024305028840899467 -0.00982679519802332
v -0.03400430083274841 -0.024447845295071602 -0.007038426585495472
v -0.0302160382270813 -0.023165231570601463 -0.013149856589734554
v -0.03097572550177574 -0.0235119815915823 -0.013327817432582378
v -0.031551722437143326 -0.02372587099671364 -0.013457803055644035
v -0.032449472695589066 -0.023982839658856392 -0.013633057475090027
v -0.029824303463101387 -0.02332201972603798 -0.02020440623164177
v -0.029763977974653244 -0.022997494786977768 -0.020314998924732208
v -0.028854085132479668 -0.02232041023671627 -0.021764526143670082
v -0.027062777429819107 -0.020478226244449615 -0.024235915392637253
v -0.02634592354297638 -0.019435930997133255 -0.02511122077703476
v -0.031369518488645554 -0.025707298889756203 -0.01721569150686264
v -0.03093758039176464 -0.025454994291067123 -0.018108148127794266
v -0.030738823115825653 -0.02526370994746685 -0.01850162446498871
v -0.030355172231793404 -0.024733971804380417 -0.01923421584069729
v -0.030156400054693222 -0.024345900863409042 -0.019601687788963318
v -0.029897117987275124 -0.0236193910241127 -0.020072469487786293
v -0.027958424761891365 -0.021502304822206497 -0.02305595763027668
v -0.033179670572280884 -0.024602215737104416 -0.012685912661254406
v -0.03280261158943176 -0.02448088303208351 -0.013816707767546177
v -0.03254884108901024 -0.025071842595934868 -0.01446891762316227
v -0.03242097049951553 -0.02527512237429619 -0.014790529385209084
v -0.032081179320812225 -0.025615863502025604 -0.015616921707987785
v -0.03194201737642288 -0.025690939277410507 -0.01594328135251999
v -0.03153692185878754 -0.025746192783117294 -0.016854796558618546
v -0.03446085751056671 -0.024962475523352623 -0.007128886412829161
v -0.033924371004104614 -0.024815425276756287 -0.009956662543118
v -0.021611254662275314 -0.01815038174390793 -0.032698217779397964
v -0.026221998035907745 -0.019219981506466866 -0.025258874520659447
v -0.0261025782674551 -0.019026359543204308 -0.02540300413966179
v -0.025973286479711533 -0.018851591274142265 -0.02556084841489792
v -0.025513477623462677 -0.018405454233288765 -0.026139143854379654
v -0.02485031820833683 -0.0180433951318264 -0.027025261893868446
v -0.024215957149863243 -0.01790217123925686 -0.027938535436987877
v -0.022808130830526352 -0.017773663625121117 -0.03026602976024151
v -0.02163016051054001 -0.017650999128818512 -0.032682083547115326
v -0.023806575685739517 -0.01959976926445961 0.025078149512410164
v -0.024232516065239906 -0.019633673131465912 0.02447378821671009
v -0.02460385300219059 -0.019728215411305428 0.023966152220964432
v -0.02520630694925785 -0.02003866247832775 0.02317461185157299
v -0.02585436962544918 -0.020744450390338898 0.022350942716002464
v -0.025467729195952415 -0.020256483927369118 0.022840674966573715
v -0.021128881722688675 -0.020150665193796158 0.029771456494927406
v -0.022362949326634407 -0.019619721919298172 0.0273871012032032
v -0.02114778757095337 -0.01965128257870674 0.029787592589855194
v -0.021323762834072113 -0.019342539831995964 0.0045333667658269405
v -0.02163989469408989 -0.017189649865031242 -0.031478170305490494
v -0.021175865083932877 -0.019113866612315178 0.028615951538085938
v -0.02127254009246826 -0.022724047303199768 -0.007385932840406895
v -0.021227311342954636 -0.023952320218086243 -0.007621491327881813
v -0.021416373550891876 -0.018958507105708122 -0.007460129447281361
v -0.021310318261384964 -0.021628540009260178 -0.006782096344977617
v -0.021171145141124725 -0.01916397549211979 0.029048368334770203
v -0.02116696909070015 -0.019230904057621956 0.029298901557922363
v -0.021134700626134872 -0.024336352944374084 0.004372004419565201
v -0.02118295058608055 -0.023095550015568733 0.004216227680444717
v -0.021229498088359833 -0.021963676437735558 0.003684363327920437
v -0.021347690373659134 -0.020085284486413002 -0.0034945697989314795
v -0.021349826827645302 -0.020241254940629005 -0.0047362856566905975
v -0.021336950361728668 -0.0207730270922184 -0.005869090091437101
v -0.02163284458220005 -0.01757778413593769 -0.032666198909282684
v -0.021635545417666435 -0.017498387023806572 -0.03261655196547508
v -0.021163765341043472 -0.019289612770080566 0.029447831213474274
v -0.021159790456295013 -0.019369276240468025 0.029592888429760933
v -0.021148785948753357 -0.01962522231042385 0.02978675812482834
v -0.02115483023226261 -0.019478054717183113 0.02971874363720417
v -0.02115168794989586 -0.01955242082476616 0.029766708612442017
v -0.021269788965582848 -0.021051524206995964 0.0028284748550504446
v -0.021299878135323524 -0.020448381081223488 0.0017323421780019999
v -0.02131682075560093 -0.0202132947742939 0.0005032622721046209
v -0.02164146490395069 -0.01727145165205002 -0.032198499888181686
v -0.0216408371925354 -0.01730603165924549 -0.0323043055832386
v -0.02163856476545334 -0.017398668453097343 -0.032497160136699677
v -0.021641869097948074 -0.01721172407269478 -0.0319109782576561
v -0.0238194540143013 -0.017396049574017525 -0.027644207701086998
v -0.023414410650730133 -0.019075660035014153 0.02481072023510933
v -0.022388165816664696 -0.017265401780605316 -0.030010495334863663
v -0.021946724504232407 -0.019095946103334427 0.027158156037330627
v -0.029598668217658997 -0.02256462536752224 -0.02004139870405197
v -0.029542243108153343 -0.02252907305955887 -0.02005167491734028
v -0.02874496951699257 -0.021918676793575287 -0.02147115394473076
v -0.028657784685492516 -0.021899772807955742 -0.02017427794635296
v -0.027904652059078217 -0.02113858237862587 -0.022745169699192047
v -0.027749747037887573 -0.021086998283863068 -0.020170733332633972
v -0.02706441469490528 -0.020162448287010193 -0.023909486830234528
v -0.0273362398147583 -0.020645758137106895 -0.020090483129024506
v -0.026391999796032906 -0.019169189035892487 -0.024773474782705307
v -0.026733817532658577 -0.019898077473044395 -0.019812200218439102
v -0.026271943002939224 -0.018963126465678215 -0.02492397651076317
v -0.026593049988150597 -0.01970139890909195 -0.019704347476363182
v -0.026228487491607666 -0.019143322482705116 -0.01929636299610138
v -0.024434439837932587 -0.020082997158169746 -0.016477711498737335
v -0.021436674520373344 -0.019968874752521515 -0.016497204080224037
v -0.0244192685931921 -0.020337674766778946 -0.015635522082448006
v -0.02142150327563286 -0.020223552361130714 -0.015655016526579857
v -0.024390937760472298 -0.020979061722755432 -0.015033697709441185
v -0.021393172442913055 -0.0208649393171072 -0.015053191222250462
v -0.024357039481401443 -0.02183529920876026 -0.014833495952188969
v -0.0213592741638422 -0.02172117680311203 -0.014852989464998245
v -0.024326657876372337 -0.02267695963382721 -0.015088560990989208
v -0.021328890696167946 -0.022562837228178978 -0.015108054503798485
v -0.02430793084204197 -0.02327851951122284 -0.01573054865002632
v -0.021310165524482727 -0.023164397105574608 -0.015750043094158173
v -0.024305878207087517 -0.0234787929803133 -0.01658743806183338
v -0.021308112889528275 -0.02336466871201992 -0.016606930643320084
v -0.024321051314473152 -0.0232241153717041 -0.01742962747812271
v -0.02132328599691391 -0.02310999110341072 -0.017449120059609413
v -0.024349382147192955 -0.022582728415727615 -0.018031451851129532
v -0.021351614966988564 -0.022468606010079384 -0.018050944432616234
v -0.02438328042626381 -0.021726490929722786 -0.018231652677059174
v -0.021385513246059418 -0.021612368524074554 -0.018251147121191025
v -0.024413662031292915 -0.020884830504655838 -0.017976587638258934
v -0.021415896713733673 -0.020770708099007607 -0.017996082082390785
v -0.024432389065623283 -0.020283270627260208 -0.017334600910544395
v -0.02143462374806404 -0.020169148221611977 -0.017354095354676247
v -0.024202914908528328 -0.02104307897388935 0.0135060278698802
v -0.021205149590969086 -0.02092895656824112 0.013486534357070923
v -0.024187743663787842 -0.02129775658249855 0.014348217286169529
v -0.02118997648358345 -0.02118363417685032 0.014328723773360252
v -0.02415941283106804 -0.021939143538475037 0.01495004165917635
v -0.021161645650863647 -0.021825021132826805 0.014930547215044498
v -0.024125514551997185 -0.022795381024479866 0.015150243416428566
v -0.021127749234437943 -0.022681258618831635 0.015130748972296715
v -0.02409513108432293 -0.023637041449546814 0.014895178377628326
v -0.021097365766763687 -0.023522919043898582 0.014875683933496475
v -0.02407640404999256 -0.024238601326942444 0.014253191649913788
v -0.02107863873243332 -0.024124478921294212 0.014233697205781937
v -0.024074353277683258 -0.024438872933387756 0.013396301306784153
v -0.021076587960124016 -0.024324750527739525 0.013376807793974876
v -0.024089524522423744 -0.024184197187423706 0.012554112821817398
v -0.021091759204864502 -0.024070072919130325 0.012534619309008121
v -0.024117855355143547 -0.02354281023144722 0.011952287517488003
v -0.021120090037584305 -0.02342868596315384 0.011932794004678726
v -0.0241517536342144 -0.02268657274544239 0.011752085760235786
v -0.02115398831665516 -0.02257244847714901 0.01173259224742651
v -0.024182137101888657 -0.021844912320375443 0.012007150799036026
v -0.021184369921684265 -0.02173078991472721 0.01198765728622675
v -0.024200862273573875 -0.021243352442979813 0.01264913845807314
v -0.021203096956014633 -0.02112923003733158 0.012629644945263863
v -0.025012444704771042 -0.0198382455855608 0.012178447097539902
v -0.025073060765862465 -0.019942378625273705 0.011966848745942116
v -0.024255771189928055 -0.019921917468309402 0.01194146741181612
v -0.025428427383303642 -0.020507993176579475 0.011214026249945164
v -0.025836464017629623 -0.021069511771202087 0.010772792622447014
v -0.02422052063047886 -0.02105426974594593 0.010733021423220634
v -0.02749057486653328 -0.02298305742442608 0.016671011224389076
v -0.024113938212394714 -0.022843385115265846 0.016649430617690086
v -0.027831170707941055 -0.023241162300109863 0.0166550911962986
v -0.024056747555732727 -0.024427684023976326 0.016169307753443718
v -0.028858860954642296 -0.023897478356957436 0.016529658809304237
v -0.029059303924441338 -0.024006955325603485 0.01649649441242218
v -0.029806317761540413 -0.02562408521771431 0.015259476378560066
v -0.02968696691095829 -0.025477664545178413 0.015455455519258976
v -0.02402149699628353 -0.025560034438967705 0.014960861764848232
v -0.02935839630663395 -0.02493119426071644 0.0159915741533041
v -0.029246926307678223 -0.024669907987117767 0.01617484912276268
v -0.024017633870244026 -0.025937022641301155 0.01334789302200079
v -0.03088761493563652 -0.02619856968522072 0.013392928056418896
v -0.030826302245259285 -0.026197876781225204 0.013504311442375183
v -0.030389755964279175 -0.026083718985319138 0.014276424422860146
v -0.03022189810872078 -0.02598954178392887 0.01456433441489935
v -0.02996414341032505 -0.025787020102143288 0.014998105354607105
v -0.031044963747262955 -0.026181934401392937 0.013103543780744076
v -0.024046193808317184 -0.025457626208662987 0.011762595735490322
v -0.031436145305633545 -0.02601177990436554 0.012361367233097553
v -0.024099521338939667 -0.02425030805170536 0.010629749856889248
v -0.03171437978744507 -0.02575046941637993 0.011813946068286896
v -0.03164451941847801 -0.025829514488577843 0.011952822096645832
v -0.03215355798602104 -0.024946006014943123 0.010927734896540642
v -0.03209345415234566 -0.025098834186792374 0.011049168184399605
v -0.03181302547454834 -0.02486586943268776 0.010877357795834541
v -0.031950272619724274 -0.025398222729563713 0.011339375749230385
v -0.028717761859297752 -0.023590369150042534 0.01035295333713293
v -0.030051058158278465 -0.024270707741379738 0.01056748442351818
v -0.03068026341497898 -0.02451961487531662 0.010682669468224049
v -0.031494271010160446 -0.02478104457259178 0.010826039128005505
v -0.02416332997381687 -0.02263856865465641 0.01025289949029684
v -0.02597782388329506 -0.021246060729026794 0.010670810006558895
v -0.026579320430755615 -0.021915752440690994 0.010401089675724506
v -0.02697507105767727 -0.022297464311122894 0.01031721755862236
v -0.02754190005362034 -0.02277977578341961 0.010274491272866726
v -0.027880655601620674 -0.02303718589246273 0.010279159061610699
v -0.025328105315566063 -0.020356254652142525 0.011374121531844139
v -0.024849869310855865 -0.019591817632317543 0.013862604275345802
v -0.02484520524740219 -0.0195672195404768 0.013558129779994488
v -0.02425963245332241 -0.0195449311286211 0.013554436154663563
v -0.024862857535481453 -0.01958347298204899 0.013123426586389542
v -0.02488577924668789 -0.01961948536336422 0.012878794223070145
v -0.0242310743778944 -0.02002432756125927 0.01513973344117403
v -0.025051958858966827 -0.020050084218382835 0.015136197209358215
v -0.02497025392949581 -0.019881390035152435 0.014831670559942722
v -0.024866439402103424 -0.019639752805233 0.014136291109025478
v -0.02529910020530224 -0.02050197683274746 0.01570199243724346
v -0.02417774684727192 -0.021231645718216896 0.01627258025109768
v -0.025429803878068924 -0.02071552909910679 0.01589677669107914
v -0.026988886296749115 -0.022557687014341354 0.016656382009387016
v -0.02631448023021221 -0.02188035286962986 0.01652311533689499
v -0.025842392817139626 -0.02130933292210102 0.016291018575429916
v -0.02573266252875328 -0.019654257223010063 -0.01886972039937973
v -0.02616754174232483 -0.020234623923897743 -0.019284771755337715
v -0.024452047422528267 -0.020094187930226326 -0.019250718876719475
v -0.029929686337709427 -0.02435634657740593 -0.018654705956578255
v -0.03022025339305401 -0.02472452074289322 -0.018181299790740013
v -0.024277718737721443 -0.024497544392943382 -0.018221143633127213
v -0.03209824487566948 -0.024657050147652626 -0.01458871178328991
v -0.03234628960490227 -0.02414679154753685 -0.014032028615474701
v -0.031402673572301865 -0.023908304050564766 -0.013881227001547813
v -0.03086296282708645 -0.02373404987156391 -0.013781766407191753
v -0.031921327114105225 -0.02489260584115982 -0.014974362216889858
v -0.031972821801900864 -0.024832410737872124 -0.014863190241158009
v -0.03163865953683853 -0.025125883519649506 -0.015568414703011513
v -0.02425302378833294 -0.02459995448589325 -0.015022877603769302
v -0.031501512974500656 -0.025190303102135658 -0.01584690622985363
v -0.024249160662293434 -0.02497694082558155 -0.016635846346616745
v -0.03031102754175663 -0.02481609769165516 -0.018029749393463135
v -0.030508214607834816 -0.024982338771224022 -0.017694059759378433
v -0.030936026945710182 -0.02520226314663887 -0.016932617872953415
v -0.031101573258638382 -0.025236548855900764 -0.016624687239527702
v -0.029398921877145767 -0.02313286066055298 -0.019482120871543884
v -0.029472198337316513 -0.0233903881162405 -0.019369635730981827
v -0.024331048130989075 -0.023290226235985756 -0.019353989511728287
v -0.029504869133234024 -0.02348884381353855 -0.019319459795951843
v -0.029731599614024162 -0.024019872769713402 -0.01896815001964569
v -0.02439485676586628 -0.021678486838936806 -0.019730841740965843
v -0.026316244155168533 -0.020414168015122414 -0.019378144294023514
v -0.0269523486495018 -0.02109689451754093 -0.019619086757302284
v -0.02738872915506363 -0.021500004455447197 -0.019688572734594345
v -0.027775196358561516 -0.021821094676852226 -0.019709274172782898
v -0.028346361592411995 -0.022243134677410126 -0.019691593945026398
v -0.029278408735990524 -0.02281932160258293 -0.019585292786359787
v -0.029337849467992783 -0.02285189926624298 -0.019576380029320717
v -0.025282008573412895 -0.018943723291158676 -0.017943087965250015
v -0.02531110681593418 -0.018993381410837173 -0.018037252128124237
v -0.024487296119332314 -0.018961835652589798 -0.018042271956801414
v -0.025348810479044914 -0.01905698888003826 -0.018147733062505722
v -0.02562609873712063 -0.019497375935316086 -0.01871882751584053
v -0.025077246129512787 -0.01861543394625187 -0.016276855021715164
v -0.0250767320394516 -0.018607133999466896 -0.016425754874944687
v -0.02449115924537182 -0.018584849312901497 -0.016429303213953972
v -0.02510775625705719 -0.01864389143884182 -0.017015155404806137
v -0.025136444717645645 -0.018691550940275192 -0.017255639657378197
v -0.0252474807202816 -0.019017212092876434 -0.014969432726502419
v -0.02517114020884037 -0.018854312598705292 -0.015299911610782146
v -0.02446260116994381 -0.019064245745539665 -0.014844005927443504
v -0.025086786597967148 -0.018648559227585793 -0.01600787043571472
v -0.02610868401825428 -0.020394746214151382 -0.013669588603079319
v -0.025689203292131424 -0.019799165427684784 -0.014051154255867004
v -0.024409271776676178 -0.02027156390249729 -0.01371116004884243
v -0.02547443099319935 -0.01944526843726635 -0.01438236702233553
v -0.025287078693509102 -0.01909715123474598 -0.014836208894848824
v -0.026363585144281387 -0.020710861310362816 -0.013531727716326714
v -0.024345463141798973 -0.021883303299546242 -0.013334309682250023
v -0.02700105868279934 -0.021392129361629486 -0.013353037647902966
v -0.024288272485136986 -0.02346760220825672 -0.013814431615173817
v -0.029997847974300385 -0.02339146099984646 -0.013615799136459827
v -0.028929905965924263 -0.02284570038318634 -0.013429061509668827
v -0.027939075604081154 -0.022190021350979805 -0.013320904225111008
v -0.027721388265490532 -0.022022411227226257 -0.01331271231174469
v -0.025902850553393364 -0.018726028501987457 -0.01842842809855938
v -0.02576313726603985 -0.018592288717627525 -0.018001053482294083
v -0.025967760011553764 -0.01852269098162651 -0.02522926963865757
v -0.025405561551451683 -0.017990410327911377 -0.025815412402153015
v -0.026125872507691383 -0.01873156614601612 -0.02506958693265915
v -0.026224864646792412 -0.01913757622241974 -0.019287103787064552
v -0.026190774515271187 -0.01908506639301777 -0.01919984444975853
v -0.026104100048542023 -0.018962610512971878 -0.018975820392370224
v -0.025912243872880936 -0.018735839053988457 -0.018455328419804573
v -0.025225277990102768 -0.017867088317871094 -0.02600974030792713
v -0.025622302666306496 -0.018479416146874428 -0.0174728836864233
v -0.025578321889042854 -0.01844918541610241 -0.017260761931538582
v -0.025537729263305664 -0.01842448115348816 -0.017013410106301308
v -0.025522515177726746 -0.018416546285152435 -0.01689348928630352
v -0.025513362139463425 -0.018412426114082336 -0.01680617965757847
v -0.025493113324046135 -0.018411025404930115 -0.016416000202298164
v -0.0254945307970047 -0.01841789484024048 -0.016265779733657837
v -0.024844547733664513 -0.019441330805420876 0.0231724064797163
v -0.025500189512968063 -0.018427617847919464 -0.016130579635500908
v -0.025510219857096672 -0.01844104938209057 -0.015992166474461555
v -0.025594627484679222 -0.018534719944000244 -0.015418634749948978
v -0.025796446949243546 -0.018761049956083298 -0.014651991426944733
v -0.026180844753980637 -0.019320117309689522 -0.013586309738457203
v -0.026157094165682793 -0.01927780546247959 -0.013647319748997688
v -0.025993337854743004 -0.020097658038139343 0.010696636512875557
v -0.025900984182953835 -0.019961223006248474 0.010934029705822468
v -0.02603965811431408 -0.019086934626102448 -0.01395429577678442
v -0.02581426128745079 -0.019847970455884933 0.011161528527736664
v -0.025680681690573692 -0.01969587802886963 0.011528516188263893
v -0.025671325623989105 -0.019686108455061913 0.011555311270058155
v -0.025486374273896217 -0.019513702020049095 0.01213687751442194
v -0.025390777736902237 -0.019439496099948883 0.012510856613516808
v -0.025319892913103104 -0.01939244009554386 0.012878302484750748
v -0.025291014462709427 -0.019376643002033234 0.01309003122150898
v -0.025286799296736717 -0.019374661147594452 0.013128282502293587
v -0.02527002803981304 -0.019389677792787552 0.013876067474484444
v -0.025296036154031754 -0.019421683624386787 0.014155972748994827
v -0.025281835347414017 -0.01937250792980194 0.013177560642361641
v -0.025261588394641876 -0.01937110722064972 0.01356773916631937
v -0.02526859939098358 -0.019387610256671906 0.013852056115865707
v -0.02543802559375763 -0.01987806148827076 0.02253422699868679
v -0.025564922019839287 -0.019721131771802902 0.015331747010350227
v -0.02580813318490982 -0.020047016441822052 0.016029443591833115
v -0.02594931796193123 -0.020280197262763977 0.01639742963016033
v -0.025925567373633385 -0.020237887278199196 0.01633641868829727
v -0.025363102555274963 -0.01949480175971985 0.01456510554999113
v -0.025119442492723465 -0.019614549353718758 0.02287466637790203
v -0.023933134973049164 -0.01912022940814495 0.024196624755859375
v -0.024594873189926147 -0.017560655251145363 -0.02671537920832634
v -0.024385442957282066 -0.019236935302615166 0.023680446669459343
v -0.025300582870841026 -0.019446132704615593 0.014244944788515568
v -0.025292955338954926 -0.01942560449242592 0.014153748750686646
v -0.02510669454932213 -0.019585352391004562 0.014131519012153149
v -0.03221491724252701 -0.024807218462228775 0.010761040262877941
v -0.03218560293316841 -0.02486621029675007 0.010851935483515263
v -0.03185019642114639 -0.02478283829987049 0.010801590047776699
v -0.02533094584941864 -0.019522376358509064 0.01451332587748766
v -0.025389758870005608 -0.01965796947479248 0.01485917717218399
v -0.02627517655491829 -0.020643241703510284 0.010563892312347889
v -0.025808891281485558 -0.019917629659175873 0.011224365793168545
v -0.02590099535882473 -0.020071204751729965 0.011049977503716946
v -0.025723377242684364 -0.020106205716729164 0.011348357424139977
v -0.025430753827095032 -0.019611841067671776 0.012170360423624516
v -0.0254872627556324 -0.019710980355739594 0.011955196969211102
v -0.025103379040956497 -0.019530659541487694 0.013133260421454906
v -0.025090711191296577 -0.019539372995495796 0.013861719518899918
v -0.025776928290724754 -0.020074184983968735 0.015887564048171043
v -0.025896357372403145 -0.020291442051529884 0.0161005649715662
v -0.026273533701896667 -0.020899353548884392 0.016537701711058617
v -0.031884826719760895 -0.02472049929201603 0.010707083158195019
v -0.032215505838394165 -0.024806197732686996 0.010758967138826847
v -0.03224169835448265 -0.024769114330410957 0.010653713718056679
v -0.03191496804356575 -0.02468235231935978 0.010599135421216488
v -0.03160937502980232 -0.024590348824858665 0.010543640702962875
v -0.03153640404343605 -0.024694565683603287 0.01075046882033348
v -0.030118240043520927 -0.024164380505681038 0.010496513918042183
v -0.028813818469643593 -0.023462699726223946 0.010295790620148182
v -0.027999289333820343 -0.022898241877555847 0.010237879119813442
v -0.02712380886077881 -0.0221539493650198 0.010300560854375362
v -0.030229492112994194 -0.024036020040512085 0.010266660712659359
v -0.028962673619389534 -0.023299530148506165 0.010044649243354797
v -0.028173236176371574 -0.02270529419183731 0.009977255947887897
v -0.027326511219143867 -0.02191961742937565 0.010038670152425766
v -0.026959383860230446 -0.021518945693969727 0.01014034915715456
v -0.02640495076775551 -0.020824506878852844 0.010449699126183987
v -0.025815818458795547 -0.02025183103978634 0.011182615533471107
v -0.02619129605591297 -0.0207956675440073 0.010717581026256084
v -0.02632155828177929 -0.020968588069081306 0.010607311502099037
v -0.026878640055656433 -0.02163410745561123 0.010304550640285015
v -0.02724807895720005 -0.02202034555375576 0.010202066041529179
v -0.0281016044318676 -0.022782182320952415 0.010132305324077606
v -0.02889871411025524 -0.02336188778281212 0.010188918560743332
v -0.030179420486092567 -0.024083910509943962 0.010393370874226093
v -0.03157555311918259 -0.024629708379507065 0.010654419660568237
v -0.026743533089756966 -0.021775169298052788 0.01039724051952362
v -0.026168452575802803 -0.021119697019457817 0.010686568915843964
v -0.026033736765384674 -0.020948760211467743 0.010792604647576809
v -0.025645222514867783 -0.02040950581431389 0.011241835542023182
v -0.025549618527293205 -0.020264724269509315 0.01140248030424118
v -0.0253058522939682 -0.01987110823392868 0.011991907842457294
v -0.025247663259506226 -0.0197722427546978 0.012201175093650818
v -0.025125570595264435 -0.01956472173333168 0.012892153114080429
v -0.025311844423413277 -0.019403966143727303 0.012880409136414528
v -0.025309447199106216 -0.019469117745757103 0.014335268177092075
v -0.026487844064831734 -0.02174348384141922 0.01653112843632698
v -0.026037557050585747 -0.02118569239974022 0.016283459961414337
v -0.025645140558481216 -0.02061312645673752 0.015879198908805847
v -0.025520769879221916 -0.02040860615670681 0.015682991594076157
v -0.02528493106365204 -0.019977163523435593 0.015119251795113087
v -0.025206608697772026 -0.019816232845187187 0.014817830175161362
v -0.027949094772338867 -0.023105202242732048 0.01670699566602707
v -0.027134928852319717 -0.02241561748087406 0.016686389222741127
v -0.025465572252869606 -0.0198198389261961 0.015169226564466953
v -0.02569345012307167 -0.02025400847196579 0.015750054270029068
v -0.02581349015235901 -0.0204601027071476 0.015952732414007187
v -0.02619229443371296 -0.02103855460882187 0.016371995210647583
v -0.02662782184779644 -0.021604573354125023 0.01663094572722912
v -0.026707056909799576 -0.021490763872861862 0.016803057864308357
v -0.027255943045020103 -0.022289903834462166 0.016795776784420013
v -0.027331393212080002 -0.02220187894999981 0.016965987160801888
v -0.028049714863300323 -0.02299617789685726 0.01682134158909321
v -0.028118910267949104 -0.022929392755031586 0.016982082277536392
v -0.02902895212173462 -0.02368633821606636 0.016712762415409088
v -0.0290888249874115 -0.023635786026716232 0.016858968883752823
v -0.028949378058314323 -0.023776890709996223 0.016598811373114586
v -0.029145153239369392 -0.023889726027846336 0.016567951068282127
v -0.029202396050095558 -0.023822011426091194 0.01664785109460354
v -0.0292175505310297 -0.023805946111679077 0.016674743965268135
v -0.029221003875136375 -0.02380242384970188 0.016681285575032234
v -0.02927890233695507 -0.023754209280014038 0.016824614256620407
v -0.02929820865392685 -0.02374664880335331 0.016898654401302338
v -0.03237712383270264 -0.02407202497124672 -0.013950794003903866
v -0.031448133289813995 -0.02382347732782364 -0.013799709267914295
v -0.029582800343632698 -0.02256651781499386 -0.01995733007788658
v -0.02956235781311989 -0.022578788921236992 -0.019884232431650162
v -0.029505977407097816 -0.022543566301465034 -0.019893325865268707
v -0.02559276856482029 -0.018633566796779633 -0.015274755656719208
v -0.02659807913005352 -0.019811619073152542 -0.019502408802509308
v -0.0261992160230875 -0.01921897567808628 -0.01904311776161194
v -0.026101453229784966 -0.01905992440879345 -0.018878251314163208
v -0.02569776400923729 -0.018714163452386856 -0.01795344054698944
v -0.025759898126125336 -0.018822066485881805 -0.018161870539188385
v -0.02601616643369198 -0.019243190065026283 -0.018748318776488304
v -0.025534339249134064 -0.01842920482158661 -0.017012404277920723
v -0.02556142583489418 -0.018474362790584564 -0.017255963757634163
v -0.025318246334791183 -0.018563587218523026 -0.016275495290756226
v -0.02534785494208336 -0.01858995482325554 -0.01700308360159397
v -0.02615334466099739 -0.019375914707779884 -0.013843854889273643
v -0.025957070291042328 -0.019015975296497345 -0.014205735176801682
v -0.029483167454600334 -0.022657722234725952 -0.019713370129466057
v -0.029445292428135872 -0.022601542994379997 -0.019753485918045044
v -0.02949872612953186 -0.02263997681438923 -0.019738944247364998
v -0.029502278193831444 -0.022636044770479202 -0.01974519155919552
v -0.029366647824645042 -0.0226968415081501 -0.019647032022476196
v -0.02942473068833351 -0.022730382159352303 -0.01963885687291622
v -0.027530845254659653 -0.02135637402534485 -0.019710775464773178
v -0.028458239510655403 -0.022106926888227463 -0.01973797380924225
v -0.026734720915555954 -0.019996507093310356 -0.019607646390795708
v -0.027321960777044296 -0.020706702023744583 -0.019886838272213936
v -0.02772761695086956 -0.021131262183189392 -0.019973576068878174
v -0.028625035658478737 -0.021923024207353592 -0.019996490329504013
v -0.026114271953701973 -0.019394101575016975 -0.018905295059084892
v -0.026514537632465363 -0.019958101212978363 -0.019345829263329506
v -0.02665172703564167 -0.020134707912802696 -0.019447825849056244
v -0.027241991832852364 -0.020816350355744362 -0.019722606986761093
v -0.027650395408272743 -0.021226292476058006 -0.019811315461993217
v -0.028555437922477722 -0.021995272487401962 -0.019844315946102142
v -0.027110852301120758 -0.020954789593815804 -0.019627608358860016
v -0.026501942425966263 -0.020284200087189674 -0.01936568133533001
v -0.026360122486948967 -0.020109813660383224 -0.019267771393060684
v -0.02594599314033985 -0.019551098346710205 -0.018842751160264015
v -0.025844497606158257 -0.01940116658806801 -0.018690746277570724
v -0.025579754263162613 -0.018981965258717537 -0.018121451139450073
v -0.025515718385577202 -0.018874401226639748 -0.017918797209858894
v -0.025375595316290855 -0.0186351016163826 -0.017240146175026894
v -0.02532743662595749 -0.018595440313220024 -0.016010373830795288
v -0.02540869452059269 -0.018792204558849335 -0.015311988070607185
v -0.025481970980763435 -0.018947653472423553 -0.014985240064561367
v -0.025698773562908173 -0.01935616321861744 -0.014401551336050034
v -0.02590317651629448 -0.019694987684488297 -0.014068282209336758
v -0.02630217932164669 -0.02026977948844433 -0.013676077127456665
v -0.02654513344168663 -0.020577937364578247 -0.013529907912015915
v -0.028060760349035263 -0.02205262891948223 -0.013271759264171124
v -0.027155481278896332 -0.021250417456030846 -0.013329860754311085
v -0.02653689868748188 -0.019986137747764587 -0.013419988565146923
v -0.026770737022161484 -0.020312946289777756 -0.013263138942420483
v -0.027359195053577423 -0.021024972200393677 -0.013051229529082775
v -0.02823437750339508 -0.021871857345104218 -0.012995409779250622
v -0.02916836179792881 -0.022576628252863884 -0.013099121861159801
v -0.03018273040652275 -0.023167695850133896 -0.013294716365635395
v -0.025663727894425392 -0.018789920955896378 -0.014938748441636562
v -0.025873297825455666 -0.019200928509235382 -0.01433768030256033
v -0.026070598512887955 -0.019542312249541283 -0.013993505388498306
v -0.026455793529748917 -0.020123189315199852 -0.013586536981165409
v -0.02669067680835724 -0.020435690879821777 -0.01343389693647623
v -0.027282385155558586 -0.02112031914293766 -0.013222917914390564
v -0.028164172545075417 -0.021941205486655235 -0.013157774694263935
v -0.02910693734884262 -0.02262922003865242 -0.013247642666101456
v -0.03013209067285061 -0.023209186270833015 -0.01342818420380354
v -0.03148982673883438 -0.023762503638863564 -0.013697478920221329
v -0.031525108963251114 -0.023729266598820686 -0.013581040315330029
v -0.02902430295944214 -0.02272246964275837 -0.013361982069909573
v -0.030068591237068176 -0.023286039009690285 -0.013538461178541183
v -0.03243010491132736 -0.02398783527314663 -0.013745924457907677
v -0.032405558973550797 -0.024018097668886185 -0.013853725977241993
v -0.03240500018000603 -0.02401898428797722 -0.013855869881808758
v -0.02227826416492462 -0.02125009335577488 0.00047748786164447665
v -0.026194283738732338 -0.021399173885583878 0.0005029527237638831
v -0.022309133782982826 -0.021122083067893982 -0.003520344151183963
v -0.026225155219435692 -0.02127116359770298 -0.003494879463687539
v -0.022141674533486366 -0.02434239163994789 0.0033790443558245897
v -0.02206604927778244 -0.026339922100305557 0.0033144992776215076
v -0.031098585575819016 -0.024683374911546707 0.0034372888039797544
v -0.03382863476872444 -0.026787715032696724 0.0033909883350133896
v -0.032471708953380585 -0.025077758356928825 0.0034352634102106094
v -0.03388563171029091 -0.02528219297528267 0.003439635271206498
v -0.03254888206720352 -0.024757731705904007 -0.006559316068887711
v -0.033962808549404144 -0.02496216632425785 -0.0065549444407224655
v -0.03390581160783768 -0.026467688381671906 -0.006603591609746218
v -0.022143224254250526 -0.02601989544928074 -0.006680080201476812
v -0.022218849509954453 -0.024022364988923073 -0.006615535356104374
v -0.031175760552287102 -0.02436334639787674 -0.006557290907949209
v -0.029864076524972916 -0.023861881345510483 -0.006517014466226101
v -0.022272465750575066 -0.02253708615899086 -0.006165420636534691
v -0.027942094951868057 -0.022755565121769905 -0.006130187772214413
v -0.022252770140767097 -0.023101164028048515 -0.0064388662576675415
v -0.028088519349694252 -0.02285856194794178 -0.006187038030475378
v -0.02904101274907589 -0.023448949679732323 -0.006425360683351755
v -0.027036122977733612 -0.02203275077044964 -0.005549713969230652
v -0.02712135948240757 -0.022107556462287903 -0.005628833081573248
v -0.02773483842611313 -0.022603586316108704 -0.006036495324224234
v -0.022310735657811165 -0.02123907022178173 -0.00445163156837225
v -0.026293018832802773 -0.02132345922291279 -0.004143355879932642
v -0.02230551280081272 -0.02147551067173481 -0.005032502580434084
v -0.026331866160035133 -0.021361084654927254 -0.004309679847210646
v -0.0222811046987772 -0.02227952890098095 -0.005985989701002836
v -0.022301077842712402 -0.021637892350554466 -0.005301234778016806
v -0.026631247252225876 -0.021656734868884087 -0.0050348457880318165
v -0.026562681421637535 -0.021589821204543114 -0.004911783616989851
v -0.022251488640904427 -0.021699529141187668 0.0019637036602944136
v -0.02657676301896572 -0.021882668137550354 0.002021180698648095
v -0.026510069146752357 -0.02180798538029194 0.0019016077276319265
v -0.026288459077477455 -0.021541088819503784 0.0013118810020387173
v -0.02625216171145439 -0.021492881700396538 0.0011477249208837748
v -0.022265557199716568 -0.02142641693353653 0.0013992975000292063
v -0.022201495245099068 -0.02283138781785965 0.0030257466714829206
v -0.02787109836935997 -0.023049965500831604 0.003064077580347657
v -0.027665236964821815 -0.02289220318198204 0.002977113239467144
v -0.02705787494778633 -0.022370807826519012 0.0025926020462065935
v -0.02697383426129818 -0.022291051223874092 0.0025171246379613876
v -0.022212771698832512 -0.02256288379430771 0.0028633137699216604
v -0.022242991253733635 -0.021878767758607864 0.0022213973570615053
v -0.02978743240237236 -0.02417971007525921 0.003408943535760045
v -0.028965674340724945 -0.023761356249451637 0.0033312069717794657
v -0.028016680851578712 -0.023156460374593735 0.0031164747197180986
v -0.022177862003445625 -0.023411793634295464 0.0032622115686535835
v -0.03252367302775383 -0.024835608899593353 0.0035104418639093637
v -0.03390376269817352 -0.025037474930286407 0.0035132882185280323
v -0.03123481012880802 -0.024309899657964706 0.0036565184127539396
v -0.03119797632098198 -0.024410288780927658 0.0035423438530415297
v -0.031183240935206413 -0.024450622498989105 0.0035124188289046288
v -0.03115103580057621 -0.024538982659578323 0.003466802416369319
v -0.033903930336236954 -0.025035176426172256 0.003514709649607539
v -0.03256067633628845 -0.02466263249516487 0.0036993783432990313
v -0.03124418295919895 -0.024284517392516136 0.003701319918036461
v -0.03125792741775513 -0.02424762398004532 0.0037981511559337378
v -0.03391622379422188 -0.024859698489308357 0.0037015981506556273
v -0.03391629084944725 -0.024858638644218445 0.003703569993376732
v -0.027808187529444695 -0.02275848761200905 0.0029396922327578068
v -0.027929559350013733 -0.02260466292500496 0.0029760210309177637
v -0.027370521798729897 -0.022109320387244225 0.002565963426604867
v -0.02801007777452469 -0.022455155849456787 0.0030803284607827663
v -0.027460260316729546 -0.021944014355540276 0.002656684722751379
v -0.028036948293447495 -0.022333724424242973 0.003236045129597187
v -0.027481673285365105 -0.021793287247419357 0.002799621783196926
v -0.02998773194849491 -0.02377667836844921 0.0036029221955686808
v -0.029935501515865326 -0.023889794945716858 0.003487412119284272
v -0.03001672402024269 -0.023703226819634438 0.0037533571012318134
v -0.029866060242056847 -0.02402951940894127 0.003420164342969656
v -0.029064904898405075 -0.023610912263393402 0.0033259503543376923
v -0.02915143594145775 -0.02346392534673214 0.003384361043572426
v -0.02921401523053646 -0.023339485749602318 0.003498845035210252
v -0.02924450859427452 -0.023253794759511948 0.003654515603557229
v -0.02836107648909092 -0.022611144930124283 0.003397847292944789
v -0.02833227999508381 -0.022720076143741608 0.003240044927224517
v -0.02825683355331421 -0.022861767560243607 0.003131283214315772
v -0.028146080672740936 -0.02301490306854248 0.003087919671088457
v -0.027405377477407455 -0.021711478009819984 0.0027151955291628838
v -0.02704676426947117 -0.0212960597127676 0.002167273545637727
v -0.026986829936504364 -0.021220698952674866 0.0020365349482744932
v -0.02678835764527321 -0.020952479913830757 0.0013966335682198405
v -0.026755990460515022 -0.02090412937104702 0.0012195120798423886
v -0.02670491300523281 -0.020809441804885864 0.0005257789161987603
v -0.02738494984805584 -0.02186725102365017 0.002575621707364917
v -0.027031732723116875 -0.021480003371834755 0.002054426120594144
v -0.026972811669111252 -0.02141019143164158 0.001931048696860671
v -0.02677779830992222 -0.0211627259850502 0.0013306972105056047
v -0.026745988056063652 -0.021118242293596268 0.001165243680588901
v -0.02669563889503479 -0.021031102165579796 0.0005186097696423531
v -0.027293885126709938 -0.022035015746951103 0.0024877097457647324
v -0.026934215798974037 -0.02166043594479561 0.001985656563192606
v -0.026874177157878876 -0.02159295789897442 0.0018670206191018224
v -0.026675332337617874 -0.021353881806135178 0.0012904595350846648
v -0.02664285898208618 -0.021310940384864807 0.0011317068710923195
v -0.026591286063194275 -0.021226882934570312 0.0005115350359119475
v -0.027228113263845444 -0.022260375320911407 0.0025432833936065435
v -0.027148272842168808 -0.02218511514365673 0.002466991078108549
v -0.02677246741950512 -0.021803589537739754 0.001973837148398161
v -0.02670956216752529 -0.02173447050154209 0.001856547431088984
v -0.026500901207327843 -0.021488752216100693 0.001283752266317606
v -0.026466773822903633 -0.021444523707032204 0.001125460141338408
v -0.026412416249513626 -0.021358197554945946 0.0005059491377323866
v -0.026735782623291016 -0.020681431517004967 -0.003472053213045001
v -0.026726510375738144 -0.02090309001505375 -0.0034792223013937473
v -0.02662215568125248 -0.021098870784044266 -0.003486297093331814
v -0.02644328586757183 -0.021230187267065048 -0.003491882933303714
v -0.03134043514728546 -0.02390548214316368 -0.006887037772685289
v -0.031325217336416245 -0.023948488757014275 -0.006792988628149033
v -0.031315166503190994 -0.023976679891347885 -0.0067500523291528225
v -0.030067147687077522 -0.023447364568710327 -0.006681700237095356
v -0.03126145154237747 -0.024126306176185608 -0.006616062950342894
v -0.03122858889400959 -0.024217389523983 -0.006576694548130035
v -0.029942795634269714 -0.023711318150162697 -0.006517389789223671
v -0.030013196170330048 -0.02356761321425438 -0.006574482191354036
v -0.03127662464976311 -0.024084150791168213 -0.006643115542829037
v -0.03009841963648796 -0.02336445450782776 -0.006826662924140692
v -0.029324550181627274 -0.022921884432435036 -0.006711198017001152
v -0.028436945751309395 -0.022296534851193428 -0.0064276037737727165
v -0.02914007566869259 -0.02329920046031475 -0.006408960558474064
v -0.028217393904924393 -0.022719183936715126 -0.00614749314263463
v -0.02787712775170803 -0.02247261069715023 -0.005988396238535643
v -0.027290761470794678 -0.022000588476657867 -0.005569931119680405
v -0.02720971591770649 -0.021930325776338577 -0.005490221083164215
v -0.02682616002857685 -0.02158094197511673 -0.004979527089744806
v -0.02676141820847988 -0.021519437432289124 -0.00485904049128294
v -0.02654382400214672 -0.02131076157093048 -0.004274986684322357
v -0.026507236063480377 -0.02127673290669918 -0.004114734940230846
v -0.029227424412965775 -0.02314882166683674 -0.006456506904214621
v -0.028328726068139076 -0.022563643753528595 -0.00617925776168704
v -0.027998970821499825 -0.022316835820674896 -0.006012933794409037
v -0.027433427050709724 -0.021848464384675026 -0.005580701865255833
v -0.027355557307600975 -0.02177927829325199 -0.005499046761542559
v -0.02698799967765808 -0.021437404677271843 -0.004979667719453573
v -0.026926105841994286 -0.021377624943852425 -0.004857898689806461
v -0.026718270033597946 -0.021175824105739594 -0.004270360805094242
v -0.02668333239853382 -0.0211431086063385 -0.00410970626398921
v -0.029291700571775436 -0.023017343133687973 -0.0065618171356618404
v -0.028405772522091866 -0.022415321320295334 -0.00627755606546998
v -0.02808101288974285 -0.022161003202199936 -0.006106209009885788
v -0.027524473145604134 -0.021677738055586815 -0.00565926730632782
v -0.027447884902358055 -0.02160627953708172 -0.005574631039053202
v -0.027086477726697922 -0.021252991631627083 -0.005035241600126028
v -0.027025625109672546 -0.02119118720293045 -0.004908574745059013
v -0.026821251958608627 -0.020982537418603897 -0.004296702332794666
v -0.026786871254444122 -0.020948711782693863 -0.0041292523965239525
v -0.02811022289097309 -0.022029871121048927 -0.006253405474126339
v -0.027548015117645264 -0.02151818573474884 -0.005791922099888325
v -0.027470385655760765 -0.021441906690597534 -0.005703622475266457
v -0.027103157714009285 -0.0210622139275074 -0.005135845392942429
v -0.027041176334023476 -0.02099533937871456 -0.005001494195312262
v -0.02683272399008274 -0.020768508315086365 -0.004348883405327797
v -0.026797601953148842 -0.020731572061777115 -0.004169552121311426
v -0.03398195281624794 -0.024713246151804924 -0.006612502969801426
v -0.03260188177227974 -0.024511294439435005 -0.006618039682507515
v -0.03398214280605316 -0.02471086196601391 -0.0066137718968093395
v -0.032641708850860596 -0.02432660385966301 -0.006794930435717106
v -0.03399732708930969 -0.024522610008716583 -0.006790739018470049
v -0.033997226506471634 -0.024523794651031494 -0.006788840051740408
v -0.021059077233076096 -0.0263338852673769 0.004307459574192762
v -0.02119681052863598 -0.026322979480028152 0.0038086010608822107
v -0.021272433921694756 -0.024325449019670486 0.003873145906254649
v -0.021565387025475502 -0.02632519043982029 0.0034451521933078766
v -0.021641012281179428 -0.024327658116817474 0.0035096972715109587
v -0.021770427003502846 -0.02128145843744278 0.0014415387995541096
v -0.021390637382864952 -0.021451221778988838 0.0025225579738616943
v -0.021355383098125458 -0.022249354049563408 0.003271460300311446
v -0.02174685150384903 -0.02175401709973812 0.0023003516253083944
v -0.021715285256505013 -0.022468676790595055 0.002970934845507145
v -0.021314652636647224 -0.023239746689796448 0.0037368410266935825
v -0.02167881466448307 -0.023355498909950256 0.0033876472152769566
v -0.02143178880214691 -0.020717766135931015 0.0004879967891611159
v -0.02141696587204933 -0.020923471078276634 0.0015634414739906788
v -0.021783700212836266 -0.021097270771861076 0.0004785624332726002
v -0.021462660282850266 -0.020589755848050117 -0.0035098353400826454
v -0.02181457169353962 -0.02096925862133503 -0.0035192696377635
v -0.02175568975508213 -0.023036712780594826 -0.006568127777427435
v -0.021429957821965218 -0.02194010652601719 -0.006386421155184507
v -0.021453261375427246 -0.021191535517573357 -0.0055875410325825214
v -0.02178528904914856 -0.02217838540673256 -0.006095025688409805
v -0.021806156262755394 -0.021508101373910904 -0.005379691254347563
v -0.021464528515934944 -0.020726235583424568 -0.004596336744725704
v -0.02181624434888363 -0.021091461181640625 -0.0044921464286744595
v -0.021357327699661255 -0.02397341839969158 -0.007120891939848661
v -0.021396901458501816 -0.022898681461811066 -0.006914777681231499
v -0.02172025479376316 -0.023999055847525597 -0.006752686109393835
v -0.02115168608725071 -0.025949852541089058 -0.007686036638915539
v -0.02128170244395733 -0.025970948860049248 -0.0071854367852211
v -0.021644629538059235 -0.025996588170528412 -0.006817231420427561
v -0.034363195300102234 -0.02531208097934723 0.003805047133937478
v -0.034037280827760696 -0.026797140017151833 0.0034381714649498463
v -0.034090764820575714 -0.025291429832577705 0.0034851853270083666
v -0.03420696035027504 -0.026807770133018494 0.003568348940461874
v -0.0342622809112072 -0.025302119553089142 0.0036150224041193724
v -0.03406761586666107 -0.02488151378929615 0.003734810743480921
v -0.034089431166648865 -0.025053124874830246 0.0035561902914196253
v -0.03432121500372887 -0.025072377175092697 0.004016178660094738
v -0.034353096038103104 -0.025133250281214714 0.003913951106369495
v -0.03421508148312569 -0.024930724874138832 0.004001586697995663
v -0.03424396365880966 -0.024977639317512512 0.003812621347606182
v -0.03415527939796448 -0.024883050471544266 0.003992716781795025
v -0.034031134098768234 -0.02482224442064762 0.003973530605435371
v -0.034261226654052734 -0.025113483890891075 0.003671228652819991
v -0.034362614154815674 -0.025208115577697754 0.0038360245525836945
v -0.03412748500704765 -0.025093965232372284 0.005099374335259199
v -0.0339660719037056 -0.024905139580368996 0.005070492159575224
v -0.03330889344215393 -0.024926351383328438 0.007902657613158226
v -0.033454641699790955 -0.025112835690379143 0.00794561579823494
v -0.032578155398368835 -0.025041600689291954 0.010673245415091515
v -0.03245258703827858 -0.024859270080924034 0.010617056861519814
v -0.03245062008500099 -0.024857506155967712 0.010616237297654152
v -0.032541219145059586 -0.025059375911951065 0.010768926702439785
v -0.032385434955358505 -0.02489156275987625 0.010787850245833397
v -0.03230755776166916 -0.024995550513267517 0.010928408242762089
v -0.03244452923536301 -0.025070948526263237 0.010886875912547112
v -0.032329071313142776 -0.025005143135786057 0.01092490367591381
v -0.032550133764743805 -0.025164315477013588 0.010807485319674015
v -0.032509706914424896 -0.02512287348508835 0.010845541022717953
v -0.03238479420542717 -0.02523203007876873 0.01101812906563282
v -0.03248969465494156 -0.025332866236567497 0.01094442792236805
v -0.03224785625934601 -0.025151150301098824 0.011054325848817825
v -0.03210582211613655 -0.025455249473452568 0.011355103924870491
v -0.031803302466869354 -0.02589019201695919 0.011990058235824108
v -0.03159771487116814 -0.02607136033475399 0.012412122450768948
v -0.0312130618840456 -0.026233835145831108 0.013176585547626019
v -0.030998846516013145 -0.026243025436997414 0.01358779240399599
v -0.03057316318154335 -0.026111600920557976 0.01437564380466938
v -0.030410317704081535 -0.026009870693087578 0.014667520299553871
v -0.03234611824154854 -0.025662600994110107 0.01127160806208849
v -0.03204100951552391 -0.026135552674531937 0.011962709948420525
v -0.03183406591415405 -0.026333650574088097 0.012422492727637291
v -0.03144754841923714 -0.026514073833823204 0.013256337493658066
v -0.031232628971338272 -0.02652686834335327 0.01370557863265276
v -0.03080623224377632 -0.02639058791100979 0.01456813421100378
v -0.030643358826637268 -0.026282748207449913 0.014888443984091282
v -0.030243374407291412 -0.025871319696307182 0.015657540410757065
v -0.03012954816222191 -0.025708310306072235 0.015872949734330177
v -0.029819509014487267 -0.025106368586421013 0.016457734629511833
v -0.029715795069932938 -0.02482166700065136 0.016655733808875084
v -0.032242827117443085 -0.025546755641698837 0.011331647634506226
v -0.03194102272391319 -0.025996500626206398 0.011993493884801865
v -0.031736310571432114 -0.026183471083641052 0.012433413416147232
v -0.03135408088564873 -0.02635018341243267 0.01323010679334402
v -0.031141670420765877 -0.02635866217315197 0.013658539392054081
v -0.030720697715878487 -0.026220308616757393 0.014478976838290691
v -0.030560104176402092 -0.026114068925380707 0.014782708138227463
v -0.030166426673531532 -0.0257137268781662 0.015509090386331081
v -0.030009711161255836 -0.02562507800757885 0.015366356819868088
v -0.03005463257431984 -0.02555633895099163 0.015711598098278046
v -0.029895490035414696 -0.02547340840101242 0.015561476349830627
v -0.029750864952802658 -0.024979228153824806 0.01625850796699524
v -0.029583659023046494 -0.02491571009159088 0.01608947105705738
v -0.02964954450726509 -0.024708181619644165 0.016442500054836273
v -0.02947898767888546 -0.024652978405356407 0.016267571598291397
v -0.029544049873948097 -0.02410672791302204 0.017000114545226097
v -0.029521696269512177 -0.024057548493146896 0.016850966960191727
v -0.02948208898305893 -0.024032006040215492 0.0167606882750988
v -0.029420476406812668 -0.024011410772800446 0.016674311831593513
v -0.02930472418665886 -0.023995503783226013 0.016576413065195084
v -0.029254643246531487 -0.02399381622672081 0.016548726707696915
v -0.029363233596086502 -0.02383175864815712 0.016783220693469048
v -0.02947690337896347 -0.02391696721315384 0.01693619228899479
v -0.029478391632437706 -0.024020498618483543 0.01717325672507286
v -0.029516125097870827 -0.024047186598181725 0.017094580456614494
v -0.029421964660286903 -0.023863207548856735 0.017086535692214966
v -0.029166147112846375 -0.023843886330723763 0.017687276005744934
v -0.029116526246070862 -0.023690178990364075 0.017598183825612068
v -0.02816399373114109 -0.023161109536886215 0.019230514764785767
v -0.027690207585692406 -0.022766370326280594 0.01991155743598938
v -0.026817457750439644 -0.02188149467110634 0.021099401637911797
v -0.026036199182271957 -0.020844561979174614 0.02210352011024952
v -0.026049906387925148 -0.020793674513697624 0.02205081097781658
v -0.02813606709241867 -0.023020653054118156 0.01913430541753769
v -0.02767246775329113 -0.022633276879787445 0.019812200218439102
v -0.02681838721036911 -0.021764423698186874 0.020994514226913452
v -0.026053765788674355 -0.020745722576975822 0.02199387736618519
v -0.025924140587449074 -0.020593641325831413 0.022210251539945602
v -0.025928804650902748 -0.020547349005937576 0.022153878584504128
v -0.023699546232819557 -0.019239410758018494 0.025006504729390144
v -0.023617414757609367 -0.019154928624629974 0.024950340390205383
v -0.024101929739117622 -0.019217897206544876 0.02432982064783573
v -0.02420974150300026 -0.019402800127863884 0.024429630488157272
v -0.023760957643389702 -0.01934676803648472 0.02504822611808777
v -0.025201493874192238 -0.019723322242498398 0.02299809642136097
v -0.024522369727492332 -0.019344301894307137 0.023809226229786873
v -0.025495246052742004 -0.01998049020767212 0.022655945271253586
v -0.02460002526640892 -0.019518975168466568 0.02391080930829048
v -0.025231817737221718 -0.019871365278959274 0.023102793842554092
v -0.025505540892481804 -0.020111627876758575 0.02276214025914669
v -0.022111801430583 -0.01914329081773758 0.027250714600086212
v -0.022248869761824608 -0.019259462133049965 0.02732672728598118
v -0.022337062284350395 -0.01942676305770874 0.027374619618058205
v -0.022781958803534508 -0.017581887543201447 -0.030241630971431732
v -0.022692956030368805 -0.017417948693037033 -0.03018449991941452
v -0.0225546732544899 -0.01730681024491787 -0.03010333515703678
v -0.02402462437748909 -0.01746632345020771 -0.027785465121269226
v -0.02410765551030636 -0.017547082155942917 -0.02784564532339573
v -0.02416975609958172 -0.017651580274105072 -0.027893196791410446
v -0.02628951705992222 -0.019078515470027924 -0.025107765570282936
v -0.02629328891634941 -0.019035926088690758 -0.025048481300473213
v -0.02615925669670105 -0.01881335861980915 -0.02519494667649269
v -0.02615123987197876 -0.018914807587862015 -0.025309685617685318
v -0.026276154443621635 -0.019124044105410576 -0.02516336925327778
v -0.024746820330619812 -0.017656389623880386 -0.026849886402487755
v -0.025496527552604675 -0.018092000856995583 -0.025944771245121956
v -0.02601403184235096 -0.01861175335943699 -0.025355516001582146
v -0.026015939190983772 -0.018725326284766197 -0.025470014661550522
v -0.02553427964448929 -0.01823718473315239 -0.02605801448225975
v -0.024838095530867577 -0.01782887987792492 -0.02696061320602894
v -0.026412907987833023 -0.019288398325443268 -0.02495952695608139
v -0.02710627391934395 -0.02024928294122219 -0.024032777175307274
v -0.02710570953786373 -0.020358098670840263 -0.024145260453224182
v -0.027987780049443245 -0.021361371502280235 -0.022972004488110542
v -0.02887030877172947 -0.022161543369293213 -0.02168777957558632
v -0.02796916663646698 -0.021235475316643715 -0.02286442369222641
v -0.028832348063588142 -0.022021779790520668 -0.021585717797279358
v -0.02976733259856701 -0.02282232791185379 -0.020246075466275215
v -0.029709497466683388 -0.02267087996006012 -0.020150352269411087
v -0.029689136892557144 -0.02264288440346718 -0.02012690342962742
v -0.029646078124642372 -0.02265886962413788 -0.019846588373184204
v -0.029762137681245804 -0.022734174504876137 -0.020002925768494606
v -0.02983035519719124 -0.022919489070773125 -0.020077813416719437
v -0.029803860932588577 -0.022854013368487358 -0.020168695598840714
v -0.029805680736899376 -0.022879941388964653 -0.01992618665099144
v -0.029764670878648758 -0.02286020666360855 -0.019835080951452255
v -0.029701722785830498 -0.022845149040222168 -0.019748525694012642
v -0.02958446554839611 -0.02283547818660736 -0.019651606678962708
v -0.02953396365046501 -0.022835541516542435 -0.01962464489042759
v -0.029640816152095795 -0.02311244234442711 -0.019562173634767532
v -0.02988548018038273 -0.02322123758494854 -0.01997760497033596
v -0.02981848083436489 -0.023144705221056938 -0.019743096083402634
v -0.02970889024436474 -0.02336798794567585 -0.019454633817076683
v -0.02995259128510952 -0.024000797420740128 -0.01906525529921055
v -0.03014076128602028 -0.02434455044567585 -0.0187566876411438
v -0.030506521463394165 -0.0248220544308424 -0.018133113160729408
v -0.030697034671902657 -0.0249978918582201 -0.017794765532016754
v -0.031112806871533394 -0.025237159803509712 -0.017021117731928825
v -0.031274449080228806 -0.02527792379260063 -0.01670638658106327
v -0.03166639059782028 -0.025243738666176796 -0.015908000990748405
v -0.03180122748017311 -0.025181969627738 -0.015621195547282696
v -0.02995239570736885 -0.023499220609664917 -0.01985740289092064
v -0.029883824288845062 -0.02340763621032238 -0.019632328301668167
v -0.030193205922842026 -0.02418547123670578 -0.01942410133779049
v -0.030119508504867554 -0.024060677736997604 -0.019230127334594727
v -0.030379848554730415 -0.02455674298107624 -0.019082318991422653
v -0.030302710831165314 -0.024416645988821983 -0.018910523504018784
v -0.030743621289730072 -0.02507014013826847 -0.018394647166132927
v -0.030660783872008324 -0.024912647902965546 -0.018263235688209534
v -0.03093348629772663 -0.025258181616663933 -0.01802280731499195
v -0.030848059803247452 -0.025095852091908455 -0.0179115142673254
v -0.03134856000542641 -0.02551181986927986 -0.017175063490867615
v -0.031258128583431244 -0.02534620277583599 -0.017106521874666214
v -0.031510163098573685 -0.0255538672208786 -0.01683097891509533
v -0.03141796961426735 -0.025389384478330612 -0.016778849065303802
v -0.03190259635448456 -0.025512194260954857 -0.01595967821776867
v -0.03180639073252678 -0.025356099009513855 -0.015947364270687103
v -0.032037798315286636 -0.025443915277719498 -0.015647126361727715
v -0.0319402702152729 -0.025292761623859406 -0.0156486164778471
v -0.032368600368499756 -0.025125687941908836 -0.01485474780201912
v -0.03226790204644203 -0.024992316961288452 -0.014890402555465698
v -0.032493311911821365 -0.024933723732829094 -0.014546099118888378
v -0.03239140659570694 -0.024809785187244415 -0.014594808220863342
v -0.03274106979370117 -0.024372542276978493 -0.013919886201620102
v -0.032701216638088226 -0.02432873286306858 -0.013955832459032536
v -0.03263666108250618 -0.02427423559129238 -0.013994760811328888
v -0.032521769404411316 -0.024206075817346573 -0.014030278660356998
v -0.03213063254952431 -0.0248905997723341 -0.01489333063364029
v -0.03225458785891533 -0.02471396140754223 -0.014609565027058125
v -0.03250030800700188 -0.024196268990635872 -0.014033492654561996
v -0.03273151069879532 -0.024270281195640564 -0.013874835334718227
v -0.032575953751802444 -0.02410152368247509 -0.013885386288166046
v -0.032638467848300934 -0.024078546091914177 -0.013710960745811462
v -0.032640449702739716 -0.02408025600016117 -0.013711861334741116
v -0.03276696056127548 -0.024258680641651154 -0.013777654618024826
v -0.03300430625677109 -0.0241937804967165 -0.012590661644935608
v -0.033139679580926895 -0.024374550208449364 -0.01265102718025446
v -0.033876195549964905 -0.02457697130739689 -0.009930542670190334
v -0.03372300788760185 -0.024392081424593925 -0.009883498772978783
v -0.034407131373882294 -0.02471611462533474 -0.007110096514225006
v -0.03430071473121643 -0.02457563206553459 -0.007088111713528633
v -0.034240759909152985 -0.024528592824935913 -0.007077133748680353
v -0.03411630168557167 -0.024469077587127686 -0.007056014146655798
v -0.03414912521839142 -0.024543514475226402 -0.006821040995419025
v -0.0343267023563385 -0.024634553119540215 -0.006902111694216728
v -0.034168265759944916 -0.02472621202468872 -0.006653449032455683
v -0.03434184938669205 -0.024779172614216805 -0.006769448984414339
v -0.034445811063051224 -0.024863118305802345 -0.006938377395272255
v -0.03443745896220207 -0.024783415719866753 -0.007011492736637592
v -0.03416861966252327 -0.024968571960926056 -0.006597822066396475
v -0.03434212878346443 -0.024971017614006996 -0.006725415587425232
v -0.03444596752524376 -0.02496885135769844 -0.006914108991622925
v -0.03428683429956436 -0.0264765415340662 -0.006776014342904091
v -0.03411516547203064 -0.026474177837371826 -0.006648056674748659
v -0.021128203719854355 -0.020153474062681198 0.02985917031764984
v -0.02085595577955246 -0.027344567701220512 0.02962680719792843
v -0.021428216248750687 -0.020323313772678375 -0.017271533608436584
v -0.021411418914794922 -0.020862950012087822 -0.01784743368625641
v -0.021384162828326225 -0.021617967635393143 -0.01807624287903309
v -0.02135375514626503 -0.022386064752936363 -0.01789664849638939
v -0.021328341215848923 -0.02296142652630806 -0.01735677756369114
v -0.021314730867743492 -0.023189887404441833 -0.016601283103227615
v -0.021316571161150932 -0.02301023155450821 -0.015832602977752686
v -0.021333370357751846 -0.022470595315098763 -0.015256703831255436
v -0.021360624581575394 -0.021715575829148293 -0.015027894638478756
v -0.02139103412628174 -0.02094748057425022 -0.015207488089799881
v -0.021416448056697845 -0.020372116938233376 -0.01574735902249813
v -0.021430058404803276 -0.02014365792274475 -0.016502853482961655
v -0.02056613191962242 -0.026287149637937546 0.0034386541228741407
v -0.02006753906607628 -0.02626384049654007 0.0033015033695846796
v -0.020117120817303658 -0.02605823613703251 -0.0031196025665849447
v -0.020144714042544365 -0.02594381384551525 -0.006693076342344284
v -0.020645374432206154 -0.025958547368645668 -0.006823729258030653
v -0.019886629655957222 -0.026005277410149574 -0.004488509148359299
v -0.020929060876369476 -0.02631278708577156 0.003806859953328967
v -0.021013952791690826 -0.025960756465792656 -0.0071871778927743435
v -0.03463393449783325 -0.02665689028799534 -0.00160131580196321
v -0.018153920769691467 -0.025835730135440826 -0.0077055273577570915
v -0.018224401399493217 -0.025850560516119003 -0.007329113315790892
v -0.018145345151424408 -0.025871293619275093 -0.006594822742044926
v -0.018437843769788742 -0.02586926706135273 -0.007000262849032879
v -0.019201837480068207 -0.02594035305082798 -0.005695440340787172
v -0.01876148022711277 -0.02588866651058197 -0.006779058370739222
v -0.019145458936691284 -0.025905773043632507 -0.006699574179947376
v 0.02007148414850235 -0.017851954326033592 0.030893485993146896
v 0.01966039277613163 -0.018200106918811798 0.03067603148519993
v 0.018823590129613876 -0.018880492076277733 0.03050238825380802
v 0.012388584204018116 -0.0226320568472147 0.026600057259202003
v 0.013014676980674267 -0.022356374189257622 0.026934050023555756
v 0.0138862831518054 -0.021926749497652054 0.026941075921058655
v 0.011326305568218231 -0.02303675375878811 0.025339119136333466
v 0.013473765924572945 -0.022035952657461166 0.02418927289545536
v 0.011784498579800129 -0.022873634472489357 0.026043249294161797
v 0.014743519015610218 -0.021469129249453545 0.026949109509587288
v 0.015337069518864155 -0.021118884906172752 0.02662574127316475
v 0.015892885625362396 -0.020765243098139763 0.02607940137386322
v 0.016302496194839478 -0.02048295922577381 0.025382468476891518
v -0.012446239590644836 -0.02237982489168644 0.024597080424427986
v -0.012628072872757912 -0.022292552515864372 0.024518828839063644
v -0.014167212881147861 -0.021585168316960335 0.0271686352789402
v -0.012769890017807484 -0.02222386933863163 0.024472463876008987
v -0.013344714418053627 -0.02193935215473175 0.024399451911449432
v -0.017380032688379288 -0.019654616713523865 0.030757155269384384
v -0.01815686747431755 -0.019087789580225945 0.03134613484144211
v -0.017400583252310753 -0.019643502309918404 0.03090047463774681
v -0.017004506662487984 -0.019923025742173195 0.03078475408256054
v -0.017407042905688286 -0.01954260841012001 0.02725905552506447
v -0.01673283986747265 -0.02011021040380001 0.030743444338440895
v -0.015406318940222263 -0.020871654152870178 0.027201049029827118
v -0.016559867188334465 -0.02022751234471798 0.030732478946447372
v -0.012399692088365555 -0.022572848945856094 0.030625255778431892
v -0.01838061399757862 -0.017208928242325783 -0.03405958414077759
v -0.01826104335486889 -0.017300596460700035 -0.03399580344557762
v 0.019456611946225166 -0.015864713117480278 -0.034241072833538055
v 0.019512725993990898 -0.01581428200006485 -0.03427289053797722
v 0.019568029791116714 -0.015764251351356506 -0.034306351095438004
v 0.017195703461766243 -0.023876361548900604 -0.026926055550575256
v 0.017021484673023224 -0.01927463337779045 -0.0267773624509573
v 0.013928038999438286 -0.02109570987522602 -0.026811785995960236
v 0.0009464570903219283 -0.0244949571788311 -0.026820389553904533
v 0.00229653506539762 -0.024414051324129105 -0.0268282238394022
v 0.005312756169587374 -0.02401749975979328 -0.026838816702365875
v 0.011156647466123104 -0.02235029637813568 -0.026830557733774185
v 0.008275638334453106 -0.023327361792325974 -0.026839597150683403
v -0.018188858404755592 -0.021411536261439323 0.012822452932596207
v -0.01832599751651287 -0.019228417426347733 0.004513872787356377
v -0.01819036714732647 -0.021264277398586273 0.013452517800033092
v -0.018202517181634903 -0.019740460440516472 0.020505201071500778
v -0.018179211765527725 -0.021451538428664207 0.014071774668991566
v -0.018158379942178726 -0.02192314900457859 0.014514291658997536
v -0.018175089731812477 -0.021853860467672348 0.012350402772426605
v -0.0181527491658926 -0.022472728043794632 0.01216285489499569
v -0.017985686659812927 -0.028217284008860588 0.004223421216011047
v -0.01812782511115074 -0.02310231328010559 0.012310062535107136
v -0.018106993287801743 -0.023573923856019974 0.01275258045643568
v -0.01786220632493496 -0.028729327023029327 0.02021474950015545
v -0.018095837906003 -0.023761184886097908 0.013371836394071579
v -0.018097346648573875 -0.023613926023244858 0.014001903124153614
v -0.01811111532151699 -0.023171601817011833 0.014473951421678066
v -0.018133455887436867 -0.02255273424088955 0.014661499299108982
v 0.011611522175371647 -0.024812450632452965 -0.0044988361187279224
v 0.020216621458530426 -0.023858247324824333 -0.023947173729538918
v 0.010109538212418556 -0.024856649339199066 -0.004890795331448317
v 0.019803421571850777 -0.02382553182542324 -0.025443749502301216
v 0.018697688356041908 -0.023832162842154503 -0.026534095406532288
v 0.01271725632250309 -0.024805821478366852 -0.0034084904473274946
v 0.01313045620918274 -0.024838535115122795 -0.0019119151402264833
v 0.020556192845106125 -0.025266366079449654 0.02002897672355175
v 0.004206618294119835 -0.02546892687678337 0.0071416874416172504
v 0.010155843570828438 -0.025048665702342987 0.0011059525422751904
v 0.008653858676552773 -0.02509286440908909 0.0007139932713471353
v -0.01679857075214386 -0.025183478370308876 -0.02630327269434929
v -0.017887353897094727 -0.02526039257645607 -0.02519865520298481
v -0.018277401104569435 -0.025323685258626938 -0.023696858435869217
v 0.012740408070385456 -0.024901829659938812 -0.0004101165395695716
v 0.011651623994112015 -0.024978742003440857 0.000694499583914876
v 0.020166145637631416 -0.02532966062426567 0.021530775353312492
v 0.0190773606300354 -0.025406572967767715 0.02263539284467697
v 0.017581580206751823 -0.025476496666669846 0.023046845570206642
v 0.0038165701553225517 -0.025532221421599388 0.00864348653703928
v 0.0027277865447103977 -0.025609133765101433 0.009748103097081184
v 0.0025487695820629597 -0.024866795167326927 -0.013435477390885353
v 0.003654502099379897 -0.024860164150595665 -0.012345131486654282
v 0.0010467850370332599 -0.02491099387407303 -0.013827436603605747
v -0.0004489957354962826 -0.02498091757297516 -0.013415983878076077
v -0.015302788466215134 -0.025113554671406746 -0.02671472541987896
v -0.0015377793461084366 -0.025057829916477203 -0.012311367318034172
v 0.00861375778913498 -0.024926573038101196 -0.004479342605918646
v 0.004067702684551477 -0.024892879649996758 -0.010848555713891983
v 0.007524974178522825 -0.02500348724424839 -0.0033747265115380287
v -0.0017889119917526841 -0.025697173550724983 0.007180674932897091
v -0.0013988637365400791 -0.025633879005908966 0.005678876303136349
v 0.0010930901626124978 -0.02510301023721695 -0.00783068872988224
v -0.0003100801259279251 -0.02555696666240692 0.004574260208755732
v 0.0025888709351420403 -0.02503308653831482 -0.008242141455411911
v 0.0011857006466016173 -0.02548704296350479 0.004162807483226061
v 0.0036776545457541943 -0.024956172332167625 -0.00934675708413124
v -0.0004088942368980497 -0.02514720894396305 -0.008222647942602634
v -0.00524618336930871 -0.02558656595647335 -0.00029315444407984614
v -0.0013757111737504601 -0.025729887187480927 0.00867725070565939
v -0.006334966514259577 -0.025663478299975395 0.0008114617085084319
v -0.007830747403204441 -0.025733401998877525 0.0012229145504534245
v 0.007134925574064255 -0.025066779926419258 -0.0018729277653619647
v 0.007548126392066479 -0.02509949542582035 -0.0003763524873647839
v 0.0026876849588006735 -0.02544284425675869 0.004554766695946455
v 0.0037934177089482546 -0.025436213240027428 0.005645112134516239
v 0.0005869432934559882 -0.025837035849690437 0.014292793348431587
v 0.0010991141898557544 -0.02585187554359436 0.015352191403508186
v 0.0012810764601454139 -0.0258825421333313 0.016514437273144722
v 0.0013323337770998478 -0.02609509415924549 0.023152509704232216
v -0.01673859730362892 -0.02580183744430542 -0.007096112705767155
v -0.0019278276013210416 -0.02512112446129322 -0.01080956868827343
v -0.015245452523231506 -0.025746943429112434 -0.007045551668852568
v -0.013874487020075321 -0.025714276358485222 -0.006450201850384474
v -0.006375067867338657 -0.025497186928987503 -0.004381874110549688
v -0.005269335582852364 -0.02549055777490139 -0.0032915284391492605
v -0.00485613476485014 -0.025523271411657333 -0.0017949531320482492
v -0.0015146267833188176 -0.025153838098049164 -0.009312992915511131
v -0.007877052761614323 -0.025541385635733604 -0.0047738333232700825
v -0.0093728331848979 -0.025611309334635735 -0.004362380597740412
v -0.01281721331179142 -0.025708401575684547 -0.005393228959292173
v -0.010461617261171341 -0.02568822354078293 -0.003257764270529151
v -0.010784944519400597 -0.025727905333042145 -0.002408536383882165
v -0.00833964068442583 -0.025751370936632156 0.001182760577648878
v -0.00026997862732969224 -0.025723258033394814 0.009767596609890461
v 0.0012320057721808553 -0.025679059326648712 0.010159555822610855
v -0.010527150705456734 -0.02878112718462944 0.030412007123231888
v -0.010559950023889542 -0.028645114973187447 0.026164313778281212
v -0.01066350657492876 -0.025179468095302582 0.030528387054800987
v -0.010696305893361568 -0.025043457746505737 0.026280691847205162
v -0.009814882650971413 -0.033555250614881516 0.008571463637053967
v -0.012273946776986122 -0.03353749215602875 0.0051405844278633595
v -0.0021423117723315954 -0.03304322808980942 0.0017150348285213113
v -0.00010636241495376453 -0.033134642988443375 0.006929534487426281
v 0.00010166313586523756 -0.03310088440775871 0.006128575187176466
v -0.0017737342277541757 -0.03304101899266243 0.00207848334684968
v 0.000682347861584276 -0.03305986523628235 0.0055394466035068035
v -0.0005041040130890906 -0.03301627188920975 0.002800179645419121
v 0.0014800975332036614 -0.033022571355104446 0.005320005118846893
v -3.442443812673446e-06 -0.03300153836607933 0.0029308325611054897
v 0.002281155902892351 -0.03299899771809578 0.005529049783945084
v 0.0029265934135764837 -0.032889991998672485 0.0029117793310433626
v 0.003425187198445201 -0.03286668658256531 0.0027746285777539015
v 0.0001140111853601411 -0.03315208852291107 0.007727708201855421
v -0.0026405607350170612 -0.03342248126864433 0.012868317775428295
v 0.0007037353352643549 -0.03314855322241783 0.008309226483106613
v 0.0015426096506416798 -0.03328179195523262 0.013415615074336529
v 0.0015047936467453837 -0.033124979585409164 0.008518270216882229
v 0.005716908257454634 -0.033104319125413895 0.012813971377909184
v 0.002302543492987752 -0.03308768570423126 0.008298829197883606
v 0.00957274716347456 -0.032903216779232025 0.011108008213341236
v 0.002883228240534663 -0.0330466665327549 0.0077097006142139435
v 0.012824155390262604 -0.03269340097904205 0.008424247615039349
v 0.003091253573074937 -0.033012911677360535 0.006908740848302841
v 0.01522999070584774 -0.03249043598771095 0.00496173370629549
v 0.016580361872911453 -0.03231552243232727 0.001130710355937481
v 0.004683544859290123 -0.032795194536447525 0.002036493504419923
v 0.0028708800673484802 -0.03299546241760254 0.006110568065196276
v -0.006522356998175383 -0.033515945076942444 0.011212670244276524
v -0.007582655176520348 -0.03307691588997841 -0.0036166354548186064
v -0.008380405604839325 -0.03311420977115631 -0.00339719420298934
v -0.011299596168100834 -0.03298140689730644 -0.01092740148305893
v -0.013211235404014587 -0.03317522630095482 -0.007168902549892664
v -0.008961090818047523 -0.033155228942632675 -0.0028080653864890337
v -0.014037522487342358 -0.03334015980362892 -0.0030326854903250933
v -0.00916911568492651 -0.03318898379802704 -0.0020071060862392187
v -0.013717172667384148 -0.0334639735519886 0.0011744857765734196
v -0.008948742412030697 -0.033206433057785034 -0.001208932721056044
v -0.0036269277334213257 -0.033017732203006744 -0.000813439313787967
v -0.006179525051265955 -0.03310101106762886 -0.0012269401922821999
v -0.00835901778191328 -0.033202897757291794 -0.0006274148472584784
v -0.007557959295809269 -0.03317932412028313 -0.0004183700948487967
v -0.006760209798812866 -0.033142030239105225 -0.0006378114921972156
v -0.0020432951860129833 -0.03278927505016327 -0.006028282921761274
v -0.002200497081503272 -0.032801948487758636 -0.0058202557265758514
v -0.006191872991621494 -0.0330498069524765 -0.0028260729741305113
v -0.002123432233929634 -0.032432593405246735 -0.017160683870315552
v -0.006781597621738911 -0.03305334225296974 -0.003407590789720416
v -0.004857347346842289 -0.03256568685173988 -0.016244927421212196
v -0.008444380946457386 -0.03277307748794556 -0.014029431156814098
v -0.003645917633548379 -0.032938987016677856 -0.003272728295996785
v -0.003743882058188319 -0.0329505056142807 -0.003031028900295496
v -0.005971499718725681 -0.0330672524869442 -0.002027899492532015
v -0.003775933524593711 -0.032960083335638046 -0.0027721289079636335
v -0.003764661028981209 -0.033006828278303146 -0.0013122977688908577
v -0.0018375691724941134 -0.03277631103992462 -0.0061884610913693905
v -0.002007239731028676 -0.0327867828309536 -0.006063070613890886
v -2.490441511326935e-05 -0.03257603943347931 -0.010262535884976387
v 0.009627573192119598 -0.032518159598112106 -0.0007443769136443734
v 0.010428630746901035 -0.03249458596110344 -0.0005353321903385222
v 0.0053138211369514465 -0.032744210213422775 0.0011970920022577047
v 0.005046472884714603 -0.03276955708861351 0.001668288023211062
v 0.01400760468095541 -0.03201797977089882 -0.011091967113316059
v 0.01597709394991398 -0.0320640467107296 -0.007358706556260586
v 0.011204993352293968 -0.03236860781908035 -0.00352455279789865
v 0.010403934866189957 -0.03239217773079872 -0.003733597695827484
v 0.0013658780371770263 -0.0325489304959774 -0.009471973404288292
v 0.009606185369193554 -0.032429471611976624 -0.003514156211167574
v 0.0005648197256959975 -0.03257250413298607 -0.009681018069386482
v 0.00902550108730793 -0.03247049078345299 -0.0029250276274979115
v 0.011226381175220013 -0.032457295805215836 -0.0007547735585831106
v 0.011807066388428211 -0.03241627290844917 -0.0013439023168757558
v 0.016611823812127113 -0.03230937197804451 0.0009772642515599728
v 0.012015091255307198 -0.03238251805305481 -0.002144861500710249
v 0.016867171972990036 -0.03216364234685898 -0.003233650466427207
v -3.72524700651411e-05 -0.03252483531832695 -0.011861668899655342
v -0.00024527800269424915 -0.03255859389901161 -0.01106070913374424
v 0.011794717982411385 -0.032365068793296814 -0.0029430349823087454
v 0.0005434323102235794 -0.032483816146850586 -0.012450797483325005
v -0.000804530514869839 -0.03237461671233177 -0.01740957796573639
v 0.0013411820400506258 -0.032446522265672684 -0.012670238502323627
v 0.0013033660361543298 -0.03228970989584923 -0.017567582428455353
v 0.0021422402933239937 -0.03242294862866402 -0.012461193837225437
v 0.0034134909510612488 -0.03221404179930687 -0.017437007278203964
v 0.0027319644577801228 -0.032419413328170776 -0.011879676021635532
v 0.0074838860891759396 -0.03209586441516876 -0.016325179487466812
v 0.011104772798717022 -0.03202885389328003 -0.014156553894281387
v 0.002952338196337223 -0.03243686258792877 -0.011081501841545105
v 0.0027443126309663057 -0.032470617443323135 -0.010280543006956577
v 0.0021636278834193945 -0.0325116403400898 -0.009691414423286915
v 0.006574590224772692 -0.032557688653469086 -0.0030981271993368864
v 0.006472903303802013 -0.032553769648075104 -0.0033385283313691616
v 0.009037848562002182 -0.03252169489860535 -0.0013258948456496
v 0.00649189343675971 -0.03263251855969429 -0.0008792394073680043
v 0.008817475289106369 -0.03250424936413765 -0.0021240683272480965
v 0.006621909327805042 -0.0326114185154438 -0.0013798389118164778
v 0.0066106365993618965 -0.0325646735727787 -0.0028396700508892536
v 0.004988287575542927 -0.03252827376127243 -0.005867002531886101
v 0.0046197096817195415 -0.03253048658370972 -0.006230451166629791
v 0.003350079758092761 -0.0325552336871624 -0.006952147465199232
v 0.0031083072535693645 -0.03256120905280113 -0.007050426676869392
v 0.002849418204277754 -0.032569967210292816 -0.007082800380885601
v -8.061777771217749e-05 -0.03268150985240936 -0.00706374691799283
v -0.0005792114534415305 -0.03270481899380684 -0.006926596164703369
v 0.03611668571829796 -0.023729491978883743 -0.009302418678998947
v 0.03616487979888916 -0.023929335176944733 -0.00306121027097106
v 0.03664364665746689 -0.02381044812500477 -0.0061795348301529884
v 0.03689104691147804 -0.023901689797639847 -0.003065932309255004
v -0.01936306431889534 -0.018267692998051643 0.004552643280476332
v -0.02036231942474842 -0.018305733799934387 0.004559141118079424
v -0.019239583984017372 -0.018779736012220383 0.02054397016763687
v -0.02014666423201561 -0.019200006499886513 0.03248763829469681
v -0.018967384472489357 -0.018815310671925545 0.021963825449347496
v -0.01934417337179184 -0.019260091707110405 0.03528739511966705
v -0.0188645850867033 -0.019241834059357643 0.03528427705168724
v -0.021184921264648438 -0.02133219875395298 0.014236380346119404
v -0.021198531612753868 -0.021103739738464355 0.01348088588565588
v -0.021196691319346428 -0.02128339558839798 0.01271220576018095
v -0.021179892122745514 -0.021823031827807426 0.0121363066136837
v -0.021152637898921967 -0.022578049451112747 0.01190749742090702
v -0.021122228354215622 -0.02334614470601082 0.012087090872228146
v -0.021096814423799515 -0.023921508342027664 0.01262696273624897
v -0.021083204075694084 -0.02414996735751629 0.013382455334067345
v -0.021085044369101524 -0.023970313370227814 0.014151136390864849
v -0.02110184356570244 -0.023430677130818367 0.014727036468684673
v -0.021129099652171135 -0.022675657644867897 0.014955844730138779
v -0.02115950733423233 -0.021907562389969826 0.014776251278817654
v 0.006276262458413839 -0.02550698071718216 0.023133166134357452
v 0.010178067721426487 -0.024452505633234978 0.02313680201768875
v 0.013909578323364258 -0.02289964258670807 0.02315771020948887
v 0.017407361418008804 -0.02087477035820484 0.0231955386698246
v 0.0017601324943825603 -0.026075849309563637 0.023149821907281876
v 0.00227048946544528 -0.026045138016343117 0.023146865889430046
v 0.037098538130521774 -0.024093827232718468 -0.003073686733841896
v 0.03723466396331787 -0.02768937684595585 -0.0031898675952106714
v 0.03684955835342407 -0.02400190383195877 -0.006210266146808863
v 0.036505699157714844 -0.02752179279923439 -0.009230297058820724
v 0.03631965443491936 -0.023920493200421333 -0.00935059692710638
v 0.03560337424278259 -0.027443861588835716 -0.012699334882199764
v 0.035465873777866364 -0.023815050721168518 -0.01258244551718235
v 0.03499171510338783 -0.023739974945783615 -0.013983688317239285
v 0.03471522405743599 -0.027396641671657562 -0.015201322734355927
v 0.034094054251909256 -0.023552631959319115 -0.016219886019825935
v 0.03357991203665733 -0.02735678106546402 -0.0177651047706604
v 0.0334281288087368 -0.023370157927274704 -0.017638033255934715
v 0.03192192316055298 -0.02732229232788086 -0.02077506110072136
v 0.030590835958719254 -0.02208063006401062 -0.02233613282442093
v 0.03188002482056618 -0.022780584171414375 -0.020414916798472404
v 0.03305155783891678 -0.023249005898833275 -0.018372364342212677
v 0.029248667880892754 -0.02109040878713131 -0.024061009287834167
v 0.028209587559103966 -0.02730097621679306 -0.0257843229919672
v 0.027923133224248886 -0.019734684377908707 -0.025539837777614594
v 0.0012443395098671317 -0.029098063707351685 -0.007959778420627117
v 0.002740120282396674 -0.029028138145804405 -0.008371231146156788
v 0.003828903893008828 -0.02895122580230236 -0.009475846774876118
v 0.004218952264636755 -0.028887931257486343 -0.01097764540463686
v 0.0038057512138038874 -0.0288552176207304 -0.012474221177399158
v 0.00270001869648695 -0.028861848637461662 -0.01356456708163023
v 0.001198034267872572 -0.028906047344207764 -0.013956526294350624
v -0.0002977464464493096 -0.028975971043109894 -0.013545073568820953
v -0.0013865301152691245 -0.02905288338661194 -0.012440457008779049
v -0.0017765782540664077 -0.029116177931427956 -0.010938658379018307
v -0.0013633775524795055 -0.0291488915681839 -0.009442082606256008
v -0.0002576449769549072 -0.029142262414097786 -0.008351737633347511
v -0.009948506951332092 -0.025986770167946815 0.00035315012792125344
v -0.009181482717394829 -0.029772654175758362 0.0007018655887804925
v -0.010429903864860535 -0.02601035311818123 -0.00026669687940739095
v -0.010287215933203697 -0.029779285192489624 -0.0003884801990352571
v -0.010738227516412735 -0.025926299393177032 -0.0009874756215140224
v -0.010700415819883347 -0.02974656969308853 -0.0018850555643439293
v -0.010310368612408638 -0.029683277010917664 -0.0033868541941046715
v -0.010849954560399055 -0.025796692818403244 -0.0017574254889041185
v -0.009328961372375488 -0.02587718889117241 0.0008277374436147511
v -0.0076794978231191635 -0.02972845546901226 0.0010938247432932258
v -0.0061837173998355865 -0.02965853177011013 0.0006823719013482332
v -0.0050949337892234325 -0.029581617563962936 -0.00042224425124004483
v -0.004704885650426149 -0.02951832488179207 -0.001924042939208448
v -0.00485613476485014 -0.025523271411657333 -0.0017949531320482492
v -0.005118086468428373 -0.029485609382390976 -0.0034206181298941374
v -0.006223818752914667 -0.029492240399122238 -0.004510963801294565
v -0.007725803181529045 -0.02953643910586834 -0.004902923014014959
v -0.009221583604812622 -0.02960636280477047 -0.004491470288485289
v 0.0013832551194354892 -0.029674110934138298 0.010030466131865978
v 0.0028790358919650316 -0.029604187235236168 0.009619013406336308
v 0.003967819269746542 -0.029527274891734123 0.008514396846294403
v 0.0043578678742051125 -0.029463980346918106 0.007012597750872374
v 0.0039446670562028885 -0.029431266710162163 0.005516022443771362
v 0.0028389343060553074 -0.029437897726893425 0.004425677005201578
v 0.0013369498774409294 -0.029482096433639526 0.004033717792481184
v -0.00015883083688095212 -0.029552020132541656 0.004445170518010855
v -0.001247614505700767 -0.0296289324760437 0.005549786612391472
v -0.001637662760913372 -0.02969222702085972 0.007051584776490927
v -0.001224461942911148 -0.02972494065761566 0.008548160083591938
v -0.0001187293601105921 -0.0297183096408844 0.009638506919145584
v 0.01030709221959114 -0.029043719172477722 0.0009768627351149917
v 0.011802873574197292 -0.028973795473575592 0.0005654097767546773
v 0.012891657650470734 -0.028896881267428398 -0.0005392063176259398
v 0.013281705789268017 -0.02883358858525753 -0.002041005063802004
v 0.01313045620918274 -0.024838535115122795 -0.0019119151402264833
v 0.012868504971265793 -0.028800873085856438 -0.003537580370903015
v 0.011762771755456924 -0.0288075041025877 -0.004627926275134087
v 0.01026078686118126 -0.0288517028093338 -0.005019885487854481
v 0.008765006437897682 -0.02892162650823593 -0.004608432296663523
v 0.0076762232929468155 -0.028998540714383125 -0.0035038162022829056
v 0.007286175154149532 -0.029061833396553993 -0.0020020175725221634
v 0.007134925574064255 -0.025066779926419258 -0.0018729277653619647
v 0.007699375972151756 -0.029094548895955086 -0.0005054422654211521
v 0.00880510825663805 -0.029087917879223824 0.0005849034641869366
v 0.03661448881030083 -0.027972912415862083 0.004858350846916437
v 0.0372500978410244 -0.027753381058573723 -0.0011909515596926212
v 0.0371139757335186 -0.02415783330798149 -0.0010747706983238459
v 0.03220945596694946 -0.028514612466096878 0.01646156795322895
v 0.03382079303264618 -0.028355661779642105 0.013430350460112095
v 0.033325813710689545 -0.024300286546349525 0.014263656921684742
v 0.03217802196741104 -0.02396424487233162 0.016370033845305443
v 0.030923625454306602 -0.023394331336021423 0.01834806241095066
v 0.02857484668493271 -0.0288156196475029 0.021518604829907417
v 0.02959609590470791 -0.022511646151542664 0.020172806456685066
v 0.02828839421272278 -0.021249327808618546 0.021763090044260025
v 0.03691345453262329 -0.024266870692372322 0.002064731903374195
v 0.03643209859728813 -0.024386778473854065 0.0052116382867097855
v 0.03576582297682762 -0.028117503970861435 0.008338775485754013
v 0.03562832996249199 -0.024488715454936028 0.008456391282379627
v 0.03491640090942383 -0.028230872005224228 0.01085206214338541
v 0.03518209978938103 -0.024503644555807114 0.009848631918430328
v 0.034329622983932495 -0.024461906403303146 0.012084225192666054
v 0.020553812384605408 -0.015432003885507584 -0.03643688187003136
v 0.020435631275177002 -0.015458859503269196 -0.03574422001838684
v 0.0219749603420496 -0.015437000431120396 -0.03461712598800659
v 0.020813077688217163 -0.015357539989054203 -0.03843758627772331
v 0.020188070833683014 -0.015483583323657513 -0.035269130021333694
v 0.0201845895498991 -0.015484046190977097 -0.035258885473012924
v 0.02365345135331154 -0.015492260456085205 -0.030940337106585503
v 0.020257161930203438 -0.015784986317157745 -0.025860415771603584
v 0.020741447806358337 -0.015800103545188904 -0.024825138971209526
v 0.02091337740421295 -0.01583009585738182 -0.02369549311697483
v 0.02410462684929371 -0.017363177612423897 0.02748914249241352
v 0.02125294879078865 -0.01723821461200714 0.020280659198760986
v 0.021098481491208076 -0.017280634492635727 0.021412426605820656
v 0.02110561728477478 -0.01772019825875759 0.03502436354756355
v 0.021380316466093063 -0.01770973950624466 0.03502257540822029
v 0.022483084350824356 -0.017544066533446312 0.03118738904595375
v 0.020630231127142906 -0.017332013696432114 0.022453898563981056
v -0.019424688071012497 -0.017329199239611626 -0.024563947692513466
v -0.020670587196946144 -0.01702742837369442 -0.0353628508746624
v -0.01957915537059307 -0.017371617257595062 -0.023432180285453796
v -0.020454930141568184 -0.017921701073646545 -0.00743435462936759
v -0.019455675035715103 -0.0178836602717638 -0.007440852466970682
v -0.01903264969587326 -0.01697668619453907 -0.035014089196920395
v -0.01928752101957798 -0.01697109080851078 -0.03548591211438179
v -0.019416388124227524 -0.016953639686107635 -0.03617696836590767
v -0.01991141214966774 -0.016907891258597374 -0.03817276656627655
v -0.018956437706947327 -0.01727781817317009 -0.025605419650673866
v -0.019029010087251663 -0.01697687804698944 -0.03500388562679291
v 0.0034587946720421314 -0.03169621527194977 -0.01791638694703579
v 0.0012806011363863945 -0.03177432343363762 -0.01805117540061474
v -0.0008952922071330249 -0.03186197206377983 -0.01788807287812233
v -0.005078844726085663 -0.0320592038333416 -0.01668585278093815
v -0.00878158863633871 -0.03227328509092331 -0.014398888684809208
v -0.011728907935321331 -0.03248833492398262 -0.011196793988347054
v -0.0137022128328681 -0.032688405364751816 -0.007317054085433483
v -0.01455515343695879 -0.03285866230726242 -0.003047410398721695
v -0.014224470593035221 -0.03298646956682205 0.0012954759877175093
v -0.012734689749777317 -0.03306235745549202 0.005389512982219458
v -0.010196300223469734 -0.03308069333434105 0.008931065909564495
v -0.0067975642159581184 -0.033040113747119904 0.0116574726998806
v -0.0027905493043363094 -0.03294363617897034 0.01336652785539627
v 0.0015275621553882957 -0.032798413187265396 0.013931481167674065
v 0.005836515687406063 -0.032615210860967636 0.013310428708791733
v 0.009816735982894897 -0.032407622784376144 0.011549434624612331
v 0.013173027895390987 -0.03219103813171387 0.008779101073741913
v 0.015656471252441406 -0.03198152780532837 0.0052048927173018456
v 0.017082879319787025 -0.03179462254047394 0.0010918924817815423
v 0.017346462234854698 -0.03164419159293175 -0.003254858311265707
v 0.016427673399448395 -0.031541384756565094 -0.007512980606406927
v 0.014394653961062431 -0.03149383142590523 -0.011366668157279491
v 0.011398181319236755 -0.03150505572557449 -0.014530112966895103
v 0.007660492789000273 -0.031574226915836334 -0.016768693923950195
v 0.021025529131293297 -0.015549496747553349 -0.0384453721344471
v 0.0214641522616148 -0.027135146781802177 -0.03881973400712013
v -0.01946522668004036 -0.028693297877907753 -0.03855358064174652
v -0.01889798790216446 -0.031045498326420784 0.03490658104419708
v 0.0220313910394907 -0.02948734723031521 0.03464042767882347
v 0.021592767909169197 -0.017901696264743805 0.035014789551496506
v 0.02976810187101364 -0.033118363469839096 0.00114640558604151
v 0.029662227258086205 -0.030321821570396423 0.0012367685558274388
v 0.029950913041830063 -0.032999977469444275 -0.002303128130733967
v 0.029845038428902626 -0.03020343743264675 -0.002212765160948038
v 0.029714850708842278 -0.03289753943681717 -0.005749937612563372
v 0.02960897609591484 -0.030100999400019646 -0.005659574642777443
v 0.031010616570711136 -0.03279106691479683 -0.007526872213929892
v 0.0309047419577837 -0.029994526877999306 -0.007436509244143963
v 0.03228990361094475 -0.03273506462574005 -0.007761129178106785
v 0.03218403086066246 -0.029938524588942528 -0.007670766208320856
v 0.03416479378938675 -0.03270820900797844 -0.0063954927027225494
v 0.03405891731381416 -0.029911668971180916 -0.006305129732936621
v 0.034341685473918915 -0.03003225289285183 -0.0022420056629925966
v 0.0344475619494915 -0.03282879292964935 -0.0023323686327785254
v 0.034121692180633545 -0.03017197735607624 0.001824387931264937
v 0.03422756493091583 -0.032968517392873764 0.0017340249614790082
v 0.032373957335948944 -0.03308360278606415 0.003123906906694174
v 0.03226808086037636 -0.030287062749266624 0.0032142698764801025
v 0.031091177836060524 -0.033125139772892 0.002906310372054577
v 0.030985303223133087 -0.030328597873449326 0.0029966735746711493
v 0.031054401770234108 -0.0329957976937294 -0.00733669800683856
v 0.03233369067311287 -0.03293979540467262 -0.007570954505354166
v 0.03397421911358833 -0.032916296273469925 -0.006376022472977638
v 0.029920607805252075 -0.033088963478803635 -0.005781880114227533
v 0.03000711463391781 -0.03306323289871216 -0.006476736161857843
v 0.030419476330280304 -0.03302935138344765 -0.007042226381599903
v 0.03386017680168152 -0.03319898992776871 0.0022391092497855425
v 0.03348703309893608 -0.03322674334049225 0.0026607674080878496
v 0.03403661400079727 -0.033175028860569 0.001704225200228393
v 0.03297767788171768 -0.033253785222768784 0.002900830004364252
v 0.030492514371871948 -0.0333322212100029 0.0024165911599993706
v 0.03007146157324314 -0.03333006426692009 0.0018565206555649638
v 0.03113192319869995 -0.033317264169454575 0.002702775876969099
v 0.029974233359098434 -0.03331133350729942 0.0011628589127212763
v 0.03241470083594322 -0.033275727182626724 0.0029203719459474087
v 0.030158326029777527 -0.033192116767168045 -0.002310881856828928
v 0.03425527364015579 -0.03303615003824234 -0.0023375232703983784
v 0.03289690986275673 -0.032918866723775864 -0.007558736018836498
v 0.03340992331504822 -0.03290698677301407 -0.007325321435928345
v 0.03378954157233238 -0.03290608152747154 -0.0069085583090782166
v 0.029607925564050674 -0.03008800372481346 -0.00606298353523016
v 0.02981371432542801 -0.03286813944578171 -0.00654405914247036
v 0.029707839712500572 -0.030071597546339035 -0.006453696172684431
v 0.02990236133337021 -0.030052822083234787 -0.006806849967688322
v 0.030284985899925232 -0.0328294113278389 -0.007190334144979715
v 0.030520480126142502 -0.03001301921904087 -0.007314406335353851
v 0.030179111286997795 -0.030032871291041374 -0.007099971175193787
v 0.0339200533926487 -0.030199363827705383 0.002435683971270919
v 0.03402592986822128 -0.032995905727148056 0.00234532100148499
v 0.03349360451102257 -0.03023107908666134 0.002917578676715493
v 0.033599477261304855 -0.03302761912345886 0.0028272157069295645
v 0.032911479473114014 -0.03026198409497738 0.0031919360626488924
v 0.0330173559486866 -0.0330585241317749 0.0031015730928629637
v 0.0328277088701725 -0.029914606362581253 -0.007656801957637072
v 0.03293358534574509 -0.032711148262023926 -0.007747164927423
v 0.03341400995850563 -0.02990102954208851 -0.0073900423012673855
v 0.03351988643407822 -0.03269756957888603 -0.007480405271053314
v 0.0338478609919548 -0.029899993911385536 -0.006913742050528526
v 0.03395373746752739 -0.03269653394818306 -0.007004105020314455
v 0.030599195510149002 -0.030339431017637253 0.002879579784348607
v 0.030360423028469086 -0.03314223513007164 0.0025792426895350218
v 0.03025454841554165 -0.030345695093274117 0.0026696056593209505
v 0.02997330017387867 -0.030346987769007683 0.0023801131173968315
v 0.029879219830036163 -0.03313977271318436 0.0019391616806387901
v 0.029667407274246216 -0.030334658920764923 0.00164015032351017
v 0.029773345217108727 -0.030343230813741684 0.002029524650424719
v 0.010271592065691948 -0.028896506875753403 -0.003620644100010395
v 0.01107265055179596 -0.028872933238744736 -0.003411599202081561
v 0.011662375181913376 -0.028869397938251495 -0.0028300813864916563
v 0.011882747523486614 -0.028886845335364342 -0.00203190790489316
v 0.012015091255307198 -0.03238251805305481 -0.002144861500710249
v 0.011674722656607628 -0.028920602053403854 -0.0012309487210586667
v 0.011094038374722004 -0.028961623087525368 -0.0006418199627660215
v 0.010296287946403027 -0.02899891510605812 -0.00042237856541760266
v 0.009495229460299015 -0.029022488743066788 -0.0006314233178272843
v 0.008905505761504173 -0.029026024043560028 -0.0012129411334171891
v 0.00868513248860836 -0.02900857664644718 -0.0020111147314310074
v 0.008817475289106369 -0.03250424936413765 -0.0021240683272480965
v 0.008893157355487347 -0.02897481992840767 -0.0028120740316808224
v 0.009473842568695545 -0.028933798894286156 -0.003401202615350485
v 0.0013477543834596872 -0.02952689863741398 0.005432958714663982
v 0.0021488128695636988 -0.02950332686305046 0.005642003379762173
v 0.002738537034019828 -0.02949978969991207 0.006223521661013365
v 0.0029589105397462845 -0.029517238959670067 0.00702169444411993
v 0.002750884974375367 -0.02955099567770958 0.007822654210031033
v 0.002170200226828456 -0.029592014849185944 0.008411782793700695
v 0.0013724504970014095 -0.029629308730363846 0.008631223812699318
v 0.0005713921855203807 -0.029652880504727364 0.008422180078923702
v -1.8331957107875496e-05 -0.029656417667865753 0.007840662263333797
v -0.00023870555742178112 -0.029638968408107758 0.00704248808324337
v -3.068001024075784e-05 -0.029605211690068245 0.006241528782993555
v 0.0005500047118403018 -0.02956419251859188 0.005652400199323893
v -0.007714998442679644 -0.02958124317228794 -0.0035036818590015173
v -0.006913940422236919 -0.029557669535279274 -0.003294637193903327
v -0.00632421625778079 -0.029554134234786034 -0.002713119378313422
v -0.00610384251922369 -0.02957158163189888 -0.0019149458967149258
v -0.005971499718725681 -0.0330672524869442 -0.002027899492532015
v -0.006311868317425251 -0.029605338349938393 -0.0011139865964651108
v -0.006892553064972162 -0.029646359384059906 -0.0005248578381724656
v -0.007690302561968565 -0.02968365140259266 -0.0003054164699278772
v -0.008491361513733864 -0.029707225039601326 -0.0005144612514413893
v -0.009081085212528706 -0.029710760340094566 -0.001095979125238955
v -0.009301458485424519 -0.02969331294298172 -0.0018941526068374515
v -0.00916911568492651 -0.03318898379802704 -0.0020071060862392187
v -0.009093433618545532 -0.029659556224942207 -0.0026951117906719446
v -0.008512748405337334 -0.029618535190820694 -0.0032842406071722507
v 0.0012088388903066516 -0.028950849547982216 -0.012557284906506538
v 0.0020098972599953413 -0.028927277773618698 -0.012348240241408348
v 0.0025996214244514704 -0.02892374061048031 -0.011766722425818443
v 0.002819994930177927 -0.028941189870238304 -0.010968548245728016
v 0.0026119693648070097 -0.028974946588277817 -0.010167589411139488
v 0.0020312846172600985 -0.02901596575975418 -0.009578460827469826
v 0.0012335350038483739 -0.029053259640932083 -0.009359019808471203
v 0.0004324766050558537 -0.0290768314152956 -0.009568064473569393
v -0.00015724755940027535 -0.02908036857843399 -0.010149582289159298
v -0.00037762115243822336 -0.029062919318675995 -0.01094775553792715
v -0.0001695956161711365 -0.02902916446328163 -0.011748715303838253
v 0.00041108913137577474 -0.028988143429160118 -0.012337843887507915
v 0.0012443395098671317 -0.029098063707351685 -0.007959778420627117
v 0.0013832551194354892 -0.029674110934138298 0.010030466131865978
v 0.029845038428902626 -0.03020343743264675 -0.002212765160948038
v 0.029358385130763054 -0.02933214232325554 0.0012383504072204232
v 0.029539477080106735 -0.029214872047305107 -0.0021787516307085752
v 0.029305635020136833 -0.029113397002220154 -0.005593155510723591
v 0.028780290856957436 -0.028511568903923035 -0.0021503695752471685
v 0.02855251170694828 -0.028412725776433945 -0.005476238671690226
v 0.02777090296149254 -0.02828199602663517 -0.0021352244075387716
v 0.028603896498680115 -0.028625797480344772 0.0011781275970861316
v 0.030818399041891098 -0.028989093378186226 -0.007667670492082834
v 0.03036978654563427 -0.029010683298110962 -0.007525118533521891
v 0.029971249401569366 -0.029033860191702843 -0.00727477204054594
v 0.029648151248693466 -0.029057150706648827 -0.006932562682777643
v 0.02942105568945408 -0.029079070314764977 -0.0065202671103179455
v 0.02930440567433834 -0.029098225757479668 -0.0060641225427389145
v 0.03065812960267067 -0.02823970466852188 -0.008363757282495499
v 0.03003370389342308 -0.028269756585359573 -0.008165339939296246
v 0.029478982090950012 -0.028302017599344254 -0.00781688280403614
v 0.02902926132082939 -0.02833443507552147 -0.007340560667216778
v 0.0287131629884243 -0.028364945203065872 -0.0067666866816580296
v 0.028550803661346436 -0.028391607105731964 -0.006131778005510569
v 0.029364431276917458 -0.0293471310287714 0.0017092858906835318
v 0.029488110914826393 -0.02935713715851307 0.0021638679318130016
v 0.02972155250608921 -0.029361525550484657 0.0025731688365340233
v 0.030049903318285942 -0.02936001494526863 0.0029111418407410383
v 0.030452264472842216 -0.02935270220041275 0.003156280145049095
v 0.030903033912181854 -0.029340054839849472 0.003292983630672097
v 0.02861231006681919 -0.02864666096866131 0.0018336235079914331
v 0.028784457594156265 -0.028660587966442108 0.0024663566146045923
v 0.02910938672721386 -0.028666695579886436 0.0030360626988112926
v 0.029566416516900063 -0.028664592653512955 0.0035064879339188337
v 0.03012646548449993 -0.028654415160417557 0.0038476961199194193
v 0.03075389191508293 -0.028636809438467026 0.0040379734709858894
v 0.03209768608212471 -0.028933091089129448 -0.007901926524937153
v 0.03193741664290428 -0.028183704242110252 -0.008598013781011105
v 0.032185811549425125 -0.02929851971566677 0.003510579699650407
v 0.0320366695523262 -0.028595276176929474 0.004255569539964199
v 0.03498411178588867 -0.02814006432890892 -0.006378855090588331
v 0.034641142934560776 -0.028121091425418854 -0.007367849815636873
v 0.03393613174557686 -0.02812277339398861 -0.008141838014125824
v 0.03298339620232582 -0.02814483642578125 -0.008575322106480598
v 0.034286558628082275 -0.028901739045977592 -0.0063075898215174675
v 0.03404015675187111 -0.02888810820877552 -0.0070181251503527164
v 0.033533647656440735 -0.02888931706547737 -0.007574190851300955
v 0.03284916281700134 -0.028905168175697327 -0.007885623723268509
v 0.03308219462633133 -0.0285545215010643 0.004219277296215296
v 0.03402813896536827 -0.028504302725195885 0.003773446660488844
v 0.03472112864255905 -0.028452763333916664 0.002990367589518428
v 0.03504878655076027 -0.028408261016011238 0.001997011713683605
v 0.03293696045875549 -0.02926924079656601 0.0034845059271901846
v 0.0336165651679039 -0.029233161360025406 0.0031642024405300617
v 0.03411443531513214 -0.029196133837103844 0.0026016056071966887
v 0.034349843859672546 -0.029164159670472145 0.001887936843559146
v 0.035275451838970184 -0.028264302760362625 -0.002192605985328555
v 0.03457162156701088 -0.029023302718997 -0.002211474347859621
v 0.034341685473918915 -0.03003225289285183 -0.0022420056629925966
v -0.025643423199653625 -0.0308796688914299 0.0218711718916893
v -0.025779547169804573 -0.02728412114083767 0.021987352520227432
v -0.029602786526083946 -0.02726113609969616 0.016796482726931572
v -0.029466662555933 -0.03085668385028839 0.01668030209839344
v -0.03243987634778023 -0.027181504294276237 0.011007927358150482
v -0.03230375424027443 -0.03077705204486847 0.01089174672961235
v -0.03419983759522438 -0.02704777754843235 0.004807325080037117
v -0.03406371548771858 -0.03064332716166973 0.004691143985837698
v -0.03482622280716896 -0.026864247396588326 -0.0016064706724137068
v -0.034690096974372864 -0.030459795147180557 -0.0017226515337824821
v -0.03429894894361496 -0.026636797934770584 -0.008027767762541771
v -0.03416282311081886 -0.030232345685362816 -0.008143949322402477
v -0.0326349176466465 -0.026372723281383514 -0.014250636100769043
v -0.0324987918138504 -0.029968271031975746 -0.014366816729307175
v -0.029887501150369644 -0.02608049288392067 -0.02007550559937954
v -0.029751377180218697 -0.0296760406345129 -0.02019168809056282
v -0.026144806295633316 -0.02576947771012783 -0.025315575301647186
v -0.02600868232548237 -0.029365025460720062 -0.025431755930185318
v 0.024486353620886803 -0.015769213438034058 -0.02990650199353695
v 0.02517864666879177 -0.016035091131925583 -0.02882634475827217
v 0.02522902563214302 -0.027284828945994377 -0.02977626584470272
v 0.025882966816425323 -0.016553621739149094 -0.02784528210759163
v 0.02649865671992302 -0.01743447408080101 -0.027088170871138573
v 0.026214247569441795 -0.016942379996180534 -0.027424167841672897
v 0.023836832493543625 -0.015682296827435493 -0.031041624024510384
v 0.0229494608938694 -0.02722800523042679 -0.034205708652734756
v 0.022450974211096764 -0.015639910474419594 -0.03397713601589203
v 0.022169457748532295 -0.015627402812242508 -0.03469405695796013
v -0.02087913453578949 -0.028896527364850044 -0.03392070531845093
v -0.021041737869381905 -0.017152713611721992 -0.034279171377420425
v -0.02134746126830578 -0.017403515055775642 -0.03346610441803932
v -0.021597880870103836 -0.01793474145233631 -0.03283054009079933
v -0.021551689133048058 -0.017756860703229904 -0.03294913470745087
v -0.021611932665109634 -0.018147572875022888 -0.03278593346476555
v -0.02133968286216259 -0.025338666513562202 -0.03301829472184181
v -0.023434223607182503 -0.025547588244080544 -0.0290067158639431
v -0.023090066388249397 -0.029124300926923752 -0.0294620580971241
v -0.02266286127269268 -0.030895818024873734 0.02586311474442482
v -0.021065259352326393 -0.019773973152041435 0.03004608303308487
v -0.021113326773047447 -0.019943740218877792 0.029917176812887192
v -0.020856929942965508 -0.019458232447504997 0.030571240931749344
v -0.02038329653441906 -0.030952641740441322 0.030292557552456856
v -0.023012233898043633 -0.027297470718622208 0.025642871856689453
v -0.02053455077111721 -0.01925589330494404 0.03140401840209961
v 0.025656230747699738 -0.02905634604394436 0.0255489069968462
v 0.02688910812139511 -0.01905358023941517 0.023477187380194664
v 0.02661058120429516 -0.01858469843864441 0.023847751319408417
v 0.02628672495484352 -0.018224302679300308 0.024296918883919716
v 0.025595499202609062 -0.017768340185284615 0.025323443114757538
v 0.02267865091562271 -0.01773890294134617 0.031248975545167923
v 0.02344529889523983 -0.029284119606018066 0.030007552355527878
v 0.02492116019129753 -0.01757298782467842 0.02642730250954628
v 0.024289455264806747 -0.01755921170115471 0.02757522277534008
v 0.022949067875742912 -0.017705384641885757 0.030528463423252106
v 0.03690648451447487 -0.02396569587290287 -0.0010670162737369537
v 0.03618031367659569 -0.023993341252207756 -0.0010622941190376878
v 0.03670718893408775 -0.024073943495750427 0.0020494910422712564
v 0.03622850775718689 -0.024193184450268745 0.005178914405405521
v -0.012565702199935913 -0.0219596978276968 -0.02663487382233143
v -0.015477006323635578 -0.020511826500296593 -0.026566032320261
v -0.003779497230425477 -0.024314003065228462 -0.026778103783726692
v -0.0007439765613526106 -0.024513205513358116 -0.02680792100727558
v -0.00678079342469573 -0.02381836622953415 -0.026739059016108513
v -0.009718960151076317 -0.023031072691082954 -0.02669116109609604
v 0.01995193585753441 -0.016866901889443398 -0.02372126653790474
v 0.020291507244110107 -0.018275022506713867 0.02025488391518593
v -0.01358086708933115 -0.028663229197263718 0.023185433819890022
v -0.014841287396848202 -0.028711212798953056 0.02319362945854664
v -0.013802851550281048 -0.022799812257289886 0.0233748946338892
v -0.015091129578649998 -0.022111963480710983 0.023406866937875748
v -0.018389906734228134 -0.020963067188858986 -0.015469446778297424
v -0.018410738557577133 -0.020491458475589752 -0.01591196469962597
v -0.018418608233332634 -0.01884438470005989 -0.007479622960090637
v -0.018421893939375877 -0.02030419558286667 -0.016531221568584442
v -0.018542088568210602 -0.01833234168589115 -0.02347095124423504
v -0.018420385196805 -0.02045145444571972 -0.017161287367343903
v -0.018359350040555 -0.022142231464385986 -0.0176736768335104
v -0.01838427595794201 -0.021512646228075027 -0.01782088354229927
v -0.018406616523861885 -0.020893778651952744 -0.017633335664868355
v -0.018338518217206 -0.02261384204030037 -0.017231158912181854
v -0.018327362835407257 -0.022801103070378304 -0.01661190204322338
v -0.018328871577978134 -0.022653844207525253 -0.01598183624446392
v -0.0183426421135664 -0.02221152000129223 -0.015509787946939468
v -0.018364980816841125 -0.021592652425169945 -0.015322239138185978
v -0.01579558476805687 -0.02155347354710102 0.0233515202999115
v -0.01634327322244644 -0.028755411505699158 0.02280167117714882
v -0.01638570986688137 -0.021048085764050484 0.02317720092833042
v -0.01744900643825531 -0.02876204252243042 0.0217113234102726
v -0.017789315432310104 -0.019773175939917564 0.022001774981617928
v -0.017710356041789055 -0.019774293527007103 0.022128893062472343
v -0.017404699698090553 -0.020087189972400665 0.02249700017273426
v -0.016976332291960716 -0.02050558663904667 0.022858064621686935
v -0.01664184220135212 -0.02081749588251114 0.023059271275997162
v -0.017998365685343742 -0.019767140969634056 0.02157009020447731
v -0.0161802489310503 -0.019958369433879852 -0.02646421268582344
v -0.016767363995313644 -0.019465459510684013 -0.026248836889863014
v -0.017021533101797104 -0.019243013113737106 -0.02611245959997177
v -0.017352724447846413 -0.01894477941095829 -0.025886576622724533
v -0.017775263637304306 -0.01855054870247841 -0.025492921471595764
v -0.018426237627863884 -0.018300527706742287 -0.024319777265191078
v -0.018152039498090744 -0.018269047141075134 -0.02497274801135063
v -0.01807505078613758 -0.018261993303894997 -0.02510087937116623
v 0.017196549102663994 -0.019118037074804306 -0.026768241077661514
v 0.017847109586000443 -0.018511442467570305 -0.02663537487387657
v 0.01817070133984089 -0.01819474622607231 -0.026506416499614716
v 0.01953873410820961 -0.016834188252687454 -0.025217842310667038
v 0.01945977285504341 -0.016833068802952766 -0.025344958528876305
v 0.019067199900746346 -0.017263835296034813 -0.025856222957372665
v 0.018740477040410042 -0.0176121573895216 -0.026154236868023872
v 0.01847081445157528 -0.01789187639951706 -0.026343272998929024
v 0.019822988659143448 -0.016844408586621284 -0.024568501859903336
v 0.018066542223095894 -0.020264366641640663 0.023131323978304863
v 0.01861422322690487 -0.01971566490828991 0.02294960618019104
v 0.018850529566407204 -0.019466327503323555 0.022828472778201103
v 0.01915769837796688 -0.01912999153137207 0.0226230937987566
v 0.019548291340470314 -0.01868041604757309 0.022256705909967422
v 0.02017565630376339 -0.018306836485862732 0.021103709936141968
v 0.01990145817399025 -0.018338315188884735 0.02175668254494667
v 0.019824469462037086 -0.018345370888710022 0.021884813904762268
v 0.036105599254369736 -0.023931413888931274 -0.0030608188826590776
v 0.03612103313207626 -0.02399541810154915 -0.0010619029635563493
v -0.000535172934178263 -0.028385581448674202 0.030347518622875214
v -0.0005910080508328974 -0.028154047206044197 0.023116596043109894
v -0.0005345998797565699 -0.028400717303156853 0.030347028747200966
v -0.0005906865117140114 -0.028164375573396683 0.023105574771761894
v -0.0005905519938096404 -0.0281686969101429 0.02310096099972725
v -0.010973149910569191 -0.028612399473786354 0.024667738005518913
v -0.0007327903294935822 -0.027940813452005386 0.015881765633821487
v -0.01207888312637806 -0.028619030490517616 0.023577392101287842
v -0.000988875748589635 -0.02793339267373085 0.015352064743638039
v -0.014393031597137451 -0.02780476026237011 -0.004333956632763147
v -0.0006418093107640743 -0.027956146746873856 0.016462886705994606
v -0.01758534461259842 -0.027920734137296677 -0.0044850618578493595
v -0.0179277416318655 -0.027953198179602623 -0.0038815964944660664
v -0.01705709844827652 -0.027886206284165382 -0.0049347528256475925
v -0.01804298534989357 -0.02797967754304409 -0.0031971430871635675
v -0.014921668916940689 -0.027807695791125298 -0.00486244261264801
v -0.015607152134180069 -0.027824029326438904 -0.005160117521882057
v -0.016353724524378777 -0.02785147726535797 -0.005185398273169994
v -0.01905815303325653 -0.026493411511182785 0.0032863584347069263
v -0.019332969561219215 -0.01923445612192154 0.0035209127236157656
v -0.020332224667072296 -0.019272496923804283 0.0035274105612188578
v -0.0194101445376873 -0.01891442760825157 -0.006473666988313198
v -0.020409399643540382 -0.018952468410134315 -0.006467169150710106
v 0.0186320748180151 -0.017192233353853226 -0.03447732329368591
v 0.0183258093893528 -0.016816316172480583 -0.03396264836192131
v 0.018444828689098358 -0.016721604391932487 -0.033963643014431
v 0.01949027180671692 -0.016296515241265297 -0.03466574102640152
v 0.018908051773905754 -0.016341131180524826 -0.03402760997414589
v 0.0186325516551733 -0.016569720581173897 -0.03397785872220993
v 0.01997775211930275 -0.015738224610686302 -0.035016611218452454
v 0.01987273432314396 -0.01586199179291725 -0.03491891175508499
v 0.01974591240286827 -0.015633150935173035 -0.034460678696632385
v 0.020087849348783493 -0.015500618144869804 -0.03501126170158386
v -0.013775489293038845 -0.020628931000828743 -0.0343371219933033
v -0.01734110526740551 -0.018561705946922302 -0.034243397414684296
v -0.017057647928595543 -0.01816333830356598 -0.03373255953192711
v -0.013550483621656895 -0.02019667625427246 -0.033824749290943146
v -0.010310950689017773 -0.021563060581684113 -0.033893514424562454
v -0.008119551464915276 -0.022748779505491257 -0.03444867581129074
v 0.0008526938618160784 -0.023264173418283463 -0.034034185111522675
v 0.0038804085925221443 -0.02348289079964161 -0.03456484153866768
v -0.0021562681067734957 -0.023712702095508575 -0.03452558442950249
v -0.007987266406416893 -0.022281771525740623 -0.033934470266103745
v -0.00481006782501936 -0.02294342964887619 -0.03398019075393677
v -0.0021217414177954197 -0.023229893296957016 -0.03401011973619461
v 0.003815973177552223 -0.023003848269581795 -0.03404873237013817
v 0.006474904716014862 -0.022513819858431816 -0.03405357152223587
v 0.009753645397722721 -0.022068358957767487 -0.034564897418022156
v 0.014982479624450207 -0.01911044679582119 -0.03401029109954834
v 0.015233023092150688 -0.019524598494172096 -0.034525759518146515
v 0.011855585500597954 -0.020719196647405624 -0.03403765708208084
v 0.009592927992343903 -0.021612508222460747 -0.034048788249492645
v -0.01819485053420067 -0.017350852489471436 -0.03396400064229965
v -0.018272515386343002 -0.017728982493281364 -0.034422531723976135
v -0.018684936687350273 -0.017329853028059006 -0.03466818109154701
v -0.018487490713596344 -0.017136283218860626 -0.034134719520807266
v -0.018740355968475342 -0.01702558808028698 -0.0344233475625515
v 0.016747917979955673 -0.020382167771458626 0.030470332130789757
v 0.015481699258089066 -0.021173769608139992 0.030454762279987335
v 0.006274314597249031 -0.02473079040646553 0.030411964282393456
v 0.011025279760360718 -0.023333340883255005 0.030420023947954178
v 0.011636404320597649 -0.023089515045285225 0.030423112213611603
v 0.03394576534628868 -0.023365287110209465 -0.016133924946188927
v 0.03292900696396828 -0.023066435009241104 -0.018274696543812752
v 0.030529096722602844 -0.021918663755059242 -0.02221726067364216
v 0.029220089316368103 -0.020946798846125603 -0.023933162912726402
v 0.029565472155809402 -0.022360067814588547 0.020054912194609642
v 0.027927253395318985 -0.019616708159446716 -0.02540455386042595
v 0.028290484100580215 -0.02112293615937233 0.02163558267056942
v 0.026521718129515648 -0.01736055500805378 -0.02696532942354679
v 0.026910308748483658 -0.018971942365169525 0.023358985781669617
v 0.035010501742362976 -0.02430957555770874 0.009789947420358658
v 0.03073207102715969 -0.02315329946577549 0.018430741503834724
v 0.030859675258398056 -0.02322491630911827 0.018240919336676598
v 0.03178642317652702 -0.022606022655963898 -0.02030624821782112
v 0.032082490622997284 -0.023783033713698387 0.01627434603869915
v 0.03320130333304405 -0.02411179058253765 0.014180018566548824
v 0.0341796912252903 -0.024269474670290947 0.012012946419417858
v 0.03482130542397499 -0.02355015277862549 -0.013909971341490746
v -0.020856881514191628 -0.018458563834428787 0.004558066371828318
v -0.021057825535535812 -0.01862516812980175 0.00455428333953023
v -0.02120879478752613 -0.01883806101977825 0.00454863253980875
v -0.021301405504345894 -0.01845402829349041 -0.007444863673299551
v -0.021150434389710426 -0.01824113540351391 -0.007439212407916784
v -0.02094949036836624 -0.018074531108140945 -0.007435429375618696
v -0.021050332114100456 -0.022904764860868454 -0.01659419573843479
v -0.021051840856671333 -0.022757505998015404 -0.01596412993967533
v -0.021065611392259598 -0.02231518179178238 -0.015492080710828304
v -0.021087951958179474 -0.021696314215660095 -0.015304532833397388
v -0.021112876012921333 -0.021066728979349136 -0.015451740473508835
v -0.021133707836270332 -0.020595118403434753 -0.01589425839483738
v -0.021144863218069077 -0.02040785737335682 -0.016513515263795853
v -0.0211433544754982 -0.02055511623620987 -0.017143581062555313
v -0.021129585802555084 -0.020997440442442894 -0.017615629360079765
v -0.021107245236635208 -0.021616308018565178 -0.01780317723751068
v -0.0210823193192482 -0.022245893254876137 -0.01765597052872181
v -0.02106148935854435 -0.02271750383079052 -0.017213452607393265
v -0.020818807184696198 -0.02386484667658806 0.013389543630182743
v -0.020820315927267075 -0.023717587813735008 0.014019609428942204
v -0.02083408460021019 -0.023275263607501984 0.014491657726466656
v -0.020856425166130066 -0.0226563960313797 0.014679206535220146
v -0.020881351083517075 -0.02202681079506874 0.0145319988951087
v -0.020902181044220924 -0.021555200219154358 0.01408948190510273
v -0.020913338288664818 -0.021367939189076424 0.013470224104821682
v -0.02091182768344879 -0.021515198051929474 0.012840159237384796
v -0.020898059010505676 -0.0219575222581625 0.01236811000853777
v -0.0208757184445858 -0.022576389834284782 0.012180562131106853
v -0.02085079438984394 -0.02320597507059574 0.012327768839895725
v -0.02082996256649494 -0.023677583783864975 0.012770287692546844
v 0.024353351444005966 -0.015582849271595478 -0.029798101633787155
v 0.024786578491330147 -0.017380129545927048 0.026333114132285118
v 0.025099361315369606 -0.015865271911025047 -0.028711598366498947
v 0.02551443688571453 -0.017591526731848717 0.025221044197678566
v 0.026260394603013992 -0.018081950023770332 0.024186283349990845
v 0.026609834283590317 -0.018468910828232765 0.023733166977763176
v 0.026215292513370514 -0.016834117472171783 -0.027302416041493416
v 0.025858325883746147 -0.016418572515249252 -0.027725383639335632
v 0.019932197406888008 -0.016338923946022987 -0.024591071531176567
v 0.01961718685925007 -0.016201620921492577 -0.02544354647397995
v 0.01969253085553646 -0.01609334908425808 -0.02549218013882637
v 0.020268378779292107 -0.015956683084368706 -0.024685008451342583
v 0.019822858273983 -0.015960782766342163 -0.025576720014214516
v 0.019552763551473618 -0.016327079385519028 -0.02540220506489277
v 0.01957160234451294 -0.016285916790366173 -0.02541426196694374
v 0.020003365352749825 -0.015848001465201378 -0.025694333016872406
v 0.019998537376523018 -0.015850195661187172 -0.025691181421279907
v 0.019844627007842064 -0.015943456441164017 -0.02559087611734867
v 0.02006690390408039 -0.016362423077225685 -0.02370600216090679
v 0.020418817177414894 -0.01598292775452137 -0.023696567863225937
v 0.02040647529065609 -0.017770541831851006 0.020270150154829025
v 0.020758388563990593 -0.01739104650914669 0.02027958445250988
v 0.02037387154996395 -0.017384402453899384 0.022288059815764427
v 0.020285451784729958 -0.017803777009248734 0.021156882867217064
v 0.01991858147084713 -0.017844032496213913 0.021972868591547012
v 0.02005983330309391 -0.01761646755039692 0.02207544632256031
v 0.020623229444026947 -0.017428163439035416 0.02126988209784031
v 0.019983695819973946 -0.017721444368362427 0.022021153941750526
v 0.019937623292207718 -0.017803717404603958 0.021987242624163628
v 0.02019151672720909 -0.017489517107605934 0.02216627262532711
v 0.02021350897848606 -0.017473120242357254 0.02218117006123066
v 0.020368995144963264 -0.017386391758918762 0.022284850478172302
v -0.018694868311285973 -0.01783805526793003 -0.02345394343137741
v -0.018571387976408005 -0.01835009828209877 -0.007462616078555584
v -0.019074462354183197 -0.01748640649020672 -0.02343975193798542
v -0.01895098201930523 -0.017998449504375458 -0.007448425050824881
v -0.01869644969701767 -0.017321275547146797 -0.02544267848134041
v -0.01857384480535984 -0.017804820090532303 -0.0243406780064106
v -0.018206974491477013 -0.017764564603567123 -0.025156661868095398
v -0.01836526207625866 -0.01754217967391014 -0.0252446997910738
v -0.01893930323421955 -0.017449291422963142 -0.024430051445961
v -0.018281280994415283 -0.017644386738538742 -0.0251971036195755
v -0.0182290431112051 -0.017724959179759026 -0.02516845427453518
v -0.018506379798054695 -0.017419949173927307 -0.025327475741505623
v -0.018529582768678665 -0.017404332756996155 -0.0253413375467062
v -0.018691428005695343 -0.017323095351457596 -0.025439592078328133
v 0.005197721999138594 -0.036764610558748245 0.0015391982160508633
v 0.0066431425511837006 -0.036627572029829025 -0.001008329214528203
v 0.0048347944393754005 -0.03679024800658226 0.0019074035808444023
v 0.003576436545699835 -0.03686174005270004 0.002645538654178381
v 0.0030778427608311176 -0.03688504919409752 0.002782689407467842
v 0.00014780690253246576 -0.036996591836214066 0.002801742637529969
v -0.0003528546658344567 -0.03701132535934448 0.0026710897218436003
v -0.0016224848804995418 -0.037036072462797165 0.0019493935396894813
v -0.0019910624250769615 -0.03703828155994415 0.0015859450213611126
v -0.003475678153336048 -0.03701278939843178 -0.0009425291791558266
v -0.003613411681726575 -0.03700188174843788 -0.0014413875760510564
v -0.003624684177339077 -0.03695514053106308 -0.0029012185987085104
v -0.003494668286293745 -0.03693404048681259 -0.0034018182195723057
v -0.002049247734248638 -0.03679700195789337 -0.005949345882982016
v -0.0016863198252394795 -0.03677136451005936 -0.006317551247775555
v -0.0004279620770830661 -0.036699872463941574 -0.007055686321109533
v 7.063156954245642e-05 -0.0366765633225441 -0.0071928370743989944
v 0.0030006675515323877 -0.03656502068042755 -0.007211890071630478
v 0.003501329105347395 -0.036550287157297134 -0.007081237155944109
v 0.004770959261804819 -0.03652554005384445 -0.006359540857374668
v 0.005139536689966917 -0.036523330956697464 -0.005996092222630978
v 0.006624152418226004 -0.03654882684350014 -0.003467618254944682
v 0.006761886179447174 -0.036559730768203735 -0.0029687597416341305
v 0.0067731584422290325 -0.036606475710868835 -0.0015089287189766765
v -0.0015171212144196033 -0.0372815765440464 -0.005822444800287485
v 0.0033421870321035385 -0.037356775254011154 0.0021982486359775066
v -0.0015957221621647477 -0.037287913262844086 -0.005718431435525417
v 0.00309289013966918 -0.03736842796206474 0.002266824012622237
v 0.00016285433957818896 -0.03747997432947159 0.002285877475515008
v -8.747644460527226e-05 -0.03748733922839165 0.0022205510176718235
v -0.001357106608338654 -0.03751208633184433 0.0014988549519330263
v -0.0014142580330371857 -0.03727509453892708 -0.005902533885091543
v -0.00015590028488077223 -0.037203602492809296 -0.0066406684927642345
v 9.339654206996784e-05 -0.03719194978475571 -0.006709244102239609
v 0.004543393384665251 -0.03704829141497612 -0.005941275041550398
v 0.004647483117878437 -0.0370468944311142 -0.005862531717866659
v 0.0047276820987463 -0.03704718500375748 -0.005759550724178553
v 0.004600544925779104 -0.03728528320789337 0.0014601139118894935
v 0.004703408107161522 -0.03727880120277405 0.0013800248270854354
v -0.0015413955552503467 -0.03751319274306297 0.001317130750976503
v -0.0030260111670941114 -0.0374876968562603 -0.00121134368237108
v -0.003041142364963889 -0.037424951791763306 -0.0031709035392850637
v -0.003094877814874053 -0.03748224675655365 -0.001460772822611034
v -0.003106150310486555 -0.03743550181388855 -0.002920603845268488
v 0.003023432334885001 -0.03708040341734886 -0.0067282975651323795
v 0.0032737632282078266 -0.0370730385184288 -0.006662970874458551
v 0.0047820089384913445 -0.037272464483976364 0.0012760113459080458
v 0.006212297827005386 -0.03707268089056015 -0.00323107629083097
v 0.006227429024875164 -0.037135425955057144 -0.001271516433916986
v 0.006281164474785328 -0.0370781347155571 -0.002981647150591016
v 0.006292437203228474 -0.0371248759329319 -0.0015218161279335618
v -0.0035926327109336853 -0.036945559084415436 -0.0031601188238710165
v -0.0018920459551736712 -0.036784328520298004 -0.0061573730781674385
v 0.0032595566008239985 -0.036556266248226166 -0.007179516367614269
v 0.004979138262569904 -0.036522746086120605 -0.006202054210007191
v 0.006725839804857969 -0.03655274212360382 -0.003227217122912407
v 0.005040520336478949 -0.03677728399634361 0.0017472254112362862
v 0.0344475619494915 -0.03282879292964935 -0.0023323686327785254
v 0.03425527364015579 -0.03303615003824234 -0.0023375232703983784
v 0.029950913041830063 -0.032999977469444275 -0.002303128130733967
v 0.030158326029777527 -0.033192116767168045 -0.002310881856828928
v -0.034690096974372864 -0.030459795147180557 -0.0017226515337824821
v -0.0344826839864254 -0.030651943758130074 -0.0017304056091234088
v -0.03482622280716896 -0.026864247396588326 -0.0016064706724137068
v -0.03463393449783325 -0.02665689028799534 -0.00160131580196321
v 0.002237485721707344 -0.025550849735736847 0.023296993225812912
v 0.013740434311330318 -0.022559311240911484 0.023246075958013535
v 0.01713021658360958 -0.02046387270092964 0.02334488183259964
v 0.010054987855255604 -0.024093013256788254 0.02322542481124401
v 0.0062013487331569195 -0.02513447031378746 0.023221833631396294
v 0.0022246132139116526 -0.025349415838718414 0.023462548851966858
v 0.013598215766251087 -0.022275669500231743 0.023473147302865982
v 0.009951820597052574 -0.023793116211891174 0.02345271408557892
v 0.006139014847576618 -0.024823537096381187 0.023449162021279335
v 0.002215393353253603 -0.025197584182024002 0.023674698546528816
v 0.013504574075341225 -0.02209188975393772 0.023804353550076485
v 0.016929397359490395 -0.02017165534198284 0.02372201345860958
v 0.01701621524989605 -0.020296990871429443 0.02351011149585247
v 0.009884272702038288 -0.023598482832312584 0.02378406561911106
v 0.00609875051304698 -0.02462153136730194 0.023780539631843567
v 0.017707662656903267 -0.01960570365190506 0.023674672469496727
v 0.019807415083050728 -0.01791348308324814 0.02212977409362793
v 0.019788658246397972 -0.01804925873875618 0.022037658840417862
v 0.01947491243481636 -0.01837400160729885 0.022434750571846962
v 0.019509056583046913 -0.01810682751238346 0.022676462307572365
v 0.019851623103022575 -0.01778477430343628 0.022233635187149048
v 0.01902797445654869 -0.01853620819747448 0.023106753826141357
v 0.01843160018324852 -0.019368652254343033 0.02314644306898117
v 0.01903517358005047 -0.018807606771588326 0.02281815931200981
v 0.01783396489918232 -0.01988990046083927 0.023313188925385475
v 0.01836574450135231 -0.019090989604592323 0.023479726165533066
v 0.020454660058021545 -0.017354361712932587 0.022454537451267242
v -0.013408918865025043 -0.02204291522502899 0.023896358907222748
v -0.014661205932497978 -0.021374285221099854 0.023927439004182816
v -0.014844108372926712 -0.021681111305952072 0.023552803322672844
v -0.013576608151197433 -0.022357864305377007 0.023521345108747482
v -0.01778319478034973 -0.01928240992128849 0.022303277626633644
v -0.017842978239059448 -0.019164439290761948 0.022373097017407417
v -0.01740373857319355 -0.01951207034289837 0.02291649766266346
v -0.01770971156656742 -0.019765496253967285 0.02213073894381523
v -0.017352521419525146 -0.0197759959846735 0.022674230858683586
v -0.017731819301843643 -0.019446777179837227 0.022227231413125992
v -0.01687614992260933 -0.020174723118543625 0.023051680997014046
v -0.01688585802912712 -0.01990342140197754 0.023340292274951935
v -0.01617857813835144 -0.020406067371368408 0.02370435930788517
v -0.01548079401254654 -0.020869163796305656 0.023890487849712372
v -0.01622745767235756 -0.020688096061348915 0.023371821269392967
v -0.01558980904519558 -0.02116231992840767 0.02353053353726864
v -0.018142031505703926 -0.019274046644568443 0.021634653210639954
v -0.018496714532375336 -0.018925653770565987 0.02177876979112625
v -0.018355296924710274 -0.01924617402255535 0.020522207021713257
v -0.018734890967607498 -0.018894527107477188 0.020536398515105247
v -0.01847877725958824 -0.018734131008386612 0.00453087966889143
v -0.018858371302485466 -0.0183824822306633 0.004545070696622133
v -0.012544047087430954 -0.022438718006014824 0.02408716268837452
v -0.012327240779995918 -0.022535275667905807 0.02419152669608593
v -0.012569674290716648 -0.02274765819311142 0.023742692545056343
v -0.012317657470703125 -0.0228431299328804 0.023862987756729126
v -0.012699455954134464 -0.023153021931648254 0.023559393361210823
v -0.012419433332979679 -0.023240942507982254 0.023678094148635864
v -0.012713777832686901 -0.02236243337392807 0.02402285672724247
v -0.012767083011567593 -0.022672345861792564 0.023668447509407997
v -0.0129178361967206 -0.023084044456481934 0.02348880097270012
v -0.01069738157093525 -0.02502354420721531 0.026252778246998787
v -0.011216709390282631 -0.023938637226819992 0.02471052296459675
v -0.011145371943712234 -0.02401413768529892 0.024819502606987953
v -0.012273916974663734 -0.023289915174245834 0.023753415793180466
v -0.010697456076741219 -0.025020474568009377 0.026256050914525986
v -0.010697552002966404 -0.025017404928803444 0.026259323582053185
v -0.010937380604445934 -0.02396431937813759 0.025606611743569374
v -0.010697667486965656 -0.025014344602823257 0.026262594386935234
v -0.01116248406469822 -0.0237457063049078 0.024873867630958557
v -0.011232847347855568 -0.02342022769153118 0.025263769552111626
v -0.011167986318469048 -0.023568959906697273 0.02506248652935028
v -0.011508533731102943 -0.023204758763313293 0.030598141252994537
v -0.01090302411466837 -0.024113845080137253 0.030564356595277786
v 0.0008169852080754936 -0.02553260140120983 0.024142544716596603
v 0.0008021215908229351 -0.02554195560514927 0.02414080873131752
v 0.0008144907187670469 -0.025766441598534584 0.03042096085846424
v 0.0001341839088127017 -0.026116766035556793 0.023996861651539803
v -0.00025609147269278765 -0.026689637452363968 0.02379927597939968
v -0.00020428131392691284 -0.02689901366829872 0.030392562970519066
v -0.0005923858843743801 -0.028098037466406822 0.023149123415350914
v -0.0005917399539612234 -0.0281294584274292 0.02313183806836605
v -0.0005912112537771463 -0.028147805482149124 0.023120814934372902
v -0.00032016629120334983 -0.026819748803973198 0.023748131468892097
v -0.0005544280866160989 -0.02758239582180977 0.023408561944961548
v -0.0005826143315061927 -0.02781091071665287 0.023296084254980087
v -0.0005910966428928077 -0.027956044301390648 0.023222779855132103
v -0.000592712895013392 -0.02804487757384777 0.023177102208137512
v 0.00020043112454004586 -0.026042770594358444 0.024018816649913788
v 0.0014500722754746675 -0.025232257321476936 0.024177245795726776
v 0.0002919528924394399 -0.026188194751739502 0.01651228778064251
v 0.00015548127703368664 -0.026165196672081947 0.015640603378415108
v -0.00041187176248058677 -0.02694719471037388 0.0164934191852808
v -0.0005150421056896448 -0.026929806917905807 0.015834439545869827
v -0.0002286469389218837 -0.026154065504670143 0.014846053905785084
v -0.0008054365171119571 -0.02692139334976673 0.015233773738145828
v -0.010849954560399055 -0.025796692818403244 -0.0017574254889041185
v -0.013632803224027157 -0.026025431230664253 -0.004839967470616102
v -0.014209592714905739 -0.02679275907576084 -0.004452246706932783
v -0.01480905432254076 -0.026796089485287666 -0.005051537416875362
v -0.014425759203732014 -0.026029838249087334 -0.0056326971389353275
v -0.015453982166945934 -0.02605433762073517 -0.006079209502786398
v -0.016573842614889145 -0.02609550952911377 -0.006117130164057016
v -0.017628902569413185 -0.026147600263357162 -0.005741162225604057
v -0.015586373396217823 -0.02681461162865162 -0.005389092955738306
v -0.01643296889960766 -0.026845736429095268 -0.005417760461568832
v -0.017230575904250145 -0.02688511833548546 -0.005133535247296095
v -0.018421271815896034 -0.026199394837021828 -0.005066625773906708
v -0.017829595133662224 -0.026924272999167442 -0.0046235970221459866
v -0.018934864550828934 -0.026248088106513023 -0.004161427263170481
v -0.018217861652374268 -0.026961084455251694 -0.003939282149076462
v -0.01910773478448391 -0.026287807151675224 -0.003134747501462698
v -0.01834854669868946 -0.026991112157702446 -0.0031631295569241047
v -0.01798601634800434 -0.028209825977683067 0.004218495450913906
v -0.018022097647190094 -0.0279074814170599 0.004019033629447222
v -0.018645010888576508 -0.026785464957356453 0.0033578972797840834
v -0.01853637583553791 -0.026893379166722298 0.0034067051019519567
v -0.018287967890501022 -0.027220768854022026 0.003584694815799594
v -0.018146991729736328 -0.02749618887901306 0.0037532057613134384
v -0.0005908700404688716 -0.028159767389297485 0.02310124970972538
v -0.0005914681241847575 -0.028138425201177597 0.023101937025785446
v -0.0005916429799981415 -0.028129929676651955 0.023102210834622383
v -0.000591946707572788 -0.028105013072490692 0.023103009909391403
v -0.0005917470552958548 -0.028062468394637108 0.02310437150299549
v -0.0005893561174161732 -0.027990704402327538 0.02310665138065815
v -0.0005796688492409885 -0.02787163108587265 0.023110387846827507
v -0.0005489638424478471 -0.02768072299659252 0.02311626449227333
v -0.00046581498463638127 -0.02739431895315647 0.02312479354441166
v -0.0003606144164223224 -0.02715974673628807 0.023131491616368294
v 4.2381765524623916e-05 -0.026632513850927353 0.023145262151956558
v 0.0003432102093938738 -0.026400746777653694 0.023150360211730003
v 0.0006900398875586689 -0.026227056980133057 0.023153243586421013
v 0.00132070726249367 -0.026095567271113396 0.023152584210038185
v 0.000764908385463059 -0.0261999499052763 0.023153534159064293
v 0.0016072134021669626 -0.025636401027441025 0.023320447653532028
v 0.00109835562761873 -0.025773856788873672 0.02335546538233757
v 0.0014946439769119024 -0.025330131873488426 0.02369346097111702
v 0.0009143598144873977 -0.02557303011417389 0.02370893768966198
v -0.0005912124761380255 -0.028148839250206947 0.023111708462238312
v -0.0005913656204938889 -0.028143636882305145 0.02310682274401188
v -0.0005914289504289627 -0.02814185433089733 0.023114614188671112
v -0.0005915730143897235 -0.028135893866419792 0.023108411580324173
v -0.0005920363473705947 -0.028113167732954025 0.023112617433071136
v -0.0005923231947235763 -0.028074325993657112 0.023119281977415085
v -0.0005913533386774361 -0.02800874039530754 0.023130105808377266
v -0.0005856810603290796 -0.027899598702788353 0.023147733882069588
v -0.0005657119327224791 -0.027723269537091255 0.023175697773694992
v -0.000508561497554183 -0.027453355491161346 0.023217342793941498
v -0.00012488268839661032 -0.02666114829480648 0.023325735703110695
v -0.0005919674877077341 -0.02812131494283676 0.023122228682041168
v -0.0005925361765548587 -0.028086185455322266 0.023134199902415276
v -0.000592472730204463 -0.028026802465319633 0.023153597488999367
v -0.0005894930218346417 -0.027927758172154427 0.02318522520363331
v -0.0005769498529843986 -0.027766747400164604 0.023235749453306198
v -0.0005382363451644778 -0.027516338974237442 0.023312373086810112
v -0.00024825584841892123 -0.026724860072135925 0.02353088930249214
v 0.0002466588339302689 -0.026067815721035004 0.02366534247994423
v 0.00031447154469788074 -0.026002636179327965 0.023674974218010902
v 0.000900409126188606 -0.025580579414963722 0.02370898611843586
v 0.0004399967729113996 -0.026106178760528564 0.023371916264295578
v 0.0005113485967740417 -0.02605745568871498 0.023373181000351906
v 0.001085461350157857 -0.025778133422136307 0.023356346413493156
v -0.018779681995511055 -0.01728675328195095 -0.025607069954276085
v -0.018062081187963486 -0.017954787239432335 -0.02523423172533512
v -0.018091263249516487 -0.017815159633755684 -0.025317447260022163
v -0.018145320937037468 -0.017683731392025948 -0.025412902235984802
v -0.01772567257285118 -0.018228627741336823 -0.025650665163993835
v -0.017780490219593048 -0.017949771136045456 -0.025874733924865723
v -0.01661195419728756 -0.019093681126832962 -0.026422446593642235
v -0.017255377024412155 -0.0186021588742733 -0.026060152798891068
v -0.01597706601023674 -0.01955646276473999 -0.02662098966538906
v -0.015232052654027939 -0.02007240056991577 -0.026687901467084885
v -0.017269402742385864 -0.018312955275177956 -0.026330633088946342
v -0.016568072140216827 -0.01879093050956726 -0.026736976578831673
v -0.015873471274971962 -0.01924082823097706 -0.026963092386722565
v -0.015054800547659397 -0.019742146134376526 -0.02704491838812828
v -0.012224827893078327 -0.021149564534425735 -0.027111835777759552
v -0.012367703951895237 -0.02149692177772522 -0.02675563283264637
v -0.009566877968609333 -0.02255101315677166 -0.026811011135578156
v -0.003723212517797947 -0.02381325140595436 -0.026896551251411438
v -0.006676100194454193 -0.023325616493821144 -0.0268581360578537
v 0.0022548194974660873 -0.02391168661415577 -0.026945864781737328
v -0.000736651592887938 -0.02400924265384674 -0.026925887912511826
v 0.005222391337156296 -0.023521525785326958 -0.026956286281347275
v 0.008137485943734646 -0.0228425282984972 -0.026957053691148758
v 0.010972026735544205 -0.0218812208622694 -0.02694815956056118
v 0.013698719441890717 -0.020646868273615837 -0.026929691433906555
v 0.016742272302508354 -0.018855160102248192 -0.02689582109451294
v -0.009457613341510296 -0.022191014140844345 -0.02716655097901821
v -0.00660152779892087 -0.02295631729066372 -0.02721310965716839
v -0.0036840769462287426 -0.02343810349702835 -0.027251064777374268
v -0.0007333572721108794 -0.023631740361452103 -0.02728004939854145
v 0.002222213661298156 -0.02353535033762455 -0.0272997859865427
v 0.005154172424226999 -0.023149875923991203 -0.02731008268892765
v 0.00803428329527378 -0.02247902937233448 -0.027310840785503387
v 0.01083480753004551 -0.02152925729751587 -0.027302054688334465
v 0.013528776355087757 -0.020309720188379288 -0.02728380635380745
v 0.01653580367565155 -0.018539516255259514 -0.027250343933701515
v 0.019439155235886574 -0.016386404633522034 -0.025561498478055
v 0.019481820985674858 -0.016251293942332268 -0.02565758116543293
v 0.018995871767401695 -0.016657821834087372 -0.026258179917931557
v 0.016927259042859077 -0.01870793290436268 -0.02689727582037449
v 0.016740787774324417 -0.018394559621810913 -0.02724994532763958
v 0.017512351274490356 -0.017830083146691322 -0.027129994705319405
v 0.017901476472616196 -0.017533717676997185 -0.02699410542845726
v 0.01762567088007927 -0.01813434436917305 -0.02679593302309513
v 0.017979102209210396 -0.01783306896686554 -0.026676561683416367
v 0.018610304221510887 -0.017276227474212646 -0.026327058672904968
v 0.018976986408233643 -0.01694200560450554 -0.0260191410779953
v 0.019421756267547607 -0.016527805477380753 -0.025477979332208633
v 0.018594419583678246 -0.016986221075057983 -0.02660147286951542
v 0.020081588998436928 -0.01580733433365822 -0.02585977502167225
v -0.021278640255331993 -0.01896941289305687 -0.006961270701140165
v -0.02091006189584732 -0.018967201933264732 -0.006597822066396475
v -0.021179072558879852 -0.01853252202272415 -0.006948050111532211
v -0.020874308422207832 -0.018203869462013245 -0.006939880084246397
v -0.020676622167229652 -0.01852521486580372 -0.006585471797734499
v -0.020852578803896904 -0.018714958801865578 -0.006590188946574926
v -0.02044600620865822 -0.01807151362299919 -0.006938949227333069
v -0.02042934112250805 -0.01844879798591137 -0.006584934424608946
v -0.019430086016654968 -0.018410757184028625 -0.006591432262212038
v -0.019446751102805138 -0.018033472821116447 -0.006945447064936161
v -0.019177738577127457 -0.018468152731657028 -0.006595219019800425
v -0.01870252937078476 -0.018877923488616943 -0.006774355657398701
v -0.018548622727394104 -0.01886548288166523 -0.006979023106396198
v -0.018680935725569725 -0.018437419086694717 -0.006964295171201229
v -0.019009672105312347 -0.018132884055376053 -0.006952005438506603
v -0.01891155168414116 -0.018891120329499245 -0.006610817741602659
v -0.01898794248700142 -0.018643973395228386 -0.006602314300835133
v -0.02083081752061844 -0.01929580420255661 0.0036645615473389626
v -0.021193746477365494 -0.019321441650390625 0.004032766912132502
v -0.020346108824014664 -0.018892722204327583 0.0036158403381705284
v -0.02059737965464592 -0.018853817135095596 0.003676911350339651
v -0.02036239579319954 -0.018369514495134354 0.004174208268523216
v -0.020789416506886482 -0.01855590008199215 0.00405415752902627
v -0.021094180643558502 -0.018884550780057907 0.004045987501740456
v -0.020773334428668022 -0.019043561071157455 0.0036721944343298674
v -0.02036111243069172 -0.018423542380332947 0.004055088385939598
v -0.02035670168697834 -0.01857563853263855 0.00384296546690166
v -0.020350096747279167 -0.018777402117848396 0.0036774487234652042
v -0.019346851855516434 -0.01885468140244484 0.0036093422677367926
v -0.019350841641426086 -0.018739359453320503 0.003670950885862112
v -0.01935744658112526 -0.018537597730755806 0.003836467396467924
v -0.01936185732483864 -0.018385501578450203 0.004048590548336506
v -0.01936314068734646 -0.01833147369325161 0.004167710430920124
v -0.018596043810248375 -0.018789449706673622 0.004029742907732725
v -0.018924780189990997 -0.018484914675354958 0.004042032640427351
v -0.019098494201898575 -0.018796755000948906 0.003667164593935013
v -0.018463730812072754 -0.019217511638998985 0.004015014506876469
v -0.018908698111772537 -0.018972575664520264 0.003660069080069661
v -0.018832309171557426 -0.019219722598791122 0.0036515656393021345
v -0.018163030967116356 -0.017373593524098396 -0.03399889916181564
v 0.015129454433918 -0.019012033939361572 -0.03430843725800514
v 0.01889699697494507 -0.01634746789932251 -0.03410213068127632
v -0.015455629676580429 -0.019162796437740326 -0.03407709673047066
v -0.013119933195412159 -0.020396051928400993 -0.03413461893796921
v -0.010313265956938267 -0.021553458645939827 -0.03419335186481476
v -0.007583557162433863 -0.022376902401447296 -0.03424079716205597
v -0.004812383092939854 -0.022933829575777054 -0.03428002819418907
v -0.0017666637431830168 -0.023240020498633385 -0.034313350915908813
v 0.0008503785938955843 -0.023254571482539177 -0.03433402627706528
v 0.004107208456844091 -0.02295224368572235 -0.03434949368238449
v 0.006472589448094368 -0.02250421792268753 -0.03435341268777847
v 0.009812328964471817 -0.021524624899029732 -0.03434783220291138
v 0.01185327023267746 -0.02070959471166134 -0.034337494522333145
v 0.02374279871582985 0.019010184332728386 -0.03235704079270363
v 0.022743919864296913 0.020786801353096962 -0.032292440533638
v 0.021835381165146828 0.020124614238739014 -0.03230662643909454
v 0.01969553716480732 0.019481487572193146 -0.03231069818139076
v 0.018572436645627022 0.019533030688762665 -0.032300375401973724
v 0.01855611242353916 0.017050862312316895 -0.03237972781062126
v 0.022574743255972862 0.01622956059873104 -0.03243705630302429
v 0.023536881431937218 0.0168111901730299 -0.032425861805677414
v 0.024604661390185356 0.017163263633847237 -0.032422833144664764
v 0.020801831036806107 0.01968204975128174 -0.03231281787157059
v 0.017489315941929817 0.019834116101264954 -0.03228237107396126
v 0.016500946134328842 0.020369496196508408 -0.03225759416818619
v 0.015657303854823112 0.021112114191055298 -0.032227303832769394
v 0.02076762169599533 0.013450088910758495 -0.03251210227608681
v 0.02115420065820217 0.014505423605442047 -0.03248129412531853
v 0.02176690101623535 0.015447800047695637 -0.03245585039258003
v 0.020626716315746307 0.012335159815847874 -0.03254671394824982
v 0.020439578220248222 0.01243068091571331 -0.032542210072278976
v 0.02073860540986061 0.011217007413506508 -0.03258338198065758
v 0.021097632125020027 0.010152178816497326 -0.032620251178741455
v 0.021206166595220566 0.007500615436583757 -0.032705992460250854
v 0.016702432185411453 -0.00649357819929719 -0.033119309693574905
v 0.014154587872326374 -0.00924113392829895 -0.033187612891197205
v 0.015067480504512787 -0.008584973402321339 -0.03317365050315857
v 0.020400170236825943 -0.008865058422088623 -0.033223796635866165
v 0.021238887682557106 -0.009613221511244774 -0.0332542285323143
v 0.022536223754286766 -0.007743360474705696 -0.033204372972249985
v 0.02671218290925026 0.007393638137727976 -0.03275193274021149
v 0.025594228878617287 0.007274142932146788 -0.03274712711572647
v 0.02667560800909996 0.0051187011413276196 -0.03282449394464493
v 0.026447439566254616 0.002854877384379506 -0.03289521858096123
v 0.026029298081994057 0.0006182724027894437 -0.03296360746026039
v 0.020814543589949608 0.0025264574214816093 -0.032862238585948944
v 0.025424161925911903 -0.0015752316685393453 -0.03302916884422302
v 0.01928582787513733 -0.002223637420684099 -0.03300253301858902
v 0.024636326357722282 -0.0037100305780768394 -0.03309144452214241
v 0.02168564312160015 0.009194509126245975 -0.03265545517206192
v 0.016103927046060562 -0.008149235509335995 -0.033167701214551926
v 0.01721152290701866 -0.007955964654684067 -0.03317006677389145
v 0.02367139607667923 -0.005770962219685316 -0.03314998373389244
v 0.019415361806750298 -0.008323163725435734 -0.03319884091615677
v 0.01833425648510456 -0.008014936000108719 -0.03318062424659729
v 0.024477887898683548 0.007407342549413443 -0.03273424133658409
v 0.023419611155986786 0.007786495611071587 -0.03271392732858658
v 0.02247290499508381 0.00839243084192276 -0.032687216997146606
v 0.00897802971303463 -0.012710558250546455 -0.03325873240828514
v 0.004253450781106949 -0.014322435483336449 -0.033273860812187195
v 0.005821928381919861 -0.014236337505280972 -0.03328321874141693
v 0.007339603267610073 -0.014640910550951958 -0.033307891339063644
v 0.00865667313337326 -0.015496207401156425 -0.03334544599056244
v 0.01320362463593483 -0.010053188540041447 -0.0332062728703022
v 0.009643137454986572 -0.01671781949698925 -0.033392179757356644
v 0.01020162645727396 -0.018185149878263474 -0.033443477004766464
v 0.012049653567373753 -0.01732325181365013 -0.03343014791607857
v 0.012522170320153236 -0.013277823105454445 -0.03330426290631294
v 0.012722569517791271 -0.014383536763489246 -0.033341214060783386
v 0.013165092095732689 -0.015416475012898445 -0.03337770700454712
v 0.013827363960444927 -0.016324413940310478 -0.033411893993616104
v 0.012574030086398125 -0.012155255302786827 -0.03326871991157532
v 0.01287552434951067 -0.011072584427893162 -0.03323638066649437
v 0.013411409221589565 -0.010084559209644794 -0.033208880573511124
v 0.0027889860793948174 -0.01489068940281868 -0.03328074887394905
v -0.0007154115010052919 -0.014801908284425735 -0.0332508459687233
v -0.0018492669332772493 -0.02025808021426201 -0.03341680020093918
v 0.0004267590120434761 -0.0202940721064806 -0.033435527235269547
v 0.0003306548169348389 -0.018726978451013565 -0.03338460624217987
v -0.0106817577034235 -0.018221959471702576 -0.033283401280641556
v -0.00854612048715353 -0.019008886069059372 -0.033325087279081345
v -0.005660682450979948 -0.01412314921617508 -0.033190928399562836
v 0.0007257630932144821 -0.017207292839884758 -0.0333389975130558
v 0.0015730852028355002 -0.01588502526283264 -0.03330320119857788
v -0.006351708900183439 -0.01961318962275982 -0.03336138278245926
v -0.004114122595638037 -0.02003057487308979 -0.03339202702045441
v -0.016212940216064453 -0.007746641989797354 -0.03290526941418648
v -0.015556682832539082 -0.008658938109874725 -0.032939549535512924
v -0.01442969311028719 -0.009497730061411858 -0.03297510743141174
v -0.015120995230972767 -0.009694774635136127 -0.03297607973217964
v -0.010315761901438236 -0.012322735972702503 -0.03309733420610428
v -0.014927906915545464 -0.010801787488162518 -0.03301301971077919
v -0.01498718187212944 -0.011923996731638908 -0.033048491925001144
v -0.01529582217335701 -0.01300465315580368 -0.03308071196079254
v -0.01658695563673973 -0.014827619306743145 -0.03312911465764046
v -0.014716515317559242 -0.016123872250318527 -0.03318506479263306
v -0.015838220715522766 -0.01398912537842989 -0.033108048141002655
v -0.012743441388010979 -0.01725800335407257 -0.03323661535978317
v -0.017056584358215332 -0.00700403144583106 -0.032874975353479385
v -0.017780693247914314 -0.0058004301972687244 -0.032830845564603806
v -0.02429843507707119 -0.005644726566970348 -0.03277553245425224
v -0.023299556225538254 -0.007421329617500305 -0.03284013271331787
v -0.02239101752638817 -0.006759156938642263 -0.03282594308257103
v -0.025160297751426697 -0.003797798650339246 -0.03270973637700081
v -0.02409251779317856 -0.0034457261208444834 -0.03270671144127846
v -0.023130381479859352 -0.002864097012206912 -0.03269551694393158
v -0.020188108086586 -0.0014301599003374577 -0.03267231956124306
v -0.019128073006868362 -0.0061675733886659145 -0.03283219784498215
v -0.018044954165816307 -0.006468651816248894 -0.032850202172994614
v -0.0212942436337471 0.002148456871509552 -0.032549191266298294
v -0.021182354539632797 0.0010303118033334613 -0.032585859298706055
v -0.021357469260692596 -0.006316592451184988 -0.032819755375385284
v -0.02025117538869381 -0.006116015370935202 -0.03282187506556511
v -0.022322537377476692 -0.00208232831209898 -0.03267671912908554
v -0.021709837019443512 -0.0011399589711800218 -0.032651279121637344
v -0.02132325991988182 -8.46169568831101e-05 -0.032620470970869064
v -0.020955806598067284 0.022230513393878937 -0.031908776611089706
v -0.021794524043798447 0.022978683933615685 -0.03187834098935127
v -0.023091861978173256 0.021108824759721756 -0.03192819654941559
v -0.025191964581608772 0.017075495794415474 -0.03204112872481346
v -0.025979798287153244 0.01494070328772068 -0.03210340067744255
v -0.020744210109114647 0.013258513994514942 -0.03219769522547722
v -0.026149867102503777 0.006091321352869272 -0.0323854461312294
v -0.025033526122570038 0.005958121735602617 -0.03239833191037178
v -0.021710915490984917 0.008363297209143639 -0.032346975058317184
v -0.023975247517228127 0.00557897612452507 -0.032418642193078995
v -0.02726782113313675 0.005971826147288084 -0.032380640506744385
v -0.0272312443703413 0.008246763609349728 -0.032308079302310944
v -0.027003075927495956 0.010510587133467197 -0.032237354665994644
v -0.026584936305880547 0.012747199274599552 -0.03216896578669548
v -0.016659565269947052 0.021514708176255226 -0.03196486830711365
v -0.017767159268260002 0.021321428939700127 -0.03196250647306442
v -0.018674157559871674 0.017799245193600655 -0.03206828236579895
v -0.01888989470899105 0.021380407735705376 -0.03195194900035858
v -0.019970998167991638 0.021688619628548622 -0.0319337323307991
v -0.02422703243792057 0.019136426970362663 -0.03198258951306343
v -0.02302854135632515 0.0049730334430933 -0.032445356249809265
v -0.02224128134548664 0.004170955158770084 -0.03247711807489395
v -0.02152215503156185 0.003377468790858984 -0.03250807896256447
v -0.021653270348906517 0.0032132857013493776 -0.032512322068214417
v -0.015623116865754128 0.021950436756014824 -0.0319589227437973
v -0.015612351708114147 0.021740667521953583 -0.031965721398591995
v -0.01471022516489029 0.022606603801250458 -0.03194496035575867
v -0.0048090871423482895 0.027687890455126762 -0.03185870870947838
v -0.00592780439183116 0.027575789019465446 -0.03185366094112396
v -0.007218306418508291 0.027019470930099487 -0.03186151012778282
v -0.007043238263577223 0.027716347947716713 -0.031840547919273376
v -0.01172385923564434 0.024870311841368675 -0.03189553692936897
v -0.008098986931145191 0.02810247614979744 -0.03182003274559975
v -0.00904166605323553 0.028714653104543686 -0.031793151050806046
v -0.013431161642074585 0.024438045918941498 -0.0318961925804615
v -0.01396704651415348 0.02345002070069313 -0.03192369267344475
v -0.009823610074818134 0.02952190488576889 -0.03176126256585121
v -0.013077807612717152 0.026643292978405952 -0.03182831034064293
v -0.01312966737896204 0.025520717725157738 -0.031863853335380554
v -0.010405279695987701 0.030483437702059746 -0.03172598406672478
v -0.013720729388296604 0.028781937435269356 -0.03175486624240875
v -0.013278206810355186 0.02774900756776333 -0.03179135546088219
v -0.010757263749837875 0.03155061975121498 -0.03168909624218941
v -0.012605290859937668 0.03068872168660164 -0.031702421605587006
v -0.014383001253008842 0.02968987636268139 -0.03172067925333977
v -0.015850074589252472 -0.0073790778405964375 -0.03389684110879898
v -0.018681468442082405 -0.0034122781362384558 -0.03374796360731125
v -0.01737750880420208 -0.005494121927767992 -0.03332442045211792
v -0.02052113227546215 0.0011004639090970159 -0.033589258790016174
v -0.01972893811762333 -0.0012254909379407763 -0.03316957876086235
v -0.018677610903978348 -0.0034282796550542116 -0.03324823081493378
v -0.021269891411066055 0.005915879737585783 -0.03342928737401962
v -0.021031958982348442 0.0034703377168625593 -0.033009156584739685
v -0.020517274737358093 0.0010844625066965818 -0.033089529722929
v -0.020887378603219986 0.010774354450404644 -0.033276669681072235
v -0.02121632918715477 0.008340214379131794 -0.032851800322532654
v -0.021266033872961998 0.005899878218770027 -0.03292955830693245
v -0.01939421519637108 0.015413975343108177 -0.03313963860273361
v -0.020272105932235718 0.013121594674885273 -0.032705992460250854
v -0.02088351920247078 0.010758353397250175 -0.03277694061398506
v -0.016870897263288498 0.019584616646170616 -0.033025581389665604
v -0.01825019344687462 0.01755671575665474 -0.03257958963513374
v -0.019390355795621872 0.015397973358631134 -0.03263990953564644
v -0.01345345750451088 0.023061450570821762 -0.032940641045570374
v -0.015259593725204468 0.02140647917985916 -0.032479412853717804
v -0.01686703786253929 0.019568616524338722 -0.03252584859728813
v -0.009326132945716381 0.025657018646597862 -0.03288939967751503
v -0.0114615298807621 0.024463346228003502 -0.03241086006164551
v -0.013449599035084248 0.023045450448989868 -0.0324409119784832
v -0.004711426794528961 0.027231412008404732 -0.03287462145090103
v -0.007060758303850889 0.0265625212341547 -0.03237762674689293
v -0.00932227447628975 0.02564101852476597 -0.032389670610427856
v 0.00014188005297910422 0.02769974060356617 -0.03289709985256195
v -0.0022945248056203127 0.027590839192271233 -0.03238150477409363
v -0.004707567859441042 0.02721541002392769 -0.03237489238381386
v 0.004972144961357117 0.0270367544144392 -0.032955627888441086
v 0.0025802224408835173 0.02749285101890564 -0.03242228180170059
v 0.00014573882799595594 0.027683738619089127 -0.03239737078547478
v 0.009518967010080814 0.025278205052018166 -0.03304704651236534
v 0.007300684228539467 0.02627384103834629 -0.03249776363372803
v 0.004976003896445036 0.027020752429962158 -0.03245589882135391
v 0.013537225313484669 0.022518901154398918 -0.03316642716526985
v 0.011612378060817719 0.023999540135264397 -0.03260388225317001
v 0.009522825479507446 0.02526220493018627 -0.03254731744527817
v 0.01916172355413437 0.014638959430158138 -0.033462174236774445
v 0.018114255741238594 0.01682574674487114 -0.032883793115615845
v 0.01681029424071312 0.018907589837908745 -0.033307336270809174
v 0.016814153641462326 0.01889158971607685 -0.032807607203722
v 0.015279003418982029 0.020808540284633636 -0.03323464095592499
v 0.015282861888408661 0.020792538300156593 -0.032734911888837814
v 0.0135410837829113 0.022502899169921875 -0.03266669809818268
v 0.02046474628150463 0.009943130426108837 -0.03362259641289711
v 0.01995391957461834 0.012313004583120346 -0.03304249793291092
v 0.019165582954883575 0.014622957445681095 -0.03296244516968727
v 0.02064911462366581 0.005073253531008959 -0.03377995267510414
v 0.020702678710222244 0.007497596088796854 -0.03320246934890747
v 0.02046860381960869 0.009927129372954369 -0.033122867345809937
v 0.019704891368746758 0.00029187402105890214 -0.03392576426267624
v 0.020320165902376175 0.0026391134597361088 -0.03335508331656456
v 0.020652974024415016 0.005057252012193203 -0.03328022360801697
v 0.017682980746030807 -0.004143246915191412 -0.03405216336250305
v 0.018827002495527267 -0.0020005067344754934 -0.03349211439490318
v 0.019708750769495964 0.00027587261865846813 -0.033426035195589066
v 0.014692380093038082 -0.007993017323315144 -0.03415234014391899
v 0.016303684562444687 -0.00617115618661046 -0.03360617533326149
v 0.017686838284134865 -0.004159248434007168 -0.03355243429541588
v 0.01089431717991829 -0.011049886234104633 -0.03422089293599129
v 0.012886243872344494 -0.009647984057664871 -0.03369111567735672
v 0.014696238562464714 -0.008009019307792187 -0.03365261107683182
v 0.006493545137345791 -0.013149055652320385 -0.034254129976034164
v 0.008758919313549995 -0.012243553064763546 -0.033742353320121765
v 0.010898175649344921 -0.011065888218581676 -0.033721163868904114
v 0.0017273112898692489 -0.01417736615985632 -0.034250251948833466
v 0.0041442131623625755 -0.01381793711334467 -0.033757131546735764
v 0.00649740407243371 -0.013165056705474854 -0.03375439718365669
v -0.0031474358402192593 -0.014079377055168152 -0.0342094711959362
v -0.0007090935832820833 -0.014286265708506107 -0.033734653145074844
v 0.0017311699921265244 -0.014193367213010788 -0.03375052288174629
v -0.007867897860705853 -0.012860375456511974 -0.03413398936390877
v -0.005539358127862215 -0.013623286969959736 -0.03367612510919571
v -0.0031435771379619837 -0.01409537810832262 -0.03370974212884903
v -0.01217959076166153 -0.010586073622107506 -0.03402787446975708
v -0.010086179710924625 -0.011864746920764446 -0.03358471021056175
v -0.007864038459956646 -0.012876376509666443 -0.033634260296821594
v -0.015846217051148415 -0.007395079359412193 -0.03339711204171181
v -0.01410443801432848 -0.0091054392978549 -0.03346532955765724
v -0.012175732292234898 -0.010602075606584549 -0.03352814167737961
v -0.013624374754726887 -0.019207408651709557 -0.027789248153567314
v -0.009116141125559807 -0.02108798548579216 -0.02788427472114563
v -0.004355846904218197 -0.02218535728752613 -0.027956170961260796
v 0.016020171344280243 0.02147967740893364 -0.0332188755273819
v 0.012174902483820915 0.024839380756020546 -0.03308160603046417
v 0.00765789020806551 0.027221985161304474 -0.03297043591737747
v 0.002712644636631012 0.028499042615294456 -0.03289135918021202
v -0.002394233364611864 0.028601698577404022 -0.03284863755106926
v -0.007387431338429451 0.027524424716830254 -0.032844576984643936
v -0.011997763067483902 0.02532528154551983 -0.03287939354777336
v -0.015976687893271446 0.022122859954833984 -0.03295120969414711
v -0.01910969614982605 0.018089763820171356 -0.03305615857243538
v -0.021227890625596046 0.013443452306091785 -0.033188577741384506
v -0.022217076271772385 0.008434384129941463 -0.03334132954478264
v -0.022269146516919136 0.005877838935703039 -0.033422790467739105
v -0.02202392742037773 0.003332611406221986 -0.033506181091070175
v -0.020658856257796288 -0.0015868323389440775 -0.033674243837594986
v -0.01819545403122902 -0.006058733910322189 -0.03383645415306091
v -0.01476652454584837 -0.00984201580286026 -0.033984072506427765
v -0.010556919500231743 -0.01273272093385458 -0.03410913795232773
v -0.0057935831137001514 -0.014574999921023846 -0.034204911440610886
v -0.0007333054090850055 -0.015269553288817406 -0.03426622226834297
v 0.004351111128926277 -0.014778923243284225 -0.03428977355360985
v 0.009185565635561943 -0.013129565864801407 -0.03427429124712944
v 0.013509429059922695 -0.010410397313535213 -0.034220609813928604
v 0.0170896053314209 -0.0067680031061172485 -0.03413162752985954
v 0.01973307877779007 -0.002398756565526128 -0.03401213511824608
v 0.02129734680056572 0.0024617977906018496 -0.03386857733130455
v 0.02169807441532612 0.007551638409495354 -0.03370869532227516
v 0.020913662388920784 0.012596353888511658 -0.033541105687618256
v 0.01898639276623726 0.017323995009064674 -0.0333748459815979
v -0.027436675503849983 -6.807294994359836e-05 -0.03191237524151802
v -0.02783845365047455 0.0007143336115404963 -0.031884219497442245
v -0.027794962748885155 0.00159280258230865 -0.03185642883181572
v -0.02731785736978054 0.002331955824047327 -0.03183644264936447
v -0.026534974575042725 0.002733730711042881 -0.031829625368118286
v -0.025656092911958694 0.0026904772967100143 -0.03183779492974281
v -0.02491670288145542 0.002213783096522093 -0.031858768314123154
v -0.024514924734830856 0.0014313766732811928 -0.03188692405819893
v -0.0245584174990654 0.0005529076443053782 -0.03191471844911575
v -0.025035522878170013 -0.00018623803043738008 -0.0319347009062767
v -0.02581840381026268 -0.0005880204262211919 -0.03194152191281319
v -0.02669728547334671 -0.0005447670118883252 -0.03193334862589836
v -0.029266636818647385 -0.00022326405451167375 -0.033564113080501556
v -0.029444372281432152 0.00042273575672879815 -0.033512040972709656
v -0.02954917773604393 0.0010864833602681756 -0.03351999446749687
v -0.02938796766102314 0.0021536347921937704 -0.03348706662654877
v -0.028444983065128326 0.003614545101299882 -0.033447571098804474
v -0.026897642761468887 0.00440864497795701 -0.03343409299850464
v -0.02516055479645729 0.004323161672800779 -0.03345024213194847
v -0.02369917370378971 0.0033809898886829615 -0.033491697162389755
v -0.022905074059963226 0.0018345887074247003 -0.03354734182357788
v -0.022991031408309937 9.832456998992711e-05 -0.033602274954319
v -0.0239340178668499 -0.0013625859282910824 -0.03364177048206329
v -0.02548135817050934 -0.0021566858049482107 -0.03365525230765343
v -0.027218444272875786 -0.00207120249979198 -0.033639099448919296
v -0.028679827228188515 -0.001129030715674162 -0.03359764814376831
v -0.019321490079164505 0.025147775188088417 -0.03116762638092041
v -0.01972326822578907 0.02593018114566803 -0.031139470636844635
v -0.019679777324199677 0.02680864930152893 -0.03111167810857296
v -0.019202671945095062 0.02754780277609825 -0.03109169378876686
v -0.018419791013002396 0.027949584648013115 -0.031084874644875526
v -0.017540907487273216 0.027906332165002823 -0.031093046069145203
v -0.016801517456769943 0.027429630979895592 -0.031114019453525543
v -0.016399741172790527 0.02664722315967083 -0.03114217519760132
v -0.01644323207437992 0.02576875500380993 -0.031169967725872993
v -0.016920335590839386 0.025029601529240608 -0.031189950183033943
v -0.017703218385577202 0.02462783455848694 -0.031196771189570427
v -0.018582100048661232 0.02467108704149723 -0.03118859976530075
v -0.020781267434358597 0.02833051048219204 -0.032715342938899994
v -0.020309429615736008 0.028807224705815315 -0.032673705369234085
v -0.019787652418017387 0.029230231419205666 -0.03269420564174652
v -0.01878245919942856 0.02962449938058853 -0.03268934041261673
v -0.01704537123441696 0.029539009556174278 -0.03270549327135086
v -0.015583989210426807 0.02859683707356453 -0.032746944576501846
v -0.014789888635277748 0.0270504429936409 -0.03280259296298027
v -0.014875846914947033 0.025314172729849815 -0.03285752609372139
v -0.01581883244216442 0.02385326847434044 -0.03289702162146568
v -0.01736617460846901 0.023059168830513954 -0.03291049972176552
v -0.019103260710835457 0.023144645616412163 -0.032894350588321686
v -0.020564641803503036 0.024086816236376762 -0.0328528992831707
v -0.02135874144732952 0.025633210316300392 -0.032797250896692276
v -0.02127278409898281 0.027369482442736626 -0.03274231776595116
v 0.018227072432637215 0.02570575848221779 -0.03143969923257828
v 0.01900995522737503 0.02610752545297146 -0.031432878226041794
v 0.01988883689045906 0.026064271107316017 -0.03144105151295662
v 0.020628226920962334 0.02558758482336998 -0.03146202489733696
v 0.02103000320494175 0.024805178865790367 -0.031490180641412735
v 0.020986512303352356 0.023926708847284317 -0.03151797130703926
v 0.02050940692424774 0.023187557235360146 -0.03153795376420021
v 0.019726525992155075 0.022785790264606476 -0.031544774770736694
v 0.018847642466425896 0.022829042747616768 -0.03153660148382187
v 0.018108254298567772 0.023305729031562805 -0.03151563182473183
v 0.017706476151943207 0.024088134989142418 -0.03148747608065605
v 0.0177499670535326 0.024966605007648468 -0.03145968168973923
v 0.02134574018418789 0.027205923572182655 -0.03307664394378662
v 0.02182375080883503 0.026733698323369026 -0.03306543827056885
v 0.022245652973651886 0.02621300145983696 -0.033115386962890625
v 0.02263985574245453 0.025208398699760437 -0.03315059840679169
v 0.02255389839410782 0.023472126573324203 -0.03320552781224251
v 0.021610911935567856 0.022011209279298782 -0.0332450270652771
v 0.020063571631908417 0.021217109635472298 -0.033258505165576935
v 0.01832648366689682 0.02130259945988655 -0.0332423560321331
v 0.01686510257422924 0.0222447719424963 -0.03320090100169182
v 0.016071002930402756 0.02379116415977478 -0.033145252615213394
v 0.016156960278749466 0.025527436286211014 -0.03309032320976257
v 0.01709994487464428 0.026988353580236435 -0.03305082395672798
v 0.01864728517830372 0.02778245508670807 -0.033037345856428146
v 0.020384373143315315 0.027696963399648666 -0.03305349871516228
v 0.01877604052424431 -0.011824555695056915 -0.032645661383867264
v 0.019177818670868874 -0.012606961652636528 -0.03267381712794304
v 0.01913432590663433 -0.013485430739820004 -0.032701607793569565
v 0.018657222390174866 -0.014224584214389324 -0.03272159397602081
v 0.0178743414580822 -0.01462635863572359 -0.032728411257267
v 0.01699545793235302 -0.014583105221390724 -0.03272024169564247
v 0.016256067901849747 -0.01410641148686409 -0.03269926831126213
v 0.01585429161787033 -0.013324004597961903 -0.032671112567186356
v 0.015897780656814575 -0.012445535510778427 -0.03264331817626953
v 0.01637488603591919 -0.011706390418112278 -0.03262333571910858
v 0.017157768830657005 -0.01130460761487484 -0.0326165147125721
v 0.018036650493741035 -0.011347861029207706 -0.03262468799948692
v 0.02021019533276558 -0.01490104291588068 -0.03441614285111427
v 0.01973881945014 -0.015379669144749641 -0.03439781442284584
v 0.01821138523519039 -0.016195023432374 -0.03444214165210724
v 0.016474299132823944 -0.016109541058540344 -0.034425992518663406
v 0.01501291710883379 -0.01516736950725317 -0.03438454121351242
v 0.014218815602362156 -0.013620967976748943 -0.034328892827034
v 0.014304774813354015 -0.011884704232215881 -0.03427395969629288
v 0.015247760340571404 -0.010423793457448483 -0.034234464168548584
v 0.016795100644230843 -0.009629693813621998 -0.03422098234295845
v 0.01853218860924244 -0.009715177118778229 -0.03423713520169258
v 0.01999356970191002 -0.010657348670065403 -0.03427858650684357
v 0.020787669345736504 -0.01220375020056963 -0.03433423489332199
v 0.020701711997389793 -0.013940013945102692 -0.03438916802406311
v -0.01877252198755741 -0.01238253153860569 -0.032373588532209396
v -0.019555404782295227 -0.012784313410520554 -0.03238040953874588
v -0.020434286445379257 -0.012741059996187687 -0.032372236251831055
v -0.02117367647588253 -0.012264366261661053 -0.032351262867450714
v -0.021575454622507095 -0.011481959372758865 -0.03232310712337494
v -0.021531961858272552 -0.01060349028557539 -0.03229531645774841
v -0.021054858341813087 -0.009864337742328644 -0.032275330275297165
v -0.02027197554707527 -0.009462561458349228 -0.03226851299405098
v -0.01939309388399124 -0.009505814872682095 -0.03227668255567551
v -0.01865370385348797 -0.009982509538531303 -0.03229765594005585
v -0.018251925706863403 -0.01076491642743349 -0.03232581168413162
v -0.018295416608452797 -0.011643385514616966 -0.03235360607504845
v -0.021916812285780907 -0.013776448555290699 -0.034054841846227646
v -0.022394360974431038 -0.013306151144206524 -0.03400607779622078
v -0.022816725075244904 -0.012783541344106197 -0.03401609882712364
v -0.023210927844047546 -0.011778922751545906 -0.03398088738322258
v -0.023124970495700836 -0.010042659007012844 -0.03392595425248146
v -0.022181984037160873 -0.00858174730092287 -0.03388645872473717
v -0.020634643733501434 -0.007787647191435099 -0.03387298062443733
v -0.018897555768489838 -0.007873130030930042 -0.033889129757881165
v -0.017436174675822258 -0.008815302513539791 -0.03393058478832245
v -0.016642073169350624 -0.010361704044044018 -0.033986229449510574
v -0.016728032380342484 -0.012097968719899654 -0.034041162580251694
v -0.017671016976237297 -0.013558879494667053 -0.03408065810799599
v -0.019218357279896736 -0.014352979138493538 -0.03409413993358612
v -0.020955443382263184 -0.014267495833337307 -0.03407798707485199
v -0.006998944096267223 0.03381079062819481 -0.030985387042164803
v -0.006216064095497131 0.03421257063746452 -0.03097856603562832
v -0.005337180569767952 0.03416932001709938 -0.030986737459897995
v -0.004597791470587254 0.033692631870508194 -0.031007710844278336
v -0.004196013789623976 0.03291022405028343 -0.03103586658835411
v -0.004239504691213369 0.03203175589442253 -0.031063659116625786
v -0.004716610535979271 0.03129260241985321 -0.031083643436431885
v -0.00549949100241065 0.030890820547938347 -0.03109046258032322
v -0.006378374062478542 0.030934074893593788 -0.031082291156053543
v -0.007117764092981815 0.03141077607870102 -0.031061317771673203
v -0.0075195408426225185 0.03219316899776459 -0.031033163890242577
v -0.007476049941033125 0.03307163715362549 -0.0310053713619709
v -0.007219722028821707 0.0356801338493824 -0.032584723085165024
v -0.006572177167981863 0.03585722669959068 -0.03255403786897659
v -0.005909271072596312 0.035962872207164764 -0.032585788518190384
v -0.00484164385125041 0.03580199554562569 -0.03259918466210365
v -0.0033802627585828304 0.03485983982682228 -0.03264063596725464
v -0.0025861612521111965 0.03331343084573746 -0.03269628435373306
v -0.002672119764611125 0.031577158719301224 -0.03275121748447418
v -0.003615105524659157 0.030116254463791847 -0.032790713012218475
v -0.005162445828318596 0.029322154819965363 -0.03280419483780861
v -0.006899532862007618 0.029407646507024765 -0.03278804197907448
v -0.008360914885997772 0.030349817126989365 -0.03274659067392349
v -0.009155015461146832 0.031896211206912994 -0.03269094228744507
v -0.009069057181477547 0.03363248333334923 -0.03263600915670395
v -0.008126070722937584 0.035093385726213455 -0.032596513628959656
v 0.026891225948929787 0.013391293585300446 -0.03190091252326965
v 0.027293004095554352 0.01260889507830143 -0.03192906454205513
v 0.02724951133131981 0.011730418540537357 -0.031956858932971954
v 0.026772405952215195 0.010991272516548634 -0.031976841390132904
v 0.025989525020122528 0.010589497163891792 -0.03198366239666939
v 0.025110643357038498 0.010632743127644062 -0.03197548910975456
v 0.024371253326535225 0.011109437793493271 -0.03195451945066452
v 0.02396947517991066 0.011891843751072884 -0.031926363706588745
v 0.024012966081500053 0.012770312838256359 -0.03189856931567192
v 0.024490071460604668 0.01350946631282568 -0.03187858685851097
v 0.025272954255342484 0.013911241665482521 -0.03187176585197449
v 0.026151835918426514 0.01386798731982708 -0.03187993913888931
v 0.028695564717054367 0.013652733527123928 -0.03356737270951271
v 0.028873762115836143 0.013004814274609089 -0.03355947881937027
v 0.028978105634450912 0.012342986650764942 -0.033611491322517395
v 0.028816895559430122 0.01127583533525467 -0.0336444154381752
v 0.02787391096353531 0.00981492456048727 -0.03368391469120979
v 0.02632657065987587 0.009020824916660786 -0.03369739279150963
v 0.024589482694864273 0.009106315672397614 -0.0336812399327755
v 0.023128101602196693 0.01004847977310419 -0.03363978862762451
v 0.02233400195837021 0.011594881303608418 -0.03358414024114609
v 0.02241995930671692 0.013331152498722076 -0.03352921083569527
v 0.02336294576525688 0.014792055822908878 -0.033489711582660675
v 0.02491028606891632 0.015586155466735363 -0.03347623348236084
v 0.026647372171282768 0.015500664710998535 -0.03349238634109497
v 0.028108753263950348 0.014558508060872555 -0.033533837646245956
v 0.0064534940756857395 -0.020487571135163307 -0.03282789885997772
v 0.0056706140749156475 -0.02088935300707817 -0.032834719866514206
v 0.004791731014847755 -0.02084609866142273 -0.03282655030488968
v 0.004052340984344482 -0.020369404926896095 -0.03280557692050934
v 0.003650563769042492 -0.019586998969316483 -0.03277742117643356
v 0.0036940546706318855 -0.018708528950810432 -0.03274962678551674
v 0.004171160515397787 -0.01796937733888626 -0.03272964432835579
v 0.004954040981829166 -0.017567601054906845 -0.032722823321819305
v 0.0058329240418970585 -0.017610855400562286 -0.03273099660873413
v 0.0065723140724003315 -0.01808754913508892 -0.03275196999311447
v 0.006974091287702322 -0.018869955092668533 -0.03278012573719025
v 0.006930600386112928 -0.019748425111174583 -0.03280791640281677
v 0.006648649927228689 -0.022250667214393616 -0.034546758979558945
v 0.006001567933708429 -0.02242967113852501 -0.034517478197813034
v 0.005338198971003294 -0.022533396258950233 -0.034545693546533585
v 0.0042705717496573925 -0.022372527047991753 -0.034532301127910614
v 0.002809190424159169 -0.02143036387860775 -0.03449084609746933
v 0.002015089150518179 -0.019883962348103523 -0.034435197710990906
v 0.0021010476630181074 -0.01814769022166729 -0.034380268305540085
v 0.0030440334230661392 -0.016686787828803062 -0.03434077277779579
v 0.004591373726725578 -0.015892688184976578 -0.03432729095220566
v 0.006328460294753313 -0.015978170558810234 -0.03434344381093979
v 0.007789842784404755 -0.016920343041419983 -0.034384895116090775
v 0.008583943359553814 -0.018466737121343613 -0.0344405435025692
v 0.008497985079884529 -0.020203007385134697 -0.03449547290802002
v 0.007554999087005854 -0.02166391909122467 -0.03453497216105461
v -0.008784071542322636 0.03189549222588539 -0.029692204669117928
v -0.00914568267762661 0.03269145265221596 -0.029663924127817154
v -0.009812596254050732 0.03325694054365158 -0.029640669003129005
v -0.010657250881195068 0.03348382189869881 -0.029626881703734398
v -0.01151808351278305 0.033328671008348465 -0.02962520159780979
v -0.0029191512148827314 0.033160850405693054 -0.029696974903345108
v -0.002847586292773485 0.03249041363596916 -0.029718995094299316
v -0.0029277086723595858 0.03182090446352959 -0.02973981387913227
v -0.0031554673332720995 0.03118620067834854 -0.029758378863334656
v -0.0035193446092307568 0.03061835840344429 -0.02977375127375126
v -0.004000941291451454 0.030146103352308273 -0.0297851525247097
v -0.0045759063214063644 0.029793325811624527 -0.02979200892150402
v -0.005215166136622429 0.02957785874605179 -0.02979397214949131
v -0.005886395927518606 0.029510589316487312 -0.02979094348847866
v -0.006555655971169472 0.029594924300909042 -0.02978307567536831
v -0.0071891057305037975 0.029826611280441284 -0.02977076545357704
v -0.007754713296890259 0.030193913727998734 -0.02975463680922985
v -0.008223879151046276 0.030678264796733856 -0.0297355055809021
v -0.008572882041335106 0.03125518560409546 -0.02971433661878109
v -0.0018673769664019346 0.035380225628614426 -0.029634030535817146
v -0.002543373964726925 0.03482527285814285 -0.029646581038832664
v -0.0029178413096815348 0.034035105258226395 -0.029668990522623062
v 0.017379483208060265 0.026638958603143692 -0.030062546953558922
v 0.017888406291604042 0.027350110933184624 -0.0300437044352293
v 0.01804506406188011 0.02821027860045433 -0.030017372220754623
v 0.017819492146372795 0.029054895043373108 -0.02998858503997326
v 0.021407045423984528 0.022195179015398026 -0.030235936865210533
v 0.020861921831965446 0.021797871217131615 -0.03024444915354252
v 0.020241791382431984 0.021532338112592697 -0.030248163267970085
v 0.01957801543176174 0.021411996334791183 -0.03024689108133316
v 0.018904153257608414 0.02144293300807476 -0.030240695923566818
v 0.01825428381562233 0.02162357233464718 -0.030229894444346428
v 0.017661262303590775 0.021944807842373848 -0.030215028673410416
v 0.017155075445771217 0.022390369325876236 -0.03019685298204422
v 0.01676132343709469 0.022937742993235588 -0.030176285654306412
v 0.01649990864098072 0.02355925180017948 -0.030154366046190262
v 0.016384055837988853 0.024223458021879196 -0.030132204294204712
v 0.01641961932182312 0.024896781891584396 -0.0301109179854393
v 0.01660480536520481 0.02554517425596714 -0.03009158745408058
v 0.016930243000388145 0.02613586001098156 -0.030075186863541603
v 0.022165190428495407 0.022631371393799782 -0.030227823182940483
v 0.023036986589431763 0.022702476009726524 -0.030232278630137444
v 0.023855676874518394 0.022394930943846703 -0.030248448252677917
v 0.024464666843414307 0.02176753245294094 -0.03027324005961418
v 0.025537537410855293 0.019859325140714645 -0.030342625454068184
v 0.02646324224770069 0.01787560060620308 -0.030413292348384857
v 0.025028690695762634 0.01514255627989769 -0.03048972599208355
v 0.025825118646025658 0.015504181385040283 -0.03048429638147354
v 0.026391053572297096 0.016170913353562355 -0.0304673183709383
v 0.026618247851729393 0.01701522432267666 -0.03044203855097294
v 0.026293201372027397 0.009280775673687458 -0.030687185004353523
v 0.025622431188821793 0.009209074079990387 -0.030684301629662514
v 0.02495262585580349 0.009288991801440716 -0.030676571652293205
v 0.024317659437656403 0.00951648410409689 -0.030664384365081787
v 0.023749636486172676 0.009880051016807556 -0.030648356303572655
v 0.02327727898955345 0.010361299850046635 -0.030629299581050873
v 0.022924471646547318 0.010935897938907146 -0.030608175322413445
v 0.022709056735038757 0.011574792675673962 -0.030586054548621178
v 0.022641923278570175 0.012245682999491692 -0.03056405484676361
v 0.02272646687924862 0.012914641760289669 -0.030543288215994835
v 0.022958414629101753 0.013547837734222412 -0.030524803325533867
v 0.023326033726334572 0.014113272540271282 -0.03050953708589077
v 0.023810740560293198 0.014582322910428047 -0.030498260632157326
v 0.02438802272081375 0.014931297861039639 -0.0304915439337492
v 0.02851339802145958 0.008230051957070827 -0.030737973749637604
v 0.0279583428055048 0.00890558771789074 -0.030712056905031204
v 0.027167879045009613 0.00927968230098486 -0.03069397434592247
v 0.019763151183724403 -0.011009681969881058 -0.031286463141441345
v 0.020474528893828392 -0.01151818223297596 -0.031308241188526154
v 0.021335061639547348 -0.011674556881189346 -0.031319890171289444
v 0.02218015305697918 -0.011448883451521397 -0.03131918981671333
v 0.015316237695515156 -0.015036399476230145 -0.03138106316328049
v 0.014918874949216843 -0.01449163630604744 -0.031360551714897156
v 0.014653360471129417 -0.013871870934963226 -0.0313386544585228
v 0.014533122070133686 -0.013208442367613316 -0.03131648525595665
v 0.01456423755735159 -0.012534900568425655 -0.031295157968997955
v 0.014745133928954601 -0.011885300278663635 -0.03127575293183327
v 0.015066664665937424 -0.011292482726275921 -0.03125925362110138
v 0.015512572601437569 -0.010786433704197407 -0.031246494501829147
v 0.01606030762195587 -0.010392731055617332 -0.031238118186593056
v 0.016682175919413567 -0.010131290182471275 -0.03123454749584198
v 0.017346732318401337 -0.010015329346060753 -0.031235966831445694
v 0.018020372837781906 -0.01005070935934782 -0.03124230168759823
v 0.018669037148356438 -0.010235650464892387 -0.031253229826688766
v 0.019259922206401825 -0.010560780763626099 -0.03126820549368858
v 0.015752440318465233 -0.015794074162840843 -0.03140868991613388
v 0.015823375433683395 -0.01666542887687683 -0.031437139958143234
v 0.015515472739934921 -0.017483802512288094 -0.0314609669148922
v 0.014887627214193344 -0.018092649057507515 -0.03147561475634575
v 0.012978234328329563 -0.01916547678411007 -0.031495220959186554
v 0.010993316769599915 -0.020091228187084198 -0.03150953724980354
v 0.0082593047991395 -0.018658040091395378 -0.03144253417849541
v 0.0086209150031209 -0.019453994929790497 -0.03147081658244133
v 0.009287829510867596 -0.020019490271806717 -0.03149406984448433
v 0.010132484138011932 -0.020246369764208794 -0.03150785714387894
v 0.002394384006038308 -0.019923390820622444 -0.031437765806913376
v 0.002336721634492278 -0.018983134999871254 -0.03140721470117569
v 0.0024029421620070934 -0.01858346164226532 -0.031394924968481064
v 0.0025737867690622807 -0.01807132549583912 -0.03137984871864319
v 0.003082179930061102 -0.017277967184782028 -0.03135836869478226
v 0.0038117202930152416 -0.016681361943483353 -0.03134489804506302
v 0.004051139112561941 -0.016555875539779663 -0.031342729926109314
v 0.004690398927778006 -0.016340408474206924 -0.031340766698122025
v 0.00563148595392704 -0.01628875359892845 -0.03134638071060181
v 0.00654209079220891 -0.01653149165213108 -0.031361185014247894
v 0.00733233243227005 -0.017044672742486 -0.03138371929526329
v 0.00769911240786314 -0.017440812662243843 -0.031399235129356384
v 0.007924211211502552 -0.017777632921934128 -0.03141175955533981
v 0.0004943849635310471 -0.022356359288096428 -0.03150099888443947
v 0.001342609990388155 -0.022142773494124413 -0.03150070831179619
v 0.0020186069887131453 -0.02158782072365284 -0.03148815780878067
v 0.0023930741008371115 -0.020797645673155785 -0.03146575018763542
v -0.017779603600502014 -0.016484983265399933 -0.031171889975667
v -0.01577061414718628 -0.017877250909805298 -0.03123198263347149
v -0.01365138590335846 -0.019095398485660553 -0.03128735348582268
v -0.01143698487430811 -0.020130760967731476 -0.03133760392665863
v -0.00914315227419138 -0.020975975319743156 -0.031382378190755844
v -0.0019502355717122555 -0.02231769450008869 -0.031480882316827774
v -0.004382858518511057 -0.022073348984122276 -0.03145427629351616
v -0.006786191835999489 -0.021625041961669922 -0.03142136335372925
v -0.01790425181388855 -0.013401506468653679 -0.031072193756699562
v -0.018413173034787178 -0.014112666249275208 -0.031091036275029182
v -0.018569830805063248 -0.01497281901538372 -0.03111736848950386
v -0.01834425888955593 -0.015817444771528244 -0.031146153807640076
v -0.021931812167167664 -0.00895773246884346 -0.03089880384504795
v -0.021386688575148582 -0.008560425601899624 -0.030890291556715965
v -0.02076655998826027 -0.008294885978102684 -0.0308865774422884
v -0.020102782174944878 -0.008174542337656021 -0.030887849628925323
v -0.0194289218634367 -0.008205472491681576 -0.030894042924046516
v -0.018779050558805466 -0.008386119268834591 -0.030904846265912056
v -0.01818602904677391 -0.008707353845238686 -0.03091971017420292
v -0.017679842188954353 -0.009152915328741074 -0.030937885865569115
v -0.017286090180277824 -0.009700290858745575 -0.030958453193306923
v -0.017024675384163857 -0.010321799665689468 -0.030980372801423073
v -0.01690882258117199 -0.010986005887389183 -0.031002536416053772
v -0.016944386065006256 -0.011659330688416958 -0.031023820862174034
v -0.017129572108387947 -0.012307722121477127 -0.031043153256177902
v -0.01745501160621643 -0.012898408807814121 -0.03105955384671688
v -0.022689957171678543 -0.009393910877406597 -0.03090691566467285
v -0.0235617533326149 -0.009465022943913937 -0.03090246208012104
v -0.02438044361770153 -0.009157470427453518 -0.030886292457580566
v -0.024989435449242592 -0.008530078455805779 -0.030861500650644302
v -0.026988008990883827 -0.004638146609067917 -0.030721448361873627
v -0.02606230415403843 -0.00662187160924077 -0.0307921152561903
v -0.02555345743894577 -0.0019050954142585397 -0.030645012855529785
v -0.026349885389208794 -0.0022667276207357645 -0.030650442466139793
v -0.026915820315480232 -0.0029334595892578363 -0.030667420476675034
v -0.02714301459491253 -0.0037777640391141176 -0.030692702159285545
v -0.026817969977855682 0.003956685774028301 -0.03044755384325981
v -0.02614719793200493 0.004028379917144775 -0.03045043721795082
v -0.025477394461631775 0.003948461264371872 -0.03045816905796528
v -0.02484242618083954 0.0037209694273769855 -0.030470356345176697
v -0.024274403229355812 0.003357409732416272 -0.03048638254404068
v -0.023802045732736588 0.002876161364838481 -0.03050544112920761
v -0.023449238389730453 0.002301562810316682 -0.03052656352519989
v -0.023233823478221893 0.0016626608557999134 -0.030548684298992157
v -0.02316669002175331 0.000991770881228149 -0.030570684000849724
v -0.023251233622431755 0.00032281214953400195 -0.03059145249426365
v -0.02348318137228489 -0.0003103841154370457 -0.030609935522079468
v -0.023850800469517708 -0.000875811732839793 -0.030625201761722565
v -0.024335507303476334 -0.0013448698446154594 -0.03063647821545601
v -0.024912789463996887 -0.0016938518965616822 -0.030643194913864136
v -0.029038164764642715 0.0050074015744030476 -0.03039676696062088
v -0.028483109548687935 0.004331865813583136 -0.03042268194258213
v -0.02769264578819275 0.0039577786810696125 -0.030440764501690865
v -0.02028791792690754 0.024247141554951668 -0.02984827570617199
v -0.020999295637011528 0.02475564181804657 -0.02982649952173233
v -0.021859828382730484 0.024911999702453613 -0.02981484867632389
v -0.022704919800162315 0.024686327204108238 -0.0298155490309
v -0.015841005370020866 0.02827385812997818 -0.029753677546977997
v -0.015443642623722553 0.02772909589111805 -0.029774188995361328
v -0.015178128145635128 0.02710932306945324 -0.029796084389090538
v -0.015057888813316822 0.026445893570780754 -0.029818255454301834
v -0.015089004300534725 0.025772351771593094 -0.02983958274126053
v -0.015269900672137737 0.02512275241315365 -0.029858985915780067
v -0.01559143140912056 0.02452993392944336 -0.029875485226511955
v -0.016037339344620705 0.024023892357945442 -0.029888246208429337
v -0.016585074365139008 0.023630183190107346 -0.029896622523665428
v -0.017206942662596703 0.02336874231696129 -0.029900191351771355
v -0.017871499061584473 0.023252781480550766 -0.02989877387881279
v -0.018545139580965042 0.023288168013095856 -0.029892439022660255
v -0.019193803891539574 0.0234731025993824 -0.029881509020924568
v -0.01978468894958496 0.023798232898116112 -0.0298665352165699
v -0.01627720706164837 0.029031526297330856 -0.029726048931479454
v -0.01634814217686653 0.029902881011366844 -0.0296975988894701
v -0.016040239483118057 0.03072124719619751 -0.029673773795366287
v -0.01541239395737648 0.031330108642578125 -0.029659125953912735
v -0.013503001071512699 0.03240292891860008 -0.02963951788842678
v 0.015282584354281425 0.027354581281542778 -0.03202452510595322
v 0.01603131741285324 0.02819308266043663 -0.032003458589315414
v 0.014160878024995327 0.029489334672689438 -0.031947508454322815
v -0.003743654815480113 0.02804701402783394 -0.03185543790459633
v -0.0023385905660688877 0.028072260320186615 -0.031865477561950684
v 0.0012936298735439777 0.03362354263663292 -0.03171577304601669
v -0.0009823963046073914 0.033659543842077255 -0.031697046011686325
v -0.0008631219388917089 0.0325421541929245 -0.03173374757170677
v 0.010126120410859585 0.03158742934465408 -0.031849171966314316
v 0.007485074922442436 0.026723911985754967 -0.03198450803756714
v 0.012187804095447063 0.03062347322702408 -0.0318959578871727
v 0.011899428442120552 0.024395465850830078 -0.03209315240383148
v 0.015001046471297741 0.02202439494431019 -0.03219302371144295
v 0.014565357938408852 0.023060237988829613 -0.03215649351477623
v 0.0035584853030741215 0.03339604660868645 -0.031740546226501465
v 0.0026522220578044653 0.027971938252449036 -0.031907230615615845
v 0.005796071607619524 0.032978661358356476 -0.03177119046449661
v 0.007990483194589615 0.03237435594201088 -0.03180748224258423
v 0.014372269622981548 0.0241672582924366 -0.03211955353617668
v 0.014431544579565525 0.02528945915400982 -0.03208407759666443
v 0.014740184880793095 0.026370123028755188 -0.03205185756087303
v -0.0009966593934223056 0.0314263217151165 -0.031768444925546646
v -0.0013762563467025757 0.030368458479642868 -0.03179938718676567
v -0.001982718473300338 0.029422057792544365 -0.03182500600814819
v -0.00278538023121655 0.02863497845828533 -0.031844012439250946
v -0.017251253128051758 -0.014091135933995247 -0.0328323096036911
v -0.017505714669823647 -0.014446712099015713 -0.03284173086285591
v -0.017471257597208023 -0.015299104154109955 -0.03286929056048393
v -0.01718892902135849 -0.0156328734010458 -0.03288215771317482
v -0.017584042623639107 -0.014876795001327991 -0.032854896038770676
v -0.017733415588736534 -0.013569137081503868 -0.03207942470908165
v -0.018174154683947563 -0.01418501976877451 -0.03209574148058891
v -0.018309826031327248 -0.014929939061403275 -0.0321185439825058
v -0.018114475533366203 -0.01566140726208687 -0.032143473625183105
v -0.017625469714403152 -0.016239508986473083 -0.0321657620370388
v -0.015635041519999504 -0.017618920654058456 -0.03222529962658882
v -0.013535394333302975 -0.01882580853998661 -0.03228015825152397
v -0.011341453529894352 -0.019851598888635635 -0.03232994303107262
v -0.009068814106285572 -0.020689014345407486 -0.032374307513237
v -0.006733631249517202 -0.02133208140730858 -0.03241293132305145
v -0.004352504387497902 -0.021776240319013596 -0.03244553878903389
v -0.0019423579797148705 -0.02201833575963974 -0.032471902668476105
v 0.0004796752182301134 -0.022056639194488525 -0.03249182924628258
v -0.015249215066432953 -0.016977135092020035 -0.032940179109573364
v -0.013203063048422337 -0.018153276294469833 -0.03299363702535629
v -0.01106502115726471 -0.019152935594320297 -0.03304215520620346
v -0.008850284852087498 -0.01996900700032711 -0.03308538720011711
v -0.006574599537998438 -0.020595688372850418 -0.03312302753329277
v -0.004254140425473452 -0.021028533577919006 -0.03315480425953865
v -0.0019054007716476917 -0.021264463663101196 -0.033180493861436844
v 0.00045492249773815274 -0.021301792934536934 -0.033199917525053024
v -0.016652267426252365 -0.013420335948467255 -0.03281545639038086
v -0.01621834561228752 -0.01263276394456625 -0.03279358893632889
v -0.015971433371305466 -0.011768235825002193 -0.03276780992746353
v -0.015924014151096344 -0.010870466008782387 -0.03273943066596985
v -0.016078485175967216 -0.009984859265387058 -0.03270988166332245
v -0.01642703451216221 -0.009156189858913422 -0.032680656760931015
v -0.016952041536569595 -0.008426354266703129 -0.03265323117375374
v -0.01762695610523224 -0.00783226452767849 -0.032628998160362244
v -0.01841765083372593 -0.00740395812317729 -0.032609179615974426
v -0.019284145906567574 -0.007163095287978649 -0.032594773918390274
v -0.02018262818455696 -0.007121847476810217 -0.032586514949798584
v -0.02106766402721405 -0.0072823078371584415 -0.032584819942712784
v -0.02189450152218342 -0.007636363618075848 -0.03258977085351944
v -0.022621333599090576 -0.00816610362380743 -0.03260112181305885
v -0.01724405214190483 -0.013021103106439114 -0.032065652310848236
v -0.0168895460665226 -0.012377667240798473 -0.03204778954386711
v -0.016687821596860886 -0.01167136151343584 -0.032026730477809906
v -0.01664908044040203 -0.010937896557152271 -0.03200354427099228
v -0.016775280237197876 -0.010214363224804401 -0.03197940066456795
v -0.017060041427612305 -0.009537352249026299 -0.031955525279045105
v -0.017488963901996613 -0.008941089734435081 -0.031933121383190155
v -0.018040360882878304 -0.008455726318061352 -0.03191332146525383
v -0.01868635043501854 -0.008105806075036526 -0.031897127628326416
v -0.019394267350435257 -0.007909021340310574 -0.031885359436273575
v -0.020128313452005386 -0.007875322364270687 -0.03187861293554306
v -0.02085137739777565 -0.008006418123841286 -0.03187722712755203
v -0.021526893600821495 -0.00829567015171051 -0.03188127279281616
v -0.022120704874396324 -0.00872846134006977 -0.031890545040369034
v 0.002239875728264451 -0.019931985065340996 -0.03220262750983238
v 0.002125122817233205 -0.01994962804019451 -0.03243706747889519
v 0.002123988000676036 -0.020706750452518463 -0.03246130421757698
v 0.0018116866704076529 -0.020005451515316963 -0.03285087272524834
v 0.001404921873472631 -0.020085304975509644 -0.03316830098628998
v 0.0014042669208720326 -0.020522432401776314 -0.033182293176651
v 0.0008790350402705371 -0.021195000037550926 -0.033199772238731384
v 0.0012170332483947277 -0.020917516201734543 -0.033193495124578476
v 0.0011750046396628022 -0.02013259567320347 -0.03328381106257439
v 0.0012142595369368792 -0.021871665492653847 -0.03249157965183258
v 0.001799690187908709 -0.021391060203313828 -0.03248070925474167
v -0.024150146171450615 -0.007952280342578888 -0.032582469284534454
v -0.023845650255680084 -0.008265972137451172 -0.032594867050647736
v -0.023000406101346016 -0.008384192362427711 -0.03260517865419388
v -0.023436304181814194 -0.00841975212097168 -0.0326029509305954
v -0.024768684059381485 -0.00835810974240303 -0.03185823932290077
v -0.024241283535957336 -0.008901447989046574 -0.03187971189618111
v -0.02353227697312832 -0.009167793206870556 -0.031893715262413025
v -0.02277727797627449 -0.009106209501624107 -0.03189757093787193
v 0.00840242300182581 -0.01860242336988449 -0.03220764175057411
v 0.0021792869083583355 -0.018944013863801956 -0.032170526683330536
v 0.0024283824022859335 -0.017985930666327477 -0.03214177116751671
v 0.0029625750612467527 -0.01715231128036976 -0.032119203358888626
v 0.0037291375920176506 -0.016525432467460632 -0.03210505098104477
v 0.004652406554669142 -0.016167176887392998 -0.03210070729255676
v 0.005641250405460596 -0.016112899407744408 -0.03210660442709923
v 0.006598065607249737 -0.0163679551333189 -0.032122161239385605
v 0.007428410463035107 -0.016907181590795517 -0.03214583918452263
v 0.008050325326621532 -0.017677340656518936 -0.032175302505493164
v 0.008421279489994049 -0.017440713942050934 -0.03281978890299797
v 0.007713829632848501 -0.0165646243840456 -0.03278627246618271
v 0.0067692832089960575 -0.01595124416053295 -0.03275933861732483
v 0.005680871661752462 -0.015661098062992096 -0.032741643488407135
v 0.0045560263097286224 -0.015722841024398804 -0.032734934240579605
v 0.0035057750064879656 -0.016130374744534492 -0.032739873975515366
v 0.0026337828021496534 -0.016843469813466072 -0.03275597468018532
v 0.0020261197350919247 -0.0177917443215847 -0.03278164565563202
v 0.0017427647253498435 -0.018881594762206078 -0.032814353704452515
v 0.008980601094663143 -0.01710377261042595 -0.033247098326683044
v 0.008145137690007687 -0.01606915332376957 -0.033207520842552185
v 0.0070296768099069595 -0.015344783663749695 -0.03317571058869362
v 0.005744317080825567 -0.015002138912677765 -0.033154815435409546
v 0.004415931645780802 -0.015075057744979858 -0.03314689174294472
v 0.0031756379175931215 -0.015556329861283302 -0.03315272554755211
v 0.002145858947187662 -0.016398457810282707 -0.03317173942923546
v 0.0014282392803579569 -0.01751832105219364 -0.03320205584168434
v 0.0010936114704236388 -0.018805384635925293 -0.03324068337678909
v 0.008513876236975193 -0.01857125759124756 -0.03244226425886154
v 0.008821804076433182 -0.01849302276968956 -0.03285657614469528
v 0.009224816225469112 -0.018398171290755272 -0.03317466005682945
v 0.009453600272536278 -0.018346495926380157 -0.03329054266214371
v -0.025831639766693115 -0.006467537023127079 -0.031789496541023254
v -0.026748791337013245 -0.004502131603658199 -0.03171948343515396
v -0.025186019018292427 -0.006109875161200762 -0.032515477389097214
v -0.026079803705215454 -0.004194545093923807 -0.032447248697280884
v 0.008827040903270245 -0.019260577857494354 -0.03246675431728363
v 0.010161406360566616 -0.01919233612716198 -0.03320732340216637
v 0.010591822676360607 -0.01911476068198681 -0.03320816159248352
v 0.00973907858133316 -0.019078897312283516 -0.033200427889823914
v 0.009405621327459812 -0.018796145915985107 -0.033188801258802414
v 0.009404605254530907 -0.019750310108065605 -0.032486896961927414
v 0.01013609766960144 -0.019946793094277382 -0.032498836517333984
v 0.01088160090148449 -0.019812429323792458 -0.032500289380550385
v -0.02536252699792385 -0.002828023163601756 -0.03240903094410896
v -0.025760741904377937 -0.003008835483342409 -0.03241174295544624
v -0.026157306507229805 -0.003764357650652528 -0.03243287280201912
v -0.026043709367513657 -0.003342201467603445 -0.03242023289203644
v -0.025506434962153435 -0.002135245129466057 -0.03165328875184059
v -0.026196161285042763 -0.0024484230671077967 -0.03165799006819725
v -0.026686275377869606 -0.003025831887498498 -0.03167269378900528
v -0.02688303031027317 -0.003757024882361293 -0.03169458732008934
v 0.01284817885607481 -0.018895236775279045 -0.03248610720038414
v 0.01250829454511404 -0.01822093315422535 -0.03319434076547623
v 0.014739928767085075 -0.017832322046160698 -0.03246667981147766
v 0.01435184571892023 -0.017185106873512268 -0.03317540884017944
v -0.02450830303132534 -0.0025463576894253492 -0.032406605780124664
v -0.023738592863082886 -0.002081055659800768 -0.03239765018224716
v -0.023092320188879967 -0.001455642399378121 -0.03238261491060257
v -0.022602159529924393 -0.0007017439347691834 -0.032362259924411774
v -0.02229289710521698 0.0001425252266926691 -0.03233761712908745
v -0.02218017168343067 0.0010344652691856027 -0.03230992704629898
v -0.022269682958722115 0.0019289902411401272 -0.03228059038519859
v -0.022556904703378677 0.0027808519080281258 -0.03225109726190567
v -0.023027313873171806 0.0035469860304147005 -0.0322229340672493
v -0.023657122626900673 0.004188653081655502 -0.03219752386212349
v -0.024414485320448875 0.004673396702855825 -0.03217615559697151
v -0.025261109694838524 0.004976719152182341 -0.03215990588068962
v -0.026154180988669395 0.005083274561911821 -0.03214959800243378
v -0.027048543095588684 0.00498767988756299 -0.032145749777555466
v -0.024808542802929878 -0.0019051304552704096 -0.03165130689740181
v -0.024179700762033463 -0.0015249807620421052 -0.03164399042725563
v -0.02365170232951641 -0.0010140257654711604 -0.0316317081451416
v -0.0232512466609478 -0.0003981047193519771 -0.03161507844924927
v -0.022998584434390068 0.0002916516677942127 -0.03159494325518608
v -0.022906487807631493 0.0010203656274825335 -0.03157231956720352
v -0.02297961711883545 0.0017511731712147593 -0.031548354774713516
v -0.023214275017380714 0.002447133418172598 -0.031524259597063065
v -0.02359859272837639 0.003073055064305663 -0.031501248478889465
v -0.024113139137625694 0.003597290487959981 -0.031480491161346436
v -0.024731894955039024 0.003993324935436249 -0.031463030725717545
v -0.025423577055335045 0.004241133574396372 -0.031449753791093826
v -0.0261532049626112 0.00432818615809083 -0.0314413346350193
v -0.026883887127041817 0.004250090569257736 -0.0314381942152977
v 0.01466576848179102 -0.01688067615032196 -0.03316808491945267
v 0.014784252271056175 -0.016035815700888634 -0.03314194828271866
v 0.014566151425242424 -0.015656976029276848 -0.03312813118100166
v 0.014819719828665257 -0.016471493989229202 -0.033156171441078186
v 0.015283660031855106 -0.0173050444573164 -0.0324539951980114
v 0.015550310723483562 -0.016596311703324318 -0.03243336081504822
v 0.015488880686461926 -0.01584169641137123 -0.03240872547030449
v 0.015111117623746395 -0.015185531228780746 -0.03238479793071747
v -0.02826538123190403 0.005936925765126944 -0.032105959951877594
v -0.02815864235162735 0.005513045471161604 -0.03212035819888115
v -0.027485881000757217 0.004988230299204588 -0.03214235603809357
v -0.027881113812327385 0.005175277125090361 -0.0321333147585392
v -0.028991511091589928 0.005894224625080824 -0.031369272619485855
v -0.02880663424730301 0.005160040222108364 -0.03139420971274376
v -0.028325941413640976 0.004575010854750872 -0.03141665458679199
v -0.027641378343105316 0.004251039586961269 -0.03143231198191643
v 0.020495370030403137 -0.010288028046488762 -0.03300200030207634
v 0.019824396818876266 -0.009689495898783207 -0.03297765552997589
v 0.01903655007481575 -0.009255975484848022 -0.032957691699266434
v 0.01817166619002819 -0.009009395726025105 -0.03294311836361885
v 0.017273476347327232 -0.008962219581007957 -0.03293466940522194
v 0.016387401148676872 -0.009116839617490768 -0.03293278068304062
v 0.015558244660496712 -0.009465424343943596 -0.032937537878751755
v 0.014827930368483067 -0.009990355931222439 -0.032948706299066544
v 0.01423338707536459 -0.01066509261727333 -0.03296572342514992
v 0.013804679736495018 -0.011455514468252659 -0.032987721264362335
v 0.013563483953475952 -0.012321650050580502 -0.03301359340548515
v 0.013521997258067131 -0.013219709508121014 -0.03304202854633331
v 0.013682316057384014 -0.014104279689490795 -0.03307158872485161
v 0.014036334119737148 -0.014930631965398788 -0.033100783824920654
v 0.019955214112997055 -0.010799167677760124 -0.032281748950481415
v 0.019407035782933235 -0.01031017117202282 -0.03226185962557793
v 0.018763374537229538 -0.00995599664747715 -0.03224554657936096
v 0.018056776374578476 -0.009754542261362076 -0.03223364055156708
v 0.0173229668289423 -0.009716005064547062 -0.032226741313934326
v 0.016599055379629135 -0.00984231848269701 -0.032225195318460464
v 0.015921644866466522 -0.01012711226940155 -0.03222908452153206
v 0.015324986539781094 -0.010555973276495934 -0.03223820775747299
v 0.014839253388345242 -0.01110722217708826 -0.03225211054086685
v 0.014489003457129002 -0.011752985417842865 -0.03227008134126663
v 0.01429195050150156 -0.012460610829293728 -0.032291218638420105
v 0.014258055947721004 -0.013194316066801548 -0.032314449548721313
v 0.014389035291969776 -0.01391699630767107 -0.03233860060572624
v 0.014678262174129486 -0.014592114835977554 -0.032362453639507294
v -0.02316710352897644 0.023992067202925682 -0.030834753066301346
v -0.024547666311264038 0.022002262994647026 -0.03088780678808689
v -0.025755658745765686 0.019903330132365227 -0.030945686623454094
v -0.026782488450407982 0.01771019585430622 -0.031007982790470123
v -0.027620865032076836 0.015438448637723923 -0.031074250116944313
v -0.02826482243835926 0.013104232028126717 -0.031144019216299057
v -0.028709784150123596 0.010724136605858803 -0.03121679462492466
v -0.028952591121196747 0.00831509567797184 -0.031292058527469635
v -0.022589370608329773 0.023573661223053932 -0.03158506006002426
v -0.023934759199619293 0.021634560078382492 -0.031636759638786316
v -0.0251119714230299 0.019589096307754517 -0.031693167984485626
v -0.026112642139196396 0.017451835796236992 -0.03175387531518936
v -0.02692965604364872 0.015237970277667046 -0.0318184532225132
v -0.02755720540881157 0.012963234446942806 -0.031886447221040726
v -0.027990832924842834 0.010643783956766129 -0.031957365572452545
v -0.02822745218873024 0.008296115323901176 -0.03203071281313896
v 0.02085105888545513 -0.010542278178036213 -0.033012889325618744
v 0.021703869104385376 -0.010507620871067047 -0.03301836550235748
v 0.022037869319319725 -0.010225349105894566 -0.03301190584897995
v 0.021281324326992035 -0.01062045805156231 -0.03301871567964554
v 0.020571283996105194 -0.011239539831876755 -0.03230060636997223
v 0.0213165283203125 -0.011374958790838718 -0.03231069818139076
v 0.02204839698970318 -0.011179521679878235 -0.03231009095907211
v 0.022626901045441628 -0.01069060992449522 -0.03229890391230583
v -0.021046871319413185 0.023636333644390106 -0.03159496188163757
v -0.02140256017446518 0.02389059029519558 -0.03158407658338547
v -0.022255370393395424 0.02385593391954899 -0.03157860040664673
v -0.021832825616002083 0.023968776687979698 -0.03157825022935867
v -0.02049541473388672 0.024100616574287415 -0.030851908028125763
v -0.021111486479640007 0.024540996178984642 -0.0308330487459898
v -0.021856728941202164 0.024676423519849777 -0.030822958797216415
v -0.02258859947323799 0.024480978026986122 -0.030823564156889915
v 0.024007463827729225 -0.008700799196958542 -0.03224584832787514
v 0.025215456262230873 -0.006601870525628328 -0.032187968492507935
v 0.02624228596687317 -0.0044087297283113 -0.032125674188137054
v 0.027080662548542023 -0.002136982511729002 -0.032059404999017715
v 0.027724619954824448 0.0001972344471141696 -0.03198963776230812
v 0.028169581666588783 0.002577322069555521 -0.03191686049103737
v 0.028412388637661934 0.004986363463103771 -0.03184159845113754
v 0.028451308608055115 0.007407241500914097 -0.03176438435912132
v 0.023383257910609245 -0.008286239579319954 -0.0329602025449276
v 0.02456047013401985 -0.006240782327950001 -0.032903797924518585
v 0.025561140850186348 -0.004103522282093763 -0.03284309059381485
v 0.026378154754638672 -0.001889656065031886 -0.032778508961200714
v 0.02700570411980152 0.0003850869834423065 -0.032710518687963486
v 0.027439331635832787 0.002704530255869031 -0.03263959661126137
v 0.027675950899720192 0.005052199121564627 -0.03256625309586525
v 0.02771388180553913 0.007411388214677572 -0.03249100595712662
v -0.020375898107886314 0.023037808015942574 -0.03161931037902832
v -0.019588051363825798 0.02260429598391056 -0.03163927420973778
v -0.01872316561639309 0.02235770784318447 -0.03165384754538536
v -0.01782497763633728 0.022310540080070496 -0.031662292778491974
v -0.01693890243768692 0.022465145215392113 -0.03166418522596359
v -0.01610974594950676 0.022813737392425537 -0.03165942803025246
v -0.015379431657493114 0.023338668048381805 -0.03164825588464737
v -0.014784888364374638 0.024013405665755272 -0.031631242483854294
v -0.014356181025505066 0.024803834035992622 -0.031609244644641876
v -0.014114985242486 0.025669962167739868 -0.03158337250351906
v -0.014073498547077179 0.026568029075860977 -0.0315549373626709
v -0.014233817346394062 0.027452584356069565 -0.0315253771841526
v -0.014587835408747196 0.02827894315123558 -0.03149618208408356
v -0.015117652714252472 0.029005294665694237 -0.03146883100271225
v -0.019947238266468048 0.023611627519130707 -0.03087179735302925
v -0.01930357702076435 0.023257460445165634 -0.030888108536601067
v -0.01859697699546814 0.023055998608469963 -0.03090001456439495
v -0.017863169312477112 0.023017462342977524 -0.03090691566467285
v -0.017139257863163948 0.023143775761127472 -0.030908459797501564
v -0.016461845487356186 0.023428568616509438 -0.03090457245707512
v -0.015865188091993332 0.023857437074184418 -0.030895447358489037
v -0.01537945494055748 0.024408679455518723 -0.030881546437740326
v -0.015029205940663815 0.025054441764950752 -0.030863573774695396
v -0.014832152053713799 0.02576206810772419 -0.030842438340187073
v -0.014798257499933243 0.026495765894651413 -0.030819205567240715
v -0.014929236844182014 0.02721846103668213 -0.030795054510235786
v -0.015218464657664299 0.027893580496311188 -0.030771203339099884
v -0.015651319175958633 0.02848699502646923 -0.03074885904788971
v 0.027607141062617302 0.007835276424884796 -0.03247660771012306
v 0.02693437971174717 0.008360084146261215 -0.032454606145620346
v 0.026497041806578636 0.008360634557902813 -0.03245121240615845
v 0.027329612523317337 0.008173036389052868 -0.03246364742517471
v 0.028266431763768196 0.008141426369547844 -0.03173944726586342
v 0.027785738930106163 0.008726455271244049 -0.031717002391815186
v 0.027101175859570503 0.009050427004694939 -0.03170134127140045
v 0.026343684643507004 0.009051368571817875 -0.03169546276330948
v -0.014903347007930279 0.030533427372574806 -0.03142155706882477
v -0.015217270702123642 0.0302289966493845 -0.031428880989551544
v -0.015335753560066223 0.029384128749370575 -0.03145501762628555
v -0.015371221117675304 0.02981981448829174 -0.031440794467926025
v -0.015280131250619888 0.03113378770649433 -0.030666975304484367
v -0.015823861584067345 0.030606508255004883 -0.03067965991795063
v -0.0160905122756958 0.029897768050432205 -0.03070029616355896
v -0.016029082238674164 0.02914315275847912 -0.030724933370947838
v 0.024811025708913803 0.01617632992565632 -0.03218793496489525
v 0.023956801742315292 0.01589467190206051 -0.03219035640358925
v 0.023187091574072838 0.015429377555847168 -0.03219931200146675
v 0.02254081889986992 0.014803956262767315 -0.03221434727311134
v 0.022050658240914345 0.014050058089196682 -0.03223470225930214
v 0.021741395816206932 0.013205789029598236 -0.03225934877991676
v 0.021628670394420624 0.012313849292695522 -0.03228703886270523
v 0.021718179807066917 0.011419331654906273 -0.03231637179851532
v 0.02200540341436863 0.01056746207177639 -0.03234586864709854
v 0.02247581258416176 0.009801328182220459 -0.03237403184175491
v 0.023105621337890625 0.00915966834872961 -0.03239944204688072
v 0.023862984031438828 0.008674917742609978 -0.0324208103120327
v 0.024709608405828476 0.008371595293283463 -0.03243706002831459
v 0.025602679699659348 0.008265039883553982 -0.032447367906570435
v 0.024966232478618622 0.015436696819961071 -0.031480368226766586
v 0.024268340319395065 0.015206596814095974 -0.03148234635591507
v 0.02363949827849865 0.014826446771621704 -0.03148966282606125
v 0.023111499845981598 0.01431549247354269 -0.031501948833465576
v 0.022711044177412987 0.013699563220143318 -0.03151857852935791
v 0.022458381950855255 0.013009807094931602 -0.0315387137234211
v 0.02236628718674183 0.012281101197004318 -0.03156133368611336
v 0.022439416497945786 0.01155028585344553 -0.03158530220389366
v 0.0226740725338459 0.010854325257241726 -0.03160939738154411
v 0.023058390244841576 0.010228403843939304 -0.03163240849971771
v 0.02357293665409088 0.009704175405204296 -0.03165316581726074
v 0.02419169247150421 0.00930814165621996 -0.03167062625288963
v 0.024883374571800232 0.009060325101017952 -0.03168389946222305
v 0.025613002479076385 0.008973272517323494 -0.031692322343587875
v -0.013388380408287048 0.03219669312238693 -0.03064754791557789
v -0.011421803385019302 0.033113885670900345 -0.030633365735411644
v -0.013059795834124088 0.03156925365328789 -0.031402625143527985
v -0.011143323965370655 0.03246307373046875 -0.03138880431652069
v 0.02520924061536789 0.016357149928808212 -0.03218521922826767
v 0.025605805218219757 0.017112672328948975 -0.032164089381694794
v 0.025528302416205406 0.017542866989970207 -0.03214971721172333
v 0.02549220807850361 0.01669052243232727 -0.032176729291677475
v 0.02565595880150795 0.015749888494610786 -0.03147566691040993
v 0.026146072894334793 0.01632728986442089 -0.0314609631896019
v 0.026342829689383507 0.017058484256267548 -0.03143906965851784
v 0.02620859071612358 0.01780359074473381 -0.03141417354345322
v -0.00977631751447916 0.031746476888656616 -0.03142230585217476
v -0.00995712261646986 0.032144464552402496 -0.0314081646502018
v -0.010712907649576664 0.032540641725063324 -0.031389642506837845
v -0.010290579870343208 0.032427217811346054 -0.03139653429389
v -0.009054078720510006 0.03187272325158119 -0.030691390857100487
v -0.009367242455482483 0.032562028616666794 -0.030666900798678398
v -0.00994480773806572 0.03305177390575409 -0.030646760016679764
v -0.010676300153136253 0.03324824944138527 -0.030634820461273193
v 0.025291437283158302 0.01976899616420269 -0.03134416043758392
v 0.02463451772928238 0.019458189606666565 -0.032081488519907
v 0.024228481575846672 0.021659575402736664 -0.03127541393041611
v 0.023598644882440567 0.02130058780312538 -0.03201449289917946
v -0.009494731202721596 0.030892737209796906 -0.031451813876628876
v -0.009029394015669823 0.03012351132929325 -0.03148004040122032
v -0.0084038395434618 0.029477711766958237 -0.03150554746389389
v -0.0076496959663927555 0.028987979516386986 -0.03152705356478691
v -0.006805096752941608 0.02867906354367733 -0.031543467193841934
v -0.005912750028073788 0.028566617518663406 -0.0315539576113224
v -0.005017776507884264 0.028656309470534325 -0.031557995826005936
v -0.004165430553257465 0.028943605720996857 -0.03155537694692612
v -0.0033988102804869413 0.029413968324661255 -0.03154623508453369
v -0.002756680827587843 0.030043628066778183 -0.03153103217482567
v -0.0022715111263096333 0.030800750479102135 -0.03151053562760353
v -0.0019678338430821896 0.03164704889059067 -0.03148578107357025
v -0.0018610034603625536 0.03253970295190811 -0.03145802393555641
v -0.001956423046067357 0.033433616161346436 -0.03142866492271423
v -0.008824026212096214 0.031175214797258377 -0.030715500935912132
v -0.008443852886557579 0.030546780675649643 -0.030738558620214462
v -0.007932782173156738 0.030019164085388184 -0.030759399756789207
v -0.007316655945032835 0.029619041830301285 -0.030776970088481903
v -0.006626629736274481 0.02936667762696743 -0.030790379270911217
v -0.005897593684494495 0.02927481010556221 -0.03079894930124283
v -0.005166411399841309 0.02934807352721691 -0.030802249908447266
v -0.00447005545720458 0.02958279475569725 -0.03080011159181595
v -0.0038437366019934416 0.029967080801725388 -0.030792642384767532
v -0.0033191251568496227 0.03048151358962059 -0.03078022040426731
v -0.0029227479826658964 0.03110007382929325 -0.030763475224375725
v -0.002674646908417344 0.03179147467017174 -0.030743252485990524
v -0.0025873680133372545 0.03252076730132103 -0.030720574781298637
v -0.002665324602276087 0.0332510843873024 -0.03069658763706684
v 0.023294148966670036 0.02161429449915886 -0.032002098858356476
v 0.022448904812335968 0.0217325147241354 -0.03199178725481033
v 0.022069832310080528 0.021514417603611946 -0.03199584409594536
v 0.022884802892804146 0.02176806703209877 -0.031994014978408813
v 0.023701081052422523 0.022202907130122185 -0.03125394508242607
v 0.022992074489593506 0.022469259798526764 -0.031239941716194153
v 0.022237075492739677 0.022407667711377144 -0.031236084178090096
v 0.02158050239086151 0.022029921412467957 -0.031243110075592995
v -0.0010064237285405397 0.034650105983018875 -0.03139704838395119
v -0.0014305362710729241 0.03454331308603287 -0.03139719367027283
v -0.0019557683262974024 0.03387075290083885 -0.03141467273235321
v -0.0017685347702354193 0.03426583483815193 -0.03140346705913544
v -0.0010198774980381131 0.03535810112953186 -0.03064182586967945
v -0.0017544615548104048 0.035173121839761734 -0.030642077326774597
v -0.002339892089366913 0.034692518413066864 -0.03065294586122036
v -0.002664190251380205 0.0340082161128521 -0.030672352761030197
v 0.01669975183904171 0.02743944711983204 -0.03176465630531311
v 0.016100766137242317 0.026768656447529793 -0.03178150951862335
v 0.015666844323277473 0.025981083512306213 -0.031803376972675323
v 0.015419932082295418 0.025116555392742157 -0.03182915225625038
v 0.015372512862086296 0.024218784645199776 -0.03185753524303436
v 0.015526983886957169 0.023333171382546425 -0.03188708424568176
v 0.01587553322315216 0.022504504770040512 -0.031916309148073196
v 0.016400540247559547 0.02177467569708824 -0.031943731009960175
v 0.01707545481622219 0.02118057943880558 -0.03196796774864197
v 0.01786614954471588 0.02075227163732052 -0.031987786293029785
v 0.018732644617557526 0.020511409267783165 -0.03200218826532364
v 0.019631126895546913 0.020470168441534042 -0.03201044723391533
v 0.020516162738204002 0.020630622282624245 -0.03201214596629143
v 0.02134300023317337 0.020984670147299767 -0.03200719133019447
v 0.01719321496784687 0.026870600879192352 -0.031054232269525528
v 0.016703849658370018 0.026322560384869576 -0.031068002805113792
v 0.016349343582987785 0.025679124519228935 -0.031085867434740067
v 0.016147619113326073 0.0249728262424469 -0.03110692650079727
v 0.016108877956867218 0.02423936128616333 -0.0311301127076149
v 0.016235077753663063 0.02351582795381546 -0.03115425445139408
v 0.016519838944077492 0.022838812321424484 -0.031178131699562073
v 0.0169487614184618 0.022242547944188118 -0.031200535595417023
v 0.01750015839934349 0.021757185459136963 -0.031220335513353348
v 0.018146147951483727 0.021407265216112137 -0.031236527487635612
v 0.018854064866900444 0.021210473030805588 -0.031248295679688454
v 0.019588110968470573 0.021176788955926895 -0.03125504031777382
v 0.020311174914240837 0.021307868883013725 -0.031256429851055145
v 0.020986691117286682 0.021597135812044144 -0.03125238046050072
v 0.01708526723086834 0.029540974646806717 -0.030967893078923225
v 0.015094839967787266 0.030920369550585747 -0.030908355489373207
v 0.012995192781090736 0.0321272648870945 -0.030853498727083206
v 0.010801251046359539 0.03315306454896927 -0.030803712084889412
v 0.008528612554073334 0.033990468829870224 -0.030759349465370178
v 0.006193429231643677 0.03463354706764221 -0.030720725655555725
v 0.0038123021367937326 0.03507770597934723 -0.030688118189573288
v 0.0014021559618413448 0.03531979024410248 -0.030661754310131073
v 0.016637427732348442 0.028981193900108337 -0.03171480819582939
v 0.014697713777422905 0.030325453728437424 -0.03165678679943085
v 0.012651562690734863 0.03150158375501633 -0.03160332888364792
v 0.010513519868254662 0.03250124678015709 -0.03155480697751045
v 0.00829878356307745 0.03331732749938965 -0.0315115749835968
v 0.00602309824898839 0.03394400700926781 -0.03147393837571144
v 0.0037026386708021164 0.034376852214336395 -0.03144216164946556
v 0.0013538999482989311 0.03461276739835739 -0.03141646832227707
v 0.0169542133808136 0.027795031666755676 -0.0317552350461483
v 0.016919756308197975 0.028647417202591896 -0.03172767534852028
v 0.01703254133462906 0.028225107118487358 -0.031742069870233536
v 0.0176339540630579 0.027486484497785568 -0.031037915498018265
v 0.017769623547792435 0.02823140285909176 -0.03101511113345623
v 0.01757427304983139 0.028962871059775352 -0.030990181490778923
v -0.02976367622613907 0.0023476327769458294 -0.03347795456647873
v 0.024045467376708984 0.023916790261864662 -0.03320280835032463
v 0.02527947723865509 0.02202434651553631 -0.03327293321490288
v 0.026961930096149445 0.018780576065182686 -0.03338979184627533
v 0.027775218710303307 0.01674584671854973 -0.03346122428774834
v 0.021004972979426384 -0.014119443483650684 -0.03439725190401077
v 0.023643003776669502 -0.011030629277229309 -0.0343187190592289
v 0.024700500071048737 -0.009509640745818615 -0.03427818417549133
v 0.02664799615740776 -0.006022828631103039 -0.03418157249689102
v 0.02741347625851631 -0.004261835478246212 -0.03413109853863716
v 0.02861795201897621 -0.0005255264113657176 -0.03402075916528702
v 0.02903721295297146 0.001417613122612238 -0.03396178036928177
v 0.029477158561348915 0.005250012502074242 -0.03384246304631233
v 0.02950786054134369 0.0073053655214607716 -0.03377688676118851
v 0.02919260412454605 0.011081837117671967 -0.03365353122353554
v 0.015025153756141663 -0.018834160640835762 -0.034502044320106506
v 0.00974347721785307 -0.021330006420612335 -0.03454117849469185
v -0.00753643736243248 -0.022176600992679596 -0.03443485498428345
v -0.0017583227017894387 -0.02303396724164486 -0.03450692445039749
v 0.004076390061527491 -0.022748105227947235 -0.03454282507300377
v -0.013035903684794903 -0.020208951085805893 -0.034329384565353394
v -0.01993950456380844 -0.015678169205784798 -0.0341310016810894
v -0.029123371466994286 -0.0007965172990225255 -0.03358357399702072
v -0.028346290811896324 -0.00331637030467391 -0.03367026150226593
v -0.027074888348579407 -0.006336166989058256 -0.03377677500247955
v -0.025850549340248108 -0.008594885468482971 -0.03385855257511139
v -0.02397293783724308 -0.01136260200291872 -0.03396167233586311
v -0.030048230662941933 0.008179457858204842 -0.033289022743701935
v -0.030037833377718925 0.005038504954427481 -0.03338967636227608
v -0.02918902412056923 0.01395499613136053 -0.03311072289943695
v -0.029782315716147423 0.01093944814056158 -0.033202700316905975
v -0.025847140699625015 0.02201741561293602 -0.032878369092941284
v -0.027219068259000778 0.019452298060059547 -0.032949913293123245
v -0.02836686372756958 0.01667425036430359 -0.03303000330924988
v -0.02421407587826252 0.024460097774863243 -0.03281276673078537
v -0.02232223004102707 0.02675880491733551 -0.03275376930832863
v -0.010314549319446087 0.03475947305560112 -0.03259030729532242
v -0.012845383957028389 0.03372149541974068 -0.032604001462459564
v -0.01559622585773468 0.03226363658905029 -0.03262944146990776
v -0.01793074794113636 0.03071199171245098 -0.03266109898686409
v 0.020172208547592163 0.028376536443829536 -0.03303010016679764
v 0.017474308609962463 0.03063611313700676 -0.03293691575527191
v 0.015494470484554768 0.03198446333408356 -0.03287845104932785
v 0.012464831583201885 0.03363841772079468 -0.032802097499370575
v 0.010196197777986526 0.03459867089986801 -0.0327538326382637
v 0.006965365260839462 0.03560606762766838 -0.03269663080573082
v 0.004485739395022392 0.036116380244493484 -0.03266114369034767
v 0.001187250716611743 0.03646343573927879 -0.03262455761432648
v -0.0014123435830697417 0.036477889865636826 -0.032604023814201355
v -0.0046474626287817955 0.03617757931351662 -0.0325886569917202
v 0.017353275790810585 0.029213611036539078 0.028551822528243065
v 0.016887575387954712 0.029175909236073494 0.028554212301969528
v 0.0005144797614775598 0.03462386503815651 0.028855083510279655
v 0.0008709008106961846 0.034322015941143036 0.028842667117714882
v 0.0010511805303394794 0.0338912308216095 0.028827480971813202
v 0.0010159625671803951 0.03342556580901146 0.028812842443585396
v 0.016489792615175247 0.02893085405230522 0.0285494364798069
v 0.006433514412492514 0.03182381018996239 0.028719721361994743
v 0.016246765851974487 0.02853194810450077 0.0285385400056839
v 0.011845660395920277 0.02997451461851597 0.028618715703487396
v 0.0159576665610075 0.027633650228381157 0.028512008488178253
v 0.0007268638000823557 0.03252725303173065 0.02878631092607975
v 0.0007569855661131442 0.03252667188644409 0.028786059468984604
v -0.000136295217089355 -0.025130730122327805 0.026946762576699257
v -0.0004927162663079798 -0.02482888288795948 0.02695918083190918
v -0.0006729959277436137 -0.02439809776842594 0.02697436511516571
v -0.0003486789937596768 -0.023034129291772842 0.027015535160899162
v -0.002818901790305972 -0.022876793518662453 0.027039648965001106
v -0.0006377783138304949 -0.023932425305247307 0.026989005506038666
v -0.0030546614434570074 -0.023609360679984093 0.02701801247894764
v -0.01697508990764618 -0.019720477983355522 0.027250023558735847
v -0.01348046399652958 -0.019451268017292023 0.02723165974020958
v -0.015579482540488243 -0.0181405171751976 0.02728983759880066
v -0.013716223649680614 -0.020183833315968513 0.027210023254156113
v -0.01586858183145523 -0.019038815051317215 0.027263306081295013
v -0.01611160859465599 -0.019437720999121666 0.027252409607172012
v -0.016509391367435455 -0.01968276873230934 0.027247635647654533
v 0.02547582983970642 -0.004007159266620874 -0.002090627094730735
v 0.025690682232379913 -0.0036641086917370558 0.0024211385753005743
v 0.025805242359638214 -0.0033285042736679316 0.002245683455839753
v 0.02594795450568199 -0.0028937978204339743 0.0020917197689414024
v 0.026013635098934174 -0.0026897182688117027 0.002097747288644314
v 0.0269368514418602 0.0015074398834258318 -0.0019253308419138193
v 0.02638833224773407 -0.0025152326561510563 0.02066241018474102
v 0.026526091620326042 -0.0020145506132394075 0.02067737840116024
v 0.026247872039675713 -0.0019327830523252487 0.0024722733069211245
v 0.026148376986384392 -0.002262289170175791 0.0022771742660552263
v -0.024326087906956673 -0.006773783825337887 -0.0017946583684533834
v -0.02638685144484043 -0.001454818295314908 -0.001608432037755847
v -0.025320738554000854 -0.004894771613180637 0.020985499024391174
v -0.027296068146824837 0.004176432266831398 -0.0014210982481017709
v -0.02681390941143036 0.0006104932981543243 0.021173307672142982
v -0.026211662217974663 -0.0021812801714986563 0.02107926458120346
v -0.027014000341296196 0.009873855859041214 -0.0012408443726599216
v -0.02712921053171158 0.006306033581495285 0.02135811373591423
v -0.027120880782604218 0.0034499706234782934 0.021266598254442215
v -0.025552978739142418 0.015388455241918564 -0.0010755480034276843
v -0.0262528657913208 0.011942930519580841 0.021531840786337852
v -0.026838812977075577 0.009147394448518753 0.021446852013468742
v -0.02297685667872429 0.020479219034314156 -0.000932433467824012
v -0.024223174899816513 0.017274819314479828 0.021686896681785583
v -0.0253777913749218 0.014661992900073528 0.021612148731946945
v -0.019398219883441925 0.024923644959926605 -0.0008177558775059879
v -0.02112884446978569 0.022068671882152557 0.021816503256559372
v -0.02280166745185852 0.019752757623791695 0.021755263209342957
v -0.014973473735153675 0.028527507558465004 -0.0007365265628322959
v -0.017105111852288246 0.026114990934729576 0.021914996206760406
v -0.019223032519221306 0.024197183549404144 0.02186994068324566
v -0.009896001778542995 0.03113328292965889 -0.0006922961911186576
v -0.012327831238508224 0.02923690155148506 0.021978070959448814
v -0.014798285439610481 0.027801044285297394 0.02195117063820362
v -0.004387711640447378 0.03262709453701973 -0.0006869977223686874
v -0.007005795370787382 0.03129798546433449 0.022002970799803734
v -0.009720813482999802 0.03040682151913643 0.02199540100991726
v 0.0013106558471918106 0.03294364735484123 -0.0007208628812804818
v -0.0013716022949665785 0.0322081595659256 0.021988609805703163
v -0.004212523810565472 0.03190063312649727 0.02200070023536682
v 0.006950055249035358 0.032069120556116104 -0.0007924110977910459
v 0.004328507464379072 0.031927626579999924 0.021935611963272095
v 0.0014858439099043608 0.03221718594431877 0.021966833621263504
v 0.012284019030630589 0.030041726306080818 -0.0008985158638097346
v 0.009845411404967308 0.03046867996454239 0.02184629626572132
v 0.007125243544578552 0.03134265914559364 0.021895285695791245
v 0.01707942597568035 0.02695007249712944 -0.00103453965857625
v 0.014937994070351124 0.02789505198597908 0.02172456495463848
v 0.012459206394851208 0.029315263032913208 0.021789181977510452
v 0.02112669311463833 0.022929277271032333 -0.0011945376172661781
v 0.019383683800697327 0.024319246411323547 0.021575739607214928
v 0.01725461333990097 0.02622360922396183 0.021653156727552414
v 0.024248937144875526 0.01815507933497429 -0.0013715168461203575
v 0.02298818714916706 0.01989752985537052 0.021406322717666626
v 0.021301880478858948 0.022202815860509872 0.021493159234523773
v 0.026309700682759285 0.012836113572120667 -0.001557743176817894
v 0.025593964383006096 0.014823143370449543 0.02122372016310692
v 0.024424124509096146 0.017428617924451828 0.021316180005669594
v 0.02721891738474369 0.007204870693385601 -0.0017450767336413264
v 0.0270871352404356 0.009317878633737564 0.02103591151535511
v 0.026484888046979904 0.012109652161598206 0.021129954606294632
v 0.027112038806080818 0.0007809780654497445 0.02076236717402935
v 0.02740243636071682 0.0036223384086042643 0.020851103588938713
v 0.02739410661160946 0.006478408817201853 0.020942620933055878
v 0.02583114057779312 -0.004246558528393507 0.020611274987459183
v 0.02565101720392704 -0.004733621142804623 0.020597070455551147
v 0.024496400728821754 -0.007346447091549635 0.02052232250571251
v 0.022899705916643143 -0.009097925387322903 -0.00223374180495739
v 0.019321070984005928 -0.013542357832193375 -0.0023484197445213795
v 0.02140207029879093 -0.012140301987528801 0.02039271593093872
v 0.023074893280863762 -0.009824386797845364 0.020453955978155136
v 0.014896323904395103 -0.017146212980151176 -0.002429648768156767
v 0.017378337681293488 -0.016186611726880074 0.020294222980737686
v 0.019496258348226547 -0.01426882017403841 0.020339276641607285
v 0.009818851947784424 -0.01975199021399021 -0.002473879139870405
v 0.012601057067513466 -0.019308531656861305 0.020231148228049278
v 0.015071511268615723 -0.017872674390673637 0.020258048549294472
v 0.0043105618096888065 -0.021245794370770454 -0.002479177201166749
v 0.007279021665453911 -0.02136961556971073 0.02020624838769436
v 0.009994039312005043 -0.020478451624512672 0.020213818177580833
v -0.001387805794365704 -0.021562352776527405 -0.002445312449708581
v 0.0016448281239718199 -0.022279780358076096 0.02022060938179493
v 0.004485749639570713 -0.021972255781292915 0.02020851895213127
v -0.00702720507979393 -0.020687827840447426 -0.002373764058575034
v -0.0040552811697125435 -0.021999262273311615 0.020273607224225998
v -0.0012126178480684757 -0.022288816049695015 0.02024238556623459
v -0.01236116886138916 -0.01866043172776699 -0.0022676594089716673
v -0.009572184644639492 -0.020540308207273483 0.02036292292177677
v -0.0068520172499120235 -0.021414289250969887 0.020313933491706848
v -0.01715657487511635 -0.015568777918815613 -0.002131635555997491
v -0.014664768241345882 -0.017966680228710175 0.02048465423285961
v -0.012185980565845966 -0.01938689313828945 0.02042003720998764
v -0.021203843876719475 -0.011547982692718506 -0.001971637597307563
v -0.019110457971692085 -0.014390875585377216 0.020633479580283165
v -0.01698138751089573 -0.016295239329338074 0.02055606245994568
v -0.024150898680090904 -0.007500245701521635 0.0208930391818285
v -0.02271496132016182 -0.009969149716198444 0.020802896469831467
v -0.021028654649853706 -0.012274445034563541 0.02071605995297432
v -0.015423329547047615 -0.01762731745839119 0.026804791763424873
v -0.013123132288455963 -0.019064761698246002 0.02674100361764431
v -0.015438764356076717 -0.017563311383128166 0.02480587549507618
v -0.012767212465405464 -0.019244659692049026 0.02618693932890892
v -0.013145450502634048 -0.018996912986040115 0.024742264300584793
v -0.011873305775225163 -0.01968487724661827 0.025459840893745422
v -0.010721386410295963 -0.020196570083498955 0.02468513324856758
v -0.0029001233633607626 -0.02234937995672226 0.026556890457868576
v -0.00019252579659223557 -0.02252092771232128 0.026530491188168526
v -0.003312084125354886 -0.022282559424638748 0.026016656309366226
v -0.000207960867555812 -0.022456921637058258 0.024531574919819832
v -0.004318293649703264 -0.022112278267741203 0.02532377652823925
v -0.002907723421230912 -0.02228626050055027 0.02455788664519787
v -0.005504989065229893 -0.021879980340600014 0.025091223418712616
v -0.0055772652849555016 -0.021849362179636955 0.024592489004135132
v -0.00557340681552887 -0.021865364164114 0.025092218071222305
v -0.008190372958779335 -0.021150507032871246 0.02463504485785961
v -0.010717527009546757 -0.02021257020533085 0.025184862315654755
v -0.010781649500131607 -0.020184608176350594 0.02518625371158123
v -0.017473241314291954 -0.01671452447772026 0.02735012210905552
v -0.022793039679527283 -0.009975211694836617 0.027106720954179764
v -0.02459489367902279 -0.00784506555646658 0.027689114212989807
v -0.02149307169020176 -0.012648032046854496 0.027511371299624443
v -0.01715943217277527 -0.016312535852193832 0.026860298588871956
v -0.01948443427681923 -0.014163288287818432 0.02694706991314888
v -0.021106962114572525 -0.012319175526499748 0.027018647640943527
v -0.024152997881174088 -0.007602594327181578 0.027193192392587662
v -0.025222575291991234 -0.0052233194001019 0.027277637273073196
v -0.026647383347153664 -0.0025089734699577093 0.02787582390010357
v -0.026168571785092354 -0.0023624803870916367 0.02737654559314251
v -0.02668009139597416 -8.939886902226135e-05 0.027453279122710228
v -0.027563638985157013 0.0031343053560703993 0.028063597157597542
v -0.027068348601460457 0.0031793024390935898 0.027560941874980927
v -0.02710982970893383 0.005230141803622246 0.02762692980468273
v -0.027304869145154953 0.008845850825309753 0.028244484215974808
v -0.026814231649041176 0.008788121864199638 0.027738574892282486
v -0.026495346799492836 0.010531799867749214 0.0277919452637434
v -0.025882026180624962 0.014383833855390549 0.02841082401573658
v -0.02541697956621647 0.014226495288312435 0.027901921421289444
v -0.02486015483736992 0.015612738206982613 0.027942009270191193
v -0.023355353623628616 0.019513776525855064 0.028555573895573616
v -0.02293575182557106 0.019264180213212967 0.028044069185853004
v -0.022266807034611702 0.020278584212064743 0.028071384876966476
v -0.019831830635666847 0.02401849254965782 0.028672607615590096
v -0.019475601613521576 0.023687878623604774 0.028158998116850853
v -0.01881452091038227 0.024350840598344803 0.028175123035907745
v -0.015460636466741562 0.027707252651453018 0.028756968677043915
v -0.015183025039732456 0.027310287579894066 0.028241842985153198
v -0.014635364525020123 0.027673710137605667 0.02824925072491169
v -0.010426847264170647 0.030423877760767937 0.028805086389183998
v -0.010239771567285061 0.029978053644299507 0.02828909456729889
v -0.004943587351590395 0.032053347676992416 0.028814921155571938
v -0.004855131730437279 0.031578224152326584 0.02829875238239765
v 0.0005629925290122628 0.03204607218503952 0.02827189676463604
v 0.0007429131655953825 0.03204302489757538 0.028270410373806953
v 0.005932297557592392 0.031438495963811874 0.02821098081767559
v 0.006317346356809139 0.03135280683636665 0.0282052643597126
v 0.011076417751610279 0.029785718768835068 0.02811833843588829
v 0.011632150039076805 0.029536781832575798 0.028106076642870903
v 0.015793796628713608 0.027152452617883682 0.027997594326734543
v 0.01676427572965622 0.027057087048888206 0.028487319126725197
v 0.016462301835417747 0.026671815663576126 0.02797704190015793
v 0.020981112495064735 0.02319505251944065 0.028331095352768898
v 0.019854901358485222 0.0236884243786335 0.027855318039655685
v 0.020603295415639877 0.022879254072904587 0.02782362885773182
v 0.024317631497979164 0.018551943823695183 0.02815665863454342
v 0.023163506761193275 0.01950034871697426 0.0276956669986248
v 0.023879805579781532 0.01831963285803795 0.027652328833937645
v 0.02663256973028183 0.013324298895895481 0.02797139436006546
v 0.025593042373657227 0.01474845688790083 0.02752475067973137
v 0.026153109967708588 0.013186030089855194 0.02747039683163166
v 0.027050558477640152 0.009614536538720131 0.027349106967449188
v 0.02782791294157505 0.007733495440334082 0.027783146128058434
v 0.027326952666044235 0.007695778738707304 0.027285534888505936
v 0.027480296790599823 0.004294996149837971 0.027175456285476685
v 0.02785305120050907 0.002016222570091486 0.027599884197115898
v 0.027351638302206993 0.0020813350565731525 0.02710556797683239
v 0.02707310952246189 -0.0023175226524472237 0.027467139065265656
v 0.02686581388115883 -0.001006654929369688 0.027010442689061165
v 0.026436951011419296 -0.0027168497908860445 0.026958992704749107
v 0.0064958627335727215 0.0032360306940972805 -0.0027126839850097895
v 0.009703636169433594 0.0035051109734922647 -0.0027288375422358513
v 0.006942808162420988 0.006110915914177895 -0.002624081214889884
v 0.009875277988612652 0.00697209220379591 -0.0026191500946879387
v 0.00618127454072237 0.008918661624193192 -0.0025282965507358313
v 0.00885023269802332 0.010288374498486519 -0.002505047246813774
v 0.004342938307672739 0.011173782870173454 -0.0024418924003839493
v 0.006752133835107088 0.013053963892161846 -0.0024002918507903814
v 0.0017456641653552651 0.012486355379223824 -0.0023798083420842886
v -0.006802260410040617 0.003890482010319829 -0.0025890441611409187
v -0.008942817337810993 0.0011569265043362975 -0.002660044003278017
v -0.005473284516483545 0.0013024898944422603 -0.0026821738574653864
v -0.006844718940556049 -0.0016086631221696734 -0.0027647993993014097
v -0.00320593174546957 -0.0005212174146436155 -0.0027580768801271915
v -0.003926630597561598 -0.003489987924695015 -0.0028475720901042223
v -0.0003922492905985564 -0.001265295664779842 -0.002803628798574209
v -0.0005405163974501193 -0.004260131157934666 -0.002898378763347864
v 0.0024812526535242796 -0.000801101909019053 -0.00281095365062356
v 0.0029052088502794504 -0.0038262063171714544 -0.0029110913164913654
v 0.0049177189357578754 0.0007911106804385781 -0.002778784604743123
v 0.005994939245283604 -0.0022405500058084726 -0.0028841765597462654
v 0.008356008678674698 0.00030558896833099425 -0.0028208806179463863
v 0.0038340454921126366 0.014935296028852463 -0.002317518927156925
v 0.00044793105917051435 0.015705440193414688 -0.0022667122539132833
v -0.0011614556424319744 0.012629427015781403 -0.0023527792654931545
v -0.0029977941885590553 0.015271514654159546 -0.002253999700769782
v -0.0038757536094635725 0.01157824881374836 -0.002365479012951255
v -0.006087524350732565 0.013685843907296658 -0.0022809149231761694
v -0.005927903112024069 0.009514597244560719 -0.002415711060166359
v -0.008448593318462372 0.011139712296426296 -0.002344210632145405
v -0.006963068153709173 0.006795267108827829 -0.002494791056960821
v -0.009796220809221268 0.007940197363495827 -0.002436253475025296
v -0.009967862628400326 0.004473208915442228 -0.002545941388234496
v 0.005413188133388758 0.006023393478244543 -0.007617784198373556
v 0.008690055459737778 0.0038868782576173544 -0.007711498532444239
v 0.004929208196699619 0.0036250981502234936 -0.007690840400755405
v 0.007477190811187029 0.0010073076700791717 -0.007794337347149849
v 0.003452126169577241 0.0016739482525736094 -0.007741910871118307
v 0.0053522284142673016 -0.001284214435145259 -0.007851303555071354
v 0.0012744972482323647 0.0005563765298575163 -0.0077608805149793625
v 0.002571471268311143 -0.0027113095857203007 -0.007875527255237103
v -0.0011723735369741917 0.0004937497433274984 -0.007743991911411285
v -0.005582948215305805 0.005741934757679701 -0.00754188746213913
v -0.008859816007316113 0.007878457196056843 -0.00744817266240716
v -0.005098968744277954 0.008140230551362038 -0.007468830794095993
v -0.007646951358765364 0.010758020915091038 -0.007365334313362837
v -0.0036218869499862194 0.010091387666761875 -0.007417760323733091
v -0.005521988961845636 0.013049542903900146 -0.007308368105441332
v -0.0014442576793953776 0.011208951473236084 -0.007398790679872036
v -0.0027412313502281904 0.014476630836725235 -0.007284144870936871
v 0.0010026131058111787 0.011271578259766102 -0.0074156797491014
v 0.00035992125049233437 0.014867167919874191 -0.007295585703104734
v 0.003407424548640847 0.014174035750329494 -0.007341311778873205
v 0.0032340921461582184 0.010266869328916073 -0.007465081289410591
v 0.006033703684806824 0.012480848468840122 -0.007415807340294123
v 0.00480820843949914 0.00839381106197834 -0.007537211757153273
v 0.007921991869807243 0.009991814382374287 -0.007510086987167597
v 0.008844533003866673 0.007007160224020481 -0.00761277973651886
v -0.0005296816816553473 -0.00310183921828866 -0.007864085957407951
v -0.0035771846305578947 -0.00240871449932456 -0.00781835988163948
v -0.003403852693736553 0.001498459023423493 -0.007694589905440807
v -0.0062034642323851585 -0.0007155200582928956 -0.007743863854557276
v -0.004977968521416187 0.0033715171739459038 -0.007622459903359413
v -0.008091752417385578 0.0017735136207193136 -0.007649584207683802
v -0.009014293551445007 0.004758168011903763 -0.007546891923993826
v 0.02214404009282589 0.018638525158166885 -0.02185090072453022
v 0.02232871763408184 0.019123010337352753 -0.021836813539266586
v 0.022808289155364037 0.019557258114218712 -0.02182661183178425
v 0.023440783843398094 0.019693730399012566 -0.021827125921845436
v 0.024056723341345787 0.019495820626616478 -0.021838219836354256
v 0.024491069838404655 0.019016597419977188 -0.021856918931007385
v 0.02462744154036045 0.01838444173336029 -0.021878212690353394
v 0.02442929334938526 0.017768748104572296 -0.021896397694945335
v 0.023949721828103065 0.017334485426545143 -0.021906599402427673
v 0.023317227140069008 0.017198029905557632 -0.021906085312366486
v 0.022815782576799393 0.01733039692044258 -0.021897975355386734
v 0.015003543347120285 -0.013964558951556683 -0.01023202296346426
v 0.014761274680495262 -0.014139086939394474 -0.010416644625365734
v 0.014773464761674404 -0.014189649373292923 -0.008837555535137653
v 0.01419012900441885 -0.01453330460935831 -0.010845139622688293
v 0.014101377688348293 -0.014165272936224937 -0.022338906303048134
v 0.010012182407081127 -0.01647721603512764 -0.022381359711289406
v -0.014398477971553802 0.026458652690052986 -0.009311821311712265
v -0.014487229287624359 0.026826683431863785 -0.020805587992072105
v -0.012794632464647293 0.02790791355073452 -0.020784035325050354
v -0.016080617904663086 0.025618864223361015 -0.020831957459449768
v -0.01599186658859253 0.025250831618905067 -0.009338191710412502
v -0.017037194222211838 0.02426256611943245 -0.007360679563134909
v -0.015202616341412067 0.02585143968462944 -0.008723868057131767
v -0.01269044540822506 0.027475876733660698 -0.007291353773325682
v -0.01445044856518507 0.026420902460813522 -0.009274300187826157
v 0.010104726999998093 -0.016914458945393562 -0.00888875313103199
v 0.014242690987884998 -0.014498007483780384 -0.010806087404489517
v 0.01578351855278015 -0.013325492851436138 -0.010818769223988056
v 0.01874726265668869 -0.010525534860789776 -0.008750914596021175
v 0.015694767236709595 -0.012957461178302765 -0.022312534973025322
v -0.015481656417250633 -0.013793878257274628 -0.008591261692345142
v -0.010887237265706062 -0.01663985662162304 -0.008717866614460945
v -0.011064196936786175 -0.01632268913090229 -0.016910791397094727
v -0.011766874231398106 -0.01595180109143257 -0.017485765740275383
v -0.01179321389645338 -0.015932170674204826 -0.017693091183900833
v -0.015585842542350292 -0.013361841440200806 -0.022083943709731102
v -0.01142746303230524 -0.016139958053827286 -0.017009371891617775
v -0.011693757958710194 -0.0159953311085701 -0.01729566603899002
v -0.011770320124924183 -0.015938391909003258 -0.0179006215184927
v -0.01169993169605732 -0.01596972905099392 -0.0180952325463295
v -0.01456078514456749 -0.014120914973318577 -0.0221161637455225
v -0.011438156478106976 -0.016095614060759544 -0.018394261598587036
v -0.010991423390805721 -0.016207819804549217 -0.02221054956316948
v -0.011076545342803001 -0.01627148501574993 -0.01850992441177368
v -0.010957342572510242 -0.01632917858660221 -0.01850189082324505
v -0.010059662163257599 -0.016630422323942184 -0.022231275215744972
v -0.010711261071264744 -0.016447946429252625 -0.01841115579009056
v -0.0058920797891914845 -0.01799992099404335 -0.02230730839073658
v -0.01055890042334795 -0.016521774232387543 -0.01828768104314804
v -0.010440926067531109 -0.01658002845942974 -0.018124494701623917
v -0.010366112925112247 -0.01661909557878971 -0.01793338544666767
v -0.010339449159801006 -0.016636911779642105 -0.01772688329219818
v -0.005787892732769251 -0.018431957811117172 -0.008814625442028046
v -0.010362949222326279 -0.01663234643638134 -0.017519135028123856
v -0.010434752330183983 -0.01660563051700592 -0.01732492819428444
v -0.010550066828727722 -0.016558030620217323 -0.017156662419438362
v -0.010700566694140434 -0.016492290422320366 -0.01702626794576645
v -0.010945160873234272 -0.016379691660404205 -0.016924336552619934
v -0.023770621046423912 -0.001981049310415983 -0.021656328812241554
v -0.024263804778456688 -0.00047047200496308506 -0.008096831850707531
v -0.02233004942536354 -0.005515646189451218 -0.008273310028016567
v -0.02436799183487892 -3.843528975266963e-05 -0.02158951386809349
v -0.024973714724183083 0.003028411651030183 -0.021486636251211166
v -0.025067158043384552 0.004872507881373167 -0.007919545285403728
v -0.025171345099806786 0.005304544698446989 -0.021412227302789688
v -0.025123292580246925 0.008178269490599632 -0.021320581436157227
v -0.02470254898071289 0.010263476520776749 -0.007749741896986961
v -0.024806734174489975 0.01069551333785057 -0.021242424845695496
v -0.024212989956140518 0.013249577954411507 -0.02116522751748562
v -0.023187026381492615 0.015450358390808105 -0.007595359813421965
v -0.02329121343791485 0.015882395207881927 -0.021088041365146637
v -0.02228151075541973 0.01802673563361168 -0.021027177572250366
v -0.020591450855135918 0.02019060216844082 -0.007463619112968445
v -0.02069563791155815 0.02062263898551464 -0.02095630206167698
v -0.01941096968948841 0.022306667640805244 -0.020912298932671547
v -0.01714138127863407 0.02469460293650627 -0.02085336111485958
v -0.010398034006357193 0.02913861908018589 -0.020763134583830833
v -0.007754454854875803 0.02968023344874382 -0.007258884143084288
v -0.00785864144563675 0.030112268403172493 -0.02075156569480896
v -0.005500667728483677 0.030746903270483017 -0.020749453455209732
v -0.002460024319589138 0.030772611498832703 -0.0072647882625460625
v -0.0025642109103500843 0.031204648315906525 -0.020757470279932022
v -0.0003776511293835938 0.031317174434661865 -0.02077075093984604
v 0.0029452850576490164 0.030701899901032448 -0.007308790925890207
v 0.00284109846688807 0.03113393671810627 -0.020801473408937454
v 0.004753218963742256 0.030825167894363403 -0.020826125517487526
v 0.008208726532757282 0.02947142720222473 -0.007388833444565535
v 0.008104539476335049 0.029903464019298553 -0.020881514996290207
v 0.009673810563981533 0.029291830956935883 -0.020913217216730118
v 0.013084189034998417 0.02713870257139206 -0.007501174230128527
v 0.012980001978576183 0.02757073938846588 -0.020993856713175774
v 0.014174933545291424 0.02678232453763485 -0.02102832868695259
v 0.01734369806945324 0.023812832310795784 -0.007640559691935778
v 0.017239511013031006 0.024244869127869606 -0.021133242174983025
v 0.018065227195620537 0.023403350263834 -0.021166563034057617
v 0.02078808657824993 0.019649317488074303 -0.007800472434610128
v 0.020683901384472847 0.020081354305148125 -0.0212931539863348
v 0.021179301664233208 0.019298560917377472 -0.021322045475244522
v 0.023256298154592514 0.014842827804386616 -0.007973435334861279
v 0.02315211296081543 0.015274864621460438 -0.021466117352247238
v 0.02338476851582527 0.014642453752458096 -0.021488163620233536
v 0.024632923305034637 0.009618116542696953 -0.008151360787451267
v 0.024528736248612404 0.010050153359770775 -0.021644042804837227
v 0.02458786405622959 0.009632992558181286 -0.021657858043909073
v 0.02485358715057373 0.004219493828713894 -0.008325928822159767
v 0.024749401956796646 0.004651530645787716 -0.0218186117708683
v 0.024737440049648285 0.004483142402023077 -0.021823910996317863
v 0.02390797808766365 -0.0011006129207089543 -0.008488977327942848
v 0.023827139288187027 -0.0005881735123693943 -0.02197926491498947
v 0.02189566008746624 -0.005365330725908279 -0.022117316722869873
v 0.021840309724211693 -0.006093439180403948 -0.008632882498204708
v 0.02173612266778946 -0.005661402363330126 -0.022125564515590668
v 0.01902511715888977 -0.009645257145166397 -0.022232193499803543
v 0.018643075600266457 -0.010093498043715954 -0.022243596613407135
v 0.005114816594868898 -0.018085500225424767 -0.022395040839910507
v 0.00495935371145606 -0.018572544679045677 -0.008902113884687424
v -0.0005262490594759583 -0.0186543520539999 -0.02236969582736492
v -0.0004220623814035207 -0.019086388871073723 -0.008877013809978962
v -8.200407137337606e-06 -0.018655765801668167 -0.02237374149262905
v 0.004855167120695114 -0.018140507861971855 -0.022394796833395958
v -0.005096476525068283 -0.018297182396054268 -0.018220746889710426
v -0.004971996881067753 -0.01831681840121746 -0.018388351425528526
v -0.004809324163943529 -0.018344219774007797 -0.018517449498176575
v -0.005139070563018322 -0.018163764849305153 -0.022318368777632713
v -0.004413068760186434 -0.01841244474053383 -0.018629930913448334
v -0.004013140220195055 -0.01848125457763672 -0.018527984619140625
v -0.003717429470270872 -0.018534479662775993 -0.018238993361592293
v -0.0036357170902192593 -0.0185520201921463 -0.018047353252768517
v -0.0036066577304154634 -0.01856248266994953 -0.01784052886068821
v -0.0036325491964817047 -0.018565284088253975 -0.017632916569709778
v -0.003711255267262459 -0.018560081720352173 -0.017439426854252815
v -0.004002446308732033 -0.01852559857070446 -0.017143094912171364
v -0.0044007208198308945 -0.018463648855686188 -0.01703079789876938
v -0.004798630252480507 -0.01838856376707554 -0.017132559791207314
v -0.004963455256074667 -0.018352996557950974 -0.01725730672478676
v -0.00509030232205987 -0.018322784453630447 -0.01742118038237095
v -0.00517036160454154 -0.018300706520676613 -0.017612045630812645
v -0.005199053790420294 -0.018288504332304 -0.01781945861876011
v -0.005173822864890099 -0.018287381157279015 -0.01802666485309601
v -0.018451077863574028 -0.01074194721877575 -0.021977929398417473
v -0.019356317818164825 -0.01002709660679102 -0.008440729230642319
v -0.01946050487458706 -0.009595059789717197 -0.021933412179350853
v -0.0215651523321867 -0.00663714949041605 -0.021822446957230568
v -0.022434236481785774 -0.005083609838038683 -0.021765992045402527
v 0.00977261271327734 0.02777019888162613 -0.007455382961779833
v 0.01439405046403408 0.0250297412276268 -0.0075788176618516445
v 0.01828926056623459 0.021329961717128754 -0.007727362681180239
v 0.021262919530272484 0.016856404021382332 -0.007893567904829979
v 0.02316591888666153 0.011833376251161098 -0.00806910078972578
v 0.023902831599116325 0.006512756925076246 -0.008245157077908516
v 0.023436706513166428 0.0011613396927714348 -0.008412910625338554
v 0.021790919825434685 -0.003952522296458483 -0.008563948795199394
v 0.019047994166612625 -0.008572405204176903 -0.008690697140991688
v 0.015345470979809761 -0.012466657906770706 -0.008786802180111408
v 0.010869014076888561 -0.015439984388649464 -0.008847442455589771
v 0.005843088962137699 -0.01734330877661705 -0.008869578130543232
v 0.0005197179270908237 -0.01808118261396885 -0.008852099068462849
v -0.004834164399653673 -0.017616601660847664 -0.008795881643891335
v -0.009950091131031513 -0.015972869470715523 -0.008703745901584625
v -0.01457152795046568 -0.013232411816716194 -0.008580311201512814
v -0.018466738983988762 -0.00953263882547617 -0.00843176618218422
v -0.021440397948026657 -0.005059072747826576 -0.008265560492873192
v -0.023343395441770554 -3.604522134992294e-05 -0.008090028539299965
v -0.0240803100168705 0.005284573882818222 -0.007913971319794655
v -0.0236141849309206 0.01063599158078432 -0.007746217772364616
v -0.02196839638054371 0.01574985310435295 -0.007595180068165064
v -0.01922547072172165 0.02036973647773266 -0.007468431256711483
v -0.01552294846624136 0.024263979867100716 -0.007372327148914337
v -0.011046492494642735 0.027237320318818092 -0.007311686407774687
v -0.006020566914230585 0.029140638187527657 -0.007289550732821226
v -0.0006971955299377441 0.02987850457429886 -0.007307029794901609
v 0.004656686447560787 0.02941392920911312 -0.007363246753811836
v 0.02126677893102169 0.01684040203690529 -0.00739383976906538
v 0.018293119966983795 0.02131396159529686 -0.007227634079754353
v 0.014397908933460712 0.025013739243149757 -0.007079089060425758
v 0.009776471182703972 0.027754196897149086 -0.006955654360353947
v 0.004660544916987419 0.029397929087281227 -0.00686351815238595
v -0.0006933367694728076 0.029862502589821815 -0.006807301193475723
v -0.006016708444803953 0.029124638065695763 -0.00678982213139534
v -0.011042634025216103 0.0272213201969862 -0.006811957806348801
v -0.015519089996814728 0.024247977882623672 -0.006872598547488451
v -0.019221613183617592 0.020353734493255615 -0.006968702655285597
v -0.02196453884243965 0.015733851119875908 -0.007095451466739178
v -0.023610325530171394 0.010619989596307278 -0.00724648917093873
v -0.02407645247876644 0.0052685728296637535 -0.007414242718368769
v -0.023339537903666496 -5.204656918067485e-05 -0.0075902994722127914
v -0.02143653854727745 -0.005075074266642332 -0.007765831891447306
v -0.018462879583239555 -0.009548639878630638 -0.007932037115097046
v -0.014567669481039047 -0.013248413801193237 -0.00808058213442564
v -0.009946231730282307 -0.015988869592547417 -0.008204017765820026
v -0.004830305464565754 -0.017632601782679558 -0.008296153508126736
v 0.0005235766875557601 -0.018097184598445892 -0.00835237093269825
v 0.005846947897225618 -0.017359310761094093 -0.008369849063456059
v 0.010872873477637768 -0.015455985441803932 -0.008347713388502598
v 0.015349330380558968 -0.012482658959925175 -0.008287073113024235
v 0.019051851704716682 -0.008588406257331371 -0.008190969005227089
v 0.021794777363538742 -0.003968523349612951 -0.00806421972811222
v 0.023440565913915634 0.0011453384067863226 -0.007913182489573956
v 0.023906690999865532 0.00649675540626049 -0.00774542847648263
v 0.023169776424765587 0.01181737519800663 -0.007569371722638607
v -0.006401626393198967 0.02057378925383091 -0.007060648407787085
v -0.0022014318965375423 0.021733401343226433 -0.007055950351059437
v 0.002155737951397896 0.021717429161071777 -0.0070901066064834595
v 0.0063467309810221195 0.020527075976133347 -0.007160583510994911
v 0.010060721077024937 0.01825060322880745 -0.007262154947966337
v 0.013022258877754211 0.01505685318261385 -0.007387286983430386
v 0.011565318331122398 -0.005075371824204922 -0.008020672015845776
v 0.008174651302397251 -0.007811418268829584 -0.008082099258899689
v 0.004171411972492933 -0.009531836025416851 -0.008106275461614132
v -0.00014749672845937312 -0.010109033435583115 -0.00809140782803297
v -0.004461761098355055 -0.009500200860202312 -0.008038599044084549
v 0.015011698938906193 0.011182711459696293 -0.0075266994535923
v 0.01588149555027485 0.006915481295436621 -0.007670052815228701
v 0.01556713879108429 0.002571649383753538 -0.007806715089827776
v 0.014091943390667439 -0.0015266152331605554 -0.007926550693809986
v -0.008451412431895733 -0.007750487886369228 -0.0079517662525177
v -0.011820557527244091 -0.004989669192582369 -0.007837348617613316
v -0.014319319278001785 -0.0014224934857338667 -0.007703833281993866
v -0.01576237753033638 0.002686464926227927 -0.0075611211359500885
v -0.016042709350585938 0.0070324731059372425 -0.007419796660542488
v -0.015139521099627018 0.011293207295238972 -0.007290341891348362
v -0.013119799084961414 0.015152660198509693 -0.007182357832789421
v -0.01013333722949028 0.018324602395296097 -0.007103852462023497
v 0.005705578252673149 0.00881838146597147 -0.006530003622174263
v 0.005732589401304722 0.008706372231245041 -0.003031900618225336
v 0.003998551517724991 0.010912432335317135 -0.006449770648032427
v 0.004025562666356564 0.010800422169268131 -0.0029516676440835
v 0.001586797065101564 0.01213124766945839 -0.006392121315002441
v 0.0016138084465637803 0.01201923843473196 -0.0028940183110535145
v -0.001112671452574432 0.012264101766049862 -0.006367022637277842
v -0.0010856600711122155 0.012152091600000858 -0.0028689196333289146
v -0.0036330909933894873 0.011288006789982319 -0.00637881550937891
v -0.003606079611927271 0.011175996623933315 -0.002880712505429983
v -0.0055386582389473915 0.009371748194098473 -0.006425459869205952
v -0.005511647090315819 0.009259738028049469 -0.0029273568652570248
v -0.0064998832531273365 0.0068466621451079845 -0.006498890928924084
v -0.0064728716388344765 0.0067346529103815556 -0.003000787924975157
v -0.0063505619764328 0.004149360582232475 -0.006586411967873573
v -0.00632355036213994 0.004037351347506046 -0.0030883087310940027
v -0.005116512533277273 0.0017462257528677583 -0.006672889459878206
v -0.005089500918984413 0.0016342162853106856 -0.0031747864559292793
v -0.0030111137311905622 5.278589014778845e-05 -0.006743371021002531
v -0.002984102349728346 -5.92236356169451e-05 -0.0032452677842229605
v -0.0003984080976806581 -0.0006381492130458355 -0.0067856693640351295
v -0.0003713967162184417 -0.000750158738810569 -0.003287566127255559
v 0.0022698435932397842 -0.00020710633543785661 -0.006792470812797546
v 0.0022968549747020006 -0.00031911584665067494 -0.003294367576017976
v 0.004532276187092066 0.0012713794130831957 -0.006762599106878042
v 0.004559287801384926 0.001159369945526123 -0.003264496335759759
v 0.005997695494443178 0.003541660727933049 -0.006701220292598009
v 0.006024706643074751 0.0034296512603759766 -0.003203117288649082
v 0.006412716582417488 0.006211188156157732 -0.006618946325033903
v 0.006439728196710348 0.006099178455770016 -0.003120843321084976
v -0.004970251116901636 0.0033395146019756794 -0.006623001769185066
v -0.0033961350563913584 0.0014664563350379467 -0.00669513177126646
v -0.0011646558996289968 0.00046174702583812177 -0.0067445337772369385
v 0.0012822147691622376 0.0005243737832643092 -0.0067614223808050156
v 0.0034598438069224358 0.0016419455641880631 -0.00674245273694396
v 0.0049369256012141705 0.0035930953454226255 -0.0066913822665810585
v 0.005420905537903309 0.005991390906274319 -0.006618326064199209
v 0.004815925844013691 0.008361808024346828 -0.006537753622978926
v 0.003241809783503413 0.010234866291284561 -0.006465623155236244
v 0.0010103306267410517 0.011239576153457165 -0.0064162216149270535
v -0.0014365401584655046 0.011176949366927147 -0.006399332545697689
v -0.0036141693126410246 0.010059384629130363 -0.006418302189558744
v -0.005091250874102116 0.008108227513730526 -0.006469372659921646
v -0.005575230810791254 0.005709931720048189 -0.006542429327964783
v 0.01577836088836193 0.027216458693146706 0.02599867805838585
v 0.013485047034919262 0.028650065883994102 0.026062291115522385
v 0.011060982942581177 0.029849722981452942 0.026119422167539597
v 0.008529969491064548 0.030803652480244637 0.026169510558247566
v 0.00591686274856329 0.03150250017642975 0.026212064549326897
v 0.0032473201863467693 0.03193940594792366 0.02624666877090931
v 0.0005475574289448559 0.032110076397657394 0.026272980496287346
v -0.024805303663015366 0.015104273334145546 -0.001090420875698328
v -0.02622351422905922 0.009751270525157452 -0.0012508734362199903
v -0.026497311890125275 0.004220798145979643 -0.0014258454320952296
v -0.025614740327000618 -0.0012454268289729953 -0.0016076893080025911
v -0.023614365607500076 -0.006408520508557558 -0.0017884583212435246
v -0.020583616569638252 -0.011042824946343899 -0.0019602517131716013
v -0.016654949635267258 -0.014945793896913528 -0.0021155611611902714
v -0.0120000671595335 -0.017946844920516014 -0.00224759872071445
v -0.006822410970926285 -0.01991482824087143 -0.0023505939170718193
v -0.001348267775028944 -0.020763734355568886 -0.0024200459010899067
v 0.004183114506304264 -0.020456453785300255 -0.0024529185611754656
v 0.009529989212751389 -0.019006412476301193 -0.002447775099426508
v 0.01445867121219635 -0.01647699810564518 -0.0024048408959060907
v 0.01875375397503376 -0.0129787502810359 -0.0023259923327714205
v 0.022227521985769272 -0.008664561435580254 -0.002214675070717931
v 0.02472815476357937 -0.0037229775916785 -0.002075754338875413
v 0.026146363466978073 0.0016300251008942723 -0.0019153017783537507
v 0.026420162990689278 0.007160497363656759 -0.0017403298988938332
v 0.025537589564919472 0.012626729905605316 -0.0015584856737405062
v 0.02353721484541893 0.017789823934435844 -0.0013777166604995728
v 0.020506465807557106 0.02242412604391575 -0.0012059233849868178
v 0.01657779887318611 0.026327086612582207 -0.0010506141697987914
v 0.011922917328774929 0.029328137636184692 -0.0009185766684822738
v 0.006745260674506426 0.031296130269765854 -0.0008155810064636171
v 0.0012711180606856942 0.03214501962065697 -0.0007461296627297997
v -0.004260264337062836 0.03183774650096893 -0.0007132568280212581
v -0.00960713904350996 0.030387714505195618 -0.0007183999405242503
v -0.014535821042954922 0.027858292683959007 -0.0007613343186676502
v -0.018830904737114906 0.024360043928027153 -0.0008401830564253032
v -0.022304672747850418 0.020045850425958633 -0.0009515004348941147
v -0.02364523522555828 -0.006280509755015373 -0.005786289926618338
v -0.025645609945058823 -0.0011174158426001668 -0.005605521146208048
v -0.02652818337082863 0.004348809365183115 -0.0054236771538853645
v -0.026254383847117424 0.009879281744360924 -0.005248705390840769
v -0.02483617514371872 0.015232283622026443 -0.005088252481073141
v -0.022335542365908623 0.02017386071383953 -0.0049493322148919106
v -0.01886177435517311 0.02448805421590805 -0.004838014952838421
v -0.014566691592335701 0.027986302971839905 -0.004759165924042463
v -0.00963800959289074 0.030515724793076515 -0.0047162314876914024
v -0.004291134886443615 0.03196575865149498 -0.004711088724434376
v 0.0012402479769662023 0.032273031771183014 -0.004743961617350578
v 0.006714390590786934 0.0314241424202919 -0.004813412670046091
v 0.011892047710716724 0.02945614792406559 -0.0049164085648953915
v 0.016546929255127907 0.026455098763108253 -0.005048445891588926
v 0.0204755961894989 0.022552136331796646 -0.005203755106776953
v 0.023506345227360725 0.017917834222316742 -0.005375548265874386
v 0.025506719946861267 0.012754741124808788 -0.005556317511945963
v 0.026389291509985924 0.007288508117198944 -0.005738161504268646
v 0.02611549384891987 0.001758035970851779 -0.005913133732974529
v 0.024697283282876015 -0.0035949666053056717 -0.00607358617708087
v 0.022196652367711067 -0.008536551147699356 -0.0062125069089233875
v 0.018722884356975555 -0.012850739061832428 -0.006323824170976877
v 0.01442780066281557 -0.016348987817764282 -0.0064026727341115475
v 0.00949911866337061 -0.018878402188420296 -0.006445606704801321
v 0.004152244422584772 -0.020328443497419357 -0.006450750399380922
v -0.001379137858748436 -0.02063572406768799 -0.00641787750646472
v -0.006853281054645777 -0.019786817952990532 -0.00634842598810792
v -0.01203093770891428 -0.017818832769989967 -0.006245430558919907
v -0.016685819253325462 -0.014817782677710056 -0.0061133927665650845
v -0.020614486187696457 -0.010914813727140427 -0.005958083551377058
v -0.017849324271082878 0.01092116255313158 -0.005280245561152697
v -0.018561381846666336 0.006341004744172096 -0.0054214042611420155
v -0.018111523240804672 0.0017280179308727384 -0.005572586320340633
v -0.016528015956282616 -0.002627928974106908 -0.005724291317164898
v -0.013910355046391487 -0.006453152745962143 -0.005866988096386194
v -0.010423019528388977 -0.009507288224995136 -0.0059917098842561245
v -0.0007044399389997125 0.024298125877976418 -0.00498430198058486
v -0.005282405763864517 0.023558590561151505 -0.004972632508724928
v -0.009532821364700794 0.021704379469156265 -0.004999184049665928
v -0.01318861823529005 0.01885201781988144 -0.005062287673354149
v -0.016020089387893677 0.015180709771811962 -0.00515797920525074
v -0.006285130046308041 -0.011598446406424046 -0.006090620532631874
v -0.0017566867172718048 -0.012595218606293201 -0.006157504860311747
v 0.0028777720872312784 -0.012434974312782288 -0.006188159808516502
v 0.00732704671099782 -0.011127793230116367 -0.006180659867823124
v 0.011311572045087814 -0.008755804970860481 -0.006135475821793079
v 0.014580987393856049 -0.0054680462926626205 -0.006055447272956371
v 0.016929859295487404 -0.0014710986288264394 -0.005945601966232061
v 0.018210604786872864 0.002983887679874897 -0.005812842398881912
v 0.018342748284339905 0.0076169888488948345 -0.005665510427206755
v 0.017317984253168106 0.012137101031839848 -0.005512863397598267
v 0.01638912409543991 0.01426524668931961 -0.005437547340989113
v 0.015200704336166382 0.016260193660855293 -0.0053644925355911255
v 0.01212394516915083 0.019727207720279694 -0.005229720380157232
v 0.00828103069216013 0.022320300340652466 -0.0051170154474675655
v 0.00391342444345355 0.023876534774899483 -0.005033459514379501
v -0.014091228134930134 0.029401380568742752 0.02474844455718994
v -0.014287292957305908 0.029270198196172714 0.025596218183636665
v -0.013741830363869667 0.02834203839302063 0.025122415274381638
v -0.012677562423050404 0.0288649033755064 0.02721366472542286
v -0.013038847595453262 0.02867472544312477 0.027040552347898483
v -0.013519726693630219 0.029611166566610336 0.02707425132393837
v -0.013585135340690613 0.028386985883116722 0.026412976905703545
v -0.014078108593821526 0.029346976429224014 0.02644752338528633
v -0.013735060580074787 0.028313886374235153 0.026001138612627983
v -0.01378826703876257 0.028298409655690193 0.025561248883605003
v -0.012286927551031113 0.02906728722155094 0.027275197207927704
v -0.012761763297021389 0.029991960152983665 0.027308471500873566
v -0.011894216760993004 0.029266925528645515 0.027220571413636208
v -0.012007317505776882 0.030387332662940025 0.02708742581307888
v -0.011526438407599926 0.02945089153945446 0.027053726837038994
v -0.01145853940397501 0.030691349878907204 0.02647034265100956
v -0.010965565219521523 0.02973135933279991 0.026435796171426773
v -0.010813242755830288 0.029813366010785103 0.02602715790271759
v -0.011262473650276661 0.03082253225147724 0.025622569024562836
v -0.010763448663055897 0.029850758612155914 0.025587597861886024
v -0.010820121504366398 0.02984151430428028 0.025147031992673874
v -0.011471658945083618 0.03074575401842594 0.02477126382291317
v -0.01097868476063013 0.02978576347231865 0.024736719205975533
v -0.0120300417765975 0.03048156388103962 0.024144534021615982
v -0.011549162678420544 0.029545124620199203 0.024110836908221245
v -0.013598254881799221 0.02844139002263546 0.024713899940252304
v -0.01306157186627388 0.028768956661224365 0.024097662419080734
v -0.013542450964450836 0.02970539778470993 0.02413135953247547
v -0.01270402129739523 0.02896939404308796 0.023931847885251045
v -0.01278800331056118 0.03010077029466629 0.023910313844680786
v -0.012313167564570904 0.029176097363233566 0.023877039551734924
v -0.011920016258955002 0.029371803626418114 0.023938121274113655
v -0.01343504711985588 0.031277623027563095 0.02885565161705017
v -0.024382729083299637 -0.009372074156999588 0.02358638495206833
v -0.02427217923104763 -0.009601777419447899 0.024428635835647583
v -0.023332757875323296 -0.009038880467414856 0.0239995326846838
v -0.023906206712126732 -0.008057945407927036 0.026118095964193344
v -0.02371189184486866 -0.008412268944084644 0.02593543753027916
v -0.02464890480041504 -0.008893143385648727 0.02592727541923523
v -0.023409027606248856 -0.008933505974709988 0.025293828919529915
v -0.024369608610868454 -0.009426478296518326 0.02528546191751957
v -0.0233259629458189 -0.009067031554877758 0.024878256022930145
v -0.02329980581998825 -0.009102752432227135 0.024437107145786285
v -0.02410999685525894 -0.007669860031455755 0.02619016543030739
v -0.025035234168171883 -0.008144689723849297 0.026182105764746666
v -0.024308225139975548 -0.007275081705302 0.02614635042846203
v -0.025425080209970474 -0.007381658535450697 0.025981666520237923
v -0.024488065391778946 -0.006900784093886614 0.025989828631281853
v -0.025713980197906494 -0.006808503996580839 0.025379670783877373
v -0.024753399193286896 -0.006315531674772501 0.025388037785887718
v -0.024825455620884895 -0.00614701583981514 0.024983901530504227
v -0.02582452818751335 -0.006578800268471241 0.02453741803765297
v -0.024852154776453972 -0.006079775281250477 0.024545889347791672
v -0.024832215160131454 -0.006118922494351864 0.02410377375781536
v -0.025727100670337677 -0.006754099391400814 0.023680591955780983
v -0.02476651780307293 -0.006261127069592476 0.023688960820436478
v -0.025447804480791092 -0.0072874268516898155 0.023038776591420174
v -0.024510789662599564 -0.006806552410125732 0.023046938702464104
v -0.02342214621603489 -0.00887910183519125 0.023594751954078674
v -0.023734616115689278 -0.00831803772598505 0.02299254760146141
v -0.024671629071235657 -0.008798912167549133 0.02298438549041748
v -0.023930950090289116 -0.007953979074954987 0.022836249321699142
v -0.02506147511303425 -0.008035880513489246 0.022783948108553886
v -0.024136235937476158 -0.007561050821095705 0.02279200777411461
v -0.024333348497748375 -0.007170430850237608 0.02286388911306858
v -0.026358136907219887 -0.008877557702362537 0.027669668197631836
v 0.014406900852918625 -0.019649025052785873 0.02295779250562191
v 0.014616085216403008 -0.019572241231799126 0.023809095844626427
v 0.014063837006688118 -0.018615949898958206 0.023404108360409737
v 0.01303169783204794 -0.01927204802632332 0.02547379583120346
v 0.01339036412537098 -0.019070999696850777 0.025307651609182358
v 0.013871243223547935 -0.020007438957691193 0.02527395449578762
v 0.01392704714089632 -0.018743431195616722 0.024691415950655937
v 0.014420020394027233 -0.01970342919230461 0.0246568713337183
v 0.014070638455450535 -0.018644070252776146 0.024282831698656082
v 0.014117059297859669 -0.0186004601418972 0.023844067007303238
v 0.012641959823668003 -0.019478145986795425 0.025528274476528168
v 0.01311679556965828 -0.02040281891822815 0.025495000183582306
v 0.012248354032635689 -0.01967407390475273 0.025467054918408394
v 0.0123588340356946 -0.020783614367246628 0.02526077814400196
v 0.011877954937517643 -0.019847173243761063 0.025294477120041847
v 0.011800451204180717 -0.02104780450463295 0.024634050205349922
v 0.01130747701972723 -0.02008780650794506 0.02466859668493271
v 0.011148828081786633 -0.02014358527958393 0.024257948622107506
v 0.011591266840696335 -0.021124588325619698 0.023782746866345406
v 0.011092240922152996 -0.020152809098362923 0.023817716166377068
v 0.011142115108668804 -0.02011537179350853 0.02337782271206379
v 0.01178733166307211 -0.020993398502469063 0.02293497323989868
v 0.011294357478618622 -0.020033400505781174 0.022969519719481468
v 0.012336109764873981 -0.020689383149147034 0.02231788821518421
v 0.011855230666697025 -0.01975294202566147 0.022351587191224098
v 0.013913927599787712 -0.018689027056097984 0.022992338985204697
v 0.013367639854550362 -0.018976766616106033 0.02236476168036461
v 0.013848518952727318 -0.0199132077395916 0.022331062704324722
v 0.013007475063204765 -0.01916636899113655 0.02219199948012829
v 0.013090555556118488 -0.020294010639190674 0.022096842527389526
v 0.012615720741450787 -0.01936933770775795 0.022130116820335388
v 0.012223461642861366 -0.01956874318420887 0.02218461222946644
v 0.013813232071697712 -0.02178448997437954 0.02694619446992874
v 0.024698400869965553 0.019124438986182213 0.024119853973388672
v 0.02460097149014473 0.01929973065853119 0.024976680055260658
v 0.023654764518141747 0.018764980137348175 0.024526990950107574
v 0.024260342121124268 0.017650803551077843 0.026569364592432976
v 0.024063408374786377 0.018015997484326363 0.02641276642680168
v 0.025000421330332756 0.01849687099456787 0.02642092853784561
v 0.02375093847513199 0.018577054142951965 0.025810563936829567
v 0.024711521342396736 0.019070032984018326 0.025818930938839912
v 0.02366154082119465 0.018736857920885086 0.02540571428835392
v 0.02362859807908535 0.018800698220729828 0.024968208745121956
v 0.024465028196573257 0.017259003594517708 0.026613306254148483
v 0.025390267372131348 0.01773384027183056 0.026621365919709206
v 0.024662362411618233 0.01686794124543667 0.026541274040937424
v 0.02577659673988819 0.016985386610031128 0.02636653743684292
v 0.024839581921696663 0.016504498198628426 0.02635837346315384
v 0.026055892929434776 0.01645205169916153 0.02572472207248211
v 0.025095311924815178 0.01595907285809517 0.025716355070471764
v 0.02516104094684124 0.01581679843366146 0.02530120313167572
v 0.02615332044661045 0.016276760026812553 0.024867897853255272
v 0.02518094703555107 0.015777727589011192 0.02485942654311657
v 0.02515420876443386 0.01584506779909134 0.024421080946922302
v 0.026042772457003593 0.016506455838680267 0.02402564510703087
v 0.025082191452383995 0.016013476997613907 0.024017278105020523
v 0.025753872469067574 0.017079617828130722 0.02342364750802517
v 0.024816857650876045 0.01659872941672802 0.02341548353433609
v 0.023737819865345955 0.018631458282470703 0.024111486971378326
v 0.02404068410396576 0.018110228702425957 0.023469876497983932
v 0.02497769705951214 0.018591104075312614 0.023478038609027863
v 0.024234402924776077 0.017757011577486992 0.02328759804368019
v 0.025364026427268982 0.017842650413513184 0.023223208263516426
v 0.02443878911435604 0.017367811873555183 0.023215148597955704
v 0.02463679201900959 0.016973499208688736 0.023258846253156662
v 0.026736320927739143 0.018370693549513817 0.028132177889347076
v 0.015973040834069252 -0.013719356618821621 -0.01083284430205822
v 0.015884289517998695 -0.013351324945688248 -0.02232661098241806
v 0.01597602851688862 -0.013732649385929108 -0.010833293199539185
v 0.015887277200818062 -0.013364617712795734 -0.022327059879899025
v 0.01597204990684986 -0.014175045304000378 -0.010847427882254124
v 0.015883296728134155 -0.013807013630867004 -0.02234119363129139
v 0.01597013510763645 -0.014182995073497295 -0.0108476672321558
v 0.015881383791565895 -0.013814963400363922 -0.02234143391251564
v 0.01576877571642399 -0.01458298321813345 -0.010858920402824879
v 0.015680022537708282 -0.014214952476322651 -0.022352686151862144
v 0.01576703041791916 -0.014585076831281185 -0.010858974419534206
v 0.015678279101848602 -0.014217045158147812 -0.022352740168571472
v 0.01540796086192131 -0.014857259579002857 -0.010864916257560253
v 0.015319209545850754 -0.014489227905869484 -0.02235868200659752
v 0.015405470505356789 -0.014858375303447247 -0.010864933021366596
v 0.015316719189286232 -0.014490343630313873 -0.022358698770403862
v 0.014965830370783806 -0.01494427490979433 -0.010864288546144962
v 0.014877078123390675 -0.014576243236660957 -0.022358054295182228
v 0.014957655221223831 -0.014943975023925304 -0.010864215902984142
v 0.0148689029738307 -0.014575943350791931 -0.022357981652021408
v 0.014530416578054428 -0.014828449115157127 -0.010857217945158482
v 0.014441665261983871 -0.014460418373346329 -0.022350983694195747
v 0.014518413692712784 -0.014821982942521572 -0.010856918059289455
v 0.014429662376642227 -0.014453952200710773 -0.02235068380832672
v -0.01618138886988163 0.025644704699516296 -0.009324116632342339
v -0.016270140185952187 0.026012735441327095 -0.02081788331270218
v -0.016184376552700996 0.02565798908472061 -0.009323668666183949
v -0.016273127868771553 0.02602601982653141 -0.020817434415221214
v -0.01618039794266224 0.026100393384695053 -0.009309533052146435
v -0.016269149258732796 0.026468424126505852 -0.0208032988011837
v -0.01617848314344883 0.026108335703611374 -0.009309293702244759
v -0.016267234459519386 0.026476366445422173 -0.0208030603826046
v -0.015977123752236366 0.026508323848247528 -0.00929804053157568
v -0.016065875068306923 0.026876354590058327 -0.020791806280612946
v -0.015975378453731537 0.026510417461395264 -0.009297987446188927
v -0.016064131632447243 0.026878448203206062 -0.020791752263903618
v -0.015616308897733688 0.026782600209116936 -0.009292044676840305
v -0.015705060213804245 0.027150630950927734 -0.02078581042587757
v -0.015613819472491741 0.026783723384141922 -0.009292027913033962
v -0.015702569857239723 0.02715175412595272 -0.020785793662071228
v -0.015174178406596184 0.02686961553990841 -0.009292672388255596
v -0.01526292972266674 0.027237646281719208 -0.020786438137292862
v -0.015166002325713634 0.026869315654039383 -0.009292745031416416
v -0.015254754573106766 0.02723734639585018 -0.020786510780453682
v -0.014738764613866806 0.026753796264529228 -0.009299742989242077
v -0.014827515929937363 0.027121828868985176 -0.020793508738279343
v -0.014726761728525162 0.02674732357263565 -0.009300042875111103
v -0.014815513975918293 0.02711535431444645 -0.02079380862414837
v 0.02612714096903801 -0.0038964080158621073 0.0024103301111608744
v 0.026315057650208473 -0.003923697862774134 0.0024080052971839905
v 0.02635984495282173 -0.002906189998611808 0.0018390538170933723
v 0.02662164531648159 -0.003891227301210165 0.002406677696853876
v 0.02682105451822281 -0.0038145326543599367 0.0024075936526060104
v 0.02705325372517109 -0.003649839898571372 0.0024110740050673485
v 0.027204712852835655 -0.0034671316388994455 0.002415754832327366
v 0.02582230605185032 -0.0037653797771781683 0.0024168796371668577
v 0.027363229542970657 -0.0029745721258223057 0.0024303027894347906
v 0.027346741408109665 -0.0027379028033465147 0.0024380080867558718
v 0.0272541344165802 -0.002468853024765849 0.0024473383091390133
v 0.02731640636920929 -0.003231275826692581 0.002422444522380829
v 0.026906656101346016 -0.0020854659378528595 0.0024622974451631308
v 0.026738038286566734 -0.0019982047379016876 0.0024663936346769333
v 0.026413902640342712 -0.001927140518091619 0.0024711720179766417
v 0.02713683806359768 -0.0022903992794454098 0.00245395814999938
v 0.025879761204123497 -0.0044481754302978516 0.02690785937011242
v 0.026298783719539642 -0.00467605609446764 0.026897326111793518
v 0.026799118146300316 -0.004678314086049795 0.026893390342593193
v 0.02723797596991062 -0.004438022151589394 0.026897696778178215
v 0.027505485340952873 -0.004015342332422733 0.02690916508436203
v 0.02753468044102192 -0.0035160884726792574 0.026924924924969673
v 0.02731824666261673 -0.0030652566347271204 0.026941033080220222
v 0.026910368353128433 -0.0027757028583437204 0.026953453198075294
v -0.013731353916227818 -0.020230436697602272 0.02720138058066368
v -0.013828623108565807 -0.02051141858100891 0.02681315317749977
v -0.013781420886516571 -0.020379098132252693 0.027073513716459274
v -0.013849599286913872 -0.020566822960972786 0.02663693018257618
v -0.013776112347841263 -0.020363731309771538 0.02709406055510044
v -0.013750465586781502 -0.020288167521357536 0.027170171961188316
v -0.013877533376216888 -0.020625634118914604 0.026134993880987167
v -0.013862746767699718 -0.02059934474527836 0.02648705244064331
v -0.0030745211988687515 -0.023670366033911705 0.027003727853298187
v -0.003097183769568801 -0.023738332092761993 0.026957804337143898
v -0.003114980412647128 -0.023790504783391953 0.02690044604241848
v -0.0031307057943195105 -0.023835739120841026 0.026834378018975258
v -0.0031665428541600704 -0.02393553964793682 0.026624884456396103
v -0.0031836156267672777 -0.023980937898159027 0.02648686245083809
v -0.0032010877039283514 -0.024024641141295433 0.026296349242329597
v -0.0032159711699932814 -0.024051152169704437 0.025942983105778694
v -0.010933161713182926 -0.021455369889736176 0.02214510552585125
v -0.005253319162875414 -0.023250030353665352 0.021018225699663162
v -0.0057401214726269245 -0.023097671568393707 0.021164264529943466
v -0.012225496582686901 -0.019828960299491882 -0.018840085715055466
v -0.012712298892438412 -0.019676610827445984 -0.01869405061006546
v -0.012209676206111908 -0.019894566386938095 -0.016791196539998055
v -0.006529833655804396 -0.021689224988222122 -0.017918074503540993
v -0.006395156029611826 -0.02174762822687626 -0.017408207058906555
v -0.012403597123920918 -0.020956719294190407 0.02128427103161812
v -0.012757841497659683 -0.020853981375694275 0.021665675565600395
v -0.012884608469903469 -0.020828381180763245 0.02218024991452694
v -0.0127499308437109 -0.02088678441941738 0.022690119221806526
v -0.012389895506203175 -0.0210135355591774 0.023058660328388214
v -0.011722873896360397 -0.02004692517220974 -0.01693723164498806
v -0.011368630453944206 -0.020149661228060722 -0.017318636178970337
v -0.00640306668356061 -0.021714825183153152 -0.018432652577757835
v -0.011241862550377846 -0.020175261422991753 -0.01783321239054203
v -0.013058631680905819 -0.01960667595267296 -0.017288200557231903
v -0.013193309307098389 -0.01954827271401882 -0.01779806800186634
v -0.013066542334854603 -0.019573872908949852 -0.018312646076083183
v -0.011196183040738106 -0.021444672718644142 0.02464883401989937
v -0.006086454726755619 -0.023027736693620682 0.022570112720131874
v -0.005919523071497679 -0.02314004674553871 0.024553803727030754
v -0.005726419854909182 -0.0231544878333807 0.022938653826713562
v -0.004580697976052761 -0.023578882217407227 0.024823546409606934
v -0.0052374983206391335 -0.023315634578466415 0.023067116737365723
v -0.003462234977632761 -0.023962823674082756 0.025635594502091408
v -0.00475069647654891 -0.023467985913157463 0.022921081632375717
v -0.006094365380704403 -0.022994933649897575 0.021545667201280594
v -0.006221132352948189 -0.022969333454966545 0.022060243412852287
v -0.011059929616749287 -0.021429771557450294 0.022659683600068092
v -0.011414172127842903 -0.021327033638954163 0.02304108813405037
v -0.011900974437594414 -0.021174674853682518 0.023187123239040375
v -0.012530471198260784 -0.02102465182542801 0.02496671862900257
v -0.013636083342134953 -0.02069399692118168 0.025818822905421257
v -0.004713064059615135 -0.022257817909121513 -0.01846308819949627
v -0.00507309939712286 -0.02213106118142605 -0.018831629306077957
v -0.005562020465731621 -0.02196992002427578 -0.018960092216730118
v -0.004396452102810144 -0.023570731282234192 0.02253967709839344
v -0.004269685596227646 -0.023596322163939476 0.022025099024176598
v -0.004404362756758928 -0.023537928238511086 0.02151523157954216
v -0.004764397628605366 -0.02341116964817047 0.021146690472960472
v -0.00554619962349534 -0.022035526111721992 -0.016911203041672707
v -0.005059397779405117 -0.02218787744641304 -0.01705724000930786
v -0.011427873745560646 -0.02127021737396717 0.021266698837280273
v -0.004705153405666351 -0.02229062095284462 -0.017438644543290138
v -0.004578386899083853 -0.022316213697195053 -0.017953218892216682
v -0.01173657551407814 -0.019990108907222748 -0.018711622804403305
v -0.01137654110789299 -0.020116858184337616 -0.018343081697821617
v -0.006048822775483131 -0.021817563101649284 -0.018814057111740112
v -0.011067839339375496 -0.021396968513727188 0.021635238081216812
v -0.0060351211577653885 -0.021874379366636276 -0.017039665952324867
v -0.012698597274720669 -0.019733427092432976 -0.016919659450650215
v -0.011916795745491982 -0.021109068766236305 0.021138234063982964
v 0.02344268374145031 0.018181823194026947 -0.013620002195239067
v 0.022188453003764153 0.018267296254634857 -0.0143590634688735
v 0.022386599332094193 0.01888298988342285 -0.014340878464281559
v 0.0223248228430748 0.01763514056801796 -0.014380358159542084
v 0.023498665541410446 0.019453709945082664 -0.014331190846860409
v 0.02411460503935814 0.019255800172686577 -0.014342284761369228
v 0.02286617085337639 0.01931723766028881 -0.014330676756799221
v 0.024685323238372803 0.01814442127943039 -0.014382277615368366
v 0.024487173184752464 0.017528727650642395 -0.014400462619960308
v 0.024548951536417007 0.018776576966047287 -0.014360982924699783
v 0.02337510883808136 0.01695800945162773 -0.014410149306058884
v 0.022759169340133667 0.017155902460217476 -0.014399057254195213
v 0.024007603526115417 0.017094464972615242 -0.014410664327442646
v 0.022156592458486557 0.018185662105679512 -0.02166283316910267
v 0.0222688689827919 0.017867160961031914 -0.02162642776966095
v 0.02246098406612873 0.01759294606745243 -0.021684186533093452
v 0.022701865062117577 0.017393527552485466 -0.021820183843374252
v 0.02213141694664955 0.01851063035428524 -0.021782953292131424
v 0.011966079473495483 -0.017478782683610916 -0.01467323862016201
v 0.010711847804486752 -0.01739330217242241 -0.01541229896247387
v 0.010909995064139366 -0.016777608543634415 -0.015394114889204502
v 0.010848216712474823 -0.018025457859039307 -0.015433593653142452
v 0.012022060342133045 -0.016206897795200348 -0.015384427271783352
v 0.012638001702725887 -0.01640479825437069 -0.015395520254969597
v 0.011389565654098988 -0.01634335331618786 -0.015383913181722164
v 0.013208718039095402 -0.017516184598207474 -0.01543551404029131
v 0.013010569848120213 -0.018131878226995468 -0.015453698113560677
v 0.013072348199784756 -0.016884028911590576 -0.015414219349622726
v 0.011898504570126534 -0.018702588975429535 -0.015463385730981827
v 0.011282564140856266 -0.018504688516259193 -0.015452292747795582
v 0.012530999258160591 -0.018566133454442024 -0.015463899821043015
v 0.011650409549474716 -0.015997882932424545 -0.022676266729831696
v 0.011333613656461239 -0.016111332923173904 -0.022629983723163605
v 0.011057339608669281 -0.01630227640271187 -0.02268145978450775
v 0.01085269171744585 -0.016539983451366425 -0.022815242409706116
v 0.011970351450145245 -0.01596946269273758 -0.02280854806303978
v -0.023708896711468697 -0.006016521714627743 -0.014030743390321732
v -0.024963129311800003 -0.005931047722697258 -0.014769804663956165
v -0.024764981120824814 -0.005315354093909264 -0.014751620590686798
v -0.024826757609844208 -0.006563203874975443 -0.014791099354624748
v -0.02365291491150856 -0.004744634963572025 -0.014741932973265648
v -0.023036973550915718 -0.004942536354064941 -0.014753025956451893
v -0.024285409599542618 -0.0048810988664627075 -0.01474141888320446
v -0.022466259077191353 -0.006053930148482323 -0.014793019741773605
v -0.022664405405521393 -0.00666961632668972 -0.014811203815042973
v -0.02260262705385685 -0.005421773996204138 -0.014771725051105022
v -0.023776471614837646 -0.0072403354570269585 -0.014820891432464123
v -0.02439241111278534 -0.007042434066534042 -0.014809798449277878
v -0.02314397692680359 -0.007103871554136276 -0.01482140552252531
v -0.022547034546732903 -0.005505213048309088 -0.022076228633522987
v -0.0226585790514946 -0.005189754068851471 -0.022017795592546463
v -0.022851426154375076 -0.004912502132356167 -0.022054923698306084
v -0.02309427782893181 -0.004704911261796951 -0.022174153476953506
v -0.022523876279592514 -0.005821818485856056 -0.022217266261577606
v -0.01223229244351387 0.02964407578110695 -0.012977507896721363
v -0.013486524112522602 0.02972954884171486 -0.013716569170355797
v -0.013288375921547413 0.030345242470502853 -0.013698384165763855
v -0.013350154273211956 0.02909739315509796 -0.01373786386102438
v -0.012176310643553734 0.030915962532162666 -0.013688696548342705
v -0.011560370214283466 0.03071805275976658 -0.013699790462851524
v -0.012808805331587791 0.030779505148530006 -0.013688182458281517
v -0.010989653877913952 0.02960667386651039 -0.013739783316850662
v -0.011187801137566566 0.028990980237722397 -0.013757968321442604
v -0.011126022785902023 0.03023882955312729 -0.01371848862618208
v -0.012299866415560246 0.028420262038707733 -0.01376765500754118
v -0.012915806844830513 0.028618155047297478 -0.01375656295567751
v -0.011667371727526188 0.028556717559695244 -0.013768170028924942
v -0.012040851637721062 0.028678324073553085 -0.02106279507279396
v -0.011723323725163937 0.028788737952709198 -0.021014239639043808
v -0.011447782628238201 0.028982724994421005 -0.021057652309536934
v -0.011245105415582657 0.029228605329990387 -0.021179094910621643
v -0.012362810783088207 0.028658272698521614 -0.02119167149066925
v -0.012175342068076134 -0.01943700946867466 0.022011205554008484
v -0.012601522728800774 -0.020683102309703827 0.02218271605670452
v -0.012502582743763924 -0.020703081041574478 0.02178109623491764
v -0.012104817666113377 -0.019467128440737724 0.02181760035455227
v -0.012226099148392677 -0.02078326977789402 0.021483413875102997
v -0.011841773986816406 -0.019589075818657875 0.021518684923648834
v -0.011846156790852547 -0.020902179181575775 0.021369434893131256
v -0.011478588916361332 -0.019760051742196083 0.02140316739678383
v -0.011464559473097324 -0.021027948707342148 0.02146969921886921
v -0.011111907660961151 -0.019932175055146217 0.021502062678337097
v -0.011183556169271469 -0.02112687937915325 0.0217573419213295
v -0.010840663686394691 -0.020061425864696503 0.021788809448480606
v -0.01095889788120985 -0.020004423335194588 0.021625719964504242
v -0.011177382431924343 -0.02115248143672943 0.022556908428668976
v -0.010762418620288372 -0.020113036036491394 0.022394035011529922
v -0.011078442446887493 -0.021172460168600082 0.022155286744236946
v -0.010738877579569817 -0.020117351785302162 0.02218644879758358
v -0.010765651240944862 -0.020099759101867676 0.021979812532663345
v -0.012496409006416798 -0.020728683099150658 0.022580662742257118
v -0.011831080541014671 -0.019633419811725616 0.022903574630618095
v -0.012215405702590942 -0.02082761377096176 0.022868303582072258
v -0.011466240510344505 -0.019811255857348442 0.023002302274107933
v -0.01183380838483572 -0.020953383296728134 0.02296856790781021
v -0.011101214215159416 -0.01997651904821396 0.02288695238530636
v -0.011453865095973015 -0.02107229270040989 0.02285458892583847
v -0.01095026358962059 -0.020040595903992653 0.02275669388473034
v -0.010834489949047565 -0.020087027922272682 0.022588375955820084
v -0.012198589742183685 -0.019431088119745255 0.022219695150852203
v -0.012172381393611431 -0.019450167194008827 0.022426005452871323
v -0.01209864392876625 -0.019492730498313904 0.022617166861891747
v -0.006147807464003563 -0.021563924849033356 -0.01831723004579544
v -0.005871324334293604 -0.021644113585352898 -0.018614910542964935
v -0.005491381511092186 -0.021763022989034653 -0.018728891387581825
v -0.005109784658998251 -0.021888792514801025 -0.018628625199198723
v -0.004828781820833683 -0.02198772318661213 -0.018340986222028732
v -0.00472366763278842 -0.02203330397605896 -0.017943039536476135
v -0.00482260761782527 -0.02201332524418831 -0.017541419714689255
v -0.005099090747535229 -0.021933136507868767 -0.01724373735487461
v -0.005479033570736647 -0.02181422710418701 -0.01712975837290287
v -0.005860630888491869 -0.02168845757842064 -0.017230020835995674
v -0.006141633726656437 -0.021589526906609535 -0.017517663538455963
v -0.0062467479147017 -0.021543946117162704 -0.01791560836136341
v -0.005839106161147356 -0.02284403331577778 0.02166108973324299
v -0.005562623031437397 -0.02292422205209732 0.021363407373428345
v -0.005372333340346813 -0.021799370646476746 0.02152513898909092
v -0.005209971684962511 -0.02182844653725624 0.021395770832896233
v -0.005182680208235979 -0.023043131455779076 0.021249428391456604
v -0.004815111868083477 -0.021901004016399384 0.021283160895109177
v -0.004801083356142044 -0.02316890098154545 0.021349692717194557
v -0.004416757728904486 -0.021974708884954453 0.021384963765740395
v -0.004520080517977476 -0.023267831653356552 0.021637335419654846
v -0.004122315440326929 -0.0220318790525198 0.021673837676644325
v -0.004040991887450218 -0.022050535306334496 0.021865354850888252
v -0.004414966329932213 -0.023313412442803383 0.022035280242562294
v -0.004012032877653837 -0.02206139825284481 0.022072257474064827
v -0.004037758801132441 -0.022063810378313065 0.022279731929302216
v -0.004513906314969063 -0.02329343371093273 0.022436901926994324
v -0.004116141237318516 -0.022057481110095978 0.022473406046628952
v -0.004790389444679022 -0.02321324497461319 0.02273458242416382
v -0.004406064283102751 -0.022019052878022194 0.022769851610064507
v -0.00517033226788044 -0.023094335570931435 0.02284856140613556
v -0.004802763927727938 -0.021952208131551743 0.02288229390978813
v -0.005551929585635662 -0.022968566045165062 0.022748297080397606
v -0.005199277773499489 -0.021872790530323982 0.022780660539865494
v -0.00583293242380023 -0.022869635373353958 0.022460656240582466
v -0.005490039475262165 -0.02180418185889721 0.022492125630378723
v -0.005363407079130411 -0.021835630759596825 0.02265612967312336
v -0.005496213678270578 -0.02177857980132103 0.021692557260394096
v -0.005573080386966467 -0.021768081933259964 0.021885691210627556
v -0.005938046611845493 -0.022824054583907127 0.02206270955502987
v -0.0055984812788665295 -0.02176893688738346 0.022093873471021652
v -0.005570137407630682 -0.021781299263238907 0.022300289943814278
v -0.012910224497318268 -0.019402993842959404 -0.01779560185968876
v -0.012811283580958843 -0.019422972574830055 -0.01819722354412079
v -0.012534800916910172 -0.019503161311149597 -0.018494904041290283
v -0.012154857628047466 -0.019622070714831352 -0.018608883023262024
v -0.011773260310292244 -0.019747840240597725 -0.01850861869752407
v -0.011492257937788963 -0.01984677091240883 -0.01822097972035408
v -0.011486083269119263 -0.019872372969985008 -0.017421411350369453
v -0.011387143284082413 -0.01989235170185566 -0.017823031172156334
v -0.011762566864490509 -0.019792184233665466 -0.01712372899055481
v -0.012805109843611717 -0.019448574632406235 -0.01739765703678131
v -0.012524107471108437 -0.01954750530421734 -0.017110014334321022
v -0.012142510153353214 -0.01967327482998371 -0.01700975000858307
v 0.0261551346629858 -0.005169897340238094 0.027382895350456238
v 0.02523062191903591 -0.006087592337280512 0.026860376819968224
v 0.024171773344278336 -0.009298641234636307 0.0272660069167614
v 0.02373657003045082 -0.009030024521052837 0.02677769772708416
v 0.022637274116277695 -0.010753447189927101 0.02673100121319294
v 0.021018141880631447 -0.013649855740368366 0.027151033282279968
v 0.020639659836888313 -0.013302979059517384 0.026664789766073227
v 0.019184987992048264 -0.014825704507529736 0.02662726491689682
v 0.017085842788219452 -0.017313344404101372 0.027064090594649315
v 0.016778085380792618 -0.016900574788451195 0.026579413563013077
v 0.015005831606686115 -0.018148580566048622 0.026553135365247726
v 0.012521879747509956 -0.020152145996689796 0.027008434757590294
v 0.012296208180487156 -0.019688326865434647 0.026524756103754044
v 0.010259688831865788 -0.020594945177435875 0.026511451229453087
v 0.0074968705885112286 -0.02206013724207878 0.026986142620444298
v 0.002158667426556349 -0.022451570257544518 0.026514556258916855
v 0.002198669593781233 -0.02296599932014942 0.026998046785593033
v 0.005128131248056889 -0.022071225568652153 0.026503805071115494
v 0.007361576892435551 -0.0215620044618845 0.026502864435315132
v 0.026175253093242645 -0.005175339058041573 0.027382565662264824
v 0.02692575380206108 -0.005178722552955151 0.027376661077141762
v 0.02758404053747654 -0.004818288143724203 0.027383120730519295
v 0.027985306456685066 -0.004184264689683914 0.027400322258472443
v 0.028029097244143486 -0.0034353837836533785 0.02742396481335163
v 0.027704445645213127 -0.0027591397520154715 0.027448125183582306
v 0.02709263190627098 -0.00232481281273067 0.027466755360364914
v 0.00748490821570158 0.0009753048652783036 -0.006794879212975502
v 0.010844898410141468 -0.004422495141625404 -0.006993662100285292
v 0.00535994628444314 -0.0013162171235308051 -0.006851845420897007
v 0.007666147779673338 -0.006987541448324919 -0.007051249500364065
v 0.002579188672825694 -0.0027433123905211687 -0.006876068655401468
v 0.003913111053407192 -0.008600431494414806 -0.007073914632201195
v -0.0005219641025178134 -0.0031338417902588844 -0.006864627357572317
v -0.0001358657464152202 -0.009141553193330765 -0.007059975992888212
v -0.0035694669932127 -0.002440717304125428 -0.006818901747465134
v -0.0027335137128829956 0.014444627799093723 -0.006284686271101236
v -0.002061429899185896 0.02071073092520237 -0.0060892351903021336
v 0.00036763877142220736 0.01483516488224268 -0.0062961275689303875
v 0.0020234170369803905 0.020695749670267105 -0.0061212568543851376
v 0.0034151419531553984 0.014142032712697983 -0.006341853644698858
v 0.005952472798526287 0.019579796120524406 -0.006187328603118658
v 0.006041421089321375 0.01244884543120861 -0.006416349206119776
v 0.00943433865904808 0.017445599660277367 -0.006282551679760218
v 0.012210779823362827 0.014451464638113976 -0.00639986339956522
v 0.007929709739983082 0.00995981227606535 -0.00651062885299325
v 0.014075880870223045 0.010819454677402973 -0.006530562415719032
v 0.008852250874042511 0.006975157652050257 -0.006613321602344513
v 0.014891314320266247 0.0068189227022230625 -0.006664955988526344
v 0.008697773329913616 0.0038548754528164864 -0.006712040398269892
v 0.01459660567343235 0.002746588084846735 -0.006793077103793621
v 0.013213610276579857 -0.001095540588721633 -0.0069054230116307735
v -0.009006575681269169 0.004726164974272251 -0.006547433789819479
v -0.015037628822028637 0.006928610149770975 -0.006430340930819511
v -0.008852098137140274 0.007846455089747906 -0.006448714528232813
v -0.014190888963639736 0.010923048481345177 -0.006308977026492357
v -0.0076392339542508125 0.010726017877459526 -0.00636587617918849
v -0.012297399342060089 0.014541286043822765 -0.006207741796970367
v -0.005514271557331085 0.013017539866268635 -0.006308909505605698
v -0.00949759129434824 0.017514990642666817 -0.006134143099188805
v -0.005999112036079168 0.019623590633273125 -0.0060936398804187775
v -0.004180489107966423 -0.008570767939090729 -0.007010468281805515
v -0.007920786738395691 -0.006930416449904442 -0.006929062306880951
v -0.00619574636220932 -0.0007475227466784418 -0.006744405720382929
v -0.01107935979962349 -0.004342145286500454 -0.006821796298027039
v -0.00808403454720974 0.0017415109323337674 -0.006650126073509455
v -0.013421949930489063 -0.0009979227324947715 -0.006696625147014856
v -0.01477481797337532 0.002854227088391781 -0.006562832277268171
v 0.0038147515151649714 0.015015303157269955 -0.0048161642625927925
v 0.0038096383213996887 0.023372482508420944 -0.004548527300357819
v 0.0004286372277420014 0.015785446390509605 -0.004765357356518507
v -0.0006834192317910492 0.02378268353641033 -0.004500698298215866
v -0.003017087932676077 0.015351521782577038 -0.004752644803375006
v -0.005137655884027481 0.023063134402036667 -0.0044893440790474415
v -0.0061068180948495865 0.013765850104391575 -0.004779560025781393
v 0.016851911321282387 0.011950329877436161 -0.005014974158257246
v 0.00883093848824501 0.01036838162690401 -0.005003692582249641
v 0.009855983778834343 0.0070520988665521145 -0.005117794964462519
v 0.015948157757520676 0.014020969159901142 -0.004941693507134914
v 0.01479185651987791 0.015961993485689163 -0.004870613105595112
v 0.0067328400909900665 0.013133971020579338 -0.004898936953395605
v 0.011798253282904625 0.0193353109061718 -0.00473948335275054
v 0.008059200830757618 0.02185831405222416 -0.00462982477620244
v -0.0005598102579824626 -0.004180124495178461 -0.0053970240987837315
v 0.0028019763994961977 -0.011957638897001743 -0.005672019440680742
v 0.002885914873331785 -0.00374619965441525 -0.005409736651927233
v 0.007131000515073538 -0.010685782879590988 -0.005664722062647343
v 0.005975645501166582 -0.0021605431102216244 -0.005382821895182133
v 0.011007835157215595 -0.00837789848446846 -0.005620758980512619
v 0.008336714468896389 0.00038559577660635114 -0.005319525487720966
v -0.006864012684673071 -0.001528656342998147 -0.005263444501906633
v -0.01013933401554823 -0.009109076112508774 -0.005480878986418247
v -0.003945924807339907 -0.0034099810291081667 -0.005346217192709446
v -0.006113279610872269 -0.01114371232688427 -0.005577116273343563
v -0.0017072268528863788 -0.012113546952605247 -0.005642192903906107
v -0.009815515018999577 0.008020204491913319 -0.00493489857763052
v -0.018057741224765778 0.0063108825124800205 -0.004925987217575312
v -0.009987156838178635 0.004553215578198433 -0.00504458649083972
v -0.017620040103793144 0.0018225761596113443 -0.005073082633316517
v -0.008962111547589302 0.0012369333999231458 -0.005158689338713884
v -0.016079330816864967 -0.002415647264569998 -0.005220687948167324
v -0.013532416895031929 -0.00613748375326395 -0.005359528120607138
v 0.014188888482749462 -0.005179001484066248 -0.005542893428355455
v 0.016474278643727303 -0.00129008200019598 -0.00543601717799902
v 0.009684341959655285 0.003585117869079113 -0.005227482877671719
v 0.017720408737659454 0.0030445021111518145 -0.005306845530867577
v 0.01784897968173027 0.007552383933216333 -0.0051634954288601875
v -0.009273195639252663 0.021259037777781487 -0.004515177570283413
v -0.012830187566578388 0.01848376728594303 -0.004576575942337513
v -0.00846788752824068 0.011219719424843788 -0.004842855967581272
v -0.015585132874548435 0.014911682344973087 -0.004669681657105684
v -0.017364928498864174 0.010767258703708649 -0.004788643214851618
v -0.011039207689464092 -0.02098490111529827 0.02516261674463749
v -0.005762547720223665 -0.02268027514219284 0.025067586451768875
v -0.004614983219653368 -0.023056423291563988 0.025298792868852615
v -0.0036563007161021233 -0.023385517299175262 0.025994835421442986
v -0.01313055120408535 -0.02034146711230278 0.026165463030338287
v -0.012182882986962795 -0.020624879747629166 0.025435088202357292
v -0.012444394640624523 -0.021017519757151604 0.025141647085547447
v -0.013489563949406147 -0.02070494182407856 0.025947168469429016
v -0.01334204152226448 -0.020641794428229332 0.02605811320245266
v -0.013215972110629082 -0.02051415853202343 0.02613476850092411
v -0.011183050461113453 -0.021414581686258316 0.02484114281833172
v -0.011173740029335022 -0.021388929337263107 0.024900581687688828
v -0.012348112650215626 -0.020939042791724205 0.025292083621025085
v -0.012256281450390816 -0.020801164209842682 0.02539512701332569
v -0.011148607358336449 -0.021316640079021454 0.025006312876939774
v -0.011116283014416695 -0.02122064307332039 0.025088638067245483
v -0.011098097078502178 -0.02116575464606285 0.025119198486208916
v -0.005821436643600464 -0.02286112867295742 0.0250241681933403
v -0.005839623045176268 -0.022916017100214958 0.02499360777437687
v -0.005871947854757309 -0.023012014105916023 0.02491128258407116
v -0.005897080060094595 -0.023084303364157677 0.024805551394820213
v -0.005906390957534313 -0.023109955713152885 0.024746112525463104
v -0.0036884683649986982 -0.023575309664011 0.025963181629776955
v -0.003662883071228862 -0.023751677945256233 0.02588379569351673
v -0.003583440789952874 -0.023887747898697853 0.025768762454390526
v -0.004640758037567139 -0.023524805903434753 0.025001104921102524
v -0.004668364766985178 -0.02340651862323284 0.02515377290546894
v -0.00465931324288249 -0.023242050781846046 0.02525830827653408
v 0.0071443491615355015 -0.02087130956351757 0.019722970202565193
v 0.012368911877274513 -0.01884797029197216 0.0197474155575037
v 0.001613346510566771 -0.021764809265732765 0.01973707042634487
v -0.003982365131378174 -0.021489424630999565 0.01978909596800804
v -0.009398226626217365 -0.0200571920722723 0.01987677626311779
v -0.01439753919839859 -0.01753070205450058 0.019996277987957
v -0.018761808052659035 -0.01402037963271141 0.02014237828552723
v -0.022300293669104576 -0.0096796415746212 0.020308692008256912
v -0.024858346208930016 -0.0046981992200016975 0.02048795111477375
v -0.026324167847633362 0.0007062289514578879 0.02067231945693493
v -0.026633696630597115 0.006297458428889513 0.020853741094470024
v -0.02577340230345726 0.01183110661804676 0.02102428674697876
v -0.023780884221196175 0.017065344378352165 0.021176502108573914
v -0.020743224769830704 0.021771399304270744 0.021303733810782433
v -0.016793187707662582 0.02574361115694046 0.02140042372047901
v -0.012103402987122536 0.028808342292904854 0.021462343633174896
v -0.006878840271383524 0.030831674113869667 0.021486787125468254
v -0.0013478377368301153 0.03172517567873001 0.021472688764333725
v 0.004247873555868864 0.031449805945158005 0.021420663222670555
v 0.009663735516369343 0.030017565935850143 0.021332982927560806
v 0.014663047157227993 0.027491075918078423 0.021213481202721596
v 0.019027315080165863 0.0239807590842247 0.021067380905151367
v 0.022565800696611404 0.01964002475142479 0.020901067182421684
v 0.025123853236436844 0.014658581465482712 0.020721808075904846
v 0.02658967487514019 0.009254146367311478 0.020537439733743668
v 0.026899203658103943 0.0036629163660109043 0.020356018096208572
v 0.02603890933096409 -0.0018707389244809747 0.020185472443699837
v 0.024046393111348152 -0.0071049765683710575 0.020033257082104683
v 0.02100873365998268 -0.011811033822596073 0.019906025379896164
v 0.01705869473516941 -0.01578322984278202 0.019809335470199585
v 0.02440684661269188 -0.0028189988806843758 0.02016771212220192
v 0.022336332127451897 -0.007546713575720787 0.02003231830894947
v 0.023108793422579765 -0.004886501003056765 0.020611805841326714
v 0.021904826164245605 -0.007317087147384882 0.02054327353835106
v 0.024989066645503044 0.002266394440084696 0.020826322957873344
v 0.025482255965471268 0.0022284365259110928 0.02032102644443512
v 0.02454952523112297 -0.00040980454650707543 0.020744023844599724
v 0.02393474243581295 -0.002682079328224063 0.020676013082265854
v 0.02542845718562603 0.0032032537274062634 0.02035265602171421
v 0.024640671908855438 0.0038335712160915136 0.020879194140434265
v 0.02506418153643608 0.004109048750251532 0.020384471863508224
v 0.02488297037780285 0.0033040314447134733 0.02086036652326584
v 0.024944234639406204 0.0030787393916398287 0.020852679386734962
v 0.021723967045545578 -0.008307499811053276 0.020012686029076576
v 0.020899580791592598 -0.008831378072500229 0.020002275705337524
v 0.02070753462612629 -0.008387642912566662 0.020518239587545395
v 0.021394522860646248 -0.007951073348522186 0.020526913926005363
v 0.021213321015238762 -0.00809845793992281 0.020523594692349434
v 0.023740489035844803 0.0057456400245428085 0.020947368815541267
v 0.02420900948345661 0.00592552125453949 0.020449239760637283
v 0.023262709379196167 0.007804252672940493 0.021016975864768028
v 0.023755120113492012 0.00788119900971651 0.02051536552608013
v 0.01763542927801609 -0.011134165339171886 0.01995374634861946
v 0.017271583899855614 -0.01081162877380848 0.020467154681682587
v 0.01886068470776081 -0.009417102672159672 0.020499536767601967
v 0.019145073369145393 -0.009809359908103943 0.01998450979590416
v 0.013303999789059162 -0.014245088212192059 0.02038785256445408
v 0.013582702726125717 -0.01464130263775587 0.019872741773724556
v 0.008668535389006138 -0.01670420728623867 0.02034490555524826
v 0.008847764693200588 -0.017153192311525345 0.01982887275516987
v 0.0036003112327307463 -0.01806425303220749 0.020340491086244583
v 0.003670780686661601 -0.018542423844337463 0.01982436329126358
v -0.0016435995930805802 -0.018256239593029022 0.020374836400151253
v -0.0016856602160260081 -0.018738530576229095 0.019859446212649345
v -0.006797213107347488 -0.017270442098379135 0.02044619619846344
v -0.006949866656213999 -0.017731577157974243 0.0199323371052742
v -0.01159912720322609 -0.015156847424805164 0.020550953224301338
v -0.011854826472699642 -0.015572624281048775 0.02003934234380722
v -0.01580577716231346 -0.01202266663312912 0.020683791488409042
v -0.01615174673497677 -0.012371188960969448 0.020175032317638397
v -0.0192037932574749 -0.008026874624192715 0.020837975665926933
v -0.01962268352508545 -0.008289650082588196 0.020332524552941322
v -0.021620819345116615 -0.0033721434883773327 0.02100568450987339
v -0.0220915749669075 -0.0035350308753550053 0.020503832027316093
v -0.022934256121516228 0.0017054243944585323 0.021178411319851875
v -0.023433199152350426 0.0016514942981302738 0.0206802636384964
v -0.02307748608291149 0.006948280148208141 0.021347392350435257
v -0.02357950061559677 0.007006864063441753 0.020852873101830482
v -0.022043244913220406 0.012090504169464111 0.021504061296582222
v -0.02252306416630745 0.012259426526725292 0.02101290412247181
v -0.019883986562490463 0.016871266067028046 0.021640468388795853
v -0.020317472517490387 0.017142778262495995 0.021152237430214882
v -0.016709238290786743 0.021048061549663544 0.021749695762991905
v -0.017074596136808395 0.021409207955002785 0.021263808012008667
v -0.01268003135919571 0.024409053847193718 0.021826202049851418
v -0.012958926148712635 0.024842334911227226 0.0213419571518898
v -0.008000733330845833 0.02678375504910946 0.02186610735952854
v -0.008179212920367718 0.02726798690855503 0.02138271927833557
v -0.0029086899012327194 0.028051720932126045 0.021867388859391212
v -0.002977898810058832 0.02856316789984703 0.02138402871787548
v 0.002337818033993244 0.028148628771305084 0.021829979494214058
v 0.0023811955470591784 0.02866215631365776 0.021345816552639008
v 0.007472675293684006 0.0270695760846138 0.021755779162049294
v 0.0076262434013187885 0.027559936046600342 0.0212700217962265
v 0.012235431000590324 0.024869276210665703 0.021648548543453217
v 0.012491203844547272 0.025312434881925583 0.021160490810871124
v 0.016384508460760117 0.02165934443473816 0.02151372842490673
v 0.016729315742850304 0.02203362062573433 0.021022778004407883
v 0.019709452986717224 0.017602602019906044 0.021358156576752663
v 0.020125610753893852 0.017889827489852905 0.020863868296146393
v 0.022041616961359978 0.012904816307127476 0.021189725026488304
v 0.022507822141051292 0.013091212138533592 0.020691821351647377
v 0.02375107817351818 0.004638498183339834 0.023213084787130356
v 0.024284644052386284 0.004434568341821432 0.023059342056512833
v 0.024380037561058998 0.004134260583668947 0.023192081600427628
v 0.02465842291712761 0.003759965067729354 0.023177947849035263
v 0.022503647953271866 0.005992754828184843 0.022265536710619926
v 0.023725615814328194 0.005776707548648119 0.02224918268620968
v 0.022514283657073975 0.0049612694419920444 0.023232968524098396
v 0.02375097945332527 0.005702140275388956 0.022305885329842567
v 0.023943744599819183 0.005187076982110739 0.02266843430697918
v 0.020036326721310616 0.0027323428075760603 0.023180732503533363
v 0.019034510478377342 0.0028722563292831182 0.02219240553677082
v 0.0204511359333992 0.003862423589453101 0.023213714361190796
v 0.01961524412035942 0.004454363603144884 0.022238580510020256
v 0.021346362307667732 0.004667683970183134 0.023232586681842804
v 0.020868562161922455 0.005581728182733059 0.022265002131462097
v 0.01919286698102951 -0.0012264316901564598 0.02306048572063446
v 0.018233224749565125 -0.0008885797578841448 0.022078171372413635
v 0.017568934708833694 -0.004934436175972223 0.022954294458031654
v 0.016690488904714584 -0.004411185160279274 0.021977290511131287
v 0.018282240256667137 -0.008188706822693348 0.02284458465874195
v 0.017689118161797523 -0.008967160247266293 0.021823696792125702
v 0.017504481598734856 -0.007269976660609245 0.022880008444190025
v 0.01660025492310524 -0.007680939976125956 0.021873287856578827
v 0.017246780917048454 -0.006094285752624273 0.02291964367032051
v 0.016239473596215248 -0.0060349744744598866 0.021928777918219566
v 0.018808085471391678 -0.009503254666924477 0.021797889843583107
v 0.019237175583839417 -0.008609158918261528 0.022823747247457504
v 0.01941886730492115 -0.009117078967392445 0.022316688671708107
v 0.01947551593184471 -0.008646712638437748 0.02282070554792881
v 0.020030798390507698 -0.008783936500549316 0.022669052705168724
v 0.020280735567212105 -0.008603271096944809 0.022815877571702003
v 0.02072528563439846 -0.008461249060928822 0.022816993296146393
v 0.023272741585969925 0.007762649096548557 0.02231627143919468
v 0.01728161610662937 -0.010853231884539127 0.021766450256109238
v 0.006476946175098419 -0.012413949705660343 0.02630234695971012
v 0.006461511366069317 -0.012349944561719894 0.024303430691361427
v 0.006626419257372618 -0.01278679072856903 0.024288170039653778
v 0.00664185406640172 -0.01285079587250948 0.026287086308002472
v 0.006971882656216621 -0.013101032003760338 0.024275440722703934
v 0.006987317465245724 -0.013165037147700787 0.026274356991052628
v 0.010471006855368614 -0.01029225904494524 0.024338357150554657
v 0.010486441664397717 -0.010356265120208263 0.02633727341890335
v 0.0107453977689147 -0.01074484083801508 0.026322832331061363
v 0.010729962959885597 -0.01068083569407463 0.02432391606271267
v 0.010799468494951725 -0.011208628304302692 0.026307564228773117
v 0.010784033685922623 -0.011144622229039669 0.024308647960424423
v 0.015310628339648247 0.015146419405937195 0.025115536525845528
v 0.015326064079999924 0.015082413330674171 0.02711445279419422
v 0.015714891254901886 0.015341331250965595 0.027119740843772888
v 0.01569945551455021 0.015405337326228619 0.025120824575424194
v 0.0161789171397686 0.015395496971905231 0.027117891237139702
v 0.016163481399416924 0.01545950211584568 0.025118974968791008
v 0.017383752390742302 0.011075354181230068 0.026970256119966507
v 0.017368316650390625 0.011139359325170517 0.024971339851617813
v 0.01780540868639946 0.011304295621812344 0.024973247200250626
v 0.017820844426751137 0.011240290477871895 0.02697216346859932
v 0.018119892105460167 0.011649667285382748 0.024981876835227013
v 0.018135325983166695 0.011585662141442299 0.026980793103575706
v -0.010139127261936665 0.01997741125524044 0.025466740131378174
v -0.010123692452907562 0.019913405179977417 0.027465656399726868
v -0.010382648557424545 0.020301979035139084 0.027480099350214005
v -0.010398083366453648 0.020365985110402107 0.02548118308186531
v -0.01043671928346157 0.020765766501426697 0.02749536745250225
v -0.010452154092490673 0.02082977257668972 0.025496449321508408
v -0.006114196963608265 0.021971095353364944 0.027500584721565247
v -0.0061296322382986546 0.022035101428627968 0.025501668453216553
v -0.006294539663940668 0.022471940144896507 0.025516929104924202
v -0.006279104854911566 0.022407934069633484 0.027515845373272896
v -0.006640003528445959 0.02278618887066841 0.025529658421874046
v -0.0066245682537555695 0.022722182795405388 0.02752857469022274
v -0.014978749677538872 -0.005461260210722685 0.024689562618732452
v -0.01496331486850977 -0.005525265354663134 0.026688478887081146
v -0.015352142043411732 -0.005784190725535154 0.02668319083750248
v -0.015367576852440834 -0.005720185581594706 0.024684274569153786
v -0.01581616699695587 -0.005838348995894194 0.026685038581490517
v -0.01583160273730755 -0.005774343386292458 0.024686122313141823
v -0.017021004110574722 -0.0015182133065536618 0.02683267369866371
v -0.01703643798828125 -0.0014542079297825694 0.024833757430315018
v -0.017473530024290085 -0.0016191443428397179 0.024831851944327354
v -0.017458094283938408 -0.001683149836026132 0.02683076821267605
v -0.017788011580705643 -0.0019645155407488346 0.024823220446705818
v -0.017772577702999115 -0.0020285211503505707 0.026822136715054512
v 0.01708889752626419 0.015566853806376457 0.02511526644229889
v 0.017104333266615868 0.015502848662436008 0.027114182710647583
v 0.017865361645817757 0.016081558540463448 0.02512575127184391
v 0.017880797386169434 0.016017554327845573 0.027124669402837753
v 0.018324395641684532 0.01689193770289421 0.02514815516769886
v 0.01833983138203621 0.016827931627631187 0.027147071436047554
v 0.01836639828979969 0.017822155728936195 0.025177616626024246
v 0.018381834030151367 0.01775815151631832 0.02717653289437294
v 0.02132429927587509 0.012062064372003078 0.024970339611172676
v 0.02133973315358162 0.01199805922806263 0.02696925587952137
v 0.020543716847896576 0.012570136226713657 0.02499263547360897
v 0.020559152588248253 0.012506131082773209 0.026991551741957664
v 0.019617469981312752 0.0126695791259408 0.025002971291542053
v 0.01963290385901928 0.012605573050677776 0.027001887559890747
v 0.01874653436243534 0.012338845990598202 0.0249991063028574
v 0.018761970102787018 0.012274840846657753 0.026998022571206093
v 0.010891208425164223 -0.012069565244019032 0.024278203025460243
v 0.010906643234193325 -0.01213357038795948 0.026277119293808937
v 0.011405972763895988 -0.012845532037317753 0.024249382317066193
v 0.01142140757292509 -0.012909537181258202 0.026248298585414886
v 0.012216631323099136 -0.013304146006703377 0.02422843687236309
v 0.012232066132128239 -0.0133681520819664 0.026227353140711784
v 0.013147284276783466 -0.013345898129045963 0.02421991527080536
v 0.013162720017135143 -0.013409904204308987 0.026218831539154053
v 0.007383690215647221 -0.01630379445850849 0.02416970767080784
v 0.007399125024676323 -0.016367800533771515 0.026168623939156532
v 0.007892190478742123 -0.015523458831012249 0.024190766736865044
v 0.007907625287771225 -0.015587463974952698 0.026189683005213737
v 0.007991916500031948 -0.01459763664752245 0.024219641461968422
v 0.00800735130906105 -0.014661641791462898 0.026218557730317116
v 0.007661229465156794 -0.013727204874157906 0.02425006590783596
v 0.007676664274185896 -0.013791210018098354 0.026248982176184654
v -0.020992418751120567 -0.0023769205436110497 0.024834759533405304
v -0.02097698487341404 -0.0024409261532127857 0.026833675801753998
v -0.0202118381857872 -0.002884977264329791 0.02481246367096901
v -0.020196402445435524 -0.002948982873931527 0.026811379939317703
v -0.019285589456558228 -0.002984427148476243 0.024802127853035927
v -0.0192701555788517 -0.003048432758077979 0.02680104412138462
v -0.018414655700325966 -0.0026536870282143354 0.02480599284172058
v -0.018399221822619438 -0.002717692404985428 0.026804909110069275
v -0.016757018864154816 -0.005881694611161947 0.02468983083963394
v -0.01674158312380314 -0.005945700220763683 0.026688747107982635
v -0.01753348298370838 -0.006396407727152109 0.02467934601008892
v -0.017518047243356705 -0.006460413336753845 0.026678262278437614
v -0.017992516979575157 -0.007206785958260298 0.02465694211423397
v -0.01797708310186863 -0.0072707911022007465 0.026655858382582664
v -0.018034519627690315 -0.008136997930705547 0.024627480655908585
v -0.01801908388733864 -0.008201003074645996 0.02662639692425728
v -0.010559328831732273 0.021754715591669083 0.025526894256472588
v -0.01054389402270317 0.02169070951640606 0.02752581052482128
v -0.011074094101786613 0.02253068797290325 0.025555716827511787
v -0.011058658361434937 0.022466683760285378 0.02755463309586048
v -0.011884751729667187 0.022989295423030853 0.02557666040956974
v -0.011869316920638084 0.02292529121041298 0.027575576677918434
v -0.012815404683351517 0.023031041026115417 0.02558518387377262
v -0.012799969874322414 0.022967034950852394 0.027584100142121315
v -0.007051810622215271 0.02598893642425537 0.02563539147377014
v -0.007036375347524881 0.025924932211637497 0.027634307742118835
v -0.00756031135097146 0.025208614766597748 0.025614330545067787
v -0.007544876076281071 0.025144610553979874 0.02761324681341648
v -0.0076600369065999985 0.0242827869951725 0.02558545581996441
v -0.007644602097570896 0.024218780919909477 0.027584372088313103
v -0.007329350337386131 0.02341236174106598 0.02555503137409687
v -0.007313915062695742 0.023348355665802956 0.027553947642445564
v 0.02511010318994522 0.0032349843531847 0.024362031370401382
v 0.024914180859923363 0.0031803983729332685 0.02415795624256134
v 0.02501453459262848 0.002160785486921668 0.02412453293800354
v 0.024396171793341637 0.004092860501259565 0.024191174656152725
v 0.02514667995274067 0.003887220285832882 0.024679064750671387
v 0.024773405864834785 0.004409322515130043 0.024698663502931595
v 0.02354898490011692 0.004712219815701246 0.024217547848820686
v 0.023756781592965126 0.00515255331993103 0.024730313569307327
v 0.02252200059592724 0.004929266404360533 0.024232426658272743
v 0.022524401545524597 0.005413006525486708 0.024748168885707855
v 0.021354079246520996 0.00463568139821291 0.02423204481601715
v 0.021122898906469345 0.005060696974396706 0.024747708812355995
v 0.020458852872252464 0.003830420784652233 0.024213172495365143
v 0.020048625767230988 0.004094391595572233 0.024725062772631645
v 0.02004404366016388 0.0027003400027751923 0.02418019063770771
v 0.019550852477550507 0.0027382979169487953 0.024685485288500786
v 0.017145147547125816 -0.0047368197701871395 0.02446470782160759
v 0.01757665164768696 -0.004966439213603735 0.023953752592206
v 0.019200585782527924 -0.0012584344949573278 0.024059943854808807
v 0.018728481605648994 -0.0011215073755010962 0.02456824481487274
v 0.017254497855901718 -0.006126288324594498 0.023919101804494858
v 0.016758562996983528 -0.00612863153219223 0.024423126131296158
v 0.01751219853758812 -0.00730197923257947 0.023879466578364372
v 0.0170678049325943 -0.007539463695138693 0.024375563487410545
v 0.0182899571955204 -0.008220708929002285 0.023844042792916298
v 0.018001113086938858 -0.008641942404210567 0.024333056062459946
v 0.020300770178437233 -0.00863253977149725 0.023815328255295753
v 0.02102196402847767 -0.008929272182285786 0.024300528690218925
v 0.02125396579504013 -0.008192772977054119 0.023822050541639328
v 0.021377818658947945 -0.00836213119328022 0.024019509553909302
v 0.02193029411137104 -0.007422695867717266 0.023841485381126404
v 0.01925107091665268 -0.00864243134856224 0.023823117837309837
v 0.019154449924826622 -0.009148008190095425 0.024307945743203163
v 0.020414087921380997 -0.009136137552559376 0.024298598989844322
v -0.017513806000351906 0.022245900705456734 0.03209984675049782
v -0.020501798018813133 0.018613094463944435 0.03200659528374672
v -0.022756077349185944 0.014485245570540428 0.031891830265522
v -0.024196807295084 0.010008548386394978 0.031759608536958694
v -0.024772968143224716 0.005341531243175268 0.03161462023854256
v -0.024464154615998268 0.0006494736298918724 0.03146199509501457
v -0.024076778441667557 -0.00041256207623519003 0.03142499923706055
v -0.02332347258925438 -0.0012556450674310327 0.031392186880111694
v -0.022311318665742874 -0.0017599459970369935 0.03136822208762169
v -0.01435895636677742 0.022949980571866035 0.03209802880883217
v -0.01547558419406414 0.023129647597670555 0.03211240470409393
v -0.016579506918787956 0.022883271798491478 0.03211304172873497
v -0.020451156422495842 -0.0032778577879071236 0.03130525350570679
v -0.021222585812211037 -0.0023246894124895334 0.031341731548309326
v -0.013144844211637974 0.022774813696742058 0.032083045691251755
v -0.011961977928876877 0.02310008741915226 0.032084327191114426
v -0.018261343240737915 -0.007542208768427372 0.031151801347732544
v -0.0076950290240347385 0.025289898738265038 0.03212149813771248
v -0.018111754208803177 -0.009937996044754982 0.031073931604623795
v -0.017936214804649353 -0.008724424056708813 0.03111143596470356
v -0.006741205230355263 0.026061180979013443 0.03213882818818092
v -0.006175922229886055 0.02714952826499939 0.03216931223869324
v -0.018291788175702095 -0.01105413120239973 0.031039584428071976
v -0.018045574426651 -0.012157460674643517 0.031002353876829147
v -0.017408113926649094 -0.013091152533888817 0.030967535451054573
v -0.0037648058496415615 0.029301924630999565 0.03221961483359337
v -0.004827447701245546 0.028914472088217735 0.032215412706136703
v -0.005671129561960697 0.028161318972706795 0.03219781070947647
v -0.015204244293272495 -0.015036539174616337 0.030888225883245468
v -0.0008391764713451266 0.02959921769797802 0.032206542789936066
v -0.014869133941829205 -0.016129232943058014 0.030850650742650032
v -0.014825551770627499 -0.015728790313005447 0.030863136053085327
v -0.014943649992346764 -0.015343712642788887 0.03087637759745121
v -0.00044823592179454863 0.029697056859731674 0.03220665827393532
v -0.00012764238636009395 0.02994118444621563 0.03221200034022331
v 7.053728768369183e-05 0.030291957780718803 0.03222170099616051
v -0.015841571614146233 -0.01915082335472107 0.03076140768826008
v 0.0010429739486426115 0.033313557505607605 0.03231094405055046
v -0.017082905396819115 -0.0192657969892025 0.03126758337020874
v -0.01694807969033718 -0.019832486286759377 0.030748125165700912
v -0.016482379287481308 -0.019794778898358345 0.03074573539197445
v -0.016084596514701843 -0.01954973116517067 0.030750511214137077
v 0.001078191795386374 0.03377922251820564 0.03232558071613312
v 0.0008979121339507401 0.03421000763773918 0.03234076872467995
v 0.0005414910847321153 0.03451185300946236 0.03235318511724472
v 0.017946012318134308 -0.012976779602468014 0.030698202550411224
v 0.020934004336595535 -0.009343978017568588 0.030791452154517174
v 0.023188283666968346 -0.005216128658503294 0.03090621903538704
v 0.02462901547551155 -0.0007394324638880789 0.0310384389013052
v 0.025205174461007118 0.003927585203200579 0.031183429062366486
v 0.02489636093378067 0.008619642816483974 0.03133605420589447
v 0.02450898475944996 0.009681678377091885 0.031373050063848495
v 0.02375567890703678 0.010524768382310867 0.03140586242079735
v 0.022743524983525276 0.011029061861336231 0.031429827213287354
v 0.014791163615882397 -0.013680858537554741 0.030700018629431725
v 0.015907790511846542 -0.01386052556335926 0.03068564273416996
v 0.017011715099215508 -0.013614163734018803 0.030685007572174072
v 0.020883364602923393 0.012546981684863567 0.03149279206991196
v 0.021654793992638588 0.011593805626034737 0.031456317752599716
v 0.01357705146074295 -0.01350569911301136 0.03071500174701214
v 0.012394185177981853 -0.01383096631616354 0.030713720247149467
v 0.018693549558520317 0.01681133173406124 0.0316462479531765
v 0.008127235807478428 -0.016020778566598892 0.030676551163196564
v 0.018543962389230728 0.019207119941711426 0.03172411769628525
v 0.018368422985076904 0.017993539571762085 0.03168661147356033
v 0.007173412479460239 -0.016792066395282745 0.03065921925008297
v 0.006608129478991032 -0.017880413681268692 0.030628735199570656
v 0.018723996356129646 0.020323246717453003 0.03175846487283707
v 0.018477782607078552 0.021426575258374214 0.031795695424079895
v 0.017840322107076645 0.022360259667038918 0.03183051198720932
v 0.004197013098746538 -0.020032811909914017 0.030578434467315674
v 0.005259654950350523 -0.019645357504487038 0.03058263473212719
v 0.006103336811065674 -0.018892204388976097 0.030600236728787422
v 0.015636451542377472 0.02430565468966961 0.031909823417663574
v 0.0012713837204501033 -0.020330103114247322 0.030591504648327827
v 0.015301341190934181 0.025398340076208115 0.03194739669561386
v 0.015257759019732475 0.024997904896736145 0.031934913247823715
v 0.01537585724145174 0.02461283467710018 0.03192166984081268
v 0.0008804431417956948 -0.020427942276000977 0.030591391026973724
v 0.0005598496063612401 -0.020672069862484932 0.03058604896068573
v 0.00036166966310702264 -0.02102283574640751 0.030576348304748535
v 0.016273777931928635 0.028419937938451767 0.032036639750003815
v -0.0006107669905759394 -0.02404443547129631 0.03048710525035858
v 0.017380286008119583 0.029101600870490074 0.03204992413520813
v 0.01691458560526371 0.02906390093266964 0.032052312046289444
v 0.016516802832484245 0.028818845748901367 0.032047536224126816
v -0.0006459846044890583 -0.024510107934474945 0.030472466722130775
v -0.0004657049139495939 -0.024940891191363335 0.030457280576229095
v -0.00010928387200692669 -0.025242740288376808 0.030444864183664322
v 2.809086799970828e-05 0.03046797402203083 0.02672468312084675
v -4.537331551546231e-05 0.03029652126133442 0.02671976014971733
v -0.00019303732551634312 0.030093509703874588 0.026671430096030235
v -0.0008854817133396864 0.02979123219847679 0.026209795847535133
v -0.0008804283570498228 0.029791338369250298 0.02621339075267315
v -0.0006244248943403363 0.0298310499638319 0.026395728811621666
v -0.00040792921208776534 0.02992384508252144 0.026544252410531044
v 0.015290354378521442 0.02488003857433796 0.026261532679200172
v 0.015407338738441467 0.02468009479343891 0.026107002049684525
v 0.015586222521960735 0.024500668048858643 0.02591683156788349
v 0.01559014618396759 0.02449767105281353 0.025913076475262642
v 0.015218735672533512 0.025141753256320953 0.026393869891762733
v 0.015258895233273506 0.025574354454874992 0.02645038068294525
v 0.015218573622405529 0.025392256677150726 0.02644486166536808
v -0.01494560670107603 -0.015248251147568226 0.025210095569491386
v -0.015064861625432968 -0.015038896352052689 0.025070494040846825
v -0.015246570110321045 -0.014847745187580585 0.024894975125789642
v -0.015250549651682377 -0.014844522811472416 0.024891478940844536
v -0.014872084371745586 -0.015517860651016235 0.025324298068881035
v -0.01491157989948988 -0.015953218564391136 0.025353632867336273
v -0.014871259219944477 -0.015771111473441124 0.025359151884913445
v 0.0003192232397850603 -0.02084682136774063 0.025079332292079926
v 0.0003926874487660825 -0.02067536860704422 0.025084253400564194
v 0.0005396888591349125 -0.02046961523592472 0.025046737864613533
v 0.0012250785948708653 -0.0201380867511034 0.024594757705926895
v 0.0012200814671814442 -0.02013843134045601 0.024598415940999985
v 0.0009669014834798872 -0.020189844071865082 0.024781767278909683
v 0.0007526770350523293 -0.02029205858707428 0.024927373975515366
v 0.0005457628285512328 0.03209959715604782 0.02636018395423889
v 0.0005286369705572724 0.03203747048974037 0.0265174750238657
v 0.0032416980247944593 0.03186488524079323 0.02649446204304695
v 0.0004940202343277633 0.03192238137125969 0.02664864808320999
v 0.00047070326399989426 0.031847018748521805 0.026698557659983635
v 0.0032224797178059816 0.031677260994911194 0.02667171321809292
v 0.0004459063638933003 0.031767915934324265 0.026732731610536575
v 0.00039112879312597215 0.03159601613879204 0.026758000254631042
v 0.003194814082235098 0.031426843255758286 0.026730934157967567
v 0.015748171135783195 0.02710574120283127 0.026297541335225105
v 0.01575879566371441 0.027141667902469635 0.026246774941682816
v 0.015741989016532898 0.02715352363884449 0.02624708041548729
v 0.01577116921544075 0.02718515694141388 0.02615787647664547
v 0.01566379703581333 0.02683347649872303 0.026470115408301353
v 0.015701543539762497 0.026953522115945816 0.026424193754792213
v 0.015638766810297966 0.026997562497854233 0.02642599493265152
v 0.015711553394794464 0.026985742151737213 0.026405230164527893
v 0.015496348962187767 0.026790395379066467 0.026487484574317932
v 0.015621932223439217 0.026702413335442543 0.026483697816729546
v 0.01336645521223545 0.028418034315109253 0.026489024981856346
v 0.013245037756860256 0.02819773182272911 0.02654993161559105
v 0.010964588262140751 0.029606718569993973 0.026545632630586624
v 0.010865368880331516 0.029375426471233368 0.026606017723679543
v 0.008456753566861153 0.030551915988326073 0.026595262810587883
v 0.008380712941288948 0.03031187877058983 0.02665518783032894
v 0.005867574829608202 0.031244372949004173 0.026637427508831024
v 0.00581546314060688 0.03099794313311577 0.026696965098381042
v 0.013454304076731205 0.028583604842424393 0.02631053514778614
v 0.011036188341677189 0.029780313372612 0.02636752650141716
v 0.008511385880410671 0.030731916427612305 0.02641749382019043
v 0.005904689896851778 0.03142905607819557 0.026459943503141403
v 0.01287704799324274 0.026692863553762436 0.026466505602002144
v 0.012794789858162403 0.026556098833680153 0.026354318484663963
v 0.012739133089780807 0.026467572897672653 0.026189612224698067
v 0.0025865526404231787 0.0297295730561018 0.026372456923127174
v 0.0008832851308397949 0.029803765937685966 0.026196539402008057
v 0.002633495721966028 0.03017924726009369 0.02669532038271427
v 0.014160200022161007 0.02553793042898178 0.02595742605626583
v 0.012718552723526955 0.02644079178571701 0.02599746733903885
v 0.009522855281829834 0.02803686261177063 0.026264697313308716
v 0.009507162496447563 0.02800770290195942 0.026072438806295395
v 0.0061154477298259735 0.029131656512618065 0.02632606215775013
v 0.006104935426265001 0.029100816696882248 0.026133710518479347
v 0.002581404522061348 0.029697833582758904 0.02618003450334072
v 0.009564588777720928 0.028132176026701927 0.02642972581088543
v 0.006142430938780308 0.02923170104622841 0.026491358876228333
v 0.0025982598308473825 0.029832208529114723 0.026537952944636345
v 0.009626010432839394 0.02827911637723446 0.02654240094125271
v 0.0061817774549126625 0.029385745525360107 0.026604430750012398
v 0.00261474447324872 0.02999010682106018 0.026651326566934586
v 0.012973385863006115 0.026857072487473488 0.026509102433919907
v 0.009697768837213516 0.028455326333642006 0.026585571467876434
v 0.006227497011423111 0.029570307582616806 0.02664807066321373
v -0.012530321255326271 -0.01706928387284279 0.025261426344513893
v -0.012449735775589943 -0.016925573348999023 0.025156961753964424
v -0.012396583333611488 -0.016826672479510307 0.024997418746352196
v -0.002244002651423216 -0.020088665187358856 0.024814574047923088
v -0.0005436883075162768 -0.020150618627667427 0.024608014151453972
v -0.0022861813195049763 -0.020558103919029236 0.025108695030212402
v -0.013820603489875793 -0.01588478311896324 0.024847127497196198
v -0.012378956191241741 -0.01678764447569847 0.02480708621442318
v -0.009180305525660515 -0.018395962193608284 0.024922333657741547
v -0.00916756596416235 -0.018354548141360283 0.024732116609811783
v -0.005772897507995367 -0.01949075050652027 0.024860968813300133
v -0.0057653384283185005 -0.019447676837444305 0.02467084303498268
v -0.0022418079897761345 -0.020044678822159767 0.024624519050121307
v -0.009219534695148468 -0.018501657992601395 0.02508155256509781
v -0.005797377321869135 -0.019601183012127876 0.025019921362400055
v -0.0022532062139362097 -0.020201683044433594 0.024973325431346893
v -0.009279283694922924 -0.01865553669631481 0.02518553100526333
v -0.005835050716996193 -0.019762156531214714 0.02512350305914879
v -0.0022680172696709633 -0.02036653459072113 0.0250766072422266
v -0.012626071460545063 -0.017235934734344482 0.025294912979006767
v -0.009350455366075039 -0.018834173679351807 0.02521844394505024
v -0.005880182608962059 -0.019949164241552353 0.025155944749712944
v -0.00020481574756558985 -0.02245204895734787 0.02461923100054264
v -0.00018523447215557098 -0.022400110960006714 0.024779891595244408
v -0.0028982427902519703 -0.022227732464671135 0.0248098224401474
v -0.0001485417305957526 -0.02229362353682518 0.024917609989643097
v -0.00012442065053619444 -0.02222158946096897 0.024971872568130493
v -0.0028761993162333965 -0.02205182984471321 0.024998396635055542
v -9.905986371450126e-05 -0.02214483730494976 0.025010649114847183
v -4.3814387026941404e-05 -0.021974870935082436 0.02504601515829563
v -0.0028474999126046896 -0.021805692464113235 0.025073081254959106
v -0.015403912402689457 -0.017471931874752045 0.02511070854961872
v -0.01541533786803484 -0.017504526302218437 0.025057919323444366
v -0.015398534014821053 -0.017516378313302994 0.025057204067707062
v -0.015429101884365082 -0.017542246729135513 0.02496662177145481
v -0.015316751785576344 -0.01721120811998844 0.02529902383685112
v -0.015355261042714119 -0.01732809655368328 0.02524610422551632
v -0.015292487107217312 -0.017372138798236847 0.02524411492049694
v -0.01536557823419571 -0.017359040677547455 0.02522527612745762
v -0.015149034559726715 -0.017169244587421417 0.025316528975963593
v -0.015274617820978165 -0.017081260681152344 0.02532031573355198
v -0.013020175509154797 -0.01879260316491127 0.025181086733937263
v -0.012897723354399204 -0.01857658661901951 0.025254081934690475
v -0.010618308559060097 -0.019981278106570244 0.025124479085206985
v -0.010518055409193039 -0.01975427381694317 0.02519799768924713
v -0.008110472932457924 -0.02092648483812809 0.025074847042560577
v -0.008033397607505322 -0.020690742880105972 0.025148825719952583
v -0.0055212946608662605 -0.021618934348225594 0.025032682344317436
v -0.0054681492038071156 -0.02137679234147072 0.02510705031454563
v -0.01311084907501936 -0.018946459516882896 0.02499374747276306
v -0.010692732408642769 -0.020143168047070503 0.02493675798177719
v -0.008167929947376251 -0.02109477110207081 0.02488679066300392
v -0.005561234429478645 -0.02179190330207348 0.024844340980052948
v -0.015419470146298409 -0.017643317580223083 0.027304522693157196
v -0.00018866702157538384 -0.022536929696798325 0.0270302202552557
v 0.015797654166817665 0.02713645249605179 0.028497325256466866
v 0.0005668512894771993 0.03203006833791733 0.028771625831723213
v 0.005819080397486687 -0.006047288421541452 0.01750640757381916
v 0.006051225122064352 -0.006507842801511288 0.01799013838171959
v 0.00228765606880188 -0.007235743571072817 0.017495620995759964
v 0.00426118541508913 -0.007263376843184233 0.01797976717352867
v 0.002378544071689248 -0.007743832189589739 0.01797892153263092
v 0.00044535630149766803 -0.007938486523926258 0.01798761636018753
v -0.001437092199921608 -0.00733107840642333 0.0175213310867548
v -0.0014951935736462474 -0.007842990569770336 0.01800565794110298
v -0.0033997572027146816 -0.0074594649486243725 0.01803264580667019
v -0.005024204030632973 -0.0063248286023736 0.01758124865591526
v -0.005225790198892355 -0.006796484813094139 0.018067974597215652
v -0.00815494917333126 -0.004306402988731861 0.017670053988695145
v -0.006932500749826431 -0.00586886890232563 0.0181108545511961
v -0.008481765165925026 -0.0046973214484751225 0.01816033013164997
v -0.009838973172008991 -0.0033080298453569412 0.018215296790003777
v -0.010551146231591702 -0.0014551429776474833 0.01777985505759716
v -0.010973810218274593 -0.0017320116749033332 0.018274523317813873
v -0.011860922910273075 -4.4884736780659296e-06 0.018336689099669456
v -0.011999883688986301 0.0019756003748625517 0.017900893464684486
v -0.012480497360229492 0.0018359617097303271 0.0184004046022892
v -0.012818691320717335 0.0037482159677892923 0.01846424676477909
v -0.012372435070574284 0.0056809959933161736 0.01802241802215576
v -0.012867950834333897 0.005689571145921946 0.01852678880095482
v -0.012627174146473408 0.007616645190864801 0.01858663558959961
v -0.01163569651544094 0.009331796318292618 0.018133627250790596
v -0.012101742438971996 0.009486399590969086 0.018642447888851166
v -0.009855130687355995 0.012603608891367912 0.018224641680717468
v -0.011303390376269817 0.011257064528763294 0.018692979589104652
v -0.010249954648315907 0.012889099307358265 0.018737101927399635
v -0.0071889497339725494 0.01520573254674673 0.018287375569343567
v -0.00896496418863535 0.014346016570925713 0.01877383142709732
v -0.007477126084268093 0.01559530571103096 0.018802344799041748
v -0.005595246329903603 0.016180478036403656 0.018306279554963112
v -0.005819674115628004 0.016609037294983864 0.01882200688123703
v -0.0038740537129342556 0.016906943172216415 0.018316252157092094
v -0.0040296344086527824 0.017364563420414925 0.0188323762267828
v -0.0021469930652529 0.017845027148723602 0.0188332237303257
v -0.00020498744561336935 0.017556091770529747 0.01830870471894741
v -0.00021380497491918504 0.018039673566818237 0.01882452890276909
v 0.0017267449293285608 0.017944177612662315 0.01880648545920849
v 0.0034922368358820677 0.017095502465963364 0.018265409395098686
v 0.0036313082091510296 0.01756065897643566 0.01877949945628643
v 0.006889105774462223 0.01556607335805893 0.018190206959843636
v 0.005457341205328703 0.01689767837524414 0.018744170665740967
v 0.007164051756262779 0.01597006246447563 0.01870128884911537
v 0.008713316172361374 0.014798508025705814 0.0186518132686615
v 0.009683790616691113 0.01310372818261385 0.01808978244662285
v 0.01007052417844534 0.013409224338829517 0.018596848472952843
v 0.01162797398865223 0.009927250444889069 0.01797305792570114
v 0.011205361224710941 0.011833205819129944 0.018537621945142746
v 0.012092474848031998 0.010105675086379051 0.018475456163287163
v 0.01271204836666584 0.008265232667326927 0.01841174066066742
v 0.012548904865980148 0.006318883504718542 0.01785040646791458
v 0.013050242327153683 0.006352970842272043 0.01834789849817753
v 0.012364753521978855 0.0025992400478571653 0.01773272641003132
v 0.013099501840770245 0.004411623347550631 0.01828535459935665
v 0.012858725152909756 0.0024845413863658905 0.01822550967335701
v 0.011091885156929493 -0.0009011683869175613 0.017630470916628838
v 0.012333293445408344 0.0006147874519228935 0.018169697374105453
v 0.01153494231402874 -0.0011558777187019587 0.018119165673851967
v 0.008843397721648216 -0.003871315624564886 0.017552729696035385
v 0.010481505654752254 -0.0027879050467163324 0.018075041472911835
v 0.009196516126394272 -0.004244829528033733 0.0180383138358593
v 0.007708677090704441 -0.005494111217558384 0.018009798601269722
v -0.0010694373631849885 0.014471245929598808 0.018716873601078987
v -0.001135675935074687 0.014983074739575386 0.01823350414633751
v 0.0022257475648075342 0.014309084974229336 0.018686236813664436
v 0.002332939999178052 0.01481237355619669 0.018201254308223724
v 0.0052664391696453094 0.013030197471380234 0.018621807917952538
v 0.005533668212592602 0.013466174714267254 0.018133433535695076
v 0.007685884367674589 0.010788867250084877 0.018531357869505882
v 0.008080452680587769 0.011106882244348526 0.018038224428892136
v 0.009192262776196003 0.007855412550270557 0.018425796180963516
v 0.00966611411422491 0.008019035682082176 0.017927106469869614
v 0.009603883139789104 0.004583651199936867 0.018317855894565582
v 0.010099397972226143 0.004575076047331095 0.017813485115766525
v 0.00887109711766243 0.001368211000226438 0.018220555037260056
v 0.009328044950962067 0.0011904060374945402 0.017711063846945763
v 0.007082290481775999 -0.0014030749443918467 0.01814563199877739
v 0.00744509045034647 -0.0017267393413931131 0.017632195726037025
v 0.004453219473361969 -0.003395956242457032 0.018102120608091354
v 0.0046776472590863705 -0.003824508050456643 0.017586395144462585
v 0.0013009886024519801 -0.004370058886706829 0.018095269799232483
v 0.001359509420581162 -0.0048498776741325855 0.017579184845089912
v -0.0019941965583711863 -0.00420789048075676 0.018125906586647034
v -0.002109106397256255 -0.004679176490753889 0.017611432820558548
v -0.005034887697547674 -0.0029290104284882545 0.01819033734500408
v -0.005309834145009518 -0.0033329930156469345 0.017679253593087196
v -0.007454332895576954 -0.0006876799743622541 0.018280785530805588
v -0.007856618613004684 -0.0009736924548633397 0.017774464562535286
v -0.008960711769759655 0.002245781710371375 0.018386347219347954
v -0.009442280977964401 0.002114161616191268 0.01788558065891266
v -0.009372331202030182 0.005517535377293825 0.018494287505745888
v -0.009875564835965633 0.005558113567531109 0.017999202013015747
v -0.008639546111226082 0.008732975460588932 0.018591588363051414
v -0.009104211814701557 0.008942783810198307 0.01810162328183651
v -0.006850739475339651 0.01150426920503378 0.01866651326417923
v -0.007221256848424673 0.01185992918908596 0.018180491402745247
v -0.004221668001264334 0.013497143052518368 0.018710022792220116
v -0.004453813657164574 0.013957705348730087 0.018226293846964836
v 0.001053017913363874 -0.0036064577288925648 0.024625159800052643
v 0.004046810325235128 -0.002714860253036022 0.02463059313595295
v 0.002444687532261014 -0.002804356627166271 0.024139827117323875
v 0.000996977905742824 -0.0030934507958590984 0.024141749367117882
v -0.00047916272887960076 -0.003111752448603511 0.024152562022209167
v -0.0020605793688446283 -0.003356961067765951 0.024657191708683968
v -0.0019334668759256601 -0.0028586299158632755 0.024171896278858185
v -0.003316409420222044 -0.002342712599784136 0.024199094623327255
v -0.004873473197221756 -0.002000074600800872 0.02472236007452011
v -0.004580895882099867 -0.0015815605875104666 0.02423323132097721
v -0.0056838663294911385 -0.0006011003279127181 0.024273142218589783
v -0.007005766499787569 0.0002809525467455387 0.024811863899230957
v -0.006587759591639042 0.0005652822437696159 0.02431746944785118
v -0.007261795923113823 0.0018778765806928277 0.02436470426619053
v -0.008169480599462986 0.003178051905706525 0.024913614615797997
v -0.0076830205507576466 0.003291964763775468 0.02441323548555374
v -0.007837089709937572 0.004759408067911863 0.0244614128023386
v -0.008207450620830059 0.006299950182437897 0.025013871490955353
v -0.007718756794929504 0.006230224389582872 0.024507595226168633
v -0.0073320516385138035 0.007654338143765926 0.02455020882189274
v -0.0071145473048090935 0.009225024841725826 0.025099093094468117
v -0.0034905034117400646 0.011971459724009037 0.02465878054499626
v -0.0022593296598643064 0.01298444252461195 0.025181978940963745
v -0.005038374103605747 0.011558224447071552 0.02515777014195919
v -0.006690142676234245 0.008983241394162178 0.024587804451584816
v -0.00581488898023963 0.010171680711209774 0.024619098752737045
v -0.004736097063869238 0.011179189197719097 0.024643030017614365
v -0.0021205260418355465 0.012521518394351006 0.024665813893079758
v -0.0006728164735250175 0.012810612097382545 0.02466389164328575
v 0.0008472608751617372 0.0133110536262393 0.02516844868659973
v 0.004905057139694691 0.011298722587525845 0.02457241155207157
v 0.00637725880369544 0.010643488727509975 0.025040332227945328
v 0.0038618354592472315 0.012493946589529514 0.025119008496403694
v 0.0008033244521357119 0.012828906998038292 0.024653080850839615
v 0.0022576285991817713 0.012575783766806126 0.02463374473154545
v 0.003640571143478155 0.012059866450726986 0.024606546387076378
v 0.006008028518408537 0.010318254120647907 0.02453249879181385
v 0.006911921314895153 0.009151872247457504 0.024488171562552452
v 0.008053809404373169 0.008009573444724083 0.024943048134446144
v 0.007585957646369934 0.007839284837245941 0.024440938606858253
v 0.00800718180835247 0.006425189319998026 0.02439240552484989
v 0.008665057830512524 0.0049479445442557335 0.02484029531478882
v 0.008161251433193684 0.004957745783030987 0.024344228208065033
v 0.008042918518185616 0.003486929927021265 0.02429804764688015
v 0.008128455840051174 0.0018720837542787194 0.024745948612689972
v 0.007656212896108627 0.002062823623418808 0.024255432188510895
v 0.007014303933829069 0.0007339200237765908 0.024217838421463966
v 0.006516469642519951 -0.0008025909774005413 0.024672754108905792
v 0.006139050703495741 -0.0004545269184745848 0.024186542257666588
v 0.005060258787125349 -0.0014620354631915689 0.024162612855434418
v 0.0038146651349961758 -0.002254305873066187 0.02414686232805252
v 0.017944077029824257 0.012906205840408802 0.026774417608976364
v 0.018156064674258232 0.012762779369950294 0.02701832540333271
v 0.018106559291481972 0.01341107115149498 0.026789329946041107
v 0.018358174711465836 0.013390785083174706 0.027036873623728752
v 0.01799473538994789 0.013929429464042187 0.026806790381669998
v 0.018219079822301865 0.014035580679774284 0.027058593928813934
v 0.017638569697737694 0.014322411268949509 0.026822123676538467
v 0.017776045948266983 0.014524399302899837 0.02707766555249691
v 0.017133500427007675 0.014484686776995659 0.02683122083544731
v 0.017147783190011978 0.014726250432431698 0.027088981121778488
v 0.016614854335784912 0.014372790232300758 0.026831641793251038
v 0.016502641141414642 0.014587062411010265 0.02708950638771057
v 0.016221605241298676 0.014016692526638508 0.02682327665388584
v 0.016013476997613907 0.014144117943942547 0.027079099789261818
v 0.01605912484228611 0.013511828146874905 0.026808366179466248
v 0.015811368823051453 0.013516111299395561 0.027060551568865776
v 0.01617094874382019 0.012993469834327698 0.026790903881192207
v 0.015950463712215424 0.012871315702795982 0.027038831263780594
v 0.01652711257338524 0.012600487098097801 0.026775570586323738
v 0.016393497586250305 0.012382498010993004 0.02701975777745247
v 0.017032183706760406 0.012438211590051651 0.026766473427414894
v 0.01702175661921501 0.012180646881461143 0.02700844407081604
v 0.01755082979798317 0.012550108134746552 0.026766052469611168
v 0.017666902393102646 0.012319834902882576 0.027007918804883957
v 0.017518028616905212 0.01268611941486597 0.022518357262015343
v 0.01791127771139145 0.013042217120528221 0.02252672240138054
v 0.018073758110404015 0.013547082431614399 0.022541632875800133
v 0.017961936071515083 0.014065440744161606 0.022559095174074173
v 0.017605770379304886 0.014458423480391502 0.022574428468942642
v 0.017100701108574867 0.014620698988437653 0.022583523765206337
v 0.016582055017352104 0.014508801512420177 0.022583946585655212
v 0.016188805922865868 0.014152703806757927 0.022575581446290016
v 0.016026325523853302 0.013647839426994324 0.022560669109225273
v 0.016138149425387383 0.013129481114447117 0.022543208673596382
v 0.01649431325495243 0.01273649837821722 0.022527875378727913
v 0.0169993843883276 0.01257422287017107 0.02251877821981907
v 0.009715569205582142 -0.012661776505410671 0.026019267737865448
v 0.009927555918693542 -0.012805202975869179 0.026263173669576645
v 0.009878049604594707 -0.012156911194324493 0.026034178212285042
v 0.010129665955901146 -0.012177196331322193 0.026281721889972687
v 0.009766226634383202 -0.011638537980616093 0.026051640510559082
v 0.009990569204092026 -0.011532401666045189 0.02630344219505787
v 0.009410062804818153 -0.01124557014554739 0.02606697380542755
v 0.009547535330057144 -0.011043583042919636 0.026322515681385994
v 0.008904990740120411 -0.011083295568823814 0.026076069101691246
v 0.008919276297092438 -0.010841724462807178 0.026333831250667572
v 0.008386345580220222 -0.011195192113518715 0.02607649192214012
v 0.008274132385849953 -0.010980912484228611 0.026334354653954506
v 0.00799309741705656 -0.011551282368600368 0.026068126782774925
v 0.007784969173371792 -0.011423849500715733 0.026323949918150902
v 0.00783061608672142 -0.012056146748363972 0.026053214445710182
v 0.007582858670502901 -0.012051856145262718 0.02630540169775486
v 0.007942439056932926 -0.012574512511491776 0.02603575401008129
v 0.0077219558879733086 -0.012696659192442894 0.026283681392669678
v 0.008298603817820549 -0.012967487797141075 0.026020420715212822
v 0.008164988830685616 -0.013185476884245872 0.026264607906341553
v 0.008803674951195717 -0.013129763305187225 0.026011323556303978
v 0.008793248794972897 -0.01338733546435833 0.026253292337059975
v 0.00932232104241848 -0.013017866760492325 0.026010902598500252
v 0.009438392706215382 -0.013248147442936897 0.02625276893377304
v 0.009289521723985672 -0.012881854549050331 0.021763207390904427
v 0.009682769887149334 -0.012525764293968678 0.021771572530269623
v 0.0098452502861619 -0.012020899914205074 0.021786483004689217
v 0.009733427315950394 -0.011502526700496674 0.021803945302963257
v 0.009377263486385345 -0.011109558865427971 0.021819278597831726
v 0.008872191421687603 -0.01094728335738182 0.02182837389409542
v 0.008353546261787415 -0.011059180833399296 0.021828796714544296
v 0.007960298098623753 -0.01141527108848095 0.02182042971253395
v 0.007797816768288612 -0.011920135468244553 0.021805519238114357
v 0.007909639738500118 -0.012438501231372356 0.021788056939840317
v 0.008265804499387741 -0.012831476517021656 0.021772723644971848
v 0.008770875632762909 -0.012993752025067806 0.021763628348708153
v -0.015862716361880302 -0.004443550482392311 0.026479924097657204
v -0.015650728717446327 -0.004586984869092703 0.0267238300293684
v -0.015700234100222588 -0.003938685636967421 0.026494834572076797
v -0.015448618680238724 -0.003958978224545717 0.026742378249764442
v -0.015812058001756668 -0.0034203198738396168 0.026512296870350838
v -0.01558771450072527 -0.003314175410196185 0.026764100417494774
v -0.016168223693966866 -0.003027344821020961 0.026527630165219307
v -0.016030747443437576 -0.0028253572527319193 0.02678317204117775
v -0.016673292964696884 -0.0028650693129748106 0.026536725461483
v -0.016659008339047432 -0.0026234984397888184 0.026794487610459328
v -0.017191939055919647 -0.0029769663233309984 0.026537148281931877
v -0.017304152250289917 -0.0027626866940408945 0.02679501287639141
v -0.017585188150405884 -0.003333056578412652 0.02652878314256668
v -0.017793316394090652 -0.003205631161108613 0.026784606277942657
v -0.01774766854941845 -0.0038379214238375425 0.026513870805501938
v -0.017995426431298256 -0.003833637572824955 0.026766058057546616
v -0.01763584464788437 -0.0043562944047153 0.026496410369873047
v -0.017856329679489136 -0.004478433169424534 0.026744337752461433
v -0.01727968081831932 -0.004749262239784002 0.026481077075004578
v -0.017413295805454254 -0.0049672513268888 0.02672526426613331
v -0.016774609684944153 -0.0049115377478301525 0.026471979916095734
v -0.0167850349098444 -0.005169109907001257 0.02671395055949688
v -0.01625596545636654 -0.004799640737473965 0.026471558958292007
v -0.016139890998601913 -0.0050299218855798244 0.026713425293564796
v -0.016288764774799347 -0.004663628991693258 0.022223863750696182
v -0.01589551568031311 -0.004307538736611605 0.02223222889006138
v -0.015733035281300545 -0.003802674124017358 0.022247139364480972
v -0.015844857320189476 -0.003284308360889554 0.022264601662755013
v -0.016201023012399673 -0.002891333308070898 0.022279934957623482
v -0.016706092283129692 -0.002729057800024748 0.022289030253887177
v -0.017224738374352455 -0.0028409548103809357 0.022289453074336052
v -0.01761798746883869 -0.0031970450654625893 0.022281087934970856
v -0.017780467867851257 -0.003701909678056836 0.022266175597906113
v -0.017668643966317177 -0.0042202831245958805 0.022248713299632072
v -0.01731248013675213 -0.004613250494003296 0.022233381867408752
v -0.01680740900337696 -0.004775526002049446 0.02222428470849991
v -0.007634206674993038 0.021124422550201416 0.02723507396876812
v -0.007422219961881638 0.020980995148420334 0.027478981763124466
v -0.007471725810319185 0.02162928692996502 0.027249986305832863
v -0.007220109459012747 0.021609002724289894 0.027497529983520508
v -0.007583548780530691 0.022147661074995995 0.027267446741461754
v -0.007359206210821867 0.022253798320889473 0.02751925028860569
v -0.007939713075757027 0.022540628910064697 0.027282780036330223
v -0.007802239619195461 0.02274261601269245 0.027538321912288666
v -0.00844478514045477 0.022702904418110847 0.027291877195239067
v -0.008430499583482742 0.022944467142224312 0.027549637481570244
v -0.008963430300354958 0.022591006010770798 0.027292298153042793
v -0.009075643494725227 0.02280527912080288 0.027550162747502327
v -0.00935667846351862 0.022234924137592316 0.027283933013677597
v -0.009564806707203388 0.022362349554896355 0.027539756149053574
v -0.009519158862531185 0.02173004485666752 0.027269020676612854
v -0.009766916744410992 0.021734343841671944 0.027521207928657532
v -0.00940733589231968 0.021211685612797737 0.027251560240983963
v -0.009627819061279297 0.02108953334391117 0.02749948762357235
v -0.009051172062754631 0.020818717777729034 0.027236226946115494
v -0.00918478611856699 0.020600713789463043 0.027480414137244225
v -0.008546099998056889 0.02065642736852169 0.02722712978720665
v -0.008556526154279709 0.020398862659931183 0.027469100430607796
v -0.0080274548381567 0.02076832391321659 0.027226708829402924
v -0.007911382243037224 0.020538050681352615 0.027468575164675713
v -0.008060254156589508 0.020904336124658585 0.0229790136218071
v -0.007667006459087133 0.02126043476164341 0.022987378761172295
v -0.007504525128751993 0.021765299141407013 0.02300228923559189
v -0.007616348564624786 0.02228367142379284 0.02301975153386593
v -0.007972512394189835 0.022676639258861542 0.023035084828734398
v -0.008477584458887577 0.022838914766907692 0.023044180124998093
v -0.008996229618787766 0.02272701822221279 0.023044602945446968
v -0.009389477781951427 0.02237093448638916 0.023036237806081772
v -0.009551958180963993 0.021866055205464363 0.02302132546901703
v -0.009440136142075062 0.02134769782423973 0.023003865033388138
v -0.009083971381187439 0.020954729989171028 0.02298853173851967
v -0.008578899316489697 0.020792439579963684 0.022979434579610825
v -0.006915026344358921 0.01986769028007984 0.02743941731750965
v -0.0062523093074560165 0.02081967703998089 0.02746478095650673
v -0.011996706947684288 0.0232440996915102 0.027586769312620163
v -0.00772975804284215 0.025433911010622978 0.027623938396573067
v -0.009107292629778385 0.019354484975337982 0.027439910918474197
v -0.0079472241923213 0.019337959587574005 0.027430424466729164
v -0.009122727438807487 0.019418491050601006 0.025440994650125504
v -0.007962659001350403 0.01940196380019188 0.02543150819838047
v -0.006930461619049311 0.019931696355342865 0.025440501049160957
v -0.006267744582146406 0.020883681252598763 0.025465864688158035
v -0.014403874054551125 -0.004509217571467161 0.026716692373156548
v -0.020485885441303253 -0.003133845515549183 0.026807695627212524
v -0.018296072259545326 -0.007398196496069431 0.026654241606593132
v -0.014387047849595547 -0.0033497021067887545 0.026753690093755722
v -0.01491677574813366 -0.0023181322030723095 0.026790812611579895
v -0.015869062393903732 -0.001655974774621427 0.026819366961717606
v -0.014419308863580227 -0.004445212427526712 0.024717776104807854
v -0.014402482658624649 -0.003285696730017662 0.024754773825407028
v -0.014932211488485336 -0.002254126826301217 0.0247918963432312
v -0.01588449627161026 -0.0015919692814350128 0.024820450693368912
v 0.008092506788671017 -0.01587676629424095 0.0261789932847023
v 0.012359456159174442 -0.0136869540438056 0.026216162368655205
v 0.007277775555849075 -0.010310542769730091 0.026363514363765717
v 0.006615058518946171 -0.011262530460953712 0.02633814886212349
v 0.00947004184126854 -0.009797344915568829 0.02636301890015602
v 0.008309973403811455 -0.009780818596482277 0.026372505351901054
v 0.009454607032239437 -0.00973333977162838 0.024364102631807327
v 0.008294537663459778 -0.009716812521219254 0.02437358908355236
v 0.007262340746819973 -0.010246537625789642 0.024364598095417023
v 0.006599623244255781 -0.011198525317013264 0.024339232593774796
v 0.014766623266041279 0.014066365547478199 0.02708623744547367
v 0.020848635584115982 0.012690993957221508 0.026995234191417694
v 0.018658820539712906 0.016955344006419182 0.027148688212037086
v 0.014749797061085701 0.012906850315630436 0.027049239724874496
v 0.015279525890946388 0.01187527272850275 0.027012119069695473
v 0.016231810674071312 0.01121311541646719 0.026983562856912613
v 0.014751188457012177 0.014130371622741222 0.025087321177124977
v 0.014734362252056599 0.012970855459570885 0.025050323456525803
v 0.015264090150594711 0.0119392778724432 0.02501320280134678
v 0.016216376796364784 0.011277120560407639 0.02498464658856392
v -0.013195008039474487 0.022982832044363022 0.025586571544408798
v -0.014409121125936508 0.02315799705684185 0.025601554661989212
v -0.01798637956380844 -0.008516406640410423 0.024614959955215454
v -0.018161918967962265 -0.009729977697134018 0.024577457457780838
v 0.013526887632906437 -0.01329768169671297 0.024218527600169182
v 0.014740999788045883 -0.013472841121256351 0.02420354261994362
v 0.018318258225917816 0.01820155791938305 0.025190137326717377
v 0.01849379763007164 0.01941513642668724 0.025227641686797142
v 0.024846196174621582 0.008827660232782364 0.024839578196406364
v 0.02445882186293602 0.009889695793390274 0.02487657591700554
v 0.023705514147877693 0.010732786729931831 0.02490938827395439
v 0.022693362087011337 0.011237080208957195 0.024933351203799248
v 0.018673831596970558 0.020531265065073967 0.02526198886334896
v 0.018427617847919464 0.02163459174335003 0.02529921941459179
v 0.017790157347917557 0.022568276152014732 0.025334037840366364
v 0.004146849270910025 -0.019824793562293053 0.024081958457827568
v 0.0052094911225140095 -0.019437341019511223 0.024086158722639084
v 0.00605317298322916 -0.018684187904000282 0.024103760719299316
v 0.006557965185493231 -0.017672395333647728 0.0241322610527277
v 0.015857627615332603 -0.013652508147060871 0.024189168587327003
v 0.01696155034005642 -0.013406146317720413 0.024188533425331116
v 0.01789584755897522 -0.012768762186169624 0.02420172654092312
v -0.015525748021900654 0.02333766594529152 0.025615930557250977
v -0.016629671677947044 0.023091288283467293 0.025616565719246864
v -0.017563968896865845 0.022453919053077698 0.025603370741009712
v -0.0038149699103087187 0.02950994297862053 0.025723138824105263
v -0.004877611994743347 0.0291224904358387 0.025718938559293747
v -0.005721293389797211 0.02836933732032776 0.025701336562633514
v -0.0062260860577225685 0.027357544749975204 0.02567283809185028
v -0.018341952934861183 -0.010846112854778767 0.02454310841858387
v -0.01809573918581009 -0.011949443258345127 0.02450587972998619
v -0.017458278685808182 -0.012883134186267853 0.024471059441566467
v -0.024514317512512207 0.0008574912790209055 0.024965520948171616
v -0.024126941338181496 -0.00020454444165807217 0.02492852322757244
v -0.023373635485768318 -0.0010476274183019996 0.02489571087062359
v -0.022361483424901962 -0.0015519283479079604 0.024871746078133583
v 0.0008794263703748584 0.02981976792216301 0.025696812197566032
v 0.010027061216533184 0.0278061144053936 0.025561697781085968
v 0.005548554938286543 0.029245035722851753 0.025642354041337967
v 0.014156341552734375 0.025553932413458824 0.025457698851823807
v -0.02055196277797222 0.0188211128115654 0.025510121136903763
v -0.022806240245699883 0.014693262986838818 0.025395354256033897
v -0.024246972054243088 0.010216566734015942 0.025263134390115738
v -0.024823131039738655 0.005549548659473658 0.02511814422905445
v -0.0005475470679812133 -0.020134618505835533 0.024108286947011948
v -0.009695181623101234 -0.018120957538485527 0.024243399500846863
v -0.005216675810515881 -0.019559886306524277 0.024162743240594864
v -0.013824461959302425 -0.015868782997131348 0.024347400292754173
v 0.02515501156449318 0.004135603085160255 0.02468695305287838
v 0.020883841440081596 -0.009135960601270199 0.024294978007674217
v -0.00418693944811821 0.013353130780160427 0.023207584396004677
v -0.0010347084607928991 0.014327233657240868 0.02321443520486355
v 0.0022604765836149454 0.014165072701871395 0.023183798417448997
v 0.005301168188452721 0.012886185199022293 0.02311936765909195
v 0.007720612920820713 0.010644854977726936 0.023028917610645294
v 0.009226991795003414 0.007711400277912617 0.022923357784748077
v 0.009638612158596516 0.004439638927578926 0.022815417498350143
v 0.008905826136469841 0.0012241987278684974 0.022718116641044617
v 0.00711701950058341 -0.0015470872167497873 0.0226431917399168
v 0.00448794849216938 -0.003539968514814973 0.022599680349230766
v 0.0013357175048440695 -0.00451407115906477 0.022592831403017044
v -0.0019594677723944187 -0.0043519027531147 0.022623468190431595
v -0.00500015914440155 -0.0030730224680155516 0.022687897086143494
v -0.007419603876769543 -0.0008316921885125339 0.02277834713459015
v -0.008925982750952244 0.0021017694380134344 0.022883908823132515
v -0.009337603114545345 0.005373523570597172 0.02299184910953045
v -0.00860481709241867 0.008588964119553566 0.023089149966835976
v -0.00681601045653224 0.011360256932675838 0.02316407300531864
v 0.0024331111926585436 -0.002756352536380291 0.022640639916062355
v -0.0004907390102744102 -0.0030637483578175306 0.022653372958302498
v -0.0033279855269938707 -0.002294708276167512 0.022699907422065735
v -0.005695442669093609 -0.0005530961789190769 0.022773955017328262
v -0.007273372262716293 0.0019258807878941298 0.02286551520228386
v -0.007848666049540043 0.0048074121586978436 0.02296222560107708
v -0.007343627978116274 0.007702342234551907 0.023051021620631218
v -0.0058264653198421 0.010219684801995754 0.023119911551475525
v -0.003502079751342535 0.012019463814795017 0.023159591481089592
v -0.0006843928131274879 0.012858616188168526 0.02316470444202423
v 0.002246052259579301 0.012623787857592106 0.023134557530283928
v 0.00489348080009222 0.011346726678311825 0.0230732224881649
v 0.006900344975292683 0.009199876338243484 0.02298898436129093
v 0.00799560546875 0.006473193410784006 0.02289321832358837
v 0.008031342178583145 0.0035349340178072453 0.02279885858297348
v 0.007002727594226599 0.000781924114562571 0.022718649357557297
v 0.005048682447522879 -0.0014140312559902668 0.022663423791527748
v 0.01985875889658928 0.023672422394156456 0.02835504710674286
v 0.023167366161942482 0.019484348595142365 0.028195396065711975
v 0.02705441787838936 0.009598535485565662 0.02784883789718151
v 0.025596899911761284 0.01473245583474636 0.028024479746818542
v 0.02748415432870388 0.004278995096683502 0.027675187215209007
v 0.026869673281908035 -0.001022656331770122 0.02751017175614834
v 0.025234481319785118 -0.006103593856096268 0.027360107749700546
v 0.0226411335170269 -0.010769449174404144 0.027230730280280113
v 0.01918884553015232 -0.014841706492006779 0.027126993983983994
v 0.015009690076112747 -0.018164582550525665 0.02705286629498005
v 0.01026354730129242 -0.020610947161912918 0.02701118215918541
v 0.005131990183144808 -0.022087227553129196 0.027003536000847816
v -0.004753805696964264 0.0315803587436676 0.028798311948776245
v -0.009885363280773163 0.030104080215096474 0.028790665790438652
v -0.014631505124270916 0.027657708153128624 0.028748979791998863
v -0.018810661509633064 0.02433483861386776 0.02867485210299492
v -0.022262949496507645 0.0202625822275877 0.0285711158066988
v -0.024856295436620712 0.01559673622250557 0.028441740199923515
v -0.02649148926138878 0.010515798814594746 0.028291674330830574
v -0.027105970308184624 0.00521414028480649 0.028126660734415054
v -0.026676233857870102 -0.00010540025687078014 0.02795301005244255
v -0.025218715891242027 -0.005239320453256369 0.02777736634016037
v -0.022789182141423225 -0.009991212747991085 0.027606450021266937
v -0.019480574876070023 -0.0141792893409729 0.027446798980236053
v -0.008934094570577145 0.01421800535172224 0.022771663963794708
v -0.005788804031908512 0.016481027007102966 0.022819839417934418
v -0.011102129705250263 0.011432401835918427 0.022699208930134773
v -0.011272520758211613 0.011129053309559822 0.02269081212580204
v -0.012596303597092628 0.007488634437322617 0.022584468126296997
v -0.012787820771336555 0.0036202052142471075 0.02246207930147648
v -0.01183005329221487 -0.00013249937910586596 0.022334521636366844
v -0.009808103553950787 -0.0034360408317297697 0.022213129326701164
v -0.006901630666106939 -0.005996879655867815 0.022108687087893486
v -0.0033688871189951897 -0.007587476167827845 0.022030478343367577
v 0.0004762264434248209 -0.00806649774312973 0.021985448896884918
v 0.004292055498808622 -0.0073913875967264175 0.021977601572871208
v 0.007739547174423933 -0.005622121971100569 0.02200763300061226
v 0.010512376204133034 -0.0029159158002585173 0.022072874009609222
v 0.012364163063466549 0.0004867765528615564 0.02216752991080284
v 0.013080970384180546 0.003625187324360013 0.022262487560510635
v 0.01313037145882845 0.004283612128347158 0.02228318713605404
v 0.012742917984724045 0.008137221448123455 0.022409573197364807
v 0.01123623177409172 0.011705194599926472 0.022535454481840134
v 0.008744186721742153 0.014670496806502342 0.022649645805358887
v 0.005488211289048195 0.016769668087363243 0.022742003202438354
v 0.0017576151294633746 0.017816167324781418 0.022804317995905876
v -0.002116122981533408 0.017717014998197556 0.022831056267023087
v 0.0216046292334795 0.011801823042333126 0.02495984174311161
v 0.007123248651623726 -0.01658404991030693 0.024162745103240013
v -0.021272750571370125 -0.0021166717633605003 0.02484525740146637
v -0.006791369058191776 0.026269199326634407 0.025642354041337967
v 0.023120127618312836 0.00880926102399826 0.022350961342453957
v 0.022051651030778885 0.012863212265074253 0.022489020600914955
v 0.019719485193490982 0.01756099797785282 0.022657452151179314
v -0.012669999152421951 0.024367451667785645 0.02312549762427807
v -0.0079907001927495 0.026742152869701385 0.023165402933955193
v -0.0028986569959670305 0.028010116890072823 0.023166684433817863
v 0.002347850939258933 0.02810702472925186 0.02312927506864071
v 0.007482708431780338 0.027027973905205727 0.023055074736475945
v 0.012245464138686657 0.02482767216861248 0.022947844117879868
v -0.016247378662228584 0.0214663278311491 0.023060226812958717
v 0.016394540667533875 0.021617740392684937 0.02281302399933338
v 0.0036103439051657915 -0.01810585707426071 0.021639786660671234
v 0.008678567595779896 -0.016745811328291893 0.021644199267029762
v 0.01331403199583292 -0.014286691322922707 0.02168714813888073
v -0.0016335668042302132 -0.018297841772437096 0.021674131974577904
v -0.006787180434912443 -0.017312046140432358 0.02174549177289009
v -0.015795744955539703 -0.012064269743859768 0.021983087062835693
v -0.011589094065129757 -0.015198450535535812 0.02185024693608284
v -0.01919376105070114 -0.008068477734923363 0.022137271240353584
v -0.021610787138342857 -0.003413747064769268 0.02230498008430004
v -0.019873954355716705 0.016829662024974823 0.022939763963222504
v -0.016699206084012985 0.02100645750761032 0.023048991337418556
v -0.02292422391474247 0.0016638209344819188 0.022477705031633377
v -0.023067453876137733 0.006906676571816206 0.022646687924861908
v -0.0220332108438015 0.012048900127410889 0.022803356871008873
v -0.004890883807092905 -0.021909425035119057 0.02202041633427143
v -0.01139785349369049 -0.019818762317299843 0.022137578576803207
v 0.0188906230032444 0.014459330588579178 0.024865783751010895
v 0.019265107810497284 0.015392591245472431 0.023809656500816345
v 0.019059741869568825 0.015784749761223793 0.02428157813847065
v 0.0195491723716259 0.014842260628938675 0.023622281849384308
v 0.019069388508796692 0.01574474573135376 0.025530900806188583
v 0.019281815737485886 0.015323302708566189 0.025973547250032425
v 0.018988102674484253 0.015913650393486023 0.02491159737110138
v 0.0198525320738554 0.014211923815310001 0.025933552533388138
v 0.02005789615213871 0.01381976529955864 0.025461629033088684
v 0.019568465650081635 0.014762254431843758 0.026120925322175026
v 0.020048249512910843 0.013859768398106098 0.02421230636537075
v 0.01983582228422165 0.014281211420893669 0.023769661784172058
v 0.02012953720986843 0.013690863735973835 0.024831609800457954
v 0.02419760636985302 0.017227860167622566 0.02366277389228344
v 0.023913541808724403 0.017778189852833748 0.023850148543715477
v 0.023708175867795944 0.01817033439874649 0.02432207018136978
v 0.02363653853535652 0.01829923503100872 0.02495209127664566
v 0.02371782250702381 0.018130330368876457 0.025571392849087715
v 0.023930249735713005 0.017708901315927505 0.026014039292931557
v 0.024216899648308754 0.01714785397052765 0.026161419227719307
v 0.02450096607208252 0.016597507521510124 0.02597404643893242
v 0.02470633201301098 0.01620536483824253 0.025502122938632965
v 0.0247779693454504 0.01607646234333515 0.024872103706002235
v 0.024696683511137962 0.016245367005467415 0.02425280027091503
v 0.02448425628244877 0.016666796058416367 0.02381015568971634
v 0.024927351623773575 0.016324106603860855 0.025943061336874962
v 0.02464042603969574 0.016915127635002136 0.026371218264102936
v 0.024798424914479256 0.01659335568547249 0.026200799271464348
v 0.0241069458425045 0.017939915880560875 0.02624925598502159
v 0.024281132966279984 0.017614806070923805 0.026396455243229866
v 0.024463677778840065 0.017264604568481445 0.026438402011990547
v 0.02382798120379448 0.0184739138931036 0.024208644405007362
v 0.023738138377666473 0.01861494407057762 0.02496141567826271
v 0.023839514702558517 0.018426090478897095 0.02570214681327343
v 0.02425859123468399 0.017708634957671165 0.023457026109099388
v 0.02408670261502266 0.018023865297436714 0.023627493530511856
v 0.024778179824352264 0.016677305102348328 0.023579036816954613
v 0.02461748756468296 0.017009727656841278 0.023431874811649323
v 0.024440139532089233 0.017362212762236595 0.02339005470275879
v 0.025021227076649666 0.016124876216053963 0.02561933547258377
v 0.025093799456954002 0.015974991023540497 0.024866415187716484
v 0.025009695440530777 0.01617269776761532 0.024125834926962852
v 0.009774767793715 -0.01386584434658289 0.0240291990339756
v 0.010665366426110268 -0.014213631860911846 0.022928066551685333
v 0.01107594184577465 -0.0140193747356534 0.023388896137475967
v 0.01010804157704115 -0.014493624679744244 0.02275584638118744
v 0.011085589416325092 -0.014059377834200859 0.0246382188051939
v 0.010682075284421444 -0.014282920397818089 0.025091957300901413
v 0.01122975442558527 -0.013962917029857635 0.024014856666326523
v 0.009570010006427765 -0.014853631146252155 0.025082269683480263
v 0.009159435518085957 -0.015047889202833176 0.02462144009768963
v 0.010127334855496883 -0.014573631808161736 0.025254489853978157
v 0.009149787947535515 -0.015007886104285717 0.023372117429971695
v 0.009553301148116589 -0.014784343540668488 0.022918378934264183
v 0.009005622938275337 -0.01510434690862894 0.023995481431484222
v 0.012493635527789593 -0.019139230251312256 0.02258867211639881
v 0.013050961308181286 -0.01885923184454441 0.022760894149541855
v 0.013461536727845669 -0.018664980307221413 0.02322172187268734
v 0.013615348376333714 -0.018608516082167625 0.023847682401537895
v 0.013471183367073536 -0.018704984337091446 0.024471044540405273
v 0.013067670166492462 -0.018928518518805504 0.024924784898757935
v 0.012512929737567902 -0.019219238311052322 0.02508731745183468
v 0.011955603957176208 -0.019499238580465317 0.024915097281336784
v 0.011545028537511826 -0.019693488255143166 0.024454265832901
v 0.01139121688902378 -0.019749945029616356 0.023828309029340744
v 0.011535381898283958 -0.019653484225273132 0.023204943165183067
v 0.011938895098865032 -0.019429950043559074 0.022751206532120705
v 0.011681213974952698 -0.01992502622306347 0.024884643033146858
v 0.012288752943277359 -0.01964796707034111 0.025295842438936234
v 0.01196047943085432 -0.019802112132310867 0.02513454481959343
v 0.013307853601872921 -0.01911063864827156 0.025146281346678734
v 0.012988854199647903 -0.019288677722215652 0.025301998481154442
v 0.01264060940593481 -0.019472546875476837 0.02535337023437023
v 0.013760370202362537 -0.018781688064336777 0.023093456402420998
v 0.013931176625192165 -0.018709994852542877 0.023841993883252144
v 0.013771902769804 -0.018829509615898132 0.024586958810687065
v 0.012965869158506393 -0.0191947091370821 0.02236257679760456
v 0.013287609443068504 -0.01902668923139572 0.022524518892169
v 0.01194023434072733 -0.019718162715435028 0.022512782365083694
v 0.01226653903722763 -0.01955360732972622 0.022356484085321426
v 0.012617071159183979 -0.019374936819076538 0.022305022925138474
v 0.011469285003840923 -0.020011218264698982 0.024566899985074997
v 0.01128961518406868 -0.020065654069185257 0.023818982765078545
v 0.011457753367722034 -0.019963396713137627 0.02307339943945408
v -0.0185618307441473 -0.004761385731399059 0.024539532139897346
v -0.01950703002512455 -0.004583251662552357 0.025635654106736183
v -0.019719457253813744 -0.004161815624684095 0.02519300766289234
v -0.0192203801125288 -0.0051443083211779594 0.025783032178878784
v -0.01972910389304161 -0.004121812526136637 0.023943684995174408
v -0.0195237398147583 -0.004513964056968689 0.023471763357520103
v -0.019800744950771332 -0.003992918413132429 0.024573704227805138
v -0.018953023478388786 -0.005625350400805473 0.023431768640875816
v -0.018740596249699593 -0.006046793889254332 0.02387441322207451
v -0.019239673390984535 -0.0050643011927604675 0.023284388706088066
v -0.018730949610471725 -0.00608679698780179 0.025123735889792442
v -0.018936315551400185 -0.005694638472050428 0.025595659390091896
v -0.018659310415387154 -0.006215691100805998 0.024493718519806862
v -0.02386881411075592 -0.0075298999436199665 0.025742540135979652
v -0.02415546402335167 -0.006968843284994364 0.025595160201191902
v -0.024367893114686012 -0.0065474072471261024 0.02515251375734806
v -0.024449177086353302 -0.006378510035574436 0.024533212184906006
v -0.02437753975391388 -0.006507404148578644 0.023903191089630127
v -0.02417217381298542 -0.006899555679410696 0.023431269451975822
v -0.023888109251856804 -0.007449892815202475 0.023243894800543785
v -0.023601457476615906 -0.008010941557586193 0.023391276597976685
v -0.023389030247926712 -0.008432385511696339 0.023833921179175377
v -0.023307746276259422 -0.008601282723248005 0.02445322461426258
v -0.023379383608698845 -0.008472388610243797 0.02508324384689331
v -0.023584749549627304 -0.008080230094492435 0.025555167347192764
v -0.023510722443461418 -0.00872813817113638 0.02370316907763481
v -0.023409346118569374 -0.008916983380913734 0.02444390021264553
v -0.02349918894469738 -0.00877596065402031 0.02519666962325573
v -0.023952409625053406 -0.007916713133454323 0.02300882525742054
v -0.02377815544605255 -0.008241956122219563 0.0231560580432415
v -0.024469632655382156 -0.006895403377711773 0.023204514756798744
v -0.024311566725373268 -0.007217304781079292 0.023034049198031425
v -0.024134885519742966 -0.007566651329398155 0.022966913878917694
v -0.024692434817552567 -0.00642692344263196 0.02378598041832447
v -0.024765007197856903 -0.00627703033387661 0.024538900703191757
v -0.024680903181433678 -0.006474745459854603 0.02527948096394539
v -0.024449387565255165 -0.006979352794587612 0.02582627721130848
v -0.024288900196552277 -0.007311362307518721 0.025973327457904816
v -0.024111347272992134 -0.007664259523153305 0.026015259325504303
v -0.023610781878232956 -0.00858581718057394 0.025520240887999535
v -0.02375791035592556 -0.008325905539095402 0.025777820497751236
v -0.0239295344799757 -0.008011173456907272 0.025948110967874527
v -0.013602384366095066 0.02840793877840042 0.025563320145010948
v -0.013443110510706902 0.02852746844291687 0.024818357080221176
v -0.012979061342775822 0.028808582574129105 0.024259032681584358
v -0.012659934349358082 0.028986694291234016 0.024103276431560516
v -0.012311817146837711 0.02917049638926983 0.02405194565653801
v -0.011960094794631004 0.02934584766626358 0.024109428748488426
v -0.011631687171757221 0.029500069096684456 0.024270769208669662
v -0.011140492744743824 0.029709169641137123 0.024838415905833244
v -0.01096082292497158 0.0297635979950428 0.025586331263184547
v -0.011128961108624935 0.02966134622693062 0.026331916451454163
v -0.011611443012952805 0.029416121542453766 0.026892531663179398
v -0.01193733885884285 0.029251763597130775 0.027048707008361816
v -0.01228827890008688 0.02907288819551468 0.027100292965769768
v -0.012637576088309288 0.028892401605844498 0.0270425733178854
v -0.012958817183971405 0.028724633157253265 0.026880793273448944
v -0.013228741474449635 0.028583534061908722 0.026630239561200142
v -0.013431577943265438 0.028479645028710365 0.026311857625842094
v -0.0094459755346179 0.02356378734111786 0.02537611685693264
v -0.00922450888901949 0.024482302367687225 0.02648693509399891
v -0.008820995688438416 0.024705836549401283 0.026033196598291397
v -0.00977924931794405 0.024191582575440407 0.026649467647075653
v -0.008830643258988857 0.024745840579271317 0.024783873930573463
v -0.009241217747330666 0.02455158904194832 0.02432304620742798
v -0.008676831610500813 0.024802304804325104 0.02540983445942402
v -0.010353283025324345 0.023980870842933655 0.02431335859000683
v -0.010756797157227993 0.023757336661219597 0.02476709522306919
v -0.009798542596399784 0.024271588772535324 0.024150824174284935
v -0.010747150518000126 0.023717332631349564 0.026016417890787125
v -0.010336574167013168 0.023911582306027412 0.026477249339222908
v -0.01090096216648817 0.023660866543650627 0.02539045922458172
v -0.012164843268692493 0.028837181627750397 0.02681664191186428
v -0.011610102839767933 0.029127899557352066 0.026654109358787537
v -0.011206589639186859 0.029351435601711273 0.026200370863080025
v -0.011062424629926682 0.029447903856635094 0.025577006861567497
v -0.011216236278414726 0.029391439631581306 0.024951046332716942
v -0.01162681169807911 0.02919718809425831 0.024490218609571457
v -0.012184137478470802 0.028917187824845314 0.024317996576428413
v -0.012738877907395363 0.028626469895243645 0.024480530992150307
v -0.013142391107976437 0.028402933850884438 0.02493426762521267
v -0.013286556117236614 0.028306465595960617 0.025557633489370346
v -0.01313274446874857 0.028362931683659554 0.026183592155575752
v -0.012722169049084187 0.028557181358337402 0.026644421741366386
v 0.01856052875518799 -0.015302423387765884 -0.034416258335113525
v 0.019251294434070587 -0.015272133983671665 -0.03454430401325226
v 0.020418575033545494 -0.015231688506901264 -0.03442833945155144
v 0.019969169050455093 -0.015229878015816212 -0.035010915249586105
v 0.020623011514544487 -0.015217446722090244 -0.03462957218289375
v 0.02032831870019436 -0.015105938538908958 -0.038425784558057785
v 0.02038770541548729 -0.015103677287697792 -0.038426171988248825
v 0.02052971161901951 -0.015104730613529682 -0.03822719305753708
v 0.020595228299498558 -0.015102236531674862 -0.0382276214659214
v 0.020543603226542473 -0.015162335708737373 -0.036428168416023254
v 0.020425422117114067 -0.015189191326498985 -0.03573550656437874
v -0.019506005570292473 -0.01662886142730713 -0.03796685114502907
v -0.01930156908929348 -0.01661461964249611 -0.038168083876371384
v -0.01924218237400055 -0.016612358391284943 -0.038168471306562424
v -0.019440488889813423 -0.01662636734545231 -0.03796727955341339
v -0.01942659728229046 -0.016683971509337425 -0.03616825491189957
v -0.019478222355246544 -0.01674407161772251 -0.03436880186200142
v -0.019297730177640915 -0.01670142263174057 -0.03547719866037369
v -0.019270699471235275 -0.016742629930377007 -0.034170251339673996
v -0.01883033476769924 -0.01670694723725319 -0.034758612513542175
v -0.01810532622039318 -0.016694271937012672 -0.034301385283470154
v 0.009870490990579128 -0.015789253637194633 -0.04216897487640381
v 0.01005141343921423 -0.015700967982411385 -0.04236765205860138
v 0.010690632276237011 -0.017615875229239464 -0.042233798652887344
v 0.010871553793549538 -0.017527589574456215 -0.042432475835084915
v 0.009744042530655861 -0.015053016133606434 -0.042144425213336945
v 0.009941824711859226 -0.01506289653480053 -0.04234637692570686
v 0.00998876616358757 -0.014347093179821968 -0.0421237088739872
v 0.010153918527066708 -0.014451098628342152 -0.042328424751758575
v 0.010543900541961193 -0.01384675968438387 -0.04211197793483734
v 0.010635034181177616 -0.014017477631568909 -0.042318254709243774
v 0.012654852122068405 -0.018149273470044136 -0.04246615245938301
v 0.012748283334076405 -0.018333202227950096 -0.0422726534307003
v 0.012165209278464317 -0.018497206270694733 -0.04227340221405029
v 0.01214952114969492 -0.01829141192138195 -0.04246680065989494
v 0.011564835906028748 -0.018417363986372948 -0.04226621240377426
v 0.011629198677837849 -0.01822221837937832 -0.042460568249225616
v 0.01104506105184555 -0.018106702715158463 -0.042252250015735626
v 0.011178726330399513 -0.017952976748347282 -0.04244846850633621
v 0.015030045993626118 -0.01079410221427679 -0.042048871517181396
v 0.015159360133111477 -0.010938840918242931 -0.04225461184978485
v 0.012875394895672798 -0.012450278736650944 -0.04208526387810707
v 0.012986371293663979 -0.012609107419848442 -0.0422913134098053
v 0.019486872479319572 -0.01319996826350689 -0.04236042872071266
v 0.019628586247563362 -0.01334892027080059 -0.04216618463397026
v 0.01637524925172329 -0.016098733991384506 -0.04222911223769188
v 0.016256365925073624 -0.015930483117699623 -0.04242291674017906
v 0.015585038810968399 -0.010490368120372295 -0.04204343259334564
v 0.01564035378396511 -0.010675602592527866 -0.042249895632267
v 0.01621589995920658 -0.010442333295941353 -0.04204676300287247
v 0.016187099739909172 -0.010633966885507107 -0.042252786457538605
v 0.01875292882323265 -0.010986140929162502 -0.04228387400507927
v 0.01878172717988491 -0.010794507339596748 -0.04207785427570343
v 0.01940228044986725 -0.011027488857507706 -0.04209010675549507
v 0.01929073967039585 -0.011188059113919735 -0.042294494807720184
v 0.019861681386828423 -0.011505094356834888 -0.04210894554853439
v 0.019688887521624565 -0.011601993814110756 -0.04231082275509834
v 0.020070191472768784 -0.012134035117924213 -0.042130693793296814
v 0.019869595766067505 -0.012147068977355957 -0.04232967272400856
v 0.019987082108855247 -0.012791448272764683 -0.04215110465884209
v 0.019797569140791893 -0.01271683257073164 -0.04234736040234566
v -0.005755577236413956 -0.020794732496142387 -0.04240870103240013
v -0.0057922545820474625 -0.02099735476076603 -0.04221479594707489
v -0.00907338410615921 -0.02015458047389984 -0.04216247424483299
v -0.009013681672513485 -0.01995787024497986 -0.04235674440860748
v -0.012231173925101757 -0.01892855204641819 -0.04209883511066437
v -0.012149310670793056 -0.018740447238087654 -0.042293548583984375
v -0.012719333171844482 -0.0185703057795763 -0.04208359122276306
v -0.01257238257676363 -0.018429964780807495 -0.04228034242987633
v -0.013025897555053234 -0.01804826594889164 -0.04206451028585434
v -0.012838072143495083 -0.017977528274059296 -0.04226380214095116
v -0.013100880198180676 -0.017447546124458313 -0.04204469546675682
v -0.012903056107461452 -0.017456909641623497 -0.042246632277965546
v -0.01293205376714468 -0.016866106539964676 -0.04202738031744957
v -0.012756739743053913 -0.016952995210886 -0.04223162680864334
v -0.0042193070985376835 -0.01969604566693306 -0.04238538071513176
v -0.004019635729491711 -0.01972963847219944 -0.0421878919005394
v -0.004221627488732338 -0.020300423726439476 -0.0422046072781086
v -0.004394366405904293 -0.020190726965665817 -0.04239986836910248
v -0.004632975906133652 -0.02074488438665867 -0.04221566393971443
v -0.004750869236886501 -0.02057591825723648 -0.04240944981575012
v -0.005186609458178282 -0.02099054493010044 -0.04221925511956215
v -0.005230684299021959 -0.020788826048374176 -0.042412564158439636
v -0.011821417137980461 -0.015182094648480415 -0.04218214377760887
v -0.011996732093393803 -0.01509520597755909 -0.0419779010117054
v -0.003746618516743183 -0.017745938152074814 -0.042126480489969254
v -0.003946289885789156 -0.017712345346808434 -0.04232397302985191
v -0.011494110338389874 -0.014542195945978165 -0.04196407273411751
v -0.011385813355445862 -0.014702818356454372 -0.04217015951871872
v -0.010786949656903744 -0.014300200156867504 -0.04196178540587425
v -0.010772939771413803 -0.01449308730661869 -0.04216817766427994
v -0.010050827637314796 -0.014429311268031597 -0.0419716015458107
v -0.010134967975318432 -0.014604980126023293 -0.042176686227321625
v -0.004980005789548159 -0.016261257231235504 -0.042269524186849594
v -0.0049393679946660995 -0.016071602702140808 -0.04206365719437599
v -0.004265898372977972 -0.016395393759012222 -0.042079225182533264
v -0.004396332893520594 -0.016541868448257446 -0.04228301718831062
v -0.003832441521808505 -0.01700386218726635 -0.04210205748677254
v -0.004020669963210821 -0.017069214954972267 -0.04230280593037605
v -0.0075422171503305435 -0.015396866016089916 -0.04202195629477501
v -0.007605008315294981 -0.015580776147544384 -0.04222746565937996
v -6.013705569785088e-05 -0.026186492294073105 -0.037622611969709396
v -6.785457662772387e-05 -0.02615448832511902 -0.03862207010388374
v 5.4831871239002794e-05 -0.02568201906979084 -0.0376073457300663
v 4.7114350309129804e-05 -0.025650016963481903 -0.038606803864240646
v 0.0004067440459039062 -0.025302516296505928 -0.037597913295030594
v 0.00039902652497403324 -0.02527051419019699 -0.03859736770391464
v 0.0009013059316202998 -0.025149691849946976 -0.03759683668613434
v 0.0008935884106904268 -0.02511768974363804 -0.038596294820308685
v 0.0014059991808608174 -0.025264475494623184 -0.03760441020131111
v 0.0013982816599309444 -0.025232473388314247 -0.03860386461019516
v 0.001785592408850789 -0.025616131722927094 -0.03761859983205795
v 0.001777874887920916 -0.025584127753973007 -0.0386180579662323
v 0.0019383731996640563 -0.026110408827662468 -0.03763560950756073
v 0.0019306556787341833 -0.02607840672135353 -0.03863506391644478
v -0.012201846577227116 -0.01905016228556633 -0.03830089047551155
v -0.012690005823969841 -0.01869191788136959 -0.03828565031290054
v -0.012996571138501167 -0.01816987618803978 -0.03826656937599182
v -0.013071553781628609 -0.017569156363606453 -0.0382467545568943
v -0.012902727350592613 -0.016987718641757965 -0.03822943940758705
v -0.0039903088472783566 -0.01985124871134758 -0.03838995099067688
v -0.004192300606518984 -0.020422033965587616 -0.03840666636824608
v -0.004603649023920298 -0.02086649462580681 -0.03841772302985191
v -0.005157283041626215 -0.02111215516924858 -0.03842131420969963
v -0.005762928165495396 -0.02111896499991417 -0.03841685503721237
v -0.0049100411124527454 -0.016193212941288948 -0.038265716284513474
v -0.004236571956425905 -0.016517003998160362 -0.038281284272670746
v -0.0038031148724257946 -0.01712547242641449 -0.03830411657691002
v -0.0037172918673604727 -0.017867548391222954 -0.038328539580106735
v -0.011967404745519161 -0.01521681621670723 -0.03817995637655258
v -0.011464783921837807 -0.014663806185126305 -0.03816613182425499
v -0.010757623240351677 -0.014421810396015644 -0.038163844496011734
v -0.01002150122076273 -0.014550921507179737 -0.03817366063594818
v 0.012777610681951046 -0.018454812467098236 -0.038474712520837784
v 0.012194535695016384 -0.018618816509842873 -0.038475461304187775
v 0.011594163253903389 -0.018538974225521088 -0.03846827149391174
v 0.011074387468397617 -0.018228312954306602 -0.03845430910587311
v 0.010719958692789078 -0.017737485468387604 -0.03843585401773453
v 0.009899817407131195 -0.015910863876342773 -0.03837103396654129
v 0.009773369878530502 -0.015174626372754574 -0.038346484303474426
v 0.010018093511462212 -0.014468703418970108 -0.03832576796412468
v 0.01057322695851326 -0.013968369923532009 -0.03831403702497482
v 0.018811054527759552 -0.010916117578744888 -0.03827991336584091
v 0.01943160593509674 -0.011149099096655846 -0.038292162120342255
v 0.019891008734703064 -0.011626704595983028 -0.038311004638671875
v 0.020099518820643425 -0.012255645357072353 -0.038332752883434296
v 0.02001640945672989 -0.012913058511912823 -0.03835316002368927
v 0.019657911732792854 -0.01347053050994873 -0.03836824372410774
v 0.015059372410178185 -0.01091571245342493 -0.03825093060731888
v 0.015614365227520466 -0.010611978359520435 -0.038245487958192825
v 0.016245227307081223 -0.010563944466412067 -0.03824882209300995
v 0.012904721312224865 -0.012571888975799084 -0.03828732296824455
v 0.01640457473695278 -0.016220344230532646 -0.03843117132782936
v -0.007512890733778477 -0.015518476255238056 -0.03822401538491249
v -0.009044057689607143 -0.02027619071304798 -0.038364533334970474
v -0.02140491083264351 0.010983026586472988 -0.03676789253950119
v -0.02189929038286209 0.011095683090388775 -0.037260737270116806
v -0.01987619325518608 0.015733106061816216 -0.036627598106861115
v -0.02033502236008644 0.015956245362758636 -0.037117183208465576
v -0.017292797565460205 0.0200030617415905 -0.03651082143187523
v -0.01769154705107212 0.02032548375427723 -0.03699769079685211
v -0.013793990947306156 0.02356267161667347 -0.036423858255147934
v -0.014111370779573917 0.023967867717146873 -0.03690870478749275
v -0.009568396024405956 0.026220032945275307 -0.03637139871716499
v -0.009787507355213165 0.02668703719973564 -0.036855027079582214
v -0.004843816161155701 0.027831902727484703 -0.03635627031326294
v -0.004953053314238787 0.028336402028799057 -0.03683954477310181
v 0.00012504561163950711 0.028311382979154587 -0.03637928515672684
v 0.00013136320922058076 0.028827032074332237 -0.036863092333078384
v 0.005070316605269909 0.02763262391090393 -0.0364392027258873
v 0.005191640462726355 0.02813248708844185 -0.03692440688610077
v 0.009725396521389484 0.025832202285528183 -0.036532800644636154
v 0.00995497778058052 0.02629019133746624 -0.037020180374383926
v 0.013839326798915863 0.02300720475614071 -0.03665502369403839
v 0.014164581894874573 0.02339950203895569 -0.03714524582028389
v 0.017190327867865562 0.019309913739562035 -0.03679928556084633
v 0.017593512311577797 0.01961621455848217 -0.03729286417365074
v 0.019597742706537247 0.014939636923372746 -0.03695781156420708
v 0.020056914538145065 0.015144320204854012 -0.03745507448911667
v 0.0209317896515131 0.010132008232176304 -0.037122052162885666
v 0.02142198570072651 0.010224876925349236 -0.03762313723564148
v 0.021171437576413155 0.007644627243280411 -0.03720355033874512
v 0.021667204797267914 0.0076796491630375385 -0.03770652785897255
v 0.021120548248291016 0.005146179348230362 -0.03728315606713295
v 0.021615132689476013 0.005123103968799114 -0.037787988781929016
v 0.020153842866420746 0.0002509626210667193 -0.037432439625263214
v 0.020625947043299675 0.00011403566895751283 -0.03794074058532715
v 0.018083790317177773 -0.0042897616513073444 -0.037561848759651184
v 0.01850775256752968 -0.00453228410333395 -0.038073159754276276
v 0.01502198539674282 -0.008231191895902157 -0.03766440972685814
v 0.015374744310975075 -0.008565373718738556 -0.038178108632564545
v 0.011133492924273014 -0.011360843665897846 -0.03773459792137146
v 0.01139582134783268 -0.011767810210585594 -0.03824992477893829
v 0.006627940572798252 -0.013509996235370636 -0.03776862099766731
v 0.006785488687455654 -0.01396693754941225 -0.03828474134206772
v 0.0017482247203588486 -0.014562784694135189 -0.03776465356349945
v 0.0017922910628840327 -0.01504421979188919 -0.038280680775642395
v -0.0032425876706838608 -0.014462470076978207 -0.03772290050983429
v -0.0033145868219435215 -0.014941563829779625 -0.038237959146499634
v -0.008075441233813763 -0.01321443635970354 -0.037645623087882996
v -0.008259831927716732 -0.013664512895047665 -0.03815888240933418
v -0.012489794753491879 -0.01088598370552063 -0.03753697872161865
v -0.012776845134794712 -0.011281909421086311 -0.03804771229624748
v -0.016247669234871864 -0.007602629717439413 -0.03740282729268074
v -0.016622113063931465 -0.007922196760773659 -0.03791044279932976
v -0.019146477803587914 -0.00354139250703156 -0.03725040331482887
v -0.01958833448588848 -0.0037665076088160276 -0.037754472345113754
v -0.021029945462942123 0.0010788029758259654 -0.03708792105317116
v -0.021515604108572006 0.0009611265850253403 -0.0375882089138031
v -0.021796531975269318 0.00600886857137084 -0.03692413866519928
v -0.02230001799762249 0.006005849689245224 -0.03742062300443649
v 0.021143700927495956 0.0050501711666584015 -0.03428478538990021
v 0.020802967250347137 0.0025744615122675896 -0.034361425787210464
v 0.020176995545625687 0.00015495451225433499 -0.03443406522274017
v 0.01927425153553486 -0.002175633329898119 -0.03450172021985054
v 0.018106942996382713 -0.004385769367218018 -0.03456347435712814
v 0.016690855845808983 -0.0064455741085112095 -0.034618496894836426
v 0.015045138075947762 -0.008327200077474117 -0.0346660390496254
v 0.01319204829633236 -0.010005185380578041 -0.03470545634627342
v 0.011156645603477955 -0.011456851847469807 -0.03473622351884842
v 0.00896645337343216 -0.012662554159760475 -0.03475791960954666
v 0.006651093252003193 -0.013606004416942596 -0.03477025032043457
v 0.0042418744415044785 -0.014274431392550468 -0.034773048013448715
v 0.0017713772831484675 -0.01465879287570715 -0.03476627916097641
v -0.0007269878406077623 -0.014753904193639755 -0.03475003316998482
v -0.00321943499147892 -0.014558478258550167 -0.03472452983260155
v -0.0056722587905824184 -0.014075145125389099 -0.03469011187553406
v -0.008052288554608822 -0.013310444541275501 -0.034647248685359955
v -0.010327338241040707 -0.012274731881916523 -0.0345965176820755
v -0.012466642074286938 -0.01098199188709259 -0.03453860431909561
v -0.01444126944988966 -0.009449725970625877 -0.034474294632673264
v -0.016224516555666924 -0.0076986378990113735 -0.034404456615448
v -0.017792269587516785 -0.005752426106482744 -0.034330032765865326
v -0.019123325124382973 -0.0036374006886035204 -0.03425202891230583
v -0.02019968442618847 -0.0013821558095514774 -0.03417150676250458
v -0.021006792783737183 0.0009827949106693268 -0.03408954665064812
v -0.021533731371164322 0.0034254728816449642 -0.03400726616382599
v -0.021773379296064377 0.00591286038979888 -0.03392576798796654
v -0.021722491830587387 0.008411301299929619 -0.033846158534288406
v -0.021381758153438568 0.010887018404901028 -0.03376951813697815
v -0.020755786448717117 0.013306518085300922 -0.03369687870144844
v -0.01985304057598114 0.015637097880244255 -0.033629223704338074
v -0.018685733899474144 0.017847249284386635 -0.03356746956706047
v -0.017269644886255264 0.01990705356001854 -0.03351245075464249
v -0.009545243345201015 0.026124024763703346 -0.03337302803993225
v -0.015623928047716618 0.021788671612739563 -0.033464908599853516
v -0.013770838268101215 0.02346666343510151 -0.03342548757791519
v -0.011735435575246811 0.024918315932154655 -0.033394720405340195
v -0.007229882758110762 0.027067475020885468 -0.03336069732904434
v -0.00482066348195076 0.027735894545912743 -0.0333578959107399
v -0.002350166905671358 0.028120264410972595 -0.033364664763212204
v 0.00014819820353295654 0.028215374797582626 -0.033380910754203796
v 0.002640645718201995 0.028019940480589867 -0.03340641409158707
v 0.00509346928447485 0.02753661572933197 -0.033440832048654556
v 0.013862479478120804 0.02291119657456875 -0.03365664929151535
v 0.007473498582839966 0.026771916076540947 -0.03348369523882866
v 0.009748549200594425 0.025736194103956223 -0.03353442624211311
v 0.011887852102518082 0.02444346994161606 -0.033592339605093
v 0.019620895385742188 0.014843628741800785 -0.033959437161684036
v 0.015645727515220642 0.021160118281841278 -0.033726487308740616
v 0.017213480547070503 0.019213905557990074 -0.03380091115832329
v 0.01854453608393669 0.017098866403102875 -0.03387891501188278
v 0.020428001880645752 0.01247868500649929 -0.0340413972735405
v 0.02095494233071804 0.010036000050604343 -0.034123681485652924
v 0.021194590255618095 0.007548619527369738 -0.034205175936222076
v -0.005952928215265274 0.034377604722976685 -0.03497748076915741
v -0.006793683860450983 0.03411780297756195 -0.034979309886693954
v -0.007250592112541199 0.03580814599990845 -0.03658255562186241
v -0.006603047251701355 0.03598523885011673 -0.03655187040567398
v -0.0059401411563158035 0.03609088063240051 -0.03658362105488777
v -0.005094950087368488 0.03418247029185295 -0.034990355372428894
v -0.004332737997174263 0.03570298105478287 -0.03660845384001732
v -0.004449641797691584 0.03358466923236847 -0.03501448035240173
v -0.0030573057010769844 0.034521449357271194 -0.03665613755583763
v -0.004189914092421532 0.032744377851486206 -0.035043392330408096
v -0.0025439616292715073 0.0328606478869915 -0.03671327978372574
v -0.004385360982269049 0.03188677132129669 -0.03506934270262718
v -0.0029302563052624464 0.031165599822998047 -0.03676457330584526
v -0.0049836114048957825 0.031241612508893013 -0.03508538007736206
v -0.004112682305276394 0.029890498146414757 -0.03679627180099487
v -0.005824366584420204 0.03098181076347828 -0.035087209194898605
v -0.005774409044533968 0.029376983642578125 -0.03679988160729408
v -0.006682345177978277 0.031176943331956863 -0.03507433459162712
v -0.007470179349184036 0.02976268157362938 -0.03677443787455559
v -0.007327653933316469 0.03177475929260254 -0.03505020961165428
v -0.008745611645281315 0.030944213271141052 -0.036726757884025574
v -0.007587381172925234 0.03261503577232361 -0.03502129763364792
v -0.009258955717086792 0.032605014741420746 -0.03666961193084717
v -0.007391934748739004 0.033472657203674316 -0.03499534726142883
v -0.00887266080826521 0.0343000628054142 -0.036618322134017944
v -0.007690235041081905 0.03557516261935234 -0.03658662363886833
v -0.007569322362542152 0.03254014998674393 -0.032682567834854126
v -0.007373875938355923 0.033397771418094635 -0.03265661373734474
v -0.006775624584406614 0.03404291346669197 -0.03264057636260986
v -0.005934869404882193 0.034302718937397 -0.03263875097036362
v -0.00507689081132412 0.03410758450627327 -0.0326516255736351
v -0.004431582987308502 0.03350978344678879 -0.03267574682831764
v -0.004171854816377163 0.032669492065906525 -0.032704658806324005
v -0.00436730170622468 0.03181188553571701 -0.03273061290383339
v -0.004965552594512701 0.03116672672331333 -0.03274665027856827
v -0.005806307308375835 0.03090692311525345 -0.032748475670814514
v -0.006664286367595196 0.031102055683732033 -0.03273560479283333
v -0.007309595122933388 0.03169987350702286 -0.03271147981286049
v 0.028664695098996162 0.0137807447463274 -0.0375652052462101
v 0.028803426772356033 0.013303599320352077 -0.037553586065769196
v 0.02703937515616417 0.013283330015838146 -0.03590767830610275
v 0.02884289249777794 0.013132824562489986 -0.03755731135606766
v 0.027299102395772934 0.01244304608553648 -0.035936590284109116
v 0.028947236016392708 0.01247099693864584 -0.03760932385921478
v 0.02710365504026413 0.011585433036088943 -0.0359625443816185
v 0.02855876088142395 0.01086426991969347 -0.03765777125954628
v 0.026505405083298683 0.010940289124846458 -0.03597858175635338
v 0.027376335114240646 0.009589160792529583 -0.03768946975469589
v 0.02566464990377426 0.010680478997528553 -0.035980407148599625
v 0.025714607909321785 0.009075659327208996 -0.0376930795609951
v 0.02480667270720005 0.010875619947910309 -0.03596753627061844
v 0.02401883900165558 0.00946134328842163 -0.03766763582825661
v 0.024161363020539284 0.01147342287003994 -0.0359434112906456
v 0.022743405774235725 0.010642883367836475 -0.03761995583772659
v 0.02390163578093052 0.012313706800341606 -0.035914499312639236
v 0.022230062633752823 0.012303683906793594 -0.037562813609838486
v 0.024097081273794174 0.013171319849789143 -0.03588854521512985
v 0.02261635661125183 0.013998731970787048 -0.037511520087718964
v 0.02469533309340477 0.013816471211612225 -0.035872507840394974
v 0.023798782378435135 0.015273848548531532 -0.03747982159256935
v 0.02553608827292919 0.014076273888349533 -0.03587068244814873
v 0.025460509583353996 0.01578735001385212 -0.03747621178627014
v 0.026394067332148552 0.013881140388548374 -0.03588355332612991
v 0.027156278491020203 0.015401666052639484 -0.037501655519008636
v 0.028431709855794907 0.014220118522644043 -0.03754933550953865
v 0.023919694125652313 0.012238821014761925 -0.033575765788555145
v 0.024115141481161118 0.013096433132886887 -0.03354981541633606
v 0.024713393300771713 0.013741584494709969 -0.03353377804160118
v 0.025554146617650986 0.014001387171447277 -0.033531948924064636
v 0.026412125676870346 0.013806254602968693 -0.03354482352733612
v 0.027057433500885963 0.013208444230258465 -0.03356894850730896
v 0.027317160740494728 0.012368159368634224 -0.03359786048531532
v 0.027121715247631073 0.011510547250509262 -0.03362381085753441
v 0.026523463428020477 0.010865403339266777 -0.03363984823226929
v 0.025682710111141205 0.010605593211948872 -0.03364167734980583
v 0.024824731051921844 0.010800733231008053 -0.03362880274653435
v 0.024179421365261078 0.011398536153137684 -0.03360467776656151
v 0.0037781705614179373 -0.018307523801922798 -0.03673960641026497
v 0.0022974438033998013 -0.017480110749602318 -0.03836257755756378
v 0.004376421682536602 -0.017662379890680313 -0.03672356531023979
v 0.0034798698034137487 -0.01620500162243843 -0.03833087906241417
v 0.005217176396399736 -0.017402568832039833 -0.036721739917993546
v 0.005141596309840679 -0.015691492706537247 -0.03832726925611496
v 0.006075155455619097 -0.017597710713744164 -0.03673461452126503
v 0.0068373666144907475 -0.016077185049653053 -0.038352712988853455
v 0.0067204637452960014 -0.018195511773228645 -0.03675873950123787
v 0.008112799376249313 -0.017258724197745323 -0.03840039297938347
v 0.006980190984904766 -0.01903579756617546 -0.036787647753953934
v 0.00862614344805479 -0.018919523805379868 -0.038457535207271576
v 0.006784744560718536 -0.019893409684300423 -0.03681360185146332
v 0.008239848539233208 -0.02061457373201847 -0.0385088287293911
v 0.006186493206769228 -0.020538553595542908 -0.036829639226198196
v 0.007057422772049904 -0.021889682859182358 -0.03854052722454071
v 0.005345738027244806 -0.02079836279153824 -0.03683146461844444
v 0.005395695101469755 -0.022403184324502945 -0.03854414075613022
v 0.004487759433686733 -0.020603222772479057 -0.03681859374046326
v 0.003699925960972905 -0.022017499431967735 -0.038518697023391724
v 0.003842451609671116 -0.020005419850349426 -0.03679446876049042
v 0.002424493432044983 -0.020835960283875465 -0.03847101330757141
v 0.003582723904401064 -0.01916513592004776 -0.036765556782484055
v 0.0019111493602395058 -0.019175158813595772 -0.038413871079683304
v 0.003600782947614789 -0.01924002170562744 -0.03442682325839996
v 0.0037962296046316624 -0.01838240958750248 -0.03440087288618088
v 0.004394480958580971 -0.017737265676259995 -0.034384835511446
v 0.005235235206782818 -0.017477456480264664 -0.034383006393909454
v 0.0060932147316634655 -0.017672596499323845 -0.03439588099718094
v 0.006738522555679083 -0.018270399421453476 -0.03442000597715378
v 0.006998250260949135 -0.019110683351755142 -0.03444891795516014
v 0.006802803371101618 -0.019968295469880104 -0.03447486832737923
v 0.006204552482813597 -0.02061343938112259 -0.034490905702114105
v 0.005363797303289175 -0.02087325043976307 -0.03449273481965065
v 0.004505818709731102 -0.020678110420703888 -0.034479860216379166
v 0.0038605104200541973 -0.020080307498574257 -0.034455735236406326
v -0.02790629304945469 0.0011361964279785752 -0.035872358828783035
v -0.027646563947200775 0.0002959120029117912 -0.0359012670814991
v -0.02929750643670559 -9.525314817437902e-05 -0.037561945617198944
v -0.029475241899490356 0.0005507466266863048 -0.03750987350940704
v -0.029580047354102135 0.0012144942302256823 -0.03751782700419426
v -0.027710845693945885 0.0019938091281801462 -0.03584640473127365
v -0.029191572219133377 0.002821221947669983 -0.03746937960386276
v -0.02711259387433529 0.0026389530394226313 -0.03583036735653877
v -0.028009146451950073 0.004096330609172583 -0.03743768110871315
v -0.026271840557456017 0.0028987631667405367 -0.035828541964292526
v -0.02634742110967636 0.004609839525073767 -0.03743406757712364
v -0.025413861498236656 0.002703622682020068 -0.03584141284227371
v -0.024651650339365005 0.004224148113280535 -0.03745951130986214
v -0.02476855367422104 0.0021058199927210808 -0.03586553782224655
v -0.0233762189745903 0.0030426080338656902 -0.03750719502568245
v -0.024508824571967125 0.0012655354803428054 -0.035894449800252914
v -0.02286287397146225 0.0013818079605698586 -0.03756433725357056
v -0.02470427192747593 0.0004079229256603867 -0.035920400172472
v -0.023249167948961258 -0.00031324083101935685 -0.03761563077569008
v -0.025302523747086525 -0.00023722117475699633 -0.03593644127249718
v -0.024431593716144562 -0.0015883496962487698 -0.03764732927083969
v -0.026143278926610947 -0.0004970311420038342 -0.03593826666474342
v -0.026093320921063423 -0.00210185837931931 -0.0376509390771389
v -0.027001256123185158 -0.0003018906572833657 -0.03592539206147194
v -0.02778909169137478 -0.0017161670839414 -0.037625495344400406
v -0.029064523056149483 -0.0005346270627342165 -0.03757781535387039
v -0.027888232842087746 0.0010613100603222847 -0.033533625304698944
v -0.02769278734922409 0.0019189227605238557 -0.03350767493247986
v -0.027094535529613495 0.0025640667881816626 -0.03349163383245468
v -0.026253782212734222 0.0028238766826689243 -0.033489808440208435
v -0.025395803153514862 0.002628736197948456 -0.03350268304347992
v -0.024750493466854095 0.002030933741480112 -0.03352680802345276
v -0.02449076622724533 0.0011906491126865149 -0.03355571627616882
v -0.024686213582754135 0.0003330365289002657 -0.03358167037367821
v -0.02528446540236473 -0.0003121075569652021 -0.033597707748413086
v -0.026125218719244003 -0.0005719175096601248 -0.03359953314065933
v -0.026983197778463364 -0.00037677702493965626 -0.033586662262678146
v -0.02762850560247898 0.00022102563525550067 -0.03356253728270531
v 0.020776374265551567 0.025479622185230255 -0.03546879440546036
v 0.02013106644153595 0.026077425107359886 -0.03544466942548752
v 0.021314870566129684 0.027333935722708702 -0.03707447648048401
v 0.021792881190776825 0.026861710473895073 -0.037063270807266235
v 0.02221478335559368 0.026341011747717857 -0.03711321949958801
v 0.02103610150516033 0.024639343842864037 -0.03549770265817642
v 0.022682055830955505 0.02475561760365963 -0.037167590111494064
v 0.020840656012296677 0.023781724274158478 -0.035523656755685806
v 0.022295759990811348 0.023060569539666176 -0.037218883633613586
v 0.02024240419268608 0.023136582225561142 -0.035539694130420685
v 0.021113334223628044 0.021785452961921692 -0.0372505821287632
v 0.01940165087580681 0.02287677861750126 -0.03554151952266693
v 0.019451608881354332 0.021271951496601105 -0.03725419566035271
v 0.018543671816587448 0.023071911185979843 -0.035528648644685745
v 0.017755838111042976 0.021657636389136314 -0.037228748202323914
v 0.01789836399257183 0.023669714108109474 -0.035504523664712906
v 0.016480406746268272 0.02283918298780918 -0.0371810682117939
v 0.017638634890317917 0.024510005488991737 -0.03547561168670654
v 0.01596706174314022 0.024499982595443726 -0.03712392598390579
v 0.01783408224582672 0.025367610156536102 -0.03544966131448746
v 0.016353357583284378 0.026195015758275986 -0.03707263246178627
v 0.018432334065437317 0.026012754067778587 -0.03543362021446228
v 0.017535783350467682 0.02747013233602047 -0.03704093396663666
v 0.01927308924496174 0.026272572576999664 -0.035431794822216034
v 0.019197508692741394 0.027983633801341057 -0.03703732416033745
v 0.02089327946305275 0.027597950771450996 -0.03706276789307594
v 0.01765669509768486 0.024435119703412056 -0.03313687816262245
v 0.017852140590548515 0.02529272437095642 -0.033110927790403366
v 0.01845039427280426 0.025937868282198906 -0.03309489041566849
v 0.019291147589683533 0.026197686791419983 -0.03309306129813194
v 0.020149126648902893 0.026002537459135056 -0.03310593590140343
v 0.02079443447291851 0.025404734537005424 -0.033130060881376266
v 0.021054161712527275 0.024564458057284355 -0.03315897285938263
v 0.02085871435701847 0.023706838488578796 -0.033184923231601715
v 0.020260464400053024 0.02306169457733631 -0.033200960606336594
v 0.019419709220528603 0.022801892831921577 -0.03320278972387314
v 0.01856173202395439 0.022997025400400162 -0.033189915120601654
v 0.017916422337293625 0.023594828322529793 -0.033165790140628815
v -0.021383564919233322 -0.011900381185114384 -0.03634015470743179
v -0.020738257095217705 -0.012498184107244015 -0.03636427968740463
v -0.02194768190383911 -0.013648438267409801 -0.038052674382925034
v -0.022425230592489243 -0.013178140856325626 -0.03800391033291817
v -0.022847594693303108 -0.012655530124902725 -0.03801393136382103
v -0.021643292158842087 -0.011060096323490143 -0.03631124272942543
v -0.023314867168664932 -0.01107012014836073 -0.03795955702662468
v -0.02144784666597843 -0.010202484205365181 -0.036285292357206345
v -0.022928573191165924 -0.009375070221722126 -0.037908267229795456
v -0.020849594846367836 -0.009557339362800121 -0.036269254982471466
v -0.02174614742398262 -0.008099962025880814 -0.037876568734645844
v -0.020008841529488564 -0.009297529235482216 -0.03626742586493492
v -0.02008442021906376 -0.007586452644318342 -0.037872955203056335
v -0.019150862470269203 -0.009492669254541397 -0.036280300468206406
v -0.018388651311397552 -0.007972144521772861 -0.03789839893579483
v -0.018505552783608437 -0.010090473107993603 -0.036304425448179245
v -0.0171132180839777 -0.009153684601187706 -0.03794608265161514
v -0.018245825543999672 -0.010930757969617844 -0.03633333742618561
v -0.016599874943494797 -0.010814485140144825 -0.03800322487950325
v -0.018441272899508476 -0.011788370087742805 -0.036359287798404694
v -0.016986168920993805 -0.012509534135460854 -0.03805451840162277
v -0.019039524719119072 -0.01243351399898529 -0.03637532517313957
v -0.01816859468817711 -0.01378464326262474 -0.038086216896772385
v -0.019880279898643494 -0.012693324126303196 -0.03637715429067612
v -0.01983032189309597 -0.014298143796622753 -0.038089826703071594
v -0.021526090800762177 -0.013912459835410118 -0.0380643829703331
v -0.021625233814120293 -0.011134983040392399 -0.03397251293063164
v -0.02142978645861149 -0.010277369990944862 -0.03394656255841255
v -0.020831536501646042 -0.009632225148379803 -0.033930521458387375
v -0.01999078132212162 -0.009372415952384472 -0.03392869606614113
v -0.01913280412554741 -0.009567555971443653 -0.03394157066941261
v -0.018487494438886642 -0.010165359824895859 -0.03396569564938545
v -0.018227767199277878 -0.011005643755197525 -0.03399460390210152
v -0.018423212692141533 -0.011863256804645061 -0.0340205579996109
v -0.019021466374397278 -0.012508400715887547 -0.03403659537434578
v -0.01986221969127655 -0.012768210843205452 -0.034038420766592026
v -0.02072019875049591 -0.012573069892823696 -0.03402554988861084
v -0.021365506574511528 -0.01197526790201664 -0.034001424908638
v 0.020628783851861954 -0.014636192470788956 -0.03441089391708374
v 0.021146317943930626 -0.014252867549657822 -0.03460272401571274
v 0.020817169919610023 -0.014698588289320469 -0.034614454954862595
v 0.020804328843951225 -0.014722640626132488 -0.03461512550711632
v 0.024866648018360138 -0.009612132795155048 -0.03448285534977913
v 0.027597831562161446 -0.0043291011825203896 -0.034334782510995865
v 0.029232466593384743 0.0013884622603654861 -0.03416432812809944
v 0.029706275090575218 0.007315734401345253 -0.03397819399833679
v 0.028806911781430244 0.01316989678889513 -0.03358369320631027
v 0.029000621289014816 0.013219619169831276 -0.03378370404243469
v 0.02714325673878193 0.01886795274913311 -0.03358850255608559
v 0.0242072194814682 0.024038640782237053 -0.033400263637304306
v 0.021801285445690155 0.026714526116847992 -0.03309589624404907
v 0.020307965576648712 0.028528321534395218 -0.03322639688849449
v 0.015598833560943604 0.032160453498363495 -0.033073730766773224
v 0.01026500016450882 0.0347922183573246 -0.03294827416539192
v 0.004516218323260546 0.03632010892033577 -0.03285496309399605
v -0.0014214495895430446 0.03668404743075371 -0.03279745951294899
v -0.006566085387021303 0.03582887351512909 -0.032585009932518005
v -0.007314509246498346 0.035869721323251724 -0.03277802839875221
v -0.012931222096085548 0.033909156918525696 -0.0327974371612072
v -0.01805071532726288 0.030879439786076546 -0.032854918390512466
v -0.020289521664381027 0.028785953298211098 -0.03270455449819565
v -0.02247167006134987 0.026899732649326324 -0.03294821083545685
v -0.026020238175988197 0.022126518189907074 -0.03307364881038666
v -0.02855687215924263 0.01674748957157135 -0.03322629630565643
v -0.02998182363808155 0.010974201373755932 -0.03340015560388565
v -0.030239058658480644 0.005033659748733044 -0.033588387072086334
v -0.029415275901556015 0.0004300212603993714 -0.033542048186063766
v -0.02931845746934414 -0.0008405280532315373 -0.03378358483314514
v -0.027256226167082787 -0.006417354568839073 -0.03397808223962784
v -0.024133458733558655 -0.011477530002593994 -0.034164220094680786
v -0.022372357547283173 -0.013285051099956036 -0.034035589545965195
v -0.020072953775525093 -0.01582205481827259 -0.034334685653448105
v -0.019088787958025932 -0.020664041861891747 -0.03829938918352127
v -0.018895113840699196 -0.025779712945222855 -0.03846468776464462
v 0.02417943626642227 0.024153850972652435 -0.036998312920331955
v 0.020280182361602783 0.0286435317248106 -0.03682444617152214
v 0.028972838073968887 0.013334829360246658 -0.03738175332546234
v 0.027115473523736 0.018983162939548492 -0.037186551839113235
v -0.024161241948604584 -0.011362320743501186 -0.037762273102998734
v -0.020100736990571022 -0.015706844627857208 -0.03793273866176605
v -0.019970374181866646 -0.0155501589179039 -0.03812883421778679
v -0.02915424108505249 -0.000668506370857358 -0.03758140653371811
v -0.029346240684390068 -0.0007253182120621204 -0.03738163784146309
v -0.02710575796663761 -0.006208156235516071 -0.03777460753917694
v -0.027284009382128716 -0.006302144844084978 -0.03757613152265549
v -0.024003809317946434 -0.011234591715037823 -0.0379595048725605
v -0.007296986412256956 0.03579700365662575 -0.03658255562186241
v -0.007342292461544275 0.03598492965102196 -0.03637608140707016
v -0.012876254506409168 0.033849507570266724 -0.03660183399915695
v -0.012959005311131477 0.03402436524629593 -0.03639548644423485
v -0.017961619421839714 0.03084000200033188 -0.03665893152356148
v -0.018078498542308807 0.03099464811384678 -0.036452967673540115
v -0.022353099659085274 0.026886815205216408 -0.036751601845026016
v -0.022499453276395798 0.027014942839741707 -0.0365462601184845
v -0.02587801031768322 0.022145427763462067 -0.03687620162963867
v -0.026048021391034126 0.022241728380322456 -0.03667169809341431
v -0.028397733345627785 0.016802260652184486 -0.037027835845947266
v -0.02858465537428856 0.016862699761986732 -0.03682434931397438
v -0.029813185334205627 0.011067458428442478 -0.03720053285360336
v -0.03000960685312748 0.011089411564171314 -0.0369982048869133
v -0.03006870299577713 0.005166516173630953 -0.037387508898973465
v -0.030266841873526573 0.005148869473487139 -0.03718643635511398
v 0.02014133892953396 0.028504546731710434 -0.037027932703495026
v 0.015463600866496563 0.032112475484609604 -0.03687628358602524
v 0.015571050345897675 0.03227566182613373 -0.03667178004980087
v 0.010165327228605747 0.03472668305039406 -0.03675166517496109
v 0.01023721694946289 0.03490742668509483 -0.03654632717370987
v 0.0044548693113029 0.03624438866972923 -0.03665897622704506
v 0.004488435108214617 0.036435317248106 -0.0364530123770237
v -0.0014432136667892337 0.03660590201616287 -0.03660185635089874
v -0.0014492328045889735 0.03679925575852394 -0.03639550879597664
v 0.02693106047809124 0.018908588215708733 -0.03738762438297272
v 0.02401459589600563 0.02404480241239071 -0.03720064088702202
v 0.02967849187552929 0.007430944126099348 -0.03757624328136444
v 0.029476990923285484 0.007433376275002956 -0.037774719297885895
v 0.029204683378338814 0.001503672101534903 -0.03776237741112709
v 0.029006343334913254 0.0015456239925697446 -0.037959612905979156
v 0.027570048347115517 -0.0042138914577662945 -0.037932831794023514
v 0.027382604777812958 -0.004133824724704027 -0.03812893107533455
v 0.02483886480331421 -0.009496922604739666 -0.03808090463280678
v 0.024669628590345383 -0.009381629526615143 -0.03827601671218872
v 0.021118534728884697 -0.01413765735924244 -0.038200777024030685
v 0.02097410149872303 -0.013991433195769787 -0.03839508816599846
v 0.02059791423380375 -0.014508182182908058 -0.03840872645378113
v 0.020776547491550446 -0.014607430435717106 -0.038213178515434265
v 0.020789386704564095 -0.014583378098905087 -0.038212504237890244
v 0.020675385370850563 -0.02427329309284687 -0.03872200474143028
v 0.020481711253523827 -0.019157622009515762 -0.03855670616030693
v -0.0014492328045889735 0.03679925575852394 -0.03639550879597664
v -0.0014214495895430446 0.03668404743075371 -0.03279745951294899
v 0.014443326741456985 -0.022858338430523872 -0.036867622286081314
v 0.012873400002717972 -0.02198108099400997 -0.03858836367726326
v 0.015006386674940586 -0.02225113846361637 -0.036852527409791946
v 0.014055824838578701 -0.020705971866846085 -0.03855666518211365
v 0.015797683969140053 -0.022006617859005928 -0.036850810050964355
v 0.015717551112174988 -0.0201924629509449 -0.03855305537581444
v 0.01660519279539585 -0.0221902746707201 -0.036862924695014954
v 0.017413321882486343 -0.020578155294060707 -0.03857849910855293
v 0.01721254363656044 -0.0227529164403677 -0.03688563033938408
v 0.018688755109906197 -0.021759694442152977 -0.03862617909908295
v 0.017456993460655212 -0.023543771356344223 -0.03691284358501434
v 0.0192020982503891 -0.02342049591243267 -0.038683321326971054
v 0.01727304235100746 -0.024350933730602264 -0.03693726658821106
v 0.01881580427289009 -0.025115542113780975 -0.038734614849090576
v 0.016709981486201286 -0.02495812624692917 -0.03695236146450043
v 0.017633378505706787 -0.026390651240944862 -0.03876631334424019
v 0.015918683260679245 -0.02520265430212021 -0.03695408254861832
v 0.015971651300787926 -0.026904160156846046 -0.0387699268758297
v 0.015111174434423447 -0.02501899190247059 -0.03694196417927742
v 0.014275881461799145 -0.02651846781373024 -0.0387444794178009
v 0.014503826387226582 -0.024456355720758438 -0.036919258534908295
v 0.013000449165701866 -0.02533692866563797 -0.03869679942727089
v 0.01425937656313181 -0.023665502667427063 -0.03689204901456833
v 0.012487105093896389 -0.023676129058003426 -0.03863965719938278
v -0.015534325502812862 -0.023999566212296486 -0.0366726852953434
v -0.0171042513102293 -0.023122308775782585 -0.038393426686525345
v -0.014971264638006687 -0.023392366245388985 -0.03665759041905403
v -0.015921827405691147 -0.021847199648618698 -0.03836172819137573
v -0.014179966412484646 -0.02314784564077854 -0.03665587306022644
v -0.01426009926944971 -0.021333690732717514 -0.03835811838507652
v -0.013372457586228848 -0.023331500589847565 -0.03666798770427704
v -0.01256432943046093 -0.02171938121318817 -0.03838356211781502
v -0.012765108607709408 -0.023894144222140312 -0.036690693348646164
v -0.011288897134363651 -0.02290092222392559 -0.03843124210834503
v -0.012520658783614635 -0.024684999138116837 -0.03671790659427643
v -0.010775553062558174 -0.024561721831560135 -0.03848838433623314
v -0.012704608961939812 -0.025492161512374878 -0.036742329597473145
v -0.011161847971379757 -0.02625676989555359 -0.03853967785835266
v -0.013267668895423412 -0.026099354028701782 -0.03675742447376251
v -0.012344272807240486 -0.027531877160072327 -0.038571376353502274
v -0.014058967120945454 -0.026343882083892822 -0.0367591455578804
v -0.014006000012159348 -0.02804538607597351 -0.03857498988509178
v -0.014866475947201252 -0.026160217821598053 -0.036747027188539505
v -0.015701770782470703 -0.027659695595502853 -0.03854954615235329
v -0.015473825857043266 -0.02559758350253105 -0.03672432154417038
v -0.016977202147245407 -0.026478154584765434 -0.038501862436532974
v -0.01571827568113804 -0.024806730449199677 -0.036697112023830414
v -0.01749054715037346 -0.02481735683977604 -0.03844472020864487
v -0.015478715300559998 -0.016107719391584396 -0.038181371986866
v -0.0195561982691288 -0.01603681966662407 -0.038147617131471634
v -0.0014432136667892337 0.03660590201616287 -0.03660185635089874
v 0.009290426969528198 -0.01958366669714451 -0.03848393261432648
v 0.009123372845351696 -0.015171135775744915 -0.038341350853443146
v 0.00948410201817751 -0.024699337780475616 -0.03864923119544983
v 0.0008935884106904268 -0.02511768974363804 -0.038596294820308685
v -0.0006431798101402819 -0.025084875524044037 -0.03858337551355362
v -0.01531166024506092 -0.020520249381661415 -0.03832395002245903
v -0.0010039093904197216 -0.015556673519313335 -0.038275498896837234
v -0.0008368547423742712 -0.01996920444071293 -0.03841807693243027
v -0.019525328651070595 -0.016164829954504967 -0.034149784594774246
v -0.01969643123447895 -0.016264474019408226 -0.034351762384176254
v -0.019711051136255264 -0.016241466626524925 -0.034350913017988205
v -0.019738834351301193 -0.016126258298754692 -0.037948962301015854
v -0.01972421444952488 -0.016149263828992844 -0.0379498116672039
v 0.02017275057733059 -0.01777644082903862 0.030973410233855247
v 0.020856190472841263 0.018856726586818695 0.025940850377082825
v 0.02191227674484253 0.01815555803477764 0.026661725714802742
v 0.02211042307317257 0.018771251663565636 0.026679910719394684
v 0.021432703360915184 0.01772129535675049 0.026651524007320404
v 0.021539706736803055 0.019882632419466972 0.02671990357339382
v 0.020923765376210213 0.02008054032921791 0.026730995625257492
v 0.021974053233861923 0.019403409212827682 0.026701204478740692
v 0.01981169916689396 0.019509822130203247 0.02672130987048149
v 0.01961355283856392 0.018894126638770103 0.02670312486588955
v 0.020291272550821304 0.019944069907069206 0.02673150971531868
v 0.020184269174933434 0.017782732844352722 0.026663130149245262
v 0.020800210535526276 0.017584839835762978 0.026652038097381592
v 0.019749922677874565 0.018261970952153206 0.02668182924389839
v 0.021473027765750885 0.017554081976413727 0.03187369182705879
v 0.02195259928703308 0.01798834465444088 0.03188389167189598
v 0.02215074747800827 0.018604038283228874 0.03190207853913307
v 0.022014377638697624 0.019236193969845772 0.03192337229847908
v 0.021580031141638756 0.01971541717648506 0.03194206953048706
v 0.020964089781045914 0.019913325086236 0.03195316344499588
v 0.020331596955657005 0.019776854664087296 0.03195367753505707
v 0.01985202357172966 0.019342606887221336 0.03194347769021988
v 0.01965387724339962 0.018726913258433342 0.03192529082298279
v 0.019790245220065117 0.018094757571816444 0.03190399706363678
v 0.020224591717123985 0.01761551946401596 0.0318852961063385
v 0.020840534940361977 0.017417626455426216 0.03187420591711998
v 0.022185785695910454 0.017830563709139824 0.032152190804481506
v 0.022427525371313095 0.018581712618470192 0.03217437490820885
v 0.022261153906583786 0.019352944567799568 0.03220035508275032
v 0.02173124998807907 0.019937613978981972 0.0322231687605381
v 0.020979803055524826 0.020179040729999542 0.032236699014902115
v 0.02020815946161747 0.020012561231851578 0.032237328588962555
v 0.019623083993792534 0.019482770934700966 0.032224882394075394
v 0.019381342455744743 0.018731622025370598 0.03220269829034805
v 0.019547713920474052 0.017960404977202415 0.03217671811580658
v 0.020077617838978767 0.017375735566020012 0.0321539044380188
v 0.020829064771533012 0.017134293913841248 0.03214037045836449
v 0.02160070650279522 0.017300773411989212 0.032139744609594345
v 0.014211499132215977 -0.015852419659495354 0.024880768731236458
v 0.01526758261024952 -0.016553586348891258 0.025601644068956375
v 0.015465730801224709 -0.015937892720103264 0.025619829073548317
v 0.014788012020289898 -0.016987841576337814 0.025591442361474037
v 0.014895014464855194 -0.01482650637626648 0.025659821927547455
v 0.014279073104262352 -0.014628604985773563 0.025670915842056274
v 0.015329360961914062 -0.015305736102163792 0.025641122832894325
v 0.013167007826268673 -0.015199316665530205 0.025661228224635124
v 0.012968859635293484 -0.0158150102943182 0.025643043220043182
v 0.013646578416228294 -0.014765061438083649 0.025671429932117462
v 0.013539576902985573 -0.016926396638154984 0.025603050366044044
v 0.01415551733225584 -0.017124297097325325 0.025591956451535225
v 0.01310522947460413 -0.016447165980935097 0.025621749460697174
v 0.014828336425125599 -0.017155056819319725 0.030813610181212425
v 0.01530790701508522 -0.01672080159187317 0.030823811888694763
v 0.01550605520606041 -0.016105106100440025 0.030841996893286705
v 0.015369685366749763 -0.015472950413823128 0.030863290652632713
v 0.01493533793836832 -0.014993720687925816 0.030881989747285843
v 0.014319397509098053 -0.0147958192974329 0.030893081799149513
v 0.013686902821063995 -0.014932275749742985 0.03089359775185585
v 0.013207332231104374 -0.01536653097718954 0.030883396044373512
v 0.013009184040129185 -0.01598222367465496 0.03086521103978157
v 0.01314555387943983 -0.016614381223917007 0.030843915417790413
v 0.0135799003764987 -0.017093611881136894 0.030825216323137283
v 0.014195840805768967 -0.017291512340307236 0.030814124271273613
v 0.015541093423962593 -0.016878565773367882 0.03109210915863514
v 0.015782833099365234 -0.01612742431461811 0.03111429512500763
v 0.015616461634635925 -0.015356192365288734 0.031140273436903954
v 0.015086558647453785 -0.014771531336009502 0.031163087114691734
v 0.014335110783576965 -0.014530089683830738 0.031176619231700897
v 0.013563468120992184 -0.0146965766325593 0.031177246943116188
v 0.012978390790522099 -0.015226366929709911 0.031164800748229027
v 0.012736651115119457 -0.015977507457137108 0.031142616644501686
v 0.012903022579848766 -0.016748741269111633 0.031116636469960213
v 0.013432924635708332 -0.01733340136706829 0.03109382465481758
v 0.014184372499585152 -0.017574843019247055 0.03108029067516327
v 0.014956016093492508 -0.01740836352109909 0.031079662963747978
v -0.02051275223493576 -0.009219503030180931 0.025361286476254463
v -0.019456667825579643 -0.009920678101480007 0.02608216181397438
v -0.019258521497249603 -0.009304984472692013 0.026100346818566322
v -0.01993623934686184 -0.010354933328926563 0.026071960106492043
v -0.01982923597097397 -0.008193590678274632 0.02614033967256546
v -0.02044517919421196 -0.007995696738362312 0.02615143172442913
v -0.0193948894739151 -0.00867282785475254 0.02612164057791233
v -0.021557243540883064 -0.008566407486796379 0.02614174596965313
v -0.021755391731858253 -0.009182102046906948 0.026123560965061188
v -0.021077672019600868 -0.008132152259349823 0.026151947677135468
v -0.02118467539548874 -0.010293488390743732 0.02608356811106205
v -0.020568734034895897 -0.010491388849914074 0.02607247419655323
v -0.021619021892547607 -0.009814257733523846 0.02610226534307003
v -0.019895916804671288 -0.0105221476405859 0.03129412606358528
v -0.019416343420743942 -0.010087892413139343 0.03130432963371277
v -0.019218197092413902 -0.009472198784351349 0.03132251277565956
v -0.0193545650690794 -0.008840042166411877 0.03134380653500557
v -0.019788911566138268 -0.008360804058611393 0.03136250749230385
v -0.02040485478937626 -0.008162911050021648 0.03137360140681267
v -0.021037347614765167 -0.008299366571009159 0.031374115496873856
v -0.021516920998692513 -0.008733621798455715 0.03136391192674637
v -0.021715067327022552 -0.00934931542724371 0.031345728784799576
v -0.021578697487711906 -0.009981472045183182 0.03132443502545357
v -0.021144350990653038 -0.010460702702403069 0.03130573406815529
v -0.020528409630060196 -0.01065860316157341 0.03129464015364647
v -0.01918315887451172 -0.01024565752595663 0.031572625041007996
v -0.018941417336463928 -0.00949451606720686 0.031594812870025635
v -0.019107788801193237 -0.008723284117877483 0.03162078931927681
v -0.019637692719697952 -0.008138622157275677 0.03164360299706459
v -0.020389139652252197 -0.007897180505096912 0.0316571369767189
v -0.021160783246159554 -0.008063660003244877 0.03165776655077934
v -0.02174586057662964 -0.00859345868229866 0.03164531663060188
v -0.02198760211467743 -0.009344599209725857 0.03162313252687454
v -0.02182123064994812 -0.010115832090377808 0.03159715235233307
v -0.021291326731443405 -0.01070049311965704 0.03157434239983559
v -0.02053987793624401 -0.010941934771835804 0.031560808420181274
v -0.019768234342336655 -0.010775447823107243 0.031560178846120834
v -0.0138680599629879 0.025489626452326775 0.02642136625945568
v -0.012811976484954357 0.02478845790028572 0.027142241597175598
v -0.012613828293979168 0.025404151529073715 0.02716042660176754
v -0.013291547074913979 0.02435421012341976 0.02713203988969326
v -0.013184544630348682 0.026515545323491096 0.027200421318411827
v -0.01380048505961895 0.02671344019472599 0.027211513370275497
v -0.01275019720196724 0.026036309078335762 0.027181722223758698
v -0.014912551268935204 0.02614273503422737 0.027201825752854347
v -0.015110699459910393 0.025527041405439377 0.027183642610907555
v -0.014432980678975582 0.02657698281109333 0.027212027460336685
v -0.014539982192218304 0.024415647611021996 0.027143647894263268
v -0.013924041762948036 0.02421775460243225 0.027132555842399597
v -0.014974329620599747 0.02489488571882248 0.027162346988916397
v -0.013251222670078278 0.024186996743083 0.0323542095720768
v -0.012771652080118656 0.02462124451994896 0.032364409416913986
v -0.012573503889143467 0.025236938148736954 0.03238259255886078
v -0.012709873728454113 0.02586909383535385 0.032403890043497086
v -0.013144221156835556 0.026348331943154335 0.032422587275505066
v -0.013760160654783249 0.02654622495174408 0.032433681190013885
v -0.014392656274139881 0.02640976943075657 0.03243419528007507
v -0.014872226864099503 0.02597552165389061 0.032423991709947586
v -0.015070375055074692 0.025359828025102615 0.03240580856800079
v -0.014934005215764046 0.02472767047584057 0.032384514808654785
v -0.014499657787382603 0.024248434230685234 0.032365813851356506
v -0.013883717358112335 0.02405053935945034 0.032354723662137985
v -0.012538465671241283 0.024463478475809097 0.03263270854949951
v -0.012296726927161217 0.025214627385139465 0.03265489265322685
v -0.012463097460567951 0.02598585933446884 0.032680872827768326
v -0.012993000447750092 0.02657051384449005 0.03270368278026581
v -0.013744447380304337 0.026811955496668816 0.03271721675992012
v -0.014516090974211693 0.02664547599852085 0.03271784633398056
v -0.015101168304681778 0.02611568570137024 0.0327054001390934
v -0.01534290798008442 0.02536453679203987 0.03268321603536606
v -0.01517653651535511 0.024593304842710495 0.032657235860824585
v -0.014646634459495544 0.024008650332689285 0.032634422183036804
v -0.013895186595618725 0.02376720868051052 0.03262088820338249
v -0.013123543001711369 0.023933688178658485 0.03262026235461235
v 0.023638302460312843 0.013438954018056393 0.02574588917195797
v 0.02469438873231411 0.012737786397337914 0.026466764509677887
v 0.02489253506064415 0.013353480026125908 0.02648494951426983
v 0.024214817211031914 0.012303538620471954 0.026456564664840698
v 0.024321818724274635 0.01446487382054329 0.026524944230914116
v 0.023705879226326942 0.014662767760455608 0.026536036282777786
v 0.024756165221333504 0.013985635712742805 0.026506245136260986
v 0.02259381301701069 0.01409204863011837 0.026526348665356636
v 0.02239566668868065 0.013476355001330376 0.026508163660764694
v 0.023073384538292885 0.014526311308145523 0.026536550372838974
v 0.022966381162405014 0.012364976108074188 0.026468170806765556
v 0.023582322522997856 0.012167067267000675 0.026457078754901886
v 0.022532034665346146 0.012844213284552097 0.026486869901418686
v 0.024255141615867615 0.012136324308812618 0.031678732484579086
v 0.02473471127450466 0.012570572085678577 0.031688932329416275
v 0.02493285946547985 0.013186265714466572 0.03170711547136307
v 0.024796489626169205 0.013818422332406044 0.031728412955999374
v 0.024362143129110336 0.014297659508883953 0.031747110188007355
v 0.023746203631162643 0.014495553448796272 0.031758204102516174
v 0.023113707080483437 0.014359096996486187 0.03175871819257736
v 0.02263413742184639 0.013924834318459034 0.031748514622449875
v 0.02243599109351635 0.01330914068967104 0.03173033148050308
v 0.022572359070181847 0.012676998972892761 0.031709037721157074
v 0.023006705567240715 0.012197761796414852 0.031690336763858795
v 0.023622646927833557 0.011999852955341339 0.031679246574640274
v 0.024967897683382034 0.01241280697286129 0.0319572314620018
v 0.025209637358784676 0.013163954950869083 0.03197941556572914
v 0.025043265894055367 0.01393517293035984 0.032005395740270615
v 0.0245133638381958 0.01451984141021967 0.0320282056927681
v 0.023761915042996407 0.014761283062398434 0.03204173967242241
v 0.0229902733117342 0.01459480356425047 0.03204236924648285
v 0.022405195981264114 0.014065013267099857 0.03202992305159569
v 0.022163456305861473 0.013313865289092064 0.03200773894786835
v 0.022329827770590782 0.012542632408440113 0.031981758773326874
v 0.022859729826450348 0.01195796299725771 0.03195894509553909
v 0.023611178621649742 0.011716536246240139 0.03194541111588478
v 0.02438282035291195 0.011883015744388103 0.03194478526711464
v 0.00879043061286211 -0.018634522333741188 0.024833545088768005
v 0.009846515022218227 -0.01933569647371769 0.025554420426487923
v 0.010044663213193417 -0.018720002844929695 0.025572605431079865
v 0.009366943500936031 -0.019769951701164246 0.025544218719005585
v 0.009473945945501328 -0.01760861650109291 0.025612598285079002
v 0.00885800551623106 -0.01741071604192257 0.025623692199587822
v 0.00990829337388277 -0.018087847158312798 0.025593901053071022
v 0.007745939772576094 -0.017981426790356636 0.025614004582166672
v 0.007547792047262192 -0.01859712041914463 0.02559581957757473
v 0.008225510828197002 -0.01754717156291008 0.02562420628964901
v 0.008118508383631706 -0.019708506762981415 0.025555826723575592
v 0.008734449744224548 -0.019906409084796906 0.02554473467171192
v 0.007684161886572838 -0.019229276105761528 0.02557452581822872
v 0.009407267905771732 -0.019937166944146156 0.030766386538743973
v 0.009886839427053928 -0.0195029117166996 0.03077658824622631
v 0.010084986686706543 -0.018887218087911606 0.030794773250818253
v 0.009948617778718472 -0.01825506053864956 0.03081606701016426
v 0.009514270350337029 -0.017775829881429672 0.03083476610481739
v 0.008898328989744186 -0.01757792942225933 0.03084586001932621
v 0.008265835233032703 -0.01771438494324684 0.030846374109387398
v 0.007786263711750507 -0.018148640170693398 0.03083617240190506
v 0.007588116452097893 -0.01876433566212654 0.030817987397313118
v 0.0077244858257472515 -0.01939649134874344 0.03079669363796711
v 0.008158832788467407 -0.019875722005963326 0.03077799454331398
v 0.008774773217737675 -0.020073622465133667 0.03076690062880516
v 0.010120023973286152 -0.019660675898194313 0.031044885516166687
v 0.010361764580011368 -0.01890953630208969 0.031067071482539177
v 0.010195394046604633 -0.018138302490115166 0.0310930497944355
v 0.009665491059422493 -0.01755364239215851 0.031115863472223282
v 0.008914042264223099 -0.017312198877334595 0.031129397451877594
v 0.008142400532960892 -0.017478685826063156 0.031130023300647736
v 0.007557322736829519 -0.018008477985858917 0.031117577105760574
v 0.007315582595765591 -0.01875961758196354 0.031095393002033234
v 0.0074819540604949 -0.019530851393938065 0.03106941282749176
v 0.00801185704767704 -0.020115511491894722 0.03104660101234913
v 0.00876330491155386 -0.020356953144073486 0.031033067032694817
v 0.009534947574138641 -0.020190466195344925 0.031032439321279526
v -0.02329486422240734 -0.003801737679168582 0.02555624581873417
v -0.022238781675696373 -0.004502905532717705 0.026277121156454086
v -0.022040633484721184 -0.0038872191216796637 0.026295306161046028
v -0.02271835133433342 -0.0049371677450835705 0.02626691944897175
v -0.022611349821090698 -0.0027758250944316387 0.026335299015045166
v -0.02322728931903839 -0.002577931387349963 0.026346392929553986
v -0.02217700332403183 -0.003255062736570835 0.026316599920392036
v -0.024339355528354645 -0.0031486426014453173 0.026336705312132835
v -0.024537503719329834 -0.0037643364630639553 0.026318520307540894
v -0.023859785869717598 -0.002714387606829405 0.026346907019615173
v -0.02396678738296032 -0.00487572280690074 0.026278527453541756
v -0.023350847885012627 -0.005073624197393656 0.026267433539032936
v -0.024401133880019188 -0.00439649261534214 0.026297226548194885
v -0.02267802692949772 -0.005104382056742907 0.03148908540606499
v -0.022198457270860672 -0.0046701193787157536 0.031499288976192474
v -0.022000310942530632 -0.004054433200508356 0.03151747211813927
v -0.02213667891919613 -0.0034222768153995275 0.031538769602775574
v -0.022571025416254997 -0.002943039173260331 0.031557466834783554
v -0.02318696677684784 -0.0027451454661786556 0.031568560749292374
v -0.023819461464881897 -0.0028816016856580973 0.03156907483935356
v -0.024299031123518944 -0.0033158569131046534 0.031558871269226074
v -0.024497179314494133 -0.003931550774723291 0.03154068812727928
v -0.024360809475183487 -0.004563706927001476 0.03151939436793327
v -0.02392646297812462 -0.005042937118560076 0.031500693410634995
v -0.023310523480176926 -0.005240838509052992 0.03148960322141647
v -0.02196527272462845 -0.004827892407774925 0.031767588108778
v -0.021723531186580658 -0.004076751414686441 0.03178977221250534
v -0.021889902651309967 -0.0033055187668651342 0.031815752387046814
v -0.022419804707169533 -0.002720857271924615 0.031838562339544296
v -0.023171253502368927 -0.0024794156197458506 0.03185209631919861
v -0.023942897096276283 -0.0026458948850631714 0.03185272589325905
v -0.02452797256410122 -0.003175693331286311 0.03184027969837189
v -0.02476971223950386 -0.003926834091544151 0.03181809186935425
v -0.0246033426374197 -0.004698066972196102 0.03179211542010307
v -0.024073440581560135 -0.005282728001475334 0.03176930174231529
v -0.02332198992371559 -0.005524162668734789 0.03175576776266098
v -0.022550348192453384 -0.005357683170586824 0.03175514191389084
v -0.008446992374956608 0.028271744027733803 0.026468589901924133
v -0.007390907965600491 0.02757057547569275 0.02718946523964405
v -0.007192760705947876 0.028186269104480743 0.027207650244235992
v -0.007870478555560112 0.027136312797665596 0.027179263532161713
v -0.007763476576656103 0.02929764799773693 0.02724764309823513
v -0.008379417471587658 0.02949555777013302 0.02725873701274395
v -0.007329130079597235 0.02881842665374279 0.02722894586622715
v -0.009491482749581337 0.028924837708473206 0.0272490493953228
v -0.009689630940556526 0.02830914407968521 0.027230864390730858
v -0.009011911228299141 0.029359085485339165 0.027259251102805138
v -0.009118913672864437 0.02719775028526783 0.02719087153673172
v -0.00850297324359417 0.026999857276678085 0.02717977948486805
v -0.00955326110124588 0.027676988393068314 0.02720957063138485
v -0.007830155082046986 0.026969099417328835 0.0324014313519001
v -0.007350584026426077 0.027403362095355988 0.03241163119673729
v -0.007152436301112175 0.028019055724143982 0.03242981806397438
v -0.007288806140422821 0.02865121141076088 0.03245111182332039
v -0.007723152171820402 0.02913043461740017 0.03246980905532837
v -0.008339093998074532 0.029328342527151108 0.03248090296983719
v -0.00897158682346344 0.029191872105002403 0.032481417059898376
v -0.00945115927606821 0.028757624328136444 0.03247121721506119
v -0.009649306535720825 0.02814193069934845 0.0324530303478241
v -0.009512937627732754 0.027509775012731552 0.03243173658847809
v -0.00907859019935131 0.02703053690493107 0.03241303935647011
v -0.008462648838758469 0.026832642033696175 0.03240194544196129
v -0.007117397617548704 0.02724558115005493 0.032679930329322815
v -0.006875657942146063 0.0279967300593853 0.032702114433050156
v -0.007042028941214085 0.028767962008714676 0.03272809460759163
v -0.007571932394057512 0.02935263141989708 0.03275090828537941
v -0.008323379792273045 0.02959405817091465 0.03276444226503372
v -0.0090950233861804 0.029427578672766685 0.032765068113803864
v -0.009680099785327911 0.028897788375616074 0.0327526219189167
v -0.009921839460730553 0.028146639466285706 0.03273043781518936
v -0.009755468927323818 0.027375422418117523 0.03270445764064789
v -0.009225565940141678 0.02679075300693512 0.03268164396286011
v -0.008474117144942284 0.026549311354756355 0.032668113708496094
v -0.007702474948018789 0.02671579085290432 0.032667484134435654
v -0.013652641326189041 -0.026681674644351006 0.02374863252043724
v -0.012981378473341465 -0.0277631264179945 0.02446030266582966
v -0.01254148781299591 -0.027288755401968956 0.02447209507226944
v -0.013599579222500324 -0.027954163029789925 0.024458959698677063
v -0.012588752433657646 -0.026040304452180862 0.024512436240911484
v -0.01306324452161789 -0.025600742548704147 0.02453017421066761
v -0.01239777635782957 -0.026658160611987114 0.02449117600917816
v -0.014312312938272953 -0.025648292154073715 0.024538297206163406
v -0.014752202667295933 -0.026122665032744408 0.024526502937078476
v -0.013694110326468945 -0.02545725740492344 0.024539640173316002
v -0.014704937115311623 -0.0273711159825325 0.02448616363108158
v -0.014230446889996529 -0.027810677886009216 0.024468423798680305
v -0.014895913191139698 -0.0267532616853714 0.024507422000169754
v -0.01355153787881136 -0.028153378516435623 0.03068058378994465
v -0.012933336198329926 -0.027962343767285347 0.030681926757097244
v -0.012493445537984371 -0.027487972751259804 0.030693719163537025
v -0.012349735014140606 -0.026857376098632812 0.030712801963090897
v -0.012540711089968681 -0.02623951993882656 0.03073406033217907
v -0.01301520224660635 -0.025799958035349846 0.030751800164580345
v -0.01364606898277998 -0.025656474754214287 0.030761264264583588
v -0.014264270663261414 -0.025847509503364563 0.030759921297430992
v -0.014704160392284393 -0.026321882382035255 0.03074812889099121
v -0.014847871847450733 -0.026952479034662247 0.03072904609143734
v -0.014656895771622658 -0.02757033333182335 0.030707787722349167
v -0.01418240461498499 -0.028009895235300064 0.03069004975259304
v -0.012784810736775398 -0.028203777968883514 0.030948199331760406
v -0.0122481444850564 -0.02762504294514656 0.030962586402893066
v -0.012072817422449589 -0.026855716481804848 0.030985867604613304
v -0.012305808253586292 -0.026101931929588318 0.031011803075671196
v -0.012884687632322311 -0.02556566521525383 0.03103344328701496
v -0.013654344715178013 -0.025390613824129105 0.031044991686940193
v -0.014408552087843418 -0.025623677298426628 0.03104335255920887
v -0.014945218339562416 -0.026202412322163582 0.03102896548807621
v -0.015120545402169228 -0.026971740648150444 0.03100568614900112
v -0.014887554571032524 -0.027725523337721825 0.03097975067794323
v -0.014308675192296505 -0.028261790052056313 0.030958108603954315
v -0.013539017178118229 -0.028436841443181038 0.030946560204029083
v 0.01485710684210062 -0.02583051472902298 0.030810749158263206
v 0.015090097673237324 -0.02658429741859436 0.030784813687205315
v 0.015668977051973343 -0.0271205622702837 0.0307631716132164
v 0.01643863320350647 -0.027295613661408424 0.030751623213291168
v 0.017192840576171875 -0.0270625501871109 0.03075326234102249
v 0.017729507759213448 -0.026483817026019096 0.03076764941215515
v 0.01790483482182026 -0.025714488700032234 0.03079093061387539
v 0.017671843990683556 -0.024960704147815704 0.03081686608493328
v 0.017092963680624962 -0.024424439296126366 0.030838506296277046
v 0.016323305666446686 -0.02424938790500164 0.030850054696202278
v 0.01556910015642643 -0.024482451379299164 0.030848415568470955
v 0.015032433904707432 -0.02506118454039097 0.030834028497338295
v 0.017044315114617348 -0.026821117848157883 0.03048698976635933
v 0.017484204843640327 -0.02634674496948719 0.03049878403544426
v 0.017627917230129242 -0.025716150179505348 0.03051786497235298
v 0.017436940222978592 -0.025098294019699097 0.030539123341441154
v 0.016962449997663498 -0.02465873211622238 0.03055686317384243
v 0.016331583261489868 -0.024515246972441673 0.030566327273845673
v 0.01571338064968586 -0.0247062835842371 0.030564984306693077
v 0.015273489989340305 -0.025180654600262642 0.030553191900253296
v 0.01512977946549654 -0.025811251252889633 0.030534109100699425
v 0.015320755541324615 -0.026429105550050735 0.030512850731611252
v 0.01579524762928486 -0.02686866745352745 0.030495112761855125
v 0.01642611250281334 -0.02701215259730816 0.030485646799206734
v 0.016378071159124374 -0.02681293524801731 0.024264022707939148
v 0.016996273770928383 -0.026621900498867035 0.024265365675091743
v 0.017436163499951363 -0.026147527620196342 0.024277158081531525
v 0.017579874023795128 -0.0255169328302145 0.024296240881085396
v 0.017388898879289627 -0.02489907667040825 0.02431749925017357
v 0.016914408653974533 -0.024459514766931534 0.024335237219929695
v 0.016283540055155754 -0.024316031485795975 0.024344703182578087
v 0.015665339305996895 -0.02450706623494625 0.02434336021542549
v 0.01522544864565134 -0.024981437250971794 0.02433156780898571
v 0.015081737190485 -0.025612035766243935 0.02431248500943184
v 0.01527271419763565 -0.026229890063405037 0.024291226640343666
v 0.015747204422950745 -0.026669451966881752 0.02427348680794239
v 0.016325009986758232 -0.025540446862578392 0.023553695529699326
f 1 2 3
f 3 2 4
f 5 6 2
f 2 6 7
f 2 7 4
f 4 7 8
f 9 10 11
f 11 10 12
f 13 14 15
f 15 14 16
f 17 18 19
f 19 18 15
f 19 15 20
f 20 15 16
f 20 16 21
f 22 23 24
f 24 23 25
f 26 27 28
f 29 30 31
f 32 33 34
f 35 36 37
f 37 36 38
f 37 38 34
f 34 38 39
f 34 39 32
f 40 41 42
f 42 41 35
f 42 35 43
f 43 35 37
f 43 37 44
f 33 45 46
f 46 45 47
f 46 47 48
f 48 47 49
f 48 49 50
f 50 49 51
f 50 51 52
f 52 51 53
f 54 55 56
f 56 55 44
f 57 58 59
f 59 58 60
f 59 60 61
f 61 60 48
f 61 48 62
f 62 48 50
f 63 64 65
f 65 64 66
f 64 67 66
f 66 67 68
f 66 68 69
f 69 68 70
f 69 70 71
f 72 73 74
f 74 73 63
f 74 63 75
f 75 63 65
f 75 65 76
f 76 65 28
f 76 28 77
f 77 28 27
f 77 27 78
f 70 79 71
f 71 79 80
f 71 80 81
f 81 80 82
f 81 82 83
f 84 85 86
f 86 85 87
f 86 87 83
f 83 87 88
f 83 88 81
f 81 88 89
f 81 89 90
f 90 89 91
f 90 91 92
f 93 94 95
f 95 94 96
f 95 96 97
f 97 96 98
f 97 98 99
f 100 101 102
f 102 101 103
f 102 103 104
f 104 103 105
f 104 105 106
f 107 108 102
f 108 109 102
f 102 109 110
f 102 110 100
f 100 110 111
f 100 111 112
f 112 111 113
f 95 114 93
f 93 114 115
f 93 115 116
f 116 115 117
f 118 119 120
f 120 119 121
f 120 121 95
f 95 121 122
f 95 122 114
f 123 124 125
f 125 124 126
f 127 128 129
f 129 128 130
f 131 132 133
f 133 132 134
f 133 134 135
f 135 134 124
f 135 124 127
f 127 124 123
f 127 123 128
f 136 137 138
f 138 137 139
f 138 139 140
f 141 142 143
f 143 142 144
f 143 144 145
f 146 147 145
f 145 147 148
f 144 149 145
f 145 149 150
f 145 150 146
f 146 150 151
f 146 151 152
f 152 151 153
f 154 155 156
f 154 156 157
f 158 159 160
f 160 159 31
f 155 161 156
f 156 161 162
f 156 162 163
f 162 164 163
f 163 164 165
f 163 165 166
f 166 165 167
f 166 167 30
f 30 167 168
f 30 168 31
f 31 168 169
f 31 169 160
f 170 171 172
f 173 120 174
f 174 120 95
f 174 95 175
f 175 95 97
f 175 97 176
f 176 97 177
f 171 170 178
f 178 170 179
f 178 179 180
f 180 179 181
f 180 181 182
f 182 181 183
f 182 183 184
f 184 183 185
f 184 185 186
f 187 139 188
f 188 139 137
f 188 137 126
f 126 137 136
f 126 136 125
f 189 190 143
f 131 141 132
f 132 141 143
f 132 143 191
f 191 143 190
f 33 46 34
f 34 46 192
f 34 192 193
f 57 54 58
f 58 54 56
f 58 56 194
f 194 56 195
f 92 78 90
f 90 78 27
f 90 27 196
f 196 27 26
f 197 198 71
f 71 198 199
f 71 199 69
f 173 186 120
f 120 186 185
f 120 185 118
f 118 185 13
f 200 145 201
f 201 145 148
f 201 148 202
f 203 204 201
f 201 204 205
f 201 205 200
f 206 207 208
f 208 207 209
f 208 209 210
f 210 211 208
f 208 211 212
f 208 212 213
f 213 212 214
f 213 214 203
f 203 214 215
f 203 215 204
f 216 217 218
f 217 219 218
f 218 219 220
f 218 220 206
f 206 220 221
f 206 221 207
f 216 218 222
f 222 218 56
f 222 56 223
f 44 37 56
f 56 37 224
f 56 224 223
f 225 226 34
f 34 226 227
f 34 227 37
f 37 227 228
f 37 228 224
f 229 183 230
f 230 183 181
f 230 181 231
f 231 181 179
f 231 179 232
f 232 179 170
f 232 170 233
f 233 170 156
f 233 156 234
f 234 156 163
f 234 163 235
f 235 163 166
f 172 177 170
f 170 177 97
f 170 97 156
f 156 97 159
f 156 159 157
f 157 159 158
f 99 107 97
f 97 107 102
f 97 102 159
f 159 102 236
f 159 236 31
f 31 236 139
f 31 139 29
f 29 139 187
f 104 208 102
f 102 208 213
f 102 213 236
f 236 213 203
f 236 203 139
f 139 203 201
f 139 201 140
f 140 201 202
f 237 238 118
f 118 238 239
f 13 15 118
f 118 15 18
f 118 18 237
f 237 18 197
f 237 197 238
f 238 197 71
f 238 71 239
f 239 71 81
f 200 225 145
f 145 225 34
f 145 34 143
f 143 34 193
f 143 193 189
f 189 193 192
f 195 56 196
f 196 56 218
f 196 218 90
f 90 218 206
f 90 206 81
f 81 206 208
f 81 208 239
f 239 208 104
f 239 104 118
f 118 104 106
f 118 106 119
f 240 241 242
f 243 244 245
f 245 244 246
f 245 246 247
f 247 246 248
f 247 248 242
f 242 248 249
f 242 249 240
f 250 251 252
f 253 254 255
f 255 254 256
f 255 256 257
f 257 256 258
f 257 258 259
f 260 261 262
f 262 261 263
f 262 263 264
f 253 265 254
f 254 265 266
f 254 266 267
f 268 269 270
f 250 252 266
f 266 252 271
f 266 271 267
f 272 273 274
f 275 276 277
f 277 276 278
f 279 280 281
f 276 282 283
f 280 284 285
f 286 287 288
f 280 279 284
f 284 279 289
f 284 289 290
f 290 289 291
f 290 291 292
f 293 294 282
f 282 294 295
f 282 295 296
f 296 297 282
f 282 297 298
f 282 298 299
f 283 282 300
f 300 282 299
f 300 299 265
f 265 299 301
f 265 301 266
f 266 301 302
f 266 302 241
f 241 302 303
f 241 303 242
f 304 305 287
f 287 305 306
f 287 306 307
f 308 309 310
f 311 312 279
f 279 312 313
f 279 313 314
f 291 315 292
f 292 315 316
f 292 316 282
f 282 316 317
f 283 318 276
f 276 318 319
f 276 319 320
f 321 322 288
f 281 323 279
f 279 323 324
f 279 324 311
f 322 325 288
f 288 325 326
f 288 326 327
f 320 328 276
f 276 328 329
f 276 329 278
f 327 330 288
f 288 330 331
f 288 331 286
f 287 286 304
f 304 286 332
f 304 332 333
f 333 332 334
f 333 334 335
f 335 334 336
f 335 336 337
f 337 336 338
f 337 338 339
f 339 338 340
f 339 340 341
f 270 342 268
f 268 342 343
f 268 343 344
f 344 343 345
f 344 345 262
f 346 347 348
f 348 347 349
f 348 349 310
f 285 350 280
f 280 350 351
f 280 351 352
f 272 274 353
f 353 274 354
f 353 354 352
f 352 354 355
f 352 355 280
f 356 357 358
f 358 357 279
f 358 279 359
f 359 279 314
f 317 360 282
f 282 360 361
f 282 361 293
f 275 277 362
f 362 277 363
f 362 363 307
f 307 363 364
f 307 364 287
f 365 366 288
f 288 366 367
f 288 367 321
f 310 349 308
f 308 349 274
f 308 274 368
f 368 274 273
f 368 273 369
f 369 273 339
f 369 339 370
f 370 339 341
f 370 341 371
f 260 262 372
f 372 262 345
f 372 345 373
f 373 345 374
f 373 374 308
f 308 374 375
f 308 375 309
f 376 377 378
f 379 380 381
f 382 380 383
f 384 385 386
f 386 385 387
f 388 389 390
f 381 391 379
f 379 391 388
f 379 388 392
f 392 388 390
f 393 394 395
f 396 397 398
f 387 399 400
f 393 401 402
f 382 383 403
f 403 383 404
f 404 383 405
f 404 405 406
f 407 408 409
f 409 408 410
f 409 410 411
f 412 413 414
f 414 413 409
f 414 409 415
f 415 409 411
f 402 416 393
f 393 416 417
f 393 417 394
f 418 419 395
f 395 419 396
f 395 396 393
f 393 396 398
f 393 398 420
f 421 422 423
f 424 425 426
f 426 425 427
f 426 427 428
f 429 430 431
f 432 386 433
f 433 386 387
f 433 387 434
f 434 387 400
f 435 436 437
f 437 436 438
f 437 438 439
f 440 441 400
f 400 441 442
f 399 443 400
f 400 443 444
f 400 444 445
f 438 421 439
f 439 421 423
f 439 423 446
f 446 423 447
f 446 447 415
f 415 447 448
f 415 448 414
f 422 449 423
f 423 449 450
f 423 450 389
f 389 450 451
f 389 451 390
f 393 452 453
f 431 430 454
f 454 430 407
f 454 407 455
f 428 427 456
f 456 427 440
f 456 440 457
f 457 440 400
f 457 400 406
f 406 400 445
f 406 445 404
f 424 458 425
f 425 458 459
f 425 459 460
f 401 393 461
f 461 393 453
f 461 453 462
f 462 463 461
f 461 463 464
f 461 464 465
f 465 464 466
f 465 466 467
f 467 466 429
f 467 429 468
f 468 429 431
f 409 229 407
f 407 229 230
f 407 230 231
f 442 469 400
f 400 469 470
f 400 470 393
f 393 470 471
f 393 471 452
f 460 472 425
f 425 472 473
f 425 473 437
f 437 473 474
f 437 474 435
f 231 232 407
f 407 232 233
f 407 233 234
f 234 235 407
f 407 235 376
f 407 376 455
f 455 376 378
f 475 476 477
f 475 244 476
f 476 244 243
f 476 243 478
f 259 258 479
f 480 481 259
f 24 25 482
f 259 479 480
f 480 479 483
f 480 483 484
f 484 483 485
f 484 485 482
f 482 485 486
f 482 486 24
f 487 488 489
f 489 488 490
f 489 490 491
f 491 490 492
f 491 492 493
f 493 492 494
f 493 494 495
f 495 494 496
f 495 496 497
f 497 496 498
f 497 498 499
f 499 498 500
f 499 500 501
f 501 500 502
f 501 502 503
f 503 502 504
f 503 504 505
f 505 504 506
f 505 506 507
f 507 506 508
f 507 508 509
f 509 508 510
f 509 510 487
f 487 510 488
f 490 186 492
f 492 186 173
f 492 173 494
f 494 173 174
f 494 174 496
f 496 174 175
f 496 175 498
f 498 175 176
f 498 176 500
f 500 176 177
f 500 177 502
f 502 177 172
f 502 172 504
f 504 172 171
f 504 171 506
f 506 171 178
f 506 178 508
f 508 178 180
f 508 180 510
f 510 180 182
f 510 182 488
f 488 182 184
f 488 184 490
f 490 184 186
f 511 512 513
f 513 512 514
f 513 514 515
f 515 514 516
f 515 516 517
f 517 516 518
f 517 518 519
f 519 518 520
f 519 520 521
f 521 520 522
f 521 522 523
f 523 522 524
f 523 524 525
f 525 524 526
f 525 526 527
f 527 526 528
f 527 528 529
f 529 528 530
f 529 530 531
f 531 530 532
f 531 532 533
f 533 532 534
f 533 534 511
f 511 534 512
f 514 157 516
f 516 157 158
f 516 158 518
f 518 158 160
f 518 160 520
f 520 160 169
f 520 169 522
f 522 169 168
f 522 168 524
f 524 168 167
f 524 167 526
f 526 167 165
f 526 165 528
f 528 165 164
f 528 164 530
f 530 164 162
f 530 162 532
f 532 162 161
f 532 161 534
f 534 161 155
f 534 155 512
f 512 155 154
f 512 154 514
f 514 154 157
f 535 477 476
f 478 4 476
f 476 4 8
f 476 8 535
f 536 537 538
f 536 538 539
f 539 538 540
f 539 540 541
f 541 540 542
f 541 542 543
f 543 542 544
f 543 544 545
f 545 544 546
f 545 546 547
f 547 546 548
f 547 548 549
f 549 548 550
f 549 550 551
f 551 550 552
f 551 552 553
f 553 552 554
f 553 554 555
f 555 554 556
f 555 556 557
f 557 556 558
f 557 558 559
f 559 558 560
f 559 560 561
f 561 560 562
f 561 562 563
f 563 562 564
f 563 564 565
f 565 564 566
f 565 566 567
f 567 566 568
f 567 568 569
f 569 568 570
f 569 570 571
f 571 570 572
f 571 572 573
f 573 572 574
f 573 574 575
f 575 574 576
f 575 576 577
f 577 576 578
f 577 578 579
f 579 578 580
f 579 580 581
f 581 580 582
f 581 582 583
f 583 582 17
f 583 17 584
f 585 586 587
f 585 587 588
f 588 587 537
f 588 537 536
f 21 589 20
f 20 589 590
f 20 590 19
f 19 590 584
f 19 584 17
f 235 166 376
f 376 166 30
f 376 30 591
f 591 30 29
f 586 23 187
f 187 23 29
f 29 23 22
f 29 22 591
f 188 537 187
f 187 537 587
f 187 587 586
f 18 17 582
f 18 582 197
f 197 582 580
f 197 580 198
f 198 580 578
f 198 578 199
f 199 578 576
f 199 576 69
f 69 576 574
f 69 574 66
f 66 574 572
f 66 572 65
f 65 572 570
f 65 570 28
f 28 570 568
f 28 568 26
f 26 568 566
f 26 566 196
f 196 566 564
f 196 564 195
f 195 564 562
f 195 562 194
f 194 562 592
f 194 592 593
f 593 592 558
f 593 558 60
f 60 558 556
f 60 556 48
f 48 556 554
f 48 554 46
f 46 554 552
f 46 552 192
f 192 552 550
f 192 550 189
f 189 550 548
f 189 548 190
f 190 548 546
f 190 546 191
f 191 546 544
f 191 544 132
f 132 544 542
f 132 542 134
f 134 542 540
f 134 540 124
f 124 540 538
f 124 538 126
f 126 538 537
f 126 537 188
f 183 229 409
f 183 409 185
f 185 409 14
f 185 14 13
f 594 5 2
f 594 2 589
f 1 584 2
f 2 584 590
f 2 590 589
f 9 536 595
f 595 536 539
f 595 539 596
f 596 539 597
f 597 539 541
f 597 541 598
f 598 541 599
f 599 541 543
f 599 543 600
f 600 543 601
f 601 543 545
f 601 545 602
f 602 545 603
f 603 545 547
f 603 547 604
f 604 547 605
f 605 547 549
f 605 549 606
f 606 549 607
f 607 549 551
f 607 551 608
f 608 551 609
f 609 551 553
f 609 553 610
f 555 611 553
f 553 611 612
f 553 612 610
f 557 559 613
f 613 614 557
f 557 614 615
f 557 615 555
f 555 615 616
f 555 616 611
f 262 264 617
f 617 264 618
f 617 618 559
f 559 618 619
f 559 619 613
f 617 563 262
f 262 563 565
f 262 565 344
f 344 565 567
f 344 567 268
f 268 567 269
f 269 567 569
f 269 569 620
f 620 569 621
f 621 569 571
f 621 571 622
f 573 623 571
f 571 623 624
f 571 624 622
f 575 577 625
f 625 626 575
f 575 626 627
f 575 627 573
f 573 627 628
f 573 628 623
f 579 581 629
f 629 630 579
f 579 630 631
f 579 631 577
f 577 631 632
f 577 632 625
f 583 584 1
f 1 633 583
f 583 633 634
f 583 634 581
f 581 634 635
f 581 635 629
f 536 9 588
f 588 9 11
f 588 11 585
f 585 11 12
f 636 637 638
f 639 640 641
f 642 643 644
f 642 644 645
f 641 640 642
f 642 640 646
f 642 646 643
f 639 641 647
f 647 641 648
f 647 648 649
f 649 648 650
f 649 650 651
f 652 653 650
f 650 653 654
f 650 654 651
f 655 656 657
f 657 658 655
f 655 658 659
f 655 659 652
f 652 659 660
f 652 660 653
f 661 662 663
f 663 664 661
f 661 664 665
f 661 665 656
f 656 665 666
f 656 666 657
f 667 668 669
f 669 670 667
f 667 670 671
f 667 671 672
f 672 671 673
f 672 673 674
f 674 673 675
f 674 675 662
f 662 675 676
f 662 676 663
f 677 678 679
f 679 680 677
f 677 680 681
f 677 681 668
f 668 681 682
f 668 682 669
f 638 637 683
f 637 684 683
f 683 684 685
f 683 685 678
f 678 685 686
f 678 686 679
f 636 638 687
f 687 638 688
f 687 688 689
f 689 688 690
f 689 690 691
f 692 693 690
f 690 693 694
f 690 694 691
f 644 695 645
f 645 695 696
f 645 696 697
f 697 696 698
f 697 698 692
f 692 698 699
f 692 699 693
f 700 701 702
f 702 701 703
f 702 703 704
f 704 703 705
f 704 705 706
f 706 705 707
f 706 707 708
f 708 707 709
f 708 709 710
f 710 709 711
f 711 709 712
f 711 712 713
f 713 712 714
f 713 714 715
f 715 714 716
f 715 716 717
f 717 716 718
f 717 718 719
f 719 718 720
f 719 720 721
f 721 720 722
f 721 722 723
f 723 722 724
f 723 724 725
f 725 724 726
f 725 726 727
f 727 726 728
f 727 728 729
f 729 728 730
f 729 730 731
f 731 730 732
f 731 732 733
f 733 732 734
f 733 734 735
f 735 734 736
f 735 736 737
f 737 736 738
f 737 738 739
f 739 738 740
f 739 740 741
f 741 740 742
f 741 742 700
f 700 742 743
f 700 743 701
f 721 744 719
f 719 744 745
f 719 745 717
f 717 745 746
f 717 746 715
f 715 746 747
f 715 747 713
f 713 747 748
f 713 748 711
f 711 748 749
f 711 749 710
f 710 749 750
f 710 750 708
f 708 750 751
f 708 751 706
f 706 751 752
f 706 752 704
f 704 752 753
f 704 753 702
f 702 753 754
f 702 754 700
f 700 754 755
f 700 755 741
f 741 755 756
f 741 756 739
f 739 756 757
f 739 757 737
f 737 757 758
f 737 758 735
f 735 758 759
f 735 759 733
f 733 759 760
f 733 760 731
f 731 760 761
f 731 761 729
f 729 761 762
f 729 762 727
f 727 762 763
f 727 763 725
f 725 763 764
f 725 764 723
f 723 764 765
f 723 765 721
f 721 765 744
f 766 767 768
f 768 767 769
f 768 769 770
f 770 769 771
f 770 771 772
f 772 771 773
f 772 773 774
f 774 773 775
f 774 775 776
f 776 775 777
f 776 777 778
f 778 777 779
f 778 779 780
f 780 779 781
f 780 781 782
f 782 781 783
f 782 783 784
f 784 783 785
f 784 785 786
f 786 785 787
f 786 787 788
f 788 787 789
f 788 789 766
f 766 789 767
f 53 790 779
f 779 790 781
f 790 791 781
f 781 791 40
f 781 40 783
f 783 40 42
f 783 42 785
f 785 42 43
f 785 43 787
f 787 43 44
f 787 44 789
f 789 44 55
f 789 55 767
f 767 55 54
f 767 54 769
f 769 54 57
f 769 57 771
f 771 57 59
f 771 59 773
f 773 59 61
f 773 61 775
f 775 61 62
f 775 62 777
f 777 62 50
f 777 50 779
f 779 50 52
f 779 52 53
f 792 793 794
f 794 793 795
f 794 795 796
f 796 795 797
f 796 797 798
f 798 797 799
f 798 799 800
f 800 799 801
f 800 801 802
f 802 801 803
f 802 803 804
f 804 803 805
f 804 805 806
f 806 805 807
f 806 807 808
f 808 807 809
f 808 809 810
f 810 809 811
f 810 811 812
f 812 811 813
f 812 813 814
f 814 813 815
f 814 815 792
f 792 815 793
f 130 816 811
f 811 816 813
f 816 817 813
f 813 817 153
f 813 153 815
f 815 153 151
f 815 151 793
f 793 151 150
f 793 150 795
f 795 150 149
f 795 149 797
f 797 149 144
f 797 144 799
f 799 144 142
f 799 142 801
f 801 142 141
f 801 141 803
f 803 141 131
f 803 131 805
f 805 131 133
f 805 133 807
f 807 133 135
f 807 135 809
f 809 135 127
f 809 127 811
f 811 127 129
f 811 129 130
f 818 819 820
f 820 819 821
f 820 821 822
f 822 821 823
f 822 823 824
f 824 823 825
f 824 825 826
f 826 825 827
f 826 827 828
f 828 827 829
f 828 829 830
f 830 829 831
f 830 831 832
f 832 831 833
f 832 833 834
f 834 833 835
f 834 835 836
f 836 835 837
f 836 837 838
f 838 837 839
f 838 839 840
f 840 839 841
f 840 841 818
f 818 841 819
f 117 842 819
f 819 842 821
f 842 843 821
f 821 843 113
f 821 113 823
f 823 113 111
f 823 111 825
f 825 111 110
f 825 110 827
f 827 110 109
f 827 109 829
f 829 109 108
f 829 108 831
f 831 108 107
f 831 107 833
f 833 107 99
f 833 99 835
f 835 99 98
f 835 98 837
f 837 98 96
f 837 96 839
f 839 96 94
f 839 94 841
f 841 94 93
f 841 93 819
f 819 93 116
f 819 116 117
f 844 845 846
f 846 845 847
f 846 847 848
f 848 847 849
f 848 849 850
f 850 849 851
f 850 851 852
f 852 851 853
f 852 853 854
f 854 853 855
f 854 855 856
f 856 855 857
f 856 857 858
f 858 857 859
f 858 859 860
f 860 859 861
f 860 861 862
f 862 861 863
f 862 863 864
f 864 863 865
f 864 865 866
f 866 865 867
f 866 867 844
f 844 867 845
f 72 868 851
f 851 868 853
f 868 869 853
f 853 869 84
f 853 84 855
f 855 84 86
f 855 86 857
f 857 86 83
f 857 83 859
f 859 83 82
f 859 82 861
f 861 82 80
f 861 80 863
f 863 80 79
f 863 79 865
f 865 79 70
f 865 70 867
f 867 70 68
f 867 68 845
f 845 68 67
f 845 67 847
f 847 67 64
f 847 64 849
f 849 64 63
f 849 63 851
f 851 63 73
f 851 73 72
f 870 871 872
f 872 871 873
f 872 873 874
f 874 873 875
f 874 875 876
f 876 875 877
f 876 877 878
f 878 877 879
f 878 879 880
f 880 879 881
f 880 881 882
f 882 881 883
f 882 883 884
f 884 883 885
f 884 885 886
f 886 885 887
f 886 887 888
f 888 887 889
f 888 889 890
f 890 889 891
f 890 891 892
f 892 891 893
f 892 893 870
f 870 893 871
f 40 791 871
f 871 791 873
f 791 790 873
f 873 790 53
f 873 53 875
f 875 53 51
f 875 51 877
f 877 51 49
f 877 49 879
f 879 49 47
f 879 47 881
f 881 47 45
f 881 45 883
f 883 45 33
f 883 33 885
f 885 33 32
f 885 32 887
f 887 32 39
f 887 39 889
f 889 39 38
f 889 38 891
f 891 38 36
f 891 36 893
f 893 36 35
f 893 35 871
f 871 35 41
f 871 41 40
f 894 895 896
f 896 895 897
f 896 897 898
f 898 897 899
f 898 899 900
f 900 899 901
f 900 901 902
f 902 901 903
f 902 903 904
f 904 903 905
f 904 905 906
f 906 905 907
f 906 907 908
f 908 907 909
f 908 909 910
f 910 909 911
f 910 911 912
f 912 911 913
f 912 913 914
f 914 913 915
f 914 915 916
f 916 915 917
f 916 917 894
f 894 917 895
f 153 817 901
f 901 817 903
f 817 816 903
f 903 816 130
f 903 130 905
f 905 130 128
f 905 128 907
f 907 128 123
f 907 123 909
f 909 123 125
f 909 125 911
f 911 125 136
f 911 136 913
f 913 136 138
f 913 138 915
f 915 138 140
f 915 140 917
f 917 140 202
f 917 202 895
f 895 202 148
f 895 148 897
f 897 148 147
f 897 147 899
f 899 147 146
f 899 146 901
f 901 146 152
f 901 152 153
f 918 919 920
f 920 919 921
f 920 921 922
f 922 921 923
f 922 923 924
f 924 923 925
f 924 925 926
f 926 925 927
f 926 927 928
f 928 927 929
f 928 929 930
f 930 929 931
f 930 931 932
f 932 931 933
f 932 933 934
f 934 933 935
f 934 935 936
f 936 935 937
f 936 937 938
f 938 937 939
f 938 939 940
f 940 939 941
f 940 941 918
f 918 941 919
f 113 843 931
f 931 843 933
f 843 842 933
f 933 842 117
f 933 117 935
f 935 117 115
f 935 115 937
f 937 115 114
f 937 114 939
f 939 114 122
f 939 122 941
f 941 122 121
f 941 121 919
f 919 121 119
f 919 119 921
f 921 119 106
f 921 106 923
f 923 106 105
f 923 105 925
f 925 105 103
f 925 103 927
f 927 103 101
f 927 101 929
f 929 101 100
f 929 100 931
f 931 100 112
f 931 112 113
f 942 943 944
f 944 943 945
f 944 945 946
f 946 945 947
f 946 947 948
f 948 947 949
f 948 949 950
f 950 949 951
f 950 951 952
f 952 951 953
f 952 953 954
f 954 953 955
f 954 955 956
f 956 955 957
f 956 957 958
f 958 957 959
f 958 959 960
f 960 959 961
f 960 961 962
f 962 961 963
f 962 963 964
f 964 963 965
f 964 965 942
f 942 965 943
f 84 869 961
f 961 869 963
f 869 868 963
f 963 868 72
f 963 72 965
f 965 72 74
f 965 74 943
f 943 74 75
f 943 75 945
f 945 75 76
f 945 76 947
f 947 76 77
f 947 77 949
f 949 77 78
f 949 78 951
f 951 78 92
f 951 92 953
f 953 92 91
f 953 91 955
f 955 91 89
f 955 89 957
f 957 89 88
f 957 88 959
f 959 88 87
f 959 87 961
f 961 87 85
f 961 85 84
f 585 12 484
f 484 12 480
f 480 12 10
f 480 10 481
f 23 586 25
f 25 586 585
f 25 585 482
f 482 585 484
f 642 305 641
f 641 305 304
f 641 304 648
f 648 304 333
f 648 333 650
f 650 333 335
f 650 335 652
f 652 335 337
f 652 337 655
f 655 337 339
f 655 339 656
f 656 339 273
f 656 273 661
f 661 273 272
f 661 272 662
f 662 272 353
f 662 353 674
f 674 353 352
f 674 352 672
f 672 352 351
f 672 351 667
f 667 351 350
f 667 350 668
f 668 350 285
f 668 285 677
f 677 285 284
f 677 284 678
f 678 284 290
f 678 290 683
f 683 290 292
f 683 292 638
f 638 292 282
f 638 282 688
f 688 282 276
f 688 276 690
f 690 276 275
f 690 275 692
f 692 275 362
f 692 362 697
f 697 362 307
f 697 307 645
f 645 307 306
f 645 306 642
f 642 306 305
f 745 220 746
f 746 220 219
f 746 219 747
f 747 219 217
f 747 217 748
f 748 217 216
f 748 216 749
f 749 216 222
f 749 222 750
f 750 222 223
f 750 223 751
f 751 223 224
f 751 224 752
f 752 224 228
f 752 228 753
f 753 228 227
f 753 227 754
f 754 227 226
f 754 226 755
f 755 226 225
f 755 225 756
f 756 225 200
f 756 200 757
f 757 200 205
f 757 205 758
f 758 205 204
f 758 204 759
f 759 204 215
f 759 215 760
f 760 215 214
f 760 214 761
f 761 214 212
f 761 212 762
f 762 212 211
f 762 211 763
f 763 211 210
f 763 210 764
f 764 210 209
f 764 209 765
f 765 209 207
f 765 207 744
f 744 207 221
f 744 221 745
f 745 221 220
f 724 722 671
f 681 728 726
f 671 670 724
f 724 670 669
f 724 669 726
f 726 669 682
f 726 682 681
f 685 732 730
f 681 680 728
f 728 680 679
f 728 679 730
f 730 679 686
f 730 686 685
f 685 684 732
f 732 684 637
f 732 637 734
f 691 738 736
f 637 636 734
f 734 636 687
f 734 687 736
f 736 687 689
f 736 689 691
f 691 694 738
f 738 694 693
f 738 693 740
f 643 703 701
f 693 699 740
f 740 699 698
f 740 698 742
f 742 698 696
f 742 696 743
f 743 696 695
f 743 695 701
f 701 695 644
f 701 644 643
f 647 707 705
f 643 646 703
f 703 646 640
f 703 640 705
f 705 640 639
f 705 639 647
f 647 649 707
f 707 649 651
f 707 651 709
f 651 654 709
f 709 654 653
f 709 653 712
f 657 716 714
f 653 660 712
f 712 660 659
f 712 659 714
f 714 659 658
f 714 658 657
f 657 666 716
f 716 666 665
f 716 665 718
f 665 664 718
f 718 664 663
f 718 663 720
f 663 676 720
f 720 676 675
f 720 675 722
f 722 675 673
f 722 673 671
f 966 967 968
f 968 967 969
f 968 969 970
f 970 969 971
f 970 971 972
f 972 971 973
f 972 973 974
f 974 973 975
f 974 975 976
f 976 975 977
f 976 977 978
f 978 977 979
f 978 979 980
f 980 979 981
f 980 981 982
f 982 981 983
f 982 983 984
f 984 983 985
f 984 985 986
f 986 985 987
f 986 987 988
f 988 987 989
f 988 989 966
f 966 989 967
f 990 988 991
f 991 988 966
f 991 966 992
f 992 966 968
f 992 968 993
f 993 968 970
f 993 970 994
f 994 970 972
f 994 972 995
f 995 972 974
f 995 974 996
f 996 974 976
f 996 976 997
f 997 976 978
f 997 978 998
f 998 978 980
f 998 980 999
f 999 980 982
f 999 982 1000
f 1000 982 984
f 1000 984 1001
f 1001 984 986
f 1001 986 990
f 990 986 988
f 1002 991 992
f 990 991 1002
f 1002 994 995
f 993 994 1002
f 992 993 1002
f 1002 997 998
f 996 997 1002
f 995 996 1002
f 1002 1000 1001
f 999 1000 1002
f 998 999 1002
f 1001 990 1002
f 973 1003 975
f 975 1003 1004
f 975 1004 977
f 977 1004 1005
f 977 1005 979
f 979 1005 1006
f 979 1006 981
f 981 1006 1007
f 981 1007 983
f 983 1007 1008
f 983 1008 985
f 985 1008 1009
f 985 1009 987
f 987 1009 1010
f 987 1010 989
f 989 1010 1011
f 989 1011 967
f 967 1011 1012
f 967 1012 969
f 969 1012 1013
f 969 1013 971
f 971 1013 1014
f 971 1014 973
f 973 1014 1003
f 1015 1016 1017
f 1017 1016 1018
f 1017 1018 1019
f 1019 1018 1020
f 1019 1020 1021
f 1021 1020 1022
f 1021 1022 1023
f 1023 1022 1024
f 1023 1024 1025
f 1025 1024 1026
f 1025 1026 1027
f 1027 1026 1028
f 1027 1028 1029
f 1029 1028 1030
f 1029 1030 1031
f 1031 1030 1032
f 1031 1032 1033
f 1033 1032 1034
f 1033 1034 1035
f 1035 1034 1036
f 1035 1036 1037
f 1037 1036 1038
f 1037 1038 1015
f 1015 1038 1016
f 1039 1037 1040
f 1040 1037 1015
f 1040 1015 1041
f 1041 1015 1017
f 1041 1017 1042
f 1042 1017 1019
f 1042 1019 1043
f 1043 1019 1021
f 1043 1021 1044
f 1044 1021 1023
f 1044 1023 1045
f 1045 1023 1025
f 1045 1025 1046
f 1046 1025 1027
f 1046 1027 1047
f 1047 1027 1029
f 1047 1029 1048
f 1048 1029 1031
f 1048 1031 1049
f 1049 1031 1033
f 1049 1033 1050
f 1050 1033 1035
f 1050 1035 1039
f 1039 1035 1037
f 1051 1050 1052
f 1052 1050 1039
f 1052 1039 1053
f 1053 1039 1040
f 1053 1040 1054
f 1054 1040 1041
f 1054 1041 1055
f 1055 1041 1042
f 1055 1042 1056
f 1056 1042 1043
f 1056 1043 1057
f 1057 1043 1044
f 1057 1044 1058
f 1058 1044 1045
f 1058 1045 1059
f 1059 1045 1046
f 1059 1046 1060
f 1060 1046 1047
f 1060 1047 1061
f 1061 1047 1048
f 1061 1048 1062
f 1062 1048 1049
f 1062 1049 1051
f 1051 1049 1050
f 1063 1052 1053
f 1051 1052 1063
f 1063 1055 1056
f 1054 1055 1063
f 1053 1054 1063
f 1063 1058 1059
f 1057 1058 1063
f 1056 1057 1063
f 1063 1061 1062
f 1060 1061 1063
f 1059 1060 1063
f 1062 1051 1063
f 396 419 1064
f 1064 419 1065
f 1066 1067 386
f 386 1067 384
f 1068 1069 1070
f 1071 1072 1073
f 1073 1072 1074
f 1075 1076 1077
f 1078 1079 1080
f 1081 1082 1083
f 1075 1084 1076
f 1076 1084 1085
f 1076 1085 1086
f 1080 1079 1087
f 1087 1079 1088
f 1087 1088 1089
f 1090 1091 1092
f 1092 1091 1093
f 1092 1093 1094
f 1094 1093 1086
f 1094 1086 1095
f 1095 1086 1085
f 1096 1097 1098
f 1098 1097 1099
f 1098 1099 1082
f 1082 1099 1100
f 1082 1100 1083
f 1101 1102 1103
f 1103 1102 1104
f 1103 1104 1105
f 1106 1107 1108
f 1108 1107 1109
f 1108 1109 1110
f 1110 1109 1111
f 1112 1113 1111
f 1111 1113 1114
f 1111 1114 1110
f 1105 1104 1115
f 1115 1104 1116
f 1115 1116 1117
f 1117 1116 1118
f 1118 1116 1119
f 1118 1119 1120
f 1120 1119 1121
f 1120 1121 1122
f 1122 1121 1123
f 1122 1123 1124
f 1101 1075 1102
f 1102 1075 1077
f 1102 1077 1125
f 1125 1077 1126
f 1125 1126 1080
f 1080 1126 1127
f 1080 1127 1078
f 1078 1127 1081
f 1078 1081 1128
f 1128 1081 1083
f 1088 1129 1089
f 1089 1129 1130
f 1089 1130 1112
f 1112 1130 1131
f 1112 1131 1113
f 1132 1133 1134
f 1135 1136 1133
f 1133 1136 1137
f 1133 1137 1134
f 1138 1139 1140
f 1140 1139 1141
f 1140 1141 1142
f 1142 1141 1132
f 1142 1132 1143
f 1143 1132 1134
f 1144 1145 1146
f 1147 1148 1149
f 1150 1151 1152
f 1152 1151 1153
f 1152 1153 1145
f 1145 1153 1154
f 1145 1154 1146
f 1155 1156 1157
f 1149 1148 1158
f 1148 1136 1158
f 1158 1136 1135
f 1158 1135 1159
f 1159 1135 1160
f 1159 1160 1161
f 1161 1160 1162
f 1161 1162 1144
f 1146 1163 1144
f 1144 1163 1164
f 1144 1164 1161
f 1161 1164 1165
f 1161 1165 1166
f 1166 1165 1167
f 1157 1156 1168
f 1168 1156 1169
f 1168 1169 1170
f 1170 1169 1171
f 1170 1171 1172
f 1157 1173 1155
f 1155 1173 1174
f 1155 1174 1149
f 1149 1174 1175
f 1149 1175 1147
f 1176 1177 1178
f 1178 1177 1179
f 1178 1179 1180
f 1180 1179 1181
f 1182 1183 1181
f 1181 1183 1184
f 1181 1184 1180
f 1167 1185 1166
f 1166 1185 1186
f 1166 1186 1182
f 1182 1186 1187
f 1182 1187 1183
f 1188 1189 1190
f 1190 1189 1191
f 1190 1191 1192
f 1192 1191 1193
f 1192 1193 1194
f 1194 1193 1195
f 1194 1195 1196
f 1196 1195 1197
f 1196 1197 1198
f 1198 1197 1199
f 1198 1199 1200
f 1200 1199 1201
f 1200 1201 1202
f 1202 1201 1203
f 1202 1203 1204
f 1204 1203 1205
f 1204 1205 1206
f 1206 1205 1207
f 1206 1207 1208
f 1208 1207 1209
f 1208 1209 1210
f 1210 1209 1211
f 1210 1211 1188
f 1188 1211 1189
f 1212 1213 1214
f 1214 1213 1215
f 1214 1215 1216
f 1216 1215 1217
f 1216 1217 1218
f 1218 1217 1219
f 1218 1219 1220
f 1220 1219 1221
f 1220 1221 1222
f 1222 1221 1223
f 1222 1223 1224
f 1224 1223 1225
f 1224 1225 1226
f 1226 1225 1227
f 1226 1227 1228
f 1228 1227 1229
f 1228 1229 1230
f 1230 1229 1231
f 1230 1231 1232
f 1232 1231 1233
f 1232 1233 1234
f 1234 1233 1235
f 1234 1235 1212
f 1212 1235 1213
f 1236 1237 1238
f 1238 1237 1239
f 1238 1239 1240
f 1240 1239 1241
f 1240 1241 1242
f 1242 1241 1243
f 1242 1243 1244
f 1244 1243 1245
f 1244 1245 1246
f 1246 1245 1247
f 1246 1247 1248
f 1248 1247 1249
f 1248 1249 1250
f 1250 1249 1251
f 1250 1251 1252
f 1252 1251 1253
f 1252 1253 1254
f 1254 1253 1255
f 1254 1255 1256
f 1256 1255 1257
f 1256 1257 1258
f 1258 1257 1259
f 1258 1259 1236
f 1236 1259 1237
f 1260 1261 1262
f 1262 1261 1263
f 1262 1263 1264
f 1264 1263 1265
f 1264 1265 1266
f 1266 1265 1267
f 1266 1267 1268
f 1268 1267 1269
f 1268 1269 1270
f 1270 1269 1271
f 1270 1271 1272
f 1272 1271 1273
f 1272 1273 1274
f 1274 1273 1275
f 1274 1275 1276
f 1276 1275 1277
f 1276 1277 1278
f 1278 1277 1279
f 1278 1279 1280
f 1280 1279 1281
f 1280 1281 1282
f 1282 1281 1283
f 1282 1283 1260
f 1260 1283 1261
f 1284 1285 1286
f 1286 1285 1287
f 1286 1287 1288
f 1288 1287 1289
f 1288 1289 1290
f 1290 1289 1291
f 1290 1291 1292
f 1292 1291 1293
f 1292 1293 1294
f 1294 1293 1295
f 1294 1295 1296
f 1296 1295 1297
f 1296 1297 1298
f 1298 1297 1299
f 1298 1299 1300
f 1300 1299 1301
f 1300 1301 1302
f 1302 1301 1303
f 1302 1303 1304
f 1304 1303 1305
f 1304 1305 1306
f 1306 1305 1307
f 1306 1307 1284
f 1284 1307 1285
f 1308 1309 1310
f 1310 1309 1311
f 1310 1311 1312
f 1312 1311 1313
f 1312 1313 1314
f 1314 1313 1315
f 1314 1315 1316
f 1316 1315 1317
f 1316 1317 1318
f 1318 1317 1319
f 1318 1319 1320
f 1320 1319 1321
f 1320 1321 1322
f 1322 1321 1323
f 1322 1323 1324
f 1324 1323 1325
f 1324 1325 1326
f 1326 1325 1327
f 1326 1327 1328
f 1328 1327 1329
f 1328 1329 1330
f 1330 1329 1331
f 1330 1331 1308
f 1308 1331 1309
f 1332 1333 1334
f 1334 1333 1335
f 1334 1335 1336
f 1336 1335 1337
f 1336 1337 1338
f 1338 1337 1339
f 1338 1339 1340
f 1340 1339 1341
f 1340 1341 1342
f 1342 1341 1343
f 1342 1343 1344
f 1344 1343 1345
f 1344 1345 1346
f 1346 1345 1347
f 1346 1347 1348
f 1348 1347 1349
f 1348 1349 1350
f 1350 1349 1351
f 1350 1351 1352
f 1352 1351 1353
f 1352 1353 1354
f 1354 1353 1355
f 1354 1355 1332
f 1332 1355 1333
f 1356 1357 1358
f 1358 1357 1359
f 1358 1359 1360
f 1360 1359 1361
f 1360 1361 1362
f 1362 1361 1363
f 1362 1363 1364
f 1364 1363 1365
f 1364 1365 1366
f 1366 1365 1367
f 1366 1367 1368
f 1368 1367 1369
f 1368 1369 1370
f 1370 1369 1371
f 1370 1371 1372
f 1372 1371 1373
f 1372 1373 1374
f 1374 1373 1375
f 1374 1375 1376
f 1376 1375 1377
f 1376 1377 1378
f 1378 1377 1379
f 1378 1379 1356
f 1356 1379 1357
f 1380 1381 1382
f 1382 1381 1383
f 1382 1383 1384
f 1384 1383 1385
f 1384 1385 1386
f 1386 1385 1387
f 1386 1387 1388
f 1388 1387 1389
f 1390 1391 1392
f 1393 1394 1395
f 1395 1394 1396
f 1395 1396 1397
f 1397 1396 1398
f 1397 1398 1392
f 1392 1398 1399
f 1392 1399 1390
f 1400 1401 1402
f 1403 1404 1405
f 1406 1407 1408
f 1408 1407 1409
f 1408 1409 1410
f 1411 1412 1413
f 1413 1412 1414
f 1415 1416 1417
f 1418 1419 1420
f 1420 1419 1421
f 1420 1421 1422
f 1422 1421 1414
f 1422 1414 1423
f 1423 1414 1412
f 1424 1425 1426
f 1426 1425 1427
f 1426 1427 1428
f 1428 1427 1429
f 1428 1429 1430
f 1431 1432 1433
f 1433 1432 1434
f 1433 1434 1435
f 1436 1437 1438
f 1417 1403 1415
f 1415 1403 1405
f 1415 1405 1402
f 1402 1405 1439
f 1402 1439 1400
f 1440 1441 1442
f 1442 1441 1443
f 1442 1443 1444
f 1444 1443 1435
f 1444 1435 1445
f 1445 1435 1434
f 1446 1447 1448
f 1448 1447 1449
f 1448 1449 1450
f 1451 1452 1453
f 1411 1413 1454
f 1454 1413 1455
f 1454 1455 1456
f 1456 1455 1457
f 1456 1457 1458
f 1438 1459 1436
f 1436 1459 1460
f 1436 1460 1461
f 1462 1463 1464
f 1464 1463 1465
f 1464 1465 1466
f 1466 1465 1467
f 1466 1467 1437
f 1437 1467 1468
f 1437 1468 1438
f 1469 1470 1471
f 1430 1429 1472
f 1472 1429 1473
f 1472 1473 1474
f 1474 1473 1475
f 1474 1475 1476
f 1476 1475 1477
f 1476 1477 1478
f 1424 1479 1425
f 1425 1479 1480
f 1425 1480 1481
f 1481 1480 1482
f 1481 1482 1483
f 1483 1482 1484
f 1483 1484 1485
f 1485 1484 1486
f 1485 1486 1487
f 1488 1489 1490
f 1490 1489 1491
f 1490 1491 1452
f 1452 1491 1492
f 1452 1492 1453
f 1493 1417 1494
f 1494 1417 1416
f 1494 1416 1495
f 1495 1416 1496
f 1495 1496 1497
f 1497 1496 1498
f 1497 1498 1499
f 1499 1498 1458
f 1499 1458 1461
f 1461 1458 1457
f 1461 1457 1436
f 1500 1501 1502
f 1502 1501 1503
f 1433 1447 1431
f 1431 1447 1446
f 1431 1446 1487
f 1487 1446 1407
f 1487 1407 1485
f 1485 1407 1406
f 1453 1504 1451
f 1451 1504 1505
f 1451 1505 1450
f 1471 1470 1506
f 1506 1470 1507
f 1506 1507 1508
f 1508 1507 1509
f 1508 1509 1510
f 1500 1502 1511
f 1511 1502 1512
f 1511 1512 1458
f 1458 1512 1513
f 1458 1513 1456
f 1456 1513 1514
f 1456 1514 1515
f 1515 1514 1516
f 1515 1516 1517
f 1401 1400 1518
f 1518 1400 1519
f 1518 1519 1503
f 1503 1519 1520
f 1503 1520 1502
f 1450 1505 1448
f 1448 1505 1521
f 1448 1521 1522
f 1522 1521 1523
f 1522 1523 1524
f 1471 1525 1469
f 1469 1525 1526
f 1469 1526 1517
f 1517 1526 1527
f 1517 1527 1515
f 1477 1410 1478
f 1478 1410 1409
f 1478 1409 1528
f 1528 1409 1529
f 1528 1529 1530
f 1530 1529 1502
f 1530 1502 1531
f 1531 1502 1520
f 1532 1533 1534
f 1534 1533 1535
f 1534 1535 1536
f 1536 1535 1537
f 1538 1539 1537
f 1537 1539 1540
f 1537 1540 1536
f 1523 1541 1524
f 1524 1541 1542
f 1524 1542 1538
f 1538 1542 1543
f 1538 1543 1539
f 1544 1545 1546
f 1544 1546 1547
f 1547 1546 1548
f 1547 1548 1549
f 1550 1551 1552
f 1550 1552 1553
f 1553 1552 1554
f 1553 1554 1555
f 1555 1554 1556
f 1555 1556 1557
f 1558 1559 1560
f 1560 1559 1561
f 1560 1561 1562
f 1562 1561 1563
f 1562 1563 1564
f 1564 1563 1565
f 1564 1565 1566
f 1567 1568 1569
f 1569 1568 1570
f 1569 1570 1571
f 1571 1570 1572
f 1571 1572 1566
f 1566 1572 1573
f 1566 1573 1564
f 1574 1559 1575
f 1575 1559 1558
f 1576 1577 1578
f 1578 1577 1579
f 1580 1581 1582
f 1582 1581 1583
f 1582 1583 1584
f 1584 1583 1585
f 1584 1585 1586
f 1586 1585 1587
f 1586 1587 1588
f 1588 1587 1589
f 1588 1589 1590
f 1590 1589 1591
f 1590 1591 1592
f 1592 1591 1579
f 1592 1579 1593
f 1593 1579 1577
f 1594 1595 1596
f 1596 1595 1597
f 1598 1599 1600
f 1600 1599 1601
f 1600 1601 1602
f 1602 1601 1603
f 1602 1603 1604
f 1604 1603 1605
f 1604 1605 1606
f 1606 1605 1607
f 1606 1607 1608
f 1608 1607 1609
f 1608 1609 1610
f 1610 1609 1597
f 1610 1597 1611
f 1611 1597 1595
f 1612 1613 1614
f 1612 1614 1615
f 1615 1614 1616
f 1615 1616 1617
f 1618 1619 1620
f 1620 1619 1621
f 1620 1621 1622
f 1622 1621 1623
f 1622 1623 1624
f 1624 1623 1625
f 1624 1625 1626
f 1626 1625 1627
f 1626 1627 1628
f 1628 1627 1629
f 1628 1629 1630
f 1630 1629 1631
f 1630 1631 1632
f 1632 1631 1633
f 1632 1633 1634
f 1634 1633 1635
f 1634 1635 1636
f 1636 1635 1637
f 1636 1637 1638
f 1638 1637 1639
f 1638 1639 1640
f 1640 1639 1641
f 1640 1641 1642
f 1642 1641 1643
f 1642 1643 1644
f 1644 1643 1645
f 1644 1645 1646
f 1646 1645 1647
f 1646 1647 1648
f 1648 1647 1649
f 1648 1649 1650
f 1650 1649 1651
f 1650 1651 1652
f 1652 1651 1653
f 1652 1653 1654
f 1654 1653 1655
f 1654 1655 1656
f 1656 1655 1657
f 1656 1657 1658
f 1658 1657 1659
f 1658 1659 1660
f 1660 1659 1661
f 1660 1661 1662
f 1662 1661 1663
f 1662 1663 1664
f 1664 1663 1665
f 1664 1665 1666
f 1666 1665 1667
f 1666 1667 1668
f 1668 1667 1669
f 1668 1669 1670
f 1670 1669 1671
f 1670 1671 1672
f 1672 1671 1673
f 1672 1673 1618
f 1618 1673 1619
f 1524 1674 1675
f 1656 1658 1080
f 1089 1676 1677
f 1166 1678 1679
f 1642 1644 1161
f 1161 1644 1159
f 1159 1644 1646
f 1159 1646 1158
f 1158 1646 1648
f 1158 1648 1149
f 1149 1648 1650
f 1149 1650 1680
f 1080 1658 1125
f 1125 1658 1660
f 1125 1660 1102
f 1102 1660 1662
f 1102 1662 1104
f 1104 1662 1664
f 1104 1664 1681
f 1670 1672 1448
f 1448 1672 1618
f 1448 1618 1446
f 1446 1618 1620
f 1446 1620 1407
f 1407 1620 1622
f 1407 1622 1409
f 1409 1622 1624
f 1409 1624 1529
f 1529 1624 1626
f 1529 1626 1502
f 1502 1626 1628
f 1502 1628 1512
f 1512 1628 1630
f 1512 1630 1513
f 1513 1630 1632
f 1513 1632 1514
f 1514 1632 1634
f 1514 1634 1516
f 1516 1634 1636
f 1516 1636 1517
f 1517 1636 1638
f 1517 1638 1682
f 1161 1166 1642
f 1642 1166 1679
f 1642 1679 1640
f 1640 1679 1683
f 1640 1683 1638
f 1638 1683 1684
f 1638 1684 1682
f 1448 1522 1670
f 1670 1522 1524
f 1670 1524 1668
f 1668 1524 1675
f 1668 1675 1666
f 1666 1675 1685
f 1666 1685 1664
f 1664 1685 1686
f 1664 1686 1681
f 1080 1087 1656
f 1656 1087 1089
f 1656 1089 1654
f 1654 1089 1677
f 1654 1677 1652
f 1652 1677 1687
f 1652 1687 1650
f 1650 1687 1688
f 1650 1688 1680
f 1689 1690 1691
f 1692 1693 1694
f 1695 1696 1697
f 1695 1697 1698
f 1695 1699 1696
f 1696 1699 1700
f 1696 1700 1701
f 1702 1703 1704
f 1704 1703 1705
f 1704 1705 1706
f 1706 1707 1704
f 1704 1707 1708
f 1704 1708 1709
f 1709 1708 1710
f 1709 1710 1711
f 1711 1710 1712
f 1711 1712 1713
f 1714 1715 1716
f 1717 1718 1719
f 1719 1718 1713
f 1719 1713 1720
f 1720 1713 1712
f 1714 1716 1721
f 1717 1722 1718
f 1718 1722 1723
f 1718 1723 1724
f 1715 1725 1716
f 1716 1725 1726
f 1716 1726 1727
f 1727 1726 1698
f 1727 1698 1728
f 1728 1698 1697
f 1729 1730 1731
f 1729 1731 1732
f 1733 1734 1735
f 1735 1734 1736
f 1735 1736 1737
f 1730 1738 1731
f 1731 1738 1739
f 1731 1739 1740
f 1740 1739 1741
f 1740 1741 1742
f 1742 1741 1743
f 1743 1741 1744
f 1743 1744 1745
f 1744 1746 1745
f 1745 1746 1747
f 1745 1747 1748
f 1749 1750 1751
f 1749 1751 1752
f 1750 1753 1751
f 1751 1753 1754
f 1751 1754 1755
f 1754 1756 1755
f 1755 1756 1757
f 1755 1757 1758
f 1758 1757 1759
f 1758 1759 1760
f 1760 1759 1761
f 1760 1761 1735
f 1735 1761 1762
f 1735 1762 1733
f 1763 1764 1765
f 1763 1765 1766
f 1767 1768 1769
f 1769 1768 1770
f 1769 1770 1771
f 1764 1772 1765
f 1765 1772 1773
f 1765 1773 1774
f 1774 1773 1775
f 1774 1775 1776
f 1776 1775 1777
f 1777 1775 1778
f 1777 1778 1779
f 1778 1780 1779
f 1779 1780 1781
f 1779 1781 1782
f 1783 1784 1785
f 1783 1785 1786
f 1784 1787 1785
f 1785 1787 1788
f 1785 1788 1789
f 1788 1790 1789
f 1789 1790 1791
f 1789 1791 1792
f 1792 1791 1793
f 1792 1793 1794
f 1794 1793 1795
f 1794 1795 1769
f 1769 1795 1796
f 1769 1796 1767
f 1797 1798 1799
f 1799 1798 1800
f 1799 1800 1801
f 1802 1803 1804
f 1804 1803 1805
f 1804 1805 1806
f 1807 1808 1809
f 1809 1810 1807
f 1807 1810 1811
f 1807 1811 1812
f 1812 1811 1813
f 1812 1813 1814
f 1814 1813 1815
f 1814 1815 1816
f 1816 1815 1804
f 1816 1804 1797
f 1797 1804 1806
f 1797 1806 1798
f 1798 1806 1817
f 1810 1818 1811
f 1811 1818 1819
f 1811 1819 1820
f 1820 1819 1821
f 1822 1823 1824
f 1822 1824 1825
f 1826 1827 1828
f 1829 1830 1831
f 1829 1831 1832
f 1826 1828 1831
f 1831 1828 1833
f 1831 1833 1832
f 1808 1807 1834
f 1834 1807 1835
f 1834 1835 1836
f 1836 1835 1837
f 1836 1837 1823
f 1823 1837 1838
f 1823 1838 1839
f 1839 1840 1823
f 1823 1840 1841
f 1823 1841 1824
f 1842 1828 1824
f 1824 1828 1827
f 1824 1827 1825
f 1843 1844 1845
f 1845 1844 1846
f 1845 1846 1842
f 1842 1846 1847
f 1842 1847 1828
f 1848 1849 1843
f 1843 1849 1850
f 1843 1850 1844
f 1844 1850 1851
f 1844 1851 1852
f 1853 1854 1855
f 1855 1856 1853
f 1853 1856 1857
f 1853 1857 1858
f 1859 1860 1861
f 1861 1860 1858
f 1861 1858 1862
f 1862 1858 1857
f 1863 1864 1865
f 1865 1864 1866
f 1863 1867 1864
f 1864 1867 1868
f 1864 1868 1869
f 1870 1871 1872
f 1873 1874 1869
f 1870 1872 1869
f 1869 1872 1875
f 1869 1875 1873
f 1874 1876 1869
f 1869 1876 1877
f 1869 1877 1864
f 1871 1878 1872
f 1872 1878 1879
f 1872 1879 1880
f 1880 1879 1881
f 1801 1800 1882
f 1882 1800 1689
f 1882 1689 1864
f 1864 1689 1691
f 1864 1691 1866
f 1748 1752 1745
f 1745 1752 1751
f 1745 1751 1883
f 1883 1751 1884
f 1883 1884 1885
f 1885 1884 1886
f 1885 1886 1887
f 1887 1886 1888
f 1887 1888 1889
f 1889 1888 1890
f 1889 1890 1891
f 1891 1890 1892
f 1891 1892 1893
f 1893 1892 1894
f 1893 1894 1895
f 1895 1894 1896
f 1895 1896 1897
f 1897 1896 1898
f 1897 1898 1899
f 1899 1898 1900
f 1899 1900 1901
f 1901 1900 1902
f 1901 1902 1903
f 1903 1902 1904
f 1903 1904 1716
f 1716 1904 1718
f 1716 1718 1721
f 1721 1718 1724
f 1701 1702 1696
f 1696 1702 1704
f 1696 1704 1905
f 1905 1704 1906
f 1905 1906 1859
f 1859 1906 1907
f 1859 1907 1860
f 1860 1907 1908
f 1771 1766 1769
f 1769 1766 1765
f 1769 1765 1909
f 1909 1765 1910
f 1909 1910 1694
f 1694 1910 1911
f 1694 1911 1692
f 1692 1911 1912
f 1692 1912 1854
f 1854 1912 1913
f 1854 1913 1855
f 1782 1786 1779
f 1779 1786 1785
f 1779 1785 1914
f 1914 1785 1915
f 1914 1915 1916
f 1916 1915 1917
f 1916 1917 1918
f 1918 1917 1919
f 1918 1919 1920
f 1920 1919 1921
f 1920 1921 1922
f 1922 1921 1923
f 1922 1923 1924
f 1924 1923 1925
f 1924 1925 1926
f 1926 1925 1927
f 1926 1927 1928
f 1928 1927 1929
f 1928 1929 1930
f 1930 1929 1931
f 1930 1931 1850
f 1850 1931 1932
f 1850 1932 1851
f 1933 1872 1934
f 1934 1872 1880
f 1934 1880 1935
f 1935 1880 1936
f 1935 1936 1731
f 1731 1936 1735
f 1731 1735 1732
f 1732 1735 1737
f 1937 1938 1798
f 1798 1938 1939
f 1798 1939 1800
f 1800 1939 1567
f 1800 1567 1689
f 1689 1567 1569
f 1689 1569 1571
f 1940 1941 1942
f 1942 1941 1943
f 1944 1945 1946
f 1946 1945 1947
f 1946 1947 1948
f 1948 1947 1949
f 1948 1949 1950
f 1950 1949 1951
f 1950 1951 1952
f 1952 1951 1953
f 1952 1953 1954
f 1954 1953 1955
f 1954 1955 1956
f 1956 1955 1943
f 1956 1943 1957
f 1957 1943 1941
f 1958 1544 1547
f 1959 1960 1961
f 1615 1617 1962
f 1547 1549 1963
f 1555 1557 1964
f 1962 1965 1966
f 1966 1965 1967
f 1966 1967 1968
f 1968 1967 1969
f 1968 1969 1961
f 1961 1969 1970
f 1961 1970 1971
f 1958 1547 1972
f 1972 1547 1973
f 1972 1973 1974
f 1974 1973 1975
f 1974 1975 1960
f 1960 1975 1976
f 1960 1976 1961
f 1550 1553 1971
f 1971 1553 1555
f 1971 1555 1961
f 1961 1555 1964
f 1961 1964 1959
f 1945 1977 1978
f 1945 1979 1977
f 1977 1979 1578
f 1977 1578 1980
f 1980 1578 1579
f 1980 1579 1981
f 1981 1579 1591
f 1981 1591 1982
f 1982 1591 1589
f 1982 1589 1983
f 1983 1589 1587
f 1983 1587 1984
f 1984 1587 1585
f 1984 1585 1985
f 1985 1585 1583
f 1985 1583 1986
f 1986 1583 1581
f 1612 1615 1987
f 1987 1615 1962
f 1987 1962 1988
f 1988 1962 1966
f 1547 1963 1973
f 1973 1963 1942
f 1973 1942 1989
f 1989 1942 1943
f 1989 1943 1990
f 1990 1943 1955
f 1990 1955 1991
f 1991 1955 1953
f 1991 1953 1992
f 1992 1953 1951
f 1992 1951 1993
f 1993 1951 1949
f 1993 1949 1978
f 1978 1949 1947
f 1978 1947 1945
f 1994 1601 1995
f 1995 1601 1599
f 1995 1599 1987
f 1987 1599 1996
f 1987 1996 1612
f 1581 1997 1986
f 1986 1997 1596
f 1986 1596 1998
f 1998 1596 1597
f 1998 1597 1999
f 1999 1597 1609
f 1999 1609 2000
f 2000 1609 1607
f 2000 1607 2001
f 2001 1607 1605
f 2001 1605 1994
f 1994 1605 1603
f 1994 1603 1601
f 1977 1647 1978
f 1978 1647 1645
f 1978 1645 1993
f 1993 1645 1643
f 1993 1643 1992
f 1992 1643 1641
f 1992 1641 1991
f 1991 1641 1639
f 1991 1639 1990
f 1990 1639 1637
f 1990 1637 1989
f 1989 1637 1635
f 1989 1635 1973
f 1973 1635 1633
f 1973 1633 1975
f 1975 1633 1631
f 1975 1631 1976
f 1976 1631 1629
f 1976 1629 1961
f 1961 1629 1627
f 1961 1627 1968
f 1968 1627 1625
f 1968 1625 1966
f 1966 1625 1623
f 1966 1623 1988
f 1988 1623 1621
f 1988 1621 1987
f 1987 1621 1619
f 1987 1619 1995
f 1995 1619 1673
f 1995 1673 1994
f 1994 1673 1671
f 1994 1671 2001
f 2001 1671 1669
f 2001 1669 2000
f 2000 1669 1667
f 2000 1667 1999
f 1999 1667 1665
f 1999 1665 1998
f 1998 1665 1663
f 1998 1663 1986
f 1986 1663 1661
f 1986 1661 1985
f 1985 1661 1659
f 1985 1659 1984
f 1984 1659 1657
f 1984 1657 1983
f 1983 1657 1655
f 1983 1655 1982
f 1982 1655 1653
f 1982 1653 1981
f 1981 1653 1651
f 1981 1651 1980
f 1980 1651 1649
f 1980 1649 1977
f 1977 1649 1647
f 1549 1548 2002
f 2003 1942 2004
f 2004 1942 1963
f 2004 1963 2005
f 1940 1942 2006
f 2006 1942 2003
f 2006 2003 2007
f 2007 2003 2008
f 1963 1549 2005
f 2005 1549 2002
f 2005 2002 2009
f 2002 2010 2009
f 2009 2010 2011
f 2009 2011 2012
f 2012 2011 2013
f 2012 2013 2014
f 2014 2013 2015
f 2014 2015 2016
f 2016 2015 2017
f 2016 2017 2018
f 2018 2017 2019
f 2018 2019 2020
f 2020 2019 2021
f 2020 2021 2022
f 2022 2021 2023
f 2022 2023 2024
f 2024 2023 2025
f 2024 2025 2008
f 2008 2025 2026
f 2008 2026 2007
f 2022 1419 2020
f 2020 1419 2027
f 2020 2027 2018
f 2018 2027 2028
f 2018 2028 2016
f 2028 2029 2016
f 2016 2029 1462
f 2016 1462 2014
f 2014 1462 1464
f 2014 1464 2012
f 2012 1464 1466
f 2012 1466 2009
f 2009 1466 1437
f 2009 1437 2005
f 2005 1437 1436
f 2005 1436 2004
f 2004 1436 1457
f 2004 1457 2003
f 2003 1457 1455
f 2003 1455 2008
f 2008 1455 1413
f 2008 1413 2024
f 2024 1413 1414
f 2024 1414 2022
f 2022 1414 1421
f 2022 1421 1419
f 2030 2031 2032
f 1598 2032 1599
f 1599 2032 2031
f 1599 2031 1996
f 1996 2031 2033
f 1996 2033 1612
f 1612 2033 2034
f 1613 1612 2035
f 2035 1612 2034
f 2035 2034 2036
f 2036 2034 2037
f 2032 2038 2030
f 2030 2038 2039
f 2030 2039 2040
f 2040 2039 2041
f 2040 2041 2042
f 2042 2041 2043
f 2042 2043 2044
f 2044 2043 2045
f 2044 2045 2046
f 2046 2045 2047
f 2046 2047 2048
f 2048 2047 2049
f 2048 2049 2050
f 2050 2049 2051
f 2050 2051 2052
f 2052 2051 2053
f 2052 2053 2037
f 2037 2053 2054
f 2037 2054 2036
f 2050 1441 2048
f 2048 1441 2055
f 2048 2055 2046
f 2046 2055 2056
f 2046 2056 2044
f 2056 2057 2044
f 2044 2057 1488
f 2044 1488 2042
f 2042 1488 1490
f 2042 1490 2040
f 2040 1490 1452
f 2040 1452 2030
f 2030 1452 1451
f 2030 1451 2031
f 2031 1451 1450
f 2031 1450 2033
f 2033 1450 1449
f 2033 1449 2034
f 2034 1449 1447
f 2034 1447 2037
f 2037 1447 1433
f 2037 1433 2052
f 2052 1433 1435
f 2052 1435 2050
f 2050 1435 1443
f 2050 1443 1441
f 1581 1580 2058
f 2059 1596 2060
f 2060 1596 1997
f 2060 1997 2061
f 1594 1596 2062
f 2062 1596 2059
f 2062 2059 2063
f 2063 2059 2064
f 1997 1581 2061
f 2061 1581 2058
f 2061 2058 2065
f 2058 2066 2065
f 2065 2066 2067
f 2065 2067 2068
f 2068 2067 2069
f 2068 2069 2070
f 2070 2069 2071
f 2070 2071 2072
f 2072 2071 2073
f 2072 2073 2074
f 2074 2073 2075
f 2074 2075 2076
f 2076 2075 2077
f 2076 2077 2078
f 2078 2077 2079
f 2078 2079 2080
f 2080 2079 2081
f 2080 2081 2064
f 2064 2081 2082
f 2064 2082 2063
f 2078 1091 2076
f 2076 1091 2083
f 2076 2083 2074
f 2074 2083 2084
f 2074 2084 2072
f 2084 2085 2072
f 2072 2085 1096
f 2072 1096 2070
f 2070 1096 1098
f 2070 1098 2068
f 2068 1098 1082
f 2068 1082 2065
f 2065 1082 1081
f 2065 1081 2061
f 2061 1081 1127
f 2061 1127 2060
f 2060 1127 1126
f 2060 1126 2059
f 2059 1126 1077
f 2059 1077 2064
f 2064 1077 1076
f 2064 1076 2080
f 2080 1076 1086
f 2080 1086 2078
f 2078 1086 1093
f 2078 1093 1091
f 2086 2087 2088
f 1944 2088 1945
f 1945 2088 2087
f 1945 2087 1979
f 1979 2087 2089
f 1979 2089 1578
f 1578 2089 2090
f 1576 1578 2091
f 2091 1578 2090
f 2091 2090 2092
f 2092 2090 2093
f 2088 2094 2086
f 2086 2094 2095
f 2086 2095 2096
f 2096 2095 2097
f 2096 2097 2098
f 2098 2097 2099
f 2098 2099 2100
f 2100 2099 2101
f 2100 2101 2102
f 2102 2101 2103
f 2102 2103 2104
f 2104 2103 2105
f 2104 2105 2106
f 2106 2105 2107
f 2106 2107 2108
f 2108 2107 2109
f 2108 2109 2093
f 2093 2109 2110
f 2093 2110 2092
f 2106 1139 2104
f 2104 1139 2111
f 2104 2111 2102
f 2102 2111 2112
f 2102 2112 2100
f 2112 2113 2100
f 2100 2113 1150
f 2100 1150 2098
f 2098 1150 1152
f 2098 1152 2096
f 2096 1152 1145
f 2096 1145 2086
f 2086 1145 1144
f 2086 1144 2087
f 2087 1144 1162
f 2087 1162 2089
f 2089 1162 1160
f 2089 1160 2090
f 2090 1160 1135
f 2090 1135 2093
f 2093 1135 1133
f 2093 1133 2108
f 2108 1133 1132
f 2108 1132 2106
f 2106 1132 1141
f 2106 1141 1139
f 2114 2115 2116
f 2117 2118 2115
f 2115 2118 2119
f 2115 2119 2116
f 2116 2120 2114
f 2114 2120 2121
f 2114 2121 2122
f 2122 2121 2123
f 2122 2123 2124
f 2124 2123 2125
f 2124 2125 2126
f 2126 2125 2127
f 2126 2127 2128
f 2128 2127 2129
f 2128 2129 2130
f 2130 2129 2131
f 2130 2131 2132
f 2132 2131 2133
f 2132 2133 2134
f 2134 2133 2135
f 2134 2135 2136
f 2136 2135 2137
f 2136 2137 2138
f 2138 2137 2139
f 2138 2139 2117
f 2117 2139 2140
f 2117 2140 2118
f 2117 1290 2138
f 2138 1290 1292
f 2138 1292 2136
f 2136 1292 1294
f 2136 1294 2134
f 2134 1294 1296
f 2134 1296 2132
f 2132 1296 1298
f 2132 1298 2130
f 2130 1298 1300
f 2130 1300 2128
f 2128 1300 1302
f 2128 1302 2126
f 2126 1302 1304
f 2126 1304 2124
f 2124 1304 1306
f 2124 1306 2122
f 2122 1306 1284
f 2122 1284 2114
f 2114 1284 1286
f 2114 1286 2115
f 2115 1286 1288
f 2115 1288 2117
f 2117 1288 1290
f 2141 2142 2143
f 2144 2145 2142
f 2142 2145 2146
f 2142 2146 2143
f 2143 2147 2141
f 2141 2147 2148
f 2141 2148 2149
f 2149 2148 2150
f 2149 2150 2151
f 2151 2150 2152
f 2151 2152 2153
f 2153 2152 2154
f 2153 2154 2155
f 2155 2154 2156
f 2155 2156 2157
f 2157 2156 2158
f 2157 2158 2159
f 2159 2158 2160
f 2159 2160 2161
f 2161 2160 2162
f 2161 2162 2163
f 2163 2162 2164
f 2163 2164 2165
f 2165 2164 2166
f 2165 2166 2144
f 2144 2166 2167
f 2144 2167 2145
f 2142 1197 2144
f 2144 1197 1195
f 2144 1195 2165
f 2165 1195 1193
f 2165 1193 2163
f 2163 1193 1191
f 2163 1191 2161
f 2161 1191 1189
f 2161 1189 2159
f 2159 1189 1211
f 2159 1211 2157
f 2157 1211 1209
f 2157 1209 2155
f 2155 1209 1207
f 2155 1207 2153
f 2153 1207 1205
f 2153 1205 2151
f 2151 1205 1203
f 2151 1203 2149
f 2149 1203 1201
f 2149 1201 2141
f 2141 1201 1199
f 2141 1199 2142
f 2142 1199 1197
f 1389 2168 2169
f 2169 2168 2170
f 2171 2172 2170
f 2170 2172 2173
f 2170 2173 2169
f 2174 2175 2171
f 2171 2175 2176
f 2171 2176 2172
f 1389 1387 2168
f 2168 1387 1385
f 2168 1385 2177
f 2177 1385 2178
f 2177 2178 2179
f 2179 2178 2180
f 2179 2180 2181
f 2181 2180 2182
f 2181 2182 2183
f 2183 2182 2184
f 2183 2184 2185
f 2185 2184 2186
f 2185 2186 2187
f 2187 2186 2188
f 2187 2188 2189
f 2189 2188 2190
f 2189 2190 2191
f 2191 2190 2192
f 2191 2192 2174
f 2174 2192 2193
f 2174 2193 2175
f 2168 1235 2170
f 2170 1235 1233
f 2170 1233 2171
f 2171 1233 1231
f 2171 1231 2174
f 2174 1231 1229
f 2174 1229 2191
f 2191 1229 1227
f 2191 1227 2189
f 2189 1227 1225
f 2189 1225 2187
f 2187 1225 1223
f 2187 1223 2185
f 2185 1223 1221
f 2185 1221 2183
f 2183 1221 1219
f 2183 1219 2181
f 2181 1219 1217
f 2181 1217 2179
f 2179 1217 1215
f 2179 1215 2177
f 2177 1215 1213
f 2177 1213 2168
f 2168 1213 1235
f 2194 2195 2196
f 2197 2198 2195
f 2195 2198 2199
f 2195 2199 2196
f 2196 2200 2194
f 2194 2200 2201
f 2194 2201 2202
f 2202 2201 2203
f 2202 2203 2204
f 2204 2203 2205
f 2204 2205 2206
f 2206 2205 2207
f 2206 2207 2208
f 2208 2207 2209
f 2208 2209 2210
f 2210 2209 2211
f 2210 2211 2212
f 2212 2211 2213
f 2212 2213 2214
f 2214 2213 2215
f 2214 2215 2216
f 2216 2215 2217
f 2216 2217 2218
f 2218 2217 2219
f 2218 2219 2197
f 2197 2219 2220
f 2197 2220 2198
f 2204 1321 2202
f 2202 1321 1319
f 2202 1319 2194
f 2194 1319 1317
f 2194 1317 2195
f 2195 1317 1315
f 2195 1315 2197
f 2197 1315 1313
f 2197 1313 2218
f 2218 1313 1311
f 2218 1311 2216
f 2216 1311 1309
f 2216 1309 2214
f 2214 1309 1331
f 2214 1331 2212
f 2212 1331 1329
f 2212 1329 2210
f 2210 1329 1327
f 2210 1327 2208
f 2208 1327 1325
f 2208 1325 2206
f 2206 1325 1323
f 2206 1323 2204
f 2204 1323 1321
f 2221 2222 2223
f 2224 2225 2222
f 2222 2225 2226
f 2222 2226 2223
f 2223 2227 2221
f 2221 2227 2228
f 2221 2228 2229
f 2229 2228 2230
f 2229 2230 2231
f 2231 2230 2232
f 2231 2232 2233
f 2233 2232 2234
f 2233 2234 2235
f 2235 2234 2236
f 2235 2236 2237
f 2237 2236 2238
f 2237 2238 2239
f 2239 2238 2240
f 2239 2240 2241
f 2241 2240 2242
f 2241 2242 2243
f 2243 2242 2244
f 2243 2244 2245
f 2245 2244 2246
f 2245 2246 2224
f 2224 2246 2247
f 2224 2247 2225
f 2235 1249 2233
f 2233 1249 1247
f 2233 1247 2231
f 2231 1247 1245
f 2231 1245 2229
f 2229 1245 1243
f 2229 1243 2221
f 2221 1243 1241
f 2221 1241 2222
f 2222 1241 1239
f 2222 1239 2224
f 2224 1239 1237
f 2224 1237 2245
f 2245 1237 1259
f 2245 1259 2243
f 2243 1259 1257
f 2243 1257 2241
f 2241 1257 1255
f 2241 1255 2239
f 2239 1255 1253
f 2239 1253 2237
f 2237 1253 1251
f 2237 1251 2235
f 2235 1251 1249
f 2248 2249 2250
f 2251 2252 2249
f 2249 2252 2253
f 2249 2253 2250
f 2250 2254 2248
f 2248 2254 2255
f 2248 2255 2256
f 2256 2255 2257
f 2256 2257 2258
f 2258 2257 2259
f 2258 2259 2260
f 2260 2259 2261
f 2260 2261 2262
f 2262 2261 2263
f 2262 2263 2264
f 2264 2263 2265
f 2264 2265 2266
f 2266 2265 2267
f 2266 2267 2268
f 2268 2267 2269
f 2268 2269 2270
f 2270 2269 2271
f 2270 2271 2272
f 2272 2271 2273
f 2272 2273 2251
f 2251 2273 2274
f 2251 2274 2252
f 2264 1337 2262
f 2262 1337 1335
f 2262 1335 2260
f 2260 1335 1333
f 2260 1333 2258
f 2258 1333 1355
f 2258 1355 2256
f 2256 1355 1353
f 2256 1353 2248
f 2248 1353 1351
f 2248 1351 2249
f 2249 1351 1349
f 2249 1349 2251
f 2251 1349 1347
f 2251 1347 2272
f 2272 1347 1345
f 2272 1345 2270
f 2270 1345 1343
f 2270 1343 2268
f 2268 1343 1341
f 2268 1341 2266
f 2266 1341 1339
f 2266 1339 2264
f 2264 1339 1337
f 1393 2275 2276
f 2276 2275 2277
f 2278 2279 2277
f 2277 2279 2280
f 2277 2280 2276
f 2281 2282 2278
f 2278 2282 2283
f 2278 2283 2279
f 1393 1395 2275
f 2275 1395 1397
f 2275 1397 2284
f 2284 1397 2285
f 2284 2285 2286
f 2286 2285 2287
f 2286 2287 2288
f 2288 2287 2289
f 2288 2289 2290
f 2290 2289 2291
f 2290 2291 2292
f 2292 2291 2293
f 2292 2293 2294
f 2294 2293 2295
f 2294 2295 2296
f 2296 2295 2297
f 2296 2297 2298
f 2298 2297 2299
f 2298 2299 2281
f 2281 2299 2300
f 2281 2300 2282
f 2294 1269 2292
f 2292 1269 1267
f 2292 1267 2290
f 2290 1267 1265
f 2290 1265 2288
f 2288 1265 1263
f 2288 1263 2286
f 2286 1263 1261
f 2286 1261 2284
f 2284 1261 1283
f 2284 1283 2275
f 2275 1283 1281
f 2275 1281 2277
f 2277 1281 1279
f 2277 1279 2278
f 2278 1279 1277
f 2278 1277 2281
f 2281 1277 1275
f 2281 1275 2298
f 2298 1275 1273
f 2298 1273 2296
f 2296 1273 1271
f 2296 1271 2294
f 2294 1271 1269
f 2301 2302 2303
f 2304 2305 2302
f 2302 2305 2306
f 2302 2306 2303
f 2303 2307 2301
f 2301 2307 2308
f 2301 2308 2309
f 2309 2308 2310
f 2309 2310 2311
f 2311 2310 2312
f 2311 2312 2313
f 2313 2312 2314
f 2313 2314 2315
f 2315 2314 2316
f 2315 2316 2317
f 2317 2316 2318
f 2317 2318 2319
f 2319 2318 2320
f 2319 2320 2321
f 2321 2320 2322
f 2321 2322 2323
f 2323 2322 2324
f 2323 2324 2325
f 2325 2324 2326
f 2325 2326 2304
f 2304 2326 2327
f 2304 2327 2305
f 2323 1359 2321
f 2321 1359 1357
f 2321 1357 2319
f 2319 1357 1379
f 2319 1379 2317
f 2317 1379 1377
f 2317 1377 2315
f 2315 1377 1375
f 2315 1375 2313
f 2313 1375 1373
f 2313 1373 2311
f 2311 1373 1371
f 2311 1371 2309
f 2309 1371 1369
f 2309 1369 2301
f 2301 1369 1367
f 2301 1367 2302
f 2302 1367 1365
f 2302 1365 2304
f 2304 1365 1363
f 2304 1363 2325
f 2325 1363 1361
f 2325 1361 2323
f 2323 1361 1359
f 2328 2329 2330
f 2331 1939 2332
f 2332 1939 1938
f 2330 2329 1937
f 1937 2329 2333
f 1937 2333 1938
f 1938 2333 2334
f 1938 2334 2332
f 1574 1575 2335
f 2335 1575 2336
f 2335 2336 2337
f 2337 2336 2338
f 2337 2338 2339
f 2339 2338 2340
f 2339 2340 2330
f 2330 2340 2341
f 2330 2341 2328
f 1568 1567 2331
f 2331 1567 1939
f 1562 1564 2342
f 1575 2343 2336
f 2336 2343 2344
f 2336 2344 2338
f 2338 2344 2345
f 2338 2345 2340
f 2346 1558 2342
f 2342 1558 1560
f 2342 1560 1562
f 2347 2343 2348
f 2348 2343 1575
f 2348 1575 2349
f 2349 1575 1558
f 2349 1558 2350
f 2350 1558 2346
f 2341 2340 2351
f 2351 2340 2345
f 2348 2352 2347
f 2347 2352 2353
f 2347 2353 2343
f 2343 2353 2354
f 2343 2354 2344
f 2344 2354 2355
f 2344 2355 2345
f 2345 2355 2351
f 2352 2348 2356
f 2356 2348 2349
f 2357 2358 2342
f 2342 2358 2346
f 2358 2359 2346
f 2346 2359 2360
f 2346 2360 2350
f 2356 2349 2361
f 2361 2349 2350
f 2361 2350 2362
f 2362 2350 2360
f 2357 2342 1573
f 1573 2342 1564
f 2363 2364 2365
f 2365 2364 2366
f 2365 2366 2367
f 1616 2367 1617
f 1617 2367 2366
f 1617 2366 1962
f 1962 2366 2368
f 1962 2368 1965
f 1965 2368 2369
f 1965 2369 1967
f 1967 2369 2370
f 1967 2370 1969
f 1969 2370 2371
f 1969 2371 1970
f 1970 2371 2372
f 1970 2372 1971
f 1971 2372 2373
f 1971 2373 1550
f 1550 2373 2374
f 1551 1550 2375
f 2375 1550 2374
f 2375 2374 2376
f 2376 2374 2377
f 2365 2378 2363
f 2363 2378 2379
f 2363 2379 2380
f 2380 2379 2381
f 2380 2381 2377
f 2377 2381 2382
f 2377 2382 2376
f 2372 1477 2373
f 2373 1477 1475
f 2373 1475 2374
f 2374 1475 1473
f 2374 1473 2377
f 2377 1473 1429
f 2377 1429 2380
f 2380 1429 1427
f 2380 1427 2363
f 2363 1427 1425
f 2363 1425 2364
f 2364 1425 1481
f 2364 1481 2366
f 2366 1481 1483
f 2366 1483 2368
f 2368 1483 1485
f 2368 1485 2369
f 2369 1485 1406
f 2369 1406 2370
f 2370 1406 1408
f 2370 1408 2371
f 2371 1408 1410
f 2371 1410 2372
f 2372 1410 1477
f 2383 2384 2385
f 2386 1545 1544
f 1556 2385 1557
f 1557 2385 2384
f 1557 2384 1964
f 1964 2384 2387
f 1964 2387 1959
f 1959 2387 2388
f 1959 2388 1960
f 1960 2388 2389
f 1960 2389 1974
f 1974 2389 2390
f 1974 2390 1972
f 1972 2390 2391
f 1972 2391 1958
f 1958 2391 2392
f 1958 2392 1544
f 1544 2392 2393
f 1544 2393 2386
f 2386 2393 2394
f 2395 2396 2394
f 2394 2396 2397
f 2394 2397 2386
f 2385 2398 2383
f 2383 2398 2399
f 2383 2399 2400
f 2400 2399 2401
f 2400 2401 2395
f 2395 2401 2402
f 2395 2402 2396
f 2393 1498 2394
f 2394 1498 1496
f 2394 1496 2395
f 2395 1496 1416
f 2395 1416 2400
f 2400 1416 1415
f 2400 1415 2383
f 2383 1415 1402
f 2383 1402 2384
f 2384 1402 1401
f 2384 1401 2387
f 2387 1401 1518
f 2387 1518 2388
f 2388 1518 1503
f 2388 1503 2389
f 2389 1503 1501
f 2389 1501 2390
f 2390 1501 1500
f 2390 1500 2391
f 2391 1500 1511
f 2391 1511 2392
f 2392 1511 1458
f 2392 1458 2393
f 2393 1458 1498
f 1478 1528 2356
f 2356 2361 1478
f 1478 2361 2362
f 1478 2362 1476
f 1476 2362 2360
f 1476 2360 1474
f 2357 1472 2358
f 2358 1472 1474
f 2358 1474 2359
f 2359 1474 2360
f 1530 2352 1528
f 1528 2352 2356
f 1573 1430 2357
f 2357 1430 1472
f 2352 1530 2353
f 2353 1530 1531
f 2353 1531 2354
f 2354 1531 1520
f 2354 1520 2355
f 2355 1520 1519
f 2355 1519 2351
f 2351 1519 1400
f 1430 1573 1428
f 1428 1573 1572
f 1568 2403 1570
f 1570 2403 2404
f 1570 2404 1572
f 1572 2404 2405
f 1572 2405 1428
f 1439 2341 1400
f 1400 2341 2351
f 2331 2406 1568
f 1568 2406 2403
f 2407 2406 2331
f 2341 1439 2328
f 2328 1439 1405
f 2328 1405 2329
f 2329 1405 1404
f 2329 1404 2333
f 2333 1404 2408
f 2333 2408 2334
f 2334 2408 2407
f 2334 2407 2332
f 2332 2407 2331
f 2002 1548 1546
f 2397 2396 2308
f 2303 1546 2307
f 2307 1546 1545
f 2307 1545 2308
f 2308 1545 2386
f 2308 2386 2397
f 2010 2002 2305
f 2305 2002 1546
f 2305 1546 2306
f 2306 1546 2303
f 2398 2385 2409
f 2409 2385 1556
f 2409 1556 1554
f 1552 1551 2410
f 2410 1551 2375
f 2410 2375 2376
f 1552 2410 1554
f 1554 2410 2411
f 1554 2411 2409
f 2412 2228 2227
f 1577 1576 2091
f 2226 1592 2223
f 2223 1592 1593
f 2223 1593 2227
f 2227 1593 1577
f 2227 1577 2412
f 2412 1577 2091
f 2412 2091 2092
f 1580 1582 2058
f 2058 1582 2198
f 2058 2198 2066
f 2413 2201 1586
f 1586 2201 2200
f 1586 2200 1584
f 1584 2200 2196
f 1584 2196 1582
f 1582 2196 2199
f 1582 2199 2198
f 2413 1586 2414
f 2414 1586 1588
f 2414 1588 2415
f 2415 1588 1590
f 2415 1590 2416
f 2416 1590 2417
f 2417 1590 1592
f 2417 1592 2418
f 2418 1592 2226
f 2418 2226 2225
f 2088 1944 1946
f 1394 2276 2280
f 2007 1396 2006
f 2006 1396 1941
f 2006 1941 1940
f 1396 1394 1941
f 1941 1394 2280
f 1941 2280 1957
f 1957 2280 2279
f 1957 2279 1956
f 1956 2279 2283
f 1956 2283 2282
f 2094 2088 2419
f 2419 2088 1946
f 2419 1946 2252
f 2420 2255 2254
f 2421 2420 1950
f 1950 2420 2254
f 1950 2254 1948
f 1948 2254 2250
f 1948 2250 1946
f 1946 2250 2253
f 1946 2253 2252
f 1952 1954 2422
f 2422 2423 1952
f 1952 2423 2424
f 1952 2424 1950
f 1950 2424 2425
f 1950 2425 2421
f 2282 2426 1956
f 1956 2426 2427
f 1956 2427 1954
f 1954 2427 2428
f 1954 2428 2422
f 2036 2429 2035
f 2035 2429 1614
f 2035 1614 1613
f 2378 2365 2118
f 2118 2365 2367
f 2118 2367 2119
f 2119 2367 1616
f 2119 1616 2116
f 2116 1616 1614
f 2116 1614 2120
f 2120 1614 2429
f 2120 2429 2121
f 2032 1598 1600
f 1388 2169 2173
f 2063 1386 2062
f 2062 1386 1595
f 2062 1595 1594
f 1386 1388 1595
f 1595 1388 2173
f 1595 2173 1611
f 1611 2173 2172
f 1611 2172 1610
f 1610 2172 2176
f 1610 2176 2175
f 2038 2032 2430
f 2430 2032 1600
f 2430 1600 2145
f 2431 2148 2147
f 2432 2431 1604
f 1604 2431 2147
f 1604 2147 1602
f 1602 2147 2143
f 1602 2143 1600
f 1600 2143 2146
f 1600 2146 2145
f 1606 1608 2433
f 2433 2434 1606
f 1606 2434 2435
f 1606 2435 1604
f 1604 2435 2436
f 1604 2436 2432
f 2175 2437 1610
f 1610 2437 2438
f 1610 2438 1608
f 1608 2438 2439
f 1608 2439 2433
f 2440 1678 1182
f 1182 1678 1166
f 1469 1517 2441
f 2441 1517 1682
f 2441 1682 1684
f 2442 2443 2441
f 1679 2444 2445
f 1679 2445 1683
f 2446 2447 2440
f 2440 2447 2444
f 2440 2444 1678
f 1678 2444 1679
f 2448 2442 2449
f 2449 2442 2441
f 2449 2441 2450
f 2450 2441 1684
f 2450 1684 2451
f 2451 1684 1683
f 2451 1683 2452
f 2452 1683 2445
f 2453 1674 1538
f 1538 1674 1524
f 1116 1104 2454
f 2454 1104 1681
f 2454 1681 1686
f 1685 1675 2455
f 2456 2457 2458
f 2458 2457 2454
f 2458 2454 2459
f 2459 2454 1686
f 2459 1686 2460
f 2460 1686 1685
f 2460 1685 2461
f 2461 1685 2455
f 2462 2463 2464
f 2464 2463 2465
f 2464 2465 2453
f 2453 2465 2455
f 2453 2455 1674
f 1674 2455 1675
f 2466 1676 1112
f 1112 1676 1089
f 1155 1149 2467
f 2467 1149 1680
f 2468 2469 2466
f 2467 1680 1688
f 2470 2471 2472
f 2472 2467 2470
f 2470 2467 1688
f 2470 1688 2473
f 2473 1688 1687
f 2473 1687 2474
f 2474 1687 2475
f 2475 1687 1677
f 2475 1677 2469
f 2469 1677 1676
f 2469 1676 2466
f 2476 2477 2466
f 2466 2477 2478
f 2466 2478 2468
f 2473 1172 1171
f 2473 1171 2470
f 2470 1171 1169
f 2470 1169 2471
f 2471 1169 1156
f 2471 1156 2472
f 2472 1156 1155
f 2472 1155 2467
f 2466 1112 1111
f 2466 1111 2476
f 2476 1111 1109
f 2476 1109 2477
f 2477 1109 1107
f 2477 1107 2478
f 2478 1107 1106
f 2478 1106 2468
f 2459 1124 1123
f 2459 1123 2458
f 2458 1123 1121
f 2458 1121 2456
f 2456 1121 1119
f 2456 1119 2457
f 2457 1119 1116
f 2457 1116 2454
f 2453 1538 1537
f 2453 1537 2464
f 2464 1537 1535
f 2464 1535 2462
f 2462 1535 1533
f 2462 1533 2463
f 2463 1533 1532
f 2463 1532 2465
f 2449 1510 1509
f 2449 1509 2448
f 2448 1509 1507
f 2448 1507 2442
f 2442 1507 1470
f 2442 1470 2443
f 2443 1470 1469
f 2443 1469 2441
f 2440 1182 1181
f 2440 1181 2446
f 2446 1181 1179
f 2446 1179 2447
f 2447 1179 1177
f 2447 1177 2444
f 2444 1177 1176
f 2444 1176 2445
f 2310 2308 2479
f 2305 2327 2320
f 2318 2316 2314
f 2326 2324 2327
f 2327 2324 2322
f 2327 2322 2320
f 2314 2312 2318
f 2318 2312 2310
f 2318 2310 2320
f 2320 2310 2479
f 2320 2479 2305
f 2480 2396 2402
f 2402 2401 2480
f 2480 2401 2399
f 2480 2399 2398
f 2376 2382 2481
f 2481 2382 2381
f 2481 2381 2378
f 2378 2381 2379
f 2123 2121 2482
f 2127 2125 2123
f 2137 2135 2139
f 2139 2135 2133
f 2139 2133 2140
f 2140 2133 2118
f 2129 2127 2131
f 2131 2127 2123
f 2131 2123 2133
f 2133 2123 2482
f 2133 2482 2118
f 2148 2483 2150
f 2150 2483 2160
f 2150 2160 2158
f 2167 2166 2164
f 2483 2145 2160
f 2160 2145 2167
f 2160 2167 2162
f 2162 2167 2164
f 2158 2156 2150
f 2150 2156 2154
f 2150 2154 2152
f 2193 2192 2190
f 2169 2175 1389
f 1389 2175 2193
f 1389 2193 2484
f 2484 2193 2190
f 2484 2190 1385
f 1385 2190 2188
f 1385 2188 2178
f 2182 2180 2184
f 2184 2180 2178
f 2184 2178 2186
f 2186 2178 2188
f 2198 2213 2485
f 2485 2213 2203
f 2485 2203 2201
f 2207 2205 2209
f 2209 2205 2203
f 2209 2203 2211
f 2211 2203 2213
f 2217 2215 2219
f 2219 2215 2213
f 2219 2213 2220
f 2220 2213 2198
f 2244 2242 2240
f 2228 2486 2230
f 2230 2486 2240
f 2232 2230 2234
f 2234 2230 2240
f 2234 2240 2236
f 2236 2240 2238
f 2246 2244 2247
f 2247 2244 2240
f 2247 2240 2225
f 2225 2240 2486
f 2267 2487 2252
f 2263 2261 2259
f 2271 2269 2273
f 2273 2269 2267
f 2273 2267 2274
f 2274 2267 2252
f 2255 2487 2257
f 2257 2487 2267
f 2257 2267 2259
f 2259 2267 2265
f 2259 2265 2263
f 2300 2299 2297
f 2291 2289 2287
f 2276 2282 1393
f 1393 2282 2300
f 1393 2300 2488
f 2488 2300 2297
f 2488 2297 1397
f 1397 2297 2295
f 1397 2295 2285
f 2285 2295 2287
f 2287 2295 2293
f 2287 2293 2291
f 2489 1571 1566
f 1559 1574 2490
f 1574 2335 2337
f 1566 1565 1563
f 1937 2490 2330
f 2330 2490 1574
f 2330 1574 2339
f 2339 1574 2337
f 2490 2489 1559
f 1559 2489 1566
f 1559 1566 1561
f 1561 1566 1563
f 2491 2007 2492
f 2492 2007 2026
f 2492 2026 2493
f 2493 2026 2025
f 2493 2025 2494
f 2494 2025 2023
f 2494 2023 2495
f 2495 2023 2021
f 2495 2021 2496
f 2496 2021 2019
f 2496 2019 2497
f 2497 2019 2017
f 2497 2017 2498
f 2498 2017 2015
f 2498 2015 2499
f 2499 2015 2013
f 2499 2013 2500
f 2500 2013 2011
f 2500 2011 2501
f 2501 2011 2010
f 2502 2036 2503
f 2503 2036 2054
f 2503 2054 2504
f 2504 2054 2053
f 2504 2053 2505
f 2505 2053 2051
f 2505 2051 2506
f 2506 2051 2049
f 2506 2049 2507
f 2507 2049 2047
f 2507 2047 2508
f 2508 2047 2045
f 2508 2045 2509
f 2509 2045 2043
f 2509 2043 2510
f 2510 2043 2041
f 2510 2041 2511
f 2511 2041 2039
f 2511 2039 2512
f 2512 2039 2038
f 2513 2063 2514
f 2514 2063 2082
f 2514 2082 2515
f 2515 2082 2081
f 2515 2081 2516
f 2516 2081 2079
f 2516 2079 2517
f 2517 2079 2077
f 2517 2077 2518
f 2518 2077 2075
f 2518 2075 2519
f 2519 2075 2073
f 2519 2073 2520
f 2520 2073 2071
f 2520 2071 2521
f 2521 2071 2069
f 2521 2069 2522
f 2522 2069 2067
f 2522 2067 2523
f 2523 2067 2066
f 2445 1176 1178
f 1178 2524 2445
f 2445 2524 2525
f 2445 2525 2452
f 2452 2525 2526
f 2452 2526 2451
f 2526 2527 2451
f 2451 2527 2528
f 2451 2528 2450
f 2450 2528 2529
f 1508 1510 2530
f 2530 1510 2449
f 2530 2449 2531
f 2531 2449 2450
f 2531 2450 2532
f 2532 2450 2529
f 2455 2465 2533
f 1532 1534 2465
f 2465 1534 2534
f 2465 2534 2533
f 2533 2535 2455
f 2455 2535 2536
f 2455 2536 2461
f 2536 2537 2461
f 2461 2537 2538
f 2461 2538 2460
f 1122 1124 2539
f 2539 1124 2459
f 2539 2459 2540
f 2540 2459 2460
f 2540 2460 2541
f 2541 2460 2538
f 2468 1106 1108
f 1108 2542 2468
f 2468 2542 2543
f 2468 2543 2469
f 2469 2543 2544
f 2469 2544 2475
f 2544 2545 2475
f 2475 2545 2546
f 2475 2546 2474
f 2474 2546 2547
f 1170 1172 2548
f 2548 1172 2473
f 2548 2473 2549
f 2549 2473 2474
f 2549 2474 2550
f 2550 2474 2547
f 2551 1150 2113
f 2113 2112 2111
f 2551 2113 2552
f 2552 2113 2111
f 2552 2111 1139
f 2553 1096 2085
f 2085 2084 2083
f 2553 2085 2554
f 2554 2085 2083
f 2554 2083 1091
f 2555 1488 2057
f 2057 2056 2055
f 2555 2057 2556
f 2556 2057 2055
f 2556 2055 1441
f 2557 1462 2029
f 2029 2028 2027
f 2557 2029 2558
f 2558 2029 2027
f 2558 2027 1419
f 2559 2560 2561
f 2561 2560 2562
f 2561 2562 2563
f 2564 2565 2566
f 2566 2565 2567
f 2566 2567 2568
f 2568 2567 2569
f 2568 2569 2570
f 2570 2569 2571
f 2570 2571 2572
f 2572 2571 2563
f 2572 2563 2573
f 2573 2563 2562
f 2574 2575 2576
f 2577 2578 2579
f 2579 2578 2580
f 2579 2580 2581
f 2581 2580 2582
f 2581 2582 2583
f 2583 2582 2584
f 2583 2584 2585
f 2585 2584 2586
f 2585 2586 2587
f 2587 2586 2574
f 2587 2574 2588
f 2588 2574 2576
f 2589 2590 2591
f 2592 2593 2568
f 2570 2594 2568
f 2568 2594 2595
f 2568 2595 2592
f 2593 2589 2568
f 2568 2589 2591
f 2568 2591 2566
f 2566 2591 2596
f 2566 2596 2597
f 2598 2599 2572
f 2599 2600 2572
f 2572 2600 2601
f 2572 2601 2602
f 2602 2603 2572
f 2572 2603 2604
f 2572 2604 2570
f 2570 2604 2605
f 2570 2605 2594
f 2573 2606 2607
f 2607 2608 2573
f 2573 2608 2609
f 2573 2609 2572
f 2572 2609 2610
f 2572 2610 2598
f 2611 2612 2613
f 2614 2615 2616
f 2616 2615 2617
f 2616 2617 2618
f 2611 2613 2619
f 2619 2613 2620
f 2619 2620 2621
f 2621 2620 2622
f 2621 2622 2617
f 2617 2622 2623
f 2617 2623 2618
f 2624 2625 2626
f 2626 2625 2627
f 2626 2627 2628
f 2628 2627 2629
f 2625 2630 2627
f 2627 2630 2631
f 2627 2631 2632
f 2633 2634 2635
f 2635 2634 2636
f 2635 2636 2637
f 2638 2639 2637
f 2637 2639 2640
f 2637 2640 2635
f 2632 2641 2627
f 2627 2641 2639
f 2627 2639 2642
f 2642 2639 2638
f 2643 2644 2624
f 2624 2644 2645
f 2624 2645 2625
f 2646 2647 2624
f 2624 2647 2648
f 2624 2648 2643
f 2633 2649 2634
f 2634 2649 2650
f 2634 2650 2651
f 2651 2650 2652
f 2651 2652 2653
f 2653 2652 2654
f 2653 2654 2655
f 2655 2654 2656
f 2655 2656 2657
f 2657 2656 2658
f 2657 2658 2659
f 2658 2660 2661
f 2661 2662 2658
f 2658 2662 2663
f 2658 2663 2659
f 2664 2665 2666
f 2666 2665 2667
f 2666 2667 2668
f 2664 2669 2665
f 2665 2669 2670
f 2665 2670 2624
f 2624 2670 2671
f 2624 2671 2646
f 2672 2673 2674
f 2674 2673 2675
f 2674 2675 2676
f 2667 2677 2668
f 2668 2677 2678
f 2668 2678 2672
f 2672 2678 2679
f 2672 2679 2673
f 2673 2679 2680
f 2681 2682 2683
f 2684 2685 2581
f 2585 2686 2583
f 2583 2686 2687
f 2583 2687 2688
f 2688 2689 2583
f 2583 2689 2690
f 2583 2690 2691
f 2691 2681 2583
f 2583 2681 2683
f 2583 2683 2581
f 2581 2683 2692
f 2581 2692 2684
f 2693 2694 2587
f 2587 2694 2695
f 2587 2695 2696
f 2696 2697 2587
f 2587 2697 2698
f 2587 2698 2585
f 2585 2698 2699
f 2585 2699 2686
f 2588 2700 2587
f 2587 2700 2701
f 2587 2701 2693
f 2702 2577 2579
f 2581 2685 2579
f 2579 2685 2703
f 2703 2704 2579
f 2579 2704 2705
f 2579 2705 2706
f 2706 2707 2579
f 2579 2707 2708
f 2579 2708 2702
f 2702 2708 2709
f 2702 2709 2710
f 2711 2712 2562
f 2562 2712 2713
f 2562 2713 2714
f 2606 2573 2715
f 2715 2573 2562
f 2715 2562 2716
f 2716 2562 2714
f 2562 2560 2717
f 2711 2562 2718
f 2718 2562 2717
f 2718 2717 2719
f 2720 2721 2722
f 2719 2717 2720
f 2723 2724 2725
f 2723 2725 2726
f 2720 2722 2719
f 2719 2722 2727
f 2719 2727 2728
f 2729 2730 2720
f 2720 2730 2731
f 2732 2733 2725
f 2725 2733 2734
f 2725 2734 2726
f 2710 2735 2736
f 2728 2737 2719
f 2719 2737 2738
f 2719 2738 2739
f 2739 2738 2740
f 2739 2740 2741
f 2731 2742 2720
f 2720 2742 2743
f 2720 2743 2744
f 2745 2702 2746
f 2746 2702 2710
f 2746 2710 2747
f 2747 2710 2736
f 2745 2748 2702
f 2702 2748 2721
f 2702 2721 2725
f 2725 2721 2720
f 2725 2720 2732
f 2732 2720 2744
f 2749 2750 2751
f 2751 2750 2752
f 2751 2752 2721
f 2721 2752 2722
f 2753 2754 2755
f 2755 2754 2756
f 2755 2756 2757
f 2757 2756 2758
f 2757 2758 2759
f 2759 2758 2760
f 2759 2760 2761
f 2761 2760 2762
f 2761 2762 2763
f 2763 2762 2764
f 2763 2764 2765
f 2766 2767 2768
f 2768 2767 2769
f 2768 2769 2770
f 2770 2769 2771
f 2770 2771 2772
f 2772 2771 2773
f 2772 2773 2774
f 2774 2773 2775
f 2774 2775 2776
f 2776 2775 2777
f 2776 2777 2778
f 2778 2777 2779
f 2778 2779 2780
f 2780 2779 2781
f 2780 2781 2782
f 2782 2781 2783
f 2782 2783 2784
f 2784 2783 2785
f 2784 2785 2786
f 2786 2785 2787
f 2786 2787 2788
f 2788 2787 2789
f 2788 2789 2766
f 2766 2789 2767
f 2790 2791 2792
f 2792 2791 2793
f 2792 2793 2794
f 2794 2793 2795
f 2794 2795 2796
f 2796 2795 2797
f 2796 2797 2798
f 2798 2797 2799
f 2798 2799 2800
f 2800 2799 2801
f 2800 2801 2802
f 2802 2801 2803
f 2802 2803 2804
f 2804 2803 2805
f 2804 2805 2806
f 2806 2805 2807
f 2806 2807 2808
f 2808 2807 2809
f 2808 2809 2810
f 2810 2809 2811
f 2810 2811 2812
f 2812 2811 2813
f 2812 2813 2790
f 2790 2813 2791
f 2814 2815 2816
f 2817 2818 2819
f 2820 2821 2822
f 2822 2821 2823
f 2822 2823 2824
f 2824 2823 2825
f 2826 2827 2828
f 2828 2827 2829
f 2828 2829 2823
f 2823 2829 2830
f 2823 2830 2825
f 2831 2832 2833
f 2833 2834 2831
f 2831 2834 2835
f 2831 2835 2828
f 2828 2835 2836
f 2828 2836 2826
f 2832 2831 2837
f 2837 2831 2838
f 2837 2838 2839
f 2840 2841 2838
f 2838 2841 2842
f 2838 2842 2839
f 2843 2844 2845
f 2845 2844 2846
f 2845 2846 2841
f 2847 2848 2840
f 2840 2848 2849
f 2840 2849 2841
f 2841 2849 2850
f 2841 2850 2845
f 2819 2818 2851
f 2851 2818 2852
f 2851 2852 2853
f 2853 2854 2851
f 2851 2854 2855
f 2851 2855 2840
f 2840 2855 2856
f 2840 2856 2847
f 2816 2815 2819
f 2819 2815 2857
f 2819 2857 2817
f 2858 2859 2860
f 2860 2859 2861
f 2860 2861 2816
f 2816 2861 2862
f 2816 2862 2814
f 2863 2864 2865
f 2863 2865 2860
f 2860 2865 2866
f 2860 2866 2858
f 2864 2863 2867
f 2867 2863 2868
f 2867 2868 2869
f 2820 2870 2821
f 2821 2870 2871
f 2821 2871 2868
f 2868 2871 2872
f 2868 2872 2869
f 2810 2819 2808
f 2808 2819 2851
f 2808 2851 2806
f 2806 2851 2840
f 2806 2840 2804
f 2804 2840 2838
f 2804 2838 2802
f 2802 2838 2831
f 2802 2831 2800
f 2800 2831 2828
f 2800 2828 2798
f 2798 2828 2823
f 2798 2823 2796
f 2796 2823 2821
f 2796 2821 2794
f 2794 2821 2868
f 2794 2868 2792
f 2792 2868 2863
f 2792 2863 2790
f 2790 2863 2860
f 2790 2860 2812
f 2812 2860 2816
f 2812 2816 2810
f 2810 2816 2819
f 2873 2874 2875
f 2876 2877 2878
f 2879 2880 2881
f 2882 2883 2881
f 2881 2883 2884
f 2881 2884 2879
f 2885 2886 2887
f 2887 2886 2888
f 2878 2877 2888
f 2888 2877 2889
f 2888 2889 2890
f 2890 2891 2888
f 2888 2891 2892
f 2888 2892 2887
f 2893 2894 2895
f 2895 2894 2896
f 2895 2896 2878
f 2878 2896 2897
f 2878 2897 2876
f 2875 2874 2898
f 2898 2874 2899
f 2898 2899 2900
f 2900 2901 2898
f 2898 2901 2902
f 2898 2902 2895
f 2895 2902 2903
f 2895 2903 2893
f 2893 2903 2904
f 2893 2904 2905
f 2906 2907 2908
f 2908 2907 2909
f 2908 2909 2875
f 2875 2909 2910
f 2875 2910 2873
f 2911 2912 2913
f 2913 2912 2914
f 2913 2914 2908
f 2908 2914 2915
f 2908 2915 2906
f 2916 2917 2918
f 2918 2917 2913
f 2913 2917 2919
f 2913 2919 2911
f 2920 2921 2922
f 2922 2921 2923
f 2922 2923 2918
f 2918 2923 2924
f 2918 2924 2916
f 2920 2922 2925
f 2925 2922 2926
f 2925 2926 2927
f 2885 2883 2886
f 2886 2883 2882
f 2886 2882 2928
f 2928 2882 2929
f 2929 2930 2928
f 2928 2930 2931
f 2928 2931 2926
f 2926 2931 2932
f 2926 2932 2927
f 2772 2926 2770
f 2770 2926 2922
f 2770 2922 2768
f 2768 2922 2918
f 2768 2918 2766
f 2766 2918 2913
f 2766 2913 2788
f 2788 2913 2908
f 2788 2908 2786
f 2786 2908 2875
f 2786 2875 2784
f 2784 2875 2898
f 2784 2898 2782
f 2782 2898 2895
f 2782 2895 2780
f 2780 2895 2878
f 2780 2878 2778
f 2778 2878 2888
f 2778 2888 2776
f 2776 2888 2886
f 2776 2886 2774
f 2774 2886 2928
f 2774 2928 2772
f 2772 2928 2926
f 2933 2934 2935
f 2935 2934 2936
f 2763 2765 2937
f 2937 2765 2938
f 2938 2939 2937
f 2937 2939 2940
f 2937 2940 2935
f 2935 2940 2941
f 2935 2941 2933
f 2936 2934 2942
f 2942 2934 2943
f 2942 2943 2944
f 2944 2945 2942
f 2942 2945 2946
f 2942 2946 2947
f 2948 2949 2950
f 2950 2949 2951
f 2951 2952 2950
f 2950 2952 2953
f 2950 2953 2954
f 2955 2629 2627
f 2955 2627 2956
f 2627 2957 2956
f 2956 2957 2958
f 2956 2958 2959
f 2959 2958 2960
f 2959 2960 2961
f 2961 2962 2959
f 2959 2962 2963
f 2959 2963 2954
f 2954 2963 2964
f 2964 2965 2954
f 2954 2965 2966
f 2954 2966 2967
f 2968 2969 2950
f 2967 2970 2954
f 2954 2970 2971
f 2954 2971 2950
f 2950 2971 2972
f 2950 2972 2968
f 2973 2974 2975
f 2614 2616 2976
f 2976 2616 2973
f 2976 2973 2977
f 2977 2973 2975
f 2969 2978 2950
f 2950 2978 2974
f 2950 2974 2979
f 2979 2974 2973
f 2980 2750 2981
f 2981 2750 2749
f 2947 2948 2942
f 2942 2948 2950
f 2942 2950 2981
f 2981 2950 2982
f 2981 2982 2980
f 2983 2984 2985
f 2986 2987 2988
f 2989 2990 2978
f 2958 2957 2991
f 2961 2960 2992
f 2992 2960 2958
f 2992 2958 2993
f 2993 2958 2991
f 2962 2961 2994
f 2964 2963 2995
f 2995 2963 2962
f 2995 2962 2996
f 2996 2962 2994
f 2997 2967 2966
f 2968 2972 2998
f 2998 2972 2971
f 2998 2971 2997
f 2997 2971 2970
f 2997 2970 2967
f 2978 2990 2974
f 2974 2999 2975
f 2975 2999 3000
f 2975 3000 2977
f 2977 3000 2976
f 2976 3000 3001
f 2976 3001 2614
f 2987 2843 2845
f 3002 3003 2986
f 2663 3004 3005
f 2663 3005 2659
f 2659 3005 3006
f 2659 3006 2657
f 2987 2845 2988
f 2988 2845 2850
f 2988 2850 3007
f 3007 2850 2849
f 3007 2849 3008
f 2849 2848 3008
f 3008 2848 2847
f 3008 2847 3009
f 3009 2847 2856
f 3009 2856 3010
f 3010 2856 2855
f 3010 2855 3011
f 2657 3006 2655
f 2655 3006 3012
f 2655 3012 2653
f 2653 3012 3013
f 2653 3013 2651
f 2651 3013 3014
f 2651 3014 2634
f 2634 3014 3015
f 2634 3015 2636
f 2636 3015 3016
f 2636 3016 2637
f 2637 3016 3017
f 2637 3017 2638
f 2638 3017 2991
f 2638 2991 2642
f 2642 2991 2957
f 2642 2957 2627
f 2961 2992 2994
f 2994 2992 2993
f 2994 2993 3018
f 3018 2993 2991
f 3018 2991 3019
f 3019 2991 3017
f 3019 3017 3020
f 3020 3017 3016
f 3020 3016 3021
f 3021 3016 3015
f 3021 3015 3022
f 3022 3015 3014
f 3022 3014 3023
f 3023 3014 3013
f 3023 3013 3024
f 3024 3013 3012
f 3024 3012 3025
f 3025 3012 3006
f 3025 3006 3026
f 3026 3006 3005
f 3026 3005 3002
f 3002 3005 3004
f 3002 3004 3003
f 2986 2988 3002
f 3002 2988 3007
f 3002 3007 3026
f 3026 3007 3008
f 3026 3008 3025
f 3025 3008 3009
f 3025 3009 3024
f 3024 3009 3010
f 3024 3010 3023
f 3023 3010 3011
f 3023 3011 3022
f 3022 3011 3027
f 3022 3027 3021
f 3021 3027 3028
f 3021 3028 3020
f 3020 3028 3029
f 3020 3029 3019
f 3019 3029 3030
f 3019 3030 3018
f 3018 3030 3031
f 3018 3031 2994
f 2994 3031 3032
f 2994 3032 2996
f 2996 3032 3033
f 2996 3033 2995
f 2995 3033 3034
f 2995 3034 3035
f 2855 2854 3011
f 3011 2854 2853
f 3011 2853 3027
f 3027 2853 2852
f 3027 2852 3028
f 3028 2852 2818
f 3028 2818 3029
f 3029 2818 2817
f 3029 2817 3030
f 3030 2817 2857
f 3030 2857 3031
f 3031 2857 2815
f 3031 2815 3032
f 3032 2815 2814
f 3032 2814 3033
f 3033 2814 2862
f 3033 2862 3034
f 3034 2862 2861
f 2964 2995 2965
f 2965 2995 3035
f 2965 3035 2966
f 2966 3035 3034
f 2966 3034 2997
f 2997 3034 2861
f 2997 2861 2998
f 2998 2861 2859
f 2998 2859 2858
f 2983 2985 3036
f 2858 2866 2998
f 2998 2866 2985
f 2998 2985 2968
f 2968 2985 2984
f 2968 2984 2969
f 2969 2984 2983
f 2969 2983 2978
f 2978 2983 3036
f 2978 3036 2989
f 2989 3036 2985
f 2989 2985 2990
f 2870 3037 2871
f 2871 3037 3038
f 2871 3038 2872
f 2872 3038 3039
f 2872 3039 2869
f 2869 3039 3040
f 2869 3040 2867
f 2867 3040 3041
f 2867 3041 2864
f 2864 3041 3042
f 2864 3042 2865
f 2820 3043 2870
f 2870 3043 3044
f 2870 3044 3037
f 2990 3045 2974
f 2974 3045 3046
f 2974 3046 2999
f 2999 3046 3047
f 2999 3047 3000
f 3000 3047 3048
f 3000 3048 3001
f 3001 3048 3049
f 3001 3049 3050
f 3050 3049 3051
f 3050 3051 3052
f 3052 3051 3053
f 3052 3053 3054
f 3054 3053 3055
f 3054 3055 3056
f 2820 2822 3043
f 3043 2822 2824
f 3043 2824 3057
f 3057 2824 2825
f 3057 2825 3058
f 2866 2865 2985
f 2985 2865 3042
f 2985 3042 2990
f 2990 3042 3041
f 2990 3041 3045
f 3045 3041 3040
f 3045 3040 3046
f 3046 3040 3039
f 3046 3039 3047
f 3047 3039 3038
f 3047 3038 3048
f 3048 3038 3037
f 3048 3037 3049
f 3049 3037 3044
f 3049 3044 3051
f 3051 3044 3043
f 3051 3043 3053
f 3053 3043 3057
f 3053 3057 3055
f 3055 3057 3058
f 3055 3058 3059
f 3059 3060 3055
f 3055 3060 3061
f 3055 3061 3056
f 3056 3061 3062
f 3056 3062 3063
f 2614 3001 2615
f 2615 3001 3050
f 2615 3050 2617
f 2617 3050 3052
f 2617 3052 2621
f 2621 3052 3054
f 2621 3054 2619
f 2619 3054 3056
f 2619 3056 2611
f 2611 3056 3063
f 2611 3063 2612
f 2880 3064 3065
f 3066 3067 3068
f 2952 3069 2953
f 3070 3071 2765
f 2941 2940 3072
f 3072 2940 2939
f 3072 2939 3071
f 3071 2939 2938
f 3071 2938 2765
f 3073 2933 3074
f 3074 2933 2941
f 3074 2941 3075
f 2946 2945 3076
f 3076 2945 2944
f 3076 2944 3077
f 3077 2944 2943
f 3077 2943 3073
f 3073 2943 2934
f 3073 2934 2933
f 3078 2948 3079
f 3079 2948 2947
f 3079 2947 2946
f 2953 3069 2954
f 2955 2956 3080
f 3080 2956 2959
f 3080 2959 3081
f 3081 2959 2954
f 3082 3083 3084
f 3084 3083 3085
f 2903 3086 2904
f 2904 3086 3087
f 2904 3087 2905
f 2902 3088 2903
f 2903 3088 3089
f 2903 3089 3086
f 2765 2764 3070
f 3070 2764 2762
f 3070 2762 3090
f 3090 2762 2760
f 3090 2760 3091
f 3091 2760 2758
f 3091 2758 3092
f 3092 2758 2756
f 3092 2756 3093
f 3093 2756 2754
f 3093 2754 3068
f 3068 2754 2753
f 3068 2753 3066
f 2941 3072 3075
f 3075 3072 3071
f 3075 3071 3094
f 3094 3071 3070
f 3094 3070 3095
f 3095 3070 3090
f 3095 3090 3096
f 3096 3090 3091
f 3096 3091 3097
f 3097 3091 3092
f 3097 3092 3098
f 3098 3092 3093
f 3098 3093 3099
f 3099 3093 3068
f 3099 3068 3083
f 3083 3068 3067
f 3083 3067 3085
f 2902 2901 3088
f 3088 2901 2900
f 3088 2900 3100
f 3100 2900 2899
f 3100 2899 3101
f 3101 2899 2874
f 3101 2874 3102
f 3102 2874 2873
f 3102 2873 3103
f 3103 2873 2910
f 3103 2910 3104
f 3104 2910 2909
f 3104 2909 3105
f 3105 2909 2907
f 3105 2907 3106
f 2946 3076 3079
f 3079 3076 3077
f 3079 3077 3107
f 3107 3077 3073
f 3107 3073 3106
f 3106 3073 3074
f 3106 3074 3105
f 3105 3074 3075
f 3105 3075 3104
f 3104 3075 3094
f 3104 3094 3103
f 3103 3094 3095
f 3103 3095 3102
f 3102 3095 3096
f 3102 3096 3101
f 3101 3096 3097
f 3101 3097 3100
f 3100 3097 3098
f 3100 3098 3088
f 3088 3098 3099
f 3088 3099 3089
f 3089 3099 3083
f 3089 3083 3086
f 3086 3083 3082
f 3086 3082 3087
f 2907 2906 3106
f 3106 2906 2915
f 3106 2915 3107
f 3107 2915 2914
f 3107 2914 3079
f 3079 2914 2912
f 3079 2912 3078
f 2912 2911 3078
f 3078 2911 2919
f 3078 2919 3108
f 3108 2919 2917
f 3108 2917 3109
f 3109 2917 2916
f 3109 2916 3110
f 3110 2916 2924
f 3110 2924 3111
f 2924 2923 3111
f 3111 2923 2921
f 3111 2921 3112
f 3112 2921 2920
f 3112 2920 3113
f 3113 2920 2925
f 3113 2925 3114
f 3114 2925 2927
f 2932 3115 2927
f 2927 3115 3116
f 2927 3116 3114
f 2955 3080 2629
f 2629 3080 3117
f 2629 3117 2628
f 2628 3117 3118
f 2628 3118 2626
f 2626 3118 3119
f 2626 3119 2624
f 2624 3119 3120
f 2624 3120 2665
f 2665 3120 3121
f 2665 3121 2667
f 2667 3121 3122
f 2667 3122 2677
f 3069 3123 2954
f 2954 3123 3124
f 2954 3124 3081
f 3081 3124 3125
f 3081 3125 3080
f 3080 3125 3126
f 3080 3126 3117
f 3117 3126 3127
f 3117 3127 3118
f 3118 3127 3128
f 3118 3128 3119
f 3119 3128 3129
f 3119 3129 3120
f 3120 3129 3130
f 3120 3130 3121
f 3121 3130 3131
f 3121 3131 3122
f 3122 3131 3132
f 3122 3132 3133
f 2677 3122 2678
f 2678 3122 3133
f 2678 3133 2679
f 2932 2931 3115
f 3115 2931 2930
f 3115 2930 3134
f 3134 2930 2929
f 3134 2929 3135
f 3135 2929 2882
f 3135 2882 3065
f 3065 2882 2881
f 3065 2881 2880
f 3064 3132 3065
f 3065 3132 3131
f 3065 3131 3135
f 3135 3131 3130
f 3135 3130 3134
f 3134 3130 3129
f 3134 3129 3115
f 3115 3129 3128
f 3115 3128 3116
f 3116 3128 3127
f 3116 3127 3114
f 3114 3127 3126
f 3114 3126 3113
f 3113 3126 3125
f 3113 3125 3112
f 3112 3125 3124
f 3112 3124 3111
f 3111 3124 3123
f 3111 3123 3110
f 3110 3123 3069
f 3110 3069 3109
f 3109 3069 2952
f 3109 2952 3108
f 3108 2952 2951
f 3108 2951 3078
f 3078 2951 2949
f 3078 2949 2948
f 2680 2679 3136
f 3136 2679 3133
f 3136 3133 3137
f 3137 3133 3132
f 3137 3132 3138
f 3138 3132 3064
f 3139 3140 3141
f 3141 3140 3142
f 3143 3144 3145
f 3145 3144 3146
f 3145 3146 3147
f 3147 3146 3148
f 3149 3150 3151
f 3152 3153 3151
f 3151 3153 3154
f 3151 3154 3149
f 3155 3154 3153
f 3156 3157 3158
f 3158 3157 3159
f 3158 3159 3153
f 3153 3159 3160
f 3153 3160 3155
f 3161 3162 3156
f 3156 3162 3163
f 3156 3163 3157
f 3141 3142 3164
f 3164 3142 3165
f 3164 3165 3166
f 3166 3165 3167
f 3156 3168 3161
f 3161 3168 3169
f 3161 3169 3170
f 3170 3169 3166
f 3170 3166 3171
f 3171 3166 3167
f 3172 3173 3174
f 3174 3175 3172
f 3172 3175 3176
f 3172 3176 3177
f 3177 3176 3140
f 3177 3140 3139
f 3178 3179 3180
f 3180 3181 3178
f 3178 3181 3182
f 3178 3182 3183
f 3183 3182 3173
f 3183 3173 3184
f 3184 3173 3172
f 3145 3185 3143
f 3143 3185 3186
f 3143 3186 3187
f 3179 3178 3187
f 3187 3178 3188
f 3187 3188 3143
f 3147 3148 3189
f 3189 3148 3190
f 3191 3192 3189
f 3189 3192 3193
f 3189 3193 3147
f 3147 3193 3194
f 3147 3194 3145
f 3190 3195 3189
f 3189 3195 3196
f 3189 3196 3191
f 3191 3196 3197
f 2658 2656 3196
f 3196 2656 3198
f 3196 3198 3197
f 3195 3199 3196
f 3196 3199 3200
f 3196 3200 2658
f 2658 3200 2660
f 3201 3202 3203
f 3202 3204 3205
f 3204 3206 3207
f 3208 3209 3192
f 2654 2652 3210
f 2656 2654 3198
f 3198 2654 3210
f 3198 3210 3197
f 3197 3210 3208
f 3197 3208 3191
f 3191 3208 3192
f 3185 3145 3211
f 3211 3145 3194
f 3211 3194 3209
f 3209 3194 3193
f 3209 3193 3192
f 3186 3185 3212
f 3212 3185 3211
f 3212 3211 3213
f 3213 3211 3209
f 3213 3209 3214
f 3214 3209 3208
f 3214 3208 3215
f 3215 3208 3210
f 3215 3210 2650
f 2650 3210 2652
f 2650 2649 3215
f 3215 2649 3216
f 3215 3216 3214
f 3214 3216 3217
f 3214 3217 3213
f 3213 3217 3218
f 3213 3218 3212
f 3212 3218 3219
f 3212 3219 3186
f 3180 3179 3219
f 3219 3179 3187
f 3219 3187 3186
f 3206 2633 2635
f 3206 2635 3207
f 3207 2635 2640
f 3207 2640 3220
f 3220 2640 2639
f 3220 2639 3221
f 3221 2639 2641
f 3221 2641 3222
f 3222 2641 2632
f 3222 2632 3223
f 3223 2632 2631
f 3223 2631 3224
f 3224 2631 2630
f 3224 2630 3225
f 3204 3207 3205
f 3205 3207 3220
f 3205 3220 3226
f 3226 3220 3221
f 3226 3221 3227
f 3227 3221 3222
f 3227 3222 3228
f 3228 3222 3223
f 3228 3223 3229
f 3229 3223 3224
f 3229 3224 3230
f 3230 3224 3225
f 3230 3225 3231
f 3202 3205 3203
f 3203 3205 3226
f 3203 3226 3232
f 3232 3226 3227
f 3232 3227 3233
f 3233 3227 3228
f 3233 3228 3234
f 3234 3228 3229
f 3234 3229 3235
f 3235 3229 3230
f 3235 3230 3236
f 3236 3230 3231
f 3236 3231 3237
f 3201 3203 3238
f 3238 3203 3232
f 3238 3232 3239
f 3239 3232 3233
f 3239 3233 3240
f 3240 3233 3234
f 3240 3234 3241
f 3241 3234 3235
f 3241 3235 3242
f 3242 3235 3236
f 3242 3236 3243
f 3243 3236 3237
f 3243 3237 3244
f 2649 2633 3216
f 3216 2633 3206
f 3216 3206 3217
f 3217 3206 3204
f 3217 3204 3218
f 3218 3204 3202
f 3218 3202 3219
f 3219 3202 3201
f 3219 3201 3180
f 3180 3201 3238
f 3180 3238 3181
f 3181 3238 3239
f 3181 3239 3182
f 3182 3239 3240
f 3182 3240 3173
f 3173 3240 3241
f 3173 3241 3174
f 3174 3241 3242
f 3174 3242 3175
f 3175 3242 3243
f 3175 3243 3176
f 3176 3243 3244
f 3176 3244 3140
f 2630 2625 3245
f 2630 3245 3225
f 3225 3245 3246
f 3225 3246 3231
f 3231 3246 3247
f 3231 3247 3237
f 3237 3247 3248
f 3237 3248 3244
f 3244 3248 3142
f 3244 3142 3140
f 2668 2672 3249
f 3250 3251 3252
f 3253 3254 3255
f 3254 3154 3155
f 3256 3257 3253
f 3257 3256 3251
f 3250 3252 3249
f 2668 3249 2666
f 3249 3258 2666
f 2666 3258 3259
f 2666 3259 2664
f 2664 3259 3260
f 2664 3260 2669
f 3254 3155 3255
f 3255 3155 3160
f 3255 3160 3261
f 3261 3160 3159
f 3261 3159 3262
f 3262 3159 3157
f 3262 3157 3263
f 3157 3163 3263
f 3263 3163 3162
f 3263 3162 3264
f 3264 3162 3161
f 3264 3161 3265
f 3265 3161 3170
f 3265 3170 3266
f 3266 3170 3171
f 3266 3171 3267
f 3267 3171 3167
f 3267 3167 3268
f 3268 3167 3165
f 3268 3165 3269
f 3269 3165 3142
f 3269 3142 3248
f 3253 3255 3256
f 3256 3255 3261
f 3256 3261 3270
f 3270 3261 3262
f 3270 3262 3271
f 3271 3262 3263
f 3271 3263 3272
f 3272 3263 3264
f 3272 3264 3273
f 3273 3264 3265
f 3273 3265 3274
f 3274 3265 3266
f 3274 3266 3275
f 3275 3266 3267
f 3275 3267 3276
f 3276 3267 3268
f 3276 3268 3277
f 3277 3268 3269
f 3277 3269 3278
f 3278 3269 3248
f 3278 3248 3247
f 3251 3256 3252
f 3252 3256 3270
f 3252 3270 3279
f 3279 3270 3271
f 3279 3271 3280
f 3280 3271 3272
f 3280 3272 3281
f 3281 3272 3273
f 3281 3273 3282
f 3282 3273 3274
f 3282 3274 3283
f 3283 3274 3275
f 3283 3275 3284
f 3284 3275 3276
f 3284 3276 3285
f 3285 3276 3277
f 3285 3277 3286
f 3286 3277 3278
f 3286 3278 3287
f 3287 3278 3247
f 3287 3247 3246
f 3249 3252 3258
f 3258 3252 3279
f 3258 3279 3259
f 3259 3279 3280
f 3259 3280 3260
f 3260 3280 3281
f 3260 3281 3288
f 3288 3281 3282
f 3288 3282 3289
f 3289 3282 3283
f 3289 3283 3290
f 3290 3283 3284
f 3290 3284 3291
f 3291 3284 3285
f 3291 3285 3292
f 3292 3285 3286
f 3292 3286 3293
f 3293 3286 3287
f 3293 3287 3294
f 3294 3287 3246
f 3294 3246 3245
f 2669 3260 2670
f 2670 3260 3288
f 2670 3288 2671
f 2671 3288 3289
f 2671 3289 2646
f 2646 3289 3290
f 2646 3290 2647
f 2647 3290 3291
f 2647 3291 2648
f 2648 3291 3292
f 2648 3292 2643
f 2643 3292 3293
f 2643 3293 2644
f 2644 3293 3294
f 2644 3294 2645
f 2645 3294 3245
f 2645 3245 2625
f 3295 3150 3149
f 3149 3154 3254
f 3254 3296 3149
f 3149 3296 3297
f 3149 3297 3295
f 3251 3298 3257
f 3257 3298 3296
f 3257 3296 3253
f 3253 3296 3254
f 2674 2676 3298
f 3298 2676 3299
f 3298 3299 3296
f 3296 3299 3300
f 3296 3300 3297
f 2672 2674 3249
f 3249 2674 3298
f 3249 3298 3250
f 3250 3298 3251
f 2729 3301 3302
f 2729 3302 3303
f 3303 3302 3304
f 3303 3304 3305
f 3305 3304 3144
f 3305 3144 3143
f 3172 3177 3306
f 2742 2731 3307
f 3307 2731 3308
f 3307 3308 3309
f 3309 3308 3310
f 3309 3310 3184
f 2730 2729 3311
f 3311 2729 3303
f 3311 3303 3312
f 3312 3303 3305
f 2744 2743 3313
f 3313 2743 3314
f 3313 3314 3315
f 3315 3314 3306
f 3315 3306 3139
f 3139 3306 3177
f 3184 3172 3309
f 3309 3172 3306
f 3309 3306 3307
f 3307 3306 3314
f 3307 3314 2742
f 2742 3314 2743
f 3188 3178 3310
f 3310 3178 3183
f 3310 3183 3184
f 2731 2730 3308
f 3308 2730 3311
f 3308 3311 3310
f 3310 3311 3312
f 3310 3312 3188
f 3188 3312 3305
f 3188 3305 3143
f 2732 2744 3313
f 2732 3313 3316
f 3316 3313 3315
f 3316 3315 3317
f 3317 3315 3139
f 3317 3139 3141
f 3156 3158 3318
f 2726 2734 3319
f 3319 2734 3320
f 3319 3320 3321
f 3321 3320 3322
f 3321 3322 3168
f 2733 2732 3323
f 3323 2732 3316
f 3323 3316 3324
f 3324 3316 3317
f 2724 2723 3325
f 3325 2723 3326
f 3325 3326 3327
f 3327 3326 3318
f 3327 3318 3153
f 3153 3318 3158
f 3168 3156 3321
f 3321 3156 3318
f 3321 3318 3319
f 3319 3318 3326
f 3319 3326 2726
f 2726 3326 2723
f 3164 3166 3322
f 3322 3166 3169
f 3322 3169 3168
f 2734 2733 3320
f 3320 2733 3323
f 3320 3323 3322
f 3322 3323 3324
f 3322 3324 3164
f 3164 3324 3317
f 3164 3317 3141
f 3328 2724 3325
f 3328 3325 3329
f 3329 3325 3327
f 3329 3327 3330
f 3330 3327 3153
f 3330 3153 3152
f 2566 2597 3331
f 3148 3146 3332
f 3148 3332 3333
f 3333 3332 3334
f 3333 3334 3335
f 3335 3334 2565
f 3335 2565 3331
f 3331 2565 2564
f 3331 2564 2566
f 3200 3199 3336
f 3195 3190 3337
f 2597 3338 3339
f 3339 3338 3340
f 3339 3340 3341
f 3341 3340 3342
f 3341 3342 3336
f 3336 3342 3343
f 3336 3343 3200
f 3200 3343 2660
f 3199 3195 3336
f 3336 3195 3337
f 3336 3337 3341
f 3341 3337 3344
f 3341 3344 3339
f 3339 3344 3345
f 3339 3345 2597
f 3190 3148 3337
f 3337 3148 3333
f 3337 3333 3344
f 3344 3333 3335
f 3344 3335 3345
f 3345 3335 3331
f 3345 3331 2597
f 2597 2596 3338
f 3338 2596 3346
f 3338 3346 3340
f 3340 3346 3347
f 3340 3347 3342
f 3342 3347 3343
f 3343 3347 2661
f 3343 2661 2660
f 2662 2661 3348
f 3348 2661 3347
f 3348 3347 3349
f 3349 3347 3346
f 3349 3346 2591
f 2591 3346 2596
f 2591 2590 3349
f 3349 2590 3350
f 3349 3350 3348
f 3348 3350 3351
f 3348 3351 2662
f 2662 3351 3352
f 2662 3352 2663
f 3353 3350 2590
f 2986 3003 3354
f 3354 3003 3004
f 2986 3354 2987
f 2987 3354 3355
f 2987 3355 2843
f 3353 3356 3354
f 3354 3356 3357
f 3354 3357 3355
f 3350 3353 3351
f 3351 3353 3354
f 3351 3354 3352
f 3352 3354 3004
f 3352 3004 2663
f 2590 3358 3353
f 3353 3358 3359
f 3353 3359 3356
f 3357 3356 3360
f 3359 3358 3361
f 3358 2590 2589
f 3362 3355 3357
f 3355 3362 2843
f 2843 3362 2844
f 2844 3362 3363
f 2844 3363 2846
f 2846 3363 2841
f 2841 3363 3364
f 2841 3364 2842
f 2842 3364 3365
f 2842 3365 2839
f 2839 3365 3366
f 2839 3366 2837
f 2837 3366 2832
f 2832 3366 3367
f 2832 3367 2833
f 2833 3367 3368
f 2833 3368 2834
f 2834 3368 3369
f 2834 3369 2835
f 3358 2589 3361
f 3361 2589 2593
f 3361 2593 3370
f 3370 2593 2592
f 3370 2592 3371
f 3371 2592 2595
f 3371 2595 3372
f 3372 2595 2594
f 3372 2594 3373
f 3373 2594 2605
f 3373 2605 3374
f 3374 2605 2604
f 3374 2604 3375
f 3375 2604 2603
f 3375 2603 3376
f 3376 2603 2602
f 3376 2602 3377
f 3377 2602 2601
f 3377 2601 3378
f 3378 2601 2600
f 3378 2600 3379
f 3379 2600 2599
f 3379 2599 3380
f 3357 3360 3362
f 3362 3360 3381
f 3362 3381 3363
f 3363 3381 3382
f 3363 3382 3364
f 3364 3382 3383
f 3364 3383 3365
f 3365 3383 3384
f 3365 3384 3366
f 3366 3384 3385
f 3366 3385 3367
f 3367 3385 3386
f 3367 3386 3368
f 3368 3386 3387
f 3368 3387 3369
f 3369 3387 3388
f 3369 3388 3389
f 3389 3388 3390
f 3389 3390 3391
f 3391 3390 3392
f 3391 3392 3393
f 3393 3392 3394
f 3393 3394 3395
f 2599 2598 3380
f 3380 2598 3396
f 3380 3396 3397
f 3397 3394 3380
f 3380 3394 3392
f 3380 3392 3379
f 3379 3392 3390
f 3379 3390 3378
f 3378 3390 3388
f 3378 3388 3377
f 3377 3388 3387
f 3377 3387 3376
f 3376 3387 3386
f 3376 3386 3375
f 3375 3386 3385
f 3375 3385 3374
f 3374 3385 3384
f 3374 3384 3373
f 3373 3384 3383
f 3373 3383 3372
f 3372 3383 3382
f 3372 3382 3371
f 3371 3382 3381
f 3371 3381 3370
f 3370 3381 3360
f 3370 3360 3361
f 3361 3360 3356
f 3361 3356 3359
f 3397 3398 3394
f 3394 3398 3399
f 3394 3399 3395
f 3395 3399 3400
f 3395 3400 3401
f 2835 3369 2836
f 2836 3369 3389
f 2836 3389 2826
f 2826 3389 3391
f 2826 3391 2827
f 2827 3391 3393
f 2827 3393 2829
f 2829 3393 3395
f 2829 3395 2830
f 2830 3395 3401
f 2830 3401 2825
f 3060 3059 3401
f 3401 3059 3058
f 3401 3058 2825
f 3401 3400 3060
f 3060 3400 3402
f 3060 3402 3061
f 3061 3402 3062
f 3400 3399 3402
f 3402 3399 3398
f 3402 3398 3403
f 2598 3404 3405
f 3405 3404 3406
f 3405 3406 3403
f 3403 3406 2612
f 3403 2612 3402
f 3402 2612 3063
f 3402 3063 3062
f 3398 3397 3403
f 3403 3397 3396
f 3403 3396 3405
f 3405 3396 2598
f 3404 2598 2610
f 3406 3404 3407
f 2612 3406 3408
f 3404 2610 3407
f 3407 2610 2609
f 3407 2609 3409
f 3409 2609 2608
f 3409 2608 3410
f 3410 2608 2607
f 3410 2607 3411
f 2607 2606 3411
f 3411 2606 3412
f 3411 3412 3413
f 3406 3407 3408
f 3408 3407 3409
f 3408 3409 3414
f 3414 3409 3410
f 3414 3410 3415
f 3415 3410 3411
f 3415 3411 3416
f 3416 3411 3413
f 3416 3413 3417
f 2612 3408 2613
f 2613 3408 3414
f 2613 3414 2620
f 2620 3414 3415
f 2620 3415 2622
f 2622 3415 3416
f 2622 3416 2623
f 2623 3416 3417
f 2623 3417 2618
f 2606 2715 3412
f 3412 2715 3418
f 2616 2618 3419
f 3419 2618 3417
f 3419 3417 3418
f 3418 3417 3413
f 3418 3413 3412
f 3420 3421 3422
f 3423 3424 3420
f 3424 3423 2711
f 2982 3422 2980
f 2980 3422 3421
f 2980 3421 2750
f 2950 3425 2982
f 2982 3425 3426
f 2982 3426 3422
f 2950 2979 3425
f 3425 2979 2973
f 3425 2973 3427
f 3427 2973 2616
f 3427 2616 3419
f 3420 3422 3423
f 3423 3422 3426
f 3423 3426 3428
f 3428 3426 3425
f 3428 3425 3429
f 3429 3425 3427
f 3429 3427 3430
f 3430 3427 3419
f 3430 3419 3418
f 2711 3423 2712
f 2712 3423 3428
f 2712 3428 2713
f 2713 3428 3429
f 2713 3429 2714
f 2714 3429 3430
f 2714 3430 2716
f 2716 3430 3418
f 2716 3418 2715
f 2752 2750 3421
f 2722 2752 3431
f 3432 2728 3431
f 3431 2728 2727
f 3431 2727 2722
f 3433 2738 3432
f 3432 2738 2737
f 3432 2737 2728
f 2719 2739 2718
f 2718 2739 2741
f 2718 2741 3433
f 3433 2741 2740
f 3433 2740 2738
f 2752 3421 3431
f 3431 3421 3420
f 3431 3420 3432
f 3432 3420 3424
f 3432 3424 3433
f 3433 3424 2711
f 3433 2711 2718
f 2710 2709 2735
f 2735 2709 3434
f 2735 3434 2736
f 3435 3436 2748
f 2748 2745 3435
f 3435 2745 2746
f 3435 2746 3434
f 3434 2746 2747
f 3434 2747 2736
f 2721 2748 2751
f 2751 2748 3436
f 2751 3436 2749
f 2749 3436 3437
f 3437 3436 3435
f 3437 3435 3438
f 3438 3435 3434
f 3438 3434 3439
f 3439 3434 2709
f 3439 2709 2708
f 3440 3441 3442
f 3443 3444 3440
f 3444 3443 2703
f 2981 3445 2942
f 2942 3445 3446
f 2942 3446 2936
f 2936 3446 3447
f 2936 3447 2935
f 2935 3447 3442
f 2935 3442 2937
f 2937 3442 3441
f 2937 3441 2763
f 2981 2749 3445
f 3445 2749 3437
f 3445 3437 3438
f 3440 3442 3443
f 3443 3442 3447
f 3443 3447 3448
f 3448 3447 3446
f 3448 3446 3449
f 3449 3446 3445
f 3449 3445 3450
f 3450 3445 3438
f 3450 3438 3439
f 2703 3443 2704
f 2704 3443 3448
f 2704 3448 2705
f 2705 3448 3449
f 2705 3449 2706
f 2706 3449 3450
f 2706 3450 2707
f 2707 3450 3439
f 2707 3439 2708
f 2703 2685 3444
f 3444 2685 3451
f 3444 3451 3440
f 2761 2763 3451
f 3451 2763 3441
f 3451 3441 3440
f 2761 3451 3452
f 3453 2684 2692
f 3453 2692 3454
f 3454 2692 2683
f 3454 2683 3455
f 2685 2684 3451
f 3451 2684 3453
f 3451 3453 3452
f 3452 3453 3454
f 3452 3454 3456
f 3456 3454 3455
f 3456 3455 3457
f 2683 2682 3455
f 3455 2682 3458
f 3455 3458 3457
f 3457 3458 3459
f 3457 3459 3460
f 2761 3452 2759
f 2759 3452 3456
f 2759 3456 2757
f 2757 3456 3457
f 2757 3457 2755
f 2755 3457 3460
f 2755 3460 2753
f 3461 3084 3085
f 2753 3462 3066
f 3066 3462 3461
f 3066 3461 3067
f 3067 3461 3085
f 2682 3463 3464
f 3464 3463 3465
f 3464 3465 3462
f 3462 3465 3466
f 3462 3466 3461
f 3461 3466 3467
f 3461 3467 3084
f 3084 3467 3468
f 3084 3468 3082
f 3082 3468 3469
f 3082 3469 3087
f 3087 3469 2905
f 2753 3460 3462
f 3462 3460 3459
f 3462 3459 3464
f 3464 3459 3458
f 3464 3458 2682
f 3469 3468 3470
f 3465 3463 3471
f 3468 3467 3472
f 3472 3467 3466
f 3472 3466 3465
f 3469 3470 2905
f 2905 3470 2893
f 2893 3470 3473
f 2893 3473 2894
f 2894 3473 2896
f 2896 3473 3474
f 2896 3474 2897
f 2897 3474 3475
f 2897 3475 2876
f 2876 3475 2877
f 2877 3475 3476
f 2877 3476 2889
f 2889 3476 3477
f 2889 3477 2890
f 2890 3477 3478
f 2890 3478 2891
f 2891 3478 3479
f 2891 3479 2892
f 2892 3479 3480
f 2892 3480 2887
f 2887 3480 3481
f 2887 3481 2885
f 3465 3471 3472
f 3472 3471 3482
f 3472 3482 3483
f 3483 3482 3484
f 3483 3484 3485
f 3485 3484 3486
f 3485 3486 3487
f 3487 3486 3488
f 3487 3488 3489
f 3489 3488 3490
f 3489 3490 3491
f 3491 3490 3492
f 3491 3492 3493
f 3493 3492 3494
f 3493 3494 3495
f 3495 3494 3496
f 3495 3496 3497
f 3497 3496 3498
f 3497 3498 3499
f 3499 3498 3500
f 3499 3500 3501
f 3501 3500 3502
f 3501 3502 3503
f 2694 3502 2695
f 2695 3502 3500
f 2695 3500 2696
f 2696 3500 3498
f 2696 3498 2697
f 2697 3498 3496
f 2697 3496 2698
f 2698 3496 3494
f 2698 3494 2699
f 2699 3494 3492
f 2699 3492 2686
f 2686 3492 3490
f 2686 3490 2687
f 2687 3490 3488
f 2687 3488 2688
f 2688 3488 3486
f 2688 3486 2689
f 2689 3486 3484
f 2689 3484 2690
f 2690 3484 3482
f 2690 3482 2691
f 2691 3482 3471
f 2691 3471 2681
f 2681 3471 3463
f 2681 3463 2682
f 2694 3504 3502
f 3502 3504 3505
f 3502 3505 3503
f 3503 3505 3506
f 3503 3506 3507
f 3468 3472 3470
f 3470 3472 3483
f 3470 3483 3473
f 3473 3483 3485
f 3473 3485 3474
f 3474 3485 3487
f 3474 3487 3475
f 3475 3487 3489
f 3475 3489 3476
f 3476 3489 3491
f 3476 3491 3477
f 3477 3491 3493
f 3477 3493 3478
f 3478 3493 3495
f 3478 3495 3479
f 3479 3495 3497
f 3479 3497 3480
f 3480 3497 3499
f 3480 3499 3481
f 3481 3499 3501
f 3481 3501 3508
f 3508 3501 3503
f 3508 3503 3509
f 3509 3503 3507
f 3509 3507 3510
f 2885 3481 2883
f 2883 3481 3508
f 2883 3508 2884
f 2884 3508 3509
f 2884 3509 2879
f 2879 3509 3510
f 2879 3510 2880
f 3504 2694 3511
f 2880 3510 3064
f 3064 3510 3512
f 3136 3137 3512
f 3512 3137 3138
f 3512 3138 3064
f 2680 3136 3513
f 3513 3136 3512
f 3513 3512 3514
f 3514 3512 3511
f 3514 3511 3515
f 3515 3511 2694
f 3510 3507 3512
f 3512 3507 3506
f 3512 3506 3511
f 3511 3506 3505
f 3511 3505 3504
f 3513 3514 3516
f 3514 3515 3517
f 3513 3516 2680
f 3514 3517 3516
f 3516 3517 3518
f 3516 3518 3519
f 2700 3518 2701
f 2701 3518 3517
f 2701 3517 2693
f 2693 3517 3515
f 2693 3515 2694
f 2700 3520 3518
f 3518 3520 3521
f 3518 3521 3519
f 3519 3521 3522
f 3519 3522 3523
f 2680 3516 2673
f 2673 3516 3519
f 2673 3519 2675
f 2675 3519 3523
f 2675 3523 2676
f 3299 2676 3523
f 3297 3300 3524
f 3524 3300 3299
f 3299 3523 3524
f 3524 3523 3522
f 3524 3522 3525
f 3295 3297 3526
f 3526 3297 3524
f 3526 3524 3527
f 3527 3524 3525
f 3527 3525 3528
f 3528 3525 3529
f 3528 3529 2700
f 3522 3521 3525
f 3525 3521 3520
f 3525 3520 3529
f 3529 3520 2700
f 3150 3295 3530
f 3530 3295 3526
f 3530 3526 3531
f 3531 3526 3527
f 3531 3527 3532
f 3532 3527 3528
f 3532 3528 2700
f 2700 2588 2576
f 2700 2576 3532
f 3532 2576 2575
f 3532 2575 3531
f 2575 3533 3531
f 3531 3533 3534
f 3531 3534 3530
f 3530 3534 3151
f 3530 3151 3150
f 3535 2717 3536
f 3536 2717 2560
f 3536 2560 2559
f 3537 2789 3538
f 3538 2789 2787
f 3538 2787 3539
f 3539 2787 2785
f 3539 2785 3540
f 3540 2785 2783
f 3540 2783 3541
f 3541 2783 2781
f 3541 2781 3542
f 3542 2781 2779
f 3542 2779 3543
f 3543 2779 2777
f 3543 2777 3544
f 3544 2777 2775
f 3544 2775 3545
f 3545 2775 2773
f 3545 2773 3546
f 3546 2773 2771
f 3546 2771 3547
f 3547 2771 2769
f 3547 2769 3548
f 3548 2769 2767
f 3548 2767 3537
f 3537 2767 2789
f 3549 3550 3551
f 3552 3553 3554
f 3549 3551 3555
f 3553 3144 3304
f 3330 3556 3329
f 3329 3556 3328
f 3151 3534 3557
f 3557 3534 3533
f 3557 3533 2575
f 3554 3553 3551
f 3551 3553 3304
f 3551 3304 3555
f 3555 3304 3302
f 3555 3302 3301
f 3558 3559 3560
f 3560 3559 3561
f 3560 3561 3562
f 3562 3561 3563
f 3562 3563 3554
f 3554 3563 3564
f 3554 3564 3552
f 3557 2565 3334
f 3334 3332 3557
f 3557 3332 3146
f 3557 3146 3144
f 3151 3557 3152
f 3152 3557 3144
f 3152 3144 3330
f 3330 3144 3553
f 3330 3553 3556
f 3565 1852 3566
f 3566 1852 3567
f 3568 3569 3570
f 1821 3571 3572
f 3572 3571 3573
f 3572 3573 3568
f 3568 3570 3572
f 3572 3570 3574
f 3572 3574 3575
f 3575 3576 3572
f 3572 3576 3577
f 3572 3577 1830
f 3578 3579 3580
f 3579 3581 3580
f 3580 3581 3582
f 3580 3582 1690
f 3583 1881 3584
f 3584 3585 3583
f 3583 3585 3586
f 3583 3586 3587
f 3587 3586 3588
f 3587 3588 3589
f 3589 3588 3590
f 3589 3590 3580
f 3580 3590 3591
f 3580 3591 3578
f 3592 1933 3593
f 3594 1848 3595
f 3595 1848 3596
f 3597 3598 3599
f 3600 3597 3601
f 3601 3597 3602
f 3599 3603 3597
f 3597 3603 3604
f 3597 3604 3602
f 3605 3606 3607
f 3607 3606 3608
f 3607 3608 3609
f 3609 3608 3610
f 3605 3611 3606
f 3606 3611 3612
f 3606 3612 3613
f 3612 3614 3613
f 3613 3614 3615
f 3613 3615 3616
f 3616 3615 3617
f 3617 3618 3616
f 3616 3618 3619
f 3616 3619 3608
f 3608 3619 3620
f 3608 3620 3610
f 3621 3622 3623
f 3623 3622 3624
f 3623 3624 3625
f 3621 3626 3622
f 3622 3626 3627
f 3622 3627 3628
f 3629 3630 3631
f 3632 3633 3634
f 3627 3635 3628
f 3628 3635 3636
f 3628 3636 3637
f 3637 3636 3630
f 3637 3630 3638
f 3638 3630 3639
f 3630 3629 3639
f 3639 3629 3640
f 3639 3640 3641
f 3597 3642 3643
f 3642 3597 3644
f 3644 3597 3600
f 3644 3600 3645
f 3645 3600 3646
f 3645 3646 3647
f 3625 3597 3623
f 3623 3597 3643
f 3623 3643 3648
f 3648 3643 3649
f 3648 3649 3650
f 3651 3652 3653
f 3653 3652 3654
f 3653 3654 3655
f 3655 3654 3656
f 3655 3656 3657
f 3657 3656 3649
f 3653 3658 3651
f 3651 3658 3659
f 3651 3659 3660
f 3660 3659 3661
f 3660 3661 3662
f 3650 3649 3663
f 3663 3649 3656
f 3663 3656 3664
f 3664 3656 3665
f 3664 3665 3631
f 3631 3665 3666
f 3631 3666 3629
f 3667 3668 3639
f 3639 3668 3669
f 3639 3669 3670
f 3558 3560 3671
f 3672 3673 3674
f 3675 3676 3658
f 3658 3676 3677
f 3658 3677 3659
f 3646 3632 3647
f 3647 3632 3634
f 3647 3634 3672
f 3672 3634 3558
f 3672 3558 3673
f 3673 3558 3671
f 3658 3678 3675
f 3675 3678 3672
f 3675 3672 3679
f 3679 3672 3674
f 3679 3674 3680
f 3680 3674 3681
f 3680 3681 3682
f 3682 3681 3683
f 3662 3684 3660
f 3660 3684 3667
f 3660 3667 3685
f 3685 3667 3639
f 3685 3639 3686
f 3686 3639 3641
f 3687 3688 3689
f 3689 3688 3690
f 3691 3692 3693
f 3694 3693 3695
f 3695 3693 3696
f 3695 3696 3697
f 3697 3696 3698
f 3697 3698 3699
f 3699 3698 3700
f 3699 3700 3701
f 3701 3700 3702
f 3701 3702 3703
f 3694 3704 3705
f 3705 3704 3706
f 3705 3706 3707
f 3707 3706 3708
f 3707 3708 3709
f 3709 3708 3710
f 3709 3710 3711
f 3711 3710 3712
f 3711 3712 3713
f 3713 3712 3714
f 3713 3714 3715
f 3715 3714 3716
f 3703 3717 3701
f 3701 3717 3716
f 3701 3716 3718
f 3718 3716 3714
f 3694 3705 3693
f 3693 3705 3719
f 3693 3719 3691
f 3720 3721 3722
f 3722 3721 3723
f 3723 3721 3724
f 3723 3724 3725
f 3725 3724 3726
f 3725 3726 3727
f 3727 3726 3728
f 3727 3728 3692
f 3729 3693 3730
f 3728 3731 3692
f 3692 3731 3732
f 3692 3732 3693
f 3693 3732 3733
f 3693 3733 3730
f 3734 3735 3736
f 3737 3738 3739
f 3739 3738 3720
f 3739 3720 3740
f 3740 3720 3722
f 3735 3741 3736
f 3736 3741 3742
f 3736 3742 3743
f 3743 3742 3744
f 3743 3744 3730
f 3730 3744 3745
f 3730 3745 3729
f 3746 3747 3748
f 3749 3750 3751
f 3751 3750 3716
f 3751 3716 3752
f 3752 3716 3717
f 3753 3754 3755
f 3755 3756 3757
f 3757 3756 3758
f 3757 3758 3759
f 3759 3758 3760
f 3750 3761 3716
f 3716 3761 3762
f 3716 3762 3763
f 3763 3762 3764
f 3763 3764 3765
f 3737 3766 3767
f 3736 3738 3734
f 3734 3738 3737
f 3734 3737 3747
f 3747 3737 3767
f 3747 3767 3748
f 3765 3764 3754
f 3754 3764 3768
f 3754 3768 3755
f 3766 3737 3769
f 3769 3737 3770
f 3769 3770 3771
f 3771 3770 3772
f 3771 3772 3773
f 3773 3772 3774
f 3773 3774 3775
f 3774 3776 3775
f 3775 3776 3777
f 3775 3777 3778
f 3778 3777 3753
f 3778 3753 3779
f 3779 3753 3755
f 3779 3755 3780
f 3780 3755 3757
f 3760 3781 3782
f 3749 3751 3783
f 3783 3751 3784
f 3783 3784 3785
f 3785 3784 3786
f 3785 3786 3760
f 3760 3786 3787
f 3760 3787 3781
f 3782 3788 3760
f 3760 3788 3789
f 3760 3789 3759
f 3759 3789 3790
f 3759 3790 3791
f 3791 3792 3759
f 3759 3792 3793
f 3759 3793 3748
f 3748 3793 3794
f 3748 3794 3746
f 3795 3796 3797
f 3797 3796 3798
f 3799 3800 3801
f 3801 3800 3802
f 3801 3802 3803
f 3803 3802 1881
f 3803 1881 1879
f 24 3802 22
f 22 3802 3804
f 22 3804 3805
f 3584 1881 485
f 485 1881 3802
f 485 3802 486
f 486 3802 24
f 3806 2793 3807
f 3807 2793 2791
f 3807 2791 3808
f 3808 2791 2813
f 3808 2813 3809
f 3809 2813 2811
f 3809 2811 3810
f 3810 2811 2809
f 3810 2809 3811
f 3811 2809 2807
f 3811 2807 3812
f 3812 2807 2805
f 3812 2805 3813
f 3813 2805 2803
f 3813 2803 3814
f 3814 2803 2801
f 3814 2801 3815
f 3815 2801 2799
f 3815 2799 3816
f 3816 2799 2797
f 3816 2797 3817
f 3817 2797 2795
f 3817 2795 3806
f 3806 2795 2793
f 3818 3819 3639
f 3639 3819 3820
f 3639 3820 3821
f 3670 3822 3639
f 3639 3822 3823
f 3639 3823 3818
f 3824 3825 3826
f 3826 3825 3827
f 3826 3827 3828
f 3828 3827 3829
f 3828 3829 3830
f 3830 3829 3831
f 3831 3829 3832
f 3831 3832 3833
f 3833 3832 3834
f 3833 3834 3835
f 3836 3837 3838
f 3836 3838 3834
f 3834 3838 3839
f 3834 3839 3835
f 3837 3836 3840
f 3840 3836 3841
f 3840 3841 3842
f 3843 3653 3844
f 3844 3653 3655
f 3844 3655 3845
f 3845 3655 3657
f 3845 3657 3846
f 3846 3657 3649
f 3846 3649 3847
f 3847 3649 3643
f 3847 3643 3848
f 3848 3643 3642
f 3848 3642 3849
f 3849 3642 3644
f 3849 3644 3850
f 3850 3644 3645
f 3850 3645 3851
f 3851 3645 3647
f 3851 3647 3852
f 3852 3647 3672
f 3852 3672 3853
f 3853 3672 3678
f 3853 3678 3854
f 3854 3678 3658
f 3854 3658 3843
f 3843 3658 3653
f 3855 3856 3857
f 3857 3856 3858
f 3857 3858 3859
f 3859 3858 3860
f 3861 3683 3860
f 3860 3683 3862
f 3860 3862 3859
f 3855 3863 3856
f 3856 3863 3684
f 3856 3684 3864
f 3864 3684 3662
f 3864 3662 3865
f 3865 3662 3661
f 3865 3661 3866
f 3866 3661 3659
f 3866 3659 3867
f 3867 3659 3868
f 3867 3868 3869
f 3869 3868 3676
f 3869 3676 3870
f 3870 3676 3675
f 3870 3675 3871
f 3871 3675 3679
f 3871 3679 3872
f 3872 3679 3680
f 3872 3680 3861
f 3861 3680 3682
f 3861 3682 3683
f 3873 3686 3874
f 3874 3686 3641
f 3874 3641 3875
f 3875 3641 3640
f 3875 3640 3876
f 3876 3640 3629
f 3876 3629 3877
f 3877 3629 3666
f 3877 3666 3878
f 3878 3666 3665
f 3878 3665 3879
f 3879 3665 3656
f 3879 3656 3880
f 3880 3656 3654
f 3880 3654 3881
f 3881 3654 3652
f 3881 3652 3882
f 3882 3652 3651
f 3882 3651 3883
f 3883 3651 3660
f 3883 3660 3884
f 3884 3660 3685
f 3884 3685 3873
f 3873 3685 3686
f 3885 3630 3886
f 3886 3630 3636
f 3886 3636 3887
f 3887 3636 3635
f 3887 3635 3888
f 3888 3635 3889
f 3888 3889 3890
f 3890 3889 3626
f 3890 3626 3891
f 3891 3626 3621
f 3891 3621 3892
f 3892 3621 3623
f 3892 3623 3893
f 3893 3623 3648
f 3893 3648 3894
f 3894 3648 3650
f 3894 3650 3895
f 3895 3650 3896
f 3895 3896 3897
f 3897 3896 3664
f 3897 3664 3898
f 3898 3664 3631
f 3898 3631 3885
f 3885 3631 3630
f 3899 3900 3901
f 3902 3903 3904
f 3904 3905 3902
f 3902 3905 3906
f 3902 3906 3907
f 3907 3906 3908
f 3907 3908 3909
f 3901 3910 3899
f 3899 3910 3911
f 3899 3911 3912
f 3912 3911 3913
f 3912 3913 3914
f 3914 3913 3915
f 3914 3915 3903
f 3903 3915 3916
f 3903 3916 3904
f 3917 3918 3919
f 3917 3919 1066
f 1066 3919 3920
f 1066 3920 1067
f 3918 3921 3919
f 3919 3921 3922
f 3919 3922 3923
f 3923 3922 3924
f 3924 3925 3923
f 3923 3925 3926
f 3923 3926 3927
f 3927 3926 3928
f 3927 3928 3929
f 16 3930 21
f 21 3930 3931
f 21 3931 589
f 589 3931 3932
f 589 3932 594
f 594 3932 3927
f 594 3927 3933
f 3933 3927 3929
f 3934 3935 3936
f 3936 3935 3937
f 3936 3937 3938
f 3939 3940 3935
f 3935 3940 3941
f 3935 3941 3942
f 3942 3941 1064
f 3942 1064 1065
f 3934 3943 3935
f 3935 3943 3944
f 3935 3944 3939
f 3945 3946 470
f 470 3946 471
f 3946 3947 471
f 471 3947 3948
f 471 3948 452
f 452 3948 3949
f 452 3949 453
f 453 3949 3950
f 453 3950 462
f 462 3950 3951
f 462 3951 463
f 463 3951 3952
f 463 3952 464
f 464 3952 3953
f 464 3953 466
f 466 3953 3954
f 466 3954 429
f 429 3954 3955
f 429 3955 430
f 430 3955 3956
f 430 3956 407
f 407 3956 3957
f 407 3957 408
f 408 3957 3958
f 408 3958 410
f 410 3958 3959
f 410 3959 411
f 411 3959 3960
f 411 3960 415
f 415 3960 3961
f 415 3961 446
f 446 3961 3962
f 446 3962 439
f 439 3962 3963
f 439 3963 437
f 437 3963 3964
f 437 3964 425
f 425 3964 3965
f 425 3965 427
f 427 3965 3966
f 427 3966 440
f 440 3966 3967
f 440 3967 441
f 441 3967 3968
f 441 3968 442
f 442 3968 3945
f 442 3945 469
f 469 3945 470
f 409 413 14
f 14 413 3930
f 14 3930 16
f 22 3805 591
f 591 3805 377
f 591 377 376
f 3969 3970 3920
f 3920 3970 385
f 3920 385 1067
f 1067 385 384
f 3971 3942 418
f 418 3942 1065
f 418 1065 419
f 3804 3972 3805
f 3805 3972 378
f 3805 378 377
f 3930 413 412
f 3973 3974 412
f 412 3974 3931
f 412 3931 3930
f 3975 3976 3977
f 3977 3976 3978
f 3977 3978 3979
f 3979 3978 3980
f 3981 3982 3983
f 3983 3982 3984
f 3985 3986 3987
f 3985 3987 3988
f 3988 3987 3989
f 3988 3989 3990
f 3991 3992 3993
f 3993 3992 3994
f 3995 3996 3997
f 3998 3999 4000
f 4001 4002 4003
f 4003 4002 4004
f 4005 4006 4007
f 4007 4006 4008
f 4007 4008 4009
f 4000 3995 3998
f 3998 3995 3997
f 3998 3997 4010
f 4010 3997 4011
f 4010 4011 4008
f 4008 4011 4003
f 4008 4003 4009
f 4009 4003 4004
f 3996 4012 3997
f 3997 4012 4013
f 3997 4013 4014
f 3980 4015 3979
f 3979 4015 4016
f 4015 4017 4016
f 4016 4017 4018
f 4016 4018 4019
f 3982 3981 4020
f 4020 3981 4019
f 4020 4019 4021
f 4021 4019 4018
f 3990 3989 4022
f 3990 4022 4023
f 4023 4022 4024
f 4023 4024 4025
f 4025 4024 4026
f 4025 4026 4027
f 4027 4026 3992
f 4027 3992 3991
f 3983 3984 4028
f 3983 4028 4029
f 4029 4028 4030
f 4029 4030 4031
f 4031 4030 4032
f 4031 4032 4033
f 4033 4032 3986
f 4033 3986 3985
f 3994 4034 3993
f 3993 4034 4035
f 4034 4036 4035
f 4035 4036 4037
f 4035 4037 4038
f 3976 3975 4039
f 4039 3975 4038
f 4039 4038 4040
f 4040 4038 4037
f 4041 3756 4042
f 4042 3756 3755
f 4042 3755 4043
f 4043 3755 3768
f 4043 3768 4044
f 4044 3768 4045
f 4044 4045 4046
f 4046 4045 3762
f 4046 3762 4047
f 4047 3762 3761
f 4047 3761 4048
f 4048 3761 3750
f 4048 3750 4049
f 4049 3750 3749
f 4049 3749 4050
f 4050 3749 3783
f 4050 3783 4051
f 4051 3783 4052
f 4051 4052 4053
f 4053 4052 3760
f 4053 3760 4054
f 4054 3760 3758
f 4054 3758 4041
f 4041 3758 3756
f 4055 3699 4056
f 4056 3699 3701
f 4056 3701 4057
f 4057 3701 3718
f 4057 3718 4058
f 4058 3718 3714
f 4058 3714 4059
f 4059 3714 3712
f 4059 3712 4060
f 4060 3712 3710
f 4060 3710 4061
f 4061 3710 3708
f 4061 3708 4062
f 4062 3708 3706
f 4062 3706 4063
f 4063 3706 3704
f 4063 3704 4064
f 4064 3704 3694
f 4064 3694 4065
f 4065 3694 3695
f 4065 3695 4066
f 4066 3695 3697
f 4066 3697 4055
f 4055 3697 3699
f 4067 3720 4068
f 4068 3720 3738
f 4068 3738 4069
f 4069 3738 3736
f 4069 3736 4070
f 4070 3736 4071
f 4070 4071 4072
f 4072 4071 3730
f 4072 3730 4073
f 4073 3730 3733
f 4073 3733 4074
f 4074 3733 3732
f 4074 3732 4075
f 4075 3732 3731
f 4075 3731 4076
f 4076 3731 3728
f 4076 3728 4077
f 4077 3728 4078
f 4077 4078 4079
f 4079 4078 3724
f 4079 3724 4080
f 4080 3724 3721
f 4080 3721 4067
f 4067 3721 3720
f 4081 3771 4082
f 4082 3771 3773
f 4082 3773 4083
f 4083 3773 3775
f 4083 3775 4084
f 4084 3775 3778
f 4084 3778 4085
f 4085 3778 3779
f 4085 3779 4086
f 4086 3779 3780
f 4086 3780 4087
f 4087 3780 3757
f 4087 3757 4088
f 4088 3757 3759
f 4088 3759 4089
f 4089 3759 3748
f 4089 3748 4090
f 4090 3748 3767
f 4090 3767 4091
f 4091 3767 3766
f 4091 3766 4092
f 4092 3766 3769
f 4092 3769 4081
f 4081 3769 3771
f 4085 3845 4084
f 4084 3845 3846
f 4084 3846 4083
f 4083 3846 3847
f 4083 3847 4082
f 4082 3847 3848
f 4082 3848 4081
f 4081 3848 3849
f 4081 3849 4092
f 4092 3849 3850
f 4092 3850 4091
f 4091 3850 3851
f 4091 3851 4090
f 4090 3851 3852
f 4090 3852 4089
f 4089 3852 3853
f 4089 3853 4088
f 4088 3853 3854
f 4088 3854 4087
f 4087 3854 4093
f 4087 4093 4086
f 4086 4093 3844
f 4086 3844 4085
f 4085 3844 3845
f 4074 3864 4073
f 4073 3864 3865
f 4073 3865 4072
f 4072 3865 3866
f 4072 3866 4070
f 4070 3866 3867
f 4070 3867 4069
f 4069 3867 3869
f 4069 3869 4068
f 4068 3869 3870
f 4068 3870 4067
f 4067 3870 3871
f 4067 3871 4080
f 4080 3871 3872
f 4080 3872 4079
f 4079 3872 3861
f 4079 3861 4077
f 4077 3861 3860
f 4077 3860 4076
f 4076 3860 3858
f 4076 3858 4075
f 4075 3858 3856
f 4075 3856 4074
f 4074 3856 3864
f 4060 3874 4059
f 4059 3874 3875
f 4059 3875 4058
f 4058 3875 3876
f 4058 3876 4057
f 4057 3876 3877
f 4057 3877 4056
f 4056 3877 3878
f 4056 3878 4055
f 4055 3878 3879
f 4055 3879 4066
f 4066 3879 3880
f 4066 3880 4065
f 4065 3880 3881
f 4065 3881 4064
f 4064 3881 3882
f 4064 3882 4063
f 4063 3882 3883
f 4063 3883 4062
f 4062 3883 3884
f 4062 3884 4061
f 4061 3884 4094
f 4061 4094 4060
f 4060 4094 3874
f 4048 3885 4047
f 4047 3885 3886
f 4047 3886 4046
f 4046 3886 3887
f 4046 3887 4044
f 4044 3887 3888
f 4044 3888 4043
f 4043 3888 3890
f 4043 3890 4042
f 4042 3890 3891
f 4042 3891 4041
f 4041 3891 3892
f 4041 3892 4054
f 4054 3892 3893
f 4054 3893 4053
f 4053 3893 3894
f 4053 3894 4051
f 4051 3894 3895
f 4051 3895 4050
f 4050 3895 3897
f 4050 3897 4049
f 4049 3897 3898
f 4049 3898 4048
f 4048 3898 3885
f 4095 3976 4096
f 3980 4095 4097
f 3980 4097 4098
f 4098 4097 4099
f 4098 4099 4100
f 4100 4099 4101
f 4100 4101 472
f 4095 4096 4097
f 4097 4096 4102
f 4097 4102 4099
f 4099 4102 474
f 4099 474 4101
f 4103 3982 4104
f 4104 3982 4020
f 4104 4020 4105
f 4105 4020 4021
f 4105 4021 4106
f 4106 4021 4018
f 4106 4018 4107
f 4107 4018 4017
f 4107 4017 4108
f 4108 4017 4015
f 4108 4015 4098
f 4098 4015 3980
f 4109 4103 4110
f 4110 4103 4104
f 4110 4104 4111
f 4111 4104 4105
f 4111 4105 4112
f 4112 4105 4106
f 4112 4106 4113
f 4113 4106 4107
f 4113 4107 4114
f 4114 4107 4108
f 4114 4108 4100
f 4100 4108 4098
f 428 4109 426
f 426 4109 4110
f 426 4110 424
f 424 4110 4111
f 424 4111 458
f 458 4111 4112
f 458 4112 459
f 459 4112 4113
f 459 4113 460
f 460 4113 4114
f 460 4114 472
f 472 4114 4100
f 4096 3976 4115
f 4115 3976 4039
f 4115 4039 4116
f 4116 4039 4040
f 4116 4040 4117
f 4117 4040 4037
f 4117 4037 4118
f 4118 4037 4036
f 4118 4036 4119
f 4119 4036 4034
f 4119 4034 4120
f 4120 4034 3994
f 4102 4096 4121
f 4121 4096 4115
f 4121 4115 4122
f 4122 4115 4116
f 4122 4116 4123
f 4123 4116 4117
f 4123 4117 4124
f 4124 4117 4118
f 4124 4118 4125
f 4125 4118 4119
f 4125 4119 4126
f 4126 4119 4120
f 474 4102 435
f 435 4102 4121
f 435 4121 436
f 436 4121 4122
f 436 4122 438
f 438 4122 4123
f 438 4123 421
f 421 4123 4124
f 421 4124 422
f 422 4124 4125
f 422 4125 449
f 449 4125 4126
f 3984 3982 4127
f 4127 3982 4103
f 4127 4103 4128
f 4128 4103 4109
f 4128 4109 456
f 456 4109 428
f 3994 3992 4120
f 4120 3992 4129
f 4120 4129 4126
f 4126 4129 4130
f 4126 4130 449
f 449 4130 450
f 383 4131 405
f 405 4131 4132
f 405 4132 406
f 406 4132 4133
f 406 4133 457
f 457 4133 4134
f 457 4134 456
f 456 4134 4128
f 4131 4135 4132
f 4132 4135 4136
f 4132 4136 4133
f 4133 4136 4137
f 4133 4137 4134
f 4134 4137 4138
f 4134 4138 4128
f 4128 4138 4127
f 4135 3986 4136
f 4136 3986 4032
f 4136 4032 4137
f 4137 4032 4030
f 4137 4030 4138
f 4138 4030 4028
f 4138 4028 4127
f 4127 4028 3984
f 450 4130 451
f 451 4130 4139
f 451 4139 390
f 390 4139 4140
f 390 4140 392
f 392 4140 4141
f 392 4141 379
f 379 4141 4142
f 4130 4129 4139
f 4139 4129 4143
f 4139 4143 4140
f 4140 4143 4144
f 4140 4144 4141
f 4141 4144 4145
f 4141 4145 4142
f 4142 4145 4146
f 4129 3992 4143
f 4143 3992 4026
f 4143 4026 4144
f 4144 4026 4024
f 4144 4024 4145
f 4145 4024 4022
f 4145 4022 4146
f 4146 4022 3989
f 380 379 4142
f 383 380 4147
f 383 4147 4131
f 4131 4147 4148
f 4131 4148 4135
f 4135 4148 4149
f 4135 4149 3986
f 380 4142 4147
f 4147 4142 4146
f 4147 4146 4148
f 4148 4146 3989
f 4148 3989 4149
f 4150 4151 4152
f 4150 4152 4153
f 4153 4152 4154
f 4153 4154 4155
f 4155 4154 4156
f 4155 4156 4157
f 4157 4156 4158
f 4157 4158 4159
f 4159 4158 4160
f 4159 4160 4161
f 4161 4160 4162
f 4161 4162 4163
f 4163 4162 4164
f 4163 4164 4165
f 4165 4164 4166
f 4165 4166 4167
f 4168 4169 4170
f 4170 4169 4171
f 3842 3841 4172
f 4172 3841 4170
f 4172 4170 4173
f 4173 4170 4171
f 4168 4170 4174
f 4174 4170 4175
f 4174 4175 4176
f 4176 4175 4177
f 4177 4175 3970
f 4177 3970 3969
f 3942 3971 3935
f 3935 3971 4178
f 3935 4178 4179
f 4179 4178 4180
f 4181 4182 4183
f 4183 4182 4180
f 4183 4180 4184
f 4184 4180 4178
f 4184 4178 4185
f 4178 4186 4185
f 4185 4186 4167
f 4185 4167 4166
f 4151 4150 4187
f 4188 4189 4190
f 4190 4189 3535
f 4191 3536 4187
f 4187 3536 4192
f 4187 4192 4151
f 3972 3804 4191
f 4191 3804 3802
f 3535 3536 4190
f 4190 3536 4191
f 4190 4191 4193
f 4193 4191 3802
f 3907 3909 4194
f 4194 3909 4195
f 4195 4196 4194
f 4194 4196 4197
f 4194 4197 4198
f 3974 3973 4199
f 4199 3973 4200
f 4198 4201 4194
f 4194 4201 4202
f 4194 4202 4200
f 4200 4202 4203
f 4200 4203 4199
f 4204 4205 4206
f 4206 4205 4207
f 2702 4183 2577
f 2577 4183 4184
f 2577 4184 2578
f 4208 4209 3646
f 4210 3646 4211
f 4211 3646 3600
f 4210 4212 3646
f 3646 4212 4213
f 3646 4213 4208
f 4214 3622 4215
f 4215 3622 3628
f 4216 4217 4218
f 4218 4217 4219
f 4220 4221 4222
f 4222 4221 4223
f 4222 4223 4224
f 4224 4223 4225
f 4226 3634 4227
f 4227 3634 4224
f 4227 4224 4228
f 4228 4224 4225
f 4226 4229 3634
f 3634 4229 4230
f 3634 4230 3558
f 4230 4231 3558
f 3558 4231 4232
f 3558 4232 4222
f 4222 4232 4233
f 4222 4233 4220
f 4219 4217 4234
f 4234 4217 4235
f 4234 4235 4236
f 4237 4238 4239
f 4239 4240 4237
f 4237 4240 4241
f 4237 4241 4235
f 4235 4241 4242
f 4235 4242 4236
f 4238 4237 4243
f 4243 4237 3616
f 4243 3616 3608
f 3646 4209 3632
f 3632 4209 4244
f 4244 4245 3632
f 3632 4245 4246
f 3632 4246 3633
f 3633 4246 4247
f 3633 4247 4248
f 4224 3634 4249
f 4249 3634 3633
f 4249 3633 4250
f 4250 3633 4248
f 4250 4248 4251
f 3598 3597 4252
f 4252 3597 3625
f 4252 3625 4253
f 4253 3625 4254
f 3624 4255 4256
f 4256 4257 3624
f 3624 4257 4258
f 3624 4258 3625
f 3625 4258 4259
f 3625 4259 4254
f 4255 3624 4260
f 4260 3624 3622
f 4260 3622 4214
f 3639 3821 3638
f 3638 3821 4261
f 4261 4262 3638
f 3638 4262 4263
f 3638 4263 3637
f 3637 4263 4264
f 3637 4264 4265
f 4215 3628 4266
f 4266 3628 3637
f 4266 3637 4267
f 4267 3637 4265
f 4267 4265 4268
f 403 3825 3824
f 4269 382 3796
f 3796 382 403
f 3796 403 3798
f 3798 403 3824
f 3901 3900 4204
f 4204 3900 391
f 4204 391 4205
f 4205 391 381
f 4205 381 4270
f 382 4269 380
f 380 4269 4270
f 380 4270 381
f 4271 4272 4273
f 4273 4272 4274
f 4273 4274 4275
f 4276 4277 4278
f 4278 4277 4279
f 4278 4279 4216
f 4216 4279 4280
f 4216 4280 4217
f 3687 4273 3688
f 3688 4273 4275
f 3688 4275 4276
f 4276 4275 4281
f 4276 4281 4277
f 4282 4283 4280
f 4282 4280 4284
f 4237 4235 3616
f 3616 4235 4217
f 3616 4217 3613
f 3613 4217 4280
f 3613 4280 4285
f 4285 4280 4283
f 4286 4287 4280
f 4280 4287 4288
f 4280 4288 4284
f 4289 3550 4290
f 4290 3550 4291
f 4292 4293 3564
f 3564 4293 3552
f 4294 4295 4296
f 3594 4297 4298
f 4298 4297 4294
f 4298 4294 4299
f 4299 4294 4296
f 3922 3921 4300
f 3594 3595 4297
f 4297 3595 3596
f 4297 3596 4301
f 4301 3596 4302
f 4301 4302 4300
f 4300 4302 4303
f 4300 4303 3922
f 4304 4305 4306
f 4306 4307 4304
f 4304 4307 4308
f 4304 4308 4309
f 4310 4311 4312
f 4308 4313 4309
f 4309 4313 4314
f 4309 4314 4312
f 4312 4314 4315
f 4312 4315 4310
f 4310 4316 4311
f 4311 4316 4317
f 4311 4317 4318
f 4295 4294 4319
f 4319 4294 4320
f 4319 4320 4321
f 4321 4320 4318
f 4321 4318 4322
f 4322 4318 4317
f 3593 4323 4324
f 4324 4323 4306
f 4324 4306 4305
f 4325 4326 4324
f 4324 4326 3592
f 4324 3592 3593
f 3939 3944 4325
f 4325 3944 4327
f 4325 4327 4326
f 246 244 3567
f 3567 4328 246
f 246 4328 4329
f 246 4329 248
f 1802 240 4330
f 4330 240 249
f 4330 249 4331
f 4331 249 248
f 4331 248 4332
f 4332 248 4329
f 4333 4334 4269
f 4335 4336 4337
f 4337 4336 4338
f 4337 4338 4339
f 4339 4338 4340
f 4339 4340 4341
f 4205 4270 4207
f 4207 4270 4342
f 4269 4334 4270
f 4337 4343 4335
f 4335 4343 4344
f 4335 4344 4345
f 4345 4344 4346
f 4345 4346 4334
f 4334 4346 4347
f 4334 4347 4270
f 4270 4347 4348
f 4270 4348 4342
f 3796 3795 4269
f 4269 3795 4349
f 4269 4349 4333
f 3802 3800 4350
f 3802 4350 4193
f 4193 4350 4351
f 4193 4351 4190
f 4190 4351 4352
f 4190 4352 4188
f 2717 3535 4189
f 4188 4352 4189
f 4189 4352 2720
f 4189 2720 2717
f 2702 2725 4353
f 4183 2702 4181
f 4181 2702 4353
f 4181 4353 4182
f 4182 4353 4354
f 4182 4354 4180
f 4180 4354 4355
f 4180 4355 4179
f 4179 4355 3937
f 4179 3937 3935
f 4230 4356 4231
f 4231 4356 4357
f 4231 4357 4232
f 4232 4357 4358
f 4232 4358 4233
f 4233 4358 4359
f 4233 4359 4220
f 4220 4359 4360
f 4220 4360 4221
f 4221 4360 4361
f 4221 4361 4223
f 4223 4361 4362
f 4223 4362 4225
f 4225 4362 4363
f 4225 4363 4228
f 4228 4363 4364
f 4228 4364 4227
f 4227 4364 4365
f 4227 4365 4226
f 4226 4365 4366
f 4226 4366 4229
f 4229 4366 4367
f 4229 4367 4230
f 4230 4367 4356
f 4357 3543 4358
f 4358 3543 3544
f 4358 3544 4359
f 4359 3544 3545
f 4359 3545 4360
f 4360 3545 3546
f 4360 3546 4361
f 4361 3546 3547
f 4361 3547 4362
f 4362 3547 3548
f 4362 3548 4363
f 4363 3548 3537
f 4363 3537 4364
f 4364 3537 3538
f 4364 3538 4365
f 4365 3538 3539
f 4365 3539 4366
f 4366 3539 3540
f 4366 3540 4367
f 4367 3540 3541
f 4367 3541 4356
f 4356 3541 3542
f 4356 3542 4357
f 4357 3542 3543
f 3617 4368 3618
f 3618 4368 4369
f 3618 4369 3619
f 3619 4369 4370
f 3619 4370 3620
f 3620 4370 4371
f 3620 4371 3610
f 3610 4371 4372
f 3610 4372 3609
f 3609 4372 4373
f 3609 4373 3607
f 3607 4373 4374
f 3607 4374 3605
f 3605 4374 4375
f 3605 4375 3611
f 3611 4375 4376
f 3611 4376 3612
f 3612 4376 4377
f 3612 4377 3614
f 3614 4377 4378
f 3614 4378 3615
f 3615 4378 4379
f 3615 4379 3617
f 3617 4379 4368
f 4369 3814 4370
f 4370 3814 3815
f 4370 3815 4371
f 4371 3815 3816
f 4371 3816 4372
f 4372 3816 3817
f 4372 3817 4373
f 4373 3817 3806
f 4373 3806 4374
f 4374 3806 3807
f 4374 3807 4375
f 4375 3807 3808
f 4375 3808 4376
f 4376 3808 3809
f 4376 3809 4377
f 4377 3809 3810
f 4377 3810 4378
f 4378 3810 3811
f 4378 3811 4379
f 4379 3811 3812
f 4379 3812 4368
f 4368 3812 3813
f 4368 3813 4369
f 4369 3813 3814
f 3923 3927 4380
f 4380 3927 4381
f 4380 4381 4382
f 4382 4381 4383
f 4382 4383 4384
f 4341 4340 4385
f 4385 4340 4386
f 4385 4386 4384
f 4384 4386 4387
f 4384 4387 4382
f 4255 4260 4388
f 4389 4388 4390
f 4390 4388 4391
f 4390 4391 4392
f 4256 4255 4393
f 4393 4255 4388
f 4393 4388 4394
f 4394 4388 4389
f 3924 4395 3925
f 3925 4395 4396
f 3925 4396 4391
f 4391 4396 4397
f 4391 4397 4392
f 4260 4214 4388
f 4388 4214 4398
f 4388 4398 4391
f 4391 4398 4399
f 4391 4399 3925
f 3925 4399 3926
f 4214 4215 4400
f 4214 4400 4398
f 4398 4400 4401
f 4398 4401 4399
f 4399 4401 3928
f 4399 3928 3926
f 4402 3933 3929
f 4403 4266 4404
f 4404 4266 4267
f 4404 4267 4268
f 4405 4406 4407
f 4407 4406 4403
f 4407 4403 4408
f 4408 4403 4404
f 4215 4266 4400
f 4400 4266 4403
f 4400 4403 4401
f 4401 4403 4406
f 4401 4406 3928
f 3928 4406 3929
f 4405 4409 4406
f 4406 4409 4410
f 4406 4410 3929
f 3929 4410 4411
f 3929 4411 4402
f 4222 4224 4412
f 4222 4412 4413
f 4413 4412 4414
f 4413 4414 4415
f 4415 4414 3936
f 4415 3936 3938
f 4416 3943 3934
f 4417 4249 4418
f 4418 4249 4250
f 4418 4250 4251
f 4419 4420 4421
f 4421 4420 4417
f 4421 4417 4422
f 4422 4417 4418
f 4224 4249 4412
f 4412 4249 4417
f 4412 4417 4414
f 4414 4417 4420
f 4414 4420 3936
f 3936 4420 3934
f 4419 4423 4420
f 4420 4423 4424
f 4420 4424 3934
f 3934 4424 4425
f 3934 4425 4416
f 3752 4426 3751
f 3751 4426 4427
f 3751 4427 3784
f 4428 3717 4429
f 4429 3717 3703
f 4430 3702 4431
f 4431 3702 3700
f 4432 3698 4433
f 4433 3698 3696
f 4434 3693 4435
f 4435 3693 3729
f 4436 3745 4437
f 4437 3745 3744
f 4438 3741 4439
f 4439 3741 3735
f 4440 3746 4441
f 4441 3746 3794
f 4442 3793 4443
f 4443 3793 3792
f 4444 3790 4445
f 4445 3790 3789
f 4446 3788 4447
f 4447 3788 3782
f 4448 3787 4449
f 4449 3787 3786
f 4450 4451 4452
f 4452 4451 4453
f 4453 4454 4452
f 4452 4454 4455
f 4452 4455 4456
f 4450 4457 4451
f 4451 4457 4458
f 4451 4458 4459
f 4460 4461 4451
f 4451 4461 4462
f 4451 4462 4463
f 4463 4462 4464
f 4456 4465 4452
f 4452 4465 4466
f 4452 4466 4467
f 4467 4466 4468
f 4467 4468 4469
f 4459 4470 4451
f 4451 4470 4471
f 4451 4471 4460
f 4464 4462 4472
f 4472 4462 4473
f 4472 4473 4474
f 4474 4473 4475
f 4474 4475 4476
f 3703 3702 4429
f 4429 3702 4430
f 3700 3698 4431
f 4431 3698 4432
f 3696 3693 4433
f 4433 3693 4434
f 3729 3745 4435
f 4435 3745 4436
f 4437 3744 3742
f 4437 3742 4477
f 4477 3742 3741
f 4477 3741 4438
f 3746 4440 3747
f 3747 4440 4478
f 3747 4478 3734
f 3734 4478 4439
f 3734 4439 3735
f 3794 3793 4441
f 4441 3793 4442
f 4443 3792 3791
f 4443 3791 4479
f 4479 3791 3790
f 4479 3790 4444
f 4445 3789 4480
f 4480 3789 3788
f 4480 3788 4446
f 4447 3782 3781
f 4447 3781 4481
f 4481 3781 3787
f 4481 3787 4448
f 4426 3752 4482
f 4482 3752 3717
f 4482 3717 4428
f 3786 3784 4449
f 4449 3784 4427
f 4452 4439 4478
f 4452 4478 4450
f 4450 4478 4440
f 4450 4440 4457
f 4441 4458 4440
f 4440 4458 4457
f 4467 4438 4452
f 4452 4438 4439
f 4441 4442 4458
f 4458 4442 4459
f 4438 4467 4477
f 4477 4467 4469
f 4477 4469 4437
f 4443 4470 4442
f 4442 4470 4459
f 4468 4436 4469
f 4469 4436 4437
f 4444 4471 4479
f 4479 4471 4470
f 4479 4470 4443
f 4435 4436 4466
f 4466 4436 4468
f 4445 4460 4444
f 4444 4460 4471
f 4465 4434 4466
f 4466 4434 4435
f 4460 4445 4480
f 4460 4480 4461
f 4461 4480 4446
f 4461 4446 4462
f 4433 4434 4456
f 4456 4434 4465
f 4447 4473 4446
f 4446 4473 4462
f 4455 4432 4456
f 4456 4432 4433
f 4448 4475 4481
f 4481 4475 4473
f 4481 4473 4447
f 4431 4432 4454
f 4454 4432 4455
f 4449 4476 4448
f 4448 4476 4475
f 4453 4430 4454
f 4454 4430 4431
f 4449 4427 4476
f 4476 4427 4474
f 4429 4430 4451
f 4451 4430 4453
f 4426 4472 4427
f 4427 4472 4474
f 4463 4428 4451
f 4451 4428 4429
f 4472 4426 4482
f 4472 4482 4464
f 4464 4482 4428
f 4464 4428 4463
f 3947 3770 3737
f 3947 3737 3948
f 3770 3947 3772
f 3772 3947 3946
f 3772 3946 3774
f 3963 3765 3964
f 3964 3765 3754
f 3964 3754 3965
f 3965 3754 3753
f 3965 3753 3966
f 3966 3753 3777
f 3966 3777 3967
f 3967 3777 3776
f 3967 3776 3968
f 3968 3776 3774
f 3968 3774 3945
f 3945 3774 3946
f 3715 3716 3963
f 3963 3716 3763
f 3963 3763 3765
f 3737 3739 3948
f 3948 3739 3740
f 3948 3740 3949
f 3949 3740 3722
f 3949 3722 3950
f 3950 3722 3723
f 3950 3723 3951
f 3951 3723 3725
f 3951 3725 3952
f 3952 3725 3727
f 3952 3727 3953
f 3953 3727 3692
f 3953 3692 3954
f 3954 3692 3691
f 3954 3691 3955
f 3955 3691 3719
f 3955 3719 3956
f 3956 3719 3705
f 3956 3705 3957
f 3957 3705 3707
f 3957 3707 3958
f 3958 3707 3709
f 3958 3709 3959
f 3959 3709 3711
f 3959 3711 3960
f 3960 3711 3713
f 3960 3713 3961
f 3961 3713 3715
f 3961 3715 3962
f 3962 3715 3963
f 4003 3990 4023
f 4003 4023 4001
f 4001 4023 4025
f 4001 4025 4002
f 4002 4025 4027
f 4002 4027 4004
f 4004 4027 3991
f 4004 3991 4009
f 3993 4007 3991
f 3991 4007 4009
f 3997 3985 4483
f 3997 4483 4484
f 4484 4483 3990
f 4484 3990 4003
f 4007 3993 4035
f 4007 4035 4005
f 4005 4035 4038
f 4005 4038 4006
f 4006 4038 3975
f 4006 3975 4008
f 3996 3983 4029
f 3996 4029 4012
f 4012 4029 4031
f 4012 4031 4013
f 4013 4031 4033
f 4013 4033 4014
f 4014 4033 3985
f 4014 3985 3997
f 3979 3998 4485
f 4485 3998 4486
f 4485 4486 3975
f 3975 4486 4008
f 3995 3981 3996
f 3996 3981 3983
f 3998 3979 4016
f 3998 4016 3999
f 3999 4016 4019
f 3999 4019 4000
f 4000 4019 3981
f 4000 3981 3995
f 443 3841 3836
f 443 3836 444
f 444 3836 3834
f 444 3834 445
f 3825 403 3827
f 3827 403 404
f 3827 404 3829
f 3829 404 445
f 3829 445 3832
f 3832 445 3834
f 3841 443 4170
f 4170 443 399
f 4170 399 4175
f 4175 399 387
f 4175 387 3970
f 3970 387 385
f 4207 3911 3910
f 3901 4204 3910
f 3910 4204 4206
f 3910 4206 4207
f 4339 3909 4337
f 4337 3909 3908
f 4337 3908 4343
f 4343 3908 3906
f 4343 3906 4344
f 4344 3906 4346
f 4346 3906 3905
f 4346 3905 4347
f 4347 3905 3904
f 4347 3904 4348
f 4348 3904 3916
f 4348 3916 4342
f 3911 4207 3913
f 3913 4207 4342
f 3913 4342 3915
f 3915 4342 3916
f 3909 4339 4195
f 4195 4339 4341
f 4195 4341 4196
f 4196 4341 4385
f 4196 4385 4197
f 4197 4385 4384
f 4197 4384 4198
f 4198 4384 4383
f 4198 4383 4201
f 4201 4383 4381
f 4201 4381 4202
f 4202 4381 3927
f 4202 3927 4203
f 4203 3927 3932
f 3931 3974 3932
f 3932 3974 4199
f 3932 4199 4203
f 3973 412 4200
f 4200 412 414
f 4200 414 4194
f 4194 414 448
f 4194 448 3907
f 3907 448 447
f 388 391 3900
f 3900 3899 388
f 388 3899 3912
f 388 3912 389
f 3912 3914 389
f 389 3914 3903
f 389 3903 423
f 3903 3902 423
f 423 3902 3907
f 423 3907 447
f 3971 418 4178
f 4178 418 395
f 4178 395 4186
f 4186 395 394
f 4186 394 4167
f 4167 394 417
f 431 4150 4153
f 431 4153 468
f 468 4153 4155
f 468 4155 467
f 467 4155 4157
f 467 4157 465
f 465 4157 4487
f 465 4487 4488
f 4488 4487 4161
f 4488 4161 401
f 401 4161 4163
f 401 4163 402
f 402 4163 4165
f 402 4165 416
f 416 4165 4167
f 416 4167 417
f 4150 431 4187
f 4187 431 454
f 4187 454 4191
f 4191 454 455
f 4191 455 3972
f 3972 455 378
f 3536 2559 4192
f 4192 2559 2561
f 4192 2561 4151
f 4151 2561 2563
f 2582 4166 4164
f 2582 4164 2584
f 2584 4164 4162
f 2584 4162 2586
f 2586 4162 4160
f 2586 4160 2574
f 2574 4160 2575
f 2575 4160 4489
f 2575 4489 4490
f 4490 4489 2565
f 2565 4489 4156
f 2565 4156 2567
f 2567 4156 4154
f 2567 4154 2569
f 2569 4154 4152
f 2569 4152 2571
f 2571 4152 4151
f 2571 4151 2563
f 4166 2582 4185
f 4185 2582 2580
f 4185 2580 4184
f 4184 2580 2578
f 3969 3920 4177
f 4177 3920 3919
f 4177 3919 4176
f 4176 3919 3923
f 4176 3923 4174
f 4174 3923 4168
f 4168 3923 4380
f 4168 4380 4169
f 4169 4380 4382
f 4169 4382 4171
f 4171 4382 4387
f 4171 4387 4173
f 4173 4387 4386
f 4173 4386 4172
f 4172 4386 4340
f 4172 4340 3842
f 3842 4340 4338
f 3795 3828 3830
f 3795 3830 4349
f 4349 3830 3831
f 4349 3831 4333
f 4333 3831 3833
f 4333 3833 4334
f 3842 4338 3840
f 3840 4338 4336
f 3840 4336 3837
f 3837 4336 4335
f 3837 4335 3838
f 3838 4335 4345
f 3838 4345 3839
f 3839 4345 4334
f 3839 4334 3835
f 3835 4334 3833
f 3828 3795 3797
f 3798 3824 3797
f 3797 3824 3826
f 3797 3826 3828
f 3818 3823 4491
f 4492 4493 3821
f 3821 3820 4492
f 4492 3820 3819
f 4492 3819 4494
f 4494 3819 3818
f 4494 3818 4495
f 4495 3818 4491
f 4495 4491 4496
f 4493 4492 4497
f 4497 4492 4494
f 4497 4494 4498
f 4498 4494 4495
f 4498 4495 4499
f 4499 4495 4496
f 4499 4496 4500
f 4501 4502 4503
f 4504 1821 4501
f 4501 1821 3572
f 4501 3572 4502
f 4502 3572 1830
f 4502 1830 1829
f 1815 1813 4505
f 4505 1813 1811
f 4505 1811 4504
f 4504 1811 1820
f 4504 1820 1821
f 1804 1815 4500
f 4500 1815 4505
f 4500 4505 4499
f 4499 4505 4504
f 4499 4504 4498
f 4498 4504 4501
f 4498 4501 4497
f 4497 4501 4503
f 4497 4503 4493
f 4503 4502 4506
f 4507 4508 4509
f 4510 4511 4507
f 4511 4510 1844
f 4264 4509 4265
f 4265 4509 4508
f 4265 4508 4268
f 1844 4510 1846
f 1846 4510 4512
f 1846 4512 1847
f 4263 4513 4264
f 4264 4513 4514
f 4264 4514 4509
f 4263 4262 4513
f 4513 4262 4261
f 4513 4261 4515
f 4515 4261 3821
f 4515 3821 4493
f 4507 4509 4510
f 4510 4509 4514
f 4510 4514 4512
f 4512 4514 4513
f 4512 4513 4516
f 4516 4513 4515
f 4516 4515 4506
f 4506 4515 4493
f 4506 4493 4503
f 1847 4512 1828
f 1828 4512 4516
f 1828 4516 1833
f 1833 4516 4506
f 1833 4506 1832
f 1832 4506 4502
f 1832 4502 1829
f 4410 4409 1844
f 1844 4405 4407
f 4408 1844 4407
f 4409 4405 1844
f 4411 4410 1844
f 3933 4402 4517
f 4517 4402 4411
f 4517 4411 1844
f 4268 4508 4404
f 4404 4508 4507
f 4404 4507 4408
f 4408 4507 4511
f 4408 4511 1844
f 1690 3582 4518
f 4519 1866 1691
f 1691 1690 4519
f 4519 1690 4518
f 4519 4518 4520
f 4520 4518 4521
f 4520 4521 4219
f 4219 4521 4218
f 4522 4523 4524
f 4524 4523 1869
f 4239 4525 4526
f 4526 4525 4527
f 4526 4527 4522
f 4239 4526 4240
f 4240 4526 4528
f 4240 4528 4241
f 1869 1868 4524
f 4524 1868 1867
f 4524 1867 4529
f 4529 1867 1863
f 4529 1863 4530
f 4530 1863 1865
f 4530 1865 4531
f 4531 1865 1866
f 4531 1866 4519
f 4522 4524 4526
f 4526 4524 4529
f 4526 4529 4528
f 4528 4529 4530
f 4528 4530 4532
f 4532 4530 4531
f 4532 4531 4533
f 4533 4531 4519
f 4533 4519 4520
f 4241 4528 4242
f 4242 4528 4532
f 4242 4532 4236
f 4236 4532 4533
f 4236 4533 4234
f 4234 4533 4520
f 4234 4520 4219
f 4238 4243 4534
f 1870 4535 1871
f 1871 4535 3803
f 1871 3803 1878
f 1878 3803 1879
f 4525 4239 4238
f 1870 1869 4535
f 4535 1869 4523
f 4535 4523 4534
f 4534 4523 4522
f 4534 4522 4238
f 4238 4522 4527
f 4238 4527 4525
f 4243 3608 4534
f 4534 3608 4536
f 4534 4536 4535
f 4535 4536 4537
f 4535 4537 3803
f 3803 4537 3801
f 3608 3606 4538
f 3608 4538 4536
f 4536 4538 4539
f 4536 4539 4537
f 4537 4539 3799
f 4537 3799 3801
f 3579 3578 4540
f 4540 3578 4541
f 4540 4541 4542
f 4542 4541 4543
f 4542 4543 4544
f 4544 4543 4545
f 3581 3579 4546
f 4546 3579 4540
f 4546 4540 4547
f 4547 4540 4542
f 4547 4542 4548
f 4548 4542 4544
f 3582 3581 4518
f 4518 3581 4546
f 4518 4546 4521
f 4521 4546 4547
f 4521 4547 4218
f 4218 4547 4548
f 3690 3688 4549
f 4549 3688 4276
f 4278 4550 4276
f 4276 4550 4551
f 4276 4551 4549
f 4216 4218 4548
f 4548 4544 4216
f 4216 4544 4545
f 4216 4545 4278
f 4278 4545 4552
f 4278 4552 4550
f 4552 4545 4543
f 4553 4554 3690
f 4555 4556 4554
f 4554 4556 3690
f 4549 4551 4557
f 4558 4555 4559
f 4559 4555 4554
f 4559 4554 4557
f 4557 4554 4553
f 4557 4553 4549
f 4549 4553 3690
f 4552 4543 4550
f 3578 4558 4541
f 4541 4558 4559
f 4541 4559 4543
f 4543 4559 4557
f 4543 4557 4550
f 4550 4557 4551
f 3578 3591 4560
f 3578 4560 4558
f 4558 4560 4561
f 4558 4561 4555
f 3689 3690 4561
f 4561 3690 4556
f 4561 4556 4555
f 4562 4563 4564
f 4565 4566 4567
f 4567 4566 4271
f 4568 4569 4271
f 4271 4569 4570
f 4271 4570 4272
f 4566 4571 4271
f 4271 4571 4572
f 4271 4572 4573
f 4573 4574 4271
f 4271 4574 4575
f 4271 4575 4568
f 4564 4563 4567
f 4567 4563 4576
f 4567 4576 4565
f 1802 1804 4564
f 4564 1804 4577
f 4564 4577 4562
f 3669 3668 4578
f 4578 3668 4579
f 4578 4579 4580
f 4580 4579 4581
f 4580 4581 4281
f 4281 4581 4277
f 3668 3667 4579
f 4579 3667 4582
f 4579 4582 4581
f 4581 4582 4583
f 4581 4583 4277
f 4277 4583 4279
f 4582 3667 3684
f 3684 3863 4582
f 4582 3863 3855
f 4582 3855 3857
f 3683 3681 4584
f 4584 3681 4585
f 4584 4585 3859
f 3859 4585 3857
f 3857 4585 4582
f 4582 4585 4586
f 4582 4586 4583
f 4583 4586 4280
f 4583 4280 4279
f 4280 4586 4587
f 4586 4585 4588
f 4585 3681 3674
f 4585 3674 4588
f 4588 3674 3673
f 4588 3673 4589
f 4589 3673 3671
f 4589 3671 4590
f 4590 3671 3560
f 4590 3560 4591
f 4586 4588 4587
f 4587 4588 4589
f 4587 4589 4592
f 4592 4589 4590
f 4592 4590 4593
f 4593 4590 4591
f 4593 4591 4594
f 4280 4587 4286
f 4286 4587 4592
f 4286 4592 4287
f 4287 4592 4593
f 4287 4593 4288
f 4288 4593 4594
f 4288 4594 4284
f 3560 3562 4591
f 4591 3562 4595
f 4591 4595 4594
f 4594 4595 4596
f 4594 4596 4284
f 4284 4596 4282
f 3562 3554 4595
f 4595 3554 4597
f 4595 4597 4596
f 4596 4597 4598
f 4596 4598 4282
f 4282 4598 4283
f 3554 3551 4597
f 4597 3551 4599
f 4597 4599 4598
f 4598 4599 4600
f 4598 4600 4283
f 4283 4600 4285
f 3551 3550 4289
f 3613 4285 4601
f 4601 4285 4602
f 4603 4604 4600
f 4600 4604 4605
f 4600 4605 4285
f 4285 4605 4606
f 4285 4606 4602
f 4603 4600 4289
f 4289 4600 4599
f 4289 4599 3551
f 4580 4281 4275
f 4275 4607 4580
f 4580 4607 4608
f 4580 4608 4609
f 4609 4610 4580
f 4580 4610 4611
f 4580 4611 4612
f 4612 4613 4580
f 4580 4613 4614
f 4580 4614 4615
f 4615 4616 4580
f 4580 4616 4617
f 4580 4617 4578
f 4578 4617 4618
f 4578 4618 4619
f 3670 3669 4620
f 4620 3669 4578
f 4620 4578 4621
f 4621 4578 4619
f 3822 3670 4622
f 4622 3670 4623
f 4622 4623 4624
f 4624 4623 4625
f 1804 4624 4577
f 4577 4624 4625
f 4577 4625 4562
f 3823 3822 4491
f 4491 3822 4622
f 4491 4622 4496
f 4496 4622 4624
f 4496 4624 4500
f 4500 4624 1804
f 4626 4272 4570
f 4627 4626 4628
f 4608 4627 4629
f 4608 4629 4609
f 4609 4629 4630
f 4609 4630 4610
f 4610 4630 4631
f 4610 4631 4611
f 4611 4631 4632
f 4611 4632 4612
f 4612 4632 4633
f 4612 4633 4613
f 4613 4633 4634
f 4613 4634 4614
f 4614 4634 4635
f 4614 4635 4615
f 4615 4635 4616
f 4616 4635 4636
f 4616 4636 4617
f 4626 4570 4628
f 4628 4570 4569
f 4628 4569 4637
f 4637 4569 4568
f 4637 4568 4638
f 4638 4568 4575
f 4638 4575 4639
f 4639 4575 4574
f 4639 4574 4640
f 4640 4574 4573
f 4640 4573 4641
f 4641 4573 4572
f 4641 4572 4642
f 4642 4572 4571
f 4642 4571 4643
f 4643 4571 4566
f 4643 4566 4644
f 4566 4565 4644
f 4644 4565 4576
f 4644 4576 4645
f 4645 4576 4563
f 4645 4563 4646
f 4646 4563 4562
f 4646 4562 4625
f 4627 4628 4629
f 4629 4628 4637
f 4629 4637 4630
f 4630 4637 4638
f 4630 4638 4631
f 4631 4638 4639
f 4631 4639 4632
f 4632 4639 4640
f 4632 4640 4633
f 4633 4640 4641
f 4633 4641 4634
f 4634 4641 4642
f 4634 4642 4635
f 4635 4642 4643
f 4635 4643 4636
f 4636 4643 4644
f 4636 4644 4647
f 4647 4644 4645
f 4647 4645 4648
f 4648 4645 4646
f 4648 4646 4649
f 4649 4646 4625
f 4649 4625 4623
f 4617 4636 4618
f 4618 4636 4647
f 4618 4647 4619
f 4619 4647 4648
f 4619 4648 4621
f 4621 4648 4649
f 4621 4649 4620
f 4620 4649 4623
f 4620 4623 3670
f 4275 4274 4607
f 4607 4274 4272
f 4272 4626 4607
f 4607 4626 4627
f 4607 4627 4608
f 3944 3943 4650
f 1933 3592 4326
f 1933 4326 1872
f 1872 4326 4650
f 4650 4326 4327
f 4650 4327 3944
f 4424 4423 1872
f 1872 4419 4421
f 4422 1872 4421
f 4423 4419 1872
f 4425 4424 1872
f 3943 4416 4650
f 4650 4416 4425
f 4650 4425 1872
f 4251 4651 4418
f 4418 4651 4652
f 4418 4652 4422
f 4422 4652 4653
f 4422 4653 1872
f 4652 4651 4654
f 4655 4653 4652
f 4653 4655 1872
f 4247 4654 4248
f 4248 4654 4651
f 4248 4651 4251
f 4246 4656 4247
f 4247 4656 4657
f 4247 4657 4654
f 4246 4245 4656
f 4656 4245 4244
f 4656 4244 4658
f 4658 4244 4209
f 4658 4209 4659
f 4652 4654 4655
f 4655 4654 4657
f 4655 4657 4660
f 4660 4657 4656
f 4660 4656 4661
f 4661 4656 4658
f 4661 4658 4662
f 4662 4658 4659
f 4662 4659 4663
f 1872 4655 1875
f 1875 4655 4660
f 1875 4660 1873
f 1873 4660 4661
f 1873 4661 1874
f 1874 4661 4662
f 1874 4662 1876
f 1876 4662 4663
f 1876 4663 1877
f 4664 4665 4666
f 1864 1877 4663
f 1864 4663 1882
f 4211 4667 4210
f 4210 4667 4668
f 4210 4668 4212
f 4212 4668 4666
f 4212 4666 4213
f 4213 4666 4665
f 4213 4665 4208
f 3600 4669 4211
f 4211 4669 4670
f 4211 4670 4667
f 3600 3601 4669
f 4669 3601 3602
f 4669 3602 4671
f 4671 3602 3604
f 4671 3604 4672
f 4672 3604 3603
f 4672 3603 4673
f 4673 3603 3599
f 4673 3599 4674
f 4674 3599 3598
f 4674 3598 4675
f 4664 4666 4676
f 4676 4666 4668
f 4676 4668 4677
f 4677 4668 4667
f 4677 4667 4678
f 4678 4667 4670
f 4678 4670 4679
f 4679 4670 4669
f 4679 4669 4680
f 4680 4669 4671
f 4680 4671 4681
f 4681 4671 4672
f 4681 4672 4682
f 4682 4672 4673
f 4682 4673 4683
f 4683 4673 4674
f 4683 4674 4684
f 4684 4674 4675
f 4684 4675 4685
f 4209 4208 4659
f 4659 4208 4665
f 4659 4665 4663
f 4663 4665 4664
f 4663 4664 1882
f 1882 4664 4676
f 1882 4676 1801
f 1801 4676 4677
f 1801 4677 1799
f 1799 4677 4678
f 1799 4678 1797
f 1797 4678 4679
f 1797 4679 1816
f 1816 4679 4680
f 1816 4680 1814
f 1814 4680 4681
f 1814 4681 1812
f 1812 4681 4682
f 1812 4682 1807
f 1807 4682 4683
f 1807 4683 1835
f 1835 4683 4684
f 1835 4684 1837
f 1837 4684 4685
f 1837 4685 1838
f 4686 4687 4688
f 4675 3598 4252
f 4685 4675 4689
f 1838 4685 4690
f 1838 4690 1839
f 1839 4690 4691
f 1839 4691 1840
f 1840 4691 4692
f 1840 4692 1841
f 4675 4252 4689
f 4689 4252 4253
f 4689 4253 4693
f 4693 4253 4254
f 4693 4254 4694
f 4694 4254 4259
f 4694 4259 4695
f 4259 4258 4695
f 4695 4258 4257
f 4695 4257 4696
f 4696 4257 4256
f 4696 4256 4697
f 4685 4689 4690
f 4690 4689 4693
f 4690 4693 4691
f 4691 4693 4694
f 4691 4694 4692
f 4692 4694 4695
f 4692 4695 4698
f 4698 4695 4696
f 4698 4696 4688
f 4688 4696 4697
f 4688 4697 4686
f 1841 4692 1824
f 1824 4692 4698
f 1824 4698 1842
f 1842 4698 4688
f 1842 4688 1845
f 1845 4688 4687
f 1845 4687 1843
f 4389 4390 1843
f 1843 4390 4392
f 1843 4396 4395
f 3924 4699 4395
f 4395 4699 1843
f 4397 4396 1843
f 4392 4397 1843
f 4394 4389 1843
f 1843 4687 4394
f 4394 4687 4686
f 4394 4686 4393
f 4393 4686 4697
f 4393 4697 4256
f 1848 1843 4699
f 3596 1848 4302
f 4302 1848 4699
f 4302 4699 4303
f 4303 4699 3924
f 4303 3924 3922
f 3584 483 479
f 483 3584 485
f 3590 3588 258
f 258 3588 3586
f 258 3586 479
f 479 3586 3585
f 479 3585 3584
f 3590 258 3591
f 3591 258 256
f 271 3689 4561
f 271 4561 267
f 267 4561 4560
f 267 4560 254
f 254 4560 3591
f 254 3591 256
f 240 1802 4564
f 240 4564 241
f 241 4564 4567
f 241 4567 266
f 266 4567 4271
f 266 4271 250
f 252 3687 271
f 271 3687 3689
f 4273 251 4271
f 4271 251 250
f 251 4273 252
f 252 4273 3687
f 2724 3328 3556
f 4700 3553 4701
f 4701 3553 3552
f 4701 3552 4293
f 2725 2724 4700
f 4700 2724 3556
f 4700 3556 3553
f 4354 4353 4702
f 4355 4354 4703
f 4703 4354 4702
f 4703 4702 4704
f 4704 4702 4705
f 4704 4705 4293
f 4353 2725 4702
f 4702 2725 4700
f 4702 4700 4705
f 4705 4700 4701
f 4705 4701 4293
f 3937 4355 4706
f 4706 4355 4703
f 4706 4703 4707
f 4707 4703 4704
f 4707 4704 4293
f 4293 4292 4708
f 4293 4708 4707
f 4707 4708 4709
f 4707 4709 4706
f 4706 4709 3938
f 4706 3938 3937
f 4710 4708 4292
f 4711 4712 4713
f 4712 4222 4413
f 4712 4413 4713
f 4713 4413 4415
f 4713 4415 4714
f 4714 4415 3938
f 4714 3938 4709
f 4292 4715 4716
f 4716 4715 4711
f 4710 4292 4716
f 4711 4713 4716
f 4716 4713 4714
f 4716 4714 4710
f 4710 4714 4709
f 4710 4709 4708
f 3559 3558 4222
f 4222 4712 3559
f 3559 4712 4711
f 3559 4711 3561
f 3561 4711 4715
f 3561 4715 3563
f 3563 4715 4292
f 3563 4292 3564
f 4291 3550 3549
f 3555 3301 2729
f 4291 3549 4717
f 4717 3549 3555
f 4717 3555 4718
f 4718 3555 2729
f 4718 2729 2720
f 4719 4291 4720
f 3800 4721 4350
f 4350 4721 4722
f 4350 4722 4351
f 4352 4351 4723
f 4723 4351 4722
f 4723 4722 4724
f 4724 4722 4720
f 4724 4720 4291
f 4721 4725 4722
f 4722 4725 4726
f 4722 4726 4720
f 4720 4726 4727
f 4720 4727 4719
f 2720 4352 4718
f 4718 4352 4723
f 4718 4723 4717
f 4717 4723 4724
f 4717 4724 4291
f 4291 4719 4290
f 4290 4719 4728
f 4728 4719 4729
f 4729 4719 4727
f 4729 4727 4730
f 4730 4727 4726
f 4730 4726 4731
f 4731 4726 4725
f 4731 4725 4732
f 4725 4721 4732
f 4732 4721 3800
f 4732 3800 3799
f 4733 4538 3606
f 4734 4539 4538
f 3799 4539 4732
f 4732 4539 4734
f 4732 4734 4731
f 4731 4734 4730
f 4538 4733 4734
f 4734 4733 4735
f 4734 4735 4730
f 4290 4728 4735
f 4735 4728 4729
f 4735 4729 4730
f 3606 4736 4733
f 4733 4736 4737
f 4733 4737 4735
f 4735 4737 4290
f 4736 4738 4737
f 4737 4738 4290
f 4289 4290 4603
f 4603 4290 4738
f 4736 4605 4738
f 4738 4605 4604
f 4738 4604 4603
f 3613 4601 3606
f 3606 4601 4602
f 3606 4602 4736
f 4736 4602 4606
f 4736 4606 4605
f 4323 3593 4739
f 4740 3594 4741
f 4741 3594 4298
f 4741 4298 4299
f 4299 4296 4741
f 4741 4296 4295
f 4741 4295 4740
f 4740 4295 4319
f 4740 4319 4321
f 4323 4739 4306
f 4306 4739 4742
f 4306 4742 4307
f 4307 4742 4743
f 4307 4743 4308
f 4308 4743 4744
f 4308 4744 4313
f 4313 4744 4745
f 4313 4745 4314
f 4314 4745 4746
f 4314 4746 4315
f 4315 4746 4747
f 4315 4747 4310
f 4310 4747 4748
f 4310 4748 4316
f 4316 4748 4749
f 4316 4749 4317
f 4317 4749 4750
f 4317 4750 4322
f 4322 4750 4751
f 4322 4751 4321
f 4321 4751 4752
f 4321 4752 4740
f 4753 4754 4755
f 4756 4757 4758
f 4758 4759 4753
f 4753 4759 4760
f 4753 4760 4761
f 4753 4755 4758
f 4758 4755 4762
f 4758 4762 4756
f 4757 4763 4758
f 4758 4763 4764
f 4758 4764 4765
f 4766 4767 4758
f 4758 4767 4768
f 4758 4768 4759
f 4766 4758 4769
f 4769 4758 4770
f 4769 4770 4771
f 4772 4771 4773
f 4774 4775 4776
f 4777 4778 4779
f 4780 4781 4782
f 4782 4781 4783
f 4783 4781 4784
f 4784 4781 4785
f 4784 4785 4786
f 4786 4785 4787
f 4786 4787 4788
f 4772 4773 4789
f 4776 4790 4774
f 4774 4790 4791
f 4774 4791 4787
f 4779 4792 4777
f 4777 4792 4788
f 4777 4788 4793
f 4793 4788 4787
f 4793 4787 4794
f 4794 4787 4791
f 4781 4795 4785
f 4785 4795 4796
f 4785 4796 4773
f 4773 4796 4797
f 4773 4797 4789
f 4798 4799 4800
f 4800 4801 4798
f 4798 4801 4802
f 4798 4802 4803
f 4804 4805 4806
f 4807 4802 4808
f 4808 4802 4804
f 4808 4804 4809
f 4809 4804 4806
f 4809 4806 4810
f 4807 4811 4802
f 4802 4811 4812
f 4802 4812 4803
f 4803 4812 4813
f 4803 4813 4775
f 4814 4799 4815
f 4816 4817 4818
f 4819 4820 4818
f 4821 4822 4815
f 4815 4822 4823
f 4815 4823 4814
f 4820 4824 4818
f 4818 4824 4825
f 4818 4825 4816
f 4826 4827 4828
f 4828 4827 4829
f 4828 4829 4830
f 4829 4831 4830
f 4830 4831 4832
f 4830 4832 4833
f 4834 4835 4836
f 4836 4835 4837
f 4836 4837 4833
f 4821 4830 4822
f 4822 4830 4833
f 4822 4833 4818
f 4818 4833 4837
f 4818 4837 4819
f 4838 4826 4839
f 4840 4841 4842
f 4843 4840 4844
f 4844 4840 4842
f 4844 4842 4845
f 4846 4847 4839
f 4839 4847 4848
f 4839 4848 4838
f 4846 4849 4850
f 4842 4851 4845
f 4845 4851 4852
f 4845 4852 4853
f 4853 4852 4847
f 4853 4847 4854
f 4854 4847 4846
f 4854 4846 4855
f 4855 4846 4850
f 4856 4857 4858
f 4859 4860 4861
f 4862 4863 4864
f 4864 4863 4865
f 4866 4862 4867
f 4867 4862 4864
f 4867 4864 4868
f 4868 4864 4861
f 4868 4861 4869
f 4869 4861 4860
f 4870 4871 4872
f 4872 4871 4873
f 4872 4873 4874
f 4859 4861 4875
f 4875 4861 4872
f 4875 4872 4858
f 4858 4872 4874
f 4858 4874 4856
f 4865 4876 4864
f 4864 4876 4877
f 4864 4877 4878
f 4878 4877 4879
f 4878 4879 4849
f 4870 4872 4880
f 4880 4872 4881
f 4880 4881 4882
f 4883 4884 4885
f 4885 4884 4886
f 4885 4886 4887
f 4887 4886 4888
f 4887 4888 4889
f 4890 4891 4889
f 4889 4891 4882
f 4889 4882 4887
f 4892 4893 4889
f 4889 4893 4894
f 4889 4894 4890
f 4895 4896 4892
f 4892 4896 4897
f 4892 4897 4893
f 4895 4898 4896
f 4896 4898 4899
f 4896 4899 4900
f 4901 4902 4903
f 4904 4905 4902
f 4902 4905 4906
f 4902 4906 4903
f 4907 4908 4904
f 4904 4908 4909
f 4904 4909 4905
f 4910 4911 4907
f 4907 4911 4912
f 4907 4912 4908
f 4913 4914 4910
f 4910 4914 4915
f 4910 4915 4911
f 4916 4917 4913
f 4913 4917 4918
f 4913 4918 4914
f 4919 4920 4916
f 4916 4920 4921
f 4916 4921 4917
f 4922 4923 4919
f 4919 4923 4924
f 4919 4924 4920
f 4925 4926 4922
f 4922 4926 4927
f 4922 4927 4923
f 4928 4929 4925
f 4925 4929 4930
f 4925 4930 4926
f 4931 4932 4928
f 4928 4932 4933
f 4928 4933 4929
f 4934 4935 4931
f 4931 4935 4936
f 4931 4936 4932
f 4937 4938 4934
f 4934 4938 4939
f 4934 4939 4935
f 4940 4941 4942
f 4942 4941 4943
f 4942 4943 4944
f 4944 4943 4945
f 4944 4945 4937
f 4937 4945 4946
f 4937 4946 4938
f 4947 4948 4940
f 4940 4948 4949
f 4940 4949 4941
f 4950 4951 4947
f 4947 4951 4952
f 4947 4952 4948
f 4953 4954 4950
f 4950 4954 4955
f 4950 4955 4951
f 4956 4957 4953
f 4953 4957 4958
f 4953 4958 4954
f 4959 4960 4956
f 4956 4960 4961
f 4956 4961 4957
f 4962 4963 4959
f 4959 4963 4964
f 4959 4964 4960
f 4965 4966 4962
f 4962 4966 4967
f 4962 4967 4963
f 4968 4969 4965
f 4965 4969 4970
f 4965 4970 4966
f 4971 4972 4968
f 4968 4972 4973
f 4968 4973 4969
f 4974 4975 4971
f 4971 4975 4976
f 4971 4976 4972
f 4977 4978 4974
f 4974 4978 4979
f 4974 4979 4975
f 4903 4980 4901
f 4901 4980 4981
f 4901 4981 4977
f 4977 4981 4982
f 4977 4982 4978
f 2405 2404 2403
f 1428 2405 4983
f 4983 2405 2403
f 4983 2403 4984
f 4984 2403 2406
f 4984 2406 4985
f 4985 2406 2407
f 4985 2407 1404
f 1404 2407 2408
f 4986 4937 4987
f 4987 4937 4934
f 4987 4934 4988
f 4988 4934 4931
f 4988 4931 4989
f 4989 4931 4928
f 4989 4928 4990
f 4990 4928 4925
f 4990 4925 4991
f 4991 4925 4922
f 4991 4922 4992
f 4992 4922 4919
f 4992 4919 4993
f 4993 4919 4916
f 4993 4916 4994
f 4994 4916 4913
f 4994 4913 4995
f 4995 4913 4910
f 4995 4910 4996
f 4996 4910 4907
f 4996 4907 4997
f 4997 4907 4998
f 4998 4907 4904
f 4998 4904 4999
f 4999 4904 4902
f 4999 4902 5000
f 5000 4902 4901
f 5000 4901 5001
f 5001 4901 4977
f 5001 4977 5002
f 5002 4977 4974
f 5002 4974 5003
f 5003 4974 4971
f 5003 4971 5004
f 5004 4971 4968
f 5004 4968 5005
f 5005 4968 4965
f 5005 4965 5006
f 5006 4965 4962
f 5006 4962 5007
f 5007 4962 4959
f 5007 4959 5008
f 5008 4959 4956
f 5008 4956 5009
f 5009 4956 4953
f 5009 4953 5010
f 5010 4953 4950
f 5010 4950 5011
f 5011 4950 4947
f 5011 4947 5012
f 5012 4947 4940
f 5012 4940 5013
f 5013 4940 4942
f 5013 4942 4986
f 4986 4942 4944
f 4986 4944 4937
f 1188 5014 1210
f 1210 5014 5015
f 1210 5015 1208
f 1208 5015 5016
f 1208 5016 1206
f 1206 5016 5017
f 1206 5017 1204
f 1204 5017 5018
f 1204 5018 1202
f 1202 5018 5019
f 1202 5019 1200
f 1200 5019 5020
f 1200 5020 1198
f 1198 5020 5021
f 1198 5021 1196
f 1196 5021 5022
f 1196 5022 1194
f 1194 5022 5023
f 1194 5023 1192
f 1192 5023 5024
f 1192 5024 1190
f 1190 5024 5025
f 1190 5025 1188
f 1188 5025 5014
f 5026 5015 5014
f 5026 5027 5015
f 5015 5027 5028
f 5015 5028 5016
f 5016 5028 5029
f 5016 5029 5017
f 5017 5029 5030
f 5017 5030 5018
f 5018 5030 5031
f 5018 5031 5019
f 5019 5031 5032
f 5019 5032 5020
f 5020 5032 5033
f 5020 5033 5021
f 5021 5033 5034
f 5021 5034 5022
f 5022 5034 5035
f 5022 5035 5023
f 5023 5035 5036
f 5023 5036 5024
f 5024 5036 5037
f 5024 5037 5025
f 5025 5037 5038
f 5025 5038 5014
f 5014 5038 5039
f 5014 5039 5026
f 1226 5040 1224
f 1224 5040 5041
f 1224 5041 1222
f 1222 5041 5042
f 1222 5042 1220
f 1220 5042 5043
f 1220 5043 1218
f 1218 5043 5044
f 1218 5044 1216
f 1216 5044 5045
f 1216 5045 1214
f 1214 5045 5046
f 1214 5046 1212
f 1212 5046 5047
f 1212 5047 1234
f 1234 5047 5048
f 1234 5048 1232
f 1232 5048 5049
f 1232 5049 1230
f 1230 5049 5050
f 1230 5050 1228
f 1228 5050 5051
f 1228 5051 1226
f 1226 5051 5040
f 5052 5043 5042
f 5052 5053 5043
f 5043 5053 5054
f 5043 5054 5044
f 5044 5054 5055
f 5044 5055 5045
f 5045 5055 5056
f 5045 5056 5046
f 5046 5056 5057
f 5046 5057 5047
f 5047 5057 5058
f 5047 5058 5048
f 5048 5058 5059
f 5048 5059 5049
f 5049 5059 5060
f 5049 5060 5050
f 5050 5060 5061
f 5050 5061 5051
f 5051 5061 5062
f 5051 5062 5040
f 5040 5062 5063
f 5040 5063 5041
f 5041 5063 5064
f 5041 5064 5042
f 5042 5064 5065
f 5042 5065 5052
f 1258 5066 1256
f 1256 5066 5067
f 1256 5067 1254
f 1254 5067 5068
f 1254 5068 1252
f 1252 5068 5069
f 1252 5069 1250
f 1250 5069 5070
f 1250 5070 1248
f 1248 5070 5071
f 1248 5071 1246
f 1246 5071 5072
f 1246 5072 1244
f 1244 5072 5073
f 1244 5073 1242
f 1242 5073 5074
f 1242 5074 1240
f 1240 5074 5075
f 1240 5075 1238
f 1238 5075 5076
f 1238 5076 1236
f 1236 5076 5077
f 1236 5077 1258
f 1258 5077 5066
f 5078 5069 5068
f 5078 5079 5069
f 5069 5079 5080
f 5069 5080 5070
f 5070 5080 5081
f 5070 5081 5071
f 5071 5081 5082
f 5071 5082 5072
f 5072 5082 5083
f 5072 5083 5073
f 5073 5083 5084
f 5073 5084 5074
f 5074 5084 5085
f 5074 5085 5075
f 5075 5085 5086
f 5075 5086 5076
f 5076 5086 5087
f 5076 5087 5077
f 5077 5087 5088
f 5077 5088 5066
f 5066 5088 5089
f 5066 5089 5067
f 5067 5089 5090
f 5067 5090 5068
f 5068 5090 5091
f 5068 5091 5078
f 1272 5092 1270
f 1270 5092 5093
f 1270 5093 1268
f 1268 5093 5094
f 1268 5094 1266
f 1266 5094 5095
f 1266 5095 1264
f 1264 5095 5096
f 1264 5096 1262
f 1262 5096 5097
f 1262 5097 1260
f 1260 5097 5098
f 1260 5098 1282
f 1282 5098 5099
f 1282 5099 1280
f 1280 5099 5100
f 1280 5100 1278
f 1278 5100 5101
f 1278 5101 1276
f 1276 5101 5102
f 1276 5102 1274
f 1274 5102 5103
f 1274 5103 1272
f 1272 5103 5092
f 5096 5095 1070
f 5094 5104 5095
f 5095 5104 5105
f 5095 5105 1070
f 1070 1069 5096
f 5096 1069 5106
f 5096 5106 5097
f 5097 5106 5107
f 5097 5107 5098
f 5098 5107 5108
f 5098 5108 5099
f 5099 5108 5109
f 5099 5109 5100
f 5100 5109 5110
f 5100 5110 5101
f 5101 5110 5111
f 5101 5111 5102
f 5102 5111 5112
f 5102 5112 5103
f 5103 5112 5113
f 5103 5113 5092
f 5092 5113 5114
f 5092 5114 5093
f 5093 5114 5115
f 5093 5115 5094
f 5094 5115 5116
f 5094 5116 5104
f 1293 5117 1295
f 1295 5117 5118
f 1295 5118 1297
f 1297 5118 5119
f 1297 5119 1299
f 1299 5119 5120
f 1299 5120 1301
f 1301 5120 5121
f 1301 5121 1303
f 1303 5121 5122
f 1303 5122 1305
f 1305 5122 5123
f 1305 5123 1307
f 1307 5123 5124
f 1307 5124 1285
f 1285 5124 5125
f 1285 5125 1287
f 1287 5125 5126
f 1287 5126 1289
f 1289 5126 5127
f 1289 5127 1291
f 1291 5127 5128
f 1291 5128 1293
f 1293 5128 5117
f 5129 5120 5119
f 5129 5130 5120
f 5120 5130 5131
f 5120 5131 5121
f 5121 5131 5132
f 5121 5132 5122
f 5122 5132 5133
f 5122 5133 5123
f 5123 5133 5134
f 5123 5134 5124
f 5124 5134 5135
f 5124 5135 5125
f 5125 5135 5136
f 5125 5136 5126
f 5126 5136 5137
f 5126 5137 5127
f 5127 5137 5138
f 5127 5138 5128
f 5128 5138 5139
f 5128 5139 5117
f 5117 5139 5140
f 5117 5140 5118
f 5118 5140 5141
f 5118 5141 5119
f 5119 5141 5142
f 5119 5142 5129
f 1330 5143 1328
f 1328 5143 5144
f 1328 5144 1326
f 1326 5144 5145
f 1326 5145 1324
f 1324 5145 5146
f 1324 5146 1322
f 1322 5146 5147
f 1322 5147 1320
f 1320 5147 5148
f 1320 5148 1318
f 1318 5148 5149
f 1318 5149 1316
f 1316 5149 5150
f 1316 5150 1314
f 1314 5150 5151
f 1314 5151 1312
f 1312 5151 5152
f 1312 5152 1310
f 1310 5152 5153
f 1310 5153 1308
f 1308 5153 5154
f 1308 5154 1330
f 1330 5154 5143
f 5155 5144 5143
f 5155 5156 5144
f 5144 5156 5157
f 5144 5157 5145
f 5145 5157 5158
f 5145 5158 5146
f 5146 5158 5159
f 5146 5159 5147
f 5147 5159 5160
f 5147 5160 5148
f 5148 5160 5161
f 5148 5161 5149
f 5149 5161 5162
f 5149 5162 5150
f 5150 5162 5163
f 5150 5163 5151
f 5151 5163 5164
f 5151 5164 5152
f 5152 5164 5165
f 5152 5165 5153
f 5153 5165 5166
f 5153 5166 5154
f 5154 5166 5167
f 5154 5167 5143
f 5143 5167 5168
f 5143 5168 5155
f 1340 5169 1338
f 1338 5169 5170
f 1338 5170 1336
f 1336 5170 5171
f 1336 5171 1334
f 1334 5171 5172
f 1334 5172 1332
f 1332 5172 5173
f 1332 5173 1354
f 1354 5173 5174
f 1354 5174 1352
f 1352 5174 5175
f 1352 5175 1350
f 1350 5175 5176
f 1350 5176 1348
f 1348 5176 5177
f 1348 5177 1346
f 1346 5177 5178
f 1346 5178 1344
f 1344 5178 5179
f 1344 5179 1342
f 1342 5179 5180
f 1342 5180 1340
f 1340 5180 5169
f 5181 5170 5169
f 5181 5182 5170
f 5170 5182 5183
f 5170 5183 5171
f 5171 5183 5184
f 5171 5184 5172
f 5172 5184 5185
f 5172 5185 5173
f 5173 5185 5186
f 5173 5186 5174
f 5174 5186 5187
f 5174 5187 5175
f 5175 5187 5188
f 5175 5188 5176
f 5176 5188 5189
f 5176 5189 5177
f 5177 5189 5190
f 5177 5190 5178
f 5178 5190 5191
f 5178 5191 5179
f 5179 5191 5192
f 5179 5192 5180
f 5180 5192 5193
f 5180 5193 5169
f 5169 5193 5194
f 5169 5194 5181
f 1356 5195 1378
f 1378 5195 5196
f 1378 5196 1376
f 1376 5196 5197
f 1376 5197 1374
f 1374 5197 5198
f 1374 5198 1372
f 1372 5198 5199
f 1372 5199 1370
f 1370 5199 5200
f 1370 5200 1368
f 1368 5200 5201
f 1368 5201 1366
f 1366 5201 5202
f 1366 5202 1364
f 1364 5202 5203
f 1364 5203 1362
f 1362 5203 5204
f 1362 5204 1360
f 1360 5204 5205
f 1360 5205 1358
f 1358 5205 5206
f 1358 5206 1356
f 1356 5206 5195
f 5207 5196 5195
f 5207 5208 5196
f 5196 5208 5209
f 5196 5209 5197
f 5197 5209 5210
f 5197 5210 5198
f 5198 5210 5211
f 5198 5211 5199
f 5199 5211 5212
f 5199 5212 5200
f 5200 5212 5213
f 5200 5213 5201
f 5201 5213 5214
f 5201 5214 5202
f 5202 5214 5215
f 5202 5215 5203
f 5203 5215 5216
f 5203 5216 5204
f 5204 5216 5217
f 5204 5217 5205
f 5205 5217 5218
f 5205 5218 5206
f 5206 5218 5219
f 5206 5219 5195
f 5195 5219 5220
f 5195 5220 5207
f 5221 1083 5222
f 5222 1083 1100
f 5222 1100 5223
f 5223 1100 1099
f 5223 1099 5224
f 2553 5225 1096
f 1096 5225 5224
f 1096 5224 1097
f 1097 5224 1099
f 5226 1131 5227
f 5227 1131 1130
f 5227 1130 5228
f 5228 1130 5229
f 5229 1130 1129
f 5229 1129 5230
f 5230 1129 5231
f 5231 1129 1088
f 5231 1088 5232
f 5232 1088 5233
f 5233 1088 1079
f 5233 1079 5234
f 5234 1079 5235
f 5235 1079 1078
f 5235 1078 5236
f 5236 1078 5237
f 5237 1078 1128
f 5237 1128 5238
f 5238 1128 5239
f 5239 1128 1083
f 5239 1083 5221
f 2542 1108 5240
f 5240 1108 1110
f 5240 1110 5241
f 5241 1110 1114
f 5241 1114 5242
f 5242 1114 1113
f 5242 1113 5226
f 5226 1113 1131
f 5243 1174 5244
f 5244 1174 1173
f 5244 1173 5245
f 5245 1173 1157
f 5245 1157 5246
f 5246 1157 1168
f 5246 1168 2548
f 2548 1168 1170
f 5247 1143 5248
f 5248 1143 1134
f 5248 1134 5249
f 5249 1134 5250
f 5250 1134 1137
f 5250 1137 5251
f 5251 1137 5252
f 5252 1137 1136
f 5252 1136 5253
f 5253 1136 5254
f 5254 1136 1148
f 5254 1148 5255
f 5255 1148 5256
f 5256 1148 1147
f 5256 1147 5257
f 5257 1147 5258
f 5258 1147 1175
f 5258 1175 5259
f 5259 1175 5260
f 5260 1175 1174
f 5260 1174 5243
f 1143 5247 1142
f 1142 5247 5261
f 1142 5261 1140
f 1140 5261 5262
f 1140 5262 1138
f 1138 5262 5263
f 1138 5263 1139
f 1139 5263 5264
f 1139 5264 2552
f 2552 5264 2551
f 2551 5264 5265
f 2551 5265 5266
f 5267 1146 5268
f 5268 1146 1154
f 5268 1154 5269
f 5269 1154 1153
f 5269 1153 5270
f 2551 5266 1150
f 1150 5266 5270
f 1150 5270 1151
f 1151 5270 1153
f 5271 1187 5272
f 5272 1187 1186
f 5272 1186 5273
f 5273 1186 5274
f 5274 1186 1185
f 5274 1185 5275
f 5275 1185 5276
f 5276 1185 1167
f 5276 1167 5277
f 5277 1167 5278
f 5278 1167 1165
f 5278 1165 5279
f 5279 1165 5280
f 5280 1165 1164
f 5280 1164 5281
f 5281 1164 5282
f 5282 1164 1163
f 5282 1163 5283
f 5283 1163 5284
f 5284 1163 1146
f 5284 1146 5267
f 2524 1178 5285
f 5285 1178 1180
f 5285 1180 5286
f 5286 1180 1184
f 5286 1184 5287
f 5287 1184 1183
f 5287 1183 5271
f 5271 1183 1187
f 5288 1526 5289
f 5289 1526 1525
f 5289 1525 5290
f 5290 1525 1471
f 5290 1471 5291
f 5291 1471 1506
f 5291 1506 2530
f 2530 1506 1508
f 5292 1423 5293
f 5293 1423 1412
f 5293 1412 5294
f 5294 1412 5295
f 5295 1412 1411
f 5295 1411 5296
f 5296 1411 5297
f 5297 1411 1454
f 5297 1454 5298
f 5298 1454 5299
f 5299 1454 1456
f 5299 1456 5300
f 5300 1456 5301
f 5301 1456 1515
f 5301 1515 5302
f 5302 1515 5303
f 5303 1515 1527
f 5303 1527 5304
f 5304 1527 5305
f 5305 1527 1526
f 5305 1526 5288
f 1423 5292 1422
f 1422 5292 5306
f 1422 5306 1420
f 1420 5306 5307
f 1420 5307 1418
f 1418 5307 5308
f 1418 5308 1419
f 1419 5308 5309
f 1419 5309 2558
f 2558 5309 2557
f 2557 5309 5310
f 2557 5310 5311
f 5312 1468 5313
f 5313 1468 1467
f 5313 1467 5314
f 5314 1467 1465
f 5314 1465 5315
f 2557 5311 1462
f 1462 5311 5315
f 1462 5315 1463
f 1463 5315 1465
f 5316 1495 5317
f 5317 1495 1497
f 5317 1497 5318
f 5318 1497 5319
f 5319 1497 1499
f 5319 1499 5320
f 5320 1499 5321
f 5321 1499 1461
f 5321 1461 5322
f 5322 1461 5323
f 5323 1461 1460
f 5323 1460 5324
f 5324 1460 1459
f 5324 1459 5325
f 5325 1459 5326
f 5326 1459 1438
f 5326 1438 5327
f 5327 1438 5328
f 5328 1438 1468
f 5328 1468 5312
f 5329 1403 5330
f 5330 1403 1417
f 5330 1417 5331
f 5331 1417 1493
f 5331 1493 5332
f 5332 1493 1494
f 5332 1494 5316
f 5316 1494 1495
f 5333 1426 5334
f 5334 1426 1428
f 5334 1428 5335
f 5335 1428 4983
f 5335 4983 5336
f 5336 4983 4984
f 5336 4984 5337
f 1403 5329 1404
f 1404 5329 5338
f 1404 5338 4985
f 4985 5338 5339
f 4985 5339 4984
f 4984 5339 5340
f 4984 5340 5337
f 5341 1482 5342
f 5342 1482 1480
f 5342 1480 5343
f 5343 1480 1479
f 5343 1479 5344
f 5344 1479 1424
f 5344 1424 5333
f 5333 1424 1426
f 5345 1445 5346
f 5346 1445 1434
f 5346 1434 5347
f 5347 1434 5348
f 5348 1434 1432
f 5348 1432 5349
f 5349 1432 5350
f 5350 1432 1431
f 5350 1431 5351
f 5351 1431 5352
f 5352 1431 1487
f 5352 1487 5353
f 5353 1487 5354
f 5354 1487 1486
f 5354 1486 5355
f 5355 1486 5356
f 5356 1486 1484
f 5356 1484 5357
f 5357 1484 5358
f 5358 1484 1482
f 5358 1482 5341
f 1445 5345 1444
f 1444 5345 5359
f 1444 5359 1442
f 1442 5359 5360
f 1442 5360 1440
f 1440 5360 5361
f 1440 5361 1441
f 1441 5361 5362
f 1441 5362 2556
f 5363 2555 5364
f 5364 2555 2556
f 5364 2556 5362
f 5365 1453 5366
f 5366 1453 1492
f 5366 1492 5367
f 5367 1492 1491
f 5367 1491 5368
f 2555 5363 1488
f 1488 5363 5368
f 1488 5368 1489
f 1489 5368 1491
f 5369 1543 5370
f 5370 1543 1542
f 5370 1542 5371
f 5371 1542 5372
f 5372 1542 1541
f 5372 1541 5373
f 5373 1541 5374
f 5374 1541 1523
f 5374 1523 5375
f 5375 1523 5376
f 5376 1523 1521
f 5376 1521 5377
f 5377 1521 5378
f 5378 1521 1505
f 5378 1505 5379
f 5379 1505 5380
f 5380 1505 1504
f 5380 1504 5381
f 5381 1504 5382
f 5382 1504 1453
f 5382 1453 5365
f 2534 1534 5383
f 5383 1534 1536
f 5383 1536 5384
f 5384 1536 1540
f 5384 1540 5385
f 5385 1540 1539
f 5385 1539 5369
f 5369 1539 1543
f 5386 1115 5387
f 5387 1115 1117
f 5387 1117 5388
f 5388 1117 1118
f 5388 1118 5389
f 5389 1118 1120
f 5389 1120 2539
f 2539 1120 1122
f 5390 1095 5391
f 5391 1095 1085
f 5391 1085 5392
f 5392 1085 5393
f 5393 1085 1084
f 5393 1084 5394
f 5394 1084 5395
f 5395 1084 1075
f 5395 1075 5396
f 5396 1075 5397
f 5397 1075 1101
f 5397 1101 5398
f 5398 1101 5399
f 5399 1101 1103
f 5399 1103 5400
f 5400 1103 5401
f 5401 1103 1105
f 5401 1105 5402
f 5402 1105 5403
f 5403 1105 1115
f 5403 1115 5386
f 1095 5390 1094
f 1094 5390 5404
f 1094 5404 1092
f 1092 5404 5405
f 1092 5405 1090
f 1090 5405 5406
f 1090 5406 1091
f 1091 5406 5407
f 1091 5407 2554
f 2554 5407 2553
f 2553 5407 5408
f 2553 5408 5225
f 5409 5410 5411
f 5412 4883 5413
f 5414 5415 5416
f 5417 5418 5419
f 5419 5418 5420
f 5419 5420 5411
f 4765 5421 5420
f 5420 5421 5422
f 5423 5424 5425
f 5425 5424 5418
f 5425 5418 5426
f 5426 5418 5417
f 5422 5427 5420
f 5420 5427 5428
f 5420 5428 5411
f 5411 5428 5429
f 5411 5429 5409
f 5430 5424 5416
f 5416 5424 5423
f 5416 5423 5414
f 5430 5431 5424
f 5424 5431 5432
f 5424 5432 5413
f 5413 5432 5433
f 5413 5433 5412
f 4834 5434 5435
f 4834 5436 5437
f 5438 5436 4834
f 5435 5438 4834
f 5434 5439 5435
f 5435 5439 5440
f 5435 5440 5438
f 5438 5440 5441
f 5438 5441 5436
f 5436 5441 5442
f 5436 5442 5437
f 5437 5442 5443
f 5439 5341 5440
f 5440 5341 5342
f 5440 5342 5441
f 5441 5342 5343
f 5441 5343 5442
f 5442 5343 5344
f 5442 5344 5443
f 5443 5344 5333
f 5443 5333 5444
f 5444 5333 5334
f 5444 5334 5445
f 5445 5334 5335
f 5445 5335 5446
f 5446 5335 5336
f 5446 5336 5447
f 5447 5336 5337
f 5447 5337 5448
f 5448 5337 5340
f 5448 5340 5449
f 5449 5340 5339
f 5449 5339 5450
f 5450 5339 5338
f 5450 5338 5451
f 5451 5338 5329
f 5437 5443 5452
f 5452 5443 5444
f 5452 5444 5453
f 5453 5444 5445
f 5453 5445 5454
f 5454 5445 5446
f 5454 5446 5455
f 5455 5446 5447
f 5455 5447 5456
f 5456 5447 5448
f 5456 5448 5457
f 5457 5448 5449
f 5457 5449 5458
f 5458 5449 5450
f 5458 5450 5459
f 5459 5450 5451
f 4834 5437 4835
f 4835 5437 5452
f 4835 5452 4837
f 4837 5452 5453
f 4837 5453 4819
f 4819 5453 5454
f 4819 5454 4820
f 4820 5454 5455
f 4820 5455 4824
f 4824 5455 5456
f 4824 5456 4825
f 4825 5456 5457
f 4825 5457 4816
f 4816 5457 5458
f 4816 5458 4817
f 4817 5458 5459
f 5434 4834 5460
f 5460 4834 4836
f 5460 4836 5461
f 5461 4836 4833
f 5461 4833 5462
f 5462 4833 4832
f 5462 4832 5463
f 5463 4832 4831
f 5463 4831 5464
f 5464 4831 4829
f 5464 4829 5465
f 5465 4829 4827
f 5465 4827 5466
f 5466 4827 4826
f 5466 4826 5467
f 5467 4826 4838
f 5467 4838 5468
f 5468 4838 4848
f 5468 4848 5469
f 5469 4848 4847
f 5469 4847 5470
f 5470 4847 4852
f 5470 4852 5471
f 5471 4852 4851
f 5471 4851 5472
f 5472 4851 4842
f 5472 4842 5473
f 5473 4842 4841
f 5439 5434 5474
f 5474 5434 5460
f 5474 5460 5475
f 5475 5460 5461
f 5475 5461 5476
f 5476 5461 5462
f 5476 5462 5477
f 5477 5462 5463
f 5477 5463 5478
f 5478 5463 5464
f 5478 5464 5479
f 5479 5464 5465
f 5479 5465 5480
f 5480 5465 5466
f 5480 5466 5481
f 5481 5466 5467
f 5481 5467 5482
f 5482 5467 5468
f 5482 5468 5483
f 5483 5468 5469
f 5483 5469 5484
f 5484 5469 5470
f 5484 5470 5485
f 5485 5470 5471
f 5485 5471 5486
f 5486 5471 5472
f 5486 5472 5487
f 5487 5472 5473
f 5341 5439 5358
f 5358 5439 5474
f 5358 5474 5357
f 5357 5474 5475
f 5357 5475 5356
f 5356 5475 5476
f 5356 5476 5355
f 5355 5476 5477
f 5355 5477 5354
f 5354 5477 5478
f 5354 5478 5353
f 5353 5478 5479
f 5353 5479 5352
f 5352 5479 5480
f 5352 5480 5351
f 5351 5480 5481
f 5351 5481 5350
f 5350 5481 5482
f 5350 5482 5349
f 5349 5482 5483
f 5349 5483 5348
f 5348 5483 5484
f 5348 5484 5347
f 5347 5484 5485
f 5347 5485 5346
f 5346 5485 5486
f 5346 5486 5345
f 5345 5486 5487
f 5488 5489 5490
f 5491 5492 5493
f 4817 5459 5494
f 4817 5495 5493
f 5492 5496 5493
f 5493 5496 4817
f 5494 5495 4817
f 5459 5451 5494
f 5494 5451 5497
f 5494 5497 5495
f 5495 5497 5498
f 5495 5498 5493
f 5493 5498 5490
f 5493 5490 5491
f 5491 5490 5489
f 5451 5329 5497
f 5497 5329 5330
f 5497 5330 5498
f 5498 5330 5331
f 5498 5331 5490
f 5490 5331 5332
f 5490 5332 5488
f 5488 5332 5316
f 4841 5499 5500
f 4841 5501 5473
f 5502 5501 4841
f 5500 5502 4841
f 5499 5503 5500
f 5500 5503 5504
f 5500 5504 5502
f 5502 5504 5505
f 5502 5505 5501
f 5501 5505 5506
f 5501 5506 5473
f 5473 5506 5487
f 5503 5362 5504
f 5504 5362 5361
f 5504 5361 5505
f 5505 5361 5360
f 5505 5360 5506
f 5506 5360 5359
f 5506 5359 5487
f 5487 5359 5345
f 5328 5312 5507
f 5316 5317 5508
f 5508 5317 5318
f 5508 5318 5509
f 5509 5318 5319
f 5509 5319 5510
f 5510 5319 5320
f 5510 5320 5511
f 5320 5321 5511
f 5511 5321 5322
f 5511 5322 5512
f 5512 5322 5323
f 5512 5323 5513
f 5513 5323 5324
f 5513 5324 5514
f 5514 5324 5325
f 5514 5325 5515
f 5515 5325 5326
f 5515 5326 5516
f 5516 5326 5327
f 5516 5327 5328
f 5491 5489 5508
f 5508 5489 5488
f 5508 5488 5316
f 5516 5517 5515
f 5515 5517 5518
f 5515 5518 5514
f 5514 5518 5519
f 5514 5519 5513
f 5513 5519 5520
f 5513 5520 5512
f 5512 5520 5521
f 5512 5521 5511
f 5511 5521 5522
f 5511 5522 5510
f 5510 5522 5523
f 5510 5523 5509
f 5509 5523 5524
f 5509 5524 5508
f 5508 5524 5525
f 5508 5525 5491
f 5491 5525 5492
f 5517 5526 5518
f 5518 5526 5527
f 5518 5527 5519
f 5519 5527 5528
f 5519 5528 5520
f 5520 5528 5529
f 5520 5529 5521
f 5521 5529 5530
f 5521 5530 5522
f 5522 5530 5531
f 5522 5531 5523
f 5523 5531 5532
f 5523 5532 5524
f 5524 5532 5533
f 5524 5533 5525
f 5525 5533 5534
f 5525 5534 5492
f 5492 5534 5496
f 5328 5507 5516
f 5516 5507 5535
f 5516 5535 5517
f 5517 5535 5536
f 5517 5536 5526
f 5526 5536 5537
f 5526 5537 5538
f 5538 4805 5526
f 5526 4805 4804
f 5526 4804 5527
f 5527 4804 4802
f 5527 4802 5528
f 5528 4802 4801
f 5528 4801 5529
f 5529 4801 4800
f 5529 4800 5530
f 5530 4800 4799
f 5530 4799 5531
f 5531 4799 4814
f 5531 4814 5532
f 5532 4814 4823
f 5532 4823 5533
f 5533 4823 4822
f 5533 4822 5534
f 5534 4822 4818
f 5534 4818 5496
f 5496 4818 4817
f 5363 5364 5539
f 5363 5539 5540
f 5540 5539 5541
f 5540 5541 5542
f 5542 5541 4840
f 5542 4840 4843
f 5364 5362 5503
f 5364 5503 5539
f 5539 5503 5499
f 5539 5499 5541
f 5541 5499 4841
f 5541 4841 4840
f 5507 5312 5313
f 5536 5535 5543
f 4805 5544 5545
f 5546 5544 4805
f 5537 5547 5538
f 5538 5547 4805
f 5546 4805 5547
f 5537 5536 5547
f 5547 5536 5543
f 5547 5543 5546
f 5546 5543 5548
f 5546 5548 5544
f 5544 5548 5549
f 5544 5549 5545
f 5545 5549 5550
f 5535 5507 5543
f 5543 5507 5313
f 5543 5313 5548
f 5548 5313 5314
f 5548 5314 5549
f 5549 5314 5315
f 5549 5315 5550
f 5550 5315 5311
f 4843 5551 5552
f 4843 5553 5542
f 5554 5553 4843
f 5552 5554 4843
f 5551 5555 5552
f 5552 5555 5556
f 5552 5556 5554
f 5554 5556 5557
f 5554 5557 5553
f 5553 5557 5558
f 5553 5558 5542
f 5542 5558 5540
f 5555 5365 5556
f 5556 5365 5366
f 5556 5366 5557
f 5557 5366 5367
f 5557 5367 5558
f 5558 5367 5368
f 5558 5368 5540
f 5540 5368 5363
f 5311 5310 5559
f 5311 5559 5550
f 5550 5559 5560
f 5550 5560 5545
f 5545 5560 4806
f 5545 4806 4805
f 5310 5309 5561
f 5310 5561 5559
f 5559 5561 5562
f 5559 5562 5560
f 5560 5562 4810
f 5560 4810 4806
f 5551 4843 5563
f 5563 4843 4844
f 5563 4844 5564
f 5564 4844 4845
f 5564 4845 5565
f 5565 4845 4853
f 5565 4853 5566
f 5566 4853 4854
f 5566 4854 5567
f 5567 4854 4855
f 5567 4855 5568
f 5568 4855 4850
f 5568 4850 5569
f 5569 4850 4849
f 5569 4849 5570
f 5570 4849 4879
f 5570 4879 5571
f 5571 4879 4877
f 5571 4877 5572
f 5572 4877 4876
f 5572 4876 5573
f 5573 4876 4865
f 5573 4865 5574
f 5574 4865 4863
f 5574 4863 5575
f 5575 4863 4862
f 5575 4862 5576
f 5576 4862 4866
f 5555 5551 5577
f 5577 5551 5563
f 5577 5563 5578
f 5578 5563 5564
f 5578 5564 5579
f 5579 5564 5565
f 5579 5565 5580
f 5580 5565 5566
f 5580 5566 5581
f 5581 5566 5567
f 5581 5567 5582
f 5582 5567 5568
f 5582 5568 5583
f 5583 5568 5569
f 5583 5569 5584
f 5584 5569 5570
f 5584 5570 5585
f 5585 5570 5571
f 5585 5571 5586
f 5586 5571 5572
f 5586 5572 5587
f 5587 5572 5573
f 5587 5573 5588
f 5588 5573 5574
f 5588 5574 5589
f 5589 5574 5575
f 5589 5575 5590
f 5590 5575 5576
f 5365 5555 5382
f 5382 5555 5577
f 5382 5577 5381
f 5381 5577 5578
f 5381 5578 5380
f 5380 5578 5579
f 5380 5579 5379
f 5379 5579 5580
f 5379 5580 5378
f 5378 5580 5581
f 5378 5581 5377
f 5377 5581 5582
f 5377 5582 5376
f 5376 5582 5583
f 5376 5583 5375
f 5375 5583 5584
f 5375 5584 5374
f 5374 5584 5585
f 5374 5585 5373
f 5373 5585 5586
f 5373 5586 5372
f 5372 5586 5587
f 5372 5587 5371
f 5371 5587 5588
f 5371 5588 5370
f 5370 5588 5589
f 5370 5589 5369
f 5369 5589 5590
f 4810 5562 5591
f 4810 5592 5593
f 5594 5592 4810
f 5591 5594 4810
f 5562 5561 5591
f 5591 5561 5595
f 5591 5595 5594
f 5594 5595 5596
f 5594 5596 5592
f 5592 5596 5597
f 5592 5597 5593
f 5593 5597 5598
f 5561 5309 5595
f 5595 5309 5308
f 5595 5308 5596
f 5596 5308 5307
f 5596 5307 5597
f 5597 5307 5306
f 5597 5306 5598
f 5598 5306 5292
f 4866 5599 5600
f 4866 5601 5576
f 5602 5601 4866
f 5600 5602 4866
f 5599 5603 5600
f 5600 5603 5604
f 5600 5604 5602
f 5602 5604 5605
f 5602 5605 5601
f 5601 5605 5606
f 5601 5606 5576
f 5576 5606 5590
f 5603 2534 5604
f 5604 2534 5383
f 5604 5383 5605
f 5605 5383 5384
f 5605 5384 5606
f 5606 5384 5385
f 5606 5385 5590
f 5590 5385 5369
f 5607 4778 5608
f 5608 4778 4777
f 5608 4777 5609
f 5609 4777 4793
f 5609 4793 5610
f 5610 4793 4794
f 5610 4794 5611
f 5611 4794 4791
f 5611 4791 5612
f 5612 4791 4790
f 5612 4790 5613
f 5613 4790 4776
f 5613 4776 5614
f 5614 4776 4775
f 5614 4775 5615
f 5615 4775 4813
f 5615 4813 5616
f 5616 4813 4812
f 5616 4812 5617
f 5617 4812 4811
f 5617 4811 5618
f 5618 4811 4807
f 5618 4807 5619
f 5619 4807 4808
f 5619 4808 5620
f 5620 4808 4809
f 5620 4809 5593
f 5593 4809 4810
f 5621 5607 5622
f 5622 5607 5608
f 5622 5608 5623
f 5623 5608 5609
f 5623 5609 5624
f 5624 5609 5610
f 5624 5610 5625
f 5625 5610 5611
f 5625 5611 5626
f 5626 5611 5612
f 5626 5612 5627
f 5627 5612 5613
f 5627 5613 5628
f 5628 5613 5614
f 5628 5614 5629
f 5629 5614 5615
f 5629 5615 5630
f 5630 5615 5616
f 5630 5616 5631
f 5631 5616 5617
f 5631 5617 5632
f 5632 5617 5618
f 5632 5618 5633
f 5633 5618 5619
f 5633 5619 5634
f 5634 5619 5620
f 5634 5620 5598
f 5598 5620 5593
f 5288 5621 5305
f 5305 5621 5622
f 5305 5622 5304
f 5304 5622 5623
f 5304 5623 5303
f 5303 5623 5624
f 5303 5624 5302
f 5302 5624 5625
f 5302 5625 5301
f 5301 5625 5626
f 5301 5626 5300
f 5300 5626 5627
f 5300 5627 5299
f 5299 5627 5628
f 5299 5628 5298
f 5298 5628 5629
f 5298 5629 5297
f 5297 5629 5630
f 5297 5630 5296
f 5296 5630 5631
f 5296 5631 5295
f 5295 5631 5632
f 5295 5632 5294
f 5294 5632 5633
f 5294 5633 5293
f 5293 5633 5634
f 5293 5634 5292
f 5292 5634 5598
f 5635 2539 5636
f 5636 2539 2540
f 5636 2540 5637
f 5637 2540 2541
f 5637 2541 5638
f 5638 2541 2538
f 5638 2538 5639
f 5639 2538 2537
f 5639 2537 5640
f 5640 2537 2536
f 5640 2536 5641
f 5641 2536 2535
f 5641 2535 5642
f 5642 2535 2533
f 5642 2533 5603
f 5603 2533 2534
f 5643 5635 5644
f 5644 5635 5636
f 5644 5636 5645
f 5645 5636 5637
f 5645 5637 5646
f 5646 5637 5638
f 5646 5638 5647
f 5647 5638 5639
f 5647 5639 5648
f 5648 5639 5640
f 5648 5640 5649
f 5649 5640 5641
f 5649 5641 5650
f 5650 5641 5642
f 5650 5642 5599
f 5599 5642 5603
f 4857 5643 4858
f 4858 5643 5644
f 4858 5644 4875
f 4875 5644 5645
f 4875 5645 4859
f 4859 5645 5646
f 4859 5646 4860
f 4860 5646 5647
f 4860 5647 4869
f 4869 5647 5648
f 4869 5648 4868
f 4868 5648 5649
f 4868 5649 4867
f 4867 5649 5650
f 4867 5650 4866
f 4866 5650 5599
f 4778 5607 5651
f 4778 5652 5653
f 5654 5652 4778
f 5651 5654 4778
f 5607 5621 5651
f 5651 5621 5655
f 5651 5655 5654
f 5654 5655 5656
f 5654 5656 5652
f 5652 5656 5657
f 5652 5657 5653
f 5653 5657 5658
f 5621 5288 5655
f 5655 5288 5289
f 5655 5289 5656
f 5656 5289 5290
f 5656 5290 5657
f 5657 5290 5291
f 5657 5291 5658
f 5658 5291 2530
f 4857 5659 5660
f 4857 5661 5643
f 5662 5661 4857
f 5660 5662 4857
f 5659 5663 5660
f 5660 5663 5664
f 5660 5664 5662
f 5662 5664 5665
f 5662 5665 5661
f 5661 5665 5666
f 5661 5666 5643
f 5643 5666 5635
f 5663 5386 5664
f 5664 5386 5387
f 5664 5387 5665
f 5665 5387 5388
f 5665 5388 5666
f 5666 5388 5389
f 5666 5389 5635
f 5635 5389 2539
f 5658 2530 5667
f 5667 2530 2531
f 5667 2531 5668
f 5668 2531 2532
f 5668 2532 5669
f 5669 2532 2529
f 5669 2529 5670
f 5670 2529 2528
f 5670 2528 5671
f 5671 2528 2527
f 5671 2527 5672
f 5672 2527 2526
f 5672 2526 5673
f 5673 2526 2525
f 5673 2525 5674
f 5674 2525 2524
f 5653 5658 5675
f 5675 5658 5667
f 5675 5667 5676
f 5676 5667 5668
f 5676 5668 5677
f 5677 5668 5669
f 5677 5669 5678
f 5678 5669 5670
f 5678 5670 5679
f 5679 5670 5671
f 5679 5671 5680
f 5680 5671 5672
f 5680 5672 5681
f 5681 5672 5673
f 5681 5673 5682
f 5682 5673 5674
f 4778 5653 4779
f 4779 5653 5675
f 4779 5675 4792
f 4792 5675 5676
f 4792 5676 4788
f 4788 5676 5677
f 4788 5677 4786
f 4786 5677 5678
f 4786 5678 4784
f 4784 5678 5679
f 4784 5679 4783
f 4783 5679 5680
f 4783 5680 4782
f 4782 5680 5681
f 4782 5681 4780
f 4780 5681 5682
f 5659 4857 5683
f 5683 4857 4856
f 5683 4856 5684
f 5684 4856 4874
f 5684 4874 5685
f 5685 4874 4873
f 5685 4873 5686
f 5686 4873 4871
f 5686 4871 5687
f 5687 4871 4870
f 5687 4870 5688
f 5688 4870 4880
f 5688 4880 5689
f 5689 4880 4882
f 5689 4882 5690
f 5690 4882 4891
f 5690 4891 5691
f 5691 4891 4890
f 5691 4890 5692
f 5692 4890 4894
f 5692 4894 5693
f 5693 4894 4893
f 5693 4893 5694
f 5694 4893 4897
f 5694 4897 5695
f 5695 4897 4896
f 5695 4896 5696
f 5696 4896 4900
f 5663 5659 5697
f 5697 5659 5683
f 5697 5683 5698
f 5698 5683 5684
f 5698 5684 5699
f 5699 5684 5685
f 5699 5685 5700
f 5700 5685 5686
f 5700 5686 5701
f 5701 5686 5687
f 5701 5687 5702
f 5702 5687 5688
f 5702 5688 5703
f 5703 5688 5689
f 5703 5689 5704
f 5704 5689 5690
f 5704 5690 5705
f 5705 5690 5691
f 5705 5691 5706
f 5706 5691 5692
f 5706 5692 5707
f 5707 5692 5693
f 5707 5693 5708
f 5708 5693 5694
f 5708 5694 5709
f 5709 5694 5695
f 5709 5695 5710
f 5710 5695 5696
f 5386 5663 5403
f 5403 5663 5697
f 5403 5697 5402
f 5402 5697 5698
f 5402 5698 5401
f 5401 5698 5699
f 5401 5699 5400
f 5400 5699 5700
f 5400 5700 5399
f 5399 5700 5701
f 5399 5701 5398
f 5398 5701 5702
f 5398 5702 5397
f 5397 5702 5703
f 5397 5703 5396
f 5396 5703 5704
f 5396 5704 5395
f 5395 5704 5705
f 5395 5705 5394
f 5394 5705 5706
f 5394 5706 5393
f 5393 5706 5707
f 5393 5707 5392
f 5392 5707 5708
f 5392 5708 5391
f 5391 5708 5709
f 5391 5709 5390
f 5390 5709 5710
f 4780 5682 5711
f 4780 5712 5713
f 5714 5712 4780
f 5711 5714 4780
f 5682 5674 5711
f 5711 5674 5715
f 5711 5715 5714
f 5714 5715 5716
f 5714 5716 5712
f 5712 5716 5717
f 5712 5717 5713
f 5713 5717 5718
f 5674 2524 5715
f 5715 2524 5285
f 5715 5285 5716
f 5716 5285 5286
f 5716 5286 5717
f 5717 5286 5287
f 5717 5287 5718
f 5718 5287 5271
f 4900 5719 5720
f 4900 5721 5696
f 5722 5721 4900
f 5720 5722 4900
f 5719 5723 5720
f 5720 5723 5724
f 5720 5724 5722
f 5722 5724 5725
f 5722 5725 5721
f 5721 5725 5726
f 5721 5726 5696
f 5696 5726 5710
f 5723 5407 5724
f 5724 5407 5406
f 5724 5406 5725
f 5725 5406 5405
f 5725 5405 5726
f 5726 5405 5404
f 5726 5404 5710
f 5710 5404 5390
f 5727 4761 5728
f 5728 4761 4760
f 5728 4760 5729
f 5729 4760 4759
f 5729 4759 5730
f 5730 4759 4768
f 5730 4768 5731
f 5731 4768 4767
f 5731 4767 5732
f 5732 4767 4766
f 5732 4766 5733
f 5733 4766 4769
f 5733 4769 5734
f 5734 4769 4771
f 5734 4771 5735
f 5735 4771 4772
f 5735 4772 5736
f 5736 4772 4789
f 5736 4789 5737
f 5737 4789 4797
f 5737 4797 5738
f 5738 4797 4796
f 5738 4796 5739
f 5739 4796 4795
f 5739 4795 5740
f 5740 4795 4781
f 5740 4781 5713
f 5713 4781 4780
f 5741 5727 5742
f 5742 5727 5728
f 5742 5728 5743
f 5743 5728 5729
f 5743 5729 5744
f 5744 5729 5730
f 5744 5730 5745
f 5745 5730 5731
f 5745 5731 5746
f 5746 5731 5732
f 5746 5732 5747
f 5747 5732 5733
f 5747 5733 5748
f 5748 5733 5734
f 5748 5734 5749
f 5749 5734 5735
f 5749 5735 5750
f 5750 5735 5736
f 5750 5736 5751
f 5751 5736 5737
f 5751 5737 5752
f 5752 5737 5738
f 5752 5738 5753
f 5753 5738 5739
f 5753 5739 5754
f 5754 5739 5740
f 5754 5740 5718
f 5718 5740 5713
f 5267 5741 5284
f 5284 5741 5742
f 5284 5742 5283
f 5283 5742 5743
f 5283 5743 5282
f 5282 5743 5744
f 5282 5744 5281
f 5281 5744 5745
f 5281 5745 5280
f 5280 5745 5746
f 5280 5746 5279
f 5279 5746 5747
f 5279 5747 5278
f 5278 5747 5748
f 5278 5748 5277
f 5277 5748 5749
f 5277 5749 5276
f 5276 5749 5750
f 5276 5750 5275
f 5275 5750 5751
f 5275 5751 5274
f 5274 5751 5752
f 5274 5752 5273
f 5273 5752 5753
f 5273 5753 5272
f 5272 5753 5754
f 5272 5754 5271
f 5271 5754 5718
f 5225 5408 5755
f 5225 5755 5756
f 5756 5755 5757
f 5756 5757 5758
f 5758 5757 4899
f 5758 4899 4898
f 5408 5407 5723
f 5408 5723 5755
f 5755 5723 5719
f 5755 5719 5757
f 5757 5719 4900
f 5757 4900 4899
f 4761 5727 5759
f 4761 5760 5761
f 5762 5760 4761
f 5759 5762 4761
f 5727 5741 5759
f 5759 5741 5763
f 5759 5763 5762
f 5762 5763 5764
f 5762 5764 5760
f 5760 5764 5765
f 5760 5765 5761
f 5761 5765 5766
f 5741 5267 5763
f 5763 5267 5268
f 5763 5268 5764
f 5764 5268 5269
f 5764 5269 5765
f 5765 5269 5270
f 5765 5270 5766
f 5766 5270 5266
f 4898 5767 5768
f 4898 5769 5758
f 5770 5769 4898
f 5768 5770 4898
f 5767 5771 5768
f 5768 5771 5772
f 5768 5772 5770
f 5770 5772 5773
f 5770 5773 5769
f 5769 5773 5774
f 5769 5774 5758
f 5758 5774 5756
f 5771 5221 5772
f 5772 5221 5222
f 5772 5222 5773
f 5773 5222 5223
f 5773 5223 5774
f 5774 5223 5224
f 5774 5224 5756
f 5756 5224 5225
f 5266 5265 5775
f 5266 5775 5766
f 5766 5775 5776
f 5766 5776 5761
f 5761 5776 4753
f 5761 4753 4761
f 5265 5264 5777
f 5265 5777 5775
f 5775 5777 5778
f 5775 5778 5776
f 5776 5778 4754
f 5776 4754 4753
f 5767 4898 5779
f 5779 4898 4895
f 5779 4895 5780
f 5780 4895 4892
f 5780 4892 5781
f 5781 4892 4889
f 5781 4889 5782
f 5782 4889 4888
f 5782 4888 5783
f 5783 4888 4886
f 5783 4886 5784
f 5784 4886 4884
f 5784 4884 5785
f 5785 4884 4883
f 5785 4883 5786
f 5786 4883 5412
f 5786 5412 5787
f 5787 5412 5433
f 5787 5433 5788
f 5788 5433 5432
f 5788 5432 5789
f 5789 5432 5431
f 5789 5431 5790
f 5790 5431 5430
f 5790 5430 5791
f 5791 5430 5416
f 5791 5416 5792
f 5792 5416 5415
f 5771 5767 5793
f 5793 5767 5779
f 5793 5779 5794
f 5794 5779 5780
f 5794 5780 5795
f 5795 5780 5781
f 5795 5781 5796
f 5796 5781 5782
f 5796 5782 5797
f 5797 5782 5783
f 5797 5783 5798
f 5798 5783 5784
f 5798 5784 5799
f 5799 5784 5785
f 5799 5785 5800
f 5800 5785 5786
f 5800 5786 5801
f 5801 5786 5787
f 5801 5787 5802
f 5802 5787 5788
f 5802 5788 5803
f 5803 5788 5789
f 5803 5789 5804
f 5804 5789 5790
f 5804 5790 5805
f 5805 5790 5791
f 5805 5791 5806
f 5806 5791 5792
f 5221 5771 5239
f 5239 5771 5793
f 5239 5793 5238
f 5238 5793 5794
f 5238 5794 5237
f 5237 5794 5795
f 5237 5795 5236
f 5236 5795 5796
f 5236 5796 5235
f 5235 5796 5797
f 5235 5797 5234
f 5234 5797 5798
f 5234 5798 5233
f 5233 5798 5799
f 5233 5799 5232
f 5232 5799 5800
f 5232 5800 5231
f 5231 5800 5801
f 5231 5801 5230
f 5230 5801 5802
f 5230 5802 5229
f 5229 5802 5803
f 5229 5803 5228
f 5228 5803 5804
f 5228 5804 5227
f 5227 5804 5805
f 5227 5805 5226
f 5226 5805 5806
f 4754 5778 5807
f 4754 5808 5809
f 5810 5808 4754
f 5807 5810 4754
f 5778 5777 5807
f 5807 5777 5811
f 5807 5811 5810
f 5810 5811 5812
f 5810 5812 5808
f 5808 5812 5813
f 5808 5813 5809
f 5809 5813 5814
f 5777 5264 5811
f 5811 5264 5263
f 5811 5263 5812
f 5812 5263 5262
f 5812 5262 5813
f 5813 5262 5261
f 5813 5261 5814
f 5814 5261 5247
f 5415 5815 5816
f 5415 5817 5792
f 5818 5817 5415
f 5816 5818 5415
f 5815 5819 5816
f 5816 5819 5820
f 5816 5820 5818
f 5818 5820 5821
f 5818 5821 5817
f 5817 5821 5822
f 5817 5822 5792
f 5792 5822 5806
f 5819 2542 5820
f 5820 2542 5240
f 5820 5240 5821
f 5821 5240 5241
f 5821 5241 5822
f 5822 5241 5242
f 5822 5242 5806
f 5806 5242 5226
f 5823 5410 5824
f 5824 5410 5409
f 5824 5409 5825
f 5825 5409 5429
f 5825 5429 5826
f 5826 5429 5428
f 5826 5428 5827
f 5827 5428 5427
f 5827 5427 5828
f 5828 5427 5422
f 5828 5422 5829
f 5829 5422 5421
f 5829 5421 5830
f 5830 5421 4765
f 5830 4765 5831
f 5831 4765 4764
f 5831 4764 5832
f 5832 4764 4763
f 5832 4763 5833
f 5833 4763 4757
f 5833 4757 5834
f 5834 4757 4756
f 5834 4756 5835
f 5835 4756 4762
f 5835 4762 5836
f 5836 4762 4755
f 5836 4755 5809
f 5809 4755 4754
f 5837 5823 5838
f 5838 5823 5824
f 5838 5824 5839
f 5839 5824 5825
f 5839 5825 5840
f 5840 5825 5826
f 5840 5826 5841
f 5841 5826 5827
f 5841 5827 5842
f 5842 5827 5828
f 5842 5828 5843
f 5843 5828 5829
f 5843 5829 5844
f 5844 5829 5830
f 5844 5830 5845
f 5845 5830 5831
f 5845 5831 5846
f 5846 5831 5832
f 5846 5832 5847
f 5847 5832 5833
f 5847 5833 5848
f 5848 5833 5834
f 5848 5834 5849
f 5849 5834 5835
f 5849 5835 5850
f 5850 5835 5836
f 5850 5836 5814
f 5814 5836 5809
f 5243 5837 5260
f 5260 5837 5838
f 5260 5838 5259
f 5259 5838 5839
f 5259 5839 5258
f 5258 5839 5840
f 5258 5840 5257
f 5257 5840 5841
f 5257 5841 5256
f 5256 5841 5842
f 5256 5842 5255
f 5255 5842 5843
f 5255 5843 5254
f 5254 5843 5844
f 5254 5844 5253
f 5253 5844 5845
f 5253 5845 5252
f 5252 5845 5846
f 5252 5846 5251
f 5251 5846 5847
f 5251 5847 5250
f 5250 5847 5848
f 5250 5848 5249
f 5249 5848 5849
f 5249 5849 5248
f 5248 5849 5850
f 5248 5850 5247
f 5247 5850 5814
f 5851 2548 5852
f 5852 2548 2549
f 5852 2549 5853
f 5853 2549 2550
f 5853 2550 5854
f 5854 2550 2547
f 5854 2547 5855
f 5855 2547 2546
f 5855 2546 5856
f 5856 2546 2545
f 5856 2545 5857
f 5857 2545 2544
f 5857 2544 5858
f 5858 2544 2543
f 5858 2543 5819
f 5819 2543 2542
f 5859 5851 5860
f 5860 5851 5852
f 5860 5852 5861
f 5861 5852 5853
f 5861 5853 5862
f 5862 5853 5854
f 5862 5854 5863
f 5863 5854 5855
f 5863 5855 5864
f 5864 5855 5856
f 5864 5856 5865
f 5865 5856 5857
f 5865 5857 5866
f 5866 5857 5858
f 5866 5858 5815
f 5815 5858 5819
f 5410 5859 5411
f 5411 5859 5860
f 5411 5860 5419
f 5419 5860 5861
f 5419 5861 5417
f 5417 5861 5862
f 5417 5862 5426
f 5426 5862 5863
f 5426 5863 5425
f 5425 5863 5864
f 5425 5864 5423
f 5423 5864 5865
f 5423 5865 5414
f 5414 5865 5866
f 5414 5866 5415
f 5415 5866 5815
f 5410 5823 5867
f 5410 5868 5859
f 5869 5868 5410
f 5867 5869 5410
f 5823 5837 5867
f 5867 5837 5870
f 5867 5870 5869
f 5869 5870 5871
f 5869 5871 5868
f 5868 5871 5872
f 5868 5872 5859
f 5859 5872 5851
f 5837 5243 5870
f 5870 5243 5244
f 5870 5244 5871
f 5871 5244 5245
f 5871 5245 5872
f 5872 5245 5246
f 5872 5246 5851
f 5851 5246 2548
f 4943 4758 4765
f 4943 4941 4758
f 4758 4941 4949
f 4758 4949 4770
f 4770 4949 4948
f 4770 4948 4771
f 4771 4948 4952
f 4771 4952 4773
f 4952 4951 4773
f 4773 4951 4955
f 4773 4955 4785
f 4955 4954 4785
f 4785 4954 4958
f 4785 4958 4787
f 4958 4957 4787
f 4787 4957 4961
f 4787 4961 4774
f 4774 4961 4960
f 4774 4960 4775
f 4775 4960 4964
f 4775 4964 4803
f 4970 4799 4798
f 4964 4963 4803
f 4803 4963 4967
f 4803 4967 4798
f 4798 4967 4966
f 4798 4966 4970
f 4970 4969 4799
f 4799 4969 4973
f 4799 4973 4815
f 4973 4972 4815
f 4815 4972 4976
f 4815 4976 4821
f 4976 4975 4821
f 4821 4975 4979
f 4821 4979 4830
f 4979 4978 4830
f 4830 4978 4982
f 4830 4982 4828
f 4828 4982 4981
f 4828 4981 4826
f 4826 4981 4980
f 4826 4980 4839
f 4980 4903 4839
f 4839 4903 4906
f 4839 4906 4846
f 4846 4906 4905
f 4846 4905 4849
f 4849 4905 4909
f 4849 4909 4878
f 4909 4908 4878
f 4878 4908 4912
f 4878 4912 4864
f 4912 4911 4864
f 4864 4911 4915
f 4864 4915 4861
f 4915 4914 4861
f 4861 4914 4918
f 4861 4918 4872
f 4918 4917 4872
f 4872 4917 4921
f 4872 4921 4881
f 4881 4921 4920
f 4881 4920 4882
f 4882 4920 4924
f 4882 4924 4887
f 4924 4923 4887
f 4887 4923 4927
f 4887 4927 4885
f 4885 4927 4926
f 4885 4926 4883
f 4883 4926 4930
f 4883 4930 5413
f 4930 4929 5413
f 5413 4929 4933
f 5413 4933 5424
f 4933 4932 5424
f 5424 4932 4936
f 5424 4936 5418
f 4936 4935 5418
f 5418 4935 4939
f 5418 4939 5420
f 4939 4938 5420
f 5420 4938 4946
f 5420 4946 4765
f 4765 4946 4945
f 4765 4945 4943
f 1696 1905 5156
f 1779 1914 5182
f 5873 5028 1883
f 1883 5028 5027
f 1883 5027 1745
f 5079 1910 5080
f 5080 1910 1765
f 5080 1765 5874
f 5874 1765 1774
f 5874 1774 5875
f 5875 1774 1776
f 5875 1776 5876
f 5876 1776 1777
f 5876 1777 5877
f 5877 1777 1779
f 5877 1779 5181
f 5181 1779 5182
f 1849 5878 1850
f 1850 5878 5879
f 1850 5879 1930
f 1930 5879 5880
f 1930 5880 1928
f 1928 5880 5881
f 1928 5881 1926
f 1926 5881 5882
f 1926 5882 1924
f 1924 5882 5883
f 1924 5883 1922
f 1922 5883 5884
f 1922 5884 1920
f 1920 5884 5885
f 1920 5885 1918
f 1918 5885 5886
f 1918 5886 1916
f 1916 5886 5887
f 1916 5887 1914
f 1914 5887 5183
f 1914 5183 5182
f 1070 5105 1849
f 1849 5105 5104
f 1849 5104 5878
f 1849 1848 1070
f 1070 1848 3594
f 1070 3594 1068
f 1068 3594 4740
f 1068 4740 5888
f 5888 4740 4752
f 5888 4752 5889
f 5889 4752 4751
f 5889 4751 5207
f 5207 4751 4750
f 5207 4750 5208
f 4746 5890 5891
f 5208 4750 5209
f 5209 4750 4749
f 5209 4749 5892
f 5892 4749 4748
f 5892 4748 5891
f 5891 4748 4747
f 5891 4747 4746
f 4746 4745 5890
f 5890 4745 4744
f 5890 4744 5893
f 4744 4743 5893
f 5893 4743 4742
f 5893 4742 1074
f 1074 4742 4739
f 1074 4739 1073
f 1073 4739 3593
f 1073 3593 1071
f 1071 3593 1933
f 1071 1933 5894
f 5894 1933 1934
f 5894 1934 5129
f 5129 1934 1935
f 5129 1935 5130
f 5027 5026 1745
f 1745 5026 5895
f 1745 5895 1743
f 1743 5895 5896
f 1743 5896 1742
f 1742 5896 5897
f 1742 5897 1740
f 1740 5897 5898
f 1740 5898 1731
f 1731 5898 5899
f 1731 5899 1935
f 1935 5899 5131
f 1935 5131 5130
f 1887 5900 5901
f 5873 1883 5901
f 5901 1883 1885
f 5901 1885 1887
f 1891 5902 5903
f 5900 1887 5903
f 5903 1887 1889
f 5903 1889 1891
f 5904 5905 1895
f 1895 5905 5906
f 5902 1891 5906
f 5906 1891 1893
f 5906 1893 1895
f 1895 1897 5904
f 5904 1897 1899
f 5904 1899 5907
f 5907 1899 1901
f 5907 1901 5908
f 5908 1901 1903
f 5908 1903 5052
f 5156 5155 1696
f 1696 5155 5909
f 1696 5909 1697
f 1697 5909 5910
f 1697 5910 1728
f 1728 5910 5911
f 1728 5911 1727
f 1727 5911 5912
f 1727 5912 1716
f 1716 5912 5054
f 1716 5054 1903
f 1903 5054 5053
f 1903 5053 5052
f 5079 5078 1910
f 1910 5078 5913
f 1910 5913 1911
f 1911 5913 5914
f 1911 5914 1912
f 1912 5914 5915
f 1912 5915 1913
f 1913 5915 5916
f 1913 5916 1855
f 1855 5916 5917
f 1855 5917 1856
f 1856 5917 5918
f 1856 5918 1857
f 1857 5918 5919
f 1857 5919 1862
f 1862 5919 5920
f 1862 5920 1861
f 1861 5920 5921
f 1861 5921 1859
f 1859 5921 5922
f 1859 5922 1905
f 1905 5922 5157
f 1905 5157 5156
f 5923 1692 1854
f 5923 1854 5924
f 1858 1860 5925
f 5925 5926 1858
f 1858 5926 5927
f 1858 5927 1853
f 1853 5927 5928
f 1853 5928 1854
f 5929 5930 5931
f 5931 5930 5932
f 5931 5932 5933
f 5934 5935 5928
f 5928 5935 5930
f 5928 5930 1854
f 1854 5930 5929
f 1854 5929 5924
f 1805 5936 1806
f 1806 5936 5937
f 1806 5937 5938
f 5939 5940 5941
f 5941 5940 5942
f 5941 5942 5938
f 5938 5942 1817
f 5938 1817 1806
f 5943 3587 3589
f 5944 5945 5946
f 5946 5945 5947
f 5946 5947 3580
f 3580 5947 5948
f 3580 5948 3589
f 3589 5948 5949
f 3589 5949 5943
f 5950 5951 5952
f 5952 5953 5950
f 5950 5953 5954
f 5950 5954 5955
f 5956 5957 5958
f 5958 5957 5955
f 5958 5955 5959
f 5959 5955 5954
f 5960 5961 5962
f 5963 5964 5961
f 5961 5964 5965
f 5961 5965 5962
f 5966 5967 5963
f 5963 5967 5968
f 5963 5968 5964
f 5969 5970 5966
f 5966 5970 5971
f 5966 5971 5967
f 5972 5973 5969
f 5969 5973 5974
f 5969 5974 5970
f 5975 5976 5972
f 5972 5976 5977
f 5972 5977 5973
f 5978 5979 5975
f 5975 5979 5980
f 5975 5980 5976
f 5981 5982 5978
f 5978 5982 5983
f 5978 5983 5979
f 5984 5985 5981
f 5981 5985 5986
f 5981 5986 5982
f 5987 5988 5984
f 5984 5988 5989
f 5984 5989 5985
f 5990 5991 5987
f 5987 5991 5992
f 5987 5992 5988
f 5993 5994 5990
f 5990 5994 5995
f 5990 5995 5991
f 5996 5997 5993
f 5993 5997 5998
f 5993 5998 5994
f 5999 6000 5996
f 5996 6000 6001
f 5996 6001 5997
f 6002 6003 5999
f 5999 6003 6004
f 5999 6004 6000
f 6005 6006 6002
f 6002 6006 6007
f 6002 6007 6003
f 6008 6009 6005
f 6005 6009 6010
f 6005 6010 6006
f 5957 6011 5955
f 5955 6011 6012
f 5955 6012 6008
f 6008 6012 6013
f 6008 6013 6009
f 6014 5951 6015
f 6015 5951 5950
f 6015 5950 6016
f 6016 5950 6017
f 6018 6019 6017
f 6017 6019 6020
f 6017 6020 6016
f 6021 6022 6018
f 6018 6022 6023
f 6018 6023 6019
f 6024 6025 6021
f 6021 6025 6026
f 6021 6026 6022
f 6027 6028 6024
f 6024 6028 6029
f 6024 6029 6025
f 6030 6031 6027
f 6027 6031 6032
f 6027 6032 6028
f 6033 6034 6030
f 6030 6034 6035
f 6030 6035 6031
f 6036 6037 6033
f 6033 6037 6038
f 6033 6038 6034
f 6039 6040 6036
f 6036 6040 6041
f 6036 6041 6037
f 6042 6043 6039
f 6039 6043 6044
f 6039 6044 6040
f 5962 6045 5960
f 5960 6045 6046
f 5960 6046 6042
f 6042 6046 6047
f 6042 6047 6043
f 6048 6049 6050
f 6050 6049 6051
f 6050 6051 6052
f 6052 6051 6053
f 6052 6053 6054
f 6055 6056 6057
f 6057 6056 6058
f 6057 6058 6059
f 6059 6058 6060
f 6059 6060 6061
f 6061 6060 6062
f 6061 6062 6063
f 6063 6062 6064
f 6063 6064 6065
f 6065 6064 6054
f 6065 6054 6066
f 6066 6054 6053
f 5944 6049 5945
f 5945 6049 6048
f 5945 6048 6067
f 6068 6069 6070
f 6048 6071 6067
f 6067 6071 6072
f 6067 6072 6070
f 6070 6072 6073
f 6070 6073 6068
f 6068 6074 6069
f 6069 6074 6075
f 6069 6075 6076
f 6075 6077 6076
f 6076 6077 6078
f 6076 6078 6079
f 6078 6080 6079
f 6079 6080 6081
f 6079 6081 6082
f 6081 6083 6082
f 6082 6083 6084
f 6082 6084 6085
f 6084 6086 6085
f 6085 6086 6087
f 6085 6087 6088
f 6087 6089 6088
f 6088 6089 6090
f 6088 6090 6091
f 6090 6092 6091
f 6091 6092 6093
f 6091 6093 6094
f 6093 6095 6094
f 6094 6095 6096
f 6094 6096 6097
f 6097 6096 6098
f 6097 6098 6099
f 6099 6098 6100
f 6099 6100 5934
f 5934 6100 6101
f 5934 6101 5935
f 5935 6101 6102
f 5935 6102 5930
f 6102 6103 5930
f 5930 6103 6104
f 5930 6104 5932
f 6104 6105 5932
f 5932 6105 6106
f 5932 6106 5933
f 5933 6106 6107
f 5933 6107 6108
f 6108 6107 6109
f 6108 6109 6110
f 6109 6111 6110
f 6110 6111 6112
f 6110 6112 6113
f 6112 6114 6113
f 6113 6114 6115
f 6113 6115 6116
f 6116 6115 6117
f 6117 6118 6116
f 6116 6118 6119
f 6116 6119 6120
f 6119 6121 6120
f 6120 6121 6122
f 6120 6122 6123
f 6123 6122 6124
f 6123 6124 6125
f 6125 6124 6126
f 6125 6126 6127
f 6128 6129 6130
f 6130 6129 6131
f 6130 6131 6132
f 6132 6131 6133
f 6132 6133 6134
f 6134 6133 6135
f 6134 6135 6136
f 6137 6138 6139
f 6139 6138 6140
f 6139 6140 6141
f 6141 6140 6142
f 6141 6142 6143
f 6143 6142 6144
f 6143 6144 6145
f 6145 6144 6146
f 6145 6146 6147
f 6147 6146 6148
f 6147 6148 6128
f 6128 6148 6149
f 6128 6149 6129
f 6135 6150 6136
f 6136 6150 6151
f 6136 6151 6152
f 6152 6151 6153
f 6152 6153 6154
f 6154 6153 6155
f 6154 6155 6156
f 6156 6155 6157
f 6156 6157 6158
f 6158 6157 6159
f 6158 6159 6137
f 6137 6159 6160
f 6137 6160 6138
f 6161 6162 6163
f 6163 6162 6164
f 6163 6164 6165
f 6165 6164 6166
f 6165 6166 6167
f 6167 6166 6168
f 6167 6168 6169
f 6170 6171 6172
f 6172 6171 6173
f 6172 6173 6174
f 6174 6173 6175
f 6174 6175 6176
f 6176 6175 6177
f 6176 6177 6178
f 6177 6179 6178
f 6178 6179 6180
f 6178 6180 6181
f 6181 6180 6182
f 6181 6182 6183
f 6183 6182 6184
f 6183 6184 6161
f 6161 6184 6185
f 6161 6185 6162
f 6168 6186 6169
f 6169 6186 6187
f 6169 6187 6188
f 6188 6187 6189
f 6188 6189 6190
f 6190 6189 6191
f 6190 6191 6170
f 6170 6191 6192
f 6170 6192 6171
f 6193 2092 6194
f 6194 2092 2110
f 6194 2110 6195
f 6195 2110 2109
f 6195 2109 6196
f 6196 2109 2107
f 6196 2107 6197
f 6197 2107 2105
f 6197 2105 6198
f 6198 2105 2103
f 6198 2103 6199
f 6199 2103 2101
f 6199 2101 6200
f 6200 2101 2099
f 6200 2099 6201
f 6201 2099 2097
f 6201 2097 6202
f 6202 2097 2095
f 6202 2095 6203
f 6203 2095 2094
f 6204 6205 6206
f 6207 6208 6209
f 6210 6211 6212
f 6213 6214 6215
f 6215 6214 6216
f 6215 6216 6217
f 6217 6216 6218
f 6217 6218 6210
f 6206 6205 6219
f 6219 6205 6220
f 6219 6220 6207
f 6204 6206 6221
f 6221 6206 6222
f 6221 6222 6223
f 6224 6225 6226
f 6227 6228 6229
f 6226 6230 6224
f 6224 6230 6231
f 6224 6231 6227
f 6228 6232 6229
f 6229 6232 6233
f 6229 6233 6234
f 6234 6233 6235
f 6234 6235 6236
f 6235 6237 6236
f 6236 6237 6238
f 6236 6238 6239
f 6239 6238 6240
f 6239 6240 6241
f 6241 6240 6242
f 6241 6242 6243
f 6243 6244 6241
f 6241 6244 6245
f 6241 6245 6246
f 6246 6245 6247
f 6246 6247 6248
f 6248 6249 6246
f 6246 6249 6250
f 6246 6250 6225
f 6225 6250 6251
f 6225 6251 6226
f 6252 6253 6254
f 6252 6255 6253
f 6253 6255 6256
f 6253 6256 6257
f 6256 6258 6257
f 6257 6258 6259
f 6257 6259 6260
f 6259 6261 6260
f 6260 6261 6262
f 6260 6262 6263
f 6262 6264 6263
f 6263 6264 6265
f 6263 6265 6266
f 6265 6267 6266
f 6266 6267 6268
f 6266 6268 6215
f 6215 6268 6269
f 6215 6269 6213
f 6210 6212 6217
f 6217 6212 6270
f 6217 6270 6271
f 6270 6272 6271
f 6271 6272 6273
f 6271 6273 6274
f 6273 6275 6274
f 6274 6275 6276
f 6274 6276 6277
f 6276 6278 6277
f 6277 6278 6279
f 6277 6279 6280
f 6279 6281 6280
f 6280 6281 6282
f 6280 6282 6283
f 6282 6284 6283
f 6283 6284 6285
f 6283 6285 6286
f 6285 6287 6286
f 6286 6287 6288
f 6286 6288 6289
f 6288 6290 6289
f 6289 6290 6291
f 6289 6291 6292
f 6291 6293 6292
f 6292 6293 6294
f 6292 6294 6295
f 6294 6296 6295
f 6295 6296 6297
f 6295 6297 6298
f 6297 6299 6298
f 6298 6299 6300
f 6298 6300 6301
f 6300 6302 6301
f 6301 6302 6303
f 6301 6303 6304
f 6303 6305 6304
f 6304 6305 6306
f 6304 6306 6222
f 6222 6306 6307
f 6222 6307 6223
f 6207 6209 6219
f 6219 6209 6308
f 6219 6308 6309
f 6310 6311 6312
f 6312 6311 6309
f 6312 6309 6313
f 6313 6309 6308
f 6314 6315 6241
f 6241 6315 6316
f 6241 6316 6317
f 6317 6316 6318
f 6317 6318 6310
f 6310 6318 6319
f 6310 6319 6320
f 6320 6321 6310
f 6310 6321 6322
f 6310 6322 6311
f 6311 6322 6323
f 6323 6324 6311
f 6311 6324 6325
f 6311 6325 6246
f 6246 6325 6326
f 6326 6327 6246
f 6246 6327 6328
f 6246 6328 6329
f 6329 6330 6246
f 6246 6330 6331
f 6246 6331 6241
f 6241 6331 6332
f 6241 6332 6314
f 6227 6229 6224
f 6224 6229 6333
f 6224 6333 6334
f 6333 6335 6334
f 6334 6335 6336
f 6334 6336 6254
f 6254 6336 6337
f 6254 6337 6252
f 6277 6280 6338
f 6338 6280 6283
f 6338 6283 6339
f 6339 6283 6286
f 6339 6286 6340
f 6340 6286 6289
f 6340 6289 6341
f 6341 6289 6292
f 6341 6292 6342
f 6342 6292 6295
f 6342 6295 6343
f 6343 6295 6298
f 6343 6298 6344
f 6344 6298 6301
f 6344 6301 6345
f 6345 6301 6304
f 6345 6304 6346
f 6346 6304 6222
f 6346 6222 6347
f 6347 6222 6206
f 6347 6206 6348
f 6348 6206 6219
f 6348 6219 6349
f 6349 6219 6309
f 6349 6309 6350
f 6350 6309 6311
f 6350 6311 6351
f 6351 6311 6246
f 6351 6246 6352
f 6352 6246 6225
f 6352 6225 6353
f 6353 6225 6224
f 6353 6224 6354
f 6354 6224 6334
f 6354 6334 6355
f 6355 6334 6254
f 6355 6254 6356
f 6356 6254 6253
f 6356 6253 6357
f 6357 6253 6257
f 6357 6257 6358
f 6358 6257 6260
f 6358 6260 6359
f 6359 6260 6263
f 6359 6263 6360
f 6360 6263 6266
f 6360 6266 6361
f 6361 6266 6215
f 6361 6215 6362
f 6362 6215 6217
f 6362 6217 6363
f 6363 6217 6271
f 6363 6271 6364
f 6364 6271 6274
f 6364 6274 6365
f 6365 6274 6277
f 6365 6277 6338
f 6341 6366 6340
f 6340 6366 6367
f 6340 6367 6339
f 6339 6367 6368
f 6339 6368 6338
f 6338 6368 6369
f 6338 6369 6365
f 6365 6369 6370
f 6365 6370 6364
f 6364 6370 6371
f 6364 6371 6363
f 6363 6371 6372
f 6363 6372 6362
f 6362 6372 6373
f 6362 6373 6361
f 6361 6373 6374
f 6361 6374 6360
f 6360 6374 6375
f 6360 6375 6359
f 6359 6375 6376
f 6359 6376 6358
f 6358 6376 6377
f 6358 6377 6357
f 6357 6377 6378
f 6357 6378 6356
f 6356 6378 6379
f 6356 6379 6355
f 6355 6379 6380
f 6355 6380 6354
f 6354 6380 6381
f 6354 6381 6353
f 6353 6381 6382
f 6353 6382 6352
f 6352 6382 6383
f 6352 6383 6351
f 6351 6383 6384
f 6351 6384 6350
f 6350 6384 6385
f 6350 6385 6349
f 6349 6385 6386
f 6349 6386 6348
f 6348 6386 6387
f 6348 6387 6347
f 6347 6387 6388
f 6347 6388 6346
f 6346 6388 6389
f 6346 6389 6345
f 6345 6389 6390
f 6345 6390 6344
f 6344 6390 6391
f 6344 6391 6343
f 6343 6391 6392
f 6343 6392 6342
f 6342 6392 6393
f 6342 6393 6341
f 6341 6393 6366
f 6394 6372 6395
f 6395 6372 6371
f 6395 6371 6396
f 6396 6371 6370
f 6396 6370 6397
f 6397 6370 6369
f 6397 6369 6398
f 6398 6369 6368
f 6398 6368 6399
f 6400 6388 6401
f 6401 6388 6387
f 6401 6387 6402
f 6402 6387 6386
f 6402 6386 6403
f 6403 6386 6385
f 6403 6385 6404
f 6368 6367 6399
f 6399 6367 6366
f 6399 6366 6405
f 6405 6366 6393
f 6405 6393 6406
f 6406 6393 6392
f 6406 6392 6407
f 6407 6392 6391
f 6407 6391 6408
f 6408 6391 6390
f 6408 6390 6400
f 6400 6390 6389
f 6400 6389 6388
f 6385 6384 6404
f 6404 6384 6383
f 6404 6383 6409
f 6409 6383 6382
f 6409 6382 6410
f 6410 6382 6381
f 6410 6381 6411
f 6411 6381 6380
f 6411 6380 6412
f 6412 6380 6379
f 6412 6379 6413
f 6379 6378 6413
f 6413 6378 6377
f 6413 6377 6414
f 6414 6377 6376
f 6414 6376 6415
f 6415 6376 6375
f 6415 6375 6416
f 6416 6375 6374
f 6416 6374 6394
f 6394 6374 6373
f 6394 6373 6372
f 6417 6418 6419
f 6419 6418 6420
f 6419 6420 6421
f 6421 6420 6422
f 6421 6422 6423
f 6423 6422 6424
f 6423 6424 6425
f 6425 6424 6426
f 6425 6426 6427
f 6427 6426 6428
f 6427 6428 6429
f 6429 6428 6430
f 6429 6430 6431
f 6431 6430 6432
f 6431 6432 6433
f 6433 6432 6434
f 6433 6434 6435
f 6435 6434 6436
f 6435 6436 6437
f 6437 6436 6438
f 6437 6438 6439
f 6439 6438 6440
f 6439 6440 6441
f 6441 6440 6442
f 6441 6442 6443
f 6443 6442 6444
f 6443 6444 6445
f 6445 6444 6446
f 6445 6446 6417
f 6417 6446 6418
f 6429 6431 6447
f 6447 6431 6433
f 6447 6433 6448
f 6448 6433 6435
f 6448 6435 6449
f 6449 6435 6437
f 6449 6437 6450
f 6450 6437 6439
f 6450 6439 6451
f 6451 6439 6441
f 6451 6441 6452
f 6452 6441 6443
f 6452 6443 6453
f 6453 6443 6445
f 6453 6445 6454
f 6454 6445 6417
f 6454 6417 6455
f 6455 6417 6419
f 6455 6419 6456
f 6456 6419 6421
f 6456 6421 6457
f 6457 6421 6423
f 6457 6423 6458
f 6458 6423 6425
f 6458 6425 6459
f 6459 6425 6427
f 6459 6427 6460
f 6460 6427 6429
f 6460 6429 6447
f 6183 6454 6181
f 6181 6454 6455
f 6181 6455 6178
f 6178 6455 6456
f 6178 6456 6176
f 6176 6456 6457
f 6176 6457 6174
f 6174 6457 6458
f 6174 6458 6172
f 6172 6458 6459
f 6172 6459 6170
f 6170 6459 6460
f 6170 6460 6190
f 6190 6460 6447
f 6190 6447 6188
f 6188 6447 6448
f 6188 6448 6169
f 6169 6448 6449
f 6169 6449 6167
f 6167 6449 6450
f 6167 6450 6165
f 6165 6450 6451
f 6165 6451 6163
f 6163 6451 6452
f 6163 6452 6161
f 6161 6452 6453
f 6161 6453 6183
f 6183 6453 6454
f 6461 6107 6462
f 6462 6107 6106
f 6462 6106 6463
f 6463 6106 6105
f 6463 6105 6464
f 6464 6105 6104
f 6464 6104 6465
f 6465 6104 6103
f 6465 6103 6466
f 6466 6103 6102
f 6466 6102 6467
f 6467 6102 6101
f 6468 5969 6469
f 6469 5969 5966
f 6469 5966 6470
f 6470 5966 5963
f 6470 5963 6471
f 6471 5963 5961
f 6471 5961 6472
f 6472 5961 5960
f 6472 5960 6473
f 6473 5960 6042
f 6473 6042 6474
f 6474 6042 6039
f 6474 6039 6475
f 6475 6039 6036
f 6475 6036 6476
f 6476 6036 6033
f 6476 6033 6477
f 6477 6033 6030
f 6477 6030 6478
f 6478 6030 6027
f 6478 6027 6479
f 6479 6027 6024
f 6479 6024 6480
f 6480 6024 6021
f 6480 6021 6481
f 6481 6021 6018
f 6481 6018 6482
f 6482 6018 6017
f 6482 6017 6483
f 6483 6017 5950
f 6483 5950 6484
f 6484 5950 5955
f 6484 5955 6485
f 6485 5955 6008
f 6485 6008 6486
f 6486 6008 6005
f 6486 6005 6487
f 6487 6005 6002
f 6487 6002 6488
f 6488 6002 5999
f 6488 5999 6489
f 6489 5999 5996
f 6489 5996 6490
f 6490 5996 5993
f 6490 5993 6491
f 6491 5993 5990
f 6491 5990 6492
f 6492 5990 5987
f 6492 5987 6493
f 6493 5987 5984
f 6493 5984 6494
f 6494 5984 5981
f 6494 5981 6495
f 6495 5981 5978
f 6495 5978 6496
f 6496 5978 5975
f 6496 5975 6497
f 6497 5975 5972
f 6497 5972 6468
f 6468 5972 5969
f 6472 6498 6471
f 6471 6498 6499
f 6471 6499 6470
f 6470 6499 6500
f 6470 6500 6469
f 6469 6500 6501
f 6469 6501 6468
f 6468 6501 6502
f 6468 6502 6497
f 6497 6502 6503
f 6497 6503 6496
f 6496 6503 6504
f 6496 6504 6495
f 6495 6504 6505
f 6495 6505 6494
f 6494 6505 6506
f 6494 6506 6493
f 6493 6506 6507
f 6493 6507 6492
f 6492 6507 6508
f 6492 6508 6491
f 6491 6508 6509
f 6491 6509 6490
f 6490 6509 6510
f 6490 6510 6489
f 6489 6510 6511
f 6489 6511 6488
f 6488 6511 6512
f 6488 6512 6487
f 6487 6512 6513
f 6487 6513 6486
f 6486 6513 6514
f 6486 6514 6485
f 6485 6514 6515
f 6485 6515 6484
f 6484 6515 6516
f 6484 6516 6483
f 6483 6516 6517
f 6483 6517 6482
f 6482 6517 6518
f 6482 6518 6481
f 6481 6518 6519
f 6481 6519 6480
f 6480 6519 6520
f 6480 6520 6479
f 6479 6520 6521
f 6479 6521 6478
f 6478 6521 6522
f 6478 6522 6477
f 6477 6522 6523
f 6477 6523 6476
f 6476 6523 6524
f 6476 6524 6475
f 6475 6524 6525
f 6475 6525 6474
f 6474 6525 6526
f 6474 6526 6473
f 6473 6526 6527
f 6473 6527 6472
f 6472 6527 6498
f 6528 6501 6529
f 6529 6501 6500
f 6529 6500 6530
f 6530 6500 6499
f 6530 6499 6531
f 6531 6499 6498
f 6531 6498 6532
f 6532 6498 6527
f 6532 6527 6533
f 6534 6507 6535
f 6535 6507 6506
f 6535 6506 6536
f 6536 6506 6505
f 6536 6505 6537
f 6537 6505 6504
f 6537 6504 6538
f 6538 6504 6503
f 6538 6503 6528
f 6528 6503 6502
f 6528 6502 6501
f 6527 6526 6533
f 6533 6526 6525
f 6533 6525 6539
f 6539 6525 6524
f 6539 6524 6540
f 6540 6524 6523
f 6540 6523 6541
f 6541 6523 6522
f 6541 6522 6542
f 6542 6522 6521
f 6542 6521 6543
f 6521 6520 6543
f 6543 6520 6519
f 6543 6519 6544
f 6544 6519 6518
f 6544 6518 6545
f 6545 6518 6517
f 6545 6517 6546
f 6546 6517 6516
f 6546 6516 6547
f 6547 6516 6515
f 6547 6515 6548
f 6548 6515 6514
f 6548 6514 6549
f 6549 6514 6513
f 6549 6513 6550
f 6550 6513 6512
f 6550 6512 6551
f 6551 6512 6511
f 6551 6511 6552
f 6552 6511 6510
f 6552 6510 6553
f 6553 6510 6509
f 6553 6509 6534
f 6534 6509 6508
f 6534 6508 6507
f 6554 6555 6556
f 6557 6558 6559
f 6559 6558 6560
f 6559 6560 6561
f 6561 6560 6562
f 6561 6562 6555
f 6555 6562 6563
f 6555 6563 6556
f 6557 6559 6564
f 6564 6559 6565
f 6564 6565 6566
f 6566 6565 6567
f 6566 6567 6568
f 6568 6567 6569
f 6568 6569 6570
f 6570 6569 6571
f 6571 6569 6572
f 6571 6572 6573
f 6573 6572 6574
f 6574 6572 6575
f 6574 6575 6576
f 6576 6575 6577
f 6576 6577 6578
f 6556 6579 6554
f 6554 6579 6580
f 6554 6580 6581
f 6581 6580 6582
f 6581 6582 6583
f 6583 6582 6584
f 6583 6584 6577
f 6577 6584 6585
f 6577 6585 6578
f 6565 6559 1720
f 6561 1717 6559
f 6559 1717 1719
f 6559 1719 1720
f 6555 1723 6561
f 6561 1723 1722
f 6561 1722 1717
f 6554 1721 6555
f 6555 1721 1724
f 6555 1724 1723
f 6581 1715 6554
f 6554 1715 1714
f 6554 1714 1721
f 6583 1726 6581
f 6581 1726 1725
f 6581 1725 1715
f 6577 1695 6583
f 6583 1695 1698
f 6583 1698 1726
f 6575 1700 6577
f 6577 1700 1699
f 6577 1699 1695
f 6572 1702 6575
f 6575 1702 1701
f 6575 1701 1700
f 6569 1705 6572
f 6572 1705 1703
f 6572 1703 1702
f 6567 1707 6569
f 6569 1707 1706
f 6569 1706 1705
f 1720 6586 6565
f 6565 6586 1710
f 6565 1710 6567
f 6567 1710 1708
f 6567 1708 1707
f 6587 6588 6589
f 6590 6591 6592
f 6592 6591 6593
f 6592 6593 6594
f 6594 6593 6595
f 6594 6595 6588
f 6588 6595 6596
f 6588 6596 6589
f 6590 6592 6597
f 6597 6592 6598
f 6597 6598 6599
f 6599 6598 6600
f 6599 6600 6601
f 6601 6600 6602
f 6601 6602 6603
f 6603 6602 6604
f 6604 6602 6605
f 6604 6605 6606
f 6606 6605 6607
f 6607 6605 6608
f 6607 6608 6609
f 6609 6608 6610
f 6609 6610 6611
f 6589 6612 6587
f 6587 6612 6613
f 6587 6613 6614
f 6614 6613 6615
f 6614 6615 6616
f 6616 6615 6617
f 6616 6617 6610
f 6610 6617 6618
f 6610 6618 6611
f 6598 6592 1761
f 6594 1733 6592
f 6592 1733 1762
f 6592 1762 1761
f 6588 1736 6594
f 6594 1736 1734
f 6594 1734 1733
f 6587 1732 6588
f 6588 1732 1737
f 6588 1737 1736
f 6614 1730 6587
f 6587 1730 1729
f 6587 1729 1732
f 6616 1739 6614
f 6614 1739 1738
f 6614 1738 1730
f 6610 1744 6616
f 6616 1744 1741
f 6616 1741 1739
f 6608 1747 6610
f 6610 1747 1746
f 6610 1746 1744
f 6605 1752 6608
f 6608 1752 1748
f 6608 1748 1747
f 6602 1750 6605
f 6605 1750 1749
f 6605 1749 1752
f 6600 1754 6602
f 6602 1754 1753
f 6602 1753 1750
f 1761 6619 6598
f 6598 6619 1757
f 6598 1757 6600
f 6600 1757 1756
f 6600 1756 1754
f 6620 6621 6622
f 6623 6624 6625
f 6625 6624 6626
f 6625 6626 6627
f 6627 6626 6628
f 6627 6628 6621
f 6621 6628 6629
f 6621 6629 6622
f 6623 6625 6630
f 6630 6625 6631
f 6630 6631 6632
f 6632 6631 6633
f 6632 6633 6634
f 6634 6633 6635
f 6634 6635 6636
f 6636 6635 6637
f 6637 6635 6638
f 6637 6638 6639
f 6639 6638 6640
f 6640 6638 6641
f 6640 6641 6642
f 6642 6641 6643
f 6642 6643 6644
f 6622 6645 6620
f 6620 6645 6646
f 6620 6646 6647
f 6647 6646 6648
f 6647 6648 6649
f 6649 6648 6650
f 6649 6650 6643
f 6643 6650 6651
f 6643 6651 6644
f 6631 6625 3574
f 6627 3576 6625
f 6625 3576 3575
f 6625 3575 3574
f 6621 1830 6627
f 6627 1830 3577
f 6627 3577 3576
f 6620 1826 6621
f 6621 1826 1831
f 6621 1831 1830
f 6647 1825 6620
f 6620 1825 1827
f 6620 1827 1826
f 6649 1823 6647
f 6647 1823 1822
f 6647 1822 1825
f 6643 1834 6649
f 6649 1834 1836
f 6649 1836 1823
f 6641 1809 6643
f 6643 1809 1808
f 6643 1808 1834
f 6638 1818 6641
f 6641 1818 1810
f 6641 1810 1809
f 6635 1821 6638
f 6638 1821 1819
f 6638 1819 1818
f 6633 3573 6635
f 6635 3573 3571
f 6635 3571 1821
f 3574 6652 6631
f 6631 6652 3569
f 6631 3569 6633
f 6633 3569 3568
f 6633 3568 3573
f 6653 6654 6655
f 6656 6657 6658
f 6658 6657 6659
f 6658 6659 6660
f 6660 6659 6661
f 6660 6661 6654
f 6654 6661 6662
f 6654 6662 6655
f 6656 6658 6663
f 6663 6658 6664
f 6663 6664 6665
f 6665 6664 6666
f 6665 6666 6667
f 6667 6666 6668
f 6667 6668 6669
f 6669 6668 6670
f 6670 6668 6671
f 6670 6671 6672
f 6672 6671 6673
f 6673 6671 6674
f 6673 6674 6675
f 6675 6674 6676
f 6675 6676 6677
f 6655 6678 6653
f 6653 6678 6679
f 6653 6679 6680
f 6680 6679 6681
f 6680 6681 6682
f 6682 6681 6683
f 6682 6683 6676
f 6676 6683 6684
f 6676 6684 6677
f 6664 6658 1795
f 6660 1767 6658
f 6658 1767 1796
f 6658 1796 1795
f 6654 1770 6660
f 6660 1770 1768
f 6660 1768 1767
f 6653 1766 6654
f 6654 1766 1771
f 6654 1771 1770
f 6680 1764 6653
f 6653 1764 1763
f 6653 1763 1766
f 6682 1773 6680
f 6680 1773 1772
f 6680 1772 1764
f 6676 1778 6682
f 6682 1778 1775
f 6682 1775 1773
f 6674 1781 6676
f 6676 1781 1780
f 6676 1780 1778
f 6671 1786 6674
f 6674 1786 1782
f 6674 1782 1781
f 6668 1784 6671
f 6671 1784 1783
f 6671 1783 1786
f 6666 1788 6668
f 6668 1788 1787
f 6668 1787 1784
f 1795 6685 6664
f 6664 6685 1791
f 6664 1791 6666
f 6666 1791 1790
f 6666 1790 1788
f 6221 6223 6686
f 6686 6223 6687
f 6686 6687 6688
f 6688 6687 6689
f 6688 6689 6690
f 6690 6689 6691
f 6690 6691 6692
f 6692 6691 6693
f 6692 6693 6694
f 6694 6693 6695
f 6694 6695 6696
f 6696 6695 6697
f 6696 6697 6698
f 6698 6697 6699
f 6698 6699 6700
f 6700 6699 6701
f 6700 6701 6702
f 6702 6701 6703
f 6702 6703 6704
f 6704 6703 6705
f 6704 6705 6706
f 6706 6705 6707
f 6706 6707 6708
f 6708 6707 6709
f 6708 6709 6207
f 6207 6709 6208
f 6688 6690 6204
f 6698 6700 6204
f 6221 6686 6204
f 6708 6207 6220
f 6204 6704 6706
f 6708 6204 6706
f 6702 6704 6204
f 6220 6205 6708
f 6708 6205 6204
f 6700 6702 6204
f 6204 6694 6696
f 6692 6694 6204
f 6696 6698 6204
f 6690 6692 6204
f 6686 6688 6204
f 6214 6213 6710
f 6710 6213 6711
f 6710 6711 6712
f 6712 6711 6713
f 6712 6713 6714
f 6714 6713 6715
f 6714 6715 6716
f 6716 6715 6717
f 6716 6717 6718
f 6718 6717 6719
f 6718 6719 6720
f 6720 6719 6721
f 6720 6721 6722
f 6722 6721 6723
f 6722 6723 6724
f 6724 6723 6725
f 6724 6725 6726
f 6726 6725 6727
f 6726 6727 6728
f 6728 6727 6729
f 6728 6729 6730
f 6730 6729 6731
f 6730 6731 6732
f 6732 6731 6733
f 6732 6733 6210
f 6210 6733 6211
f 6712 6714 6216
f 6722 6724 6216
f 6214 6710 6216
f 6216 6728 6730
f 6732 6216 6730
f 6726 6728 6216
f 6210 6218 6732
f 6732 6218 6216
f 6724 6726 6216
f 6216 6718 6720
f 6716 6718 6216
f 6720 6722 6216
f 6714 6716 6216
f 6710 6712 6216
f 6734 6735 6736
f 6737 6738 6736
f 6739 6740 6736
f 5954 6736 5959
f 6736 5954 5953
f 6736 5952 5951
f 6741 6736 5951
f 5953 5952 6736
f 6736 6742 6743
f 6744 6736 6743
f 6745 6742 6736
f 6740 6745 6736
f 6738 6739 6736
f 6735 6737 6736
f 6741 6734 6736
f 6736 6746 6747
f 6748 6736 6747
f 6749 6746 6736
f 5958 5959 6748
f 6748 5959 6736
f 6744 6749 6736
f 6014 6750 6751
f 6752 6735 6751
f 6751 6735 6734
f 6751 6734 6014
f 6014 6734 6741
f 6014 6741 5951
f 6753 6738 6752
f 6752 6738 6737
f 6752 6737 6735
f 6754 6740 6753
f 6753 6740 6739
f 6753 6739 6738
f 6755 6742 6754
f 6754 6742 6745
f 6754 6745 6740
f 6756 6744 6755
f 6755 6744 6743
f 6755 6743 6742
f 6757 6127 5956
f 5958 6748 5956
f 5956 6748 6747
f 5956 6747 6757
f 6757 6747 6746
f 6757 6746 6756
f 6756 6746 6749
f 6756 6749 6744
f 6758 5946 3580
f 6759 6760 3580
f 6759 3580 6761
f 6760 6762 3580
f 3580 6762 6763
f 3580 6763 6758
f 1690 6764 3580
f 3580 6764 6765
f 3580 6765 6761
f 1690 1689 6764
f 6764 1689 1571
f 6764 1571 2489
f 5942 6766 1817
f 1817 6766 6767
f 6767 6768 1817
f 1817 6768 6769
f 1817 6769 6770
f 6770 6771 1817
f 1817 6771 6772
f 1817 6772 6773
f 6773 2490 1817
f 1817 2490 1937
f 1817 1937 1798
f 6774 6775 6776
f 6777 6778 2489
f 6779 6780 6781
f 6782 6783 2489
f 2489 6783 6784
f 2489 6784 6764
f 6764 6784 6785
f 6764 6785 6786
f 6779 6787 6780
f 6780 6787 6788
f 6780 6788 6789
f 6789 6788 6790
f 6791 6782 6792
f 6792 6782 2489
f 6792 2489 6793
f 6793 2489 6778
f 6794 6795 6796
f 6796 6795 6797
f 6796 6797 6798
f 6798 6797 6799
f 6798 6799 6800
f 6800 6799 6801
f 6800 6801 6773
f 6776 6802 6774
f 6774 6802 6803
f 6774 6803 6804
f 6804 6803 6795
f 6804 6795 6805
f 6805 6795 6794
f 6805 6794 6806
f 6806 6794 6807
f 6806 6807 6786
f 6786 6807 6808
f 6786 6808 6764
f 6809 6810 2490
f 2490 6810 6811
f 6801 6812 6773
f 6773 6812 6813
f 6773 6813 2490
f 6813 6814 2490
f 2490 6814 6815
f 2490 6815 6775
f 6816 6817 6818
f 6818 6817 6819
f 6818 6819 6820
f 6777 2489 6821
f 6821 2489 2490
f 6821 2490 6822
f 6822 2490 6811
f 6822 6811 6790
f 6790 6811 6823
f 6790 6823 6789
f 6774 6824 6775
f 6775 6824 6818
f 6775 6818 2490
f 2490 6818 6820
f 2490 6820 6809
f 6781 6825 6779
f 6779 6825 6782
f 6779 6782 6826
f 6826 6782 6791
f 6816 6818 6825
f 6825 6818 6827
f 6825 6827 6782
f 6828 6829 6830
f 6831 6829 6828
f 6828 6832 6833
f 6834 6832 6828
f 6830 6834 6828
f 6828 6835 6836
f 6837 6835 6828
f 6833 6837 6828
f 6828 6838 6839
f 6840 6838 6828
f 6836 6840 6828
f 6839 6831 6828
f 6841 6829 6842
f 6842 6829 6831
f 6842 6831 6843
f 6843 6831 6839
f 6838 6203 6839
f 6839 6203 6844
f 6839 6844 6843
f 6841 6845 6829
f 6829 6845 6193
f 6829 6193 6830
f 6830 6193 6194
f 6830 6194 6834
f 6834 6194 6195
f 6834 6195 6832
f 6832 6195 6196
f 6832 6196 6833
f 6833 6196 6197
f 6833 6197 6837
f 6837 6197 6198
f 6837 6198 6835
f 6835 6198 6199
f 6835 6199 6836
f 6836 6199 6200
f 6836 6200 6840
f 6840 6200 6201
f 6840 6201 6838
f 6838 6201 6202
f 6838 6202 6203
f 6846 6847 6848
f 6849 6847 6846
f 6846 6850 6851
f 6852 6850 6846
f 6848 6852 6846
f 6846 6853 6854
f 6855 6853 6846
f 6851 6855 6846
f 6846 6856 6857
f 6858 6856 6846
f 6854 6858 6846
f 6857 6849 6846
f 6859 6850 6860
f 6860 6850 6852
f 6860 6852 6861
f 6861 6852 6848
f 6847 2501 6848
f 6848 2501 6862
f 6848 6862 6861
f 6859 6863 6850
f 6850 6863 2491
f 6850 2491 6851
f 6851 2491 2492
f 6851 2492 6855
f 6855 2492 2493
f 6855 2493 6853
f 6853 2493 2494
f 6853 2494 6854
f 6854 2494 2495
f 6854 2495 6858
f 6858 2495 2496
f 6858 2496 6856
f 6856 2496 2497
f 6856 2497 6857
f 6857 2497 2498
f 6857 2498 6849
f 6849 2498 2499
f 6849 2499 6847
f 6847 2499 2500
f 6847 2500 2501
f 6864 6865 6866
f 6867 6865 6864
f 6864 6868 6869
f 6870 6868 6864
f 6866 6870 6864
f 6864 6871 6872
f 6873 6871 6864
f 6869 6873 6864
f 6864 6874 6875
f 6876 6874 6864
f 6872 6876 6864
f 6875 6867 6864
f 6877 6871 6878
f 6878 6871 6873
f 6878 6873 6879
f 6879 6873 6869
f 6868 2512 6869
f 6869 2512 6880
f 6869 6880 6879
f 6877 6881 6871
f 6871 6881 2502
f 6871 2502 6872
f 6872 2502 2503
f 6872 2503 6876
f 6876 2503 2504
f 6876 2504 6874
f 6874 2504 2505
f 6874 2505 6875
f 6875 2505 2506
f 6875 2506 6867
f 6867 2506 2507
f 6867 2507 6865
f 6865 2507 2508
f 6865 2508 6866
f 6866 2508 2509
f 6866 2509 6870
f 6870 2509 2510
f 6870 2510 6868
f 6868 2510 2511
f 6868 2511 2512
f 6882 6883 6884
f 6885 6883 6882
f 6882 6886 6887
f 6888 6886 6882
f 6884 6888 6882
f 6882 6889 6890
f 6891 6889 6882
f 6887 6891 6882
f 6882 6892 6893
f 6894 6892 6882
f 6890 6894 6882
f 6893 6885 6882
f 6895 6892 6896
f 6896 6892 6894
f 6896 6894 6897
f 6897 6894 6890
f 6889 2523 6890
f 6890 2523 6898
f 6890 6898 6897
f 6895 6899 6892
f 6892 6899 2513
f 6892 2513 6893
f 6893 2513 2514
f 6893 2514 6885
f 6885 2514 2515
f 6885 2515 6883
f 6883 2515 2516
f 6883 2516 6884
f 6884 2516 2517
f 6884 2517 6888
f 6888 2517 2518
f 6888 2518 6886
f 6886 2518 2519
f 6886 2519 6887
f 6887 2519 2520
f 6887 2520 6891
f 6891 2520 2521
f 6891 2521 6889
f 6889 2521 2522
f 6889 2522 2523
f 6900 6901 6902
f 6900 6902 6903
f 6903 6902 6904
f 6903 6904 6905
f 6905 6904 6906
f 6905 6906 6907
f 6907 6906 6908
f 6907 6908 6909
f 6910 6911 6908
f 6908 6911 6912
f 6908 6912 6909
f 6913 6914 6915
f 6915 6914 6916
f 6915 6916 6910
f 6910 6916 6917
f 6910 6917 6911
f 6918 6919 6920
f 6920 6919 6921
f 6920 6921 6922
f 6922 6921 6923
f 6922 6923 6924
f 6924 6923 6925
f 6924 6925 6913
f 6913 6925 6926
f 6913 6926 6914
f 6900 6927 6901
f 6901 6927 6928
f 6901 6928 6918
f 6918 6928 6929
f 6918 6929 6919
f 6902 6783 6904
f 6904 6783 6782
f 6904 6782 6906
f 6906 6782 6827
f 6906 6827 6908
f 6908 6827 6818
f 6908 6818 6910
f 6910 6818 6824
f 6910 6824 6915
f 6915 6824 6774
f 6915 6774 6913
f 6913 6774 6804
f 6913 6804 6924
f 6924 6804 6805
f 6924 6805 6922
f 6922 6805 6806
f 6922 6806 6920
f 6920 6806 6786
f 6920 6786 6918
f 6918 6786 6785
f 6918 6785 6901
f 6901 6785 6784
f 6901 6784 6902
f 6902 6784 6783
f 6930 6931 6315
f 6315 6931 6316
f 6316 6931 6932
f 6316 6932 6318
f 6318 6932 6933
f 6318 6933 6319
f 6319 6933 6934
f 6319 6934 6320
f 6320 6934 6321
f 6321 6934 6935
f 6321 6935 6322
f 6322 6935 6323
f 6323 6935 6936
f 6323 6936 6324
f 6324 6936 6937
f 6324 6937 6325
f 6325 6937 6938
f 6325 6938 6326
f 6326 6938 6939
f 6326 6939 6327
f 6940 6329 6939
f 6939 6329 6328
f 6939 6328 6327
f 6315 6314 6930
f 6930 6314 6332
f 6930 6332 6941
f 6941 6332 6331
f 6941 6331 6940
f 6940 6331 6330
f 6940 6330 6329
f 6930 6789 6931
f 6931 6789 6823
f 6931 6823 6932
f 6932 6823 6811
f 6932 6811 6933
f 6933 6811 6810
f 6933 6810 6934
f 6934 6810 6809
f 6934 6809 6935
f 6935 6809 6820
f 6935 6820 6936
f 6936 6820 6819
f 6936 6819 6937
f 6937 6819 6817
f 6937 6817 6938
f 6938 6817 6816
f 6938 6816 6939
f 6939 6816 6825
f 6939 6825 6940
f 6940 6825 6781
f 6940 6781 6941
f 6941 6781 6780
f 6941 6780 6930
f 6930 6780 6789
f 6942 6943 6944
f 6944 6943 6945
f 6945 6943 6946
f 6945 6946 6947
f 6947 6946 6948
f 6947 6948 6949
f 6949 6948 6950
f 6949 6950 6951
f 6951 6950 6952
f 6952 6950 6953
f 6952 6953 6954
f 6954 6953 6955
f 6955 6953 6956
f 6955 6956 6957
f 6957 6956 6958
f 6957 6958 6959
f 6959 6958 6960
f 6959 6960 6961
f 6961 6960 6962
f 6961 6962 6963
f 6964 6965 6962
f 6962 6965 6966
f 6962 6966 6963
f 6944 6967 6942
f 6942 6967 6968
f 6942 6968 6969
f 6969 6968 6970
f 6969 6970 6964
f 6964 6970 6971
f 6964 6971 6965
f 6942 6802 6943
f 6943 6802 6776
f 6943 6776 6946
f 6946 6776 6775
f 6946 6775 6948
f 6948 6775 6815
f 6948 6815 6950
f 6950 6815 6814
f 6950 6814 6953
f 6953 6814 6813
f 6953 6813 6956
f 6956 6813 6812
f 6956 6812 6958
f 6958 6812 6801
f 6958 6801 6960
f 6960 6801 6799
f 6960 6799 6962
f 6962 6799 6797
f 6962 6797 6964
f 6964 6797 6795
f 6964 6795 6969
f 6969 6795 6803
f 6969 6803 6942
f 6942 6803 6802
f 6232 6972 6973
f 6232 6973 6233
f 6233 6973 6974
f 6233 6974 6235
f 6235 6974 6975
f 6235 6975 6237
f 6976 6977 6243
f 6243 6242 6976
f 6976 6242 6240
f 6976 6240 6975
f 6975 6240 6238
f 6975 6238 6237
f 6978 6247 6979
f 6979 6247 6245
f 6979 6245 6977
f 6977 6245 6244
f 6977 6244 6243
f 6980 6249 6978
f 6978 6249 6248
f 6978 6248 6247
f 6981 6230 6982
f 6982 6230 6226
f 6982 6226 6983
f 6983 6226 6251
f 6983 6251 6980
f 6980 6251 6250
f 6980 6250 6249
f 6232 6228 6972
f 6972 6228 6227
f 6972 6227 6981
f 6981 6227 6231
f 6981 6231 6230
f 6973 6793 6974
f 6974 6793 6778
f 6974 6778 6975
f 6975 6778 6777
f 6975 6777 6976
f 6976 6777 6821
f 6976 6821 6977
f 6977 6821 6822
f 6977 6822 6979
f 6979 6822 6790
f 6979 6790 6978
f 6978 6790 6788
f 6978 6788 6980
f 6980 6788 6787
f 6980 6787 6983
f 6983 6787 6779
f 6983 6779 6982
f 6982 6779 6826
f 6982 6826 6981
f 6981 6826 6791
f 6981 6791 6972
f 6972 6791 6792
f 6972 6792 6973
f 6973 6792 6793
f 6420 6134 6422
f 6422 6134 6136
f 6422 6136 6424
f 6424 6136 6152
f 6424 6152 6426
f 6426 6152 6154
f 6426 6154 6428
f 6428 6154 6156
f 6428 6156 6430
f 6430 6156 6158
f 6430 6158 6432
f 6432 6158 6137
f 6432 6137 6434
f 6434 6137 6139
f 6434 6139 6436
f 6436 6139 6141
f 6436 6141 6438
f 6438 6141 6143
f 6438 6143 6440
f 6440 6143 6145
f 6440 6145 6442
f 6442 6145 6147
f 6442 6147 6444
f 6444 6147 6128
f 6444 6128 6446
f 6446 6128 6130
f 6446 6130 6418
f 6418 6130 6132
f 6418 6132 6420
f 6420 6132 6134
f 6984 6750 6985
f 6984 6985 6986
f 6985 6987 6986
f 6986 6987 6988
f 6986 6988 6989
f 6988 6990 6989
f 6989 6990 6991
f 6989 6991 6992
f 6991 6993 6992
f 6992 6993 6994
f 6992 6994 6995
f 6994 6996 6995
f 6995 6996 6997
f 6995 6997 6998
f 6055 5940 6056
f 6056 5940 5939
f 6056 5939 6999
f 6999 5939 7000
f 6999 7000 7001
f 7001 7000 6998
f 7001 6998 7002
f 7002 6998 6997
f 6750 6984 6751
f 6751 6984 7003
f 6751 7003 6752
f 6752 7003 7004
f 6752 7004 6753
f 6753 7004 7005
f 6753 7005 6754
f 6754 7005 7006
f 6754 7006 6755
f 6755 7006 7007
f 6755 7007 6756
f 6756 7007 7008
f 6756 7008 6757
f 6757 7008 7009
f 6757 7009 6127
f 6127 7009 6125
f 1384 1386 6211
f 6211 6733 1384
f 1384 6733 6731
f 1384 6731 1382
f 6731 6729 1382
f 1382 6729 6727
f 1382 6727 1380
f 1380 6727 6725
f 1380 6725 1381
f 1381 6725 6723
f 6723 6721 1381
f 1381 6721 6719
f 1381 6719 1383
f 6719 6717 1383
f 1383 6717 6715
f 1383 6715 1385
f 1385 6715 6713
f 1385 6713 2484
f 2484 6713 6711
f 2484 6711 1389
f 1389 6711 6213
f 1389 6213 1388
f 6305 6303 2428
f 6307 6306 2426
f 6898 2523 2066
f 2513 6899 2063
f 2063 6899 6212
f 2063 6212 1386
f 1386 6212 6211
f 6899 6895 6212
f 6212 6895 6896
f 6212 6896 6270
f 6270 6896 6897
f 2276 1394 6223
f 6307 2426 6223
f 6223 2426 2282
f 6223 2282 2276
f 6845 6841 6291
f 6291 6841 6842
f 6291 6842 6293
f 6293 6842 6843
f 6293 6843 6844
f 6305 2428 6306
f 6306 2428 2427
f 6306 2427 2426
f 2425 2424 6302
f 6302 2424 2423
f 6302 2423 6303
f 6303 2423 2422
f 6303 2422 2428
f 6302 6300 2425
f 2425 6300 6299
f 2425 6299 2421
f 2421 6299 2420
f 6844 6203 6293
f 6293 6203 2094
f 6293 2094 6294
f 6294 2094 2419
f 6294 2419 6296
f 6296 2419 2252
f 6296 2252 2487
f 6299 6297 2420
f 2420 6297 6296
f 2420 6296 2255
f 2255 6296 2487
f 6193 6845 2092
f 2092 6845 6291
f 2092 6291 2412
f 2412 6291 6290
f 2412 6290 2228
f 2228 6290 6288
f 2228 6288 2486
f 2486 6288 2225
f 2225 6288 6287
f 2225 6287 2418
f 2418 6287 6285
f 2418 6285 2417
f 2417 6285 6284
f 2417 6284 2416
f 2416 6284 6282
f 2416 6282 2415
f 2415 6282 6281
f 2415 6281 2414
f 6281 6279 2414
f 2414 6279 6278
f 2414 6278 2413
f 6273 2201 6275
f 6275 2201 2413
f 6275 2413 6276
f 6276 2413 6278
f 6897 6898 6270
f 6270 6898 2066
f 6270 2066 6272
f 6272 2066 2198
f 6272 2198 6273
f 6273 2198 2485
f 6273 2485 2201
f 6862 2501 2010
f 2036 2502 6881
f 2036 6881 6336
f 6336 6881 6877
f 6336 6877 6337
f 6337 6877 6878
f 6337 6878 6252
f 6878 6879 6252
f 6252 6879 6880
f 6252 6880 2512
f 2491 6863 2007
f 2007 6863 6208
f 2007 6208 1396
f 6863 6859 6208
f 6208 6859 6860
f 6208 6860 6209
f 6209 6860 6861
f 6256 6255 2483
f 2483 2148 6256
f 6256 2148 2431
f 6256 2431 6258
f 6258 2431 2432
f 6258 2432 6259
f 6259 2432 2436
f 6259 2436 6261
f 6261 2436 2435
f 6261 2435 6262
f 6262 2435 2434
f 6262 2434 6264
f 6264 2434 2433
f 6264 2433 6265
f 6265 2433 2439
f 6265 2439 6267
f 6267 2439 2438
f 6267 2438 6268
f 6268 2438 2437
f 6268 2437 6269
f 6269 2437 2175
f 6269 2175 6213
f 6213 2175 2169
f 6213 2169 1388
f 2512 2038 6252
f 6252 2038 2430
f 6252 2430 6255
f 6255 2430 2145
f 6255 2145 2483
f 6333 2482 6335
f 6335 2482 2121
f 6335 2121 6336
f 6336 2121 2429
f 6336 2429 2036
f 2410 2376 6234
f 6234 2376 2481
f 6234 2481 6229
f 6229 2481 2378
f 6229 2378 6333
f 6333 2378 2118
f 6333 2118 2482
f 6312 2480 6310
f 6310 2480 2398
f 6310 2398 6317
f 6317 2398 2409
f 6317 2409 6241
f 6241 2409 2411
f 6241 2411 6239
f 6239 2411 2410
f 6239 2410 6236
f 6236 2410 6234
f 6861 6862 6209
f 6209 6862 2010
f 6209 2010 6308
f 2010 2305 6308
f 6308 2305 2479
f 6308 2479 6313
f 6313 2479 2308
f 6313 2308 6312
f 6312 2308 2396
f 6312 2396 2480
f 1398 1396 6208
f 6208 6709 1398
f 1398 6709 6707
f 1398 6707 1399
f 6707 6705 1399
f 1399 6705 6703
f 1399 6703 1390
f 1390 6703 6701
f 1390 6701 1391
f 1391 6701 6699
f 6699 6697 1391
f 1391 6697 6695
f 1391 6695 1392
f 6695 6693 1392
f 1392 6693 6691
f 1392 6691 1397
f 1397 6691 6689
f 1397 6689 2488
f 2488 6689 6687
f 2488 6687 1393
f 1393 6687 6223
f 1393 6223 1394
f 7010 7011 7012
f 7012 7011 7013
f 7012 7013 7014
f 7014 7013 7015
f 7014 7015 7016
f 7016 7015 7017
f 7016 7017 7018
f 7019 7020 7021
f 7021 7020 7022
f 7021 7022 7023
f 7023 7022 7024
f 7023 7024 7025
f 7024 7026 7025
f 7025 7026 7027
f 7025 7027 7028
f 7028 7027 7029
f 7028 7029 7030
f 7030 7029 7031
f 7030 7031 7032
f 7032 7031 7033
f 7032 7033 7010
f 7010 7033 7034
f 7010 7034 7011
f 7035 7036 7037
f 7037 7036 7038
f 7037 7038 7039
f 7039 7038 7040
f 7039 7040 7041
f 7041 7040 7042
f 7041 7042 7019
f 7019 7042 7043
f 7019 7043 7020
f 7017 7044 7018
f 7018 7044 7045
f 7018 7045 7046
f 7046 7045 7047
f 7046 7047 7048
f 7048 7047 7049
f 7048 7049 7035
f 7035 7049 7050
f 7035 7050 7036
f 6191 7035 6192
f 6192 7035 7037
f 6192 7037 6171
f 6171 7037 7039
f 6171 7039 6173
f 6173 7039 7041
f 6173 7041 6175
f 6175 7041 7019
f 6175 7019 6177
f 6177 7019 7021
f 6177 7021 6179
f 6179 7021 7023
f 6179 7023 6180
f 6180 7023 7025
f 6180 7025 6182
f 6182 7025 7028
f 6182 7028 6184
f 6184 7028 7030
f 6184 7030 6185
f 6185 7030 7032
f 6185 7032 6162
f 6162 7032 7010
f 6162 7010 6164
f 6164 7010 7012
f 6164 7012 6166
f 6166 7012 7014
f 6166 7014 6168
f 6168 7014 7016
f 6168 7016 6186
f 6186 7016 7018
f 6186 7018 6187
f 6187 7018 7046
f 6187 7046 6189
f 6189 7046 7048
f 6189 7048 6191
f 6191 7048 7035
f 7051 7052 7053
f 7053 7052 7054
f 7053 7054 7055
f 7055 7054 7056
f 7055 7056 7057
f 7058 7059 7060
f 7058 7061 7059
f 7059 7061 7062
f 7059 7062 7063
f 7063 7062 7064
f 7063 7064 7051
f 7051 7064 7065
f 7051 7065 7052
f 7066 7067 7068
f 7068 7067 7069
f 7068 7069 7070
f 7070 7069 7071
f 7070 7071 7072
f 7073 7074 7075
f 7075 7074 7076
f 7075 7076 7066
f 7066 7076 7077
f 7066 7077 7067
f 7078 7079 7080
f 7080 7079 7081
f 7080 7081 7082
f 7082 7081 7083
f 7082 7083 7073
f 7073 7083 7084
f 7073 7084 7074
f 7071 7085 7072
f 7072 7085 7086
f 7072 7086 7087
f 7087 7086 7088
f 7087 7088 7060
f 7060 7088 7089
f 7060 7089 7058
f 7056 7090 7057
f 7057 7090 7091
f 7057 7091 7092
f 7092 7091 7093
f 7092 7093 7078
f 7078 7093 7094
f 7078 7094 7079
f 6133 7063 6135
f 6135 7063 7051
f 6135 7051 6150
f 6150 7051 7053
f 6150 7053 6151
f 6151 7053 7055
f 6151 7055 6153
f 6153 7055 7057
f 6153 7057 6155
f 6155 7057 7092
f 6155 7092 6157
f 6157 7092 7078
f 6157 7078 6159
f 6159 7078 7080
f 6159 7080 6160
f 6160 7080 7082
f 6160 7082 6138
f 6138 7082 7073
f 6138 7073 6140
f 6140 7073 7075
f 6140 7075 6142
f 6142 7075 7066
f 6142 7066 6144
f 6144 7066 7068
f 6144 7068 6146
f 6146 7068 7070
f 6146 7070 6148
f 6148 7070 7072
f 6148 7072 6149
f 6149 7072 7087
f 6149 7087 6129
f 6129 7087 7060
f 6129 7060 6131
f 6131 7060 7059
f 6131 7059 6133
f 6133 7059 7063
f 6065 6066 7095
f 6065 7095 6063
f 6063 7095 7096
f 6063 7096 6061
f 6061 7096 7097
f 6061 7097 6059
f 6059 7097 7098
f 6059 7098 6057
f 5942 5940 7098
f 7098 5940 6055
f 7098 6055 6057
f 5944 5946 6049
f 6049 5946 7099
f 6049 7099 6051
f 6051 7099 7100
f 6051 7100 6053
f 6053 7100 7095
f 6053 7095 6066
f 7101 6807 6794
f 6764 6808 7102
f 7103 6761 7102
f 7102 6761 6765
f 7102 6765 6764
f 7104 6760 7103
f 7103 6760 6759
f 7103 6759 6761
f 5946 6758 7099
f 7099 6758 6763
f 7099 6763 7104
f 7104 6763 6762
f 7104 6762 6760
f 6794 7105 7101
f 7101 7105 7106
f 7101 7106 7107
f 6808 6807 7102
f 7102 6807 7101
f 7102 7101 7103
f 7103 7101 7107
f 7103 7107 7104
f 7104 7107 7108
f 7104 7108 7099
f 7099 7108 7100
f 7106 7109 7107
f 7107 7109 7110
f 7107 7110 7108
f 7108 7110 7111
f 7108 7111 7100
f 7100 7111 7095
f 7096 7095 7112
f 7112 7095 7111
f 7112 7111 7113
f 7113 7111 7110
f 7113 7110 7114
f 7114 7110 7109
f 7114 7109 7115
f 7115 7109 7106
f 7115 7106 7116
f 7116 7106 7105
f 7116 7105 6796
f 6796 7105 6794
f 6766 5942 6767
f 6767 5942 7098
f 6767 7098 6768
f 6768 7098 7117
f 6772 6771 7118
f 7118 6771 6770
f 7118 6770 7117
f 7117 6770 6769
f 7117 6769 6768
f 7118 7119 6772
f 6772 7119 6800
f 6772 6800 6773
f 7120 7121 7114
f 6796 6798 7116
f 7116 6798 7120
f 7116 7120 7115
f 7115 7120 7114
f 7097 7096 7122
f 7122 7096 7112
f 7122 7112 7121
f 7121 7112 7113
f 7121 7113 7114
f 6798 6800 7120
f 7120 6800 7119
f 7120 7119 7121
f 7121 7119 7118
f 7121 7118 7122
f 7122 7118 7117
f 7122 7117 7097
f 7097 7117 7098
f 7062 7061 6549
f 6549 7061 6548
f 7061 7058 6548
f 6548 7058 7089
f 6548 7089 6547
f 6547 7089 7088
f 6547 7088 6546
f 6546 7088 7086
f 6546 7086 6545
f 6545 7086 7085
f 6545 7085 6544
f 6544 7085 7071
f 6544 7071 6543
f 6543 7071 7069
f 6543 7069 6542
f 6542 7069 7067
f 6542 7067 6541
f 6541 7067 7077
f 6541 7077 6540
f 6540 7077 7076
f 6540 7076 6539
f 6539 7076 7074
f 6539 7074 6533
f 6533 7074 7084
f 6533 7084 6532
f 6532 7084 7083
f 6532 7083 6531
f 6531 7083 7081
f 6531 7081 6530
f 6530 7081 7079
f 6530 7079 6529
f 6529 7079 7094
f 6529 7094 6528
f 6528 7094 7093
f 6528 7093 6538
f 6538 7093 7091
f 6538 7091 6537
f 6537 7091 7090
f 6537 7090 6536
f 6536 7090 7056
f 6536 7056 6535
f 6535 7056 7054
f 6535 7054 6534
f 6534 7054 7052
f 6534 7052 6553
f 6553 7052 7065
f 6553 7065 6552
f 6552 7065 7064
f 6552 7064 6551
f 6551 7064 7062
f 6551 7062 6550
f 6550 7062 6549
f 7050 6412 7036
f 7036 6412 6413
f 7036 6413 7038
f 7038 6413 6414
f 7038 6414 7040
f 7040 6414 6415
f 7040 6415 7042
f 7042 6415 6416
f 7042 6416 7043
f 7043 6416 6394
f 7043 6394 7020
f 7020 6394 6395
f 7020 6395 7022
f 7022 6395 6396
f 7022 6396 7024
f 7024 6396 6397
f 7024 6397 7026
f 7026 6397 6398
f 7026 6398 7027
f 7027 6398 6399
f 7027 6399 7029
f 7029 6399 6405
f 7029 6405 7031
f 7031 6405 6406
f 7031 6406 7033
f 7033 6406 6407
f 7033 6407 7034
f 7034 6407 6408
f 7034 6408 7011
f 7011 6408 6400
f 7011 6400 7013
f 7013 6400 6401
f 7013 6401 7015
f 7015 6401 6402
f 7015 6402 7017
f 7017 6402 6403
f 7017 6403 7044
f 7044 6403 6404
f 7044 6404 7045
f 7045 6404 6409
f 7045 6409 7047
f 7047 6409 6410
f 7047 6410 7049
f 7049 6410 6411
f 7049 6411 7050
f 7050 6411 6412
f 7123 7124 6029
f 6029 6028 7123
f 7123 6028 6032
f 7123 6032 7125
f 6032 6031 7125
f 7125 6031 6035
f 7125 6035 7126
f 6035 6034 7126
f 7126 6034 6038
f 7126 6038 7127
f 6038 6037 7127
f 7127 6037 6041
f 7127 6041 7128
f 6041 6040 7128
f 7128 6040 6044
f 7128 6044 7129
f 6044 6043 7129
f 7129 6043 6047
f 7129 6047 7130
f 6047 6046 7130
f 7130 6046 6045
f 7130 6045 7131
f 6045 5962 7131
f 7131 5962 5965
f 7131 5965 7132
f 5965 5964 7132
f 7132 5964 5968
f 7132 5968 7133
f 5968 5967 7133
f 7133 5967 5971
f 7133 5971 7134
f 5971 5970 7134
f 7134 5970 5974
f 7134 5974 7135
f 5974 5973 7135
f 7135 5973 5977
f 7135 5977 7136
f 5977 5976 7136
f 7136 5976 5980
f 7136 5980 7137
f 5980 5979 7137
f 7137 5979 5983
f 7137 5983 7138
f 5983 5982 7138
f 7138 5982 5986
f 7138 5986 7139
f 5986 5985 7139
f 7139 5985 5989
f 7139 5989 7140
f 5989 5988 7140
f 7140 5988 5992
f 7140 5992 7141
f 5992 5991 7141
f 7141 5991 5995
f 7141 5995 7142
f 5995 5994 7142
f 7142 5994 5998
f 7142 5998 7143
f 5998 5997 7143
f 7143 5997 6001
f 7143 6001 7144
f 6001 6000 7144
f 7144 6000 6004
f 7144 6004 7145
f 6004 6003 7145
f 7145 6003 6007
f 7145 6007 7146
f 6007 6006 7146
f 7146 6006 6010
f 7146 6010 7147
f 6010 6009 7147
f 7147 6009 6013
f 7147 6013 7148
f 6013 6012 7148
f 7148 6012 6011
f 7148 6011 7149
f 7149 6011 5957
f 7149 5957 5956
f 5956 6014 7149
f 7149 6014 6015
f 7149 6015 7150
f 6015 6016 7150
f 7150 6016 6020
f 7150 6020 7151
f 6020 6019 7151
f 7151 6019 6023
f 7151 6023 7152
f 6023 6022 7152
f 7152 6022 6026
f 7152 6026 7124
f 7124 6026 6025
f 7124 6025 6029
f 7153 7154 7155
f 7155 7154 7156
f 7157 7158 7159
f 7159 7158 7153
f 7159 7153 7160
f 7160 7153 7155
f 7161 7158 7157
f 7162 7163 7164
f 7164 7163 7161
f 7164 7161 7165
f 7165 7161 7157
f 7166 7167 7168
f 7156 7154 7169
f 7169 7154 7166
f 7169 7166 7170
f 7170 7166 7168
f 7163 7162 7171
f 7163 7171 7172
f 7172 7171 7173
f 7172 7173 7174
f 7175 7176 7177
f 7175 7177 7178
f 7178 7177 7168
f 7178 7168 7167
f 7176 7175 7179
f 7179 7175 7180
f 7179 7180 7181
f 7181 7180 7182
f 7181 7182 7183
f 7183 7182 7184
f 7183 7184 7185
f 7185 7184 7186
f 7185 7186 7187
f 7187 7186 7188
f 7187 7188 7189
f 7189 7188 7190
f 7189 7190 7191
f 7191 7190 7192
f 7191 7192 7193
f 7193 7192 7194
f 7193 7194 7195
f 7195 7194 7196
f 7195 7196 7197
f 7197 7196 7198
f 7197 7198 7199
f 7199 7198 7200
f 7199 7200 7201
f 7201 7200 7202
f 7201 7202 7203
f 7203 7202 7204
f 7203 7204 7205
f 7205 7204 7206
f 7205 7206 7207
f 7207 7206 7208
f 7207 7208 7209
f 7209 7208 7210
f 7209 7210 7211
f 7211 7210 7212
f 7211 7212 7213
f 7213 7212 7214
f 7213 7214 7215
f 7215 7214 7216
f 7215 7216 7217
f 7217 7216 7218
f 7217 7218 7219
f 7219 7218 7220
f 7219 7220 7221
f 7221 7220 7222
f 7221 7222 7223
f 7223 7222 7224
f 7223 7224 7173
f 7173 7224 7174
f 7225 7226 7227
f 7227 7226 7228
f 7229 7230 7231
f 7231 7230 7232
f 7231 7232 7225
f 7225 7232 7233
f 7225 7233 7226
f 7234 7235 7236
f 7236 7235 7237
f 7236 7237 7238
f 7238 7237 7239
f 7238 7239 7231
f 7231 7239 7229
f 7235 7234 7240
f 7235 7240 7241
f 7241 7240 7242
f 7241 7242 7243
f 7244 7245 7246
f 7246 7245 7247
f 7246 7247 7248
f 7248 7247 7249
f 7248 7249 7242
f 7242 7249 7243
f 7245 7244 7250
f 7250 7244 7251
f 7250 7251 7252
f 7252 7251 7253
f 7252 7253 7254
f 7254 7253 7255
f 7254 7255 7256
f 7257 7173 7230
f 7230 7173 7171
f 7228 7226 7162
f 7162 7226 7233
f 7162 7233 7171
f 7171 7233 7232
f 7171 7232 7230
f 7250 7252 7168
f 7168 7252 7254
f 7168 7254 7256
f 7168 7177 7250
f 7250 7177 7176
f 7250 7176 7258
f 7182 7180 7152
f 7152 7180 7151
f 7151 7180 7175
f 7151 7175 7178
f 7158 7148 7153
f 7153 7148 7149
f 7153 7149 7154
f 7154 7149 7150
f 7154 7150 7166
f 7166 7150 7151
f 7166 7151 7167
f 7167 7151 7178
f 7158 7161 7148
f 7148 7161 7163
f 7148 7163 7147
f 7152 7124 7182
f 7182 7124 7123
f 7182 7123 7184
f 7184 7123 7125
f 7184 7125 7186
f 7186 7125 7126
f 7186 7126 7188
f 7188 7126 7127
f 7188 7127 7190
f 7190 7127 7128
f 7190 7128 7192
f 7192 7128 7129
f 7192 7129 7194
f 7194 7129 7130
f 7194 7130 7196
f 7196 7130 7131
f 7196 7131 7198
f 7198 7131 7132
f 7198 7132 7200
f 7200 7132 7133
f 7200 7133 7202
f 7202 7133 7134
f 7202 7134 7204
f 7204 7134 7135
f 7204 7135 7206
f 7206 7135 7136
f 7206 7136 7208
f 7163 7172 7147
f 7147 7172 7174
f 7147 7174 7146
f 7146 7174 7224
f 7146 7224 7145
f 7145 7224 7222
f 7145 7222 7144
f 7144 7222 7220
f 7144 7220 7143
f 7143 7220 7218
f 7143 7218 7142
f 7142 7218 7216
f 7142 7216 7141
f 7141 7216 7214
f 7141 7214 7140
f 7140 7214 7212
f 7140 7212 7139
f 7139 7212 7210
f 7139 7210 7138
f 7138 7210 7208
f 7138 7208 7137
f 7137 7208 7136
f 7259 7260 7261
f 7259 7261 7262
f 7262 7261 7263
f 7262 7263 7264
f 7265 7266 7267
f 7265 7267 7268
f 7268 7267 7269
f 7268 7269 7270
f 7271 7272 7273
f 7271 7273 7274
f 7274 7273 7275
f 7274 7275 7276
f 7277 7278 7279
f 7277 7279 7280
f 7280 7279 7281
f 7280 7281 7282
f 7283 7284 7285
f 7283 7285 7286
f 7286 7285 7287
f 7286 7287 7288
f 7289 7290 7291
f 7289 7291 7292
f 7292 7291 7293
f 7292 7293 7294
f 7295 7296 7297
f 7295 7297 7298
f 7298 7297 7299
f 7298 7299 7300
f 7301 7302 7303
f 7301 7303 7304
f 7304 7303 7305
f 7304 7305 7306
f 7276 7275 7307
f 7307 7275 7308
f 7307 7308 7309
f 7309 7308 7310
f 7309 7310 7311
f 7311 7310 7312
f 7311 7312 7313
f 7313 7312 7314
f 7315 7316 7317
f 7317 7316 7318
f 7317 7318 7319
f 7319 7318 7320
f 7319 7320 7321
f 7321 7320 7322
f 7321 7322 7281
f 7281 7322 7282
f 7270 7269 7323
f 7323 7269 7324
f 7323 7324 7325
f 7325 7324 7326
f 7325 7326 7327
f 7327 7326 7328
f 7327 7328 7329
f 7329 7328 7330
f 7331 7332 7333
f 7333 7332 7334
f 7333 7334 7335
f 7335 7334 7336
f 7335 7336 7337
f 7337 7336 7338
f 7337 7338 7263
f 7263 7338 7264
f 7339 7340 7341
f 7341 7340 7342
f 7341 7342 7343
f 7343 7342 7344
f 7343 7344 7345
f 7345 7344 7346
f 7345 7346 7305
f 7305 7346 7306
f 7300 7299 7347
f 7347 7299 7348
f 7347 7348 7349
f 7349 7348 7350
f 7349 7350 7351
f 7351 7350 7352
f 7351 7352 7353
f 7353 7352 7354
f 7288 7287 7355
f 7355 7287 7356
f 7355 7356 7357
f 7357 7356 7358
f 7357 7358 7359
f 7359 7358 7360
f 7359 7360 7361
f 7361 7360 7362
f 7363 7364 7365
f 7365 7364 7366
f 7365 7366 7367
f 7367 7366 7368
f 7367 7368 7369
f 7369 7368 7370
f 7369 7370 7293
f 7293 7370 7294
f 7371 7372 7373
f 7372 7371 7374
f 7371 7375 7374
f 7374 7375 7376
f 7374 7376 7377
f 7377 7376 7378
f 7377 7378 7379
f 7379 7378 7380
f 7379 7380 7381
f 7381 7380 7382
f 7381 7382 7383
f 7383 7382 7384
f 7383 7384 7385
f 7385 7384 7386
f 7387 7388 7389
f 7387 7389 7390
f 7390 7389 7385
f 7390 7385 7386
f 7388 7387 7391
f 7391 7387 7392
f 7391 7392 7393
f 7393 7392 7394
f 7393 7394 7395
f 7395 7394 7396
f 7397 7398 7399
f 7399 7398 7400
f 7399 7400 7401
f 7395 7396 7402
f 7402 7396 7403
f 7402 7403 7397
f 7397 7403 7404
f 7397 7404 7398
f 7405 327 7406
f 7406 327 326
f 7406 326 7407
f 7407 326 325
f 7407 325 7408
f 7408 325 322
f 7408 322 7409
f 7409 322 321
f 7409 321 7410
f 7410 321 367
f 7410 367 7411
f 7411 367 366
f 7411 366 7412
f 7412 366 365
f 7412 365 7413
f 7413 365 288
f 7414 286 7415
f 7415 286 331
f 7415 331 7416
f 7416 331 330
f 7416 330 7405
f 7405 330 327
f 364 7417 7418
f 364 7418 287
f 287 7418 7413
f 287 7413 288
f 286 7414 7419
f 286 7419 332
f 332 7419 7420
f 332 7420 334
f 7417 364 7421
f 7421 364 363
f 334 7420 336
f 336 7420 7422
f 278 7423 7424
f 278 7424 277
f 277 7424 7421
f 277 7421 363
f 336 7422 7425
f 336 7425 338
f 338 7425 7426
f 338 7426 340
f 7423 278 7427
f 7427 278 329
f 7427 329 7428
f 7428 329 328
f 7428 328 7429
f 7429 328 320
f 7430 370 7431
f 7431 370 371
f 7431 371 7432
f 7432 371 341
f 7432 341 7426
f 7426 341 340
f 7429 320 7433
f 7433 320 319
f 7434 369 7430
f 7430 369 370
f 300 7435 7436
f 300 7436 283
f 283 7436 7437
f 283 7437 318
f 318 7437 7433
f 318 7433 319
f 369 7434 7438
f 369 7438 368
f 368 7438 7439
f 368 7439 308
f 308 7439 7440
f 308 7440 373
f 7435 300 7441
f 7441 300 265
f 373 7440 372
f 372 7440 7442
f 7443 3583 259
f 259 3583 7444
f 259 7444 257
f 257 7444 7445
f 257 7445 255
f 255 7445 7446
f 255 7446 253
f 253 7446 7441
f 253 7441 265
f 372 7442 7447
f 372 7447 260
f 260 7447 7448
f 260 7448 261
f 261 7448 7449
f 261 7449 263
f 263 7449 1908
f 263 1908 264
f 264 1908 618
f 618 1908 1907
f 618 1907 619
f 619 1907 1906
f 619 1906 613
f 613 1906 1704
f 613 1704 614
f 614 1704 1709
f 614 1709 615
f 615 1709 1711
f 615 1711 616
f 616 1711 1713
f 616 1713 611
f 611 1713 1718
f 611 1718 612
f 612 1718 1904
f 612 1904 610
f 610 1904 1902
f 610 1902 609
f 609 1902 1900
f 609 1900 608
f 608 1900 1898
f 608 1898 607
f 607 1898 1896
f 607 1896 606
f 606 1896 1894
f 606 1894 605
f 605 1894 1892
f 605 1892 604
f 604 1892 1890
f 604 1890 603
f 603 1890 1888
f 603 1888 602
f 602 1888 1886
f 602 1886 601
f 601 1886 1884
f 601 1884 600
f 600 1884 1751
f 600 1751 599
f 599 1751 1755
f 599 1755 598
f 598 1755 1758
f 598 1758 597
f 597 1758 1760
f 597 1760 596
f 596 1760 1735
f 596 1735 595
f 595 1735 1936
f 595 1936 9
f 9 1936 1880
f 9 1880 10
f 10 1880 1881
f 10 1881 7443
f 7443 1881 3583
f 7450 358 7451
f 7451 358 359
f 7451 359 7452
f 7452 359 314
f 7452 314 7453
f 7453 314 313
f 7453 313 7454
f 7454 313 312
f 7454 312 7455
f 7455 312 311
f 7455 311 7456
f 7456 311 324
f 7456 324 7457
f 7457 324 323
f 7457 323 7458
f 7458 323 281
f 7459 279 7460
f 7460 279 357
f 7460 357 7461
f 7461 357 356
f 7461 356 7450
f 7450 356 358
f 355 7462 7463
f 355 7463 280
f 280 7463 7458
f 280 7458 281
f 279 7459 7464
f 279 7464 289
f 289 7464 7465
f 289 7465 291
f 7462 355 7466
f 7466 355 354
f 291 7465 315
f 315 7465 7467
f 349 7468 7469
f 349 7469 274
f 274 7469 7466
f 274 7466 354
f 315 7467 7470
f 315 7470 316
f 316 7470 7471
f 316 7471 317
f 7468 349 7472
f 7472 349 347
f 7472 347 7473
f 7473 347 346
f 7473 346 7474
f 7474 346 348
f 7475 293 7476
f 7476 293 361
f 7476 361 7477
f 7477 361 360
f 7477 360 7471
f 7471 360 317
f 7474 348 7478
f 7478 348 310
f 7479 294 7475
f 7475 294 293
f 374 7480 7481
f 374 7481 375
f 375 7481 7482
f 375 7482 309
f 309 7482 7478
f 309 7478 310
f 294 7479 7483
f 294 7483 295
f 295 7483 7484
f 295 7484 296
f 296 7484 7485
f 296 7485 297
f 7480 374 7486
f 7486 374 345
f 297 7485 298
f 298 7485 7487
f 269 1693 7488
f 269 7488 270
f 270 7488 7489
f 270 7489 342
f 342 7489 7490
f 342 7490 343
f 343 7490 7486
f 343 7486 345
f 298 7487 7491
f 298 7491 299
f 299 7491 7492
f 299 7492 301
f 301 7492 7493
f 301 7493 302
f 302 7493 1803
f 302 1803 303
f 303 1803 1802
f 303 1802 242
f 242 1802 4330
f 242 4330 247
f 4330 4331 247
f 247 4331 4332
f 247 4332 245
f 4332 4329 245
f 245 4329 4328
f 245 4328 243
f 243 4328 3567
f 243 3567 4
f 4 3567 1852
f 4 1852 3
f 3 1852 1851
f 3 1851 1
f 1 1851 1932
f 1 1932 633
f 633 1932 1931
f 633 1931 634
f 634 1931 1929
f 634 1929 635
f 635 1929 1927
f 635 1927 629
f 629 1927 1925
f 629 1925 630
f 630 1925 1923
f 630 1923 631
f 631 1923 1921
f 631 1921 632
f 632 1921 1919
f 632 1919 625
f 625 1919 1917
f 625 1917 626
f 626 1917 1915
f 626 1915 627
f 627 1915 1785
f 627 1785 628
f 628 1785 1789
f 628 1789 623
f 623 1789 1792
f 623 1792 624
f 624 1792 1794
f 624 1794 622
f 622 1794 1769
f 622 1769 621
f 621 1769 1909
f 621 1909 620
f 620 1909 1694
f 620 1694 269
f 269 1694 1693
f 7494 7440 7495
f 7495 7440 7439
f 7495 7439 7496
f 7496 7439 7438
f 7497 7498 7434
f 7434 7498 7499
f 7434 7499 7438
f 7438 7499 7500
f 7438 7500 7496
f 1860 1908 7449
f 1860 7449 5925
f 5925 7449 7448
f 5925 7448 5926
f 5926 7448 7447
f 5926 7447 5927
f 5927 7447 7442
f 5927 7442 5928
f 5931 7486 7490
f 5931 7490 5929
f 5929 7490 7489
f 5929 7489 5924
f 5924 7489 7488
f 5924 7488 5923
f 5923 7488 1693
f 5923 1693 1692
f 7501 7502 7478
f 7478 7502 7503
f 7478 7503 7504
f 7478 7482 7501
f 7501 7482 7481
f 7501 7481 7505
f 7480 7506 7481
f 7481 7506 7507
f 7481 7507 7505
f 5947 7441 7446
f 5947 7446 5948
f 5948 7446 7445
f 5948 7445 5949
f 5949 7445 7444
f 5949 7444 5943
f 5943 7444 3583
f 5943 3583 3587
f 1805 1803 7493
f 1805 7493 5936
f 5936 7493 7492
f 5936 7492 5937
f 5937 7492 7491
f 5937 7491 5938
f 5938 7491 7487
f 5938 7487 5941
f 7508 7509 7433
f 7433 7509 7510
f 7433 7510 7511
f 7433 7437 7508
f 7508 7437 7436
f 7508 7436 7512
f 7435 7513 7436
f 7436 7513 7514
f 7436 7514 7512
f 7515 7485 7516
f 7516 7485 7484
f 7516 7484 7517
f 7517 7484 7483
f 7518 7519 7479
f 7479 7519 7520
f 7479 7520 7483
f 7483 7520 7521
f 7483 7521 7517
f 7522 7523 7524
f 7525 7526 7527
f 7528 7529 7530
f 7531 7532 7533
f 7533 7532 7534
f 7535 7536 7537
f 7537 7536 7538
f 7537 7538 7531
f 7539 7540 7535
f 7535 7537 7539
f 7539 7537 7541
f 7539 7541 7542
f 7542 7541 7543
f 7542 7543 7544
f 7544 7543 7545
f 7544 7545 7546
f 7546 7545 7547
f 7546 7547 7548
f 7548 7547 7527
f 7548 7527 7530
f 7530 7527 7526
f 7530 7526 7528
f 7531 7533 7537
f 7537 7533 7549
f 7537 7549 7541
f 7541 7549 7550
f 7541 7550 7543
f 7543 7550 7551
f 7543 7551 7545
f 7545 7551 7552
f 7545 7552 7547
f 7547 7552 7524
f 7547 7524 7527
f 7527 7524 7523
f 7527 7523 7525
f 7534 6461 7533
f 7533 6461 6462
f 7533 6462 7549
f 7549 6462 6463
f 7549 6463 7550
f 7550 6463 6464
f 7550 6464 7551
f 7551 6464 6465
f 7551 6465 7552
f 7552 6465 6466
f 7552 6466 7524
f 7524 6466 6467
f 7524 6467 7522
f 7553 7505 7507
f 7554 7501 7505
f 7555 7502 7501
f 7502 7555 7503
f 7556 7498 7557
f 7557 7498 7497
f 7558 7495 7496
f 7504 7503 7559
f 7559 7503 7555
f 7559 7555 7560
f 7560 7555 7561
f 7560 7561 7562
f 7562 7561 7563
f 7562 7563 7564
f 7564 7563 7556
f 7564 7556 7565
f 7565 7556 7557
f 7501 7554 7555
f 7555 7554 7566
f 7555 7566 7561
f 7561 7566 7567
f 7561 7567 7563
f 7563 7567 7568
f 7563 7568 7556
f 7556 7568 7499
f 7556 7499 7498
f 7505 7553 7554
f 7554 7553 7569
f 7554 7569 7566
f 7566 7569 7570
f 7566 7570 7567
f 7567 7570 7571
f 7567 7571 7568
f 7568 7571 7500
f 7568 7500 7499
f 7507 7572 7553
f 7553 7572 7573
f 7553 7573 7569
f 7569 7573 7574
f 7569 7574 7570
f 7570 7574 7558
f 7570 7558 7571
f 7571 7558 7496
f 7571 7496 7500
f 7575 7512 7514
f 7576 7508 7512
f 7577 7509 7508
f 7509 7577 7510
f 7578 7519 7579
f 7579 7519 7518
f 7580 7516 7517
f 7511 7510 7581
f 7581 7510 7577
f 7581 7577 7582
f 7582 7577 7583
f 7582 7583 7584
f 7584 7583 7585
f 7584 7585 7586
f 7586 7585 7578
f 7586 7578 7587
f 7587 7578 7579
f 7508 7576 7577
f 7577 7576 7588
f 7577 7588 7583
f 7583 7588 7589
f 7583 7589 7585
f 7585 7589 7590
f 7585 7590 7578
f 7578 7590 7520
f 7578 7520 7519
f 7512 7575 7576
f 7576 7575 7591
f 7576 7591 7588
f 7588 7591 7592
f 7588 7592 7589
f 7589 7592 7593
f 7589 7593 7590
f 7590 7593 7521
f 7590 7521 7520
f 7514 7594 7575
f 7575 7594 7595
f 7575 7595 7591
f 7591 7595 7596
f 7591 7596 7592
f 7592 7596 7580
f 7592 7580 7593
f 7593 7580 7517
f 7593 7517 7521
f 7597 7598 7599
f 7600 7601 7602
f 7603 7604 7605
f 7606 7607 7608
f 7608 7607 7609
f 7610 7611 7612
f 7612 7611 7613
f 7612 7613 7606
f 7614 7615 7610
f 7610 7612 7614
f 7614 7612 7616
f 7614 7616 7617
f 7617 7616 7618
f 7617 7618 7619
f 7619 7618 7620
f 7619 7620 7621
f 7621 7620 7622
f 7621 7622 7623
f 7623 7622 7602
f 7623 7602 7605
f 7605 7602 7601
f 7605 7601 7603
f 7606 7608 7612
f 7612 7608 7624
f 7612 7624 7616
f 7616 7624 7625
f 7616 7625 7618
f 7618 7625 7626
f 7618 7626 7620
f 7620 7626 7627
f 7620 7627 7622
f 7622 7627 7599
f 7622 7599 7602
f 7602 7599 7598
f 7602 7598 7600
f 7609 6050 7608
f 7608 6050 6052
f 7608 6052 7624
f 7624 6052 6054
f 7624 6054 7625
f 7625 6054 6064
f 7625 6064 7626
f 7626 6064 6062
f 7626 6062 7627
f 7627 6062 6060
f 7627 6060 7599
f 7599 6060 6058
f 7599 6058 7597
f 7594 7514 7513
f 7605 7580 7623
f 7623 7580 7596
f 7623 7596 7621
f 7605 7604 7580
f 7580 7604 7515
f 7580 7515 7516
f 7621 7596 7619
f 7619 7596 7595
f 7619 7595 7617
f 7617 7595 7594
f 7617 7594 7614
f 7614 7594 7513
f 7614 7513 7615
f 7615 7513 7435
f 6048 6050 7609
f 7609 7607 6048
f 6048 7607 7606
f 6048 7606 7613
f 6048 7615 7628
f 7628 7615 7435
f 7628 7435 5945
f 5945 7435 7441
f 5945 7441 5947
f 7613 7611 6048
f 6048 7611 7610
f 6048 7610 7615
f 5941 7487 5939
f 5939 7487 7485
f 5939 7485 7629
f 7601 7600 6056
f 7600 7598 6056
f 6056 7598 7597
f 6056 7597 6058
f 7485 7515 7629
f 7629 7515 7604
f 7629 7604 6056
f 6056 7604 7603
f 6056 7603 7601
f 7540 7506 7480
f 6107 6461 7534
f 7534 7532 6107
f 6107 7532 7531
f 6107 7531 7538
f 6107 7540 7630
f 7630 7540 7480
f 7630 7480 5933
f 5933 7480 7486
f 5933 7486 5931
f 7538 7536 6107
f 6107 7536 7535
f 6107 7535 7540
f 5928 7442 5934
f 5934 7442 7440
f 5934 7440 7631
f 7526 7525 6101
f 7525 7523 6101
f 6101 7523 7522
f 6101 7522 6467
f 7440 7494 7631
f 7631 7494 7529
f 7631 7529 6101
f 6101 7529 7528
f 6101 7528 7526
f 7530 7529 7558
f 7558 7529 7494
f 7558 7494 7495
f 7530 7558 7548
f 7548 7558 7574
f 7548 7574 7546
f 7546 7574 7573
f 7546 7573 7544
f 7572 7507 7506
f 7544 7573 7542
f 7542 7573 7572
f 7542 7572 7539
f 7539 7572 7506
f 7539 7506 7540
f 7632 7633 7634
f 7634 7633 7635
f 7635 7636 7634
f 7634 7636 7637
f 7634 7637 7638
f 7637 7639 7638
f 7638 7639 7640
f 7638 7640 7641
f 7641 7640 7642
f 7641 7642 7643
f 7643 7642 7644
f 7644 7645 7643
f 7643 7645 7646
f 7643 7646 7647
f 7646 7648 7647
f 7647 7648 7649
f 7647 7649 7650
f 7649 7651 7650
f 7650 7651 7652
f 7650 7652 7653
f 7652 7654 7653
f 7653 7654 7655
f 7653 7655 7656
f 7656 7655 7657
f 7656 7657 7658
f 7657 7659 7658
f 7658 7659 7660
f 7658 7660 7661
f 7660 7662 7661
f 7661 7662 7663
f 7661 7663 7664
f 7664 7663 7665
f 7664 7665 7666
f 7665 7667 7666
f 7666 7667 7668
f 7666 7668 7669
f 7668 7670 7669
f 7669 7670 7671
f 7669 7671 7672
f 7672 7671 7673
f 7672 7673 7674
f 7674 7673 7675
f 7675 7676 7674
f 7674 7676 7677
f 7674 7677 7678
f 7678 7677 7679
f 7678 7679 7680
f 7680 7679 7681
f 7681 7682 7680
f 7680 7682 7683
f 7680 7683 7684
f 7684 7683 7685
f 7684 7685 7686
f 7685 7687 7686
f 7686 7687 7688
f 7686 7688 7689
f 7688 7690 7689
f 7689 7690 7691
f 7689 7691 7692
f 7691 7693 7692
f 7692 7693 7694
f 7692 7694 7632
f 7632 7694 7695
f 7632 7695 7633
f 7696 7697 7698
f 7698 7697 7699
f 7698 7699 7700
f 7700 7699 7701
f 7700 7701 7702
f 7702 7701 7703
f 7702 7703 7704
f 7704 7703 7705
f 7704 7705 7706
f 7706 7705 7707
f 7706 7707 7708
f 7708 7707 7709
f 7708 7709 7710
f 7710 7709 7711
f 7710 7711 7712
f 7712 7711 7713
f 7712 7713 7714
f 7714 7713 7715
f 7714 7715 7716
f 7716 7715 7717
f 7716 7717 7718
f 7718 7717 7719
f 7718 7719 7720
f 7720 7719 7721
f 7720 7721 7722
f 7722 7721 7723
f 7722 7723 7724
f 7724 7723 7725
f 7724 7725 7726
f 7726 7725 7727
f 7726 7727 7728
f 7728 7727 7729
f 7728 7729 7730
f 7730 7729 7731
f 7730 7731 7696
f 7696 7731 7697
f 7732 7733 7734
f 7734 7735 7732
f 7732 7735 7736
f 7732 7736 7737
f 7736 7738 7737
f 7737 7738 7739
f 7737 7739 7740
f 7739 7741 7740
f 7740 7741 7742
f 7740 7742 7743
f 7742 7744 7743
f 7743 7744 7745
f 7743 7745 7746
f 7745 7747 7746
f 7746 7747 7748
f 7746 7748 7749
f 7748 7750 7749
f 7749 7750 7751
f 7749 7751 7752
f 7753 7754 7755
f 7751 7756 7752
f 7752 7756 7757
f 7752 7757 7755
f 7755 7757 7758
f 7755 7758 7753
f 7753 7759 7754
f 7754 7759 7760
f 7754 7760 7761
f 7762 7763 7764
f 7760 7765 7761
f 7761 7765 7766
f 7761 7766 7764
f 7764 7766 7767
f 7764 7767 7762
f 7762 7768 7763
f 7763 7768 7769
f 7763 7769 7770
f 7769 7771 7770
f 7770 7771 7772
f 7770 7772 7773
f 7772 7774 7773
f 7773 7774 7775
f 7773 7775 7776
f 7775 7777 7776
f 7776 7777 7778
f 7776 7778 7779
f 7778 7780 7779
f 7779 7780 7781
f 7779 7781 7733
f 7733 7781 7782
f 7733 7782 7734
f 7242 7388 7248
f 7248 7388 7391
f 7248 7391 7246
f 7246 7391 7393
f 7246 7393 7244
f 7244 7393 7395
f 7244 7395 7402
f 7397 7253 7402
f 7402 7253 7251
f 7402 7251 7244
f 7170 7168 7399
f 7399 7168 7256
f 7399 7256 7397
f 7397 7256 7255
f 7397 7255 7253
f 7170 7399 7169
f 7169 7399 7401
f 7169 7401 7156
f 7227 7228 7372
f 7372 7374 7227
f 7227 7374 7377
f 7227 7377 7225
f 7225 7377 7379
f 7225 7379 7231
f 7157 7373 7165
f 7165 7373 7372
f 7165 7372 7164
f 7164 7372 7228
f 7164 7228 7162
f 7231 7379 7238
f 7238 7379 7381
f 7238 7381 7236
f 7236 7381 7383
f 7236 7383 7234
f 7234 7383 7385
f 7234 7385 7389
f 7234 7389 7240
f 7240 7389 7388
f 7240 7388 7242
f 7783 7784 7785
f 7785 7784 7786
f 7785 7786 7787
f 7787 7786 7788
f 7787 7788 7789
f 7789 7788 7790
f 7789 7790 7791
f 7791 7790 7792
f 7791 7792 7793
f 7793 7792 7794
f 7793 7794 7795
f 7795 7794 7796
f 7795 7796 7797
f 7797 7796 7798
f 7797 7798 7799
f 7799 7798 7800
f 7799 7800 7801
f 7801 7800 7802
f 7801 7802 7803
f 7803 7802 7804
f 7803 7804 7805
f 7805 7804 7806
f 7805 7806 7783
f 7783 7806 7784
f 7807 7805 7808
f 7808 7805 7783
f 7808 7783 7809
f 7809 7783 7785
f 7809 7785 7810
f 7810 7785 7787
f 7810 7787 7811
f 7811 7787 7789
f 7811 7789 7812
f 7812 7789 7791
f 7812 7791 7813
f 7813 7791 7793
f 7813 7793 7814
f 7814 7793 7795
f 7814 7795 7815
f 7815 7795 7797
f 7815 7797 7816
f 7816 7797 7799
f 7816 7799 7817
f 7817 7799 7801
f 7817 7801 7818
f 7818 7801 7803
f 7818 7803 7807
f 7807 7803 7805
f 7819 7820 7821
f 7821 7820 7822
f 7821 7822 7823
f 7823 7822 7824
f 7823 7824 7825
f 7825 7824 7826
f 7825 7826 7827
f 7827 7826 7828
f 7827 7828 7829
f 7829 7828 7830
f 7829 7830 7831
f 7831 7830 7832
f 7831 7832 7833
f 7833 7832 7834
f 7833 7834 7835
f 7835 7834 7836
f 7835 7836 7837
f 7837 7836 7838
f 7837 7838 7839
f 7839 7838 7840
f 7839 7840 7841
f 7841 7840 7842
f 7841 7842 7819
f 7819 7842 7820
f 7843 7841 7844
f 7844 7841 7819
f 7844 7819 7845
f 7845 7819 7821
f 7845 7821 7846
f 7846 7821 7823
f 7846 7823 7847
f 7847 7823 7825
f 7847 7825 7848
f 7848 7825 7827
f 7848 7827 7849
f 7849 7827 7829
f 7849 7829 7850
f 7850 7829 7831
f 7850 7831 7851
f 7851 7831 7833
f 7851 7833 7852
f 7852 7833 7835
f 7852 7835 7853
f 7853 7835 7837
f 7853 7837 7854
f 7854 7837 7839
f 7854 7839 7843
f 7843 7839 7841
f 7855 7856 7857
f 7857 7856 7858
f 7857 7858 7859
f 7859 7858 7860
f 7859 7860 7861
f 7861 7860 7862
f 7861 7862 7863
f 7863 7862 7864
f 7863 7864 7865
f 7865 7864 7866
f 7865 7866 7867
f 7867 7866 7868
f 7867 7868 7869
f 7869 7868 7870
f 7869 7870 7871
f 7871 7870 7872
f 7871 7872 7873
f 7873 7872 7874
f 7873 7874 7875
f 7875 7874 7876
f 7875 7876 7877
f 7877 7876 7878
f 7877 7878 7855
f 7855 7878 7856
f 7879 7877 7880
f 7880 7877 7855
f 7880 7855 7881
f 7881 7855 7857
f 7881 7857 7882
f 7882 7857 7859
f 7882 7859 7883
f 7883 7859 7861
f 7883 7861 7884
f 7884 7861 7863
f 7884 7863 7885
f 7885 7863 7865
f 7885 7865 7886
f 7886 7865 7867
f 7886 7867 7887
f 7887 7867 7869
f 7887 7869 7888
f 7888 7869 7871
f 7888 7871 7889
f 7889 7871 7873
f 7889 7873 7890
f 7890 7873 7875
f 7890 7875 7879
f 7879 7875 7877
f 7891 7892 7893
f 7893 7892 7894
f 7893 7894 7895
f 7895 7894 7896
f 7895 7896 7897
f 7897 7896 7898
f 7897 7898 7899
f 7899 7898 7900
f 7899 7900 7901
f 7901 7900 7902
f 7901 7902 7903
f 7903 7902 7904
f 7903 7904 7905
f 7905 7904 7906
f 7905 7906 7907
f 7907 7906 7908
f 7907 7908 7909
f 7909 7908 7910
f 7909 7910 7911
f 7911 7910 7912
f 7911 7912 7913
f 7913 7912 7914
f 7913 7914 7891
f 7891 7914 7892
f 7915 7913 7916
f 7916 7913 7891
f 7916 7891 7917
f 7917 7891 7893
f 7917 7893 7918
f 7918 7893 7895
f 7918 7895 7919
f 7919 7895 7897
f 7919 7897 7920
f 7920 7897 7899
f 7920 7899 7921
f 7921 7899 7901
f 7921 7901 7922
f 7922 7901 7903
f 7922 7903 7923
f 7923 7903 7905
f 7923 7905 7924
f 7924 7905 7907
f 7924 7907 7925
f 7925 7907 7909
f 7925 7909 7926
f 7926 7909 7911
f 7926 7911 7915
f 7915 7911 7913
f 7908 7287 7285
f 7914 7927 7892
f 7892 7927 7928
f 7892 7928 7894
f 7929 7904 7930
f 7930 7904 7902
f 7930 7902 7900
f 7928 7289 7894
f 7894 7289 7292
f 7894 7292 7896
f 7896 7292 7294
f 7896 7294 7898
f 7898 7294 7370
f 7898 7370 7900
f 7900 7370 7368
f 7900 7368 7930
f 7930 7368 7366
f 7930 7366 7364
f 7908 7285 7910
f 7910 7285 7284
f 7910 7284 7912
f 7912 7284 7931
f 7912 7931 7914
f 7914 7931 7932
f 7914 7932 7927
f 7287 7908 7356
f 7356 7908 7906
f 7356 7906 7358
f 7358 7906 7904
f 7358 7904 7360
f 7360 7904 7929
f 7360 7929 7362
f 7284 7283 7933
f 7284 7933 7931
f 7931 7933 7934
f 7931 7934 7932
f 7932 7934 7935
f 7932 7935 7927
f 7927 7935 7936
f 7927 7936 7928
f 7928 7936 7290
f 7928 7290 7289
f 7860 7858 7937
f 7937 7858 7296
f 7296 7858 7856
f 7296 7856 7297
f 7297 7856 7878
f 7297 7878 7299
f 7870 7938 7872
f 7872 7938 7939
f 7872 7939 7874
f 7937 7940 7860
f 7860 7940 7941
f 7860 7941 7862
f 7862 7941 7942
f 7862 7942 7864
f 7942 7301 7864
f 7864 7301 7304
f 7864 7304 7866
f 7866 7304 7306
f 7866 7306 7868
f 7868 7306 7346
f 7868 7346 7870
f 7870 7346 7344
f 7870 7344 7938
f 7938 7344 7342
f 7938 7342 7340
f 7299 7878 7348
f 7348 7878 7876
f 7348 7876 7350
f 7350 7876 7874
f 7350 7874 7352
f 7352 7874 7939
f 7352 7939 7354
f 7296 7295 7943
f 7296 7943 7937
f 7937 7943 7944
f 7937 7944 7940
f 7940 7944 7945
f 7940 7945 7941
f 7941 7945 7946
f 7941 7946 7942
f 7942 7946 7302
f 7942 7302 7301
f 7824 7269 7267
f 7840 7947 7842
f 7842 7947 7948
f 7842 7948 7820
f 7830 7949 7832
f 7832 7949 7950
f 7832 7950 7834
f 7950 7259 7834
f 7834 7259 7262
f 7834 7262 7836
f 7836 7262 7264
f 7836 7264 7838
f 7838 7264 7338
f 7838 7338 7840
f 7840 7338 7336
f 7840 7336 7947
f 7947 7336 7334
f 7947 7334 7332
f 7824 7267 7826
f 7826 7267 7266
f 7826 7266 7828
f 7828 7266 7951
f 7828 7951 7830
f 7830 7951 7952
f 7830 7952 7949
f 7269 7824 7324
f 7324 7824 7822
f 7324 7822 7326
f 7326 7822 7820
f 7326 7820 7328
f 7328 7820 7948
f 7328 7948 7330
f 7266 7265 7953
f 7266 7953 7951
f 7951 7953 7954
f 7951 7954 7952
f 7952 7954 7955
f 7952 7955 7949
f 7949 7955 7956
f 7949 7956 7950
f 7950 7956 7260
f 7950 7260 7259
f 7800 7798 7957
f 7786 7958 7788
f 7788 7958 7959
f 7788 7959 7790
f 7957 7798 7272
f 7272 7798 7796
f 7272 7796 7273
f 7273 7796 7794
f 7273 7794 7275
f 7957 7960 7800
f 7800 7960 7961
f 7800 7961 7802
f 7802 7961 7962
f 7802 7962 7804
f 7275 7794 7308
f 7308 7794 7792
f 7308 7792 7310
f 7310 7792 7790
f 7310 7790 7312
f 7312 7790 7959
f 7312 7959 7314
f 7962 7277 7804
f 7804 7277 7280
f 7804 7280 7806
f 7806 7280 7282
f 7806 7282 7784
f 7784 7282 7322
f 7784 7322 7786
f 7786 7322 7320
f 7786 7320 7958
f 7958 7320 7318
f 7958 7318 7316
f 7272 7271 7963
f 7272 7963 7957
f 7957 7963 7964
f 7957 7964 7960
f 7960 7964 7965
f 7960 7965 7961
f 7961 7965 7966
f 7961 7966 7962
f 7962 7966 7278
f 7962 7278 7277
f 7967 7361 7362
f 7929 7420 7362
f 7362 7420 7419
f 7362 7419 7967
f 7967 7419 7414
f 7967 7414 7968
f 7969 7353 7354
f 7939 7421 7354
f 7354 7421 7424
f 7354 7424 7969
f 7969 7424 7423
f 7969 7423 7970
f 7971 7329 7330
f 7948 7465 7330
f 7330 7465 7464
f 7330 7464 7971
f 7971 7464 7459
f 7971 7459 7972
f 7973 7313 7314
f 7959 7466 7314
f 7314 7466 7469
f 7314 7469 7973
f 7973 7469 7468
f 7973 7468 7974
f 7975 7455 7976
f 7976 7455 7456
f 7976 7456 7977
f 7977 7456 7457
f 7977 7457 7978
f 7978 7457 7458
f 7974 7468 7979
f 7979 7468 7472
f 7979 7472 7980
f 7980 7472 7473
f 7980 7473 7981
f 7981 7473 7474
f 7982 7475 7983
f 7983 7475 7476
f 7983 7476 7984
f 7984 7476 7477
f 7984 7477 7985
f 7985 7477 7471
f 7972 7459 7986
f 7986 7459 7460
f 7986 7460 7987
f 7987 7460 7461
f 7987 7461 7988
f 7988 7461 7450
f 7968 7414 7989
f 7989 7414 7415
f 7989 7415 7990
f 7990 7415 7416
f 7990 7416 7991
f 7991 7416 7405
f 7992 7430 7993
f 7993 7430 7431
f 7993 7431 7994
f 7994 7431 7432
f 7994 7432 7995
f 7995 7432 7426
f 7970 7423 7996
f 7996 7423 7427
f 7996 7427 7997
f 7997 7427 7428
f 7997 7428 7998
f 7998 7428 7429
f 7999 7410 8000
f 8000 7410 7411
f 8000 7411 8001
f 8001 7411 7412
f 8001 7412 8002
f 8002 7412 7413
f 7466 7959 7462
f 7462 7959 7958
f 7434 7430 7497
f 7497 7430 7992
f 7497 7992 8003
f 8004 7564 8005
f 8005 7564 7565
f 8005 7565 8003
f 8003 7565 7557
f 8003 7557 7497
f 8006 7560 8004
f 8004 7560 7562
f 8004 7562 7564
f 7474 7478 7981
f 7981 7478 7504
f 7981 7504 8006
f 8006 7504 7559
f 8006 7559 7560
f 7420 7929 7422
f 7422 7929 7930
f 7991 7405 8007
f 8007 7405 7406
f 8007 7406 8008
f 8008 7406 7407
f 8008 7407 8009
f 8009 7407 7408
f 8009 7408 8010
f 8010 7408 7409
f 8010 7409 7999
f 7999 7409 7410
f 7421 7939 7417
f 7417 7939 7938
f 7479 7475 7518
f 7518 7475 7982
f 7518 7982 8011
f 8012 7586 8013
f 8013 7586 7587
f 8013 7587 8011
f 8011 7587 7579
f 8011 7579 7518
f 8014 7582 8012
f 8012 7582 7584
f 8012 7584 7586
f 7429 7433 7998
f 7998 7433 7511
f 7998 7511 8014
f 8014 7511 7581
f 8014 7581 7582
f 7465 7948 7467
f 7467 7948 7947
f 7373 7453 7371
f 7371 7453 7454
f 7371 7454 7375
f 7455 7975 7454
f 7454 7975 8015
f 7454 8015 7375
f 7988 7450 8016
f 8016 7450 7451
f 7452 7155 7156
f 7156 7401 7452
f 7452 7401 7400
f 7452 7400 7451
f 7451 7400 7398
f 7451 7398 8016
f 7155 7452 7160
f 7160 7452 7453
f 7160 7453 7159
f 7159 7453 7373
f 7159 7373 7157
f 8017 7730 8018
f 8018 7730 7696
f 8018 7696 8019
f 8019 7696 7698
f 8019 7698 8020
f 8020 7698 7700
f 8020 7700 8021
f 8021 7700 7702
f 8021 7702 8022
f 8022 7702 7704
f 8022 7704 8023
f 8023 7704 7706
f 8023 7706 8024
f 8024 7706 7708
f 8024 7708 8025
f 8025 7708 7710
f 8025 7710 8026
f 8026 7710 7712
f 8026 7712 8027
f 8027 7712 7714
f 8027 7714 8028
f 8028 7714 7716
f 8028 7716 8029
f 8029 7716 7718
f 8029 7718 8030
f 8030 7718 7720
f 8030 7720 8031
f 8031 7720 7722
f 8031 7722 8032
f 8032 7722 7724
f 8032 7724 8033
f 8033 7724 7726
f 8033 7726 8034
f 8034 7726 7728
f 8034 7728 8017
f 8017 7728 7730
f 8025 8026 8035
f 8035 8026 8027
f 8035 8027 8036
f 8036 8027 8028
f 8036 8028 8037
f 8037 8028 8029
f 8037 8029 8038
f 8038 8029 8030
f 8038 8030 8039
f 8039 8030 8031
f 8039 8031 8040
f 8040 8031 8032
f 8040 8032 8041
f 8041 8032 8033
f 8041 8033 8042
f 8042 8033 8034
f 8042 8034 8043
f 8043 8034 8017
f 8043 8017 8044
f 8044 8017 8018
f 8044 8018 8045
f 8045 8018 8019
f 8045 8019 8046
f 8046 8019 8020
f 8046 8020 8047
f 8047 8020 8021
f 8047 8021 8048
f 8048 8021 8022
f 8048 8022 8049
f 8049 8022 8023
f 8049 8023 8050
f 8050 8023 8024
f 8050 8024 8051
f 8051 8024 8025
f 8051 8025 8035
f 8052 8053 6114
f 6114 6112 8052
f 8052 6112 6111
f 8052 6111 7630
f 7630 6111 6109
f 7630 6109 6107
f 8054 6118 8055
f 8055 6118 6117
f 8055 6117 8053
f 8053 6117 6115
f 8053 6115 6114
f 8056 6121 8054
f 8054 6121 6119
f 8054 6119 6118
f 8057 6124 8056
f 8056 6124 6122
f 8056 6122 6121
f 8057 8058 6750
f 6750 8058 6985
f 6014 5956 6750
f 6750 5956 6127
f 6750 6127 8057
f 8057 6127 6126
f 8057 6126 6124
f 6985 8058 6987
f 6987 8058 8059
f 6987 8059 6988
f 6988 8059 6990
f 6990 8059 8060
f 6990 8060 6991
f 6991 8060 6993
f 6993 8060 8061
f 6993 8061 6994
f 6994 8061 6996
f 6996 8061 8062
f 6996 8062 6997
f 6997 8062 7002
f 7002 8062 8063
f 7002 8063 7001
f 7001 8063 6999
f 6999 8063 7629
f 6999 7629 6056
f 5934 7631 6099
f 6099 7631 8064
f 6099 8064 6097
f 6097 8064 8065
f 6097 8065 6094
f 6094 8065 8066
f 6094 8066 6091
f 8066 8067 6091
f 6091 8067 8068
f 6091 8068 6088
f 6088 8068 8069
f 6088 8069 6085
f 6085 8069 8070
f 6085 8070 6082
f 6082 8070 8071
f 6082 8071 6079
f 6079 8071 8072
f 6079 8072 6076
f 6076 8072 8073
f 6076 8073 6069
f 6069 8073 8074
f 6069 8074 6070
f 6070 8074 8075
f 6070 8075 6067
f 6067 8075 7628
f 6067 7628 5945
f 7719 7717 7638
f 7638 7717 7634
f 7634 7717 7715
f 7634 7715 7632
f 7632 7715 7713
f 7632 7713 7692
f 7692 7713 7711
f 7692 7711 7689
f 7689 7711 7709
f 7689 7709 7686
f 7686 7709 7707
f 7686 7707 7684
f 7684 7707 7680
f 7680 7707 7705
f 7680 7705 7678
f 7678 7705 7703
f 7678 7703 7674
f 7674 7703 7701
f 7674 7701 7672
f 7672 7701 7699
f 7672 7699 7669
f 7669 7699 7697
f 7669 7697 7666
f 7666 7697 7731
f 7666 7731 7664
f 7638 7641 7719
f 7719 7641 7643
f 7719 7643 7721
f 7721 7643 7647
f 7721 7647 7723
f 7723 7647 7650
f 7723 7650 7725
f 7725 7650 7653
f 7725 7653 7727
f 7727 7653 7656
f 7727 7656 7729
f 7729 7656 7658
f 7729 7658 7731
f 7731 7658 7661
f 7731 7661 7664
f 8076 8077 7663
f 7663 7662 8076
f 8076 7662 7660
f 8076 7660 8078
f 8078 7660 7659
f 8078 7659 8079
f 8079 7659 7657
f 8079 7657 8080
f 7657 7655 8080
f 8080 7655 7654
f 8080 7654 8081
f 7654 7652 8081
f 8081 7652 7651
f 8081 7651 8082
f 7651 7649 8082
f 8082 7649 7648
f 8082 7648 8083
f 7648 7646 8083
f 8083 7646 7645
f 8083 7645 8084
f 7645 7644 8084
f 8084 7644 7642
f 8084 7642 8085
f 7642 7640 8085
f 8085 7640 7639
f 8085 7639 8086
f 7639 7637 8086
f 8086 7637 7636
f 8086 7636 8087
f 7636 7635 8087
f 8087 7635 7633
f 8087 7633 8088
f 7633 7695 8088
f 8088 7695 7694
f 8088 7694 8089
f 7694 7693 8089
f 8089 7693 7691
f 8089 7691 8090
f 7691 7690 8090
f 8090 7690 7688
f 8090 7688 8091
f 8091 7688 7687
f 8091 7687 8092
f 8092 7687 7685
f 8092 7685 8093
f 7685 7683 8093
f 8093 7683 7682
f 8093 7682 8094
f 7682 7681 8094
f 8094 7681 7679
f 8094 7679 8095
f 7679 7677 8095
f 8095 7677 7676
f 8095 7676 8096
f 7676 7675 8096
f 8096 7675 7673
f 8096 7673 8097
f 7673 7671 8097
f 8097 7671 7670
f 8097 7670 8098
f 7670 7668 8098
f 8098 7668 7667
f 8098 7667 8077
f 8077 7667 7665
f 8077 7665 7663
f 7759 8043 7760
f 7760 8043 8044
f 7760 8044 7765
f 7765 8044 8045
f 8046 7767 8045
f 8045 7767 7766
f 8045 7766 7765
f 8047 7768 8046
f 8046 7768 7762
f 8046 7762 7767
f 8048 7771 8047
f 8047 7771 7769
f 8047 7769 7768
f 8049 7774 8048
f 8048 7774 7772
f 8048 7772 7771
f 8050 7777 8049
f 8049 7777 7775
f 8049 7775 7774
f 8051 7780 8050
f 8050 7780 7778
f 8050 7778 7777
f 8035 7782 8051
f 8051 7782 7781
f 8051 7781 7780
f 8036 7735 8035
f 8035 7735 7734
f 8035 7734 7782
f 8037 7738 8036
f 8036 7738 7736
f 8036 7736 7735
f 8038 7741 8037
f 8037 7741 7739
f 8037 7739 7738
f 8039 7744 8038
f 8038 7744 7742
f 8038 7742 7741
f 8040 7747 8039
f 8039 7747 7745
f 8039 7745 7744
f 8041 7750 8040
f 8040 7750 7748
f 8040 7748 7747
f 8042 7756 8041
f 8041 7756 7751
f 8041 7751 7750
f 7759 7753 8043
f 8043 7753 7758
f 8043 7758 8042
f 8042 7758 7757
f 8042 7757 7756
f 243 4 478
f 1791 6685 1793
f 1793 6685 1795
f 7316 7315 8099
f 7462 7958 7463
f 7463 7958 7316
f 7316 8099 7463
f 7463 8099 7978
f 7463 7978 7458
f 7332 7331 8100
f 7467 7947 7470
f 7470 7947 7332
f 7332 8100 7470
f 7470 8100 7985
f 7470 7985 7471
f 7340 7339 8101
f 7417 7938 7418
f 7418 7938 7340
f 7340 8101 7418
f 7418 8101 8002
f 7418 8002 7413
f 7364 7363 8102
f 7422 7930 7425
f 7425 7930 7364
f 7364 8102 7425
f 7425 8102 7995
f 7425 7995 7426
f 8006 8004 7974
f 7290 7936 7761
f 8014 8012 7970
f 7761 7936 7754
f 7754 7936 7935
f 7754 7935 7755
f 7755 7935 7934
f 7755 7934 7752
f 8007 8008 7968
f 7963 7271 8003
f 8003 7271 8005
f 7965 7773 7966
f 7966 7773 7954
f 7966 7954 7953
f 7291 7290 8003
f 8003 7290 7761
f 8003 7761 7963
f 7963 7761 7764
f 7963 7764 7964
f 7964 7764 7763
f 7964 7763 7965
f 7965 7763 7770
f 7965 7770 7773
f 7993 7994 7992
f 7992 7994 7995
f 7363 7365 7367
f 8009 8010 7283
f 7749 7946 7746
f 7746 7946 7945
f 7746 7945 7743
f 7743 7945 7944
f 7743 7944 7740
f 7956 7943 7260
f 7260 7943 7295
f 7260 7295 7261
f 7261 7295 8011
f 7309 7311 7313
f 7974 8004 7973
f 7367 7369 7363
f 7363 7369 7293
f 7363 7293 8102
f 8102 7293 7291
f 8102 7291 7995
f 7995 7291 8003
f 7995 8003 7992
f 7773 7776 7954
f 7954 7776 7779
f 7954 7779 7955
f 7955 7779 7733
f 7955 7733 7732
f 7956 7955 7943
f 7943 7955 7732
f 7943 7732 7944
f 7944 7732 7737
f 7944 7737 7740
f 7970 8012 7969
f 8010 7303 7283
f 7283 7303 7302
f 7283 7302 7933
f 7933 7302 7946
f 7933 7946 7934
f 7934 7946 7749
f 7934 7749 7752
f 7386 7384 7966
f 7976 7977 7978
f 8005 7271 8004
f 8004 7271 7274
f 8004 7274 7973
f 7973 7274 7276
f 7973 7276 7313
f 7313 7276 7307
f 7313 7307 7309
f 7979 7980 7974
f 7974 7980 7981
f 7974 7981 8006
f 7357 7359 7361
f 7968 8008 7967
f 7983 7984 7982
f 7982 7984 7985
f 7331 7333 7335
f 7349 7351 7347
f 7347 7351 7353
f 7347 7353 7300
f 7300 7353 7969
f 7300 7969 7298
f 7298 7969 8012
f 7298 8012 7295
f 7295 8012 8013
f 7295 8013 8011
f 7996 7997 7970
f 7970 7997 7998
f 7970 7998 8014
f 7972 7986 7396
f 7396 7986 7987
f 7396 7987 7403
f 7403 7987 7988
f 7403 7988 7404
f 7404 7988 8016
f 7404 8016 7398
f 7335 7337 7331
f 7331 7337 7263
f 7331 7263 8100
f 8100 7263 7261
f 8100 7261 7985
f 7985 7261 8011
f 7985 8011 7982
f 7321 7281 7382
f 7382 7281 7279
f 7382 7279 7384
f 7384 7279 7278
f 7384 7278 7966
f 7975 7976 7380
f 7380 7976 7978
f 7380 7978 7382
f 7382 7978 8099
f 7382 8099 7315
f 7380 7378 7975
f 7975 7378 7376
f 7975 7376 8015
f 8015 7376 7375
f 8000 8001 7999
f 7999 8001 8002
f 7339 7341 7343
f 8009 7283 8008
f 8008 7283 7286
f 8008 7286 7967
f 7967 7286 7288
f 7967 7288 7361
f 7361 7288 7355
f 7361 7355 7357
f 7989 7990 7968
f 7968 7990 7991
f 7968 7991 8007
f 7268 7270 7394
f 7394 7270 7323
f 7394 7323 7325
f 7343 7345 7339
f 7339 7345 7305
f 7339 7305 8101
f 8101 7305 7303
f 8101 7303 8002
f 8002 7303 8010
f 8002 8010 7999
f 7972 7396 7971
f 7971 7396 7394
f 7971 7394 7329
f 7329 7394 7325
f 7329 7325 7327
f 7268 7394 7265
f 7265 7394 7392
f 7265 7392 7953
f 7953 7392 7387
f 7953 7387 7966
f 7966 7387 7390
f 7966 7390 7386
f 7315 7317 7382
f 7382 7317 7319
f 7382 7319 7321
f 7818 7807 8103
f 8103 7807 7808
f 8103 7808 8104
f 8104 7808 7809
f 8104 7809 8105
f 8106 8107 7920
f 7920 8107 7919
f 7919 8107 8108
f 7919 8108 7918
f 7918 8108 8109
f 7918 8109 7917
f 7917 8109 8110
f 7917 8110 8111
f 7920 7921 8106
f 8106 7921 7922
f 8106 7922 8112
f 8112 7922 7923
f 8112 7923 7924
f 8097 8098 7915
f 7915 8098 8077
f 7915 8077 7926
f 7926 8077 8076
f 7926 8076 7925
f 7925 8076 8078
f 7925 8078 7924
f 8103 8091 7818
f 7818 8091 8092
f 7818 8092 7817
f 7817 8092 8093
f 7817 8093 7816
f 7816 8093 8094
f 7816 8094 7815
f 7815 8094 8095
f 7815 8095 8096
f 7809 7810 8105
f 8105 7810 7811
f 8105 7811 8113
f 8113 7811 7812
f 8113 7812 8111
f 8111 7812 7813
f 8111 7813 7917
f 7917 7813 7814
f 7917 7814 7916
f 7916 7814 7815
f 7916 7815 7915
f 7915 7815 8096
f 7915 8096 8097
f 7851 7852 8114
f 8114 7852 7853
f 8114 7853 8115
f 7245 7250 7258
f 7851 8085 8086
f 7241 7243 7847
f 7847 7243 7249
f 7847 7249 7846
f 8088 7848 8087
f 8087 7848 7849
f 8087 7849 8086
f 8086 7849 7850
f 8086 7850 7851
f 7853 7854 8115
f 8115 7854 7843
f 8115 7843 8116
f 8116 7843 7844
f 8116 7844 7258
f 7258 7844 7845
f 7258 7845 7245
f 7245 7845 7846
f 7245 7846 7247
f 7247 7846 7249
f 8089 8090 7237
f 7237 8090 8091
f 7237 8091 7239
f 7239 8091 8103
f 7239 8103 7229
f 7229 8103 7257
f 7229 7257 7230
f 8088 8089 7848
f 7848 8089 7237
f 7848 7237 7847
f 7847 7237 7235
f 7847 7235 7241
f 7851 8114 8085
f 8085 8114 8117
f 8085 8117 8118
f 7879 7880 8085
f 7890 7879 8119
f 8119 7879 8085
f 8119 8085 8120
f 8120 8085 8118
f 7890 8119 7889
f 7889 8119 8121
f 7889 8121 7888
f 7888 8121 8122
f 7888 8122 7887
f 7924 8078 8112
f 8112 8078 8079
f 8112 8079 8080
f 8123 8124 7884
f 8124 8112 7884
f 7884 8112 8080
f 7884 8080 7883
f 7883 8080 8081
f 7883 8081 7882
f 7882 8081 8082
f 7882 8082 7881
f 7881 8082 8083
f 7881 8083 7880
f 7880 8083 8084
f 7880 8084 8085
f 7887 8122 7886
f 7886 8122 8125
f 7886 8125 7885
f 7885 8125 8126
f 7885 8126 7884
f 7884 8126 8127
f 7884 8127 8123
f 7173 7257 8103
f 7173 8103 7223
f 7223 8103 8104
f 7223 8104 7221
f 7221 8104 8105
f 7221 8105 7219
f 7219 8105 8113
f 7219 8113 7217
f 7217 8113 8111
f 7217 8111 7215
f 7215 8111 8110
f 7215 8110 7213
f 7213 8110 8109
f 7213 8109 7211
f 7211 8109 8108
f 7211 8108 7209
f 7209 8108 8107
f 7209 8107 7207
f 8107 8106 7207
f 7207 8106 8112
f 7207 8112 7205
f 7205 8112 8124
f 7205 8124 7203
f 7203 8124 8123
f 7203 8123 7201
f 7201 8123 8127
f 7201 8127 7199
f 7199 8127 8126
f 7199 8126 7197
f 7197 8126 8125
f 7197 8125 7195
f 7195 8125 8122
f 7195 8122 7193
f 7193 8122 8121
f 7193 8121 7191
f 7191 8121 8119
f 7191 8119 7189
f 7189 8119 8120
f 7189 8120 7187
f 7187 8120 8118
f 7187 8118 7185
f 7185 8118 8117
f 7185 8117 7183
f 7183 8117 8114
f 7183 8114 7181
f 7181 8114 8115
f 7181 8115 7179
f 7179 8115 8116
f 7179 8116 7176
f 7176 8116 7258
f 7631 6101 6100
f 7631 6100 8064
f 8064 6100 6098
f 8064 6098 8065
f 8065 6098 6096
f 8065 6096 8066
f 8066 6096 6095
f 8066 6095 8067
f 6095 6093 8067
f 8067 6093 6092
f 8067 6092 8068
f 6092 6090 8068
f 8068 6090 6089
f 8068 6089 8069
f 6089 6087 8069
f 8069 6087 6086
f 8069 6086 8070
f 6086 6084 8070
f 8070 6084 6083
f 8070 6083 8071
f 6083 6081 8071
f 8071 6081 6080
f 8071 6080 8072
f 6080 6078 8072
f 8072 6078 6077
f 8072 6077 8073
f 6077 6075 8073
f 8073 6075 6074
f 8073 6074 8074
f 6048 7628 6071
f 6071 7628 8075
f 6074 6068 8074
f 8074 6068 6073
f 8074 6073 8075
f 8075 6073 6072
f 8075 6072 6071
f 7630 5933 6108
f 6984 7009 7003
f 7003 7009 7008
f 7630 6108 8052
f 8052 6108 6110
f 8052 6110 8053
f 8053 6110 6113
f 8053 6113 8055
f 8055 6113 6116
f 8055 6116 8054
f 8054 6116 6120
f 8054 6120 8056
f 8056 6120 6123
f 8056 6123 8057
f 8057 6123 6125
f 8057 6125 8058
f 7004 7003 7005
f 7005 7003 7008
f 7005 7008 7006
f 7006 7008 7007
f 5939 7629 7000
f 7000 7629 8063
f 7000 8063 6998
f 6998 8063 8062
f 6998 8062 6995
f 6995 8062 8061
f 6995 8061 6992
f 6992 8061 8060
f 6992 8060 6989
f 6989 8060 8059
f 6989 8059 6986
f 6986 8059 8058
f 6986 8058 6984
f 6984 8058 6125
f 6984 6125 7009
f 3569 6652 3570
f 3570 6652 3574
f 1757 6619 1759
f 1759 6619 1761
f 1710 6586 1712
f 1712 6586 1720
f 6957 6959 8128
f 8128 6959 6961
f 8128 6961 6963
f 6949 6951 8128
f 8128 6951 6952
f 6952 6954 8128
f 8128 6954 6955
f 8128 6955 6957
f 6947 6949 6945
f 6945 6949 8128
f 6945 8128 6944
f 6944 8128 6967
f 6963 6966 8128
f 8128 6966 6965
f 8128 6965 6971
f 6971 6970 8128
f 8128 6970 6968
f 8128 6968 6967
f 6926 6925 8129
f 6912 6911 8129
f 8129 6911 6917
f 6917 6916 8129
f 8129 6916 6914
f 8129 6914 6926
f 6905 6907 8129
f 8129 6907 6909
f 8129 6909 6912
f 8129 6929 6928
f 6903 6905 6900
f 6900 6905 8129
f 6900 8129 6927
f 6927 8129 6928
f 6919 6929 6921
f 6921 6929 8129
f 6921 8129 6923
f 6923 8129 6925
f 8130 8131 8132
f 8133 8131 8130
f 8130 8134 8135
f 8136 8134 8130
f 8132 8136 8130
f 8130 8137 8138
f 8139 8137 8130
f 8135 8139 8130
f 8130 8140 8141
f 8142 8140 8130
f 8138 8142 8130
f 8141 8133 8130
f 8133 8143 8131
f 8131 8143 8144
f 8131 8144 8132
f 8132 8144 8145
f 8132 8145 8136
f 8136 8145 8146
f 8136 8146 8134
f 8134 8146 8147
f 8134 8147 8135
f 8135 8147 8148
f 8135 8148 8139
f 8139 8148 8149
f 8139 8149 8137
f 8137 8149 8150
f 8137 8150 8138
f 8138 8150 8151
f 8138 8151 8142
f 8142 8151 8152
f 8142 8152 8140
f 8140 8152 8153
f 8140 8153 8141
f 8141 8153 8154
f 8141 8154 8133
f 8133 8154 8143
f 8151 8150 8155
f 8149 8156 8150
f 8150 8156 8157
f 8150 8157 8155
f 8158 8159 8149
f 8149 8159 8160
f 8149 8160 8156
f 8144 8161 8145
f 8145 8161 8162
f 8145 8162 8146
f 8146 8162 8163
f 8146 8163 8147
f 8147 8163 8158
f 8147 8158 8148
f 8148 8158 8149
f 8143 8164 8144
f 8144 8164 8165
f 8144 8165 8161
f 8166 8167 8143
f 8143 8167 8168
f 8143 8168 8164
f 8155 8169 8151
f 8151 8169 8170
f 8151 8170 8152
f 8152 8170 8171
f 8152 8171 8153
f 8153 8171 8166
f 8153 8166 8154
f 8154 8166 8143
f 6655 8162 6678
f 6678 8162 8161
f 6678 8161 6679
f 6679 8161 8165
f 6679 8165 6681
f 6681 8165 8164
f 6681 8164 6683
f 6683 8164 8168
f 6683 8168 6684
f 6684 8168 8167
f 6684 8167 6677
f 6677 8167 8166
f 6677 8166 6675
f 6675 8166 8171
f 6675 8171 6673
f 6673 8171 8170
f 6669 6670 8170
f 8170 6670 6672
f 8170 6672 6673
f 8170 8169 6669
f 6669 8169 8155
f 6669 8155 6667
f 6667 8155 8157
f 6667 8157 6665
f 6665 8157 8156
f 6665 8156 6663
f 6663 8156 8160
f 6663 8160 6656
f 6656 8160 8159
f 6656 8159 6657
f 6657 8159 8158
f 6657 8158 6659
f 6659 8158 8163
f 6659 8163 6661
f 6661 8163 8162
f 6661 8162 6662
f 6662 8162 6655
f 8172 8173 8174
f 8175 8173 8172
f 8172 8176 8177
f 8178 8176 8172
f 8174 8178 8172
f 8172 8179 8180
f 8181 8179 8172
f 8177 8181 8172
f 8172 8182 8183
f 8184 8182 8172
f 8180 8184 8172
f 8183 8175 8172
f 8175 8185 8173
f 8173 8185 8186
f 8173 8186 8174
f 8174 8186 8187
f 8174 8187 8178
f 8178 8187 8188
f 8178 8188 8176
f 8176 8188 8189
f 8176 8189 8177
f 8177 8189 8190
f 8177 8190 8181
f 8181 8190 8191
f 8181 8191 8179
f 8179 8191 8192
f 8179 8192 8180
f 8180 8192 8193
f 8180 8193 8184
f 8184 8193 8194
f 8184 8194 8182
f 8182 8194 8195
f 8182 8195 8183
f 8183 8195 8196
f 8183 8196 8175
f 8175 8196 8185
f 8193 8192 8197
f 8191 8198 8192
f 8192 8198 8199
f 8192 8199 8197
f 8200 8201 8191
f 8191 8201 8202
f 8191 8202 8198
f 8186 8203 8187
f 8187 8203 8204
f 8187 8204 8188
f 8188 8204 8205
f 8188 8205 8189
f 8189 8205 8200
f 8189 8200 8190
f 8190 8200 8191
f 8185 8206 8186
f 8186 8206 8207
f 8186 8207 8203
f 8208 8209 8185
f 8185 8209 8210
f 8185 8210 8206
f 8197 8211 8193
f 8193 8211 8212
f 8193 8212 8194
f 8194 8212 8213
f 8194 8213 8195
f 8195 8213 8208
f 8195 8208 8196
f 8196 8208 8185
f 6622 8204 6645
f 6645 8204 8203
f 6645 8203 6646
f 6646 8203 8207
f 6646 8207 6648
f 6648 8207 8206
f 6648 8206 6650
f 6650 8206 8210
f 6650 8210 6651
f 6651 8210 8209
f 6651 8209 6644
f 6644 8209 8208
f 6644 8208 6642
f 6642 8208 8213
f 6642 8213 6640
f 6640 8213 8212
f 6636 6637 8212
f 8212 6637 6639
f 8212 6639 6640
f 8212 8211 6636
f 6636 8211 8197
f 6636 8197 6634
f 6634 8197 8199
f 6634 8199 6632
f 6632 8199 8198
f 6632 8198 6630
f 6630 8198 8202
f 6630 8202 6623
f 6623 8202 8201
f 6623 8201 6624
f 6624 8201 8200
f 6624 8200 6626
f 6626 8200 8205
f 6626 8205 6628
f 6628 8205 8204
f 6628 8204 6629
f 6629 8204 6622
f 8214 8215 8216
f 8217 8215 8214
f 8214 8218 8219
f 8220 8218 8214
f 8216 8220 8214
f 8214 8221 8222
f 8223 8221 8214
f 8219 8223 8214
f 8214 8224 8225
f 8226 8224 8214
f 8222 8226 8214
f 8225 8217 8214
f 8217 8227 8215
f 8215 8227 8228
f 8215 8228 8216
f 8216 8228 8229
f 8216 8229 8220
f 8220 8229 8230
f 8220 8230 8218
f 8218 8230 8231
f 8218 8231 8219
f 8219 8231 8232
f 8219 8232 8223
f 8223 8232 8233
f 8223 8233 8221
f 8221 8233 8234
f 8221 8234 8222
f 8222 8234 8235
f 8222 8235 8226
f 8226 8235 8236
f 8226 8236 8224
f 8224 8236 8237
f 8224 8237 8225
f 8225 8237 8238
f 8225 8238 8217
f 8217 8238 8227
f 8234 8239 8235
f 8235 8239 8240
f 8235 8240 8236
f 8236 8240 8241
f 8236 8241 8237
f 8237 8241 8238
f 8233 8242 8234
f 8234 8242 8243
f 8234 8243 8239
f 8244 8245 8233
f 8233 8245 8246
f 8233 8246 8242
f 8233 8232 8244
f 8244 8232 8231
f 8244 8231 8247
f 8247 8231 8230
f 8247 8230 8248
f 8248 8230 8229
f 8248 8229 8249
f 8249 8229 8228
f 8249 8228 8250
f 8250 8228 8251
f 8251 8228 8227
f 8251 8227 8252
f 8241 8253 8238
f 8238 8253 8254
f 8238 8254 8227
f 8227 8254 8255
f 8227 8255 8252
f 6589 8240 6612
f 6612 8240 8239
f 6612 8239 6613
f 6613 8239 8243
f 6613 8243 6615
f 6615 8243 8242
f 6615 8242 6617
f 6617 8242 8246
f 6617 8246 6618
f 6618 8246 8245
f 6618 8245 6611
f 6611 8245 8244
f 6611 8244 6609
f 6609 8244 8247
f 6609 8247 6607
f 6607 8247 8248
f 6607 8248 6606
f 6606 8248 6604
f 6604 8248 6603
f 6603 8248 8249
f 6603 8249 6601
f 6601 8249 8250
f 6601 8250 6599
f 6599 8250 8251
f 6599 8251 6597
f 6597 8251 8252
f 6597 8252 6590
f 6590 8252 8255
f 6590 8255 6591
f 8255 8254 6591
f 6591 8254 8253
f 6591 8253 6593
f 6593 8253 8241
f 6593 8241 6595
f 6595 8241 8240
f 6595 8240 6596
f 6596 8240 6589
f 6556 8256 6579
f 6579 8256 8257
f 6579 8257 6580
f 6580 8257 8258
f 6580 8258 6582
f 6582 8258 8259
f 6582 8259 6584
f 6584 8259 8260
f 6584 8260 6585
f 6585 8260 8261
f 6585 8261 6578
f 6578 8261 8262
f 6578 8262 6576
f 6576 8262 8263
f 6576 8263 6574
f 6574 8263 8264
f 6574 8264 6573
f 6573 8264 6571
f 6571 8264 6570
f 6570 8264 8265
f 6570 8265 6568
f 6568 8265 8266
f 6568 8266 6566
f 6566 8266 8267
f 6566 8267 6564
f 6564 8267 8268
f 6564 8268 6557
f 6557 8268 8269
f 6557 8269 6558
f 8269 8270 6558
f 6558 8270 8271
f 6558 8271 6560
f 6560 8271 8272
f 6560 8272 6562
f 6562 8272 8256
f 6562 8256 6563
f 6563 8256 6556
f 8273 8274 8275
f 8276 8274 8273
f 8273 8277 8278
f 8279 8277 8273
f 8275 8279 8273
f 8273 8280 8281
f 8282 8280 8273
f 8278 8282 8273
f 8273 8283 8284
f 8285 8283 8273
f 8281 8285 8273
f 8284 8276 8273
f 8276 8286 8274
f 8274 8286 8287
f 8274 8287 8275
f 8275 8287 8288
f 8275 8288 8279
f 8279 8288 8289
f 8279 8289 8277
f 8277 8289 8290
f 8277 8290 8278
f 8278 8290 8291
f 8278 8291 8282
f 8282 8291 8292
f 8282 8292 8280
f 8280 8292 8293
f 8280 8293 8281
f 8281 8293 8294
f 8281 8294 8285
f 8285 8294 8295
f 8285 8295 8283
f 8283 8295 8296
f 8283 8296 8284
f 8284 8296 8297
f 8284 8297 8276
f 8276 8297 8286
f 8293 8257 8294
f 8294 8257 8256
f 8294 8256 8295
f 8295 8256 8272
f 8295 8272 8296
f 8296 8272 8297
f 8292 8259 8293
f 8293 8259 8258
f 8293 8258 8257
f 8262 8261 8292
f 8292 8261 8260
f 8292 8260 8259
f 8292 8291 8262
f 8262 8291 8290
f 8262 8290 8263
f 8263 8290 8289
f 8263 8289 8264
f 8264 8289 8288
f 8264 8288 8265
f 8265 8288 8287
f 8265 8287 8266
f 8266 8287 8267
f 8267 8287 8286
f 8267 8286 8268
f 8272 8271 8297
f 8297 8271 8270
f 8297 8270 8286
f 8286 8270 8269
f 8286 8269 8268
f 8298 8299 8300
f 8300 8299 8301
f 8300 8301 8302
f 8303 8304 8305
f 8305 8304 8306
f 8305 8306 8307
f 8307 8306 8302
f 8307 8302 8308
f 8308 8302 8301
f 8309 8310 8311
f 8311 8312 8309
f 8309 8312 8313
f 8309 8313 8314
f 8314 8313 8315
f 8314 8315 8316
f 8316 8315 8317
f 8316 8317 1071
f 1071 8317 8318
f 1071 8318 1072
f 8319 8320 8321
f 8321 8320 8322
f 8320 8319 8323
f 8320 8323 8324
f 8324 8323 8325
f 8324 8325 8326
f 8326 8325 8327
f 8326 8327 8328
f 8329 8330 8331
f 8329 8331 8332
f 8332 8331 8333
f 8332 8333 8334
f 8334 8333 8335
f 8334 8335 8336
f 8336 8335 8321
f 8336 8321 8322
f 8337 8338 8339
f 8339 8338 8340
f 8339 8340 8327
f 8327 8340 8328
f 8341 8342 8343
f 8341 8343 8344
f 8344 8343 8330
f 8344 8330 8329
f 8338 8337 8345
f 8338 8345 8346
f 8346 8345 8347
f 8346 8347 8348
f 8349 8350 8351
f 8349 8351 8352
f 8352 8351 8353
f 8352 8353 8354
f 8354 8353 8355
f 8354 8355 8356
f 8356 8355 8357
f 8356 8357 8358
f 8358 8357 8342
f 8358 8342 8341
f 8350 8349 8347
f 8347 8349 8348
f 8359 8360 8361
f 8359 8361 8362
f 8362 8361 8363
f 8362 8363 8364
f 8364 8363 8365
f 8364 8365 8366
f 8366 8365 8367
f 8366 8367 8368
f 8368 8367 8369
f 8368 8369 8370
f 8370 8369 8371
f 8370 8371 8372
f 8373 8374 8375
f 8373 8375 8376
f 8376 8375 8377
f 8376 8377 8378
f 8378 8377 8379
f 8378 8379 8380
f 8380 8379 8360
f 8380 8360 8359
f 8372 8371 8381
f 8381 8371 8382
f 8374 8373 8383
f 8383 8373 8384
f 8381 8382 8385
f 8381 8385 8386
f 8386 8385 8387
f 8386 8387 8388
f 8388 8387 8389
f 8388 8389 8390
f 8391 8392 8393
f 8391 8393 8394
f 8394 8393 8395
f 8394 8395 8396
f 8396 8395 8383
f 8396 8383 8384
f 8392 8391 8397
f 8397 8391 8398
f 8397 8398 8389
f 8389 8398 8390
f 8399 393 8400
f 8400 393 420
f 8399 8400 8401
f 8401 8400 8402
f 8401 8402 8403
f 8403 8402 8404
f 8403 8404 8405
f 8405 8404 8406
f 8405 8406 8407
f 8407 8406 8408
f 8407 8408 8409
f 8409 8408 8410
f 8409 8410 8411
f 8411 8410 8412
f 400 8411 434
f 434 8411 8412
f 8401 8403 8399
f 8399 8403 8405
f 8399 8405 8407
f 400 393 8411
f 8411 393 8399
f 8411 8399 8409
f 8409 8399 8407
f 8363 8413 8414
f 8363 8414 8365
f 8365 8414 8415
f 8365 8415 8367
f 8367 8415 8416
f 8367 8416 8369
f 8369 8416 8417
f 8369 8417 8371
f 8374 8418 8419
f 8374 8419 8375
f 8375 8419 8420
f 8375 8420 8377
f 8377 8420 8421
f 8377 8421 8379
f 8379 8421 8422
f 8379 8422 8360
f 8392 8423 8424
f 8392 8424 8393
f 8393 8424 8425
f 8393 8425 8395
f 8395 8425 8426
f 8395 8426 8383
f 8382 8427 8428
f 8382 8428 8385
f 8385 8428 8429
f 8385 8429 8387
f 8387 8429 8430
f 8387 8430 8389
f 8330 8431 8432
f 8330 8432 8331
f 8331 8432 8433
f 8331 8433 8333
f 8333 8433 8434
f 8333 8434 8335
f 8335 8434 8435
f 8335 8435 8321
f 8319 8436 8437
f 8319 8437 8323
f 8323 8437 8438
f 8323 8438 8325
f 8325 8438 8439
f 8325 8439 8327
f 8350 8440 8441
f 8350 8441 8351
f 8351 8441 8442
f 8351 8442 8353
f 8353 8442 8443
f 8353 8443 8355
f 8355 8443 8444
f 8355 8444 8357
f 8357 8444 8445
f 8357 8445 8342
f 8337 8446 8447
f 8337 8447 8345
f 8345 8447 8448
f 8345 8448 8347
f 8344 8329 8328
f 8328 8340 8344
f 8344 8340 8338
f 8344 8338 8346
f 8329 8332 8334
f 8346 8348 8344
f 8344 8348 8349
f 8344 8349 8341
f 8324 8326 8320
f 8320 8326 8328
f 8320 8328 8322
f 8322 8328 8329
f 8322 8329 8336
f 8336 8329 8334
f 8354 8356 8358
f 8341 8349 8358
f 8358 8349 8352
f 8358 8352 8354
f 8347 8448 8350
f 8350 8448 8440
f 8327 8439 8339
f 8339 8439 8449
f 8339 8449 8337
f 8337 8449 8446
f 8321 8435 8319
f 8319 8435 8436
f 8342 8445 8450
f 8342 8450 8343
f 8343 8450 8431
f 8343 8431 8330
f 8384 8373 8359
f 8391 8394 8396
f 8366 8368 8364
f 8364 8368 8370
f 8386 8388 8381
f 8381 8388 8390
f 8381 8390 8372
f 8396 8384 8391
f 8391 8384 8359
f 8391 8359 8398
f 8398 8359 8362
f 8398 8362 8390
f 8390 8362 8364
f 8390 8364 8372
f 8372 8364 8370
f 8373 8376 8359
f 8359 8376 8378
f 8359 8378 8380
f 8383 8426 8374
f 8374 8426 8418
f 8389 8430 8397
f 8397 8430 8451
f 8397 8451 8392
f 8392 8451 8423
f 8371 8417 8382
f 8382 8417 8427
f 8360 8422 8452
f 8360 8452 8361
f 8361 8452 8413
f 8361 8413 8363
f 8453 8454 8455
f 8455 8454 8456
f 8455 8456 8457
f 8457 8456 8458
f 8457 8458 8459
f 8459 8458 8460
f 8459 8460 8461
f 8461 8460 8462
f 8461 8462 8463
f 8463 8462 8464
f 8463 8464 8465
f 8465 8464 8466
f 8465 8466 8467
f 8467 8466 8468
f 8467 8468 8469
f 8469 8468 8470
f 8469 8470 8471
f 8471 8470 8472
f 8471 8472 8473
f 8473 8472 8474
f 8473 8474 8475
f 8475 8474 8476
f 8475 8476 8477
f 8477 8476 8478
f 8477 8478 8479
f 8479 8478 8480
f 8479 8480 8481
f 8481 8480 8482
f 8481 8482 8483
f 8483 8482 8484
f 8483 8484 8485
f 8485 8484 8486
f 8485 8486 8487
f 8487 8486 8488
f 8487 8488 8489
f 8489 8488 8490
f 8489 8490 8491
f 8491 8490 8492
f 8491 8492 8493
f 8493 8492 8494
f 8493 8494 8495
f 8495 8494 8496
f 8495 8496 8497
f 8497 8496 8498
f 8497 8498 8499
f 8499 8498 8500
f 8499 8500 8501
f 8501 8500 8502
f 8501 8502 8503
f 8503 8502 8504
f 8503 8504 8505
f 8505 8504 8506
f 8505 8506 8507
f 8507 8506 8508
f 8507 8508 8453
f 8453 8508 8454
f 5010 5011 8509
f 8509 8510 5010
f 5010 8510 8511
f 5010 8511 5009
f 8511 8512 5009
f 5009 8512 8513
f 5009 8513 5008
f 8513 8514 5008
f 5008 8514 8515
f 5008 8515 5007
f 8515 8516 5007
f 5007 8516 8517
f 5007 8517 5006
f 8517 8518 5006
f 5006 8518 8519
f 5006 8519 5005
f 8519 8520 5005
f 5005 8520 8521
f 5005 8521 5004
f 8521 8522 5004
f 5004 8522 8523
f 5004 8523 5003
f 8523 8524 5003
f 5003 8524 8525
f 5003 8525 5002
f 8525 8526 5002
f 5002 8526 8527
f 5002 8527 5001
f 8527 8528 5001
f 5001 8528 8529
f 5001 8529 5000
f 8529 8530 5000
f 5000 8530 8531
f 5000 8531 4999
f 8531 8532 4999
f 4999 8532 8533
f 4999 8533 4998
f 4998 8533 8534
f 4998 8534 4997
f 4997 8534 8535
f 4997 8535 4996
f 8535 8536 4996
f 4996 8536 8537
f 4996 8537 4995
f 8537 8538 4995
f 4995 8538 8539
f 4995 8539 4994
f 8539 8540 4994
f 4994 8540 8541
f 4994 8541 4993
f 8542 4991 4992
f 8541 8543 4993
f 4993 8543 8544
f 4993 8544 4992
f 4992 8544 8545
f 4992 8545 8542
f 8542 8546 4991
f 4991 8546 8547
f 4991 8547 4990
f 8547 8548 4990
f 4990 8548 8549
f 4990 8549 4989
f 8549 8550 4989
f 4989 8550 8551
f 4989 8551 4988
f 8552 4986 4987
f 8551 8553 4988
f 4988 8553 8554
f 4988 8554 4987
f 4987 8554 8555
f 4987 8555 8552
f 8556 5012 5013
f 8552 8557 4986
f 4986 8557 8558
f 4986 8558 5013
f 5013 8558 8559
f 5013 8559 8556
f 8556 8560 5012
f 5012 8560 8561
f 5012 8561 5011
f 5011 8561 8562
f 5011 8562 8509
f 8563 8564 8565
f 8565 8566 8563
f 8563 8566 8567
f 8563 8567 8568
f 8568 8567 8569
f 8568 8569 8570
f 8570 8569 8571
f 8570 8571 8572
f 8572 8571 8573
f 8572 8573 8574
f 8574 8573 8575
f 8574 8575 8576
f 8576 8575 8577
f 8576 8577 8578
f 8578 8577 8579
f 8578 8579 8580
f 8580 8579 8581
f 8580 8581 8582
f 8582 8581 8583
f 8582 8583 8584
f 8584 8583 8585
f 8584 8585 8586
f 8586 8585 8587
f 8586 8587 8564
f 8564 8587 8588
f 8564 8588 8565
f 8589 8584 8590
f 8590 8584 8586
f 8590 8586 8591
f 8591 8586 8564
f 8591 8564 8592
f 8592 8564 8563
f 8592 8563 8593
f 8593 8563 8568
f 8593 8568 8594
f 8594 8568 8570
f 8594 8570 8595
f 8595 8570 8572
f 8595 8572 8596
f 8596 8572 8574
f 8596 8574 8597
f 8597 8574 8576
f 8597 8576 8598
f 8598 8576 8578
f 8598 8578 8599
f 8599 8578 8580
f 8599 8580 8600
f 8600 8580 8582
f 8600 8582 8589
f 8589 8582 8584
f 8601 8602 8603
f 8603 8602 8604
f 8603 8604 8605
f 8605 8604 8606
f 8605 8606 8607
f 8607 8606 8608
f 8607 8608 8609
f 8609 8608 8610
f 8609 8610 8611
f 8611 8610 8612
f 8611 8612 8613
f 8613 8612 8614
f 8613 8614 8615
f 8615 8614 8616
f 8615 8616 8617
f 8617 8616 8618
f 8617 8618 8619
f 8619 8618 8620
f 8619 8620 8621
f 8621 8620 8622
f 8621 8622 8623
f 8623 8622 8624
f 8623 8624 8625
f 8625 8624 8626
f 8625 8626 8603
f 8603 8626 8627
f 8603 8627 8601
f 8628 8617 8629
f 8629 8617 8619
f 8629 8619 8630
f 8630 8619 8621
f 8630 8621 8631
f 8631 8621 8623
f 8631 8623 8632
f 8632 8623 8625
f 8632 8625 8633
f 8633 8625 8603
f 8633 8603 8634
f 8634 8603 8605
f 8634 8605 8635
f 8635 8605 8607
f 8635 8607 8636
f 8636 8607 8609
f 8636 8609 8637
f 8637 8609 8611
f 8637 8611 8638
f 8638 8611 8613
f 8638 8613 8639
f 8639 8613 8615
f 8639 8615 8628
f 8628 8615 8617
f 8640 8641 8642
f 8642 8641 8643
f 8642 8643 8644
f 8644 8643 8645
f 8644 8645 8646
f 8646 8645 8647
f 8646 8647 8648
f 8648 8647 8649
f 8648 8649 8650
f 8650 8649 8651
f 8650 8651 8652
f 8652 8651 8653
f 8652 8653 8654
f 8654 8653 8655
f 8654 8655 8656
f 8656 8655 8657
f 8656 8657 8658
f 8658 8657 8659
f 8658 8659 8660
f 8660 8659 8661
f 8660 8661 8662
f 8662 8661 8663
f 8662 8663 8640
f 8640 8663 8641
f 8664 8662 8665
f 8665 8662 8640
f 8665 8640 8666
f 8666 8640 8642
f 8666 8642 8667
f 8667 8642 8644
f 8667 8644 8668
f 8668 8644 8646
f 8668 8646 8669
f 8669 8646 8648
f 8669 8648 8670
f 8670 8648 8650
f 8670 8650 8671
f 8671 8650 8652
f 8671 8652 8672
f 8672 8652 8654
f 8672 8654 8673
f 8673 8654 8656
f 8673 8656 8674
f 8674 8656 8658
f 8674 8658 8675
f 8675 8658 8660
f 8675 8660 8664
f 8664 8660 8662
f 8676 8677 8678
f 8678 8679 8676
f 8676 8679 8680
f 8676 8680 8681
f 8681 8680 8682
f 8681 8682 8683
f 8683 8682 8684
f 8683 8684 8685
f 8685 8684 8686
f 8685 8686 8687
f 8687 8686 8688
f 8687 8688 8689
f 8689 8688 8690
f 8689 8690 8691
f 8691 8690 8692
f 8691 8692 8693
f 8693 8692 8694
f 8693 8694 8695
f 8695 8694 8696
f 8695 8696 8697
f 8697 8696 8698
f 8697 8698 8699
f 8699 8698 8700
f 8699 8700 8677
f 8677 8700 8701
f 8677 8701 8678
f 8702 8676 8703
f 8703 8676 8681
f 8703 8681 8704
f 8704 8681 8683
f 8704 8683 8705
f 8705 8683 8685
f 8705 8685 8706
f 8706 8685 8687
f 8706 8687 8707
f 8707 8687 8689
f 8707 8689 8708
f 8708 8689 8691
f 8708 8691 8709
f 8709 8691 8693
f 8709 8693 8710
f 8710 8693 8695
f 8710 8695 8711
f 8711 8695 8697
f 8711 8697 8712
f 8712 8697 8699
f 8712 8699 8713
f 8713 8699 8677
f 8713 8677 8702
f 8702 8677 8676
f 8714 8715 8716
f 8716 8717 8714
f 8714 8717 8718
f 8714 8718 8719
f 8719 8718 8720
f 8719 8720 8721
f 8721 8720 8722
f 8721 8722 8723
f 8723 8722 8724
f 8723 8724 8725
f 8725 8724 8726
f 8725 8726 8727
f 8727 8726 8728
f 8727 8728 8729
f 8729 8728 8730
f 8729 8730 8731
f 8731 8730 8732
f 8731 8732 8733
f 8733 8732 8734
f 8733 8734 8735
f 8735 8734 8736
f 8735 8736 8737
f 8737 8736 8738
f 8737 8738 8715
f 8715 8738 8739
f 8715 8739 8716
f 8740 8731 8741
f 8741 8731 8733
f 8741 8733 8742
f 8742 8733 8735
f 8742 8735 8743
f 8743 8735 8737
f 8743 8737 8744
f 8744 8737 8715
f 8744 8715 8745
f 8745 8715 8714
f 8745 8714 8746
f 8746 8714 8719
f 8746 8719 8747
f 8747 8719 8721
f 8747 8721 8748
f 8748 8721 8723
f 8748 8723 8749
f 8749 8723 8725
f 8749 8725 8750
f 8750 8725 8727
f 8750 8727 8751
f 8751 8727 8729
f 8751 8729 8740
f 8740 8729 8731
f 8752 8753 8754
f 8754 8755 8752
f 8752 8755 8756
f 8752 8756 8757
f 8757 8756 8758
f 8757 8758 8759
f 8759 8758 8760
f 8759 8760 8761
f 8761 8760 8762
f 8761 8762 8763
f 8763 8762 8764
f 8763 8764 8765
f 8765 8764 8766
f 8765 8766 8767
f 8767 8766 8768
f 8767 8768 8769
f 8769 8768 8770
f 8769 8770 8771
f 8771 8770 8772
f 8771 8772 8773
f 8773 8772 8774
f 8773 8774 8775
f 8775 8774 8776
f 8775 8776 8753
f 8753 8776 8777
f 8753 8777 8754
f 8778 8757 8779
f 8779 8757 8759
f 8779 8759 8780
f 8780 8759 8761
f 8780 8761 8781
f 8781 8761 8763
f 8781 8763 8782
f 8782 8763 8765
f 8782 8765 8783
f 8783 8765 8767
f 8783 8767 8784
f 8784 8767 8769
f 8784 8769 8785
f 8785 8769 8771
f 8785 8771 8786
f 8786 8771 8773
f 8786 8773 8787
f 8787 8773 8775
f 8787 8775 8788
f 8788 8775 8753
f 8788 8753 8789
f 8789 8753 8752
f 8789 8752 8778
f 8778 8752 8757
f 8790 8300 8302
f 8791 5878 8792
f 8792 5878 8790
f 8792 8790 8793
f 8793 8790 8302
f 5878 8791 5879
f 5879 8791 8794
f 8795 5881 8794
f 8794 5881 5880
f 8794 5880 5879
f 8796 5883 8795
f 8795 5883 5882
f 8795 5882 5881
f 8797 5885 8796
f 8796 5885 5884
f 8796 5884 5883
f 8798 5183 8799
f 8799 5183 5887
f 8799 5887 8797
f 8797 5887 5886
f 8797 5886 5885
f 8800 5877 8799
f 8799 5877 5181
f 8799 5181 8798
f 8801 5875 8800
f 8800 5875 5876
f 8800 5876 5877
f 5078 8802 8803
f 8803 8802 5080
f 8803 5080 8801
f 8801 5080 5874
f 8801 5874 5875
f 8804 5914 8803
f 8803 5914 5913
f 8803 5913 5078
f 8805 5916 8804
f 8804 5916 5915
f 8804 5915 5914
f 8806 5918 8805
f 8805 5918 5917
f 8805 5917 5916
f 8807 5920 8806
f 8806 5920 5919
f 8806 5919 5918
f 8808 5157 8809
f 8809 5157 5922
f 8809 5922 8807
f 8807 5922 5921
f 8807 5921 5920
f 8810 5909 8809
f 8809 5909 5155
f 8809 5155 8808
f 5054 5912 8811
f 8811 5912 5911
f 8811 5911 8810
f 8810 5911 5910
f 8810 5910 5909
f 5054 8811 8812
f 8812 8811 8813
f 8812 8813 5052
f 8814 5907 8813
f 8813 5907 5908
f 8813 5908 5052
f 8815 5905 8814
f 8814 5905 5904
f 8814 5904 5907
f 8816 5902 8815
f 8815 5902 5906
f 8815 5906 5905
f 8817 5900 8816
f 8816 5900 5903
f 8816 5903 5902
f 5026 8818 8819
f 8818 5028 8819
f 8819 5028 5873
f 8819 5873 8817
f 8817 5873 5901
f 8817 5901 5900
f 8820 5896 8819
f 8819 5896 5895
f 8819 5895 5026
f 8821 5898 8820
f 8820 5898 5897
f 8820 5897 5896
f 8822 5131 8821
f 8821 5131 5899
f 8821 5899 5898
f 8822 8821 5129
f 5129 8821 8823
f 5129 8823 5894
f 8312 8311 1064
f 1064 8311 8824
f 1064 8824 396
f 396 8824 8825
f 396 8825 397
f 8826 8717 8827
f 8827 8717 8716
f 8604 8602 8828
f 8828 8602 8601
f 8828 8601 8829
f 8830 8755 8831
f 8831 8755 8754
f 8831 8754 8832
f 8678 8833 8834
f 8834 8833 8835
f 8834 8835 8836
f 8836 8835 8837
f 8836 8837 8830
f 8830 8837 8756
f 8830 8756 8755
f 8565 8838 8839
f 8839 8838 8840
f 8839 8840 8841
f 8841 8840 8842
f 8841 8842 8843
f 8843 8842 8844
f 8843 8844 8845
f 8845 8844 8846
f 8845 8846 8847
f 8847 8846 8848
f 8847 8848 8849
f 8849 8848 8850
f 8849 8850 8851
f 8851 8850 8852
f 8851 8852 8853
f 8853 8852 8680
f 8853 8680 8834
f 8834 8680 8679
f 8834 8679 8678
f 8716 8854 8827
f 8827 8854 8855
f 8827 8855 8856
f 8856 8855 8857
f 8856 8857 8858
f 8858 8857 8859
f 8858 8859 8860
f 8860 8859 8861
f 8860 8861 8862
f 8862 8861 8567
f 8862 8567 8839
f 8839 8567 8566
f 8839 8566 8565
f 8601 8863 8829
f 8829 8863 8864
f 8829 8864 8826
f 8826 8864 8718
f 8826 8718 8717
f 8604 8828 8606
f 8606 8828 8865
f 8606 8865 8866
f 8866 8865 8867
f 8866 8867 8868
f 8868 8867 8869
f 8868 8869 8870
f 8870 8869 8871
f 8870 8871 8872
f 8872 8871 8873
f 8872 8873 8874
f 8875 8874 8873
f 8306 8304 8876
f 8876 8304 8875
f 8876 8875 8877
f 8877 8875 8873
f 432 8878 386
f 386 8878 8879
f 386 8879 1066
f 1066 8879 8303
f 1066 8303 8305
f 8302 8306 8793
f 8793 8306 8876
f 8793 8876 8792
f 8792 8876 8877
f 8792 8877 8791
f 8791 8877 8873
f 8453 8537 8536
f 8453 8536 8507
f 8457 8540 8455
f 8455 8540 8539
f 8455 8539 8453
f 8453 8539 8538
f 8453 8538 8537
f 8459 8543 8457
f 8457 8543 8541
f 8457 8541 8540
f 8461 8545 8459
f 8459 8545 8544
f 8459 8544 8543
f 8463 8546 8461
f 8461 8546 8542
f 8461 8542 8545
f 8550 8549 8465
f 8465 8549 8548
f 8465 8548 8463
f 8463 8548 8547
f 8463 8547 8546
f 8550 8465 8551
f 8551 8465 8467
f 8551 8467 8553
f 8553 8467 8469
f 8553 8469 8554
f 8554 8469 8555
f 8555 8469 8471
f 8555 8471 8552
f 8473 8475 8556
f 8556 8559 8473
f 8473 8559 8558
f 8473 8558 8471
f 8471 8558 8557
f 8471 8557 8552
f 8481 8509 8479
f 8479 8509 8562
f 8479 8562 8477
f 8477 8562 8561
f 8477 8561 8475
f 8475 8561 8560
f 8475 8560 8556
f 8485 8512 8483
f 8483 8512 8511
f 8483 8511 8481
f 8481 8511 8510
f 8481 8510 8509
f 8487 8514 8485
f 8485 8514 8513
f 8485 8513 8512
f 8489 8516 8487
f 8487 8516 8515
f 8487 8515 8514
f 8491 8518 8489
f 8489 8518 8517
f 8489 8517 8516
f 8493 8520 8491
f 8491 8520 8519
f 8491 8519 8518
f 8495 8522 8493
f 8493 8522 8521
f 8493 8521 8520
f 8497 8524 8495
f 8495 8524 8523
f 8495 8523 8522
f 8499 8526 8497
f 8497 8526 8525
f 8497 8525 8524
f 8501 8528 8499
f 8499 8528 8527
f 8499 8527 8526
f 8503 8530 8501
f 8501 8530 8529
f 8501 8529 8528
f 8505 8532 8503
f 8503 8532 8531
f 8503 8531 8530
f 8536 8535 8507
f 8507 8535 8534
f 8507 8534 8505
f 8505 8534 8533
f 8505 8533 8532
f 8791 8873 8871
f 8791 8871 8794
f 8794 8871 8869
f 8794 8869 8795
f 8795 8869 8867
f 8795 8867 8796
f 8796 8867 8865
f 8796 8865 8797
f 8797 8865 8828
f 8797 8828 8799
f 8799 8828 8829
f 8799 8829 8800
f 8800 8829 8826
f 8800 8826 8801
f 8801 8826 8827
f 8801 8827 8803
f 8803 8827 8856
f 8803 8856 8804
f 8804 8856 8858
f 8804 8858 8805
f 8805 8858 8860
f 8805 8860 8806
f 8806 8860 8880
f 8806 8880 8881
f 8881 8880 8839
f 8881 8839 8809
f 8809 8839 8841
f 8809 8841 8810
f 8810 8841 8843
f 8810 8843 8811
f 8811 8843 8845
f 8811 8845 8813
f 8813 8845 8847
f 8813 8847 8814
f 8814 8847 8849
f 8814 8849 8815
f 8815 8849 8851
f 8815 8851 8816
f 8816 8851 8853
f 8816 8853 8817
f 8817 8853 8834
f 8817 8834 8819
f 8819 8834 8836
f 8819 8836 8820
f 8820 8836 8830
f 8820 8830 8821
f 8821 8830 8831
f 8821 8831 8823
f 8882 8883 8884
f 8884 8883 8885
f 8884 8885 8886
f 8886 8885 8887
f 8886 8887 8888
f 8888 8887 8889
f 8888 8889 8890
f 8890 8889 8891
f 8890 8891 8892
f 8892 8891 8893
f 8892 8893 8894
f 8894 8893 8895
f 8894 8895 8896
f 8896 8895 8897
f 8896 8897 8898
f 8898 8897 8899
f 8898 8899 8900
f 8900 8899 8901
f 8900 8901 8902
f 8902 8901 8903
f 8902 8903 8904
f 8904 8903 8905
f 8904 8905 8882
f 8882 8905 8883
f 1030 8904 1032
f 1032 8904 8882
f 1032 8882 1034
f 1034 8882 8884
f 1034 8884 1036
f 1036 8884 8886
f 1036 8886 1038
f 1038 8886 8888
f 1038 8888 1016
f 1016 8888 8890
f 1016 8890 1018
f 1018 8890 8892
f 1018 8892 1020
f 1020 8892 8894
f 1020 8894 1022
f 1022 8894 8896
f 1022 8896 1024
f 1024 8896 8898
f 1024 8898 1026
f 1026 8898 8900
f 1026 8900 1028
f 1028 8900 8902
f 1028 8902 1030
f 1030 8902 8904
f 8906 8907 8908
f 8908 8907 8909
f 8908 8909 8910
f 8910 8909 8911
f 8910 8911 8912
f 8912 8911 8913
f 8912 8913 8914
f 8914 8913 8915
f 8914 8915 8916
f 8916 8915 8917
f 8916 8917 8918
f 8918 8917 8919
f 8918 8919 8920
f 8920 8919 8921
f 8920 8921 8922
f 8922 8921 8923
f 8922 8923 8924
f 8924 8923 8925
f 8924 8925 8926
f 8926 8925 8927
f 8926 8927 8928
f 8928 8927 8929
f 8928 8929 8906
f 8906 8929 8907
f 1008 8928 1009
f 1009 8928 8906
f 1009 8906 1010
f 1010 8906 8908
f 1010 8908 1011
f 1011 8908 8910
f 1011 8910 1012
f 1012 8910 8912
f 1012 8912 1013
f 1013 8912 8914
f 1013 8914 1014
f 1014 8914 8916
f 1014 8916 1003
f 1003 8916 8918
f 1003 8918 1004
f 1004 8918 8920
f 1004 8920 1005
f 1005 8920 8922
f 1005 8922 1006
f 1006 8922 8924
f 1006 8924 1007
f 1007 8924 8926
f 1007 8926 1008
f 1008 8926 8928
f 3941 8313 1064
f 1064 8313 8312
f 8428 8427 8930
f 8311 8310 8931
f 8682 8680 8852
f 8454 8508 8852
f 8569 8567 8932
f 8608 8606 8866
f 8434 8433 8933
f 8933 8433 8432
f 8933 8432 8879
f 8438 8437 8934
f 8934 8437 8436
f 8934 8436 8933
f 8933 8436 8435
f 8933 8435 8434
f 8432 8431 8879
f 8879 8431 8450
f 8879 8450 8303
f 8303 8450 8445
f 8303 8445 8304
f 8443 8442 8484
f 8484 8442 8441
f 8484 8441 8486
f 8444 8874 8445
f 8445 8874 8875
f 8445 8875 8304
f 8439 8492 8449
f 8449 8492 8490
f 8449 8490 8446
f 8446 8490 8488
f 8441 8440 8486
f 8486 8440 8448
f 8486 8448 8488
f 8488 8448 8447
f 8488 8447 8446
f 8412 8410 8935
f 8410 8408 8935
f 8935 8408 8936
f 8935 8936 8937
f 8937 8936 8404
f 420 398 8400
f 8400 398 8937
f 8400 8937 8402
f 8402 8937 8404
f 8903 433 8935
f 8935 433 434
f 8935 434 8412
f 8903 8901 433
f 433 8901 8899
f 433 8899 432
f 432 8899 8897
f 432 8897 8878
f 8891 8879 8893
f 8893 8879 8878
f 8893 8878 8895
f 8895 8878 8897
f 8933 8883 8935
f 8935 8883 8905
f 8935 8905 8903
f 8891 8889 8879
f 8879 8889 8887
f 8879 8887 8933
f 8933 8887 8885
f 8933 8885 8883
f 8444 8443 8874
f 8874 8443 8484
f 8874 8484 8872
f 8872 8484 8870
f 8870 8484 8612
f 8870 8612 8868
f 8868 8612 8866
f 8866 8612 8610
f 8866 8610 8608
f 8624 8864 8626
f 8626 8864 8863
f 8626 8863 8627
f 8627 8863 8601
f 8622 8620 8476
f 8476 8620 8618
f 8476 8618 8478
f 8726 8724 8624
f 8624 8724 8722
f 8624 8722 8864
f 8864 8722 8720
f 8864 8720 8718
f 8484 8482 8612
f 8612 8482 8480
f 8612 8480 8614
f 8614 8480 8478
f 8614 8478 8616
f 8616 8478 8618
f 8470 8468 8859
f 8624 8622 8726
f 8726 8622 8476
f 8726 8476 8728
f 8728 8476 8474
f 8728 8474 8730
f 8730 8474 8472
f 8730 8472 8732
f 8472 8470 8732
f 8732 8470 8859
f 8732 8859 8734
f 8734 8859 8857
f 8734 8857 8736
f 8736 8857 8855
f 8736 8855 8738
f 8738 8855 8854
f 8738 8854 8739
f 8739 8854 8716
f 8577 8575 8466
f 8466 8575 8573
f 8468 8466 8859
f 8859 8466 8573
f 8859 8573 8932
f 8932 8573 8571
f 8932 8571 8569
f 8577 8466 8579
f 8579 8466 8464
f 8579 8464 8581
f 8581 8464 8462
f 8581 8462 8583
f 8583 8462 8460
f 8583 8460 8585
f 8842 8840 8587
f 8587 8840 8588
f 8588 8840 8838
f 8588 8838 8565
f 8587 8585 8842
f 8842 8585 8460
f 8842 8460 8844
f 8844 8460 8458
f 8844 8458 8456
f 8852 8850 8454
f 8454 8850 8848
f 8454 8848 8456
f 8456 8848 8846
f 8456 8846 8844
f 8700 8835 8701
f 8701 8835 8833
f 8701 8833 8678
f 8690 8508 8692
f 8692 8508 8506
f 8692 8506 8694
f 8694 8506 8504
f 8694 8504 8696
f 8696 8504 8764
f 8696 8764 8698
f 8698 8764 8762
f 8698 8762 8760
f 8690 8688 8508
f 8508 8688 8686
f 8508 8686 8852
f 8852 8686 8684
f 8852 8684 8682
f 8700 8698 8835
f 8835 8698 8760
f 8835 8760 8837
f 8837 8760 8758
f 8837 8758 8756
f 8770 8768 8502
f 8776 8774 8930
f 8930 8774 8772
f 8502 8768 8504
f 8504 8768 8766
f 8504 8766 8764
f 8930 8938 8824
f 8824 8311 8930
f 8930 8311 8931
f 8930 8931 8776
f 8776 8931 8832
f 8776 8832 8777
f 8777 8832 8754
f 8647 8645 8934
f 8934 8645 8939
f 8663 8940 8641
f 8641 8940 8939
f 8641 8939 8643
f 8643 8939 8645
f 8935 8653 8933
f 8933 8653 8651
f 8933 8651 8934
f 8934 8651 8649
f 8934 8649 8647
f 8663 8661 8937
f 8661 8659 8937
f 8937 8659 8657
f 8937 8657 8935
f 8935 8657 8655
f 8935 8655 8653
f 8929 8825 8907
f 8907 8825 8824
f 8907 8824 8909
f 8909 8824 8938
f 8909 8938 8911
f 8911 8938 8913
f 8663 8937 8940
f 8940 8937 8917
f 8940 8917 8915
f 8452 8422 8915
f 8915 8422 8421
f 8915 8421 8940
f 8940 8421 8420
f 8940 8420 8419
f 8929 8927 8825
f 8825 8927 8925
f 8825 8925 397
f 397 8925 8923
f 397 8923 398
f 398 8923 8921
f 398 8921 8937
f 8937 8921 8919
f 8937 8919 8917
f 8439 8438 8492
f 8492 8438 8934
f 8492 8934 8494
f 8494 8934 8939
f 8494 8939 8496
f 8772 8770 8930
f 8930 8770 8502
f 8930 8502 8428
f 8428 8502 8500
f 8428 8500 8429
f 8429 8500 8430
f 8430 8500 8498
f 8430 8498 8451
f 8915 8913 8452
f 8452 8913 8938
f 8452 8938 8413
f 8413 8938 8414
f 8427 8417 8930
f 8930 8417 8416
f 8930 8416 8938
f 8938 8416 8415
f 8938 8415 8414
f 8498 8496 8451
f 8451 8496 8939
f 8451 8939 8423
f 8423 8939 8424
f 8419 8418 8940
f 8940 8418 8426
f 8940 8426 8939
f 8939 8426 8425
f 8939 8425 8424
f 1066 8305 3917
f 3917 8305 8307
f 5220 5219 5218
f 4294 1068 4320
f 4320 1068 5888
f 4320 5888 4318
f 4318 5888 5889
f 1074 4305 5893
f 5893 4305 4304
f 5893 4304 5890
f 5890 4304 4309
f 5890 4309 5891
f 5891 4309 4312
f 5891 4312 5892
f 5892 4312 4311
f 5892 4311 5209
f 5209 4311 4318
f 5209 4318 5207
f 5207 4318 5889
f 5207 5220 8670
f 8670 5220 5218
f 8670 5218 8669
f 8669 5218 5217
f 8669 5217 8668
f 8668 5217 5216
f 8668 5216 8667
f 8667 5216 5215
f 8667 5215 8666
f 8666 5215 5214
f 8666 5214 8665
f 8665 5214 5213
f 8665 5213 8664
f 8664 5213 5212
f 8664 5212 8675
f 8675 5212 5211
f 8675 5211 8674
f 8674 5211 5210
f 8674 5210 8673
f 8673 5210 5209
f 8673 5209 8672
f 8672 5209 5207
f 8672 5207 8671
f 8671 5207 8670
f 8941 5894 8823
f 8314 8316 8942
f 8942 8316 8941
f 8942 8941 8943
f 8943 8941 8823
f 8931 8310 8309
f 8831 8832 8944
f 8944 8832 8931
f 8944 8931 8945
f 8945 8931 8309
f 8823 8831 8943
f 8943 8831 8944
f 8943 8944 8942
f 8942 8944 8945
f 8942 8945 8314
f 8314 8945 8309
f 4294 4297 1068
f 1068 4297 1069
f 3918 3917 8308
f 8308 3917 8307
f 3918 8308 3921
f 3921 8308 8301
f 3921 8301 4300
f 4300 8301 4301
f 4301 8301 8299
f 4301 8299 4297
f 4297 8299 8298
f 4297 8298 1069
f 1074 1072 8318
f 3941 3940 8313
f 8313 3940 8315
f 4324 4305 1074
f 1074 8318 4324
f 4324 8318 8317
f 4324 8317 4325
f 8315 3940 8317
f 8317 3940 3939
f 8317 3939 4325
f 8316 1071 8941
f 8941 1071 5894
f 5112 5111 5110
f 5106 1069 8298
f 8298 8300 5104
f 5104 8300 8790
f 5104 8790 5878
f 5114 5113 5112
f 5107 5106 5108
f 5108 5106 8298
f 5108 8298 5109
f 5109 8298 5110
f 8298 5104 5110
f 5110 5104 5116
f 5110 5116 5112
f 5112 5116 5115
f 5112 5115 5114
f 8788 8789 8822
f 8822 5129 8788
f 8788 5129 5142
f 8788 5142 8787
f 8787 5142 5141
f 8787 5141 8786
f 8786 5141 5140
f 8786 5140 8785
f 8785 5140 5139
f 8785 5139 8784
f 8784 5139 5138
f 8784 5138 8783
f 8783 5138 5137
f 8783 5137 8782
f 8782 5137 5136
f 8782 5136 8781
f 8781 5136 5135
f 8781 5135 8780
f 8780 5135 5134
f 8780 5134 8779
f 8779 5134 5133
f 8779 5133 8778
f 8778 5133 5132
f 8778 5132 8789
f 8789 5132 5131
f 8789 5131 8822
f 8798 8633 8634
f 8798 5181 8633
f 8633 5181 5194
f 8633 5194 8632
f 8632 5194 5193
f 8632 5193 8631
f 8631 5193 5192
f 8631 5192 8630
f 8630 5192 5191
f 8630 5191 8629
f 8629 5191 5190
f 8629 5190 8628
f 8628 5190 5189
f 8628 5189 8639
f 8639 5189 5188
f 8639 5188 8638
f 8638 5188 5187
f 8638 5187 8637
f 8637 5187 5186
f 8637 5186 8636
f 8636 5186 5185
f 8636 5185 8635
f 8635 5185 5184
f 8635 5184 8634
f 8634 5184 5183
f 8634 5183 8798
f 8744 8745 8802
f 8802 5078 8744
f 8744 5078 5091
f 8744 5091 8743
f 8743 5091 5090
f 8743 5090 8742
f 8742 5090 5089
f 8742 5089 8741
f 8741 5089 5088
f 8741 5088 8740
f 8740 5088 5087
f 8740 5087 8751
f 8751 5087 5086
f 8751 5086 8750
f 8750 5086 5085
f 8750 5085 8749
f 8749 5085 5084
f 8749 5084 8748
f 8748 5084 5083
f 8748 5083 8747
f 8747 5083 5082
f 8747 5082 8746
f 8746 5082 5081
f 8746 5081 8745
f 8745 5081 5080
f 8745 5080 8802
f 8591 8592 8808
f 8808 5155 8591
f 8591 5155 5168
f 8591 5168 8590
f 8590 5168 5167
f 8590 5167 8589
f 8589 5167 5166
f 8589 5166 8600
f 8600 5166 5165
f 8600 5165 8599
f 8599 5165 5164
f 8599 5164 8598
f 8598 5164 5163
f 8598 5163 8597
f 8597 5163 5162
f 8597 5162 8596
f 8596 5162 5161
f 8596 5161 8595
f 8595 5161 5160
f 8595 5160 8594
f 8594 5160 5159
f 8594 5159 8593
f 8593 5159 5158
f 8593 5158 8592
f 8592 5158 5157
f 8592 5157 8808
f 5055 5054 5060
f 5054 8812 5060
f 5060 8812 5052
f 5060 5052 5065
f 5056 5055 5057
f 5057 5055 5060
f 5057 5060 5058
f 5058 5060 5059
f 5062 5061 5063
f 5063 5061 5060
f 5063 5060 5064
f 5064 5060 5065
f 8713 8702 8818
f 8818 5026 8713
f 8713 5026 5039
f 8713 5039 8712
f 8712 5039 5038
f 8712 5038 8711
f 8711 5038 5037
f 8711 5037 8710
f 8710 5037 5036
f 8710 5036 8709
f 8709 5036 5035
f 8709 5035 8708
f 8708 5035 5034
f 8708 5034 8707
f 8707 5034 5033
f 8707 5033 8706
f 8706 5033 5032
f 8706 5032 8705
f 8705 5032 5031
f 8705 5031 8704
f 8704 5031 5030
f 8704 5030 8703
f 8703 5030 5029
f 8703 5029 8702
f 8702 5029 5028
f 8702 5028 8818
f 259 481 7443
f 7443 481 10
f 8946 7 6
f 1852 3565 8946
f 4517 1844 1852
f 1852 8946 4517
f 4517 8946 6
f 4517 6 3933
f 3933 6 5
f 3933 5 594
f 475 477 535
f 8 7 8946
f 8946 3565 8
f 8 3565 3566
f 8 3566 535
f 535 3566 475
f 475 3566 3567
f 475 3567 244
f 8947 8948 8949
f 8950 8948 8947
f 8947 8951 8952
f 8953 8951 8947
f 8949 8953 8947
f 8947 8954 8955
f 8956 8954 8947
f 8952 8956 8947
f 8947 8957 8958
f 8959 8957 8947
f 8955 8959 8947
f 8958 8950 8947
f 8950 8960 8948
f 8948 8960 8961
f 8948 8961 8949
f 8949 8961 8962
f 8949 8962 8953
f 8953 8962 8963
f 8953 8963 8951
f 8951 8963 8964
f 8951 8964 8952
f 8952 8964 8965
f 8952 8965 8956
f 8956 8965 8966
f 8956 8966 8954
f 8954 8966 8967
f 8954 8967 8955
f 8955 8967 8968
f 8955 8968 8959
f 8959 8968 8969
f 8959 8969 8957
f 8957 8969 8970
f 8957 8970 8958
f 8958 8970 8971
f 8958 8971 8950
f 8950 8971 8960
f 8961 8972 8962
f 8962 8972 8973
f 8962 8973 8963
f 8963 8973 8974
f 8963 8974 8964
f 8964 8974 8975
f 8964 8975 8965
f 8965 8975 8976
f 8965 8976 8966
f 8966 8976 8977
f 8966 8977 8967
f 8967 8977 8978
f 8967 8978 8968
f 8968 8978 8979
f 8968 8979 8969
f 8969 8979 8980
f 8969 8980 8970
f 8970 8980 8981
f 8970 8981 8971
f 8971 8981 8982
f 8971 8982 8960
f 8960 8982 8983
f 8960 8983 8961
f 8961 8983 8972
f 8979 954 8980
f 8980 954 956
f 8980 956 8981
f 8981 956 958
f 8981 958 8982
f 8982 958 960
f 8982 960 8983
f 8983 960 962
f 8983 962 8972
f 8972 962 964
f 8972 964 8973
f 8973 964 942
f 8973 942 8974
f 8974 942 944
f 8974 944 8975
f 8975 944 946
f 8975 946 8976
f 8976 946 948
f 8976 948 8977
f 8977 948 950
f 8977 950 8978
f 8978 950 952
f 8978 952 8979
f 8979 952 954
f 8984 8985 8986
f 8987 8985 8984
f 8984 8988 8989
f 8990 8988 8984
f 8986 8990 8984
f 8984 8991 8992
f 8993 8991 8984
f 8989 8993 8984
f 8984 8994 8995
f 8996 8994 8984
f 8992 8996 8984
f 8995 8987 8984
f 8987 8997 8985
f 8985 8997 8998
f 8985 8998 8986
f 8986 8998 8999
f 8986 8999 8990
f 8990 8999 9000
f 8990 9000 8988
f 8988 9000 9001
f 8988 9001 8989
f 8989 9001 9002
f 8989 9002 8993
f 8993 9002 9003
f 8993 9003 8991
f 8991 9003 9004
f 8991 9004 8992
f 8992 9004 9005
f 8992 9005 8996
f 8996 9005 9006
f 8996 9006 8994
f 8994 9006 9007
f 8994 9007 8995
f 8995 9007 9008
f 8995 9008 8987
f 8987 9008 8997
f 8998 9009 8999
f 8999 9009 9010
f 8999 9010 9000
f 9000 9010 9011
f 9000 9011 9001
f 9001 9011 9012
f 9001 9012 9002
f 9002 9012 9013
f 9002 9013 9003
f 9003 9013 9014
f 9003 9014 9004
f 9004 9014 9015
f 9004 9015 9005
f 9005 9015 9016
f 9005 9016 9006
f 9006 9016 9017
f 9006 9017 9007
f 9007 9017 9018
f 9007 9018 9008
f 9008 9018 9019
f 9008 9019 8997
f 8997 9019 9020
f 8997 9020 8998
f 8998 9020 9009
f 9019 936 9020
f 9020 936 938
f 9020 938 9009
f 9009 938 940
f 9009 940 9010
f 9010 940 918
f 9010 918 9011
f 9011 918 920
f 9011 920 9012
f 9012 920 922
f 9012 922 9013
f 9013 922 924
f 9013 924 9014
f 9014 924 926
f 9014 926 9015
f 9015 926 928
f 9015 928 9016
f 9016 928 930
f 9016 930 9017
f 9017 930 932
f 9017 932 9018
f 9018 932 934
f 9018 934 9019
f 9019 934 936
f 9021 9022 9023
f 9024 9022 9021
f 9021 9025 9026
f 9027 9025 9021
f 9023 9027 9021
f 9021 9028 9029
f 9030 9028 9021
f 9026 9030 9021
f 9021 9031 9032
f 9033 9031 9021
f 9029 9033 9021
f 9032 9024 9021
f 9024 9034 9022
f 9022 9034 9035
f 9022 9035 9023
f 9023 9035 9036
f 9023 9036 9027
f 9027 9036 9037
f 9027 9037 9025
f 9025 9037 9038
f 9025 9038 9026
f 9026 9038 9039
f 9026 9039 9030
f 9030 9039 9040
f 9030 9040 9028
f 9028 9040 9041
f 9028 9041 9029
f 9029 9041 9042
f 9029 9042 9033
f 9033 9042 9043
f 9033 9043 9031
f 9031 9043 9044
f 9031 9044 9032
f 9032 9044 9045
f 9032 9045 9024
f 9024 9045 9034
f 9035 9046 9036
f 9036 9046 9047
f 9036 9047 9037
f 9037 9047 9048
f 9037 9048 9038
f 9038 9048 9049
f 9038 9049 9039
f 9039 9049 9050
f 9039 9050 9040
f 9040 9050 9051
f 9040 9051 9041
f 9041 9051 9052
f 9041 9052 9042
f 9042 9052 9053
f 9042 9053 9043
f 9043 9053 9054
f 9043 9054 9044
f 9044 9054 9055
f 9044 9055 9045
f 9045 9055 9056
f 9045 9056 9034
f 9034 9056 9057
f 9034 9057 9035
f 9035 9057 9046
f 9057 914 9046
f 9046 914 916
f 9046 916 9047
f 9047 916 894
f 9047 894 9048
f 9048 894 896
f 9048 896 9049
f 9049 896 898
f 9049 898 9050
f 9050 898 900
f 9050 900 9051
f 9051 900 902
f 9051 902 9052
f 9052 902 904
f 9052 904 9053
f 9053 904 906
f 9053 906 9054
f 9054 906 908
f 9054 908 9055
f 9055 908 910
f 9055 910 9056
f 9056 910 912
f 9056 912 9057
f 9057 912 914
f 9058 9059 9060
f 9061 9059 9058
f 9058 9062 9063
f 9064 9062 9058
f 9060 9064 9058
f 9058 9065 9066
f 9067 9065 9058
f 9063 9067 9058
f 9058 9068 9069
f 9070 9068 9058
f 9066 9070 9058
f 9069 9061 9058
f 9061 9071 9059
f 9059 9071 9072
f 9059 9072 9060
f 9060 9072 9073
f 9060 9073 9064
f 9064 9073 9074
f 9064 9074 9062
f 9062 9074 9075
f 9062 9075 9063
f 9063 9075 9076
f 9063 9076 9067
f 9067 9076 9077
f 9067 9077 9065
f 9065 9077 9078
f 9065 9078 9066
f 9066 9078 9079
f 9066 9079 9070
f 9070 9079 9080
f 9070 9080 9068
f 9068 9080 9081
f 9068 9081 9069
f 9069 9081 9082
f 9069 9082 9061
f 9061 9082 9071
f 9072 9083 9073
f 9073 9083 9084
f 9073 9084 9074
f 9074 9084 9085
f 9074 9085 9075
f 9075 9085 9086
f 9075 9086 9076
f 9076 9086 9087
f 9076 9087 9077
f 9077 9087 9088
f 9077 9088 9078
f 9078 9088 9089
f 9078 9089 9079
f 9079 9089 9090
f 9079 9090 9080
f 9080 9090 9091
f 9080 9091 9081
f 9081 9091 9092
f 9081 9092 9082
f 9082 9092 9093
f 9082 9093 9071
f 9071 9093 9094
f 9071 9094 9072
f 9072 9094 9083
f 9084 870 9085
f 9085 870 872
f 9085 872 9086
f 9086 872 874
f 9086 874 9087
f 9087 874 876
f 9087 876 9088
f 9088 876 878
f 9088 878 9089
f 9089 878 880
f 9089 880 9090
f 9090 880 882
f 9090 882 9091
f 9091 882 884
f 9091 884 9092
f 9092 884 886
f 9092 886 9093
f 9093 886 888
f 9093 888 9094
f 9094 888 890
f 9094 890 9083
f 9083 890 892
f 9083 892 9084
f 9084 892 870
f 9095 9096 9097
f 9098 9096 9095
f 9095 9099 9100
f 9101 9099 9095
f 9097 9101 9095
f 9095 9102 9103
f 9104 9102 9095
f 9100 9104 9095
f 9095 9105 9106
f 9107 9105 9095
f 9103 9107 9095
f 9106 9098 9095
f 9098 9108 9096
f 9096 9108 9109
f 9096 9109 9097
f 9097 9109 9110
f 9097 9110 9101
f 9101 9110 9111
f 9101 9111 9099
f 9099 9111 9112
f 9099 9112 9100
f 9100 9112 9113
f 9100 9113 9104
f 9104 9113 9114
f 9104 9114 9102
f 9102 9114 9115
f 9102 9115 9103
f 9103 9115 9116
f 9103 9116 9107
f 9107 9116 9117
f 9107 9117 9105
f 9105 9117 9118
f 9105 9118 9106
f 9106 9118 9119
f 9106 9119 9098
f 9098 9119 9108
f 9109 9120 9110
f 9110 9120 9121
f 9110 9121 9111
f 9111 9121 9122
f 9111 9122 9112
f 9112 9122 9123
f 9112 9123 9113
f 9113 9123 9124
f 9113 9124 9114
f 9114 9124 9125
f 9114 9125 9115
f 9115 9125 9126
f 9115 9126 9116
f 9116 9126 9127
f 9116 9127 9117
f 9117 9127 9128
f 9117 9128 9118
f 9118 9128 9129
f 9118 9129 9119
f 9119 9129 9130
f 9119 9130 9108
f 9108 9130 9131
f 9108 9131 9109
f 9109 9131 9120
f 9128 858 9129
f 9129 858 860
f 9129 860 9130
f 9130 860 862
f 9130 862 9131
f 9131 862 864
f 9131 864 9120
f 9120 864 866
f 9120 866 9121
f 9121 866 844
f 9121 844 9122
f 9122 844 846
f 9122 846 9123
f 9123 846 848
f 9123 848 9124
f 9124 848 850
f 9124 850 9125
f 9125 850 852
f 9125 852 9126
f 9126 852 854
f 9126 854 9127
f 9127 854 856
f 9127 856 9128
f 9128 856 858
f 9132 9133 9134
f 9135 9133 9132
f 9132 9136 9137
f 9138 9136 9132
f 9134 9138 9132
f 9132 9139 9140
f 9141 9139 9132
f 9137 9141 9132
f 9132 9142 9143
f 9144 9142 9132
f 9140 9144 9132
f 9143 9135 9132
f 9135 9145 9133
f 9133 9145 9146
f 9133 9146 9134
f 9134 9146 9147
f 9134 9147 9138
f 9138 9147 9148
f 9138 9148 9136
f 9136 9148 9149
f 9136 9149 9137
f 9137 9149 9150
f 9137 9150 9141
f 9141 9150 9151
f 9141 9151 9139
f 9139 9151 9152
f 9139 9152 9140
f 9140 9152 9153
f 9140 9153 9144
f 9144 9153 9154
f 9144 9154 9142
f 9142 9154 9155
f 9142 9155 9143
f 9143 9155 9156
f 9143 9156 9135
f 9135 9156 9145
f 9146 9157 9147
f 9147 9157 9158
f 9147 9158 9148
f 9148 9158 9159
f 9148 9159 9149
f 9149 9159 9160
f 9149 9160 9150
f 9150 9160 9161
f 9150 9161 9151
f 9151 9161 9162
f 9151 9162 9152
f 9152 9162 9163
f 9152 9163 9153
f 9153 9163 9164
f 9153 9164 9154
f 9154 9164 9165
f 9154 9165 9155
f 9155 9165 9166
f 9155 9166 9156
f 9156 9166 9167
f 9156 9167 9145
f 9145 9167 9168
f 9145 9168 9146
f 9146 9168 9157
f 9168 838 9157
f 9157 838 840
f 9157 840 9158
f 9158 840 818
f 9158 818 9159
f 9159 818 820
f 9159 820 9160
f 9160 820 822
f 9160 822 9161
f 9161 822 824
f 9161 824 9162
f 9162 824 826
f 9162 826 9163
f 9163 826 828
f 9163 828 9164
f 9164 828 830
f 9164 830 9165
f 9165 830 832
f 9165 832 9166
f 9166 832 834
f 9166 834 9167
f 9167 834 836
f 9167 836 9168
f 9168 836 838
f 9169 9170 9171
f 9172 9170 9169
f 9169 9173 9174
f 9175 9173 9169
f 9171 9175 9169
f 9169 9176 9177
f 9178 9176 9169
f 9174 9178 9169
f 9169 9179 9180
f 9181 9179 9169
f 9177 9181 9169
f 9180 9172 9169
f 9172 9182 9170
f 9170 9182 9183
f 9170 9183 9171
f 9171 9183 9184
f 9171 9184 9175
f 9175 9184 9185
f 9175 9185 9173
f 9173 9185 9186
f 9173 9186 9174
f 9174 9186 9187
f 9174 9187 9178
f 9178 9187 9188
f 9178 9188 9176
f 9176 9188 9189
f 9176 9189 9177
f 9177 9189 9190
f 9177 9190 9181
f 9181 9190 9191
f 9181 9191 9179
f 9179 9191 9192
f 9179 9192 9180
f 9180 9192 9193
f 9180 9193 9172
f 9172 9193 9182
f 9183 9194 9184
f 9184 9194 9195
f 9184 9195 9185
f 9185 9195 9196
f 9185 9196 9186
f 9186 9196 9197
f 9186 9197 9187
f 9187 9197 9198
f 9187 9198 9188
f 9188 9198 9199
f 9188 9199 9189
f 9189 9199 9200
f 9189 9200 9190
f 9190 9200 9201
f 9190 9201 9191
f 9191 9201 9202
f 9191 9202 9192
f 9192 9202 9203
f 9192 9203 9193
f 9193 9203 9204
f 9193 9204 9182
f 9182 9204 9205
f 9182 9205 9183
f 9183 9205 9194
f 9194 814 9195
f 9195 814 792
f 9195 792 9196
f 9196 792 794
f 9196 794 9197
f 9197 794 796
f 9197 796 9198
f 9198 796 798
f 9198 798 9199
f 9199 798 800
f 9199 800 9200
f 9200 800 802
f 9200 802 9201
f 9201 802 804
f 9201 804 9202
f 9202 804 806
f 9202 806 9203
f 9203 806 808
f 9203 808 9204
f 9204 808 810
f 9204 810 9205
f 9205 810 812
f 9205 812 9194
f 9194 812 814
f 9206 9207 9208
f 9209 9207 9206
f 9206 9210 9211
f 9212 9210 9206
f 9208 9212 9206
f 9206 9213 9214
f 9215 9213 9206
f 9211 9215 9206
f 9206 9216 9217
f 9218 9216 9206
f 9214 9218 9206
f 9217 9209 9206
f 9209 9219 9207
f 9207 9219 9220
f 9207 9220 9208
f 9208 9220 9221
f 9208 9221 9212
f 9212 9221 9222
f 9212 9222 9210
f 9210 9222 9223
f 9210 9223 9211
f 9211 9223 9224
f 9211 9224 9215
f 9215 9224 9225
f 9215 9225 9213
f 9213 9225 9226
f 9213 9226 9214
f 9214 9226 9227
f 9214 9227 9218
f 9218 9227 9228
f 9218 9228 9216
f 9216 9228 9229
f 9216 9229 9217
f 9217 9229 9230
f 9217 9230 9209
f 9209 9230 9219
f 9220 9231 9221
f 9221 9231 9232
f 9221 9232 9222
f 9222 9232 9233
f 9222 9233 9223
f 9223 9233 9234
f 9223 9234 9224
f 9224 9234 9235
f 9224 9235 9225
f 9225 9235 9236
f 9225 9236 9226
f 9226 9236 9237
f 9226 9237 9227
f 9227 9237 9238
f 9227 9238 9228
f 9228 9238 9239
f 9228 9239 9229
f 9229 9239 9240
f 9229 9240 9230
f 9230 9240 9241
f 9230 9241 9219
f 9219 9241 9242
f 9219 9242 9220
f 9220 9242 9231
f 9237 776 9238
f 9238 776 778
f 9238 778 9239
f 9239 778 780
f 9239 780 9240
f 9240 780 782
f 9240 782 9241
f 9241 782 784
f 9241 784 9242
f 9242 784 786
f 9242 786 9231
f 9231 786 788
f 9231 788 9232
f 9232 788 766
f 9232 766 9233
f 9233 766 768
f 9233 768 9234
f 9234 768 770
f 9234 770 9235
f 9235 770 772
f 9235 772 9236
f 9236 772 774
f 9236 774 9237
f 9237 774 776
f 9243 9244 9245
f 9246 9244 9243
f 9243 9247 9248
f 9249 9247 9243
f 9245 9249 9243
f 9243 9250 9251
f 9252 9250 9243
f 9248 9252 9243
f 9243 9253 9254
f 9255 9253 9243
f 9251 9255 9243
f 9254 9246 9243
f 9246 9256 9244
f 9244 9256 9257
f 9244 9257 9245
f 9245 9257 9258
f 9245 9258 9249
f 9249 9258 9259
f 9249 9259 9247
f 9247 9259 9260
f 9247 9260 9248
f 9248 9260 9261
f 9248 9261 9252
f 9252 9261 9262
f 9252 9262 9250
f 9250 9262 9263
f 9250 9263 9251
f 9251 9263 9264
f 9251 9264 9255
f 9255 9264 9265
f 9255 9265 9253
f 9253 9265 9266
f 9253 9266 9254
f 9254 9266 9267
f 9254 9267 9246
f 9246 9267 9256
f 9257 9268 9258
f 9258 9268 9269
f 9258 9269 9259
f 9259 9269 9270
f 9259 9270 9260
f 9260 9270 9271
f 9260 9271 9261
f 9261 9271 9272
f 9261 9272 9262
f 9262 9272 9273
f 9262 9273 9263
f 9263 9273 9274
f 9263 9274 9264
f 9264 9274 9275
f 9264 9275 9265
f 9265 9275 9276
f 9265 9276 9266
f 9266 9276 9277
f 9266 9277 9267
f 9267 9277 9278
f 9267 9278 9256
f 9256 9278 9279
f 9256 9279 9257
f 9257 9279 9268
f 9276 523 9277
f 9277 523 525
f 9277 525 9278
f 9278 525 527
f 9278 527 9279
f 9279 527 529
f 9279 529 9268
f 9268 529 531
f 9268 531 9269
f 9269 531 533
f 9269 533 9270
f 9270 533 511
f 9270 511 9271
f 9271 511 513
f 9271 513 9272
f 9272 513 515
f 9272 515 9273
f 9273 515 517
f 9273 517 9274
f 9274 517 519
f 9274 519 9275
f 9275 519 521
f 9275 521 9276
f 9276 521 523
f 9280 499 9281
f 9281 499 501
f 9281 501 9282
f 9282 501 503
f 9282 503 9283
f 9283 503 505
f 9283 505 9284
f 9284 505 507
f 9284 507 9285
f 9285 507 509
f 9285 509 9286
f 9286 509 487
f 9286 487 9287
f 9287 487 489
f 9287 489 9288
f 9288 489 491
f 9288 491 9289
f 9289 491 493
f 9289 493 9290
f 9290 493 495
f 9290 495 9291
f 9291 495 497
f 9291 497 9280
f 9280 497 499
f 9292 9284 9293
f 9293 9284 9285
f 9293 9285 9294
f 9294 9285 9286
f 9294 9286 9295
f 9295 9286 9287
f 9295 9287 9296
f 9296 9287 9288
f 9296 9288 9297
f 9297 9288 9289
f 9297 9289 9298
f 9298 9289 9290
f 9298 9290 9299
f 9299 9290 9291
f 9299 9291 9300
f 9300 9291 9280
f 9300 9280 9301
f 9301 9280 9281
f 9301 9281 9302
f 9302 9281 9282
f 9302 9282 9303
f 9303 9282 9283
f 9303 9283 9292
f 9292 9283 9284
f 9304 9303 9305
f 9305 9303 9292
f 9305 9292 9306
f 9306 9292 9293
f 9306 9293 9307
f 9307 9293 9294
f 9307 9294 9308
f 9308 9294 9295
f 9308 9295 9309
f 9309 9295 9296
f 9309 9296 9310
f 9310 9296 9297
f 9310 9297 9311
f 9311 9297 9298
f 9311 9298 9312
f 9312 9298 9299
f 9312 9299 9313
f 9313 9299 9300
f 9313 9300 9314
f 9314 9300 9301
f 9314 9301 9315
f 9315 9301 9302
f 9315 9302 9304
f 9304 9302 9303
f 9316 9305 9306
f 9304 9305 9316
f 9316 9308 9309
f 9307 9308 9316
f 9306 9307 9316
f 9316 9311 9312
f 9310 9311 9316
f 9309 9310 9316
f 9316 9314 9315
f 9313 9314 9316
f 9312 9313 9316
f 9315 9304 9316
