mtllib converted_link3_19_969696ff.mtl
usemtl material
v -0.0017107895109802485 -0.007999495603144169 -0.005661393515765667
v -0.0017107895109802485 -0.007999495603144169 -0.005661393515765667
v -0.0017107895109802485 -0.007999495603144169 -0.005661393515765667
v -0.0017107895109802485 -0.007999495603144169 -0.005661393515765667
v -0.0017107895109802485 -0.007999495603144169 -0.005661393515765667
v -0.0016110492870211601 -0.007999480701982975 -0.005561100784689188
v -0.0016110492870211601 -0.007999480701982975 -0.005561100784689188
v -0.001710889977402985 0.00800047256052494 -0.005660330876708031
v -0.001710889977402985 0.00800047256052494 -0.005660330876708031
v -0.001710889977402985 0.00800047256052494 -0.005660330876708031
v -0.001710889977402985 0.00800047256052494 -0.005660330876708031
v -0.001710889977402985 0.00800047256052494 -0.005660330876708031
v -0.001710889977402985 0.00800047256052494 -0.005660330876708031
v -0.0016111592995002866 0.008000463247299194 -0.005560084246098995
v -0.0016111592995002866 0.008000463247299194 -0.005560084246098995
v -0.0016833363333716989 0.009901036508381367 -0.015460195951163769
v -0.0016833363333716989 0.009901036508381367 -0.015460195951163769
v -0.0016833363333716989 0.009901036508381367 -0.015460195951163769
v -0.0016833363333716989 0.009901036508381367 -0.015460195951163769
v -0.0016833363333716989 0.009901036508381367 -0.015460195951163769
v -0.0016833363333716989 0.009901036508381367 -0.015460195951163769
v -0.0015830339398235083 0.009901091456413269 -0.015559921972453594
v -0.0015830339398235083 0.009901091456413269 -0.015559921972453594
v -0.0015830339398235083 0.009901091456413269 -0.015559921972453594
v -0.0015830339398235083 0.009901091456413269 -0.015559921972453594
v -0.0015830339398235083 0.009901091456413269 -0.015559921972453594
v -0.0015830339398235083 0.009901091456413269 -0.015559921972453594
v -0.0016832465771585703 -0.009898966178297997 -0.015461419709026814
v -0.0016832465771585703 -0.009898966178297997 -0.015461419709026814
v -0.0016832465771585703 -0.009898966178297997 -0.015461419709026814
v -0.0016832465771585703 -0.009898966178297997 -0.015461419709026814
v -0.0016832465771585703 -0.009898966178297997 -0.015461419709026814
v -0.0016832465771585703 -0.009898966178297997 -0.015461419709026814
v -0.00158283906057477 -0.009898953139781952 -0.015561116859316826
v -0.00158283906057477 -0.009898953139781952 -0.015561116859316826
v -0.00158283906057477 -0.009898953139781952 -0.015561116859316826
v -0.00158283906057477 -0.009898953139781952 -0.015561116859316826
v -0.00158283906057477 -0.009898953139781952 -0.015561116859316826
v 0.0008577046683058143 -0.0014143739826977253 0.0055425032041966915
v 0.0008577046683058143 -0.0014143739826977253 0.0055425032041966915
v 0.0017576932441443205 -0.0014143810840323567 0.00554502010345459
v 0.0017576932441443205 -0.0014143810840323567 0.00554502010345459
v 0.0017576932441443205 -0.0014143810840323567 0.00554502010345459
v 0.0008589301141910255 -0.0007655483786948025 0.0051089804619550705
v 0.0008589301141910255 -0.0007655483786948025 0.0051089804619550705
v 0.0017591676441952586 -0.0005177879356779158 0.005027436651289463
v 0.0017591676441952586 -0.0005177879356779158 0.005027436651289463
v 0.0017591676441952586 -0.0005177879356779158 0.005027436651289463
v 0.0008590911165811121 -0.0005177701241336763 0.005024932790547609
v 0.0008590911165811121 -0.0005177701241336763 0.005024932790547609
v 0.0008590911165811121 -0.0005177701241336763 0.005024932790547609
v 0.000859377789311111 -1.4978171236634807e-07 0.004956795368343592
v 0.000859377789311111 -1.4978171236634807e-07 0.004956795368343592
v 0.0017591649666428566 0.0005174992838874459 0.0050275023095309734
v 0.0017591649666428566 0.0005174992838874459 0.0050275023095309734
v 0.0008591763325966895 0.0005175064434297383 0.005024985410273075
v 0.0008591763325966895 0.0005175064434297383 0.005024985410273075
v 0.0017577031394466758 0.0014140265993773937 0.005545204039663076
v 0.0017577031394466758 0.0014140265993773937 0.005545204039663076
v 0.0017577031394466758 0.0014140265993773937 0.005545204039663076
v 0.0017577031394466758 0.0014140265993773937 0.005545204039663076
v 0.0017577031394466758 0.0014140265993773937 0.005545204039663076
v 0.0008577145054005086 0.0014140337007120252 0.005542687606066465
v 0.0008577145054005086 0.0014140337007120252 0.005542687606066465
v 0.0008589325589127839 0.0007651863852515817 0.005109080113470554
v 0.0008589325589127839 0.0007651863852515817 0.005109080113470554
v 0.0018259203061461449 0.01553475670516491 -0.01874290592968464
v 0.0018259203061461449 0.01553475670516491 -0.01874290592968464
v 0.0018259203061461449 0.01553475670516491 -0.01874290592968464
v 0.0018259203061461449 0.01553475670516491 -0.01874290592968464
v 0.0018259203061461449 0.01553475670516491 -0.01874290592968464
v 0.0018259203061461449 0.01553475670516491 -0.01874290592968464
v 0.0018231201684102416 0.015111856162548065 -0.017766859382390976
v 0.0018231201684102416 0.015111856162548065 -0.017766859382390976
v 0.0018231201684102416 0.015111856162548065 -0.017766859382390976
v 0.0018231201684102416 0.015111856162548065 -0.017766859382390976
v -0.0036740906070917845 0.015534715726971626 -0.018758388236165047
v -0.0036740906070917845 0.015534715726971626 -0.018758388236165047
v -0.0036740906070917845 0.015534715726971626 -0.018758388236165047
v -0.0036740906070917845 0.015534715726971626 -0.018758388236165047
v -0.0036740906070917845 0.015534715726971626 -0.018758388236165047
v -0.0036740906070917845 0.015534715726971626 -0.018758388236165047
v -0.0036768028512597084 0.015111805871129036 -0.01778235472738743
v -0.0036768028512597084 0.015111805871129036 -0.01778235472738743
v -0.0036768028512597084 0.015111805871129036 -0.01778235472738743
v 0.0007363402983173728 -0.011844676919281483 0.013142963871359825
v 0.0007363402983173728 -0.011844676919281483 0.013142963871359825
v 0.0007363402983173728 -0.011844676919281483 0.013142963871359825
v -0.001163617242127657 -0.01184471882879734 0.013137580826878548
v -0.001163617242127657 -0.01184471882879734 0.013137580826878548
v -0.0011654590489342809 -0.011411198414862156 0.013786416500806808
v -0.0011654590489342809 -0.011411198414862156 0.013786416500806808
v -0.0011654590489342809 -0.011411198414862156 0.013786416500806808
v 0.0007346003549173474 -0.011411170475184917 0.013791780918836594
v 0.0007346003549173474 -0.011411170475184917 0.013791780918836594
v 0.0007346003549173474 -0.011411170475184917 0.013791780918836594
v 0.0007346003549173474 -0.011411170475184917 0.013791780918836594
v 0.0007346003549173474 -0.011411170475184917 0.013791780918836594
v 0.0007346003549173474 -0.011411170475184917 0.013791780918836594
v -0.0011676367139443755 -0.011258997023105621 0.01455179788172245
v -0.0011676367139443755 -0.011258997023105621 0.01455179788172245
v -0.0011676367139443755 -0.011258997023105621 0.01455179788172245
v -0.0011676367139443755 -0.011258997023105621 0.01455179788172245
v 0.0007324212929233909 -0.01125897467136383 0.014557157643139362
v 0.0007324212929233909 -0.01125897467136383 0.014557157643139362
v 0.0007324212929233909 -0.01125897467136383 0.014557157643139362
v 0.0007324212929233909 -0.01125897467136383 0.014557157643139362
v -0.0011697197332978249 -0.0114113325253129 0.015317183919250965
v -0.0011697197332978249 -0.0114113325253129 0.015317183919250965
v 0.0007302350713871419 -0.011411299929022789 0.015322554856538773
v 0.0007302350713871419 -0.011411299929022789 0.015322554856538773
v 0.0007302350713871419 -0.011411299929022789 0.015322554856538773
v 0.0007302350713871419 -0.011411299929022789 0.015322554856538773
v -0.0011715543223544955 -0.011844874359667301 0.015965962782502174
v -0.0011715543223544955 -0.011844874359667301 0.015965962782502174
v -0.0011715543223544955 -0.011844874359667301 0.015965962782502174
v 0.0008284702198579907 -0.01184484176337719 0.01597161404788494
v 0.0008284702198579907 -0.01184484176337719 0.01597161404788494
v 0.0008284702198579907 -0.01184484176337719 0.01597161404788494
v 0.0007298325654119253 -0.011473947204649448 0.015459069982171059
v 0.0007298325654119253 -0.011473947204649448 0.015459069982171059
v 0.0007298325654119253 -0.011473947204649448 0.015459069982171059
v 0.0007373201078735292 -0.01219819113612175 0.012789367698132992
v 0.0007373201078735292 -0.01219819113612175 0.012789367698132992
v 0.0007373201078735292 -0.01219819113612175 0.012789367698132992
v -0.0011626353953033686 -0.012198226526379585 0.01278399396687746
v -0.0011626353953033686 -0.012198226526379585 0.01278399396687746
v 0.0008282883791252971 0.011843189597129822 0.01597311906516552
v 0.0008282883791252971 0.011843189597129822 0.01597311906516552
v -0.0011717244051396847 0.011843196116387844 0.015967516228556633
v -0.0011717244051396847 0.011843196116387844 0.015967516228556633
v 0.0007297490374185145 0.011472351849079132 0.015460523776710033
v 0.0007297490374185145 0.011472351849079132 0.015460523776710033
v 0.0007297490374185145 0.011472351849079132 0.015460523776710033
v -0.0011698936577886343 0.011409662663936615 0.015318616293370724
v -0.0011698936577886343 0.011409662663936615 0.015318616293370724
v 0.0007307505584321916 0.011325583793222904 0.015076209791004658
v 0.0007307505584321916 0.011325583793222904 0.015076209791004658
v 0.0007307505584321916 0.011325583793222904 0.015076209791004658
v -0.0011691931867972016 0.011325588449835777 0.015070883557200432
v -0.0011691931867972016 0.011325588449835777 0.015070883557200432
v -0.0011677159927785397 0.011257469654083252 0.014553227461874485
v -0.0011677159927785397 0.011257469654083252 0.014553227461874485
v 0.0007337027345784009 0.011325645260512829 0.014040934853255749
v 0.0007337027345784009 0.011325645260512829 0.014040934853255749
v 0.0007337027345784009 0.011325645260512829 0.014040934853255749
v -0.0011638130526989698 0.011843317188322544 0.013139091432094574
v -0.0011638130526989698 0.011843317188322544 0.013139091432094574
v 0.0007362443138845265 0.011843337677419186 0.013144447468221188
v 0.0007362443138845265 0.011843337677419186 0.013144447468221188
v 0.0007362443138845265 0.011843337677419186 0.013144447468221188
v -0.0011656476417556405 0.011409759521484375 0.013787882402539253
v -0.0011656476417556405 0.011409759521484375 0.013787882402539253
v -0.001166343572549522 0.011325662024319172 0.014035623520612717
v -0.001166343572549522 0.011325662024319172 0.014035623520612717
v 0.0017178073758259416 0.015109565109014511 0.019666701555252075
v 0.0017178073758259416 0.015109565109014511 0.019666701555252075
v 0.0017178073758259416 0.015109565109014511 0.019666701555252075
v -0.003782117273658514 0.01510950829833746 0.019651198759675026
v -0.003782117273658514 0.01510950829833746 0.019651198759675026
v -0.003782117273658514 0.01510950829833746 0.019651198759675026
v -0.003782117273658514 0.01510950829833746 0.019651198759675026
v -0.001181416679173708 0.015031012706458569 0.01940244995057583
v -0.001181416679173708 0.015031012706458569 0.01940244995057583
v -0.003781416453421116 0.015030991286039352 0.0193951278924942
v -0.003781416453421116 0.015030991286039352 0.0193951278924942
v -0.003781416453421116 0.015030991286039352 0.0193951278924942
v 0.0017193108797073364 0.014909958466887474 0.01915091834962368
v 0.0017193108797073364 0.014909958466887474 0.01915091834962368
v 0.0017193108797073364 0.014909958466887474 0.01915091834962368
v -0.0011794425081461668 0.01457674615085125 0.018701383844017982
v -0.0011794425081461668 0.01457674615085125 0.018701383844017982
v -0.0011794425081461668 0.01457674615085125 0.018701383844017982
v 0.0017205707263201475 0.014576772227883339 0.01870955154299736
v 0.0017205707263201475 0.014576772227883339 0.01870955154299736
v 0.0017205707263201475 0.014576772227883339 0.01870955154299736
v 0.0017205707263201475 0.014576772227883339 0.01870955154299736
v -0.0012801742414012551 0.014918511733412743 0.018963607028126717
v -0.0012801742414012551 0.014918511733412743 0.018963607028126717
v -0.0012801742414012551 0.014918511733412743 0.018963607028126717
v -0.0012801742414012551 0.014918511733412743 0.018963607028126717
v -0.0012792967027053237 0.014899928122758865 0.01865154132246971
v -0.0012792967027053237 0.014899928122758865 0.01865154132246971
v -0.0012792967027053237 0.014899928122758865 0.01865154132246971
v -0.0037792420480400324 0.01489990670233965 0.01864449866116047
v -0.0037792420480400324 0.01489990670233965 0.01864449866116047
v -0.0037792420480400324 0.01489990670233965 0.01864449866116047
v -0.0037771910429000854 0.015059094876050949 0.017899325117468834
v -0.0037771910429000854 0.015059094876050949 0.017899325117468834
v -0.0037771910429000854 0.015059094876050949 0.017899325117468834
v -0.0037771910429000854 0.015059094876050949 0.017899325117468834
v -0.001277245581150055 0.01505911722779274 0.017906365916132927
v -0.001277245581150055 0.01505911722779274 0.017906365916132927
v -0.001277245581150055 0.01505911722779274 0.017906365916132927
v -0.001277245581150055 0.01505911722779274 0.017906365916132927
v -0.001277245581150055 0.01505911722779274 0.017906365916132927
v -0.003775364253669977 0.015485438518226147 0.017267780378460884
v -0.003775364253669977 0.015485438518226147 0.017267780378460884
v -0.003775364253669977 0.015485438518226147 0.017267780378460884
v -0.0012754210038110614 0.01548545341938734 0.01727481372654438
v -0.0012754210038110614 0.01548545341938734 0.01727481372654438
v -0.0012754210038110614 0.01548545341938734 0.01727481372654438
v -0.0012754210038110614 0.01548545341938734 0.01727481372654438
v 0.0007372020045295358 0.012196957133710384 0.012790909968316555
v 0.0007372020045295358 0.012196957133710384 0.012790909968316555
v 0.0007372020045295358 0.012196957133710384 0.012790909968316555
v -0.001162755535915494 0.012196915224194527 0.012785527855157852
v -0.001162755535915494 0.012196915224194527 0.012785527855157852
v -0.001162755535915494 0.012196915224194527 0.012785527855157852
v -0.0036775667686015368 0.015033281408250332 -0.017526302486658096
v -0.0036775667686015368 0.015033281408250332 -0.017526302486658096
v -0.0036775667686015368 0.015033281408250332 -0.017526302486658096
v -0.0010775537230074406 0.015033296309411526 -0.017518987879157066
v -0.0010775537230074406 0.015033296309411526 -0.017518987879157066
v 0.0018217316828668118 0.014912214130163193 -0.01725117675960064
v 0.0018217316828668118 0.014912214130163193 -0.01725117675960064
v 0.0018217316828668118 0.014912214130163193 -0.01725117675960064
v 0.001820430625230074 0.014578918926417828 -0.016809819266200066
v 0.001820430625230074 0.014578918926417828 -0.016809819266200066
v 0.001820430625230074 0.014578918926417828 -0.016809819266200066
v -0.0010794684058055282 0.014578919857740402 -0.016817955300211906
v -0.0010794684058055282 0.014578919857740402 -0.016817955300211906
v -0.0015832616481930017 0.010001078248023987 -0.015459902584552765
v -0.0015832616481930017 0.010001078248023987 -0.015459902584552765
v -0.0015832616481930017 0.010001078248023987 -0.015459902584552765
v -0.0015832616481930017 0.010001078248023987 -0.015459902584552765
v -0.0015832616481930017 0.010001078248023987 -0.015459902584552765
v -0.0015832616481930017 0.010001078248023987 -0.015459902584552765
v 0.0007578411605209112 0.0014847638085484505 0.005471706856042147
v 0.0007578411605209112 0.0014847638085484505 0.005471706856042147
v 0.0007578411605209112 0.0014847638085484505 0.005471706856042147
v 0.0007578411605209112 0.0014847638085484505 0.005471706856042147
v 0.0007578411605209112 0.0014847638085484505 0.005471706856042147
v 0.0007578411605209112 0.0014847638085484505 0.005471706856042147
v 0.0007578411605209112 0.0014847638085484505 0.005471706856042147
v 0.0007591407629661262 -0.0008037606603465974 0.005016313400119543
v 0.0007591407629661262 -0.0008037606603465974 0.005016313400119543
v 0.0007591407629661262 -0.0008037606603465974 0.005016313400119543
v 0.0007591407629661262 -0.0008037606603465974 0.005016313400119543
v 0.0007591407629661262 -0.0008037606603465974 0.005016313400119543
v 0.0007579041412100196 -0.0014851088635623455 0.005471470300108194
v 0.0007579041412100196 -0.0014851088635623455 0.005471470300108194
v 0.0007579041412100196 -0.0014851088635623455 0.005471470300108194
v 0.0007579041412100196 -0.0014851088635623455 0.005471470300108194
v 0.0007596479263156652 -1.2998752652038092e-07 0.00485654454678297
v 0.0007596479263156652 -1.2998752652038092e-07 0.00485654454678297
v 0.0007596479263156652 -1.2998752652038092e-07 0.00485654454678297
v 0.0007596479263156652 -1.2998752652038092e-07 0.00485654454678297
v 0.0007591308676637709 0.0008034651400521398 0.0050164018757641315
v 0.0007591308676637709 0.0008034651400521398 0.0050164018757641315
v 0.0007591308676637709 0.0008034651400521398 0.0050164018757641315
v 0.0007591308676637709 0.0008034651400521398 0.0050164018757641315
v 0.0007591308676637709 0.0008034651400521398 0.0050164018757641315
v 0.0007591308676637709 0.0008034651400521398 0.0050164018757641315
v 0.0007591308676637709 0.0008034651400521398 0.0050164018757641315
v 0.0007591308676637709 0.0008034651400521398 0.0050164018757641315
v 0.0007664701552130282 -0.004525463096797466 0.0024307582061737776
v 0.0007664701552130282 -0.004525463096797466 0.0024307582061737776
v 0.0007664701552130282 -0.004525463096797466 0.0024307582061737776
v 0.0007664701552130282 -0.004525463096797466 0.0024307582061737776
v 0.0007664701552130282 -0.004525463096797466 0.0024307582061737776
v 0.0007664701552130282 -0.004525463096797466 0.0024307582061737776
v 0.0007664701552130282 -0.004525463096797466 0.0024307582061737776
v 0.0007664701552130282 -0.004525463096797466 0.0024307582061737776
v 0.0008666160283610225 -0.004596184939146042 0.002360303420573473
v 0.0008666160283610225 -0.004596184939146042 0.002360303420573473
v 0.000738396483939141 -0.014514307491481304 0.012418348342180252
v 0.000738396483939141 -0.014514307491481304 0.012418348342180252
v 0.000738396483939141 -0.014514307491481304 0.012418348342180252
v 0.0008373798918910325 -0.015026653185486794 0.012789508327841759
v 0.0008373798918910325 -0.015026653185486794 0.012789508327841759
v 0.0007729047792963684 -0.004070100374519825 0.00014220950833987445
v 0.0007729047792963684 -0.004070100374519825 0.00014220950833987445
v 0.0007729047792963684 -0.004070100374519825 0.00014220950833987445
v 0.0007729047792963684 -0.004070100374519825 0.00014220950833987445
v 0.0007729047792963684 -0.004070100374519825 0.00014220950833987445
v 0.0007729047792963684 -0.004070100374519825 0.00014220950833987445
v 0.0007729047792963684 -0.004070100374519825 0.00014220950833987445
v 0.0007747696945443749 -0.004525302443653345 -0.0005390627775341272
v 0.0007747696945443749 -0.004525302443653345 -0.0005390627775341272
v 0.0007747696945443749 -0.004525302443653345 -0.0005390627775341272
v 0.0007747696945443749 -0.004525302443653345 -0.0005390627775341272
v 0.0007747696945443749 -0.004525302443653345 -0.0005390627775341272
v 0.0008746409439481795 -0.0045960391871631145 -0.00046809049672447145
v 0.0008746409439481795 -0.0045960391871631145 -0.00046809049672447145
v 0.0008728101965971291 -0.004162481985986233 0.00018079011351801455
v 0.0008728101965971291 -0.004162481985986233 0.00018079011351801455
v 0.0008720951736904681 -0.004078406374901533 0.00042852413025684655
v 0.0008720951736904681 -0.004078406374901533 0.00042852413025684655
v 0.0007706471951678395 -0.003910316154360771 0.0009458892163820565
v 0.0007706471951678395 -0.003910316154360771 0.0009458892163820565
v 0.0007706471951678395 -0.003910316154360771 0.0009458892163820565
v 0.0007706471951678395 -0.003910316154360771 0.0009458892163820565
v 0.0007706471951678395 -0.003910316154360771 0.0009458892163820565
v 0.0008706325315870345 -0.0040102810598909855 0.0009461721056140959
v 0.0008706325315870345 -0.0040102810598909855 0.0009461721056140959
v 0.0007683849544264376 -0.004070191644132137 0.001749479561112821
v 0.0007683849544264376 -0.004070191644132137 0.001749479561112821
v 0.0007683849544264376 -0.004070191644132137 0.001749479561112821
v 0.0007683849544264376 -0.004070191644132137 0.001749479561112821
v 0.0007683849544264376 -0.004070191644132137 0.001749479561112821
v 0.0007683849544264376 -0.004070191644132137 0.001749479561112821
v 0.0007683849544264376 -0.004070191644132137 0.001749479561112821
v 0.0008684500935487449 -0.00416259840130806 0.0017114835791289806
v 0.0008684500935487449 -0.00416259840130806 0.0017114835791289806
v 0.0008691576076671481 -0.004078484605997801 0.0014638099819421768
v 0.0008691576076671481 -0.004078484605997801 0.0014638099819421768
v 0.0007889303378760815 -0.008853040635585785 -0.005554413888603449
v 0.0007889303378760815 -0.008853040635585785 -0.005554413888603449
v 0.0007889303378760815 -0.008853040635585785 -0.005554413888603449
v 0.0007888054242357612 0.008854045532643795 -0.005553259048610926
v 0.0007888054242357612 0.008854045532643795 -0.005553259048610926
v 0.0007888054242357612 0.008854045532643795 -0.005553259048610926
v 0.0007888054242357612 0.008854045532643795 -0.005553259048610926
v -0.0012111926916986704 0.008000483736395836 -0.005558936856687069
v -0.0012111926916986704 0.008000483736395836 -0.005558936856687069
v -0.0012111926916986704 0.008000483736395836 -0.005558936856687069
v -0.001211203751154244 0.008854012936353683 -0.005558910313993692
v -0.001211203751154244 0.008854012936353683 -0.005558910313993692
v -0.001211203751154244 0.008854012936353683 -0.005558910313993692
v -0.001111102057620883 -0.008853028528392315 -0.005559729877859354
v -0.001111102057620883 -0.008853028528392315 -0.005559729877859354
v -0.0011111284838989377 -0.00799949187785387 -0.005559711251407862
v -0.0011111284838989377 -0.00799949187785387 -0.005559711251407862
v -0.0011111284838989377 -0.00799949187785387 -0.005559711251407862
v -0.0011787842959165573 0.014920704066753387 -0.01708071678876877
v -0.0011787842959165573 0.014920704066753387 -0.01708071678876877
v -0.0011787842959165573 0.014920704066753387 -0.01708071678876877
v -0.0036796259228140116 0.01490209810435772 -0.01677565835416317
v -0.0036796259228140116 0.01490209810435772 -0.01677565835416317
v -0.0036796259228140116 0.01490209810435772 -0.01677565835416317
v -0.0011796805774793029 0.01490212045609951 -0.016768615692853928
v -0.0011796805774793029 0.01490212045609951 -0.016768615692853928
v -0.0011796805774793029 0.01490212045609951 -0.016768615692853928
v -0.0011818013153970242 0.01506122387945652 -0.016023457050323486
v -0.0011818013153970242 0.01506122387945652 -0.016023457050323486
v -0.0011818013153970242 0.01506122387945652 -0.016023457050323486
v -0.0011818013153970242 0.01506122387945652 -0.016023457050323486
v -0.0011818013153970242 0.01506122387945652 -0.016023457050323486
v -0.0036817467771470547 0.01506120152771473 -0.01603049784898758
v -0.0036817467771470547 0.01506120152771473 -0.01603049784898758
v -0.0036817467771470547 0.01506120152771473 -0.01603049784898758
v -0.0036817467771470547 0.01506120152771473 -0.01603049784898758
v -0.0011835319455713034 0.01548746507614851 -0.015391822904348373
v -0.0011835319455713034 0.01548746507614851 -0.015391822904348373
v -0.0011835319455713034 0.01548746507614851 -0.015391822904348373
v -0.003683477407321334 0.015487443655729294 -0.015398864634335041
v -0.003683477407321334 0.015487443655729294 -0.015398864634335041
v -0.003683477407321334 0.015487443655729294 -0.015398864634335041
v -0.003683477407321334 0.015487443655729294 -0.015398864634335041
v 0.0018232978181913495 -0.01510938722640276 -0.01776878722012043
v 0.0018232978181913495 -0.01510938722640276 -0.01776878722012043
v 0.0018232978181913495 -0.01510938722640276 -0.01776878722012043
v 0.0018260568613186479 -0.015532171353697777 -0.01874486356973648
v 0.0018260568613186479 -0.015532171353697777 -0.01874486356973648
v 0.0018260568613186479 -0.015532171353697777 -0.01874486356973648
v 0.0018260568613186479 -0.015532171353697777 -0.01874486356973648
v -0.0036766002885997295 -0.015109404921531677 -0.0177842415869236
v -0.0036766002885997295 -0.015109404921531677 -0.0177842415869236
v -0.0036766002885997295 -0.015109404921531677 -0.0177842415869236
v -0.0036766002885997295 -0.015109404921531677 -0.0177842415869236
v -0.003673841245472431 -0.015532189048826694 -0.01876031793653965
v -0.003673841245472431 -0.015532189048826694 -0.01876031793653965
v -0.003673841245472431 -0.015532189048826694 -0.01876031793653965
v -0.003673841245472431 -0.015532189048826694 -0.01876031793653965
v 0.0008905602153390646 -0.010267206467688084 -0.006140019744634628
v 0.0008905602153390646 -0.010267206467688084 -0.006140019744634628
v 0.0008905602153390646 -0.010267206467688084 -0.006140019744634628
v 0.0007895445451140404 -0.009754941798746586 -0.005769394338130951
v 0.0007895445451140404 -0.009754941798746586 -0.005769394338130951
v 0.0007895445451140404 -0.009754941798746586 -0.005769394338130951
v 0.0007895445451140404 -0.009754941798746586 -0.005769394338130951
v -0.001110582030378282 -0.009618458338081837 -0.005712049547582865
v -0.001110582030378282 -0.009618458338081837 -0.005712049547582865
v -0.001110582030378282 -0.009618458338081837 -0.005712049547582865
v 0.0007893734145909548 -0.009618422947824001 -0.005706675350666046
v 0.0007893734145909548 -0.009618422947824001 -0.005706675350666046
v 0.0007893734145909548 -0.009618422947824001 -0.005706675350666046
v -0.0011094380170106888 -0.01026720181107521 -0.006145625840872526
v -0.0011094380170106888 -0.01026720181107521 -0.006145625840872526
v -0.0011094380170106888 -0.01026720181107521 -0.006145625840872526
v -0.0017055296339094639 0.009900538250803947 -0.007560212165117264
v -0.0017055296339094639 0.009900538250803947 -0.007560212165117264
v -0.0017055296339094639 0.009900538250803947 -0.007560212165117264
v -0.0017081006662920117 -0.009644907899200916 -0.006611466407775879
v -0.0017081006662920117 -0.009644907899200916 -0.006611466407775879
v -0.0017100049881264567 -0.008949526585638523 -0.005915990099310875
v -0.0017100049881264567 -0.008949526585638523 -0.005915990099310875
v -0.0017100049881264567 -0.008949526585638523 -0.005915990099310875
v -0.0017054523341357708 -0.009899401105940342 -0.007561469916254282
v -0.0017054523341357708 -0.009899401105940342 -0.007561469916254282
v -0.0017054523341357708 -0.009899401105940342 -0.007561469916254282
v -0.0017054523341357708 -0.009899401105940342 -0.007561469916254282
v -0.0017104248981922865 0.008727560751140118 -0.0058049652725458145
v -0.0017104248981922865 0.008727560751140118 -0.0058049652725458145
v -0.001709274249151349 0.009344001300632954 -0.006216779816895723
v -0.001709274249151349 0.009344001300632954 -0.006216779816895723
v -0.001709274249151349 0.009344001300632954 -0.006216779816895723
v -0.001707624178379774 0.00975591316819191 -0.006833129096776247
v -0.001707624178379774 0.00975591316819191 -0.006833129096776247
v -0.001707624178379774 0.00975591316819191 -0.006833129096776247
v -0.001583173405379057 -0.009998934343457222 -0.015461155213415623
v -0.001583173405379057 -0.009998934343457222 -0.015461155213415623
v -0.001583173405379057 -0.009998934343457222 -0.015461155213415623
v -0.001583173405379057 -0.009998934343457222 -0.015461155213415623
v -0.001583173405379057 -0.009998934343457222 -0.015461155213415623
v 0.0018170983530580997 -0.009998914785683155 -0.015551568940281868
v 0.0018170983530580997 -0.009998914785683155 -0.015551568940281868
v 0.0018170983530580997 -0.009998914785683155 -0.015551568940281868
v 0.0018170983530580997 -0.009998914785683155 -0.015551568940281868
v 0.0018170983530580997 -0.009998914785683155 -0.015551568940281868
v 0.0018170983530580997 -0.009998914785683155 -0.015551568940281868
v 0.0018170983530580997 -0.009998914785683155 -0.015551568940281868
v 0.0018170983530580997 -0.009998914785683155 -0.015551568940281868
v -0.0010829147649928927 -0.00999893993139267 -0.015559738501906395
v -0.0010829147649928927 -0.00999893993139267 -0.015559738501906395
v -0.0010829147649928927 -0.00999893993139267 -0.015559738501906395
v -0.0010829147649928927 -0.00999893993139267 -0.015559738501906395
v 0.0018169947434216738 0.010001106187701225 -0.015550323761999607
v 0.0018169947434216738 0.010001106187701225 -0.015550323761999607
v 0.0018169947434216738 0.010001106187701225 -0.015550323761999607
v 0.0018169947434216738 0.010001106187701225 -0.015550323761999607
v 0.0018169947434216738 0.010001106187701225 -0.015550323761999607
v 0.0018169947434216738 0.010001106187701225 -0.015550323761999607
v 0.0018169947434216738 0.010001106187701225 -0.015550323761999607
v 0.0018169947434216738 0.010001106187701225 -0.015550323761999607
v 0.0018169947434216738 0.010001106187701225 -0.015550323761999607
v -0.0011655848938971758 -0.009898950345814228 -0.015559942461550236
v -0.0011655848938971758 -0.009898950345814228 -0.015559942461550236
v -0.0011655848938971758 -0.009898950345814228 -0.015559942461550236
v -0.0011655848938971758 -0.009898950345814228 -0.015559942461550236
v -0.0011655848938971758 -0.009898950345814228 -0.015559942461550236
v -0.0011655848938971758 -0.009898950345814228 -0.015559942461550236
v -0.0010830038227140903 0.010001078248023987 -0.015558494254946709
v -0.0010830038227140903 0.010001078248023987 -0.015558494254946709
v -0.0010830038227140903 0.010001078248023987 -0.015558494254946709
v -0.0011657624272629619 0.009901102632284164 -0.015558738261461258
v -0.0011657624272629619 0.009901102632284164 -0.015558738261461258
v -0.0011657624272629619 0.009901102632284164 -0.015558738261461258
v -0.0011657624272629619 0.009901102632284164 -0.015558738261461258
v -0.0011657624272629619 0.009901102632284164 -0.015558738261461258
v -0.0011657624272629619 0.009901102632284164 -0.015558738261461258
v 0.0002473568601999432 0.025762351229786873 0.009146313183009624
v 0.0002473568601999432 0.025762351229786873 0.009146313183009624
v 0.0002473568601999432 0.025762351229786873 0.009146313183009624
v -0.0037525633815675974 0.02576231025159359 0.009135039523243904
v -0.0037525633815675974 0.02576231025159359 0.009135039523243904
v -0.0037525633815675974 0.02576231025159359 0.009135039523243904
v 0.0002476665540598333 0.026181746274232864 0.009054119698703289
v 0.0002476665540598333 0.026181746274232864 0.009054119698703289
v 0.0002476665540598333 0.026181746274232864 0.009054119698703289
v 0.0002476665540598333 0.026181746274232864 0.009054119698703289
v -0.003752359887585044 0.02618175745010376 0.009042908437550068
v -0.003752359887585044 0.02618175745010376 0.009042908437550068
v -0.003752359887585044 0.02618175745010376 0.009042908437550068
v -0.003752359887585044 0.02618175745010376 0.009042908437550068
v -0.003752359887585044 0.02618175745010376 0.009042908437550068
v 0.00024837051751092076 0.026523830369114876 0.008794616907835007
v 0.00024837051751092076 0.026523830369114876 0.008794616907835007
v 0.00024837051751092076 0.026523830369114876 0.008794616907835007
v 0.00024837051751092076 0.026523830369114876 0.008794616907835007
v 0.00024837051751092076 0.026523830369114876 0.008794616907835007
v -0.003751564770936966 0.026523791253566742 0.008783345110714436
v -0.003751564770936966 0.026523791253566742 0.008783345110714436
v -0.003751564770936966 0.026523791253566742 0.008783345110714436
v -0.003751564770936966 0.026523791253566742 0.008783345110714436
v 0.00024944599135778844 0.02672550082206726 0.008415541611611843
v 0.00024944599135778844 0.02672550082206726 0.008415541611611843
v 0.00024944599135778844 0.02672550082206726 0.008415541611611843
v -0.0037504888605326414 0.026725461706519127 0.008404269814491272
v -0.0037504888605326414 0.026725461706519127 0.008404269814491272
v -0.0037504888605326414 0.026725461706519127 0.008404269814491272
v -0.0037504888605326414 0.026725461706519127 0.008404269814491272
v 0.00024743095855228603 0.025724221020936966 0.00914632435888052
v 0.00024743095855228603 0.025724221020936966 0.00914632435888052
v 0.00024743095855228603 0.025724221020936966 0.00914632435888052
v -0.003752591786906123 0.025724193081259727 0.009135066531598568
v -0.003752591786906123 0.025724193081259727 0.009135066531598568
v -0.003752591786906123 0.025724193081259727 0.009135066531598568
v -0.003752591786906123 0.025724193081259727 0.009135066531598568
v 0.0017267977818846703 0.01969202794134617 0.01648363284766674
v 0.0017267977818846703 0.01969202794134617 0.01648363284766674
v 0.0017267977818846703 0.01969202794134617 0.01648363284766674
v 0.0017267977818846703 0.01969202794134617 0.01648363284766674
v 0.0017267977818846703 0.01969202794134617 0.01648363284766674
v 0.0017267977818846703 0.01969202794134617 0.01648363284766674
v 0.0017267977818846703 0.01969202794134617 0.01648363284766674
v 0.001727939466945827 0.018716007471084595 0.016060682013630867
v 0.001727939466945827 0.018716007471084595 0.016060682013630867
v 0.001727939466945827 0.018716007471084595 0.016060682013630867
v 0.001727939466945827 0.018716007471084595 0.016060682013630867
v -0.003773229429498315 0.019691983237862587 0.016468144953250885
v -0.003773229429498315 0.019691983237862587 0.016468144953250885
v -0.003773229429498315 0.019691983237862587 0.016468144953250885
v -0.003773229429498315 0.019691983237862587 0.016468144953250885
v -0.003773229429498315 0.019691983237862587 0.016468144953250885
v -0.003773229429498315 0.019691983237862587 0.016468144953250885
v -0.003771974239498377 0.018715988844633102 0.01604522578418255
v -0.003771974239498377 0.018715988844633102 0.01604522578418255
v -0.003771974239498377 0.018715988844633102 0.01604522578418255
v 0.0017151841893792152 0.01550976000726223 0.020608307793736458
v 0.0017151841893792152 0.01550976000726223 0.020608307793736458
v 0.0017151841893792152 0.01550976000726223 0.020608307793736458
v 0.0017151841893792152 0.01550976000726223 0.020608307793736458
v -0.003784738713875413 0.0155097097158432 0.020592814311385155
v -0.003784738713875413 0.0155097097158432 0.020592814311385155
v -0.003784738713875413 0.0155097097158432 0.020592814311385155
v -0.003784738713875413 0.0155097097158432 0.020592814311385155
v 0.0017131122294813395 0.016203129664063454 0.021360669285058975
v 0.0017131122294813395 0.016203129664063454 0.021360669285058975
v 0.0017131122294813395 0.016203129664063454 0.021360669285058975
v 0.0017131122294813395 0.016203129664063454 0.021360669285058975
v -0.003786901943385601 0.016203129664063454 0.021345235407352448
v -0.003786901943385601 0.016203129664063454 0.021345235407352448
v -0.003786901943385601 0.016203129664063454 0.021345235407352448
v -0.003786901943385601 0.016203129664063454 0.021345235407352448
v 0.0017117869574576616 0.01710900291800499 0.021836252883076668
v 0.0017117869574576616 0.01710900291800499 0.021836252883076668
v 0.0017117869574576616 0.01710900291800499 0.021836252883076668
v -0.003788227681070566 0.01710900105535984 0.02182081900537014
v -0.003788227681070566 0.01710900105535984 0.02182081900537014
v -0.003788227681070566 0.01710900105535984 0.02182081900537014
v -0.003788227681070566 0.01710900105535984 0.02182081900537014
v -0.003788227681070566 0.01710900105535984 0.02182081900537014
v -0.003788227681070566 0.01710900105535984 0.02182081900537014
v -0.003788227681070566 0.01710900105535984 0.02182081900537014
v 0.001045507611706853 -0.004101557657122612 0.0276336669921875
v 0.001045507611706853 -0.004101557657122612 0.0276336669921875
v 0.001045507611706853 -0.004101557657122612 0.0276336669921875
v 0.0009452669182792306 -0.00410155113786459 0.027734505012631416
v 0.0009452669182792306 -0.00410155113786459 0.027734505012631416
v 0.0009452669182792306 -0.00410155113786459 0.027734505012631416
v 0.0009452669182792306 -0.00410155113786459 0.027734505012631416
v 0.0009452669182792306 -0.00410155113786459 0.027734505012631416
v 0.0010448450921103358 -0.0020586149767041206 0.027868397533893585
v 0.0010448450921103358 -0.0020586149767041206 0.027868397533893585
v 0.0010448450921103358 -0.0020586149767041206 0.027868397533893585
v 0.0010448450921103358 -0.0020586149767041206 0.027868397533893585
v 0.0009443570161238313 -1.5622138107573846e-06 0.028046755120158195
v 0.0009443570161238313 -1.5622138107573846e-06 0.028046755120158195
v 0.0009443570161238313 -1.5622138107573846e-06 0.028046755120158195
v 0.0009443570161238313 -1.5622138107573846e-06 0.028046755120158195
v 0.0009443570161238313 -1.5622138107573846e-06 0.028046755120158195
v 0.0009443570161238313 -1.5622138107573846e-06 0.028046755120158195
v 0.0010446496307849884 -1.57853219207027e-06 0.027947019785642624
v 0.0010446496307849884 -1.57853219207027e-06 0.027947019785642624
v 0.0010446496307849884 -1.57853219207027e-06 0.027947019785642624
v 0.0010449065594002604 0.0020554750226438046 0.027868622913956642
v 0.0010449065594002604 0.0020554750226438046 0.027868622913956642
v 0.0010449065594002604 0.0020554750226438046 0.027868622913956642
v 0.0010449065594002604 0.0020554750226438046 0.027868622913956642
v 0.0009452537633478642 0.004098447039723396 0.027735047042369843
v 0.0009452537633478642 0.004098447039723396 0.027735047042369843
v 0.0009452537633478642 0.004098447039723396 0.027735047042369843
v 0.0009452537633478642 0.004098447039723396 0.027735047042369843
v 0.0009452537633478642 0.004098447039723396 0.027735047042369843
v 0.0009452537633478642 0.004098447039723396 0.027735047042369843
v 0.0009452537633478642 0.004098447039723396 0.027735047042369843
v 0.0010454856092110276 0.004098464269191027 0.02763412706553936
v 0.0010454856092110276 0.004098464269191027 0.02763412706553936
v 0.0010454856092110276 0.004098464269191027 0.02763412706553936
v -0.0037880458403378725 -0.017111461609601974 0.021818647161126137
v -0.0037880458403378725 -0.017111461609601974 0.021818647161126137
v -0.0037880458403378725 -0.017111461609601974 0.021818647161126137
v -0.0037880458403378725 -0.017111461609601974 0.021818647161126137
v -0.0037880458403378725 -0.017111461609601974 0.021818647161126137
v -0.0037880458403378725 -0.017111461609601974 0.021818647161126137
v 0.0017119818367064 -0.017111416906118393 0.021834135055541992
v 0.0017119818367064 -0.017111416906118393 0.021834135055541992
v 0.0017119818367064 -0.017111416906118393 0.021834135055541992
v 0.0017133125802502036 -0.016205502673983574 0.021358629688620567
v 0.0017133125802502036 -0.016205502673983574 0.021358629688620567
v 0.0017133125802502036 -0.016205502673983574 0.021358629688620567
v -0.003786689369007945 -0.01620551198720932 0.021343184635043144
v -0.003786689369007945 -0.01620551198720932 0.021343184635043144
v -0.003786689369007945 -0.01620551198720932 0.021343184635043144
v -0.003786689369007945 -0.01620551198720932 0.021343184635043144
v 0.0017154095694422722 -0.015511973761022091 0.020606379956007004
v 0.0017154095694422722 -0.015511973761022091 0.020606379956007004
v 0.0017154095694422722 -0.015511973761022091 0.020606379956007004
v 0.0017154095694422722 -0.015511973761022091 0.020606379956007004
v 0.0017154095694422722 -0.015511973761022091 0.020606379956007004
v -0.0037846160121262074 -0.01551201194524765 0.020590899512171745
v -0.0037846160121262074 -0.01551201194524765 0.020590899512171745
v -0.0037846160121262074 -0.01551201194524765 0.020590899512171745
v -0.0037846160121262074 -0.01551201194524765 0.020590899512171745
v 0.0017180090071633458 -0.015111648477613926 0.019664809107780457
v 0.0017180090071633458 -0.015111648477613926 0.019664809107780457
v 0.0017180090071633458 -0.015111648477613926 0.019664809107780457
v 0.0017180090071633458 -0.015111648477613926 0.019664809107780457
v 0.0017180090071633458 -0.015111648477613926 0.019664809107780457
v 0.0017180090071633458 -0.015111648477613926 0.019664809107780457
v -0.003781914012506604 -0.01511169970035553 0.019649315625429153
v -0.003781914012506604 -0.01511169970035553 0.019649315625429153
v -0.003781914012506604 -0.01511169970035553 0.019649315625429153
v 0.0017052865587174892 -0.01373966783285141 0.024191411212086678
v 0.0017052865587174892 -0.01373966783285141 0.024191411212086678
v 0.0017052865587174892 -0.01373966783285141 0.024191411212086678
v 0.0017052865587174892 -0.01373966783285141 0.024191411212086678
v 0.0016966330586001277 0.006121811456978321 0.02724570967257023
v 0.0016966330586001277 0.006121811456978321 0.02724570967257023
v 0.0016966330586001277 0.006121811456978321 0.02724570967257023
v 0.0016966330586001277 0.006121811456978321 0.02724570967257023
v 0.0016966330586001277 0.006121811456978321 0.02724570967257023
v 0.0016966330586001277 0.006121811456978321 0.02724570967257023
v 0.0016966330586001277 0.006121811456978321 0.02724570967257023
v 0.0016966330586001277 0.006121811456978321 0.02724570967257023
v 0.0016966330586001277 0.006121811456978321 0.02724570967257023
v 0.00170007289852947 0.010046016424894333 0.026010312139987946
v 0.00170007289852947 0.010046016424894333 0.026010312139987946
v 0.00170007289852947 0.010046016424894333 0.026010312139987946
v 0.00170007289852947 0.010046016424894333 0.026010312139987946
v 0.0017050686292350292 0.013737021014094353 0.02419314906001091
v 0.0017050686292350292 0.013737021014094353 0.02419314906001091
v 0.0017050686292350292 0.013737021014094353 0.02419314906001091
v 0.001700187916867435 -0.010048933327198029 0.026009082794189453
v 0.001700187916867435 -0.010048933327198029 0.026009082794189453
v 0.001700187916867435 -0.010048933327198029 0.026009082794189453
v 0.0016966997645795345 -0.006124849896878004 0.02724490314722061
v 0.0016966997645795345 -0.006124849896878004 0.02724490314722061
v 0.0016966997645795345 -0.006124849896878004 0.02724490314722061
v 0.0016966997645795345 -0.006124849896878004 0.02724490314722061
v 0.0016966997645795345 -0.006124849896878004 0.02724490314722061
v 0.0016949300188571215 -0.0020586042664945126 0.027870235964655876
v 0.0016949300188571215 -0.0020586042664945126 0.027870235964655876
v 0.0016949300188571215 -0.0020586042664945126 0.027870235964655876
v 0.0016949300188571215 -0.0020586042664945126 0.027870235964655876
v 0.0016948889242485166 0.0020554980728775263 0.027870474383234978
v 0.0016948889242485166 0.0020554980728775263 0.027870474383234978
v 0.0016948889242485166 0.0020554980728775263 0.027870474383234978
v 0.0017194736283272505 -0.014912056736648083 0.019149066880345345
v 0.0017194736283272505 -0.014912056736648083 0.019149066880345345
v 0.0017194736283272505 -0.014912056736648083 0.019149066880345345
v 0.0017207746859639883 -0.014578761532902718 0.01870770938694477
v 0.0017207746859639883 -0.014578761532902718 0.01870770938694477
v 0.0017207746859639883 -0.014578761532902718 0.01870770938694477
v 0.0017207746859639883 -0.014578761532902718 0.01870770938694477
v 0.0017207746859639883 -0.014578761532902718 0.01870770938694477
v 0.0017281670588999987 -0.01871771365404129 0.01605835370719433
v 0.0017281670588999987 -0.01871771365404129 0.01605835370719433
v 0.0017281670588999987 -0.01871771365404129 0.01605835370719433
v 0.001727021299302578 -0.019693763926625252 0.01648116111755371
v 0.001727021299302578 -0.019693763926625252 0.01648116111755371
v 0.001727021299302578 -0.019693763926625252 0.01648116111755371
v 0.001727021299302578 -0.019693763926625252 0.01648116111755371
v 0.001727021299302578 -0.019693763926625252 0.01648116111755371
v -0.0037717462982982397 -0.018717730417847633 0.01604289934039116
v -0.0037717462982982397 -0.018717730417847633 0.01604289934039116
v -0.0037717462982982397 -0.018717730417847633 0.01604289934039116
v -0.0037717462982982397 -0.018717730417847633 0.01604289934039116
v -0.0037730042822659016 -0.019693803042173386 0.016465680673718452
v -0.0037730042822659016 -0.019693803042173386 0.016465680673718452
v -0.0037730042822659016 -0.019693803042173386 0.016465680673718452
v -0.0037730042822659016 -0.019693803042173386 0.016465680673718452
v -0.003752325428649783 -0.02572512812912464 0.009131815284490585
v -0.003752325428649783 -0.02572512812912464 0.009131815284490585
v -0.003752325428649783 -0.02572512812912464 0.009131815284490585
v 0.00024769530864432454 -0.02572510577738285 0.00914306566119194
v 0.00024769530864432454 -0.02572510577738285 0.00914306566119194
v 0.00024769530864432454 -0.02572510577738285 0.00914306566119194
v -0.0037522665224969387 -0.02576325833797455 0.009131827391684055
v -0.0037522665224969387 -0.02576325833797455 0.009131827391684055
v -0.0037522665224969387 -0.02576325833797455 0.009131827391684055
v -0.0037522665224969387 -0.02576325833797455 0.009131827391684055
v -0.0037522665224969387 -0.02576325833797455 0.009131827391684055
v 0.0002476675726938993 -0.025763222947716713 0.009143095463514328
v 0.0002476675726938993 -0.025763222947716713 0.009143095463514328
v 0.0002476675726938993 -0.025763222947716713 0.009143095463514328
v 0.0002476675726938993 -0.025763222947716713 0.009143095463514328
v 0.0002498322573956102 -0.026726294308900833 0.00841218139976263
v 0.0002498322573956102 -0.026726294308900833 0.00841218139976263
v 0.0002498322573956102 -0.026726294308900833 0.00841218139976263
v -0.00375020457431674 -0.026726318523287773 0.008400928229093552
v -0.00375020457431674 -0.026726318523287773 0.008400928229093552
v -0.00375020457431674 -0.026726318523287773 0.008400928229093552
v 0.0002487126912456006 -0.026524633169174194 0.008791263215243816
v 0.0002487126912456006 -0.026524633169174194 0.008791263215243816
v 0.0002487126912456006 -0.026524633169174194 0.008791263215243816
v 0.0002487126912456006 -0.026524633169174194 0.008791263215243816
v 0.0002487126912456006 -0.026524633169174194 0.008791263215243816
v -0.003751322627067566 -0.026524653658270836 0.008780015632510185
v -0.003751322627067566 -0.026524653658270836 0.008780015632510185
v -0.003751322627067566 -0.026524653658270836 0.008780015632510185
v -0.003751322627067566 -0.026524653658270836 0.008780015632510185
v -0.003751322627067566 -0.026524653658270836 0.008780015632510185
v -0.003751322627067566 -0.026524653658270836 0.008780015632510185
v 0.0002479465620126575 -0.026182636618614197 0.009050854481756687
v 0.0002479465620126575 -0.026182636618614197 0.009050854481756687
v 0.0002479465620126575 -0.026182636618614197 0.009050854481756687
v 0.0002479465620126575 -0.026182636618614197 0.009050854481756687
v -0.0037520776968449354 -0.026182617992162704 0.009039651602506638
v -0.0037520776968449354 -0.026182617992162704 0.009039651602506638
v -0.0037520776968449354 -0.026182617992162704 0.009039651602506638
v -0.0037520776968449354 -0.026182617992162704 0.009039651602506638
v 0.0017745128134265542 0.00459636002779007 -0.00046491847024299204
v 0.0017745128134265542 0.00459636002779007 -0.00046491847024299204
v 0.0017745128134265542 0.00459636002779007 -0.00046491847024299204
v 0.0017745128134265542 0.00459636002779007 -0.00046491847024299204
v 0.0007745466427877545 0.004596319980919361 -0.0004677731776610017
v 0.0007745466427877545 0.004596319980919361 -0.0004677731776610017
v 0.0007745466427877545 0.004596319980919361 -0.0004677731776610017
v 0.0007745466427877545 0.004596319980919361 -0.0004677731776610017
v 0.0017726788064464927 0.004162773955613375 0.0001839014730649069
v 0.0017726788064464927 0.004162773955613375 0.0001839014730649069
v 0.0017726788064464927 0.004162773955613375 0.0001839014730649069
v 0.0017726788064464927 0.004162773955613375 0.0001839014730649069
v 0.0007727125776000321 0.004162733908742666 0.00018104678019881248
v 0.0007727125776000321 0.004162733908742666 0.00018104678019881248
v 0.0007727125776000321 0.004162733908742666 0.00018104678019881248
v 0.0017705841455608606 0.004010445903986692 0.0009492002427577972
v 0.0017705841455608606 0.004010445903986692 0.0009492002427577972
v 0.0017705841455608606 0.004010445903986692 0.0009492002427577972
v 0.0007706289761699736 0.004010443110018969 0.0009463908500038087
v 0.0007706289761699736 0.004010443110018969 0.0009463908500038087
v 0.0007706289761699736 0.004010443110018969 0.0009463908500038087
v 0.0007706289761699736 0.004010443110018969 0.0009463908500038087
v 0.0007706289761699736 0.004010443110018969 0.0009463908500038087
v 0.0007706289761699736 0.004010443110018969 0.0009463908500038087
v 0.0007706289761699736 0.004010443110018969 0.0009463908500038087
v 0.001768406480550766 0.00416264683008194 0.0017145822057500482
v 0.001768406480550766 0.00416264683008194 0.0017145822057500482
v 0.001768406480550766 0.00416264683008194 0.0017145822057500482
v 0.000768451311159879 0.004162644036114216 0.0017117728712037206
v 0.000768451311159879 0.004162644036114216 0.0017117728712037206
v 0.000768451311159879 0.004162644036114216 0.0017117728712037206
v 0.0017665757331997156 0.0045962040312588215 0.002363462932407856
v 0.0017665757331997156 0.0045962040312588215 0.002363462932407856
v 0.0017665757331997156 0.0045962040312588215 0.002363462932407856
v 0.0017665757331997156 0.0045962040312588215 0.002363462932407856
v 0.000766609504353255 0.004596163984388113 0.002360608195886016
v 0.000766609504353255 0.004596163984388113 0.002360608195886016
v 0.000766609504353255 0.004596163984388113 0.002360608195886016
v 0.000766609504353255 0.004596163984388113 0.002360608195886016
v 0.001766600995324552 -0.004596152808517218 0.002362867584452033
v 0.001766600995324552 -0.004596152808517218 0.002362867584452033
v 0.001766600995324552 -0.004596152808517218 0.002362867584452033
v 0.001766600995324552 -0.004596152808517218 0.002362867584452033
v 0.0017691461835056543 -0.0040784915909171104 0.0014663266483694315
v 0.0017691461835056543 -0.0040784915909171104 0.0014663266483694315
v 0.0017720838077366352 -0.004078413359820843 0.00043104085489176214
v 0.0017720838077366352 -0.004078413359820843 0.00043104085489176214
v 0.0017720838077366352 -0.004078413359820843 0.00043104085489176214
v 0.0017746406374499202 -0.004596009384840727 -0.0004655285447370261
v 0.0017746406374499202 -0.004596009384840727 -0.0004655285447370261
v 0.0017746406374499202 -0.004596009384840727 -0.0004655285447370261
v 0.0017746406374499202 -0.004596009384840727 -0.0004655285447370261
v 0.0017746406374499202 -0.004596009384840727 -0.0004655285447370261
v 0.00029387077665887773 -0.025762222707271576 -0.007256877142935991
v 0.00029387077665887773 -0.025762222707271576 -0.007256877142935991
v 0.00029387077665887773 -0.025762222707271576 -0.007256877142935991
v -0.003706156276166439 -0.02576221339404583 -0.007268090732395649
v -0.003706156276166439 -0.02576221339404583 -0.007268090732395649
v -0.003706156276166439 -0.02576221339404583 -0.007268090732395649
v 0.00029357505263760686 -0.026181621477007866 -0.007164688780903816
v 0.00029357505263760686 -0.026181621477007866 -0.007164688780903816
v 0.00029357505263760686 -0.026181621477007866 -0.007164688780903816
v 0.00029357505263760686 -0.026181621477007866 -0.007164688780903816
v -0.003706460352987051 -0.026181640103459358 -0.007175936829298735
v -0.003706460352987051 -0.026181640103459358 -0.007175936829298735
v -0.003706460352987051 -0.026181640103459358 -0.007175936829298735
v -0.003706460352987051 -0.026181640103459358 -0.007175936829298735
v -0.003706460352987051 -0.026181640103459358 -0.007175936829298735
v -0.003706460352987051 -0.026181640103459358 -0.007175936829298735
v 0.0002928678004536778 -0.026523664593696594 -0.006905137561261654
v 0.0002928678004536778 -0.026523664593696594 -0.006905137561261654
v 0.0002928678004536778 -0.026523664593696594 -0.006905137561261654
v 0.0002928678004536778 -0.026523664593696594 -0.006905137561261654
v 0.0002928678004536778 -0.026523664593696594 -0.006905137561261654
v -0.0037071527913212776 -0.026523686945438385 -0.006916387472301722
v -0.0037071527913212776 -0.026523686945438385 -0.006916387472301722
v -0.0037071527913212776 -0.026523686945438385 -0.006916387472301722
v -0.0037071527913212776 -0.026523686945438385 -0.006916387472301722
v 0.00029179337434470654 -0.02672533318400383 -0.00652605714276433
v 0.00029179337434470654 -0.02672533318400383 -0.00652605714276433
v 0.00029179337434470654 -0.02672533318400383 -0.00652605714276433
v -0.003708230098709464 -0.026725362986326218 -0.006537318229675293
v -0.003708230098709464 -0.026725362986326218 -0.006537318229675293
v -0.003708230098709464 -0.026725362986326218 -0.006537318229675293
v -0.003708230098709464 -0.026725362986326218 -0.006537318229675293
v 0.00029380840715020895 -0.025724053382873535 -0.007256840355694294
v 0.00029380840715020895 -0.025724053382873535 -0.007256840355694294
v 0.00029380840715020895 -0.025724053382873535 -0.007256840355694294
v -0.0037061257753521204 -0.02572408877313137 -0.007268108893185854
v -0.0037061257753521204 -0.02572408877313137 -0.007268108893185854
v -0.0037061257753521204 -0.02572408877313137 -0.007268108893185854
v -0.0037061257753521204 -0.02572408877313137 -0.007268108893185854
v 0.001814424293115735 -0.019691864028573036 -0.014585736207664013
v 0.001814424293115735 -0.019691864028573036 -0.014585736207664013
v 0.001814424293115735 -0.019691864028573036 -0.014585736207664013
v 0.001814424293115735 -0.019691864028573036 -0.014585736207664013
v 0.001814424293115735 -0.019691864028573036 -0.014585736207664013
v 0.001814424293115735 -0.019691864028573036 -0.014585736207664013
v 0.001814424293115735 -0.019691864028573036 -0.014585736207664013
v 0.0018131803954020143 -0.018715832382440567 -0.01416277140378952
v 0.0018131803954020143 -0.018715832382440567 -0.01416277140378952
v 0.0018131803954020143 -0.018715832382440567 -0.01416277140378952
v 0.0018131803954020143 -0.018715832382440567 -0.01416277140378952
v -0.0036855924408882856 -0.019691873341798782 -0.014601179398596287
v -0.0036855924408882856 -0.019691873341798782 -0.014601179398596287
v -0.0036855924408882856 -0.019691873341798782 -0.014601179398596287
v -0.0036855924408882856 -0.019691873341798782 -0.014601179398596287
v -0.0036855924408882856 -0.019691873341798782 -0.014601179398596287
v -0.0036855924408882856 -0.019691873341798782 -0.014601179398596287
v -0.0036867433227598667 -0.018715884536504745 -0.014178268611431122
v -0.0036867433227598667 -0.018715884536504745 -0.014178268611431122
v -0.0036867433227598667 -0.018715884536504745 -0.014178268611431122
v 0.0018441863358020782 -0.006731001660227776 -0.025198476389050484
v 0.0018441863358020782 -0.006731001660227776 -0.025198476389050484
v 0.0018441863358020782 -0.006731001660227776 -0.025198476389050484
v 0.0018400250701233745 -0.011008674278855324 -0.023704661056399345
v 0.0018400250701233745 -0.011008674278855324 -0.023704661056399345
v 0.0018400250701233745 -0.011008674278855324 -0.023704661056399345
v 0.0018400250701233745 -0.011008674278855324 -0.023704661056399345
v 0.0018400250701233745 -0.011008674278855324 -0.023704661056399345
v 0.0018400250701233745 -0.011008674278855324 -0.023704661056399345
v 0.0018400250701233745 -0.011008674278855324 -0.023704661056399345
v 0.0018400250701233745 -0.011008674278855324 -0.023704661056399345
v 0.0018400250701233745 -0.011008674278855324 -0.023704661056399345
v 0.0018400250701233745 -0.011008674278855324 -0.023704661056399345
v 0.0018161622574552894 0.013052921742200851 -0.015284012071788311
v 0.0018161622574552894 0.013052921742200851 -0.015284012071788311
v 0.0018161622574552894 0.013052921742200851 -0.015284012071788311
v 0.0018161622574552894 0.013052921742200851 -0.015284012071788311
v 0.0018398732645437121 0.01101185753941536 -0.023703325539827347
v 0.0018398732645437121 0.01101185753941536 -0.023703325539827347
v 0.0018398732645437121 0.01101185753941536 -0.023703325539827347
v 0.0018398732645437121 0.01101185753941536 -0.023703325539827347
v 0.0018398732645437121 0.01101185753941536 -0.023703325539827347
v 0.0018398732645437121 0.01101185753941536 -0.023703325539827347
v 0.0018398732645437121 0.01101185753941536 -0.023703325539827347
v 0.0018398732645437121 0.01101185753941536 -0.023703325539827347
v 0.0018398732645437121 0.01101185753941536 -0.023703325539827347
v 0.0018398732645437121 0.01101185753941536 -0.023703325539827347
v 0.0018286684062331915 0.015865590423345566 -0.019723249599337578
v 0.0018286684062331915 0.015865590423345566 -0.019723249599337578
v 0.0018286684062331915 0.015865590423345566 -0.019723249599337578
v 0.0018314914777874947 0.01566227339208126 -0.02073768712580204
v 0.0018314914777874947 0.01566227339208126 -0.02073768712580204
v 0.0018314914777874947 0.01566227339208126 -0.02073768712580204
v 0.0018314914777874947 0.01566227339208126 -0.02073768712580204
v 0.0018314914777874947 0.01566227339208126 -0.02073768712580204
v 0.0018218967597931623 -0.014909792691469193 -0.017253020778298378
v 0.0018218967597931623 -0.014909792691469193 -0.017253020778298378
v 0.0018218967597931623 -0.014909792691469193 -0.017253020778298378
v 0.0018206366803497076 -0.014576607383787632 -0.016811653971672058
v 0.0018206366803497076 -0.014576607383787632 -0.016811653971672058
v 0.0018206366803497076 -0.014576607383787632 -0.016811653971672058
v 0.001816326635889709 -0.013050787150859833 -0.015285653062164783
v 0.001816326635889709 -0.013050787150859833 -0.015285653062164783
v 0.001816326635889709 -0.013050787150859833 -0.015285653062164783
v 0.0018336812499910593 0.014979216270148754 -0.021514812484383583
v 0.0018336812499910593 0.014979216270148754 -0.021514812484383583
v 0.0018336812499910593 0.014979216270148754 -0.021514812484383583
v 0.0018316316418349743 -0.015659457072615623 -0.020739620551466942
v 0.0018316316418349743 -0.015659457072615623 -0.020739620551466942
v 0.0018316316418349743 -0.015659457072615623 -0.020739620551466942
v 0.0018288600258529186 -0.01586288772523403 -0.019725216552615166
v 0.0018288600258529186 -0.01586288772523403 -0.019725216552615166
v 0.0018288600258529186 -0.01586288772523403 -0.019725216552615166
v 0.0018288600258529186 -0.01586288772523403 -0.019725216552615166
v 0.0018288600258529186 -0.01586288772523403 -0.019725216552615166
v 0.0018338862573727965 -0.014976299367845058 -0.021516671404242516
v 0.0018338862573727965 -0.014976299367845058 -0.021516671404242516
v 0.0018338862573727965 -0.014976299367845058 -0.021516671404242516
v 0.0018338862573727965 -0.014976299367845058 -0.021516671404242516
v 0.0018441237043589354 0.006734361406415701 -0.025197599083185196
v 0.0018441237043589354 0.006734361406415701 -0.025197599083185196
v 0.0018441237043589354 0.006734361406415701 -0.025197599083185196
v 0.0018462447915226221 0.0022672538179904222 -0.025955574586987495
v 0.0018462447915226221 0.0022672538179904222 -0.025955574586987495
v 0.0018462447915226221 0.0022672538179904222 -0.025955574586987495
v 0.0018462447915226221 0.0022672538179904222 -0.025955574586987495
v 0.00184630136936903 -0.0022637522779405117 -0.02595588192343712
v 0.00184630136936903 -0.0022637522779405117 -0.02595588192343712
v 0.00184630136936903 -0.0022637522779405117 -0.02595588192343712
v 0.0018148571252822876 0.012323030270636082 -0.014818992465734482
v 0.0018148571252822876 0.012323030270636082 -0.014818992465734482
v 0.0018148571252822876 0.012323030270636082 -0.014818992465734482
v 0.0018145715584978461 0.011464935727417469 -0.014705893583595753
v 0.0018145715584978461 0.011464935727417469 -0.014705893583595753
v 0.0018145715584978461 0.011464935727417469 -0.014705893583595753
v 0.0018145715584978461 0.011464935727417469 -0.014705893583595753
v 0.0018145715584978461 0.011464935727417469 -0.014705893583595753
v 0.0018152827396988869 0.010639448650181293 -0.014965907670557499
v 0.0018152827396988869 0.010639448650181293 -0.014965907670557499
v 0.0018152827396988869 0.010639448650181293 -0.014965907670557499
v 0.0018152827396988869 0.010639448650181293 -0.014965907670557499
v 0.0018153780838474631 -0.01063732523471117 -0.014967234805226326
v 0.0018153780838474631 -0.01063732523471117 -0.014967234805226326
v 0.0018153780838474631 -0.01063732523471117 -0.014967234805226326
v 0.001814739196561277 -0.011462908238172531 -0.01470731571316719
v 0.001814739196561277 -0.011462908238172531 -0.01470731571316719
v 0.001814739196561277 -0.011462908238172531 -0.01470731571316719
v 0.001814739196561277 -0.011462908238172531 -0.01470731571316719
v 0.001814739196561277 -0.011462908238172531 -0.01470731571316719
v 0.0018149956595152617 -0.012320887297391891 -0.014820516109466553
v 0.0018149956595152617 -0.012320887297391891 -0.014820516109466553
v 0.0018149956595152617 -0.012320887297391891 -0.014820516109466553
v 0.0018149956595152617 -0.012320887297391891 -0.014820516109466553
v 0.0018129524542018771 0.018717888742685318 -0.014160444028675556
v 0.0018129524542018771 0.018717888742685318 -0.014160444028675556
v 0.0018129524542018771 0.018717888742685318 -0.014160444028675556
v 0.0018141950713470578 0.01969395950436592 -0.014583226293325424
v 0.0018141950713470578 0.01969395950436592 -0.014583226293325424
v 0.0018141950713470578 0.01969395950436592 -0.014583226293325424
v 0.0018141950713470578 0.01969395950436592 -0.014583226293325424
v 0.0018141950713470578 0.01969395950436592 -0.014583226293325424
v 0.0018141950713470578 0.01969395950436592 -0.014583226293325424
v -0.0036869726609438658 0.018717831000685692 -0.01417594775557518
v -0.0036869726609438658 0.018717831000685692 -0.01417594775557518
v -0.0036869726609438658 0.018717831000685692 -0.01417594775557518
v -0.0036869726609438658 0.018717831000685692 -0.01417594775557518
v -0.0036858159583061934 0.019693918526172638 -0.014598708599805832
v -0.0036858159583061934 0.019693918526172638 -0.014598708599805832
v -0.0036858159583061934 0.019693918526172638 -0.014598708599805832
v -0.0036858159583061934 0.019693918526172638 -0.014598708599805832
v -0.0037064794450998306 0.025725245475769043 -0.0072648427449166775
v -0.0037064794450998306 0.025725245475769043 -0.0072648427449166775
v -0.0037064794450998306 0.025725245475769043 -0.0072648427449166775
v 0.00029354129219427705 0.025725265964865685 -0.00725359283387661
v 0.00029354129219427705 0.025725265964865685 -0.00725359283387661
v 0.00029354129219427705 0.025725265964865685 -0.00725359283387661
v -0.003706451039761305 0.025763362646102905 -0.007264869753271341
v -0.003706451039761305 0.025763362646102905 -0.007264869753271341
v -0.003706451039761305 0.025763362646102905 -0.007264869753271341
v -0.003706451039761305 0.025763362646102905 -0.007264869753271341
v 0.00029346926021389663 0.02576340362429619 -0.007253596559166908
v 0.00029346926021389663 0.02576340362429619 -0.007253596559166908
v 0.00029346926021389663 0.02576340362429619 -0.007253596559166908
v 0.00029346926021389663 0.02576340362429619 -0.007253596559166908
v 0.0002915125514846295 0.026726409792900085 -0.006522762589156628
v 0.0002915125514846295 0.026726409792900085 -0.006522762589156628
v 0.0002915125514846295 0.026726409792900085 -0.006522762589156628
v -0.0037085125222802162 0.02672642469406128 -0.006533968262374401
v -0.0037085125222802162 0.02672642469406128 -0.006533968262374401
v -0.0037085125222802162 0.02672642469406128 -0.006533968262374401
v 0.00029253854881972075 0.02652479149401188 -0.006901792716234922
v 0.00029253854881972075 0.02652479149401188 -0.006901792716234922
v 0.00029253854881972075 0.02652479149401188 -0.006901792716234922
v 0.00029253854881972075 0.02652479149401188 -0.006901792716234922
v 0.00029253854881972075 0.02652479149401188 -0.006901792716234922
v -0.0037074966821819544 0.026524771004915237 -0.0069130402989685535
v -0.0037074966821819544 0.026524771004915237 -0.0069130402989685535
v -0.0037074966821819544 0.026524771004915237 -0.0069130402989685535
v -0.0037074966821819544 0.026524771004915237 -0.0069130402989685535
v -0.0037074966821819544 0.026524771004915237 -0.0069130402989685535
v -0.0037074966821819544 0.026524771004915237 -0.0069130402989685535
v 0.00029329501558095217 0.026182761415839195 -0.007161423563957214
v 0.00029329501558095217 0.026182761415839195 -0.007161423563957214
v 0.00029329501558095217 0.026182761415839195 -0.007161423563957214
v 0.00029329501558095217 0.026182761415839195 -0.007161423563957214
v -0.003706742310896516 0.026182735338807106 -0.007172679528594017
v -0.003706742310896516 0.026182735338807106 -0.007172679528594017
v -0.003706742310896516 0.026182735338807106 -0.007172679528594017
v -0.003706742310896516 0.026182735338807106 -0.007172679528594017
v 0.0017296824371442199 -0.01776052638888359 0.015525550581514835
v 0.0017296824371442199 -0.01776052638888359 0.015525550581514835
v 0.0017296824371442199 -0.01776052638888359 0.015525550581514835
v 0.0017296824371442199 -0.01776052638888359 0.015525550581514835
v 0.0017296824371442199 -0.01776052638888359 0.015525550581514835
v -0.0011626300401985645 -0.015026687644422054 0.012783854268491268
v -0.0011626300401985645 -0.015026687644422054 0.012783854268491268
v -0.0011626300401985645 -0.015026687644422054 0.012783854268491268
v -0.001170228235423565 -0.017760563641786575 0.01551736705005169
v -0.001170228235423565 -0.017760563641786575 0.01551736705005169
v -0.0011715207947418094 -0.01846163347363472 0.015971647575497627
v -0.0011715207947418094 -0.01846163347363472 0.015971647575497627
v -0.0037715332582592964 -0.018461646512150764 0.015964336693286896
v -0.0037715332582592964 -0.018461646512150764 0.015964336693286896
v -0.0037715332582592964 -0.018461646512150764 0.015964336693286896
v 0.0017288215458393097 -0.018201950937509537 0.015858789905905724
v 0.0017288215458393097 -0.018201950937509537 0.015858789905905724
v 0.0017288215458393097 -0.018201950937509537 0.015858789905905724
v -0.003775225020945072 -0.015487339347600937 0.017265822738409042
v -0.003775225020945072 -0.015487339347600937 0.017265822738409042
v -0.003775225020945072 -0.015487339347600937 0.017265822738409042
v -0.003775225020945072 -0.015487339347600937 0.017265822738409042
v -0.0012752963230013847 -0.015487322583794594 0.017272857949137688
v -0.0012752963230013847 -0.015487322583794594 0.017272857949137688
v -0.0012752963230013847 -0.015487322583794594 0.017272857949137688
v -0.0037728333845734596 -0.016334306448698044 0.016418782994151115
v -0.0037728333845734596 -0.016334306448698044 0.016418782994151115
v -0.0037728333845734596 -0.016334306448698044 0.016418782994151115
v -0.001272887922823429 -0.016334284096956253 0.016425825655460358
v -0.001272887922823429 -0.016334284096956253 0.016425825655460358
v -0.001272887922823429 -0.016334284096956253 0.016425825655460358
v -0.001272887922823429 -0.016334284096956253 0.016425825655460358
v -0.0037812532391399145 -0.015033164992928505 0.019393274560570717
v -0.0037812532391399145 -0.015033164992928505 0.019393274560570717
v -0.0037812532391399145 -0.015033164992928505 0.019393274560570717
v -0.0011812408920377493 -0.01503315195441246 0.01940058544278145
v -0.0011812408920377493 -0.01503315195441246 0.01940058544278145
v -0.0011792384320870042 -0.014578786678612232 0.018699539825320244
v -0.0011792384320870042 -0.014578786678612232 0.018699539825320244
v -0.0011614080285653472 -0.014377777464687824 0.01235034130513668
v -0.0011614080285653472 -0.014377777464687824 0.01235034130513668
v 0.000738535716664046 -0.014377781189978123 0.012355667538940907
v 0.000738535716664046 -0.014377781189978123 0.012355667538940907
v 0.000738535716664046 -0.014377781189978123 0.012355667538940907
v -0.0011609602952376008 -0.013612370938062668 0.012198150157928467
v -0.0011609602952376008 -0.013612370938062668 0.012198150157928467
v 0.0007390859536826611 -0.013612387701869011 0.012203461490571499
v 0.0007390859536826611 -0.013612387701869011 0.012203461490571499
v 0.0007390859536826611 -0.013612387701869011 0.012203461490571499
v -0.0011613917304202914 -0.012847046367824078 0.012350436300039291
v -0.0011613917304202914 -0.012847046367824078 0.012350436300039291
v -0.0011613917304202914 -0.012847046367824078 0.012350436300039291
v 0.000738642003852874 -0.012847053818404675 0.012355757877230644
v 0.000738642003852874 -0.012847053818404675 0.012355757877230644
v 0.000738642003852874 -0.012847053818404675 0.012355757877230644
v 0.000738642003852874 -0.012847053818404675 0.012355757877230644
v -0.0037730305921286345 0.016332486644387245 0.016420869156718254
v -0.0037730305921286345 0.016332486644387245 0.016420869156718254
v -0.0037730305921286345 0.016332486644387245 0.016420869156718254
v -0.0037730305921286345 0.016332486644387245 0.016420869156718254
v -0.0012729973532259464 0.01633249782025814 0.01642789877951145
v -0.0012729973532259464 0.01633249782025814 0.01642789877951145
v -0.0012729973532259464 0.01633249782025814 0.01642789877951145
v -0.003771755611523986 0.01845988817512989 0.01596665382385254
v -0.003771755611523986 0.01845988817512989 0.01596665382385254
v -0.003771755611523986 0.01845988817512989 0.01596665382385254
v -0.0011717433808371425 0.018459901213645935 0.01597396470606327
v -0.0011717433808371425 0.018459901213645935 0.01597396470606327
v 0.0017285331850871444 0.01820024661719799 0.0158610288053751
v 0.0017285331850871444 0.01820024661719799 0.0158610288053751
v 0.0017285331850871444 0.01820024661719799 0.0158610288053751
v 0.0017294582212343812 0.017758917063474655 0.015527836047112942
v 0.0017294582212343812 0.017758917063474655 0.015527836047112942
v 0.0017294582212343812 0.017758917063474655 0.015527836047112942
v 0.0017294582212343812 0.017758917063474655 0.015527836047112942
v 0.0017294582212343812 0.017758917063474655 0.015527836047112942
v -0.0011705546639859676 0.017758892849087715 0.015519668348133564
v -0.0011705546639859676 0.017758892849087715 0.015519668348133564
v -0.0011705546639859676 0.017758892849087715 0.015519668348133564
v -0.0011705546639859676 0.017758892849087715 0.015519668348133564
v 0.000737194437533617 0.015025357715785503 0.012791085988283157
v 0.000737194437533617 0.015025357715785503 0.012791085988283157
v 0.000737194437533617 0.015025357715785503 0.012791085988283157
v -0.0011627603089436889 0.015025324188172817 0.012785714119672775
v -0.0011627603089436889 0.015025324188172817 0.012785714119672775
v -0.0011615169933065772 0.012845776975154877 0.012352065183222294
v -0.0011615169933065772 0.012845776975154877 0.012352065183222294
v 0.000738426751922816 0.012845773249864578 0.01235739141702652
v 0.000738426751922816 0.012845773249864578 0.01235739141702652
v 0.000738426751922816 0.012845773249864578 0.01235739141702652
v 0.000738426751922816 0.012845773249864578 0.01235739141702652
v -0.0011611849768087268 0.013611151836812496 0.012199834920465946
v -0.0011611849768087268 0.013611151836812496 0.012199834920465946
v -0.0011611849768087268 0.013611151836812496 0.012199834920465946
v 0.0007388744852505624 0.01361117884516716 0.012205199338495731
v 0.0007388744852505624 0.01361117884516716 0.012205199338495731
v 0.0007388744852505624 0.01361117884516716 0.012205199338495731
v 0.0007388744852505624 0.01361117884516716 0.012205199338495731
v -0.0011616024421527982 0.014376522041857243 0.012352177873253822
v -0.0011616024421527982 0.014376522041857243 0.012352177873253822
v 0.0007384291384369135 0.014376507140696049 0.012357491068542004
v 0.0007384291384369135 0.014376507140696049 0.012357491068542004
v 0.0007384291384369135 0.014376507140696049 0.012357491068542004
v 0.0007384291384369135 0.014376507140696049 0.012357491068542004
v -0.0010838418966159225 0.013052926398813725 -0.015292144380509853
v -0.0010838418966159225 0.013052926398813725 -0.015292144380509853
v -0.0010838418966159225 0.013052926398813725 -0.015292144380509853
v -0.0010846267687156796 0.010590218007564545 -0.015003368258476257
v -0.0010846267687156796 0.010590218007564545 -0.015003368258476257
v -0.0010846267687156796 0.010590218007564545 -0.015003368258476257
v -0.0010853870771825314 0.011426901444792747 -0.01471775770187378
v -0.0010853870771825314 0.011426901444792747 -0.01471775770187378
v -0.0010853870771825314 0.011426901444792747 -0.01471775770187378
v -0.0010853870771825314 0.011426901444792747 -0.01471775770187378
v -0.001085170661099255 0.012305019423365593 -0.01482069119811058
v -0.001085170661099255 0.012305019423365593 -0.01482069119811058
v -0.001085170661099255 0.012305019423365593 -0.01482069119811058
v -0.0016055838204920292 0.010000563226640224 -0.007559956517070532
v -0.0016055838204920292 0.010000563226640224 -0.007559956517070532
v -0.0011423903051763773 0.010001079179346561 -0.015458664856851101
v -0.0011423903051763773 0.010001079179346561 -0.015458664856851101
v -0.0011423903051763773 0.010001079179346561 -0.015458664856851101
v -0.0016083758091554046 0.009732543490827084 -0.006559956818819046
v -0.0016083758091554046 0.009732543490827084 -0.006559956818819046
v -0.0016094868769869208 0.00941468495875597 -0.006145794875919819
v -0.0016094868769869208 0.00941468495875597 -0.006145794875919819
v -0.0016104107489809394 0.009000453166663647 -0.0058279200457036495
v -0.0016104107489809394 0.009000453166663647 -0.0058279200457036495
v -0.001610712381079793 0.0087658129632473 -0.005712233949452639
v -0.001610712381079793 0.0087658129632473 -0.005712233949452639
v -0.0016076527535915375 0.009848278947174549 -0.0067946212366223335
v -0.0016076527535915375 0.009848278947174549 -0.0067946212366223335
v 0.0007892419816926122 0.009619368240237236 -0.005705457646399736
v 0.0007892419816926122 0.009619368240237236 -0.005705457646399736
v 0.0007892419816926122 0.009619368240237236 -0.005705457646399736
v 0.0007892419816926122 0.009619368240237236 -0.005705457646399736
v 0.0007904786034487188 0.010268277488648891 -0.0061389729380607605
v 0.0007904786034487188 0.010268277488648891 -0.0061389729380607605
v -0.0012095342390239239 0.010268284007906914 -0.006144577171653509
v -0.0012095342390239239 0.010268284007906914 -0.006144577171653509
v -0.0012095342390239239 0.010268284007906914 -0.006144577171653509
v -0.0012095342390239239 0.010268284007906914 -0.006144577171653509
v -0.0012095342390239239 0.010268284007906914 -0.006144577171653509
v -0.0012107708025723696 0.009619375690817833 -0.005711061879992485
v -0.0012107708025723696 0.009619375690817833 -0.005711061879992485
v -0.0012107708025723696 0.009619375690817833 -0.005711061879992485
v -0.0012107708025723696 0.009619375690817833 -0.005711061879992485
v -0.0012107708025723696 0.009619375690817833 -0.005711061879992485
v -0.0012107708025723696 0.009619375690817833 -0.005711061879992485
v -0.00368718383833766 0.01846175268292427 -0.01409737579524517
v -0.00368718383833766 0.01846175268292427 -0.01409737579524517
v -0.00368718383833766 0.01846175268292427 -0.01409737579524517
v -0.0011872390750795603 0.018461771309375763 -0.014090336859226227
v -0.0011872390750795603 0.018461771309375763 -0.014090336859226227
v -0.0011885483982041478 0.01776069775223732 -0.013636063784360886
v -0.0011885483982041478 0.01776069775223732 -0.013636063784360886
v -0.0011885483982041478 0.01776069775223732 -0.013636063784360886
v -0.0011885483982041478 0.01776069775223732 -0.013636063784360886
v -0.0011885483982041478 0.01776069775223732 -0.013636063784360886
v -0.0011885483982041478 0.01776069775223732 -0.013636063784360886
v -0.0011885483982041478 0.01776069775223732 -0.013636063784360886
v 0.001811533817090094 0.01776072010397911 -0.013627616688609123
v 0.001811533817090094 0.01776072010397911 -0.013627616688609123
v 0.001811533817090094 0.01776072010397911 -0.013627616688609123
v 0.001811533817090094 0.01776072010397911 -0.013627616688609123
v 0.001811533817090094 0.01776072010397911 -0.013627616688609123
v -0.001187568181194365 0.01820211485028267 -0.013969309628009796
v -0.001187568181194365 0.01820211485028267 -0.013969309628009796
v -0.001187568181194365 0.01820211485028267 -0.013969309628009796
v 0.0018124114722013474 0.018202150240540504 -0.013960848562419415
v 0.0018124114722013474 0.018202150240540504 -0.013960848562419415
v 0.0018124114722013474 0.018202150240540504 -0.013960848562419415
v -0.00118594104424119 0.016334423795342445 -0.014544793404638767
v -0.00118594104424119 0.016334423795342445 -0.014544793404638767
v -0.00118594104424119 0.016334423795342445 -0.014544793404638767
v -0.00118594104424119 0.016334423795342445 -0.014544793404638767
v -0.0036858865059912205 0.016334403306245804 -0.014551835134625435
v -0.0036858865059912205 0.016334403306245804 -0.014551835134625435
v -0.0036858865059912205 0.016334403306245804 -0.014551835134625435
v -0.0010836865985766053 -0.013050813227891922 -0.015293821692466736
v -0.0010836865985766053 -0.013050813227891922 -0.015293821692466736
v -0.001079350826330483 -0.014576598070561886 -0.016819780692458153
v -0.001079350826330483 -0.014576598070561886 -0.016819780692458153
v -0.0010773766553029418 -0.015030864626169205 -0.017520846799016
v -0.0010773766553029418 -0.015030864626169205 -0.017520846799016
v -0.003677390981465578 -0.015030884183943272 -0.017528166994452477
v -0.003677390981465578 -0.015030884183943272 -0.017528166994452477
v -0.003677390981465578 -0.015030884183943272 -0.017528166994452477
v -0.0011833054013550282 -0.015485325828194618 -0.015393796376883984
v -0.0011833054013550282 -0.015485325828194618 -0.015393796376883984
v -0.0011833054013550282 -0.015485325828194618 -0.015393796376883984
v -0.0011833054013550282 -0.015485325828194618 -0.015393796376883984
v -0.0036833526100963354 -0.01548533234745264 -0.015400820411741734
v -0.0036833526100963354 -0.01548533234745264 -0.015400820411741734
v -0.0036833526100963354 -0.01548533234745264 -0.015400820411741734
v -0.0011857437202706933 -0.016332367435097694 -0.014546879567205906
v -0.0011857437202706933 -0.016332367435097694 -0.014546879567205906
v -0.0011857437202706933 -0.016332367435097694 -0.014546879567205906
v -0.003685672301799059 -0.016332384198904037 -0.014553914777934551
v -0.003685672301799059 -0.016332384198904037 -0.014553914777934551
v -0.003685672301799059 -0.016332384198904037 -0.014553914777934551
v -0.003685672301799059 -0.016332384198904037 -0.014553914777934551
v -0.0036869612522423267 -0.018459782004356384 -0.014099692925810814
v -0.0036869612522423267 -0.018459782004356384 -0.014099692925810814
v -0.0036869612522423267 -0.018459782004356384 -0.014099692925810814
v -0.0010870520491153002 -0.018459759652614594 -0.014092369936406612
v -0.0010870520491153002 -0.018459759652614594 -0.014092369936406612
v 0.0018126745708286762 -0.01820008084177971 -0.013963130302727222
v 0.0018126745708286762 -0.01820008084177971 -0.013963130302727222
v 0.0018126745708286762 -0.01820008084177971 -0.013963130302727222
v 0.0018116720020771027 -0.017758706584572792 -0.013629881665110588
v 0.0018116720020771027 -0.017758706584572792 -0.013629881665110588
v 0.0018116720020771027 -0.017758706584572792 -0.013629881665110588
v -0.001088240067474544 -0.017758749425411224 -0.013638070784509182
v -0.001088240067474544 -0.017758749425411224 -0.013638070784509182
v -0.0016053644940257072 -0.009999370202422142 -0.007561208214610815
v -0.0016053644940257072 -0.009999370202422142 -0.007561208214610815
v -0.0016082512447610497 -0.009731512516736984 -0.006561191752552986
v -0.0016082512447610497 -0.009731512516736984 -0.006561191752552986
v -0.0016082512447610497 -0.009731512516736984 -0.006561191752552986
v -0.001610322156921029 -0.0089995376765728 -0.005829118192195892
v -0.001610322156921029 -0.0089995376765728 -0.005829118192195892
v -0.0011422866955399513 -0.009998933412134647 -0.015459917485713959
v -0.0011422866955399513 -0.009998933412134647 -0.015459917485713959
v -0.0011422866955399513 -0.009998933412134647 -0.015459917485713959
v -0.0011422866955399513 -0.009998933412134647 -0.015459917485713959
v -0.0010845244396477938 -0.010588121600449085 -0.015004686079919338
v -0.0010845244396477938 -0.010588121600449085 -0.015004686079919338
v -0.0010845244396477938 -0.010588121600449085 -0.015004686079919338
v -0.0010845244396477938 -0.010588121600449085 -0.015004686079919338
v -0.0010852611158043146 -0.011424877680838108 -0.014719142578542233
v -0.0010852611158043146 -0.011424877680838108 -0.014719142578542233
v -0.0010852611158043146 -0.011424877680838108 -0.014719142578542233
v -0.0010849680984392762 -0.012302963994443417 -0.01482226513326168
v -0.0010849680984392762 -0.012302963994443417 -0.01482226513326168
v -0.0010849680984392762 -0.012302963994443417 -0.01482226513326168
v -0.0026802534703165293 0.020030107349157333 0.018968982622027397
v -0.0026802534703165293 0.020030107349157333 0.018968982622027397
v -0.0026802534703165293 0.020030107349157333 0.018968982622027397
v -0.0026802534703165293 0.020030107349157333 0.018968982622027397
v -0.0026802534703165293 0.020030107349157333 0.018968982622027397
v -0.0026802534703165293 0.020030107349157333 0.018968982622027397
v -0.003680208697915077 0.020030105486512184 0.018966173753142357
v -0.003680208697915077 0.020030105486512184 0.018966173753142357
v -0.003680208697915077 0.020030105486512184 0.018966173753142357
v -0.003680208697915077 0.020030105486512184 0.018966173753142357
v -0.0026773668359965086 0.01976224221289158 0.017968973144888878
v -0.0026773668359965086 0.01976224221289158 0.017968973144888878
v -0.0026773668359965086 0.01976224221289158 0.017968973144888878
v -0.0026773668359965086 0.01976224221289158 0.017968973144888878
v -0.0026773668359965086 0.01976224221289158 0.017968973144888878
v -0.0026773668359965086 0.01976224221289158 0.017968973144888878
v -0.0036773222964257 0.01976223848760128 0.01796616241335869
v -0.0036773222964257 0.01976223848760128 0.01796616241335869
v -0.0036773222964257 0.01976223848760128 0.01796616241335869
v -0.0036773222964257 0.01976223848760128 0.01796616241335869
v -0.002675310941413045 0.019030269235372543 0.017236899584531784
v -0.002675310941413045 0.019030269235372543 0.017236899584531784
v -0.002675310941413045 0.019030269235372543 0.017236899584531784
v -0.002675310941413045 0.019030269235372543 0.017236899584531784
v -0.002675310941413045 0.019030269235372543 0.017236899584531784
v -0.002675310941413045 0.019030269235372543 0.017236899584531784
v -0.0036753653548657894 0.019030237570405006 0.01723405532538891
v -0.0036753653548657894 0.019030237570405006 0.01723405532538891
v -0.0036753653548657894 0.019030237570405006 0.01723405532538891
v -0.0036753653548657894 0.019030237570405006 0.01723405532538891
v -0.0026745593640953302 0.018030287697911263 0.016968881711363792
v -0.0026745593640953302 0.018030287697911263 0.016968881711363792
v -0.0026745593640953302 0.018030287697911263 0.016968881711363792
v -0.0026745593640953302 0.018030287697911263 0.016968881711363792
v -0.0026745593640953302 0.018030287697911263 0.016968881711363792
v -0.0026745593640953302 0.018030287697911263 0.016968881711363792
v -0.003674524137750268 0.018030252307653427 0.01696603186428547
v -0.003674524137750268 0.018030252307653427 0.01696603186428547
v -0.003674524137750268 0.018030252307653427 0.01696603186428547
v -0.003674524137750268 0.018030252307653427 0.01696603186428547
v -0.002675306983292103 0.017030248418450356 0.01723676547408104
v -0.002675306983292103 0.017030248418450356 0.01723676547408104
v -0.002675306983292103 0.017030248418450356 0.01723676547408104
v -0.002675306983292103 0.017030248418450356 0.01723676547408104
v -0.002675306983292103 0.017030248418450356 0.01723676547408104
v -0.002675306983292103 0.017030248418450356 0.01723676547408104
v -0.0036753646563738585 0.0170302577316761 0.017233971506357193
v -0.0036753646563738585 0.0170302577316761 0.017233971506357193
v -0.0036753646563738585 0.0170302577316761 0.017233971506357193
v -0.0036753646563738585 0.0170302577316761 0.017233971506357193
v -0.0026773526333272457 0.016298120841383934 0.017968758940696716
v -0.0026773526333272457 0.016298120841383934 0.017968758940696716
v -0.0026773526333272457 0.016298120841383934 0.017968758940696716
v -0.0026773526333272457 0.016298120841383934 0.017968758940696716
v -0.0026773526333272457 0.016298120841383934 0.017968758940696716
v -0.0026773526333272457 0.016298120841383934 0.017968758940696716
v -0.0036774107720702887 0.01629813015460968 0.01796596311032772
v -0.0036774107720702887 0.01629813015460968 0.01796596311032772
v -0.0036774107720702887 0.01629813015460968 0.01796596311032772
v -0.0036774107720702887 0.01629813015460968 0.01796596311032772
v -0.0026801612693816423 0.016030149534344673 0.01896870695054531
v -0.0026801612693816423 0.016030149534344673 0.01896870695054531
v -0.0026801612693816423 0.016030149534344673 0.01896870695054531
v -0.0026801612693816423 0.016030149534344673 0.01896870695054531
v -0.0026801612693816423 0.016030149534344673 0.01896870695054531
v -0.0026801612693816423 0.016030149534344673 0.01896870695054531
v -0.0036802045069634914 0.01603015698492527 0.018965909257531166
v -0.0036802045069634914 0.01603015698492527 0.018965909257531166
v -0.0036802045069634914 0.01603015698492527 0.018965909257531166
v -0.0036802045069634914 0.01603015698492527 0.018965909257531166
v -0.0026830369606614113 0.016298068687319756 0.019968749955296516
v -0.0026830369606614113 0.016298068687319756 0.019968749955296516
v -0.0026830369606614113 0.016298068687319756 0.019968749955296516
v -0.0026830369606614113 0.016298068687319756 0.019968749955296516
v -0.0026830369606614113 0.016298068687319756 0.019968749955296516
v -0.0026830369606614113 0.016298068687319756 0.019968749955296516
v -0.0036829919554293156 0.016298066824674606 0.019965941086411476
v -0.0036829919554293156 0.016298066824674606 0.019965941086411476
v -0.0036829919554293156 0.016298066824674606 0.019965941086411476
v -0.0036829919554293156 0.016298066824674606 0.019965941086411476
v -0.0026850909925997257 0.017030056565999985 0.02070082351565361
v -0.0026850909925997257 0.017030056565999985 0.02070082351565361
v -0.0026850909925997257 0.017030056565999985 0.02070082351565361
v -0.0026850909925997257 0.017030056565999985 0.02070082351565361
v -0.0026850909925997257 0.017030056565999985 0.02070082351565361
v -0.0026850909925997257 0.017030056565999985 0.02070082351565361
v -0.0036850462201982737 0.017030052840709686 0.02069801464676857
v -0.0036850462201982737 0.017030052840709686 0.02069801464676857
v -0.0036850462201982737 0.017030052840709686 0.02069801464676857
v -0.0036850462201982737 0.017030052840709686 0.02069801464676857
v -0.0026858444325625896 0.01802999898791313 0.020968860015273094
v -0.0026858444325625896 0.01802999898791313 0.020968860015273094
v -0.0026858444325625896 0.01802999898791313 0.020968860015273094
v -0.0026858444325625896 0.01802999898791313 0.020968860015273094
v -0.0026858444325625896 0.01802999898791313 0.020968860015273094
v -0.0026858444325625896 0.01802999898791313 0.020968860015273094
v -0.003685887437313795 0.018030008301138878 0.0209660641849041
v -0.003685887437313795 0.018030008301138878 0.0209660641849041
v -0.003685887437313795 0.018030008301138878 0.0209660641849041
v -0.003685887437313795 0.018030008301138878 0.0209660641849041
v -0.002685094950720668 0.019030045717954636 0.020700981840491295
v -0.002685094950720668 0.019030045717954636 0.020700981840491295
v -0.002685094950720668 0.019030045717954636 0.020700981840491295
v -0.002685094950720668 0.019030045717954636 0.020700981840491295
v -0.002685094950720668 0.019030045717954636 0.020700981840491295
v -0.002685094950720668 0.019030045717954636 0.020700981840491295
v -0.0036850504111498594 0.019030041992664337 0.020698171108961105
v -0.0036850504111498594 0.019030041992664337 0.020698171108961105
v -0.0036850504111498594 0.019030041992664337 0.020698171108961105
v -0.0036850504111498594 0.019030041992664337 0.020698171108961105
v -0.0026830604765564203 0.019762126728892326 0.019968951120972633
v -0.0026830604765564203 0.019762126728892326 0.019968951120972633
v -0.0026830604765564203 0.019762126728892326 0.019968951120972633
v -0.0026830604765564203 0.019762126728892326 0.019968951120972633
v -0.0026830604765564203 0.019762126728892326 0.019968951120972633
v -0.0026830604765564203 0.019762126728892326 0.019968951120972633
v -0.003683015936985612 0.019762123003602028 0.019966140389442444
v -0.003683015936985612 0.019762123003602028 0.019966140389442444
v -0.003683015936985612 0.019762123003602028 0.019966140389442444
v -0.003683015936985612 0.019762123003602028 0.019966140389442444
v -0.002680086763575673 -0.016032250598073006 0.018966691568493843
v -0.002680086763575673 -0.016032250598073006 0.018966691568493843
v -0.002680086763575673 -0.016032250598073006 0.018966691568493843
v -0.002680086763575673 -0.016032250598073006 0.018966691568493843
v -0.002680086763575673 -0.016032250598073006 0.018966691568493843
v -0.002680086763575673 -0.016032250598073006 0.018966691568493843
v -0.0036799374502152205 -0.016032258048653603 0.018963875249028206
v -0.0036799374502152205 -0.016032258048653603 0.018963875249028206
v -0.0036799374502152205 -0.016032258048653603 0.018963875249028206
v -0.0036799374502152205 -0.016032258048653603 0.018963875249028206
v -0.0026772001292556524 -0.016300154849886894 0.01796671375632286
v -0.0026772001292556524 -0.016300154849886894 0.01796671375632286
v -0.0026772001292556524 -0.016300154849886894 0.01796671375632286
v -0.0026772001292556524 -0.016300154849886894 0.01796671375632286
v -0.0026772001292556524 -0.016300154849886894 0.01796671375632286
v -0.0026772001292556524 -0.016300154849886894 0.01796671375632286
v -0.0036771532613784075 -0.016300151124596596 0.017963912338018417
v -0.0036771532613784075 -0.016300151124596596 0.017963912338018417
v -0.0036771532613784075 -0.016300151124596596 0.017963912338018417
v -0.0036771532613784075 -0.016300151124596596 0.017963912338018417
v -0.0026751402765512466 -0.01703217253088951 0.017234599217772484
v -0.0026751402765512466 -0.01703217253088951 0.017234599217772484
v -0.0026751402765512466 -0.01703217253088951 0.017234599217772484
v -0.0026751402765512466 -0.01703217253088951 0.017234599217772484
v -0.0026751402765512466 -0.01703217253088951 0.017234599217772484
v -0.0026751402765512466 -0.01703217253088951 0.017234599217772484
v -0.0036750962026417255 -0.01703217811882496 0.017231786623597145
v -0.0036750962026417255 -0.01703217811882496 0.017231786623597145
v -0.0036750962026417255 -0.01703217811882496 0.017231786623597145
v -0.0036750962026417255 -0.01703217811882496 0.017231786623597145
v -0.0026743910275399685 -0.01803210936486721 0.01696663536131382
v -0.0026743910275399685 -0.01803210936486721 0.01696663536131382
v -0.0026743910275399685 -0.01803210936486721 0.01696663536131382
v -0.0026743910275399685 -0.01803210936486721 0.01696663536131382
v -0.0026743910275399685 -0.01803210936486721 0.01696663536131382
v -0.0026743910275399685 -0.01803210936486721 0.01696663536131382
v -0.003674357198178768 -0.018032150343060493 0.01696377992630005
v -0.003674357198178768 -0.018032150343060493 0.01696377992630005
v -0.003674357198178768 -0.018032150343060493 0.01696377992630005
v -0.003674357198178768 -0.018032150343060493 0.01696377992630005
v -0.00267512584105134 -0.019032157957553864 0.01723451167345047
v -0.00267512584105134 -0.019032157957553864 0.01723451167345047
v -0.00267512584105134 -0.019032157957553864 0.01723451167345047
v -0.00267512584105134 -0.019032157957553864 0.01723451167345047
v -0.00267512584105134 -0.019032157957553864 0.01723451167345047
v -0.00267512584105134 -0.019032157957553864 0.01723451167345047
v -0.0036750808358192444 -0.019032161682844162 0.01723170094192028
v -0.0036750808358192444 -0.019032161682844162 0.01723170094192028
v -0.0036750808358192444 -0.019032161682844162 0.01723170094192028
v -0.0036750808358192444 -0.019032161682844162 0.01723170094192028
v -0.0026771710254251957 -0.01976427622139454 0.01796649768948555
v -0.0026771710254251957 -0.01976427622139454 0.01796649768948555
v -0.0026771710254251957 -0.01976427622139454 0.01796649768948555
v -0.0026771710254251957 -0.01976427622139454 0.01796649768948555
v -0.0026771710254251957 -0.01976427622139454 0.01796649768948555
v -0.0026771710254251957 -0.01976427622139454 0.01796649768948555
v -0.0036772293969988823 -0.019764268770813942 0.017963699996471405
v -0.0036772293969988823 -0.019764268770813942 0.017963699996471405
v -0.0036772293969988823 -0.019764268770813942 0.017963699996471405
v -0.0036772293969988823 -0.019764268770813942 0.017963699996471405
v -0.0026799782644957304 -0.020032251253724098 0.01896645873785019
v -0.0026799782644957304 -0.020032251253724098 0.01896645873785019
v -0.0026799782644957304 -0.020032251253724098 0.01896645873785019
v -0.0026799782644957304 -0.020032251253724098 0.01896645873785019
v -0.0026799782644957304 -0.020032251253724098 0.01896645873785019
v -0.0026799782644957304 -0.020032251253724098 0.01896645873785019
v -0.003680035937577486 -0.020032240077853203 0.018963664770126343
v -0.003680035937577486 -0.020032240077853203 0.018963664770126343
v -0.003680035937577486 -0.020032240077853203 0.018963664770126343
v -0.003680035937577486 -0.020032240077853203 0.018963664770126343
v -0.0026827624533325434 -0.019764402881264687 0.01996646076440811
v -0.0026827624533325434 -0.019764402881264687 0.01996646076440811
v -0.0026827624533325434 -0.019764402881264687 0.01996646076440811
v -0.0026827624533325434 -0.019764402881264687 0.01996646076440811
v -0.0026827624533325434 -0.019764402881264687 0.01996646076440811
v -0.0026827624533325434 -0.019764402881264687 0.01996646076440811
v -0.003682820126414299 -0.01976439356803894 0.019963664934039116
v -0.003682820126414299 -0.01976439356803894 0.019963664934039116
v -0.003682820126414299 -0.01976439356803894 0.019963664934039116
v -0.003682820126414299 -0.01976439356803894 0.019963664934039116
v -0.002684821607545018 -0.01903238147497177 0.02069857530295849
v -0.002684821607545018 -0.01903238147497177 0.02069857530295849
v -0.002684821607545018 -0.01903238147497177 0.02069857530295849
v -0.002684821607545018 -0.01903238147497177 0.02069857530295849
v -0.002684821607545018 -0.01903238147497177 0.02069857530295849
v -0.002684821607545018 -0.01903238147497177 0.02069857530295849
v -0.0036848653107881546 -0.019032375887036324 0.020695775747299194
v -0.0036848653107881546 -0.019032375887036324 0.020695775747299194
v -0.0036848653107881546 -0.019032375887036324 0.020695775747299194
v -0.0036848653107881546 -0.019032375887036324 0.020695775747299194
v -0.0026855606120079756 -0.018032418563961983 0.02096658945083618
v -0.0026855606120079756 -0.018032418563961983 0.02096658945083618
v -0.0026855606120079756 -0.018032418563961983 0.02096658945083618
v -0.0026855606120079756 -0.018032418563961983 0.02096658945083618
v -0.0026855606120079756 -0.018032418563961983 0.02096658945083618
v -0.0026855606120079756 -0.018032418563961983 0.02096658945083618
v -0.003685618285089731 -0.018032409250736237 0.020963795483112335
v -0.003685618285089731 -0.018032409250736237 0.020963795483112335
v -0.003685618285089731 -0.018032409250736237 0.020963795483112335
v -0.003685618285089731 -0.018032409250736237 0.020963795483112335
v -0.0026849135756492615 -0.017032358795404434 0.020698726177215576
v -0.0026849135756492615 -0.017032358795404434 0.020698726177215576
v -0.0026849135756492615 -0.017032358795404434 0.020698726177215576
v -0.0026849135756492615 -0.017032358795404434 0.020698726177215576
v -0.0026849135756492615 -0.017032358795404434 0.020698726177215576
v -0.0026849135756492615 -0.017032358795404434 0.020698726177215576
v -0.003684879979118705 -0.017032399773597717 0.020695872604846954
v -0.003684879979118705 -0.017032399773597717 0.020695872604846954
v -0.003684879979118705 -0.017032399773597717 0.020695872604846954
v -0.003684879979118705 -0.017032399773597717 0.020695872604846954
v -0.0026828786358237267 -0.016300270333886147 0.019966691732406616
v -0.0026828786358237267 -0.016300270333886147 0.019966691732406616
v -0.0026828786358237267 -0.016300270333886147 0.019966691732406616
v -0.0026828786358237267 -0.016300270333886147 0.019966691732406616
v -0.0026828786358237267 -0.016300270333886147 0.019966691732406616
v -0.0026828786358237267 -0.016300270333886147 0.019966691732406616
v -0.0036828345619142056 -0.016300275921821594 0.019963879138231277
v -0.0036828345619142056 -0.016300275921821594 0.019963879138231277
v -0.0036828345619142056 -0.016300275921821594 0.019963879138231277
v -0.0036828345619142056 -0.016300275921821594 0.019963879138231277
v -0.002578613581135869 -0.016030043363571167 -0.017095573246479034
v -0.002578613581135869 -0.016030043363571167 -0.017095573246479034
v -0.002578613581135869 -0.016030043363571167 -0.017095573246479034
v -0.002578613581135869 -0.016030043363571167 -0.017095573246479034
v -0.002578613581135869 -0.016030043363571167 -0.017095573246479034
v -0.002578613581135869 -0.016030043363571167 -0.017095573246479034
v -0.003578568808734417 -0.016030047088861465 -0.017098382115364075
v -0.003578568808734417 -0.016030047088861465 -0.017098382115364075
v -0.003578568808734417 -0.016030047088861465 -0.017098382115364075
v -0.003578568808734417 -0.016030047088861465 -0.017098382115364075
v -0.0025757269468158484 -0.016297925263643265 -0.01809556968510151
v -0.0025757269468158484 -0.016297925263643265 -0.01809556968510151
v -0.0025757269468158484 -0.016297925263643265 -0.01809556968510151
v -0.0025757269468158484 -0.016297925263643265 -0.01809556968510151
v -0.0025757269468158484 -0.016297925263643265 -0.01809556968510151
v -0.0025757269468158484 -0.016297925263643265 -0.01809556968510151
v -0.003575693117454648 -0.0162979643791914 -0.01809842512011528
v -0.003575693117454648 -0.0162979643791914 -0.01809842512011528
v -0.003575693117454648 -0.0162979643791914 -0.01809842512011528
v -0.003575693117454648 -0.0162979643791914 -0.01809842512011528
v -0.002573681529611349 -0.01702994294464588 -0.018827680498361588
v -0.002573681529611349 -0.01702994294464588 -0.018827680498361588
v -0.002573681529611349 -0.01702994294464588 -0.018827680498361588
v -0.002573681529611349 -0.01702994294464588 -0.018827680498361588
v -0.002573681529611349 -0.01702994294464588 -0.018827680498361588
v -0.002573681529611349 -0.01702994294464588 -0.018827680498361588
v -0.003573636757209897 -0.01702994480729103 -0.018830491229891777
v -0.003573636757209897 -0.01702994480729103 -0.018830491229891777
v -0.003573636757209897 -0.01702994480729103 -0.018830491229891777
v -0.003573636757209897 -0.01702994480729103 -0.018830491229891777
v -0.0025729285553097725 -0.018029887229204178 -0.01909571886062622
v -0.0025729285553097725 -0.018029887229204178 -0.01909571886062622
v -0.0025729285553097725 -0.018029887229204178 -0.01909571886062622
v -0.0025729285553097725 -0.018029887229204178 -0.01909571886062622
v -0.0025729285553097725 -0.018029887229204178 -0.01909571886062622
v -0.0025729285553097725 -0.018029887229204178 -0.01909571886062622
v -0.0035728837829083204 -0.018029889091849327 -0.01909852772951126
v -0.0035728837829083204 -0.018029889091849327 -0.01909852772951126
v -0.0035728837829083204 -0.018029889091849327 -0.01909852772951126
v -0.0035728837829083204 -0.018029889091849327 -0.01909852772951126
v -0.0025736773386597633 -0.019029930233955383 -0.018827838823199272
v -0.0025736773386597633 -0.019029930233955383 -0.018827838823199272
v -0.0025736773386597633 -0.019029930233955383 -0.018827838823199272
v -0.0025736773386597633 -0.019029930233955383 -0.018827838823199272
v -0.0025736773386597633 -0.019029930233955383 -0.018827838823199272
v -0.0025736773386597633 -0.019029930233955383 -0.018827838823199272
v -0.0035736325662583113 -0.019029933959245682 -0.018830647692084312
v -0.0035736325662583113 -0.019029933959245682 -0.018830647692084312
v -0.0035736325662583113 -0.019029933959245682 -0.018830647692084312
v -0.0035736325662583113 -0.019029933959245682 -0.018830647692084312
v -0.002575712278485298 -0.019762013107538223 -0.01809580810368061
v -0.002575712278485298 -0.019762013107538223 -0.01809580810368061
v -0.002575712278485298 -0.019762013107538223 -0.01809580810368061
v -0.002575712278485298 -0.019762013107538223 -0.01809580810368061
v -0.002575712278485298 -0.019762013107538223 -0.01809580810368061
v -0.002575712278485298 -0.019762013107538223 -0.01809580810368061
v -0.003575667506083846 -0.01976201683282852 -0.01809861697256565
v -0.003575667506083846 -0.01976201683282852 -0.01809861697256565
v -0.003575667506083846 -0.01976201683282852 -0.01809861697256565
v -0.003575667506083846 -0.01976201683282852 -0.01809861697256565
v -0.002578519517555833 -0.02002999559044838 -0.017095841467380524
v -0.002578519517555833 -0.02002999559044838 -0.017095841467380524
v -0.002578519517555833 -0.02002999559044838 -0.017095841467380524
v -0.002578519517555833 -0.02002999559044838 -0.017095841467380524
v -0.002578519517555833 -0.02002999559044838 -0.017095841467380524
v -0.002578519517555833 -0.02002999559044838 -0.017095841467380524
v -0.00357857346534729 -0.020030025392770767 -0.01709868386387825
v -0.00357857346534729 -0.020030025392770767 -0.01709868386387825
v -0.00357857346534729 -0.020030025392770767 -0.01709868386387825
v -0.00357857346534729 -0.020030025392770767 -0.01709868386387825
v -0.002581303706392646 -0.01976214163005352 -0.01609584502875805
v -0.002581303706392646 -0.01976214163005352 -0.01609584502875805
v -0.002581303706392646 -0.01976214163005352 -0.01609584502875805
v -0.002581303706392646 -0.01976214163005352 -0.01609584502875805
v -0.002581303706392646 -0.01976214163005352 -0.01609584502875805
v -0.002581303706392646 -0.01976214163005352 -0.01609584502875805
v -0.0035813613794744015 -0.019762132316827774 -0.016098640859127045
v -0.0035813613794744015 -0.019762132316827774 -0.016098640859127045
v -0.0035813613794744015 -0.019762132316827774 -0.016098640859127045
v -0.0035813613794744015 -0.019762132316827774 -0.016098640859127045
v -0.002583450172096491 -0.019030114635825157 -0.015363709069788456
v -0.002583450172096491 -0.019030114635825157 -0.015363709069788456
v -0.002583450172096491 -0.019030114635825157 -0.015363709069788456
v -0.002583450172096491 -0.019030114635825157 -0.015363709069788456
v -0.002583450172096491 -0.019030114635825157 -0.015363709069788456
v -0.002583450172096491 -0.019030114635825157 -0.015363709069788456
v -0.0035834177397191525 -0.01903015933930874 -0.0153665691614151
v -0.0035834177397191525 -0.01903015933930874 -0.0153665691614151
v -0.0035834177397191525 -0.01903015933930874 -0.0153665691614151
v -0.0035834177397191525 -0.01903015933930874 -0.0153665691614151
v -0.0025842043105512857 -0.01803014427423477 -0.015095701441168785
v -0.0025842043105512857 -0.01803014427423477 -0.015095701441168785
v -0.0025842043105512857 -0.01803014427423477 -0.015095701441168785
v -0.0025842043105512857 -0.01803014427423477 -0.015095701441168785
v -0.0025842043105512857 -0.01803014427423477 -0.015095701441168785
v -0.0025842043105512857 -0.01803014427423477 -0.015095701441168785
v -0.0035841595381498337 -0.01803014799952507 -0.0150985112413764
v -0.0035841595381498337 -0.01803014799952507 -0.0150985112413764
v -0.0035841595381498337 -0.01803014799952507 -0.0150985112413764
v -0.0035841595381498337 -0.01803014799952507 -0.0150985112413764
v -0.0025834653060883284 -0.017030132934451103 -0.015363622456789017
v -0.0025834653060883284 -0.017030132934451103 -0.015363622456789017
v -0.0025834653060883284 -0.017030132934451103 -0.015363622456789017
v -0.0025834653060883284 -0.017030132934451103 -0.015363622456789017
v -0.0025834653060883284 -0.017030132934451103 -0.015363622456789017
v -0.0025834653060883284 -0.017030132934451103 -0.015363622456789017
v -0.0035834205336868763 -0.017030134797096252 -0.015366431325674057
v -0.0035834205336868763 -0.017030134797096252 -0.015366431325674057
v -0.0035834205336868763 -0.017030134797096252 -0.015366431325674057
v -0.0035834205336868763 -0.017030134797096252 -0.015366431325674057
v -0.0025814208202064037 -0.01629800908267498 -0.016095619648694992
v -0.0025814208202064037 -0.01629800908267498 -0.016095619648694992
v -0.0025814208202064037 -0.01629800908267498 -0.016095619648694992
v -0.0025814208202064037 -0.01629800908267498 -0.016095619648694992
v -0.0025814208202064037 -0.01629800908267498 -0.016095619648694992
v -0.0025814208202064037 -0.01629800908267498 -0.016095619648694992
v -0.003581375814974308 -0.01629801280796528 -0.016098428517580032
v -0.003581375814974308 -0.01629801280796528 -0.016098428517580032
v -0.003581375814974308 -0.01629801280796528 -0.016098428517580032
v -0.003581375814974308 -0.01629801280796528 -0.016098428517580032
v -0.0025787949562072754 0.020032363012433052 -0.017093317583203316
v -0.0025787949562072754 0.020032363012433052 -0.017093317583203316
v -0.0025787949562072754 0.020032363012433052 -0.017093317583203316
v -0.0025787949562072754 0.020032363012433052 -0.017093317583203316
v -0.0025787949562072754 0.020032363012433052 -0.017093317583203316
v -0.0025787949562072754 0.020032363012433052 -0.017093317583203316
v -0.0035787499509751797 0.020032361149787903 -0.017096128314733505
v -0.0035787499509751797 0.020032361149787903 -0.017096128314733505
v -0.0035787499509751797 0.020032361149787903 -0.017096128314733505
v -0.0035787499509751797 0.020032361149787903 -0.017096128314733505
v -0.002575908089056611 0.019764503464102745 -0.018093334510922432
v -0.002575908089056611 0.019764503464102745 -0.018093334510922432
v -0.002575908089056611 0.019764503464102745 -0.018093334510922432
v -0.002575908089056611 0.019764503464102745 -0.018093334510922432
v -0.002575908089056611 0.019764503464102745 -0.018093334510922432
v -0.002575908089056611 0.019764503464102745 -0.018093334510922432
v -0.0035759657621383667 0.01976451277732849 -0.01809612847864628
v -0.0035759657621383667 0.01976451277732849 -0.01809612847864628
v -0.0035759657621383667 0.01976451277732849 -0.01809612847864628
v -0.0035759657621383667 0.01976451277732849 -0.01809612847864628
v -0.002573952777311206 0.019032489508390427 -0.018825439736247063
v -0.002573952777311206 0.019032489508390427 -0.018825439736247063
v -0.002573952777311206 0.019032489508390427 -0.018825439736247063
v -0.002573952777311206 0.019032489508390427 -0.018825439736247063
v -0.002573952777311206 0.019032489508390427 -0.018825439736247063
v -0.002573952777311206 0.019032489508390427 -0.018825439736247063
v -0.003573905909433961 0.019032493233680725 -0.018828241154551506
v -0.003573905909433961 0.019032493233680725 -0.018828241154551506
v -0.003573905909433961 0.019032493233680725 -0.018828241154551506
v -0.003573905909433961 0.019032493233680725 -0.018828241154551506
v -0.0025731113273650408 0.018032515421509743 -0.01909346878528595
v -0.0025731113273650408 0.018032515421509743 -0.01909346878528595
v -0.0025731113273650408 0.018032515421509743 -0.01909346878528595
v -0.0025731113273650408 0.018032515421509743 -0.01909346878528595
v -0.0025731113273650408 0.018032515421509743 -0.01909346878528595
v -0.0025731113273650408 0.018032515421509743 -0.01909346878528595
v -0.0035731696989387274 0.01803252287209034 -0.019096266478300095
v -0.0035731696989387274 0.01803252287209034 -0.019096266478300095
v -0.0035731696989387274 0.01803252287209034 -0.019096266478300095
v -0.0035731696989387274 0.01803252287209034 -0.019096266478300095
v -0.0025738475378602743 0.01703251153230667 -0.018825536593794823
v -0.0025738475378602743 0.01703251153230667 -0.018825536593794823
v -0.0025738475378602743 0.01703251153230667 -0.018825536593794823
v -0.0025738475378602743 0.01703251153230667 -0.018825536593794823
v -0.0025738475378602743 0.01703251153230667 -0.018825536593794823
v -0.0025738475378602743 0.01703251153230667 -0.018825536593794823
v -0.0035739170853048563 0.017032481729984283 -0.01882837899029255
v -0.0035739170853048563 0.017032481729984283 -0.01882837899029255
v -0.0035739170853048563 0.017032481729984283 -0.01882837899029255
v -0.0035739170853048563 0.017032481729984283 -0.01882837899029255
v -0.002575998194515705 0.016300391405820847 -0.018093541264533997
v -0.002575998194515705 0.016300391405820847 -0.018093541264533997
v -0.002575998194515705 0.016300391405820847 -0.018093541264533997
v -0.002575998194515705 0.016300391405820847 -0.018093541264533997
v -0.002575998194515705 0.016300391405820847 -0.018093541264533997
v -0.002575998194515705 0.016300391405820847 -0.018093541264533997
v -0.003575953422114253 0.016300387680530548 -0.018096350133419037
v -0.003575953422114253 0.016300387680530548 -0.018096350133419037
v -0.003575953422114253 0.016300387680530548 -0.018096350133419037
v -0.003575953422114253 0.016300387680530548 -0.018096350133419037
v -0.002578687621280551 0.01603235863149166 -0.017093556001782417
v -0.002578687621280551 0.01603235863149166 -0.017093556001782417
v -0.002578687621280551 0.01603235863149166 -0.017093556001782417
v -0.002578687621280551 0.01603235863149166 -0.017093556001782417
v -0.002578687621280551 0.01603235863149166 -0.017093556001782417
v -0.002578687621280551 0.01603235863149166 -0.017093556001782417
v -0.0035787459928542376 0.016032366082072258 -0.017096353694796562
v -0.0035787459928542376 0.016032366082072258 -0.017096353694796562
v -0.0035787459928542376 0.016032366082072258 -0.017096353694796562
v -0.0035787459928542376 0.016032366082072258 -0.017096353694796562
v -0.0025815742556005716 0.01630026288330555 -0.016093578189611435
v -0.0025815742556005716 0.01630026288330555 -0.016093578189611435
v -0.0025815742556005716 0.01630026288330555 -0.016093578189611435
v -0.0025815742556005716 0.01630026288330555 -0.016093578189611435
v -0.0025815742556005716 0.01630026288330555 -0.016093578189611435
v -0.0025815742556005716 0.01630026288330555 -0.016093578189611435
v -0.0035815294831991196 0.0163002610206604 -0.016096387058496475
v -0.0035815294831991196 0.0163002610206604 -0.016096387058496475
v -0.0035815294831991196 0.0163002610206604 -0.016096387058496475
v -0.0035815294831991196 0.0163002610206604 -0.016096387058496475
v -0.0025836320128291845 0.017032288014888763 -0.015361455269157887
v -0.0025836320128291845 0.017032288014888763 -0.015361455269157887
v -0.0025836320128291845 0.017032288014888763 -0.015361455269157887
v -0.0025836320128291845 0.017032288014888763 -0.015361455269157887
v -0.0025836320128291845 0.017032288014888763 -0.015361455269157887
v -0.0025836320128291845 0.017032288014888763 -0.015361455269157887
v -0.0035835872404277325 0.017032286152243614 -0.015364265069365501
v -0.0035835872404277325 0.017032286152243614 -0.015364265069365501
v -0.0035835872404277325 0.017032286152243614 -0.015364265069365501
v -0.0035835872404277325 0.017032286152243614 -0.015364265069365501
v -0.002584370318800211 0.018032262101769447 -0.015093444846570492
v -0.002584370318800211 0.018032262101769447 -0.015093444846570492
v -0.002584370318800211 0.018032262101769447 -0.015093444846570492
v -0.002584370318800211 0.018032262101769447 -0.015093444846570492
v -0.002584370318800211 0.018032262101769447 -0.015093444846570492
v -0.002584370318800211 0.018032262101769447 -0.015093444846570492
v -0.0035844286903738976 0.018032269552350044 -0.015096242539584637
v -0.0035844286903738976 0.018032269552350044 -0.015096242539584637
v -0.0035844286903738976 0.018032269552350044 -0.015096242539584637
v -0.0035844286903738976 0.018032269552350044 -0.015096242539584637
v -0.0025836362037807703 0.01903230883181095 -0.01536132488399744
v -0.0025836362037807703 0.01903230883181095 -0.01536132488399744
v -0.0025836362037807703 0.01903230883181095 -0.01536132488399744
v -0.0025836362037807703 0.01903230883181095 -0.01536132488399744
v -0.0025836362037807703 0.01903230883181095 -0.01536132488399744
v -0.0025836362037807703 0.01903230883181095 -0.01536132488399744
v -0.00358360237441957 0.019032267853617668 -0.015364179387688637
v -0.00358360237441957 0.019032267853617668 -0.015364179387688637
v -0.00358360237441957 0.019032267853617668 -0.015364179387688637
v -0.00358360237441957 0.019032267853617668 -0.015364179387688637
v -0.0025816012639552355 0.019764389842748642 -0.016093354672193527
v -0.0025816012639552355 0.019764389842748642 -0.016093354672193527
v -0.0025816012639552355 0.019764389842748642 -0.016093354672193527
v -0.0025816012639552355 0.019764389842748642 -0.016093354672193527
v -0.0025816012639552355 0.019764389842748642 -0.016093354672193527
v -0.0025816012639552355 0.019764389842748642 -0.016093354672193527
v -0.0035815564915537834 0.019764387980103493 -0.016096163541078568
v -0.0035815564915537834 0.019764387980103493 -0.016096163541078568
v -0.0035815564915537834 0.019764387980103493 -0.016096163541078568
v -0.0035815564915537834 0.019764387980103493 -0.016096163541078568
v 0.0002501833951100707 0.026799257844686508 0.00814637541770935
v 0.0002501833951100707 0.026799257844686508 0.00814637541770935
v 0.0002501833951100707 0.026799257844686508 0.00814637541770935
v 0.0002501833951100707 0.026799257844686508 0.00814637541770935
v 0.0002501833951100707 0.026799257844686508 0.00814637541770935
v 0.0002501833951100707 0.026799257844686508 0.00814637541770935
v -0.003749740542843938 0.02679925598204136 0.00813515018671751
v -0.003749740542843938 0.02679925598204136 0.00813515018671751
v -0.003749740542843938 0.02679925598204136 0.00813515018671751
v 0.000250164041062817 0.026021916419267654 0.008146362379193306
v 0.000250164041062817 0.026021916419267654 0.008146362379193306
v 0.000250164041062817 0.026021916419267654 0.008146362379193306
v 0.000250164041062817 0.026021916419267654 0.008146362379193306
v 0.000250164041062817 0.026021916419267654 0.008146362379193306
v 0.000250164041062817 0.026021916419267654 0.008146362379193306
v 0.000250164041062817 0.026021916419267654 0.008146362379193306
v 0.000250164041062817 0.026021916419267654 0.008146362379193306
v -0.0037772723007947206 0.019848870113492012 0.01791590452194214
v -0.0037772723007947206 0.019848870113492012 0.01791590452194214
v -0.0037772723007947206 0.019848870113492012 0.01791590452194214
v -0.0037750646006315947 0.019080238416790962 0.017147185280919075
v -0.0037750646006315947 0.019080238416790962 0.017147185280919075
v -0.0037750646006315947 0.019080238416790962 0.017147185280919075
v -0.0037750646006315947 0.019080238416790962 0.017147185280919075
v -0.0037750646006315947 0.019080238416790962 0.017147185280919075
v -0.0037742562126368284 0.018030265346169472 0.016865773126482964
v -0.0037742562126368284 0.018030265346169472 0.016865773126482964
v -0.0037742562126368284 0.018030265346169472 0.016865773126482964
v -0.0037742562126368284 0.018030265346169472 0.016865773126482964
v -0.0037742562126368284 0.018030265346169472 0.016865773126482964
v -0.0037742562126368284 0.018030265346169472 0.016865773126482964
v -0.0037742562126368284 0.018030265346169472 0.016865773126482964
v -0.0037750564515590668 0.016980251297354698 0.017147038131952286
v -0.0037750564515590668 0.016980251297354698 0.017147038131952286
v -0.0037750564515590668 0.016980251297354698 0.017147038131952286
v -0.0037750564515590668 0.016980251297354698 0.017147038131952286
v -0.0037772597279399633 0.016211574897170067 0.017915647476911545
v -0.0037772597279399633 0.016211574897170067 0.017915647476911545
v -0.0037772597279399633 0.016211574897170067 0.017915647476911545
v -0.0037772597279399633 0.016211574897170067 0.017915647476911545
v -0.0037772597279399633 0.016211574897170067 0.017915647476911545
v -0.00378016522154212 0.015930164605379105 0.018965627998113632
v -0.00378016522154212 0.015930164605379105 0.018965627998113632
v -0.00378016522154212 0.015930164605379105 0.018965627998113632
v -0.00378016522154212 0.015930164605379105 0.018965627998113632
v -0.00378016522154212 0.015930164605379105 0.018965627998113632
v -0.00378016522154212 0.015930164605379105 0.018965627998113632
v -0.0037831622175872326 0.016211457550525665 0.020015647634863853
v -0.0037831622175872326 0.016211457550525665 0.020015647634863853
v -0.0037831622175872326 0.016211457550525665 0.020015647634863853
v -0.0037831622175872326 0.016211457550525665 0.020015647634863853
v -0.0037853955291211605 0.016980046406388283 0.020784329622983932
v -0.0037853955291211605 0.016980046406388283 0.020784329622983932
v -0.0037853955291211605 0.016980046406388283 0.020784329622983932
v -0.0037853955291211605 0.016980046406388283 0.020784329622983932
v -0.00378609262406826 0.018030012026429176 0.021065782755613327
v -0.00378609262406826 0.018030012026429176 0.021065782755613327
v -0.00378609262406826 0.018030012026429176 0.021065782755613327
v -0.00378609262406826 0.018030012026429176 0.021065782755613327
v -0.0037853028625249863 0.019079990684986115 0.020784473046660423
v -0.0037853028625249863 0.019079990684986115 0.020784473046660423
v -0.0037853028625249863 0.019079990684986115 0.020784473046660423
v -0.0037853028625249863 0.019079990684986115 0.020784473046660423
v -0.003783191554248333 0.019848762080073357 0.020015886053442955
v -0.003783191554248333 0.019848762080073357 0.020015886053442955
v -0.003783191554248333 0.019848762080073357 0.020015886053442955
v -0.0037801829166710377 0.02013014629483223 0.01896590366959572
v -0.0037801829166710377 0.02013014629483223 0.01896590366959572
v -0.0037801829166710377 0.02013014629483223 0.01896590366959572
v -0.0037801829166710377 0.02013014629483223 0.01896590366959572
v -0.0037801829166710377 0.02013014629483223 0.01896590366959572
v 0.001750243711285293 0.02602187730371952 0.008150526322424412
v 0.001750243711285293 0.02602187730371952 0.008150526322424412
v 0.001750243711285293 0.02602187730371952 0.008150526322424412
v 0.001750243711285293 0.02602187730371952 0.008150526322424412
v 0.001750243711285293 0.02602187730371952 0.008150526322424412
v 0.001750243711285293 0.02602187730371952 0.008150526322424412
v 0.001750243711285293 0.02602187730371952 0.008150526322424412
v 0.001750243711285293 0.02602187730371952 0.008150526322424412
v 0.001750243711285293 0.02602187730371952 0.008150526322424412
v 0.001750243711285293 0.02602187730371952 0.008150526322424412
v 0.001750243711285293 0.02602187730371952 0.008150526322424412
v 0.001750243711285293 0.02602187730371952 0.008150526322424412
v 0.001750243711285293 0.02602187730371952 0.008150526322424412
v 0.001750243711285293 0.02602187730371952 0.008150526322424412
v 0.0017388650448992848 0.024552831426262856 0.012181054800748825
v 0.0017388650448992848 0.024552831426262856 0.012181054800748825
v 0.0017388650448992848 0.024552831426262856 0.012181054800748825
v 0.0017388650448992848 0.024552831426262856 0.012181054800748825
v 0.0017283385386690497 0.022463904693722725 0.015928104519844055
v 0.0017283385386690497 0.022463904693722725 0.015928104519844055
v 0.0017283385386690497 0.022463904693722725 0.015928104519844055
v -0.0037715714424848557 0.02246384508907795 0.015912599861621857
v -0.0037715714424848557 0.02246384508907795 0.015912599861621857
v -0.0037715714424848557 0.02246384508907795 0.015912599861621857
v -0.0037715714424848557 0.02246384508907795 0.015912599861621857
v -0.003761136904358864 0.02455282211303711 0.012165609747171402
v -0.003761136904358864 0.02455282211303711 0.012165609747171402
v -0.003761136904358864 0.02455282211303711 0.012165609747171402
v -0.003761136904358864 0.02455282211303711 0.012165609747171402
v 0.0017259083688259125 0.020672326907515526 0.016814416274428368
v 0.0017259083688259125 0.020672326907515526 0.016814416274428368
v 0.0017259083688259125 0.020672326907515526 0.016814416274428368
v -0.003774117212742567 0.02067228965461254 0.01679893769323826
v -0.003774117212742567 0.02067228965461254 0.01679893769323826
v -0.003774117212742567 0.02067228965461254 0.01679893769323826
v -0.003774117212742567 0.02067228965461254 0.01679893769323826
v -0.003774117212742567 0.02067228965461254 0.01679893769323826
v 0.0017264229245483875 0.021686794236302376 0.016611147671937943
v 0.0017264229245483875 0.021686794236302376 0.016611147671937943
v 0.0017264229245483875 0.021686794236302376 0.016611147671937943
v 0.0017264229245483875 0.021686794236302376 0.016611147671937943
v 0.0017264229245483875 0.021686794236302376 0.016611147671937943
v -0.003773604752495885 0.021686749532818794 0.016595659777522087
v -0.003773604752495885 0.021686749532818794 0.016595659777522087
v -0.003773604752495885 0.021686749532818794 0.016595659777522087
v -0.003773604752495885 0.021686749532818794 0.016595659777522087
v -0.003773604752495885 0.021686749532818794 0.016595659777522087
v -0.003773604752495885 0.021686749532818794 0.016595659777522087
v -0.003773604752495885 0.021686749532818794 0.016595659777522087
v 0.0009415724198333919 -0.004101613536477089 0.02904895693063736
v 0.0009415724198333919 -0.004101613536477089 0.02904895693063736
v 0.0009415724198333919 -0.004101613536477089 0.02904895693063736
v 0.0009415724198333919 -0.004101613536477089 0.02904895693063736
v 0.0009415724198333919 -0.004101613536477089 0.02904895693063736
v 0.0009415724198333919 -0.004101613536477089 0.02904895693063736
v 0.0009407053585164249 -1.6648681366859819e-06 0.029346710070967674
v 0.0009407053585164249 -1.6648681366859819e-06 0.029346710070967674
v 0.0009407053585164249 -1.6648681366859819e-06 0.029346710070967674
v 0.0009407053585164249 -1.6648681366859819e-06 0.029346710070967674
v 0.0009415499516762793 0.004098352510482073 0.0290494617074728
v 0.0009415499516762793 0.004098352510482073 0.0290494617074728
v 0.0009415499516762793 0.004098352510482073 0.0290494617074728
v 0.0009415499516762793 0.004098352510482073 0.0290494617074728
v -0.0037770906928926706 -0.016213536262512207 0.01791365072131157
v -0.0037770906928926706 -0.016213536262512207 0.01791365072131157
v -0.0037770906928926706 -0.016213536262512207 0.01791365072131157
v -0.0037770906928926706 -0.016213536262512207 0.01791365072131157
v -0.003774882759898901 -0.01698216050863266 0.017144925892353058
v -0.003774882759898901 -0.01698216050863266 0.017144925892353058
v -0.003774882759898901 -0.01698216050863266 0.017144925892353058
v -0.003774882759898901 -0.01698216050863266 0.017144925892353058
v -0.003774882759898901 -0.01698216050863266 0.017144925892353058
v -0.0037740725092589855 -0.018032131716609 0.01686352863907814
v -0.0037740725092589855 -0.018032131716609 0.01686352863907814
v -0.0037740725092589855 -0.018032131716609 0.01686352863907814
v -0.0037740725092589855 -0.018032131716609 0.01686352863907814
v -0.0037740725092589855 -0.018032131716609 0.01686352863907814
v -0.0037740725092589855 -0.018032131716609 0.01686352863907814
v -0.003774873213842511 -0.019082140177488327 0.017144784331321716
v -0.003774873213842511 -0.019082140177488327 0.017144784331321716
v -0.003774873213842511 -0.019082140177488327 0.017144784331321716
v -0.003774873213842511 -0.019082140177488327 0.017144784331321716
v -0.003777078352868557 -0.019850831478834152 0.017913391813635826
v -0.003777078352868557 -0.019850831478834152 0.017913391813635826
v -0.003777078352868557 -0.019850831478834152 0.017913391813635826
v -0.003777078352868557 -0.019850831478834152 0.017913391813635826
v -0.003777078352868557 -0.019850831478834152 0.017913391813635826
v -0.003777078352868557 -0.019850831478834152 0.017913391813635826
v -0.003779982216656208 -0.020132267847657204 0.0189634058624506
v -0.003779982216656208 -0.020132267847657204 0.0189634058624506
v -0.003779982216656208 -0.020132267847657204 0.0189634058624506
v -0.003779982216656208 -0.020132267847657204 0.0189634058624506
v -0.0037829952780157328 -0.019850976765155792 0.020013421773910522
v -0.0037829952780157328 -0.019850976765155792 0.020013421773910522
v -0.0037829952780157328 -0.019850976765155792 0.020013421773910522
v -0.0037829952780157328 -0.019850976765155792 0.020013421773910522
v -0.003785111475735903 -0.01908239535987377 0.02078207954764366
v -0.003785111475735903 -0.01908239535987377 0.02078207954764366
v -0.003785111475735903 -0.01908239535987377 0.02078207954764366
v -0.0037859205622226 -0.018032416701316833 0.021063482388854027
v -0.0037859205622226 -0.018032416701316833 0.021063482388854027
v -0.0037859205622226 -0.018032416701316833 0.021063482388854027
v -0.0037859205622226 -0.018032416701316833 0.021063482388854027
v -0.0037851363886147738 -0.016982369124889374 0.02078218199312687
v -0.0037851363886147738 -0.016982369124889374 0.02078218199312687
v -0.0037851363886147738 -0.016982369124889374 0.02078218199312687
v -0.0037851363886147738 -0.016982369124889374 0.02078218199312687
v -0.0037829203065484762 -0.016213640570640564 0.02001361921429634
v -0.0037829203065484762 -0.016213640570640564 0.02001361921429634
v -0.0037829203065484762 -0.016213640570640564 0.02001361921429634
v -0.0037829203065484762 -0.016213640570640564 0.02001361921429634
v -0.003779999678954482 -0.015932245180010796 0.01896364986896515
v -0.003779999678954482 -0.015932245180010796 0.01896364986896515
v -0.003779999678954482 -0.015932245180010796 0.01896364986896515
v -0.003779999678954482 -0.015932245180010796 0.01896364986896515
v -0.003779999678954482 -0.015932245180010796 0.01896364986896515
v -0.003779999678954482 -0.015932245180010796 0.01896364986896515
v -0.003779999678954482 -0.015932245180010796 0.01896364986896515
v -0.0038044550456106663 0.0040984367951750755 0.027620485052466393
v -0.0038044550456106663 0.0040984367951750755 0.027620485052466393
v -0.0038044550456106663 0.0040984367951750755 0.027620485052466393
v -0.0038044550456106663 0.0040984367951750755 0.027620485052466393
v -0.003803379600867629 0.006121765822172165 0.027230221778154373
v -0.003803379600867629 0.006121765822172165 0.027230221778154373
v -0.003803379600867629 0.006121765822172165 0.027230221778154373
v -0.003803379600867629 0.006121765822172165 0.027230221778154373
v -0.003804432926699519 -0.004101585131138563 0.027620024979114532
v -0.003804432926699519 -0.004101585131138563 0.027620024979114532
v -0.003804432926699519 -0.004101585131138563 0.027620024979114532
v -0.003804432926699519 -0.004101585131138563 0.027620024979114532
v -0.003804432926699519 -0.004101585131138563 0.027620024979114532
v -0.003804432926699519 -0.004101585131138563 0.027620024979114532
v -0.0037948545068502426 0.013736970722675323 0.024177653715014458
v -0.0037948545068502426 0.013736970722675323 0.024177653715014458
v -0.0037948545068502426 0.013736970722675323 0.024177653715014458
v -0.0037948545068502426 0.013736970722675323 0.024177653715014458
v -0.0037948545068502426 0.013736970722675323 0.024177653715014458
v -0.003799926955252886 0.010046012699604034 0.02599487453699112
v -0.003799926955252886 0.010046012699604034 0.02599487453699112
v -0.003799926955252886 0.010046012699604034 0.02599487453699112
v -0.003799926955252886 0.010046012699604034 0.02599487453699112
v -0.003794612130150199 -0.013739688321948051 0.02417595311999321
v -0.003794612130150199 -0.013739688321948051 0.02417595311999321
v -0.003794612130150199 -0.013739688321948051 0.02417595311999321
v -0.003794612130150199 -0.013739688321948051 0.02417595311999321
v -0.003799811936914921 -0.010048936121165752 0.025993645191192627
v -0.003799811936914921 -0.010048936121165752 0.025993645191192627
v -0.003799811936914921 -0.010048936121165752 0.025993645191192627
v -0.003799811936914921 -0.010048936121165752 0.025993645191192627
v -0.003799811936914921 -0.010048936121165752 0.025993645191192627
v -0.0038033013697713614 -0.006124857347458601 0.027229461818933487
v -0.0038033013697713614 -0.006124857347458601 0.027229461818933487
v -0.0038033013697713614 -0.006124857347458601 0.027229461818933487
v -0.0038033013697713614 -0.006124857347458601 0.027229461818933487
v -0.0037738175597041845 -0.020674172788858414 0.016796311363577843
v -0.0037738175597041845 -0.020674172788858414 0.016796311363577843
v -0.0037738175597041845 -0.020674172788858414 0.016796311363577843
v -0.0037738175597041845 -0.020674172788858414 0.016796311363577843
v 0.0017261069733649492 -0.020674116909503937 0.016811810433864594
v 0.0017261069733649492 -0.020674116909503937 0.016811810433864594
v 0.0017261069733649492 -0.020674116909503937 0.016811810433864594
v 0.0017261069733649492 -0.020674116909503937 0.016811810433864594
v 0.0017261069733649492 -0.020674116909503937 0.016811810433864594
v -0.0037733300123363733 -0.02168857865035534 0.016592925414443016
v -0.0037733300123363733 -0.02168857865035534 0.016592925414443016
v -0.0037733300123363733 -0.02168857865035534 0.016592925414443016
v -0.0037733300123363733 -0.02168857865035534 0.016592925414443016
v -0.0037733300123363733 -0.02168857865035534 0.016592925414443016
v -0.0037733300123363733 -0.02168857865035534 0.016592925414443016
v 0.001726680900901556 -0.021688537672162056 0.016608407720923424
v 0.001726680900901556 -0.021688537672162056 0.016608407720923424
v 0.001726680900901556 -0.021688537672162056 0.016608407720923424
v -0.0037713979836553335 -0.022465644404292107 0.015909811481833458
v -0.0037713979836553335 -0.022465644404292107 0.015909811481833458
v -0.0037713979836553335 -0.022465644404292107 0.015909811481833458
v 0.0017286166548728943 -0.022465644404292107 0.015925247222185135
v 0.0017286166548728943 -0.022465644404292107 0.015925247222185135
v 0.0017286166548728943 -0.022465644404292107 0.015925247222185135
v 0.0017286166548728943 -0.022465644404292107 0.015925247222185135
v -0.0037608486600220203 -0.02455407939851284 0.012162577360868454
v -0.0037608486600220203 -0.02455407939851284 0.012162577360868454
v -0.0037608486600220203 -0.02455407939851284 0.012162577360868454
v -0.0037608486600220203 -0.02455407939851284 0.012162577360868454
v 0.0017391659785062075 -0.02455407753586769 0.012178012169897556
v 0.0017391659785062075 -0.02455407753586769 0.012178012169897556
v 0.0017391659785062075 -0.02455407753586769 0.012178012169897556
v 0.001750543131493032 -0.026022665202617645 0.008147302083671093
v 0.001750543131493032 -0.026022665202617645 0.008147302083671093
v 0.001750543131493032 -0.026022665202617645 0.008147302083671093
v 0.001750543131493032 -0.026022665202617645 0.008147302083671093
v 0.001750543131493032 -0.026022665202617645 0.008147302083671093
v 0.001750543131493032 -0.026022665202617645 0.008147302083671093
v 0.001750543131493032 -0.026022665202617645 0.008147302083671093
v 0.001750543131493032 -0.026022665202617645 0.008147302083671093
v 0.001750543131493032 -0.026022665202617645 0.008147302083671093
v 0.001750543131493032 -0.026022665202617645 0.008147302083671093
v 0.001750543131493032 -0.026022665202617645 0.008147302083671093
v 0.001750543131493032 -0.026022665202617645 0.008147302083671093
v 0.001750543131493032 -0.026022665202617645 0.008147302083671093
v 0.001750543131493032 -0.026022665202617645 0.008147302083671093
v 0.001750543131493032 -0.026022665202617645 0.008147302083671093
v 0.001750543131493032 -0.026022665202617645 0.008147302083671093
v 0.001750543131493032 -0.026022665202617645 0.008147302083671093
v 0.00025046709924936295 -0.026022665202617645 0.008143090642988682
v 0.00025046709924936295 -0.026022665202617645 0.008143090642988682
v 0.00025046709924936295 -0.026022665202617645 0.008143090642988682
v 0.00025046709924936295 -0.026022665202617645 0.008143090642988682
v 0.00025046709924936295 -0.026022665202617645 0.008143090642988682
v 0.00025046709924936295 -0.026022665202617645 0.008143090642988682
v 0.00025052460841834545 -0.026800047606229782 0.008143012411892414
v 0.00025052460841834545 -0.026800047606229782 0.008143012411892414
v 0.00025052460841834545 -0.026800047606229782 0.008143012411892414
v 0.00025052460841834545 -0.026800047606229782 0.008143012411892414
v 0.00025052460841834545 -0.026800047606229782 0.008143012411892414
v 0.00025052460841834545 -0.026800047606229782 0.008143012411892414
v -0.0037495121359825134 -0.026800071820616722 0.008131759241223335
v -0.0037495121359825134 -0.026800071820616722 0.008131759241223335
v -0.0037495121359825134 -0.026800071820616722 0.008131759241223335
v -0.0037495121359825134 -0.026800071820616722 0.008131759241223335
v 0.0017907647415995598 0.026022810488939285 -0.006249427329748869
v 0.0017907647415995598 0.026022810488939285 -0.006249427329748869
v 0.0017907647415995598 0.026022810488939285 -0.006249427329748869
v 0.0017907647415995598 0.026022810488939285 -0.006249427329748869
v 0.0017907647415995598 0.026022810488939285 -0.006249427329748869
v 0.0017907647415995598 0.026022810488939285 -0.006249427329748869
v 0.0017907647415995598 0.026022810488939285 -0.006249427329748869
v 0.0017907647415995598 0.026022810488939285 -0.006249427329748869
v 0.0017501253169029951 0.027471790090203285 0.008150614798069
v 0.0017501253169029951 0.027471790090203285 0.008150614798069
v 0.0017501253169029951 0.027471790090203285 0.008150614798069
v 0.0017501253169029951 0.027471790090203285 0.008150614798069
v 0.0017501253169029951 0.027471790090203285 0.008150614798069
v 0.0017600728897377849 0.028161322697997093 0.004623759537935257
v 0.0017600728897377849 0.028161322697997093 0.004623759537935257
v 0.0017600728897377849 0.028161322697997093 0.004623759537935257
v 0.0017704186029732227 0.028400050476193428 0.0009507546201348305
v 0.0017704186029732227 0.028400050476193428 0.0009507546201348305
v 0.0017704186029732227 0.028400050476193428 0.0009507546201348305
v 0.0017704186029732227 0.028400050476193428 0.0009507546201348305
v 0.0017807355616241693 0.028161780908703804 -0.002722366014495492
v 0.0017807355616241693 0.028161780908703804 -0.002722366014495492
v 0.0017807355616241693 0.028161780908703804 -0.002722366014495492
v 0.0017906608991324902 0.027472665533423424 -0.006249296013265848
v 0.0017906608991324902 0.027472665533423424 -0.006249296013265848
v 0.0017906608991324902 0.027472665533423424 -0.006249296013265848
v 0.0017906608991324902 0.027472665533423424 -0.006249296013265848
v 0.001814535353332758 0.021688733249902725 -0.014710473828017712
v 0.001814535353332758 0.021688733249902725 -0.014710473828017712
v 0.001814535353332758 0.021688733249902725 -0.014710473828017712
v 0.0018151004333049059 0.02067428082227707 -0.014913913793861866
v 0.0018151004333049059 0.02067428082227707 -0.014913913793861866
v 0.0018151004333049059 0.02067428082227707 -0.014913913793861866
v 0.0018151004333049059 0.02067428082227707 -0.014913913793861866
v 0.0018151004333049059 0.02067428082227707 -0.014913913793861866
v 0.001812588656321168 0.022465800866484642 -0.014027358032763004
v 0.001812588656321168 0.022465800866484642 -0.014027358032763004
v 0.001812588656321168 0.022465800866484642 -0.014027358032763004
v 0.001812588656321168 0.022465800866484642 -0.014027358032763004
v 0.001802054001018405 0.024554233998060226 -0.01028012577444315
v 0.001802054001018405 0.024554233998060226 -0.01028012577444315
v 0.001802054001018405 0.024554233998060226 -0.01028012577444315
v 0.0017604863969609141 -0.02816161885857582 0.004620261490345001
v 0.0017604863969609141 -0.02816161885857582 0.004620261490345001
v 0.0017604863969609141 -0.02816161885857582 0.004620261490345001
v 0.0017505610594525933 -0.02747250348329544 0.008147191256284714
v 0.0017505610594525933 -0.02747250348329544 0.008147191256284714
v 0.0017505610594525933 -0.02747250348329544 0.008147191256284714
v 0.0017505610594525933 -0.02747250348329544 0.008147191256284714
v 0.0017910648602992296 -0.02602173015475273 -0.006252648774534464
v 0.0017910648602992296 -0.02602173015475273 -0.006252648774534464
v 0.0017910648602992296 -0.02602173015475273 -0.006252648774534464
v 0.0017910648602992296 -0.02602173015475273 -0.006252648774534464
v 0.0017910648602992296 -0.02602173015475273 -0.006252648774534464
v 0.0017910648602992296 -0.02602173015475273 -0.006252648774534464
v 0.0017909774323925376 -0.027471620589494705 -0.006252710707485676
v 0.0017909774323925376 -0.027471620589494705 -0.006252710707485676
v 0.0017909774323925376 -0.027471620589494705 -0.006252710707485676
v 0.0017909774323925376 -0.027471620589494705 -0.006252710707485676
v 0.0017909774323925376 -0.027471620589494705 -0.006252710707485676
v 0.0017811324214562774 -0.02816116437315941 -0.00272587058134377
v 0.0017811324214562774 -0.02816116437315941 -0.00272587058134377
v 0.0017811324214562774 -0.02816116437315941 -0.00272587058134377
v 0.0017707867082208395 -0.028399892151355743 0.0009471344528719783
v 0.0017707867082208395 -0.028399892151355743 0.0009471344528719783
v 0.0017707867082208395 -0.028399892151355743 0.0009471344528719783
v 0.0017707867082208395 -0.028399892151355743 0.0009471344528719783
v 0.0018153125420212746 -0.02067216858267784 -0.014916525222361088
v 0.0018153125420212746 -0.02067216858267784 -0.014916525222361088
v 0.0018153125420212746 -0.02067216858267784 -0.014916525222361088
v 0.0018147993832826614 -0.021686630323529243 -0.014713251031935215
v 0.0018147993832826614 -0.021686630323529243 -0.014713251031935215
v 0.0018147993832826614 -0.021686630323529243 -0.014713251031935215
v 0.0018147993832826614 -0.021686630323529243 -0.014713251031935215
v 0.0018147993832826614 -0.021686630323529243 -0.014713251031935215
v 0.0018023423617705703 -0.024552667513489723 -0.010283157229423523
v 0.0018023423617705703 -0.024552667513489723 -0.010283157229423523
v 0.0018023423617705703 -0.024552667513489723 -0.010283157229423523
v 0.0018023423617705703 -0.024552667513489723 -0.010283157229423523
v 0.0018023423617705703 -0.024552667513489723 -0.010283157229423523
v 0.001812869100831449 -0.022463738918304443 -0.014030206017196178
v 0.001812869100831449 -0.022463738918304443 -0.014030206017196178
v 0.001812869100831449 -0.022463738918304443 -0.014030206017196178
v 0.00029104494024068117 -0.026799127459526062 -0.006256937049329281
v 0.00029104494024068117 -0.026799127459526062 -0.006256937049329281
v 0.00029104494024068117 -0.026799127459526062 -0.006256937049329281
v 0.00029104494024068117 -0.026799127459526062 -0.006256937049329281
v 0.00029104494024068117 -0.026799127459526062 -0.006256937049329281
v 0.00029104494024068117 -0.026799127459526062 -0.006256937049329281
v -0.0037089772522449493 -0.026799151673913002 -0.006268192548304796
v -0.0037089772522449493 -0.026799151673913002 -0.006268192548304796
v -0.0037089772522449493 -0.026799151673913002 -0.006268192548304796
v 0.0002909860631916672 -0.026021741330623627 -0.006256870925426483
v 0.0002909860631916672 -0.026021741330623627 -0.006256870925426483
v 0.0002909860631916672 -0.026021741330623627 -0.006256870925426483
v 0.0002909860631916672 -0.026021741330623627 -0.006256870925426483
v 0.0002909860631916672 -0.026021741330623627 -0.006256870925426483
v 0.0002909860631916672 -0.026021741330623627 -0.006256870925426483
v 0.0002909860631916672 -0.026021741330623627 -0.006256870925426483
v 0.0002909860631916672 -0.026021741330623627 -0.006256870925426483
v -0.0036836632061749697 -0.016980154439806938 -0.01528008934110403
v -0.0036836632061749697 -0.016980154439806938 -0.01528008934110403
v -0.0036836632061749697 -0.016980154439806938 -0.01528008934110403
v -0.0036836632061749697 -0.016980154439806938 -0.01528008934110403
v -0.0036815605126321316 -0.016211457550525665 -0.016048675402998924
v -0.0036815605126321316 -0.016211457550525665 -0.016048675402998924
v -0.0036815605126321316 -0.016211457550525665 -0.016048675402998924
v -0.0036815605126321316 -0.016211457550525665 -0.016048675402998924
v -0.0036815605126321316 -0.016211457550525665 -0.016048675402998924
v -0.0036815605126321316 -0.016211457550525665 -0.016048675402998924
v -0.003678553970530629 -0.015930065885186195 -0.017098678275942802
v -0.003678553970530629 -0.015930065885186195 -0.017098678275942802
v -0.003678553970530629 -0.015930065885186195 -0.017098678275942802
v -0.003678553970530629 -0.015930065885186195 -0.017098678275942802
v -0.003678553970530629 -0.015930065885186195 -0.017098678275942802
v -0.003675643587484956 -0.016211343929171562 -0.01814867928624153
v -0.003675643587484956 -0.016211343929171562 -0.01814867928624153
v -0.003675643587484956 -0.016211343929171562 -0.01814867928624153
v -0.003675643587484956 -0.016211343929171562 -0.01814867928624153
v -0.003673423547297716 -0.016979925334453583 -0.018917353823781013
v -0.003673423547297716 -0.016979925334453583 -0.018917353823781013
v -0.003673423547297716 -0.016979925334453583 -0.018917353823781013
v -0.003673423547297716 -0.016979925334453583 -0.018917353823781013
v -0.003673423547297716 -0.016979925334453583 -0.018917353823781013
v -0.003673423547297716 -0.016979925334453583 -0.018917353823781013
v -0.003672615857794881 -0.018029876053333282 -0.019198788329958916
v -0.003672615857794881 -0.018029876053333282 -0.019198788329958916
v -0.003672615857794881 -0.018029876053333282 -0.019198788329958916
v -0.0036734144669026136 -0.019079886376857758 -0.018917515873908997
v -0.0036734144669026136 -0.019079886376857758 -0.018917515873908997
v -0.0036734144669026136 -0.019079886376857758 -0.018917515873908997
v -0.0036734144669026136 -0.019079886376857758 -0.018917515873908997
v -0.003675630781799555 -0.019848652184009552 -0.01814892143011093
v -0.003675630781799555 -0.019848652184009552 -0.01814892143011093
v -0.003675630781799555 -0.019848652184009552 -0.01814892143011093
v -0.003675630781799555 -0.019848652184009552 -0.01814892143011093
v -0.003678536042571068 -0.02013004757463932 -0.01709895208477974
v -0.003678536042571068 -0.02013004757463932 -0.01709895208477974
v -0.003678536042571068 -0.02013004757463932 -0.01709895208477974
v -0.0036815328057855368 -0.01984875276684761 -0.016048932448029518
v -0.0036815328057855368 -0.01984875276684761 -0.016048932448029518
v -0.0036815328057855368 -0.01984875276684761 -0.016048932448029518
v -0.0036815328057855368 -0.01984875276684761 -0.016048932448029518
v -0.0036815328057855368 -0.01984875276684761 -0.016048932448029518
v -0.0036836527287960052 -0.019080132246017456 -0.015280227176845074
v -0.0036836527287960052 -0.019080132246017456 -0.015280227176845074
v -0.0036836527287960052 -0.019080132246017456 -0.015280227176845074
v -0.0036836527287960052 -0.019080132246017456 -0.015280227176845074
v -0.0036836527287960052 -0.019080132246017456 -0.015280227176845074
v -0.0036844632122665644 -0.01803016848862171 -0.01499882247298956
v -0.0036844632122665644 -0.01803016848862171 -0.01499882247298956
v -0.0036844632122665644 -0.01803016848862171 -0.01499882247298956
v -0.0036844632122665644 -0.01803016848862171 -0.01499882247298956
v -0.0036844632122665644 -0.01803016848862171 -0.01499882247298956
v -0.0036844632122665644 -0.01803016848862171 -0.01499882247298956
v -0.0036844632122665644 -0.01803016848862171 -0.01499882247298956
v -0.0036839463282376528 0.019082259386777878 -0.015277810394763947
v -0.0036839463282376528 0.019082259386777878 -0.015277810394763947
v -0.0036839463282376528 0.019082259386777878 -0.015277810394763947
v -0.0036839463282376528 0.019082259386777878 -0.015277810394763947
v -0.0036817432846874 0.019850943237543106 -0.016046425327658653
v -0.0036817432846874 0.019850943237543106 -0.016046425327658653
v -0.0036817432846874 0.019850943237543106 -0.016046425327658653
v -0.0036817432846874 0.019850943237543106 -0.016046425327658653
v -0.0036817432846874 0.019850943237543106 -0.016046425327658653
v -0.0036817432846874 0.019850943237543106 -0.016046425327658653
v -0.00367872416973114 0.020132407546043396 -0.01709640398621559
v -0.00367872416973114 0.020132407546043396 -0.01709640398621559
v -0.00367872416973114 0.020132407546043396 -0.01709640398621559
v -0.003675824264064431 0.019851095974445343 -0.018146447837352753
v -0.003675824264064431 0.019851095974445343 -0.018146447837352753
v -0.003675824264064431 0.019851095974445343 -0.018146447837352753
v -0.003675824264064431 0.019851095974445343 -0.018146447837352753
v -0.0036735907196998596 0.01908249966800213 -0.018915122374892235
v -0.0036735907196998596 0.01908249966800213 -0.018915122374892235
v -0.0036735907196998596 0.01908249966800213 -0.018915122374892235
v -0.0036735907196998596 0.01908249966800213 -0.018915122374892235
v -0.003672899678349495 0.018032534047961235 -0.019196510314941406
v -0.003672899678349495 0.018032534047961235 -0.019196510314941406
v -0.003672899678349495 0.018032534047961235 -0.019196510314941406
v -0.0036735832691192627 0.016982465982437134 -0.01891523227095604
v -0.0036735832691192627 0.016982465982437134 -0.01891523227095604
v -0.0036735832691192627 0.016982465982437134 -0.01891523227095604
v -0.0036735832691192627 0.016982465982437134 -0.01891523227095604
v -0.0036735832691192627 0.016982465982437134 -0.01891523227095604
v -0.0036757856141775846 0.016213783994317055 -0.018146613612771034
v -0.0036757856141775846 0.016213783994317055 -0.018146613612771034
v -0.0036757856141775846 0.016213783994317055 -0.018146613612771034
v -0.0036757856141775846 0.016213783994317055 -0.018146613612771034
v -0.0036757856141775846 0.016213783994317055 -0.018146613612771034
v -0.00367879425175488 0.015932399779558182 -0.017096631228923798
v -0.00367879425175488 0.015932399779558182 -0.017096631228923798
v -0.00367879425175488 0.015932399779558182 -0.017096631228923798
v -0.00367879425175488 0.015932399779558182 -0.017096631228923798
v -0.00367879425175488 0.015932399779558182 -0.017096631228923798
v -0.00367879425175488 0.015932399779558182 -0.017096631228923798
v -0.00367879425175488 0.015932399779558182 -0.017096631228923798
v -0.003681716276332736 0.01621364615857601 -0.016046686097979546
v -0.003681716276332736 0.01621364615857601 -0.016046686097979546
v -0.003681716276332736 0.01621364615857601 -0.016046686097979546
v -0.003681716276332736 0.01621364615857601 -0.016046686097979546
v -0.0036838361993432045 0.01698225922882557 -0.015277974307537079
v -0.0036838361993432045 0.01698225922882557 -0.015277974307537079
v -0.0036838361993432045 0.01698225922882557 -0.015277974307537079
v -0.0036838361993432045 0.01698225922882557 -0.015277974307537079
v -0.0036838361993432045 0.01698225922882557 -0.015277974307537079
v -0.0036846445873379707 0.018032239750027657 -0.014996567741036415
v -0.0036846445873379707 0.018032239750027657 -0.014996567741036415
v -0.0036846445873379707 0.018032239750027657 -0.014996567741036415
v -0.0036846445873379707 0.018032239750027657 -0.014996567741036415
v -0.0036846445873379707 0.018032239750027657 -0.014996567741036415
v -0.0036846445873379707 0.018032239750027657 -0.014996567741036415
v -0.003687146119773388 -0.022463742643594742 -0.014045643620193005
v -0.003687146119773388 -0.022463742643594742 -0.014045643620193005
v -0.003687146119773388 -0.022463742643594742 -0.014045643620193005
v -0.003687146119773388 -0.022463742643594742 -0.014045643620193005
v -0.0036976851988583803 -0.024552712216973305 -0.010298646055161953
v -0.0036976851988583803 -0.024552712216973305 -0.010298646055161953
v -0.0036976851988583803 -0.024552712216973305 -0.010298646055161953
v -0.0036846110597252846 -0.02067222073674202 -0.014932023361325264
v -0.0036846110597252846 -0.02067222073674202 -0.014932023361325264
v -0.0036846110597252846 -0.02067222073674202 -0.014932023361325264
v -0.0036846110597252846 -0.02067222073674202 -0.014932023361325264
v -0.0036846110597252846 -0.02067222073674202 -0.014932023361325264
v -0.0036852171178907156 -0.02168663963675499 -0.014728694222867489
v -0.0036852171178907156 -0.02168663963675499 -0.014728694222867489
v -0.0036852171178907156 -0.02168663963675499 -0.014728694222867489
v -0.0036852171178907156 -0.02168663963675499 -0.014728694222867489
v -0.0036852171178907156 -0.02168663963675499 -0.014728694222867489
v -0.0036852171178907156 -0.02168663963675499 -0.014728694222867489
v -0.0036711501888930798 -0.015862924978137016 -0.019740695133805275
v -0.0036711501888930798 -0.015862924978137016 -0.019740695133805275
v -0.0036711501888930798 -0.015862924978137016 -0.019740695133805275
v -0.0036711501888930798 -0.015862924978137016 -0.019740695133805275
v -0.0036682761274278164 -0.015659507364034653 -0.020755115896463394
v -0.0036682761274278164 -0.015659507364034653 -0.020755115896463394
v -0.0036682761274278164 -0.015659507364034653 -0.020755115896463394
v -0.0036682761274278164 -0.015659507364034653 -0.020755115896463394
v -0.0036682761274278164 -0.015659507364034653 -0.020755115896463394
v -0.0036682761274278164 -0.015659507364034653 -0.020755115896463394
v -0.003666138742119074 -0.014976335689425468 -0.021532148122787476
v -0.003666138742119074 -0.014976335689425468 -0.021532148122787476
v -0.003666138742119074 -0.014976335689425468 -0.021532148122787476
v -0.003666138742119074 -0.014976335689425468 -0.021532148122787476
v -0.003659987822175026 -0.011008720844984055 -0.02372015081346035
v -0.003659987822175026 -0.011008720844984055 -0.02372015081346035
v -0.003659987822175026 -0.011008720844984055 -0.02372015081346035
v -0.003659987822175026 -0.011008720844984055 -0.02372015081346035
v -0.0036558290012180805 -0.006731004919856787 -0.02521391399204731
v -0.0036558290012180805 -0.006731004919856787 -0.02521391399204731
v -0.0036558290012180805 -0.006731004919856787 -0.02521391399204731
v -0.0036558290012180805 -0.006731004919856787 -0.02521391399204731
v -0.0036537088453769684 -0.0022637902293354273 -0.025971360504627228
v -0.0036537088453769684 -0.0022637902293354273 -0.025971360504627228
v -0.0036537088453769684 -0.0022637902293354273 -0.025971360504627228
v -0.0036537088453769684 -0.0022637902293354273 -0.025971360504627228
v -0.003653677413240075 0.0022672053892165422 -0.02597106620669365
v -0.003653677413240075 0.0022672053892165422 -0.02597106620669365
v -0.003653677413240075 0.0022672053892165422 -0.02597106620669365
v -0.003653677413240075 0.0022672053892165422 -0.02597106620669365
v -0.0036559011787176132 0.006734325084835291 -0.025213075801730156
v -0.0036559011787176132 0.006734325084835291 -0.025213075801730156
v -0.0036559011787176132 0.006734325084835291 -0.025213075801730156
v -0.0036559011787176132 0.006734325084835291 -0.025213075801730156
v -0.0036601542960852385 0.011011812835931778 -0.023718813434243202
v -0.0036601542960852385 0.011011812835931778 -0.023718813434243202
v -0.0036601542960852385 0.011011812835931778 -0.023718813434243202
v -0.0036601542960852385 0.011011812835931778 -0.023718813434243202
v -0.00366621813736856 0.014979193918406963 -0.0215302724391222
v -0.00366621813736856 0.014979193918406963 -0.0215302724391222
v -0.00366621813736856 0.014979193918406963 -0.0215302724391222
v -0.003671331563964486 0.015865586698055267 -0.019738685339689255
v -0.003671331563964486 0.015865586698055267 -0.019738685339689255
v -0.003671331563964486 0.015865586698055267 -0.019738685339689255
v -0.003671331563964486 0.015865586698055267 -0.019738685339689255
v -0.003671331563964486 0.015865586698055267 -0.019738685339689255
v -0.003668534103780985 0.015662234276533127 -0.0207531675696373
v -0.003668534103780985 0.015662234276533127 -0.0207531675696373
v -0.003668534103780985 0.015662234276533127 -0.0207531675696373
v -0.003668534103780985 0.015662234276533127 -0.0207531675696373
v -0.003668534103780985 0.015662234276533127 -0.0207531675696373
v -0.003668534103780985 0.015662234276533127 -0.0207531675696373
v -0.0036849016323685646 0.020674271509051323 -0.014929358847439289
v -0.0036849016323685646 0.020674271509051323 -0.014929358847439289
v -0.0036849016323685646 0.020674271509051323 -0.014929358847439289
v -0.0036849016323685646 0.020674271509051323 -0.014929358847439289
v -0.0036854755599051714 0.021688692271709442 -0.01472595613449812
v -0.0036854755599051714 0.021688692271709442 -0.01472595613449812
v -0.0036854755599051714 0.021688692271709442 -0.01472595613449812
v -0.0036854755599051714 0.021688692271709442 -0.01472595613449812
v -0.0036854755599051714 0.021688692271709442 -0.01472595613449812
v -0.0036854755599051714 0.021688692271709442 -0.01472595613449812
v -0.0036874222569167614 0.022465761750936508 -0.014042840339243412
v -0.0036874222569167614 0.022465761750936508 -0.014042840339243412
v -0.0036874222569167614 0.022465761750936508 -0.014042840339243412
v -0.0036874222569167614 0.022465761750936508 -0.014042840339243412
v -0.0036979715805500746 0.024554194882512093 -0.010295605286955833
v -0.0036979715805500746 0.024554194882512093 -0.010295605286955833
v -0.0036979715805500746 0.024554194882512093 -0.010295605286955833
v -0.0036979715805500746 0.024554194882512093 -0.010295605286955833
v 0.0002906837034970522 0.026022842153906822 -0.0062535968609154224
v 0.0002906837034970522 0.026022842153906822 -0.0062535968609154224
v 0.0002906837034970522 0.026022842153906822 -0.0062535968609154224
v 0.0002906837034970522 0.026022842153906822 -0.0062535968609154224
v 0.0002906837034970522 0.026022842153906822 -0.0062535968609154224
v 0.0002906837034970522 0.026022842153906822 -0.0062535968609154224
v 0.00029070302844047546 0.02680017612874508 -0.006253576837480068
v 0.00029070302844047546 0.02680017612874508 -0.006253576837480068
v 0.00029070302844047546 0.02680017612874508 -0.006253576837480068
v 0.00029070302844047546 0.02680017612874508 -0.006253576837480068
v 0.00029070302844047546 0.02680017612874508 -0.006253576837480068
v 0.00029070302844047546 0.02680017612874508 -0.006253576837480068
v -0.0037092159036546946 0.026800140738487244 -0.006264844443649054
v -0.0037092159036546946 0.026800140738487244 -0.006264844443649054
v -0.0037092159036546946 0.026800140738487244 -0.006264844443649054
v -0.0037092159036546946 0.026800140738487244 -0.006264844443649054
v -0.0012627888936549425 -0.01495596393942833 0.012854217551648617
v -0.0012627888936549425 -0.01495596393942833 0.012854217551648617
v -0.0012627888936549425 -0.01495596393942833 0.012854217551648617
v -0.0012627888936549425 -0.01495596393942833 0.012854217551648617
v -0.0012704730033874512 -0.01768987625837326 0.01558779552578926
v -0.0012704730033874512 -0.01768987625837326 0.01558779552578926
v -0.0012704730033874512 -0.01768987625837326 0.01558779552578926
v -0.0012704730033874512 -0.01768987625837326 0.01558779552578926
v -0.0012704730033874512 -0.01768987625837326 0.01558779552578926
v -0.001271283021196723 -0.0180230550467968 0.015858858823776245
v -0.001271283021196723 -0.0180230550467968 0.015858858823776245
v -0.001271283021196723 -0.0180230550467968 0.015858858823776245
v -0.001271202927455306 -0.017711013555526733 0.015840312466025352
v -0.001271202927455306 -0.017711013555526733 0.015840312466025352
v -0.001271202927455306 -0.017711013555526733 0.015840312466025352
v -0.0037711483892053366 -0.017711035907268524 0.01583326980471611
v -0.0037711483892053366 -0.017711035907268524 0.01583326980471611
v -0.0037711483892053366 -0.017711035907268524 0.01583326980471611
v -0.0037716086953878403 -0.016965823248028755 0.01599244959652424
v -0.0037716086953878403 -0.016965823248028755 0.01599244959652424
v -0.0037716086953878403 -0.016965823248028755 0.01599244959652424
v -0.0037716086953878403 -0.016965823248028755 0.01599244959652424
v -0.0012716632336378098 -0.016965800896286964 0.01599949039518833
v -0.0012716632336378098 -0.016965800896286964 0.01599949039518833
v -0.0012716632336378098 -0.016965800896286964 0.01599949039518833
v -0.0012716632336378098 -0.016965800896286964 0.01599949039518833
v -0.0012716632336378098 -0.016965800896286964 0.01599949039518833
v -0.003777074860408902 -0.015061089769005775 0.017897464334964752
v -0.003777074860408902 -0.015061089769005775 0.017897464334964752
v -0.003777074860408902 -0.015061089769005775 0.017897464334964752
v -0.003777074860408902 -0.015061089769005775 0.017897464334964752
v -0.001277027651667595 -0.015061082318425179 0.017904488369822502
v -0.001277027651667595 -0.015061082318425179 0.017904488369822502
v -0.001277027651667595 -0.015061082318425179 0.017904488369822502
v -0.001277027651667595 -0.015061082318425179 0.017904488369822502
v -0.003779082093387842 -0.014901962131261826 0.01864265464246273
v -0.003779082093387842 -0.014901962131261826 0.01864265464246273
v -0.003779082093387842 -0.014901962131261826 0.01864265464246273
v -0.0012791367480531335 -0.014901939779520035 0.018649697303771973
v -0.0012791367480531335 -0.014901939779520035 0.018649697303771973
v -0.0012791367480531335 -0.014901939779520035 0.018649697303771973
v -0.0012799560790881515 -0.014920571818947792 0.018961738795042038
v -0.0012799560790881515 -0.014920571818947792 0.018961738795042038
v -0.0012799560790881515 -0.014920571818947792 0.018961738795042038
v -0.0012790272012352943 -0.014649474993348122 0.018628548830747604
v -0.0012790272012352943 -0.014649474993348122 0.018628548830747604
v -0.0012790272012352943 -0.014649474993348122 0.018628548830747604
v -0.0012790272012352943 -0.014649474993348122 0.018628548830747604
v -0.0012790272012352943 -0.014649474993348122 0.018628548830747604
v -0.0012790272012352943 -0.014649474993348122 0.018628548830747604
v -0.0012790272012352943 -0.014649474993348122 0.018628548830747604
v -0.001271429704502225 -0.01191560085862875 0.01589503325521946
v -0.001271429704502225 -0.01191560085862875 0.01589503325521946
v -0.001271429704502225 -0.01191560085862875 0.01589503325521946
v -0.001271429704502225 -0.01191560085862875 0.01589503325521946
v -0.0012695890618488193 -0.011503659188747406 0.015278613194823265
v -0.0012695890618488193 -0.011503659188747406 0.015278613194823265
v -0.0012695890618488193 -0.011503659188747406 0.015278613194823265
v -0.0012695890618488193 -0.011503659188747406 0.015278613194823265
v -0.0012675825273618102 -0.011359022930264473 0.014551542699337006
v -0.0012675825273618102 -0.011359022930264473 0.014551542699337006
v -0.0012675825273618102 -0.011359022930264473 0.014551542699337006
v -0.0012655850732699037 -0.011503566056489944 0.01382443681359291
v -0.0012655850732699037 -0.011503566056489944 0.01382443681359291
v -0.0012655850732699037 -0.011503566056489944 0.01382443681359291
v -0.0012655850732699037 -0.011503566056489944 0.01382443681359291
v -0.0012638820335268974 -0.011915444396436214 0.013208005577325821
v -0.0012638820335268974 -0.011915444396436214 0.013208005577325821
v -0.0012638820335268974 -0.011915444396436214 0.013208005577325821
v -0.0012638820335268974 -0.011915444396436214 0.013208005577325821
v -0.0012628891272470355 -0.012268914841115475 0.012854463420808315
v -0.0012628891272470355 -0.012268914841115475 0.012854463420808315
v -0.0012628891272470355 -0.012268914841115475 0.012854463420808315
v -0.0012628891272470355 -0.012268914841115475 0.012854463420808315
v -0.0012617377797141671 -0.012885353527963161 0.012442518956959248
v -0.0012617377797141671 -0.012885353527963161 0.012442518956959248
v -0.0012617377797141671 -0.012885353527963161 0.012442518956959248
v -0.0012612647842615843 -0.01361243985593319 0.012297873385250568
v -0.0012612647842615843 -0.01361243985593319 0.012297873385250568
v -0.0012612647842615843 -0.01361243985593319 0.012297873385250568
v -0.0012612647842615843 -0.01361243985593319 0.012297873385250568
v -0.001261638244614005 -0.014339522458612919 0.01244240254163742
v -0.001261638244614005 -0.014339522458612919 0.01244240254163742
v -0.001261638244614005 -0.014339522458612919 0.01244240254163742
v -0.001261638244614005 -0.014339522458612919 0.01244240254163742
v -0.0012715195771306753 0.011913876049220562 0.01589648798108101
v -0.0012715195771306753 0.011913876049220562 0.01589648798108101
v -0.0012715195771306753 0.011913876049220562 0.01589648798108101
v -0.0012715195771306753 0.011913876049220562 0.01589648798108101
v -0.0012792126508429646 0.014647458679974079 0.01863039657473564
v -0.0012792126508429646 0.014647458679974079 0.01863039657473564
v -0.0012792126508429646 0.014647458679974079 0.01863039657473564
v -0.0012792126508429646 0.014647458679974079 0.01863039657473564
v -0.0012792126508429646 0.014647458679974079 0.01863039657473564
v -0.003771825460717082 0.01696411520242691 0.015994587913155556
v -0.003771825460717082 0.01696411520242691 0.015994587913155556
v -0.003771825460717082 0.01696411520242691 0.015994587913155556
v -0.003771825460717082 0.01696411520242691 0.015994587913155556
v -0.0012717921053990722 0.016964126378297806 0.016001617535948753
v -0.0012717921053990722 0.016964126378297806 0.016001617535948753
v -0.0012717921053990722 0.016964126378297806 0.016001617535948753
v -0.0012717921053990722 0.016964126378297806 0.016001617535948753
v -0.0037713805213570595 0.01770925708115101 0.015835508704185486
v -0.0037713805213570595 0.01770925708115101 0.015835508704185486
v -0.0037713805213570595 0.01770925708115101 0.015835508704185486
v -0.0012714371550828218 0.017709271982312202 0.015842542052268982
v -0.0012714371550828218 0.017709271982312202 0.015842542052268982
v -0.0012714371550828218 0.017709271982312202 0.015842542052268982
v -0.0012714985059574246 0.01802137680351734 0.015861131250858307
v -0.0012714985059574246 0.01802137680351734 0.015861131250858307
v -0.0012714985059574246 0.01802137680351734 0.015861131250858307
v -0.0012707174755632877 0.017688199877738953 0.01559003721922636
v -0.0012707174755632877 0.017688199877738953 0.01559003721922636
v -0.0012707174755632877 0.017688199877738953 0.01559003721922636
v -0.0012707174755632877 0.017688199877738953 0.01559003721922636
v -0.0012707174755632877 0.017688199877738953 0.01559003721922636
v -0.0012707174755632877 0.017688199877738953 0.01559003721922636
v -0.0012707174755632877 0.017688199877738953 0.01559003721922636
v -0.0012707174755632877 0.017688199877738953 0.01559003721922636
v -0.0012629994889721274 0.014954634942114353 0.01285618171095848
v -0.0012629994889721274 0.014954634942114353 0.01285618171095848
v -0.0012629994889721274 0.014954634942114353 0.01285618171095848
v -0.0012629994889721274 0.014954634942114353 0.01285618171095848
v -0.0012618358014151454 0.014338238164782524 0.012444288469851017
v -0.0012618358014151454 0.014338238164782524 0.012444288469851017
v -0.0012618358014151454 0.014338238164782524 0.012444288469851017
v -0.0012618358014151454 0.014338238164782524 0.012444288469851017
v -0.0012613877188414335 0.01361111830919981 0.012299601919949055
v -0.0012613877188414335 0.01361111830919981 0.012299601919949055
v -0.0012613877188414335 0.01361111830919981 0.012299601919949055
v -0.0012617465108633041 0.012884032912552357 0.012444129213690758
v -0.0012617465108633041 0.012884032912552357 0.012444129213690758
v -0.0012617465108633041 0.012884032912552357 0.012444129213690758
v -0.0012617465108633041 0.012884032912552357 0.012444129213690758
v -0.0012629886623471975 0.012267641723155975 0.01285600382834673
v -0.0012629886623471975 0.012267641723155975 0.01285600382834673
v -0.0012629886623471975 0.012267641723155975 0.01285600382834673
v -0.0012629886623471975 0.012267641723155975 0.01285600382834673
v -0.001263946294784546 0.011914022266864777 0.013209542259573936
v -0.001263946294784546 0.011914022266864777 0.013209542259573936
v -0.001263946294784546 0.011914022266864777 0.013209542259573936
v -0.001263946294784546 0.011914022266864777 0.013209542259573936
v -0.001263946294784546 0.011914022266864777 0.013209542259573936
v -0.0012698047794401646 0.011502068489789963 0.015280080959200859
v -0.0012698047794401646 0.011502068489789963 0.015280080959200859
v -0.0012698047794401646 0.011502068489789963 0.015280080959200859
v -0.0012698047794401646 0.011502068489789963 0.015280080959200859
v -0.0012677927734330297 0.011357499286532402 0.014552991837263107
v -0.0012677927734330297 0.011357499286532402 0.014552991837263107
v -0.0012677927734330297 0.011357499286532402 0.014552991837263107
v -0.0012677927734330297 0.011357499286532402 0.014552991837263107
v -0.0012656982289627194 0.011502156965434551 0.013825883157551289
v -0.0012656982289627194 0.011502156965434551 0.013825883157551289
v -0.0012656982289627194 0.011502156965434551 0.013825883157551289
v -0.0011797131737694144 0.014649607241153717 -0.016747526824474335
v -0.0011797131737694144 0.014649607241153717 -0.016747526824474335
v -0.0011797131737694144 0.014649607241153717 -0.016747526824474335
v -0.0011797131737694144 0.014649607241153717 -0.016747526824474335
v -0.0011839841026812792 0.013123610056936741 -0.015221737325191498
v -0.0011839841026812792 0.013123610056936741 -0.015221737325191498
v -0.0011839841026812792 0.013123610056936741 -0.015221737325191498
v -0.0011839841026812792 0.013123610056936741 -0.015221737325191498
v -0.0011839841026812792 0.013123610056936741 -0.015221737325191498
v -0.0011839841026812792 0.013123610056936741 -0.015221737325191498
v -0.0011839841026812792 0.013123610056936741 -0.015221737325191498
v -0.0011835001641884446 0.010001047514379025 -0.015392312780022621
v -0.0011835001641884446 0.010001047514379025 -0.015392312780022621
v -0.0011835001641884446 0.010001047514379025 -0.015392312780022621
v -0.0011835001641884446 0.010001047514379025 -0.015392312780022621
v -0.0011835001641884446 0.010001047514379025 -0.015392312780022621
v -0.0011835001641884446 0.010001047514379025 -0.015392312780022621
v -0.0011835001641884446 0.010001047514379025 -0.015392312780022621
v -0.0011848638532683253 0.010537763126194477 -0.014918533153831959
v -0.0011848638532683253 0.010537763126194477 -0.014918533153831959
v -0.0011848638532683253 0.010537763126194477 -0.014918533153831959
v -0.0011848638532683253 0.010537763126194477 -0.014918533153831959
v -0.0011854147305712104 0.01233831699937582 -0.01472667045891285
v -0.0011854147305712104 0.01233831699937582 -0.01472667045891285
v -0.0011854147305712104 0.01233831699937582 -0.01472667045891285
v -0.0011854147305712104 0.01233831699937582 -0.01472667045891285
v -0.0011857220670208335 0.011416299268603325 -0.014618556946516037
v -0.0011857220670208335 0.011416299268603325 -0.014618556946516037
v -0.0011857220670208335 0.011416299268603325 -0.014618556946516037
v -0.0012055139522999525 0.01000057440251112 -0.007558820769190788
v -0.0012055139522999525 0.01000057440251112 -0.007558820769190788
v -0.0012055139522999525 0.01000057440251112 -0.007558820769190788
v -0.0012055139522999525 0.01000057440251112 -0.007558820769190788
v -0.0012103539193049073 0.00900041963905096 -0.005826838314533234
v -0.0012103539193049073 0.00900041963905096 -0.005826838314533234
v -0.0012103539193049073 0.00900041963905096 -0.005826838314533234
v -0.0012103539193049073 0.00900041963905096 -0.005826838314533234
v -0.0012083059409633279 0.009732554666697979 -0.0065588210709393024
v -0.0012083059409633279 0.009732554666697979 -0.0065588210709393024
v -0.0012083059409633279 0.009732554666697979 -0.0065588210709393024
v -0.0012083059409633279 0.009732554666697979 -0.0065588210709393024
v -0.00118707783985883 0.01696593128144741 -0.01411847211420536
v -0.00118707783985883 0.01696593128144741 -0.01411847211420536
v -0.00118707783985883 0.01696593128144741 -0.01411847211420536
v -0.00118707783985883 0.01696593128144741 -0.01411847211420536
v -0.00118707783985883 0.01696593128144741 -0.01411847211420536
v -0.003687110962346196 0.016965920105576515 -0.014125500805675983
v -0.003687110962346196 0.016965920105576515 -0.014125500805675983
v -0.003687110962346196 0.016965920105576515 -0.014125500805675983
v -0.003687110962346196 0.016965920105576515 -0.014125500805675983
v -0.0011875234777107835 0.01771114207804203 -0.013959294185042381
v -0.0011875234777107835 0.01771114207804203 -0.013959294185042381
v -0.0011875234777107835 0.01771114207804203 -0.013959294185042381
v -0.0011875234777107835 0.01771114207804203 -0.013959294185042381
v -0.0036875694058835506 0.01771114021539688 -0.013966312631964684
v -0.0036875694058835506 0.01771114021539688 -0.013966312631964684
v -0.0036875694058835506 0.01771114021539688 -0.013966312631964684
v -0.0011838232167065144 -0.013121507130563259 -0.015223374590277672
v -0.0011838232167065144 -0.013121507130563259 -0.015223374590277672
v -0.0011838232167065144 -0.013121507130563259 -0.015223374590277672
v -0.0011838232167065144 -0.013121507130563259 -0.015223374590277672
v -0.0011838232167065144 -0.013121507130563259 -0.015223374590277672
v -0.001179513055831194 -0.014647327363491058 -0.01674937643110752
v -0.001179513055831194 -0.014647327363491058 -0.01674937643110752
v -0.001179513055831194 -0.014647327363491058 -0.01674937643110752
v -0.0011785521637648344 -0.014918383210897446 -0.017082590609788895
v -0.0011785521637648344 -0.014918383210897446 -0.017082590609788895
v -0.0011785521637648344 -0.014918383210897446 -0.017082590609788895
v -0.0011794290039688349 -0.01489979773759842 -0.01677052117884159
v -0.0011794290039688349 -0.01489979773759842 -0.01677052117884159
v -0.0011794290039688349 -0.01489979773759842 -0.01677052117884159
v -0.0011794290039688349 -0.01489979773759842 -0.01677052117884159
v -0.003679477609694004 -0.014899808913469315 -0.01677755080163479
v -0.003679477609694004 -0.014899808913469315 -0.01677755080163479
v -0.003679477609694004 -0.014899808913469315 -0.01677755080163479
v -0.003679477609694004 -0.014899808913469315 -0.01677755080163479
v -0.0036815288476645947 -0.015058998018503189 -0.016032375395298004
v -0.0036815288476645947 -0.015058998018503189 -0.016032375395298004
v -0.0036815288476645947 -0.015058998018503189 -0.016032375395298004
v -0.0011815826874226332 -0.015058973804116249 -0.016025330871343613
v -0.0011815826874226332 -0.015058973804116249 -0.016025330871343613
v -0.0011815826874226332 -0.015058973804116249 -0.016025330871343613
v -0.0011815826874226332 -0.015058973804116249 -0.016025330871343613
v -0.0011815826874226332 -0.015058973804116249 -0.016025330871343613
v -0.003686877666041255 -0.016964012756943703 -0.014127633534371853
v -0.003686877666041255 -0.016964012756943703 -0.014127633534371853
v -0.003686877666041255 -0.016964012756943703 -0.014127633534371853
v -0.003686877666041255 -0.016964012756943703 -0.014127633534371853
v -0.0011869488516822457 -0.01696399599313736 -0.014120598323643208
v -0.0011869488516822457 -0.01696399599313736 -0.014120598323643208
v -0.0011869488516822457 -0.01696399599313736 -0.014120598323643208
v -0.0011869488516822457 -0.01696399599313736 -0.014120598323643208
v -0.003687337040901184 -0.01770915277302265 -0.01396855153143406
v -0.003687337040901184 -0.01770915277302265 -0.01396855153143406
v -0.003687337040901184 -0.01770915277302265 -0.01396855153143406
v -0.0011873911134898663 -0.01770912855863571 -0.013961507938802242
v -0.0011873911134898663 -0.01770912855863571 -0.013961507938802242
v -0.0011873911134898663 -0.01770912855863571 -0.013961507938802242
v -0.001187242567539215 -0.018021246418356895 -0.013980112038552761
v -0.001187242567539215 -0.018021246418356895 -0.013980112038552761
v -0.001187242567539215 -0.018021246418356895 -0.013980112038552761
v -0.001188024296425283 -0.017688071355223656 -0.013709020800888538
v -0.001188024296425283 -0.017688071355223656 -0.013709020800888538
v -0.001188024296425283 -0.017688071355223656 -0.013709020800888538
v -0.001188024296425283 -0.017688071355223656 -0.013709020800888538
v -0.001188024296425283 -0.017688071355223656 -0.013709020800888538
v -0.001188024296425283 -0.017688071355223656 -0.013709020800888538
v -0.001188024296425283 -0.017688071355223656 -0.013709020800888538
v -0.001188024296425283 -0.017688071355223656 -0.013709020800888538
v -0.0012092222459614277 -0.010196523740887642 -0.006216575391590595
v -0.0012092222459614277 -0.010196523740887642 -0.006216575391590595
v -0.0012092222459614277 -0.010196523740887642 -0.006216575391590595
v -0.0012092222459614277 -0.010196523740887642 -0.006216575391590595
v -0.0012092222459614277 -0.010196523740887642 -0.006216575391590595
v -0.0012103975750505924 -0.009580167941749096 -0.005804729647934437
v -0.0012103975750505924 -0.009580167941749096 -0.005804729647934437
v -0.0012103975750505924 -0.009580167941749096 -0.005804729647934437
v -0.0012103975750505924 -0.009580167941749096 -0.005804729647934437
v -0.0012103975750505924 -0.009580167941749096 -0.005804729647934437
v -0.0012107571819797158 -0.008853062987327576 -0.005660046823322773
v -0.0012107571819797158 -0.008853062987327576 -0.005660046823322773
v -0.0012107571819797158 -0.008853062987327576 -0.005660046823322773
v -0.0012107162037864327 -0.00862401258200407 -0.005660027265548706
v -0.0012107162037864327 -0.00862401258200407 -0.005660027265548706
v -0.0012107162037864327 -0.00862401258200407 -0.005660027265548706
v -0.0012102522887289524 -0.008999527432024479 -0.005827982444316149
v -0.0012102522887289524 -0.008999527432024479 -0.005827982444316149
v -0.0012102522887289524 -0.008999527432024479 -0.005827982444316149
v -0.0012102522887289524 -0.008999527432024479 -0.005827982444316149
v -0.001208182773552835 -0.009731505997478962 -0.006560062058269978
v -0.001208182773552835 -0.009731505997478962 -0.006560062058269978
v -0.001208182773552835 -0.009731505997478962 -0.006560062058269978
v -0.001208182773552835 -0.009731505997478962 -0.006560062058269978
v -0.001208182773552835 -0.009731505997478962 -0.006560062058269978
v -0.001208182773552835 -0.009731505997478962 -0.006560062058269978
v -0.0012054095277562737 -0.009999389760196209 -0.0075601087883114815
v -0.0012054095277562737 -0.009999389760196209 -0.0075601087883114815
v -0.0012054095277562737 -0.009999389760196209 -0.0075601087883114815
v -0.0012054095277562737 -0.009999389760196209 -0.0075601087883114815
v -0.0011833957396447659 -0.00999896228313446 -0.01539356168359518
v -0.0011833957396447659 -0.00999896228313446 -0.01539356168359518
v -0.0011833957396447659 -0.00999896228313446 -0.01539356168359518
v -0.0011833957396447659 -0.00999896228313446 -0.01539356168359518
v -0.0011833957396447659 -0.00999896228313446 -0.01539356168359518
v -0.0011833957396447659 -0.00999896228313446 -0.01539356168359518
v -0.001185236033052206 -0.012336278334259987 -0.01472825463861227
v -0.001185236033052206 -0.012336278334259987 -0.01472825463861227
v -0.001185236033052206 -0.012336278334259987 -0.01472825463861227
v -0.001185236033052206 -0.012336278334259987 -0.01472825463861227
v -0.001185574452392757 -0.0114143006503582 -0.014620000496506691
v -0.001185574452392757 -0.0114143006503582 -0.014620000496506691
v -0.001185574452392757 -0.0114143006503582 -0.014620000496506691
v -0.001185574452392757 -0.0114143006503582 -0.014620000496506691
v -0.001185574452392757 -0.0114143006503582 -0.014620000496506691
v -0.0011847092537209392 -0.010535748675465584 -0.014919843524694443
v -0.0011847092537209392 -0.010535748675465584 -0.014919843524694443
v -0.0011847092537209392 -0.010535748675465584 -0.014919843524694443
v -0.002682026010006666 0.019155891612172127 0.0196189284324646
v -0.002682026010006666 0.019155891612172127 0.0196189284324646
v -0.002682026010006666 0.019155891612172127 0.0196189284324646
v -0.002682026010006666 0.019155891612172127 0.0196189284324646
v -0.002682026010006666 0.019155891612172127 0.0196189284324646
v -0.002682026010006666 0.019155891612172127 0.0196189284324646
v -0.002680182922631502 0.01933014579117298 0.018968921154737473
v -0.002680182922631502 0.01933014579117298 0.018968921154737473
v -0.002680182922631502 0.01933014579117298 0.018968921154737473
v -0.002680182922631502 0.01933014579117298 0.018968921154737473
v -0.002680182922631502 0.01933014579117298 0.018968921154737473
v -0.002680182922631502 0.01933014579117298 0.018968921154737473
v -0.0026783596258610487 0.019156038761138916 0.018318932503461838
v -0.0026783596258610487 0.019156038761138916 0.018318932503461838
v -0.0026783596258610487 0.019156038761138916 0.018318932503461838
v -0.0026783596258610487 0.019156038761138916 0.018318932503461838
v -0.0026783596258610487 0.019156038761138916 0.018318932503461838
v -0.0026783596258610487 0.019156038761138916 0.018318932503461838
v -0.002677057171240449 0.018680209293961525 0.017843065783381462
v -0.002677057171240449 0.018680209293961525 0.017843065783381462
v -0.002677057171240449 0.018680209293961525 0.017843065783381462
v -0.002677057171240449 0.018680209293961525 0.017843065783381462
v -0.002677057171240449 0.018680209293961525 0.017843065783381462
v -0.002677057171240449 0.018680209293961525 0.017843065783381462
v -0.0026765100192278624 0.018030226230621338 0.017668841406702995
v -0.0026765100192278624 0.018030226230621338 0.017668841406702995
v -0.0026765100192278624 0.018030226230621338 0.017668841406702995
v -0.0026765100192278624 0.018030226230621338 0.017668841406702995
v -0.0026765100192278624 0.018030226230621338 0.017668841406702995
v -0.0026765100192278624 0.018030226230621338 0.017668841406702995
v -0.002677022945135832 0.017380231991410255 0.01784299686551094
v -0.002677022945135832 0.017380231991410255 0.01784299686551094
v -0.002677022945135832 0.017380231991410255 0.01784299686551094
v -0.002677022945135832 0.017380231991410255 0.01784299686551094
v -0.002677022945135832 0.017380231991410255 0.01784299686551094
v -0.002677022945135832 0.017380231991410255 0.01784299686551094
v -0.0026783891953527927 0.016904350370168686 0.018318772315979004
v -0.0026783891953527927 0.016904350370168686 0.018318772315979004
v -0.0026783891953527927 0.016904350370168686 0.018318772315979004
v -0.0026783891953527927 0.016904350370168686 0.018318772315979004
v -0.0026783891953527927 0.016904350370168686 0.018318772315979004
v -0.0026783891953527927 0.016904350370168686 0.018318772315979004
v -0.0026802299544215202 0.016730111092329025 0.01896878331899643
v -0.0026802299544215202 0.016730111092329025 0.01896878331899643
v -0.0026802299544215202 0.016730111092329025 0.01896878331899643
v -0.0026802299544215202 0.016730111092329025 0.01896878331899643
v -0.0026802299544215202 0.016730111092329025 0.01896878331899643
v -0.0026802299544215202 0.016730111092329025 0.01896878331899643
v -0.002682029502466321 0.016904287040233612 0.019618775695562363
v -0.002682029502466321 0.016904287040233612 0.019618775695562363
v -0.002682029502466321 0.016904287040233612 0.019618775695562363
v -0.002682029502466321 0.016904287040233612 0.019618775695562363
v -0.002682029502466321 0.016904287040233612 0.019618775695562363
v -0.002682029502466321 0.016904287040233612 0.019618775695562363
v -0.002683346625417471 0.017380069941282272 0.020094681531190872
v -0.002683346625417471 0.017380069941282272 0.020094681531190872
v -0.002683346625417471 0.017380069941282272 0.020094681531190872
v -0.002683346625417471 0.017380069941282272 0.020094681531190872
v -0.002683346625417471 0.017380069941282272 0.020094681531190872
v -0.002683346625417471 0.017380069941282272 0.020094681531190872
v -0.002683893544599414 0.018030062317848206 0.020268898457288742
v -0.002683893544599414 0.018030062317848206 0.020268898457288742
v -0.002683893544599414 0.018030062317848206 0.020268898457288742
v -0.002683893544599414 0.018030062317848206 0.020268898457288742
v -0.002683893544599414 0.018030062317848206 0.020268898457288742
v -0.002683893544599414 0.018030062317848206 0.020268898457288742
v -0.0026833792217075825 0.018680062144994736 0.020094752311706543
v -0.0026833792217075825 0.018680062144994736 0.020094752311706543
v -0.0026833792217075825 0.018680062144994736 0.020094752311706543
v -0.0026833792217075825 0.018680062144994736 0.020094752311706543
v -0.0026833792217075825 0.018680062144994736 0.020094752311706543
v -0.0026833792217075825 0.018680062144994736 0.020094752311706543
v -0.0026768737006932497 -0.0173821821808815 0.017840811982750893
v -0.0026768737006932497 -0.0173821821808815 0.017840811982750893
v -0.0026768737006932497 -0.0173821821808815 0.017840811982750893
v -0.0026768737006932497 -0.0173821821808815 0.017840811982750893
v -0.0026768737006932497 -0.0173821821808815 0.017840811982750893
v -0.0026768737006932497 -0.0173821821808815 0.017840811982750893
v -0.0026763270143419504 -0.018032174557447433 0.017666595056653023
v -0.0026763270143419504 -0.018032174557447433 0.017666595056653023
v -0.0026763270143419504 -0.018032174557447433 0.017666595056653023
v -0.0026763270143419504 -0.018032174557447433 0.017666595056653023
v -0.0026763270143419504 -0.018032174557447433 0.017666595056653023
v -0.0026763270143419504 -0.018032174557447433 0.017666595056653023
v -0.0026768415700644255 -0.018682166934013367 0.017840735614299774
v -0.0026768415700644255 -0.018682166934013367 0.017840735614299774
v -0.0026768415700644255 -0.018682166934013367 0.017840735614299774
v -0.0026768415700644255 -0.018682166934013367 0.017840735614299774
v -0.0026768415700644255 -0.018682166934013367 0.017840735614299774
v -0.0026768415700644255 -0.018682166934013367 0.017840735614299774
v -0.002678117947652936 -0.019158050417900085 0.01831650733947754
v -0.002678117947652936 -0.019158050417900085 0.01831650733947754
v -0.002678117947652936 -0.019158050417900085 0.01831650733947754
v -0.002678117947652936 -0.019158050417900085 0.01831650733947754
v -0.002678117947652936 -0.019158050417900085 0.01831650733947754
v -0.002678117947652936 -0.019158050417900085 0.01831650733947754
v -0.002679945668205619 -0.01933225989341736 0.018966475501656532
v -0.002679945668205619 -0.01933225989341736 0.018966475501656532
v -0.002679945668205619 -0.01933225989341736 0.018966475501656532
v -0.002679945668205619 -0.01933225989341736 0.018966475501656532
v -0.002679945668205619 -0.01933225989341736 0.018966475501656532
v -0.002679945668205619 -0.01933225989341736 0.018966475501656532
v -0.002681758487597108 -0.019158117473125458 0.01961650885641575
v -0.002681758487597108 -0.019158117473125458 0.01961650885641575
v -0.002681758487597108 -0.019158117473125458 0.01961650885641575
v -0.002681758487597108 -0.019158117473125458 0.01961650885641575
v -0.002681758487597108 -0.019158117473125458 0.01961650885641575
v -0.002681758487597108 -0.019158117473125458 0.01961650885641575
v -0.0026831766590476036 -0.018682366237044334 0.020092373713850975
v -0.0026831766590476036 -0.018682366237044334 0.020092373713850975
v -0.0026831766590476036 -0.018682366237044334 0.020092373713850975
v -0.0026831766590476036 -0.018682366237044334 0.020092373713850975
v -0.0026831766590476036 -0.018682366237044334 0.020092373713850975
v -0.0026831766590476036 -0.018682366237044334 0.020092373713850975
v -0.0026836185716092587 -0.018032340332865715 0.02026655338704586
v -0.0026836185716092587 -0.018032340332865715 0.02026655338704586
v -0.0026836185716092587 -0.018032340332865715 0.02026655338704586
v -0.0026836185716092587 -0.018032340332865715 0.02026655338704586
v -0.0026836185716092587 -0.018032340332865715 0.02026655338704586
v -0.0026836185716092587 -0.018032340332865715 0.02026655338704586
v -0.002683109836652875 -0.017382308840751648 0.020092446357011795
v -0.002683109836652875 -0.017382308840751648 0.020092446357011795
v -0.002683109836652875 -0.017382308840751648 0.020092446357011795
v -0.002683109836652875 -0.017382308840751648 0.020092446357011795
v -0.002683109836652875 -0.017382308840751648 0.020092446357011795
v -0.002683109836652875 -0.017382308840751648 0.020092446357011795
v -0.002681844402104616 -0.016906460747122765 0.0196166280657053
v -0.002681844402104616 -0.016906460747122765 0.0196166280657053
v -0.002681844402104616 -0.016906460747122765 0.0196166280657053
v -0.002681844402104616 -0.016906460747122765 0.0196166280657053
v -0.002681844402104616 -0.016906460747122765 0.0196166280657053
v -0.002681844402104616 -0.016906460747122765 0.0196166280657053
v -0.002680001314729452 -0.01673225127160549 0.018966659903526306
v -0.002680001314729452 -0.01673225127160549 0.018966659903526306
v -0.002680001314729452 -0.01673225127160549 0.018966659903526306
v -0.002680001314729452 -0.01673225127160549 0.018966659903526306
v -0.002680001314729452 -0.01673225127160549 0.018966659903526306
v -0.002680001314729452 -0.01673225127160549 0.018966659903526306
v -0.0026781929191201925 -0.016906358301639557 0.01831667125225067
v -0.0026781929191201925 -0.016906358301639557 0.01831667125225067
v -0.0026781929191201925 -0.016906358301639557 0.01831667125225067
v -0.0026781929191201925 -0.016906358301639557 0.01831667125225067
v -0.0026781929191201925 -0.016906358301639557 0.01831667125225067
v -0.0026781929191201925 -0.016906358301639557 0.01831667125225067
v -0.0025803858879953623 -0.01690424419939518 -0.016445640474557877
v -0.0025803858879953623 -0.01690424419939518 -0.016445640474557877
v -0.0025803858879953623 -0.01690424419939518 -0.016445640474557877
v -0.0025803858879953623 -0.01690424419939518 -0.016445640474557877
v -0.0025803858879953623 -0.01690424419939518 -0.016445640474557877
v -0.0025803858879953623 -0.01690424419939518 -0.016445640474557877
v -0.0025785418692976236 -0.016729995608329773 -0.01709563657641411
v -0.0025785418692976236 -0.016729995608329773 -0.01709563657641411
v -0.0025785418692976236 -0.016729995608329773 -0.01709563657641411
v -0.0025785418692976236 -0.016729995608329773 -0.01709563657641411
v -0.0025785418692976236 -0.016729995608329773 -0.01709563657641411
v -0.0025785418692976236 -0.016729995608329773 -0.01709563657641411
v -0.00257673067972064 -0.016904180869460106 -0.017745643854141235
v -0.00257673067972064 -0.016904180869460106 -0.017745643854141235
v -0.00257673067972064 -0.016904180869460106 -0.017745643854141235
v -0.00257673067972064 -0.016904180869460106 -0.017745643854141235
v -0.00257673067972064 -0.016904180869460106 -0.017745643854141235
v -0.00257673067972064 -0.016904180869460106 -0.017745643854141235
v -0.002575415186583996 -0.017379919067025185 -0.018221493810415268
v -0.002575415186583996 -0.017379919067025185 -0.018221493810415268
v -0.002575415186583996 -0.017379919067025185 -0.018221493810415268
v -0.002575415186583996 -0.017379919067025185 -0.018221493810415268
v -0.002575415186583996 -0.017379919067025185 -0.018221493810415268
v -0.002575415186583996 -0.017379919067025185 -0.018221493810415268
v -0.002574869664385915 -0.018029917031526566 -0.018395718187093735
v -0.002574869664385915 -0.018029917031526566 -0.018395718187093735
v -0.002574869664385915 -0.018029917031526566 -0.018395718187093735
v -0.002574869664385915 -0.018029917031526566 -0.018395718187093735
v -0.002574869664385915 -0.018029917031526566 -0.018395718187093735
v -0.002574869664385915 -0.018029917031526566 -0.018395718187093735
v -0.0025753930676728487 -0.018679946660995483 -0.01822160743176937
v -0.0025753930676728487 -0.018679946660995483 -0.01822160743176937
v -0.0025753930676728487 -0.018679946660995483 -0.01822160743176937
v -0.0025753930676728487 -0.018679946660995483 -0.01822160743176937
v -0.0025753930676728487 -0.018679946660995483 -0.01822160743176937
v -0.0025753930676728487 -0.018679946660995483 -0.01822160743176937
v -0.0025766592007130384 -0.01915578916668892 -0.01774580031633377
v -0.0025766592007130384 -0.01915578916668892 -0.01774580031633377
v -0.0025766592007130384 -0.01915578916668892 -0.01774580031633377
v -0.0025766592007130384 -0.01915578916668892 -0.01774580031633377
v -0.0025766592007130384 -0.01915578916668892 -0.01774580031633377
v -0.0025766592007130384 -0.01915578916668892 -0.01774580031633377
v -0.002578487154096365 -0.019330043345689774 -0.017095793038606644
v -0.002578487154096365 -0.019330043345689774 -0.017095793038606644
v -0.002578487154096365 -0.019330043345689774 -0.017095793038606644
v -0.002578487154096365 -0.019330043345689774 -0.017095793038606644
v -0.002578487154096365 -0.019330043345689774 -0.017095793038606644
v -0.002578487154096365 -0.019330043345689774 -0.017095793038606644
v -0.002580398926511407 -0.019155927002429962 -0.016445793211460114
v -0.002580398926511407 -0.019155927002429962 -0.016445793211460114
v -0.002580398926511407 -0.019155927002429962 -0.016445793211460114
v -0.002580398926511407 -0.019155927002429962 -0.016445793211460114
v -0.002580398926511407 -0.019155927002429962 -0.016445793211460114
v -0.002580398926511407 -0.019155927002429962 -0.016445793211460114
v -0.002581717912107706 -0.018680104985833168 -0.015969932079315186
v -0.002581717912107706 -0.018680104985833168 -0.015969932079315186
v -0.002581717912107706 -0.018680104985833168 -0.015969932079315186
v -0.002581717912107706 -0.018680104985833168 -0.015969932079315186
v -0.002581717912107706 -0.018680104985833168 -0.015969932079315186
v -0.002581717912107706 -0.018680104985833168 -0.015969932079315186
v -0.0025822645984590054 -0.018030118197202682 -0.01579570770263672
v -0.0025822645984590054 -0.018030118197202682 -0.01579570770263672
v -0.0025822645984590054 -0.018030118197202682 -0.01579570770263672
v -0.0025822645984590054 -0.018030118197202682 -0.01579570770263672
v -0.0025822645984590054 -0.018030118197202682 -0.01579570770263672
v -0.0025822645984590054 -0.018030118197202682 -0.01579570770263672
v -0.002581749577075243 -0.017380116507411003 -0.01596985198557377
v -0.002581749577075243 -0.017380116507411003 -0.01596985198557377
v -0.002581749577075243 -0.017380116507411003 -0.01596985198557377
v -0.002581749577075243 -0.017380116507411003 -0.01596985198557377
v -0.002581749577075243 -0.017380116507411003 -0.01596985198557377
v -0.002581749577075243 -0.017380116507411003 -0.01596985198557377
v -0.002576929982751608 0.01690656878054142 -0.017743492498993874
v -0.002576929982751608 0.01690656878054142 -0.017743492498993874
v -0.002576929982751608 0.01690656878054142 -0.017743492498993874
v -0.002576929982751608 0.01690656878054142 -0.017743492498993874
v -0.002576929982751608 0.01690656878054142 -0.017743492498993874
v -0.002576929982751608 0.01690656878054142 -0.017743492498993874
v -0.002578773070126772 0.016732359305024147 -0.01709352433681488
v -0.002578773070126772 0.016732359305024147 -0.01709352433681488
v -0.002578773070126772 0.016732359305024147 -0.01709352433681488
v -0.002578773070126772 0.016732359305024147 -0.01709352433681488
v -0.002578773070126772 0.016732359305024147 -0.01709352433681488
v -0.002578773070126772 0.016732359305024147 -0.01709352433681488
v -0.00258057052269578 0.016906503587961197 -0.016443490982055664
v -0.00258057052269578 0.016906503587961197 -0.016443490982055664
v -0.00258057052269578 0.016906503587961197 -0.016443490982055664
v -0.00258057052269578 0.016906503587961197 -0.016443490982055664
v -0.00258057052269578 0.016906503587961197 -0.016443490982055664
v -0.00258057052269578 0.016906503587961197 -0.016443490982055664
v -0.0025818985886871815 0.017382295802235603 -0.01596766710281372
v -0.0025818985886871815 0.017382295802235603 -0.01596766710281372
v -0.0025818985886871815 0.017382295802235603 -0.01596766710281372
v -0.0025818985886871815 0.017382295802235603 -0.01596766710281372
v -0.0025818985886871815 0.017382295802235603 -0.01596766710281372
v -0.0025818985886871815 0.017382295802235603 -0.01596766710281372
v -0.0025824459735304117 0.018032288178801537 -0.015793452039361
v -0.0025824459735304117 0.018032288178801537 -0.015793452039361
v -0.0025824459735304117 0.018032288178801537 -0.015793452039361
v -0.0025824459735304117 0.018032288178801537 -0.015793452039361
v -0.0025824459735304117 0.018032288178801537 -0.015793452039361
v -0.0025824459735304117 0.018032288178801537 -0.015793452039361
v -0.002581919776275754 0.018682319670915604 -0.01596754603087902
v -0.002581919776275754 0.018682319670915604 -0.01596754603087902
v -0.002581919776275754 0.018682319670915604 -0.01596754603087902
v -0.002581919776275754 0.018682319670915604 -0.01596754603087902
v -0.002581919776275754 0.018682319670915604 -0.01596754603087902
v -0.002581919776275754 0.018682319670915604 -0.01596754603087902
v -0.0025805518962442875 0.019158152863383293 -0.01644337736070156
v -0.0025805518962442875 0.019158152863383293 -0.01644337736070156
v -0.0025805518962442875 0.019158152863383293 -0.01644337736070156
v -0.0025805518962442875 0.019158152863383293 -0.01644337736070156
v -0.0025805518962442875 0.019158152863383293 -0.01644337736070156
v -0.0025805518962442875 0.019158152863383293 -0.01644337736070156
v -0.0025787241756916046 0.019332362338900566 -0.017093345522880554
v -0.0025787241756916046 0.019332362338900566 -0.017093345522880554
v -0.0025787241756916046 0.019332362338900566 -0.017093345522880554
v -0.0025787241756916046 0.019332362338900566 -0.017093345522880554
v -0.0025787241756916046 0.019332362338900566 -0.017093345522880554
v -0.0025787241756916046 0.019332362338900566 -0.017093345522880554
v -0.00257690018042922 0.01915825717151165 -0.01774333417415619
v -0.00257690018042922 0.01915825717151165 -0.01774333417415619
v -0.00257690018042922 0.01915825717151165 -0.01774333417415619
v -0.00257690018042922 0.01915825717151165 -0.01774333417415619
v -0.00257690018042922 0.01915825717151165 -0.01774333417415619
v -0.00257690018042922 0.01915825717151165 -0.01774333417415619
v -0.0025755984243005514 0.01868247240781784 -0.018219241872429848
v -0.0025755984243005514 0.01868247240781784 -0.018219241872429848
v -0.0025755984243005514 0.01868247240781784 -0.018219241872429848
v -0.0025755984243005514 0.01868247240781784 -0.018219241872429848
v -0.0025755984243005514 0.01868247240781784 -0.018219241872429848
v -0.0025755984243005514 0.01868247240781784 -0.018219241872429848
v -0.0025751537177711725 0.018032453954219818 -0.018393410369753838
v -0.0025751537177711725 0.018032453954219818 -0.018393410369753838
v -0.0025751537177711725 0.018032453954219818 -0.018393410369753838
v -0.0025751537177711725 0.018032453954219818 -0.018393410369753838
v -0.0025751537177711725 0.018032453954219818 -0.018393410369753838
v -0.0025751537177711725 0.018032453954219818 -0.018393410369753838
v -0.002575575141236186 0.017382411286234856 -0.018219318240880966
v -0.002575575141236186 0.017382411286234856 -0.018219318240880966
v -0.002575575141236186 0.017382411286234856 -0.018219318240880966
v -0.002575575141236186 0.017382411286234856 -0.018219318240880966
v -0.002575575141236186 0.017382411286234856 -0.018219318240880966
v -0.002575575141236186 0.017382411286234856 -0.018219318240880966
v -0.003749796422198415 0.027575120329856873 0.008135145530104637
v -0.003749796422198415 0.027575120329856873 0.008135145530104637
v -0.003749796422198415 0.027575120329856873 0.008135145530104637
v -0.003749796422198415 0.027575120329856873 0.008135145530104637
v -0.003749796422198415 0.027575120329856873 0.008135145530104637
v 0.001850195461884141 0.027575168758630753 0.008150916546583176
v 0.001850195461884141 0.027575168758630753 0.008150916546583176
v 0.001850195461884141 0.027575168758630753 0.008150916546583176
v 0.001850195461884141 0.027575168758630753 0.008150916546583176
v -0.003782629268243909 0.02133140340447426 0.019833724945783615
v -0.003782629268243909 0.02133140340447426 0.019833724945783615
v -0.003782629268243909 0.02133140340447426 0.019833724945783615
v -0.003782629268243909 0.02133140340447426 0.019833724945783615
v -0.003782629268243909 0.02133140340447426 0.019833724945783615
v -0.003782629268243909 0.02133140340447426 0.019833724945783615
v -0.003791545983403921 0.018023377284407616 0.023010753095149994
v -0.003791545983403921 0.018023377284407616 0.023010753095149994
v -0.003791545983403921 0.018023377284407616 0.023010753095149994
v -0.003791545983403921 0.018023377284407616 0.023010753095149994
v -0.003808696521446109 0.0040983520448207855 0.029137147590517998
v -0.003808696521446109 0.0040983520448207855 0.029137147590517998
v -0.003808696521446109 0.0040983520448207855 0.029137147590517998
v -0.003808696521446109 0.0040983520448207855 0.029137147590517998
v -0.003808696521446109 0.0040983520448207855 0.029137147590517998
v -0.003808696521446109 0.0040983520448207855 0.029137147590517998
v -0.0038079770747572184 0.005699101369827986 0.028857726603746414
v -0.0038079770747572184 0.005699101369827986 0.028857726603746414
v -0.0038079770747572184 0.005699101369827986 0.028857726603746414
v -0.0038079770747572184 0.005699101369827986 0.028857726603746414
v -0.003804422914981842 0.010104654356837273 0.0275819543749094
v -0.003804422914981842 0.010104654356837273 0.0275819543749094
v -0.003804422914981842 0.010104654356837273 0.0275819543749094
v -0.003804422914981842 0.010104654356837273 0.0275819543749094
v -0.003804422914981842 0.010104654356837273 0.0275819543749094
v -0.0037988682743161917 0.014248552732169628 0.025615938007831573
v -0.0037988682743161917 0.014248552732169628 0.025615938007831573
v -0.0037988682743161917 0.014248552732169628 0.025615938007831573
v -0.0037609904538840055 0.02621878869831562 0.012106145732104778
v -0.0037609904538840055 0.02621878869831562 0.012106145732104778
v -0.0037609904538840055 0.02621878869831562 0.012106145732104778
v -0.0037609904538840055 0.02621878869831562 0.012106145732104778
v -0.0037609904538840055 0.02621878869831562 0.012106145732104778
v -0.0037609904538840055 0.02621878869831562 0.012106145732104778
v -0.0037609904538840055 0.02621878869831562 0.012106145732104778
v -0.0037609904538840055 0.02621878869831562 0.012106145732104778
v -0.0037723355926573277 0.024086982011795044 0.016167182475328445
v -0.0037723355926573277 0.024086982011795044 0.016167182475328445
v -0.0037723355926573277 0.024086982011795044 0.016167182475328445
v -0.0037723355926573277 0.024086982011795044 0.016167182475328445
v -0.0037723355926573277 0.024086982011795044 0.016167182475328445
v -0.0037723355926573277 0.024086982011795044 0.016167182475328445
v 0.001041229348629713 0.004098381847143173 0.029150793328881264
v 0.001041229348629713 0.004098381847143173 0.029150793328881264
v 0.001041229348629713 0.004098381847143173 0.029150793328881264
v 0.0010405243374407291 0.0011459392262622714 0.029423972591757774
v 0.0010405243374407291 0.0011459392262622714 0.029423972591757774
v 0.001040446339175105 -1.6391862800446688e-06 0.029447000473737717
v 0.001040446339175105 -1.6391862800446688e-06 0.029447000473737717
v 0.0010410420363768935 -0.003436948172748089 0.029238956049084663
v 0.0010410420363768935 -0.003436948172748089 0.029238956049084663
v 0.001041265670210123 -0.004101643804460764 0.029150329530239105
v 0.001041265670210123 -0.004101643804460764 0.029150329530239105
v 0.001041265670210123 -0.004101643804460764 0.029150329530239105
v -0.0038086858112365007 -0.004101708997040987 0.029136640951037407
v -0.0038086858112365007 -0.004101708997040987 0.029136640951037407
v -0.0038086858112365007 -0.004101708997040987 0.029136640951037407
v -0.0038086858112365007 -0.004101708997040987 0.029136640951037407
v -0.003787076100707054 -0.019743841141462326 0.02148646116256714
v -0.003787076100707054 -0.019743841141462326 0.02148646116256714
v -0.003787076100707054 -0.019743841141462326 0.02148646116256714
v -0.003787076100707054 -0.019743841141462326 0.02148646116256714
v -0.003787076100707054 -0.019743841141462326 0.02148646116256714
v -0.003787076100707054 -0.019743841141462326 0.02148646116256714
v -0.003787076100707054 -0.019743841141462326 0.02148646116256714
v -0.003795320400968194 -0.016191210597753525 0.0243874229490757
v -0.003795320400968194 -0.016191210597753525 0.0243874229490757
v -0.003795320400968194 -0.016191210597753525 0.0243874229490757
v -0.003795320400968194 -0.016191210597753525 0.0243874229490757
v -0.0038016741164028645 -0.012219265103340149 0.026680951938033104
v -0.0038016741164028645 -0.012219265103340149 0.026680951938033104
v -0.0038016741164028645 -0.012219265103340149 0.026680951938033104
v -0.0038016741164028645 -0.012219265103340149 0.026680951938033104
v -0.003806288819760084 -0.007930864579975605 0.028307605534791946
v -0.003806288819760084 -0.007930864579975605 0.028307605534791946
v -0.003806288819760084 -0.007930864579975605 0.028307605534791946
v -0.003806288819760084 -0.007930864579975605 0.028307605534791946
v -0.0037664517294615507 -0.02523626945912838 0.014176438562572002
v -0.0037664517294615507 -0.02523626945912838 0.014176438562572002
v -0.0037664517294615507 -0.02523626945912838 0.014176438562572002
v -0.0037664517294615507 -0.02523626945912838 0.014176438562572002
v -0.0037664517294615507 -0.02523626945912838 0.014176438562572002
v -0.0037664517294615507 -0.02523626945912838 0.014176438562572002
v -0.0037664517294615507 -0.02523626945912838 0.014176438562572002
v -0.0037664517294615507 -0.02523626945912838 0.014176438562572002
v -0.003777333302423358 -0.022785110399127007 0.01805311255156994
v -0.003777333302423358 -0.022785110399127007 0.01805311255156994
v -0.003777333302423358 -0.022785110399127007 0.01805311255156994
v -0.003777333302423358 -0.022785110399127007 0.01805311255156994
v -0.003754633478820324 -0.027033763006329536 0.009956808760762215
v -0.003754633478820324 -0.027033763006329536 0.009956808760762215
v -0.003754633478820324 -0.027033763006329536 0.009956808760762215
v -0.003754633478820324 -0.027033763006329536 0.009956808760762215
v -0.003754633478820324 -0.027033763006329536 0.009956808760762215
v -0.0037494422867894173 -0.027575895190238953 0.008131721056997776
v -0.0037494422867894173 -0.027575895190238953 0.008131721056997776
v -0.0037494422867894173 -0.027575895190238953 0.008131721056997776
v -0.0037494422867894173 -0.027575895190238953 0.008131721056997776
v -0.0037494422867894173 -0.027575895190238953 0.008131721056997776
v 0.0018505242187529802 -0.027575882151722908 0.008147450163960457
v 0.0018505242187529802 -0.027575882151722908 0.008147450163960457
v 0.0018505242187529802 -0.027575882151722908 0.008147450163960457
v 0.0018505242187529802 -0.027575882151722908 0.008147450163960457
v 0.0018505242187529802 -0.027575882151722908 0.008147450163960457
v 0.0018512848764657974 0.027671489864587784 0.0077714682556688786
v 0.0018512848764657974 0.027671489864587784 0.0077714682556688786
v 0.0018600686453282833 0.028260448947548866 0.004636996425688267
v 0.0018600686453282833 0.028260448947548866 0.004636996425688267
v 0.001863944693468511 0.02840750478208065 0.0032443313393741846
v 0.001863944693468511 0.02840750478208065 0.0032443313393741846
v 0.0018703644163906574 0.028500067070126534 0.0009510167874395847
v 0.0018703644163906574 0.028500067070126534 0.0009510167874395847
v 0.0018769141752272844 0.02840779349207878 -0.00134226493537426
v 0.0018769141752272844 0.02840779349207878 -0.00134226493537426
v 0.0018807504093274474 0.02826092578470707 -0.002734983339905739
v 0.0018807504093274474 0.02826092578470707 -0.002734983339905739
v 0.0018896328983828425 0.027672363445162773 -0.005869502667337656
v 0.0018896328983828425 0.027672363445162773 -0.005869502667337656
v 0.0018907146295532584 0.027576040476560593 -0.006248999387025833
v 0.0018907146295532584 0.027576040476560593 -0.006248999387025833
v 0.0018907146295532584 0.027576040476560593 -0.006248999387025833
v 0.0018907146295532584 0.027576040476560593 -0.006248999387025833
v 0.0018907146295532584 0.027576040476560593 -0.006248999387025833
v 0.0018836219096556306 -0.02813056670129299 -0.003624251112341881
v 0.0018836219096556306 -0.02813056670129299 -0.003624251112341881
v 0.0018909579375758767 -0.027574991807341576 -0.006252442952245474
v 0.0018909579375758767 -0.027574991807341576 -0.006252442952245474
v 0.0018909579375758767 -0.027574991807341576 -0.006252442952245474
v 0.0018909579375758767 -0.027574991807341576 -0.006252442952245474
v 0.0018578809686005116 -0.028131110593676567 0.005519162863492966
v 0.0018578809686005116 -0.028131110593676567 0.005519162863492966
v 0.0018603886710479856 -0.028260745108127594 0.004633460659533739
v 0.0018603886710479856 -0.028260745108127594 0.004633460659533739
v 0.0018707719864323735 -0.028499895706772804 0.0009474492981098592
v 0.0018707719864323735 -0.028499895706772804 0.0009474492981098592
v 0.0018811869667842984 -0.028260285034775734 -0.0027385386638343334
v 0.0018811869667842984 -0.028260285034775734 -0.0027385386638343334
v -0.003709034062922001 -0.027575040236115456 -0.006268215365707874
v -0.003709034062922001 -0.027575040236115456 -0.006268215365707874
v -0.003709034062922001 -0.027575040236115456 -0.006268215365707874
v -0.003709034062922001 -0.027575040236115456 -0.006268215365707874
v -0.003709034062922001 -0.027575040236115456 -0.006268215365707874
v -0.0036673936992883682 0.01802610233426094 -0.02114151231944561
v -0.0036673936992883682 0.01802610233426094 -0.02114151231944561
v -0.0036673936992883682 0.01802610233426094 -0.02114151231944561
v -0.0036673936992883682 0.01802610233426094 -0.02114151231944561
v -0.0036673936992883682 0.01802610233426094 -0.02114151231944561
v -0.0036673936992883682 0.01802610233426094 -0.02114151231944561
v -0.0036599934101104736 0.014251582324504852 -0.023747244849801064
v -0.0036599934101104736 0.014251582324504852 -0.023747244849801064
v -0.0036599934101104736 0.014251582324504852 -0.023747244849801064
v -0.0036599934101104736 0.014251582324504852 -0.023747244849801064
v -0.0036599934101104736 0.014251582324504852 -0.023747244849801064
v -0.0036599934101104736 0.014251582324504852 -0.023747244849801064
v -0.0036981357261538506 0.026220152154564857 -0.010235873982310295
v -0.0036981357261538506 0.026220152154564857 -0.010235873982310295
v -0.0036981357261538506 0.026220152154564857 -0.010235873982310295
v -0.0036981357261538506 0.026220152154564857 -0.010235873982310295
v -0.0036981357261538506 0.026220152154564857 -0.010235873982310295
v -0.0036981357261538506 0.026220152154564857 -0.010235873982310295
v -0.0036981357261538506 0.026220152154564857 -0.010235873982310295
v -0.003709277603775263 0.027575992047786713 -0.0062647718004882336
v -0.003709277603775263 0.027575992047786713 -0.0062647718004882336
v -0.003709277603775263 0.027575992047786713 -0.0062647718004882336
v -0.003709277603775263 0.027575992047786713 -0.0062647718004882336
v -0.003709277603775263 0.027575992047786713 -0.0062647718004882336
v -0.003709277603775263 0.027575992047786713 -0.0062647718004882336
v -0.0036810485180467367 -0.02278299629688263 -0.01618906855583191
v -0.0036810485180467367 -0.02278299629688263 -0.01618906855583191
v -0.0036810485180467367 -0.02278299629688263 -0.01618906855583191
v -0.0036810485180467367 -0.02278299629688263 -0.01618906855583191
v -0.0036810485180467367 -0.02278299629688263 -0.01618906855583191
v -0.0036714342422783375 -0.01974126696586609 -0.01962195709347725
v -0.0036714342422783375 -0.01974126696586609 -0.01962195709347725
v -0.0036714342422783375 -0.01974126696586609 -0.01962195709347725
v -0.0036714342422783375 -0.01974126696586609 -0.01962195709347725
v -0.0036633219569921494 -0.01618836261332035 -0.02252243086695671
v -0.0036633219569921494 -0.01618836261332035 -0.02252243086695671
v -0.0036633219569921494 -0.01618836261332035 -0.02252243086695671
v -0.0036633219569921494 -0.01618836261332035 -0.02252243086695671
v -0.0036633219569921494 -0.01618836261332035 -0.02252243086695671
v -0.0036633219569921494 -0.01618836261332035 -0.02252243086695671
v -0.0036633219569921494 -0.01618836261332035 -0.02252243086695671
v -0.003676413791254163 0.021333754062652588 -0.017964066937565804
v -0.003676413791254163 0.021333754062652588 -0.017964066937565804
v -0.003676413791254163 0.021333754062652588 -0.017964066937565804
v -0.003676413791254163 0.021333754062652588 -0.017964066937565804
v -0.003686679294332862 0.024088891223073006 -0.014297236688435078
v -0.003686679294332862 0.024088891223073006 -0.014297236688435078
v -0.003686679294332862 0.024088891223073006 -0.014297236688435078
v -0.003686679294332862 0.024088891223073006 -0.014297236688435078
v -0.003686679294332862 0.024088891223073006 -0.014297236688435078
v -0.003686679294332862 0.024088891223073006 -0.014297236688435078
v -0.003686679294332862 0.024088891223073006 -0.014297236688435078
v -0.0036919591948390007 -0.02523457072675228 -0.012312674894928932
v -0.0036919591948390007 -0.02523457072675228 -0.012312674894928932
v -0.0036919591948390007 -0.02523457072675228 -0.012312674894928932
v -0.0036919591948390007 -0.02523457072675228 -0.012312674894928932
v -0.0036919591948390007 -0.02523457072675228 -0.012312674894928932
v -0.0036919591948390007 -0.02523457072675228 -0.012312674894928932
v -0.0036919591948390007 -0.02523457072675228 -0.012312674894928932
v -0.0036919591948390007 -0.02523457072675228 -0.012312674894928932
v -0.0036919591948390007 -0.02523457072675228 -0.012312674894928932
v -0.0037038871087133884 -0.02703266404569149 -0.008093180134892464
v -0.0037038871087133884 -0.02703266404569149 -0.008093180134892464
v -0.0037038871087133884 -0.02703266404569149 -0.008093180134892464
v -0.0037038871087133884 -0.02703266404569149 -0.008093180134892464
v -0.0037038871087133884 -0.02703266404569149 -0.008093180134892464
v -0.0036569195799529552 -0.012216123752295971 -0.024815509095788002
v -0.0036569195799529552 -0.012216123752295971 -0.024815509095788002
v -0.0036569195799529552 -0.012216123752295971 -0.024815509095788002
v -0.0036569195799529552 -0.012216123752295971 -0.024815509095788002
v -0.0036523030139505863 -0.007927472703158855 -0.0264416616410017
v -0.0036523030139505863 -0.007927472703158855 -0.0264416616410017
v -0.0036523030139505863 -0.007927472703158855 -0.0264416616410017
v -0.0036523030139505863 -0.007927472703158855 -0.0264416616410017
v -0.0036497332621365786 -0.003433516249060631 -0.027358798310160637
v -0.0036497332621365786 -0.003433516249060631 -0.027358798310160637
v -0.0036497332621365786 -0.003433516249060631 -0.027358798310160637
v -0.0036497332621365786 -0.003433516249060631 -0.027358798310160637
v -0.00364930578507483 0.001149334479123354 -0.027543209493160248
v -0.00364930578507483 0.001149334479123354 -0.027543209493160248
v -0.00364930578507483 0.001149334479123354 -0.027543209493160248
v -0.00364930578507483 0.001149334479123354 -0.027543209493160248
v -0.0036508203484117985 0.0057024541310966015 -0.026990091428160667
v -0.0036508203484117985 0.0057024541310966015 -0.026990091428160667
v -0.0036508203484117985 0.0057024541310966015 -0.026990091428160667
v -0.0036508203484117985 0.0057024541310966015 -0.026990091428160667
v -0.0036545302718877792 0.010107921436429024 -0.0257137268781662
v -0.0036545302718877792 0.010107921436429024 -0.0257137268781662
v -0.0036545302718877792 0.010107921436429024 -0.0257137268781662
v -0.0036545302718877792 0.010107921436429024 -0.0257137268781662
v -0.0012705866247415543 -0.013435883447527885 0.01562463492155075
v -0.0012705866247415543 -0.013435883447527885 0.01562463492155075
v -0.0012705866247415543 -0.013435883447527885 0.01562463492155075
v -0.0012705866247415543 -0.013435883447527885 0.01562463492155075
v -0.0012705866247415543 -0.013435883447527885 0.01562463492155075
v -0.0012701947707682848 -0.012810841202735901 0.015457220375537872
v -0.0012701947707682848 -0.012810841202735901 0.015457220375537872
v -0.0012701947707682848 -0.012810841202735901 0.015457220375537872
v -0.0012701947707682848 -0.012810841202735901 0.015457220375537872
v -0.0012701947707682848 -0.012810841202735901 0.015457220375537872
v -0.0012701947707682848 -0.012810841202735901 0.015457220375537872
v -0.0012689076829701662 -0.012353265658020973 0.014999723061919212
v -0.0012689076829701662 -0.012353265658020973 0.014999723061919212
v -0.0012689076829701662 -0.012353265658020973 0.014999723061919212
v -0.0012689076829701662 -0.012353265658020973 0.014999723061919212
v -0.0012689076829701662 -0.012353265658020973 0.014999723061919212
v -0.0012689076829701662 -0.012353265658020973 0.014999723061919212
v -0.0012671331642195582 -0.012185784988105297 0.014374691061675549
v -0.0012671331642195582 -0.012185784988105297 0.014374691061675549
v -0.0012671331642195582 -0.012185784988105297 0.014374691061675549
v -0.0012671331642195582 -0.012185784988105297 0.014374691061675549
v -0.0012671331642195582 -0.012185784988105297 0.014374691061675549
v -0.0012671331642195582 -0.012185784988105297 0.014374691061675549
v -0.0012671331642195582 -0.012185784988105297 0.014374691061675549
v -0.0012701264349743724 -0.014060838147997856 0.0154570946469903
v -0.0012701264349743724 -0.014060838147997856 0.0154570946469903
v -0.0012701264349743724 -0.014060838147997856 0.0154570946469903
v -0.0012701264349743724 -0.014060838147997856 0.0154570946469903
v -0.0012701264349743724 -0.014060838147997856 0.0154570946469903
v -0.0012701264349743724 -0.014060838147997856 0.0154570946469903
v -0.0012701264349743724 -0.014060838147997856 0.0154570946469903
v -0.0012701264349743724 -0.014060838147997856 0.0154570946469903
v -0.0012670854339376092 -0.014685780741274357 0.014374560676515102
v -0.0012670854339376092 -0.014685780741274357 0.014374560676515102
v -0.0012670854339376092 -0.014685780741274357 0.014374560676515102
v -0.0012670854339376092 -0.014685780741274357 0.014374560676515102
v -0.0012670854339376092 -0.014685780741274357 0.014374560676515102
v -0.0012670854339376092 -0.014685780741274357 0.014374560676515102
v -0.0012670854339376092 -0.014685780741274357 0.014374560676515102
v -0.0012688332935795188 -0.014518349431455135 0.014999550767242908
v -0.0012688332935795188 -0.014518349431455135 0.014999550767242908
v -0.0012688332935795188 -0.014518349431455135 0.014999550767242908
v -0.0012688332935795188 -0.014518349431455135 0.014999550767242908
v -0.0012688332935795188 -0.014518349431455135 0.014999550767242908
v -0.0012688332935795188 -0.014518349431455135 0.014999550767242908
v -0.0012652992736548185 -0.014518260024487972 0.013749577105045319
v -0.0012652992736548185 -0.014518260024487972 0.013749577105045319
v -0.0012652992736548185 -0.014518260024487972 0.013749577105045319
v -0.0012652992736548185 -0.014518260024487972 0.013749577105045319
v -0.0012652992736548185 -0.014518260024487972 0.013749577105045319
v -0.0012652992736548185 -0.014518260024487972 0.013749577105045319
v -0.001264012767933309 -0.014060687273740768 0.013292076997458935
v -0.001264012767933309 -0.014060687273740768 0.013292076997458935
v -0.001264012767933309 -0.014060687273740768 0.013292076997458935
v -0.001264012767933309 -0.014060687273740768 0.013292076997458935
v -0.001264012767933309 -0.014060687273740768 0.013292076997458935
v -0.001264012767933309 -0.014060687273740768 0.013292076997458935
v -0.0012635288294404745 -0.01343569252640009 0.013124605640769005
v -0.0012635288294404745 -0.01343569252640009 0.013124605640769005
v -0.0012635288294404745 -0.01343569252640009 0.013124605640769005
v -0.0012635288294404745 -0.01343569252640009 0.013124605640769005
v -0.0012635288294404745 -0.01343569252640009 0.013124605640769005
v -0.0012635288294404745 -0.01343569252640009 0.013124605640769005
v -0.0012635288294404745 -0.01343569252640009 0.013124605640769005
v -0.0012653846060857177 -0.012353213503956795 0.013749703764915466
v -0.0012653846060857177 -0.012353213503956795 0.013749703764915466
v -0.0012653846060857177 -0.012353213503956795 0.013749703764915466
v -0.0012653846060857177 -0.012353213503956795 0.013749703764915466
v -0.0012653846060857177 -0.012353213503956795 0.013749703764915466
v -0.0012653846060857177 -0.012353213503956795 0.013749703764915466
v -0.001264091464690864 -0.012810717336833477 0.013292153365910053
v -0.001264091464690864 -0.012810717336833477 0.013292153365910053
v -0.001264091464690864 -0.012810717336833477 0.013292153365910053
v -0.001264091464690864 -0.012810717336833477 0.013292153365910053
v -0.001264091464690864 -0.012810717336833477 0.013292153365910053
v -0.001264091464690864 -0.012810717336833477 0.013292153365910053
v -0.0012672407319769263 0.012184254825115204 0.01437623705714941
v -0.0012672407319769263 0.012184254825115204 0.01437623705714941
v -0.0012672407319769263 0.012184254825115204 0.01437623705714941
v -0.0012672407319769263 0.012184254825115204 0.01437623705714941
v -0.0012672407319769263 0.012184254825115204 0.01437623705714941
v -0.0012672407319769263 0.012184254825115204 0.01437623705714941
v -0.0012672407319769263 0.012184254825115204 0.01437623705714941
v -0.0012654553866013885 0.012351734563708305 0.013751281425356865
v -0.0012654553866013885 0.012351734563708305 0.013751281425356865
v -0.0012654553866013885 0.012351734563708305 0.013751281425356865
v -0.0012654553866013885 0.012351734563708305 0.013751281425356865
v -0.0012654553866013885 0.012351734563708305 0.013751281425356865
v -0.0012654553866013885 0.012351734563708305 0.013751281425356865
v -0.0012642714427784085 0.012809320352971554 0.013293796218931675
v -0.0012642714427784085 0.012809320352971554 0.013293796218931675
v -0.0012642714427784085 0.012809320352971554 0.013293796218931675
v -0.0012642714427784085 0.012809320352971554 0.013293796218931675
v -0.0012642714427784085 0.012809320352971554 0.013293796218931675
v -0.0012642714427784085 0.012809320352971554 0.013293796218931675
v -0.001263787504285574 0.01343432255089283 0.013126318342983723
v -0.001263787504285574 0.01343432255089283 0.013126318342983723
v -0.001263787504285574 0.01343432255089283 0.013126318342983723
v -0.001263787504285574 0.01343432255089283 0.013126318342983723
v -0.001263787504285574 0.01343432255089283 0.013126318342983723
v -0.001263787504285574 0.01343432255089283 0.013126318342983723
v -0.001263787504285574 0.01343432255089283 0.013126318342983723
v -0.001264247577637434 0.0140592772513628 0.013293858617544174
v -0.001264247577637434 0.0140592772513628 0.013293858617544174
v -0.001264247577637434 0.0140592772513628 0.013293858617544174
v -0.001264247577637434 0.0140592772513628 0.013293858617544174
v -0.001264247577637434 0.0140592772513628 0.013293858617544174
v -0.001264247577637434 0.0140592772513628 0.013293858617544174
v -0.0012655408354476094 0.014516782015562057 0.013751408085227013
v -0.0012655408354476094 0.014516782015562057 0.013751408085227013
v -0.0012655408354476094 0.014516782015562057 0.013751408085227013
v -0.0012655408354476094 0.014516782015562057 0.013751408085227013
v -0.0012655408354476094 0.014516782015562057 0.013751408085227013
v -0.0012655408354476094 0.014516782015562057 0.013751408085227013
v -0.0012672783341258764 0.01468424778431654 0.014376441016793251
v -0.0012672783341258764 0.01468424778431654 0.014376441016793251
v -0.0012672783341258764 0.01468424778431654 0.014376441016793251
v -0.0012672783341258764 0.01468424778431654 0.014376441016793251
v -0.0012672783341258764 0.01468424778431654 0.014376441016793251
v -0.0012690637959167361 0.014516728930175304 0.015001427382230759
v -0.0012690637959167361 0.014516728930175304 0.015001427382230759
v -0.0012690637959167361 0.014516728930175304 0.015001427382230759
v -0.0012690637959167361 0.014516728930175304 0.015001427382230759
v -0.0012690637959167361 0.014516728930175304 0.015001427382230759
v -0.0012690637959167361 0.014516728930175304 0.015001427382230759
v -0.0012690637959167361 0.014516728930175304 0.015001427382230759
v -0.0012690637959167361 0.014516728930175304 0.015001427382230759
v -0.0012707315618172288 0.013434194959700108 0.015626346692442894
v -0.0012707315618172288 0.013434194959700108 0.015626346692442894
v -0.0012707315618172288 0.013434194959700108 0.015626346692442894
v -0.0012707315618172288 0.013434194959700108 0.015626346692442894
v -0.0012707315618172288 0.013434194959700108 0.015626346692442894
v -0.0012707315618172288 0.013434194959700108 0.015626346692442894
v -0.0012707315618172288 0.013434194959700108 0.015626346692442894
v -0.0012703501852229238 0.014059163630008698 0.015458921901881695
v -0.0012703501852229238 0.014059163630008698 0.015458921901881695
v -0.0012703501852229238 0.014059163630008698 0.015458921901881695
v -0.0012703501852229238 0.014059163630008698 0.015458921901881695
v -0.0012703501852229238 0.014059163630008698 0.015458921901881695
v -0.0012703501852229238 0.014059163630008698 0.015458921901881695
v -0.0012702825479209423 0.012809173204004765 0.015458786860108376
v -0.0012702825479209423 0.012809173204004765 0.015458786860108376
v -0.0012702825479209423 0.012809173204004765 0.015458786860108376
v -0.0012702825479209423 0.012809173204004765 0.015458786860108376
v -0.0012702825479209423 0.012809173204004765 0.015458786860108376
v -0.0012702825479209423 0.012809173204004765 0.015458786860108376
v -0.0012689892901107669 0.012351675890386105 0.015001230873167515
v -0.0012689892901107669 0.012351675890386105 0.015001230873167515
v -0.0012689892901107669 0.012351675890386105 0.015001230873167515
v -0.0012689892901107669 0.012351675890386105 0.015001230873167515
v -0.0012689892901107669 0.012351675890386105 0.015001230873167515
v -0.0012689892901107669 0.012351675890386105 0.015001230873167515
v -0.001189920585602522 0.01235340815037489 -0.013118687085807323
v -0.001189920585602522 0.01235340815037489 -0.013118687085807323
v -0.001189920585602522 0.01235340815037489 -0.013118687085807323
v -0.001189920585602522 0.01235340815037489 -0.013118687085807323
v -0.001189920585602522 0.01235340815037489 -0.013118687085807323
v -0.001189920585602522 0.01235340815037489 -0.013118687085807323
v -0.001189920585602522 0.01235340815037489 -0.013118687085807323
v -0.001189920585602522 0.01235340815037489 -0.013118687085807323
v -0.0011881397804245353 0.013436011970043182 -0.013743617571890354
v -0.0011881397804245353 0.013436011970043182 -0.013743617571890354
v -0.0011881397804245353 0.013436011970043182 -0.013743617571890354
v -0.0011881397804245353 0.013436011970043182 -0.013743617571890354
v -0.0011881397804245353 0.013436011970043182 -0.013743617571890354
v -0.0011886321008205414 0.01281098835170269 -0.01357617974281311
v -0.0011886321008205414 0.01281098835170269 -0.01357617974281311
v -0.0011886321008205414 0.01281098835170269 -0.01357617974281311
v -0.0011886321008205414 0.01281098835170269 -0.01357617974281311
v -0.0011886321008205414 0.01281098835170269 -0.01357617974281311
v -0.0011886321008205414 0.01281098835170269 -0.01357617974281311
v -0.001194736803881824 0.012810860760509968 -0.011411118321120739
v -0.001194736803881824 0.012810860760509968 -0.011411118321120739
v -0.001194736803881824 0.012810860760509968 -0.011411118321120739
v -0.001194736803881824 0.012810860760509968 -0.011411118321120739
v -0.001194736803881824 0.012810860760509968 -0.011411118321120739
v -0.001194736803881824 0.012810860760509968 -0.011411118321120739
v -0.001194736803881824 0.012810860760509968 -0.011411118321120739
v -0.001195196877233684 0.01343582384288311 -0.011243585497140884
v -0.001195196877233684 0.01343582384288311 -0.011243585497140884
v -0.001195196877233684 0.01343582384288311 -0.011243585497140884
v -0.001195196877233684 0.01343582384288311 -0.011243585497140884
v -0.001195196877233684 0.01343582384288311 -0.011243585497140884
v -0.001195196877233684 0.01343582384288311 -0.011243585497140884
v -0.0011947136372327805 0.014060815796256065 -0.011411058716475964
v -0.0011947136372327805 0.014060815796256065 -0.011411058716475964
v -0.0011947136372327805 0.014060815796256065 -0.011411058716475964
v -0.0011947136372327805 0.014060815796256065 -0.011411058716475964
v -0.0011947136372327805 0.014060815796256065 -0.011411058716475964
v -0.0011947136372327805 0.014060815796256065 -0.011411058716475964
v -0.001193427131511271 0.01451838854700327 -0.011868559755384922
v -0.001193427131511271 0.01451838854700327 -0.011868559755384922
v -0.001193427131511271 0.01451838854700327 -0.011868559755384922
v -0.001193427131511271 0.01451838854700327 -0.011868559755384922
v -0.001193427131511271 0.01451838854700327 -0.011868559755384922
v -0.0011885999701917171 0.014060966670513153 -0.013576077297329903
v -0.0011885999701917171 0.014060966670513153 -0.013576077297329903
v -0.0011885999701917171 0.014060966670513153 -0.013576077297329903
v -0.0011885999701917171 0.014060966670513153 -0.013576077297329903
v -0.0011885999701917171 0.014060966670513153 -0.013576077297329903
v -0.0011885999701917171 0.014060966670513153 -0.013576077297329903
v -0.0011885999701917171 0.014060966670513153 -0.013576077297329903
v -0.0011885999701917171 0.014060966670513153 -0.013576077297329903
v -0.0011916536604985595 0.014685917645692825 -0.012493533082306385
v -0.0011916536604985595 0.014685917645692825 -0.012493533082306385
v -0.0011916536604985595 0.014685917645692825 -0.012493533082306385
v -0.0011916536604985595 0.014685917645692825 -0.012493533082306385
v -0.0011916536604985595 0.014685917645692825 -0.012493533082306385
v -0.0011916536604985595 0.014685917645692825 -0.012493533082306385
v -0.0011898931115865707 0.014518477953970432 -0.013118533417582512
v -0.0011898931115865707 0.014518477953970432 -0.013118533417582512
v -0.0011898931115865707 0.014518477953970432 -0.013118533417582512
v -0.0011898931115865707 0.014518477953970432 -0.013118533417582512
v -0.0011898931115865707 0.014518477953970432 -0.013118533417582512
v -0.0011898931115865707 0.014518477953970432 -0.013118533417582512
v -0.001193341100588441 0.012353343889117241 -0.011868682689964771
v -0.001193341100588441 0.012353343889117241 -0.011868682689964771
v -0.001193341100588441 0.012353343889117241 -0.011868682689964771
v -0.001193341100588441 0.012353343889117241 -0.011868682689964771
v -0.001193341100588441 0.012353343889117241 -0.011868682689964771
v -0.001193341100588441 0.012353343889117241 -0.011868682689964771
v -0.0011915932409465313 0.012185913510620594 -0.012493673712015152
v -0.0011915932409465313 0.012185913510620594 -0.012493673712015152
v -0.0011915932409465313 0.012185913510620594 -0.012493673712015152
v -0.0011915932409465313 0.012185913510620594 -0.012493673712015152
v -0.0011915932409465313 0.012185913510620594 -0.012493673712015152
v -0.0011945575242862105 -0.012809179723262787 -0.011412763968110085
v -0.0011945575242862105 -0.012809179723262787 -0.011412763968110085
v -0.0011945575242862105 -0.012809179723262787 -0.011412763968110085
v -0.0011945575242862105 -0.012809179723262787 -0.011412763968110085
v -0.0011945575242862105 -0.012809179723262787 -0.011412763968110085
v -0.0011945575242862105 -0.012809179723262787 -0.011412763968110085
v -0.0011945575242862105 -0.012809179723262787 -0.011412763968110085
v -0.0011950525222346187 -0.013434219174087048 -0.011245331726968288
v -0.0011950525222346187 -0.013434219174087048 -0.011245331726968288
v -0.0011950525222346187 -0.013434219174087048 -0.011245331726968288
v -0.0011950525222346187 -0.013434219174087048 -0.011245331726968288
v -0.0011950525222346187 -0.013434219174087048 -0.011245331726968288
v -0.0011945923324674368 -0.014059173874557018 -0.011412871070206165
v -0.0011945923324674368 -0.014059173874557018 -0.011412871070206165
v -0.0011945923324674368 -0.014059173874557018 -0.011412871070206165
v -0.0011945923324674368 -0.014059173874557018 -0.011412871070206165
v -0.0011945923324674368 -0.014059173874557018 -0.011412871070206165
v -0.0011945923324674368 -0.014059173874557018 -0.011412871070206165
v -0.0011879830854013562 -0.013434027321636677 -0.013745280914008617
v -0.0011879830854013562 -0.013434027321636677 -0.013745280914008617
v -0.0011879830854013562 -0.013434027321636677 -0.013745280914008617
v -0.0011879830854013562 -0.013434027321636677 -0.013745280914008617
v -0.0011879830854013562 -0.013434027321636677 -0.013745280914008617
v -0.0011879830854013562 -0.013434027321636677 -0.013745280914008617
v -0.0011879830854013562 -0.013434027321636677 -0.013745280914008617
v -0.0011884765699505806 -0.014059016481041908 -0.013577881269156933
v -0.0011884765699505806 -0.014059016481041908 -0.013577881269156933
v -0.0011884765699505806 -0.014059016481041908 -0.013577881269156933
v -0.0011884765699505806 -0.014059016481041908 -0.013577881269156933
v -0.0011884765699505806 -0.014059016481041908 -0.013577881269156933
v -0.0011884765699505806 -0.014059016481041908 -0.013577881269156933
v -0.001189764472655952 -0.014516586437821388 -0.013120392337441444
v -0.001189764472655952 -0.014516586437821388 -0.013120392337441444
v -0.001189764472655952 -0.014516586437821388 -0.013120392337441444
v -0.001189764472655952 -0.014516586437821388 -0.013120392337441444
v -0.001189764472655952 -0.014516586437821388 -0.013120392337441444
v -0.001189764472655952 -0.014516586437821388 -0.013120392337441444
v -0.001189764472655952 -0.014516586437821388 -0.013120392337441444
v -0.001189764472655952 -0.014516586437821388 -0.013120392337441444
v -0.0011884578270837665 -0.012809040024876595 -0.013577763922512531
v -0.0011884578270837665 -0.012809040024876595 -0.013577763922512531
v -0.0011884578270837665 -0.012809040024876595 -0.013577763922512531
v -0.0011884578270837665 -0.012809040024876595 -0.013577763922512531
v -0.0011884578270837665 -0.012809040024876595 -0.013577763922512531
v -0.0011884578270837665 -0.012809040024876595 -0.013577763922512531
v -0.0011897371150553226 -0.012351547367870808 -0.013120213523507118
v -0.0011897371150553226 -0.012351547367870808 -0.013120213523507118
v -0.0011897371150553226 -0.012351547367870808 -0.013120213523507118
v -0.0011897371150553226 -0.012351547367870808 -0.013120213523507118
v -0.0011897371150553226 -0.012351547367870808 -0.013120213523507118
v -0.0011897371150553226 -0.012351547367870808 -0.013120213523507118
v -0.0011897371150553226 -0.012351547367870808 -0.013120213523507118
v -0.0011932874331250787 -0.014516638591885567 -0.011870373040437698
v -0.0011932874331250787 -0.014516638591885567 -0.011870373040437698
v -0.0011932874331250787 -0.014516638591885567 -0.011870373040437698
v -0.0011932874331250787 -0.014516638591885567 -0.011870373040437698
v -0.0011932874331250787 -0.014516638591885567 -0.011870373040437698
v -0.0011915506329387426 -0.014684106223285198 -0.01249540876597166
v -0.0011915506329387426 -0.014684106223285198 -0.01249540876597166
v -0.0011915506329387426 -0.014684106223285198 -0.01249540876597166
v -0.0011915506329387426 -0.014684106223285198 -0.01249540876597166
v -0.0011915506329387426 -0.014684106223285198 -0.01249540876597166
v -0.0011932696215808392 -0.012351601384580135 -0.01187025848776102
v -0.0011932696215808392 -0.012351601384580135 -0.01187025848776102
v -0.0011932696215808392 -0.012351601384580135 -0.01187025848776102
v -0.0011932696215808392 -0.012351601384580135 -0.01187025848776102
v -0.0011932696215808392 -0.012351601384580135 -0.01187025848776102
v -0.0011932696215808392 -0.012351601384580135 -0.01187025848776102
v -0.0011914982460439205 -0.012184117920696735 -0.012495208531618118
v -0.0011914982460439205 -0.012184117920696735 -0.012495208531618118
v -0.0011914982460439205 -0.012184117920696735 -0.012495208531618118
v -0.0011914982460439205 -0.012184117920696735 -0.012495208531618118
v -0.0011914982460439205 -0.012184117920696735 -0.012495208531618118
v -0.0011914982460439205 -0.012184117920696735 -0.012495208531618118
v 0.0011197717394679785 0.016730129718780518 0.018979467451572418
v 0.0011197717394679785 0.016730129718780518 0.018979467451572418
v 0.0011197717394679785 0.016730129718780518 0.018979467451572418
v 0.0011197717394679785 0.016730129718780518 0.018979467451572418
v 0.0011216000420972705 0.016904378309845924 0.018329469487071037
v 0.0011216000420972705 0.016904378309845924 0.018329469487071037
v 0.0011216000420972705 0.016904378309845924 0.018329469487071037
v 0.0011216000420972705 0.016904378309845924 0.018329469487071037
v 0.0011229789815843105 0.017380250617861748 0.01785368286073208
v 0.0011229789815843105 0.017380250617861748 0.01785368286073208
v 0.0011229789815843105 0.017380250617861748 0.01785368286073208
v 0.0011229789815843105 0.017380250617861748 0.01785368286073208
v 0.0011233912082388997 0.018030263483524323 0.017679551616311073
v 0.0011233912082388997 0.018030263483524323 0.017679551616311073
v 0.0011233912082388997 0.018030263483524323 0.017679551616311073
v 0.0011233912082388997 0.018030263483524323 0.017679551616311073
v 0.0011229462688788772 0.018680233508348465 0.017853757366538048
v 0.0011229462688788772 0.018680233508348465 0.017853757366538048
v 0.0011229462688788772 0.018680233508348465 0.017853757366538048
v 0.0011229462688788772 0.018680233508348465 0.017853757366538048
v 0.0011216276325285435 0.019156059250235558 0.018329618498682976
v 0.0011216276325285435 0.019156059250235558 0.018329618498682976
v 0.0011216276325285435 0.019156059250235558 0.018329618498682976
v 0.0011216276325285435 0.019156059250235558 0.018329618498682976
v 0.0011198187712579966 0.019330164417624474 0.01897960714995861
v 0.0011198187712579966 0.019330164417624474 0.01897960714995861
v 0.0011198187712579966 0.019330164417624474 0.01897960714995861
v 0.0011198187712579966 0.019330164417624474 0.01897960714995861
v 0.0011179758002981544 0.01915591023862362 0.019629614427685738
v 0.0011179758002981544 0.01915591023862362 0.019629614427685738
v 0.0011179758002981544 0.01915591023862362 0.019629614427685738
v 0.0011179758002981544 0.01915591023862362 0.019629614427685738
v 0.0011166079202666879 0.018680082634091377 0.02010544016957283
v 0.0011166079202666879 0.018680082634091377 0.02010544016957283
v 0.0011166079202666879 0.018680082634091377 0.02010544016957283
v 0.0011166079202666879 0.018680082634091377 0.02010544016957283
v 0.0011161098955199122 0.018030086532235146 0.020279591903090477
v 0.0011161098955199122 0.018030086532235146 0.020279591903090477
v 0.0011161098955199122 0.018030086532235146 0.020279591903090477
v 0.0011161098955199122 0.018030086532235146 0.020279591903090477
v 0.0011166405165567994 0.017380090430378914 0.02010536938905716
v 0.0011166405165567994 0.017380090430378914 0.02010536938905716
v 0.0011166405165567994 0.017380090430378914 0.02010536938905716
v 0.0011166405165567994 0.017380090430378914 0.02010536938905716
v 0.0011179593857377768 0.0169043131172657 0.019629471004009247
v 0.0011179593857377768 0.0169043131172657 0.019629471004009247
v 0.0011179593857377768 0.0169043131172657 0.019629471004009247
v 0.0011179593857377768 0.0169043131172657 0.019629471004009247
v 0.0011199534637853503 -0.01933222822844982 0.018977176398038864
v 0.0011199534637853503 -0.01933222822844982 0.018977176398038864
v 0.0011199534637853503 -0.01933222822844982 0.018977176398038864
v 0.0011199534637853503 -0.01933222822844982 0.018977176398038864
v 0.001121781300753355 -0.019158020615577698 0.01832720637321472
v 0.001121781300753355 -0.019158020615577698 0.01832720637321472
v 0.001121781300753355 -0.019158020615577698 0.01832720637321472
v 0.001121781300753355 -0.019158020615577698 0.01832720637321472
v 0.001123160240240395 -0.018682148307561874 0.017851421609520912
v 0.001123160240240395 -0.018682148307561874 0.017851421609520912
v 0.001123160240240395 -0.018682148307561874 0.017851421609520912
v 0.001123160240240395 -0.018682148307561874 0.017851421609520912
v 0.001123660011216998 -0.018032154068350792 0.01767728105187416
v 0.001123660011216998 -0.018032154068350792 0.01767728105187416
v 0.001123660011216998 -0.018032154068350792 0.01767728105187416
v 0.001123660011216998 -0.018032154068350792 0.01767728105187416
v 0.001123127993196249 -0.017382163554430008 0.01785149797797203
v 0.001123127993196249 -0.017382163554430008 0.01785149797797203
v 0.001123127993196249 -0.017382163554430008 0.01785149797797203
v 0.001123127993196249 -0.017382163554430008 0.01785149797797203
v 0.001121810986660421 -0.016906332224607468 0.018327364698052406
v 0.001121810986660421 -0.016906332224607468 0.018327364698052406
v 0.001121810986660421 -0.016906332224607468 0.018327364698052406
v 0.001121810986660421 -0.016906332224607468 0.018327364698052406
v 0.0011199871078133583 -0.01673222705721855 0.01897735334932804
v 0.0011199871078133583 -0.01673222705721855 0.01897735334932804
v 0.0011199871078133583 -0.01673222705721855 0.01897735334932804
v 0.0011199871078133583 -0.01673222705721855 0.01897735334932804
v 0.0011181593872606754 -0.016906434670090675 0.019627321511507034
v 0.0011181593872606754 -0.016906434670090675 0.019627321511507034
v 0.0011181593872606754 -0.016906434670090675 0.019627321511507034
v 0.0011181593872606754 -0.016906434670090675 0.019627321511507034
v 0.0011167892953380942 -0.01738227717578411 0.020103147253394127
v 0.0011167892953380942 -0.01738227717578411 0.020103147253394127
v 0.0011167892953380942 -0.01738227717578411 0.020103147253394127
v 0.0011167892953380942 -0.01738227717578411 0.020103147253394127
v 0.0011163684539496899 -0.018032319843769073 0.020277241244912148
v 0.0011163684539496899 -0.018032319843769073 0.020277241244912148
v 0.0011163684539496899 -0.018032319843769073 0.020277241244912148
v 0.0011163684539496899 -0.018032319843769073 0.020277241244912148
v 0.0011168125784024596 -0.018682340160012245 0.02010307088494301
v 0.0011168125784024596 -0.018682340160012245 0.02010307088494301
v 0.0011168125784024596 -0.018682340160012245 0.02010307088494301
v 0.0011168125784024596 -0.018682340160012245 0.02010307088494301
v 0.0011181407608091831 -0.01915808580815792 0.01962720789015293
v 0.0011181407608091831 -0.01915808580815792 0.01962720789015293
v 0.0011181407608091831 -0.01915808580815792 0.01962720789015293
v 0.0011181407608091831 -0.01915808580815792 0.01962720789015293
v 0.001221412792801857 -0.019330011680722237 -0.017085090279579163
v 0.001221412792801857 -0.019330011680722237 -0.017085090279579163
v 0.001221412792801857 -0.019330011680722237 -0.017085090279579163
v 0.001221412792801857 -0.019330011680722237 -0.017085090279579163
v 0.0012232407461851835 -0.019155755639076233 -0.01773509569466114
v 0.0012232407461851835 -0.019155755639076233 -0.01773509569466114
v 0.0012232407461851835 -0.019155755639076233 -0.01773509569466114
v 0.0012232407461851835 -0.019155755639076233 -0.01773509569466114
v 0.001224607927724719 -0.01867992989718914 -0.01821092516183853
v 0.001224607927724719 -0.01867992989718914 -0.01821092516183853
v 0.001224607927724719 -0.01867992989718914 -0.01821092516183853
v 0.001224607927724719 -0.01867992989718914 -0.01821092516183853
v 0.0012251230655238032 -0.01802992820739746 -0.01838506944477558
v 0.0012251230655238032 -0.01802992820739746 -0.01838506944477558
v 0.0012251230655238032 -0.01802992820739746 -0.01838506944477558
v 0.0012251230655238032 -0.01802992820739746 -0.01838506944477558
v 0.0012245874386280775 -0.017379898577928543 -0.01821080595254898
v 0.0012245874386280775 -0.017379898577928543 -0.01821080595254898
v 0.0012245874386280775 -0.017379898577928543 -0.01821080595254898
v 0.0012245874386280775 -0.017379898577928543 -0.01821080595254898
v 0.001223258557729423 -0.016904154792428017 -0.017734946683049202
v 0.001223258557729423 -0.016904154792428017 -0.017734946683049202
v 0.001223258557729423 -0.016904154792428017 -0.017734946683049202
v 0.001223258557729423 -0.016904154792428017 -0.017734946683049202
v 0.0012214591260999441 -0.01672997884452343 -0.01708495430648327
v 0.0012214591260999441 -0.01672997884452343 -0.01708495430648327
v 0.0012214591260999441 -0.01672997884452343 -0.01708495430648327
v 0.0012214591260999441 -0.01672997884452343 -0.01708495430648327
v 0.0012196179013699293 -0.01690421998500824 -0.01643494702875614
v 0.0012196179013699293 -0.01690421998500824 -0.01643494702875614
v 0.0012196179013699293 -0.01690421998500824 -0.01643494702875614
v 0.0012196179013699293 -0.01690421998500824 -0.01643494702875614
v 0.0012182369828224182 -0.01738009788095951 -0.01595916785299778
v 0.0012182369828224182 -0.01738009788095951 -0.01595916785299778
v 0.0012182369828224182 -0.01738009788095951 -0.01595916785299778
v 0.0012182369828224182 -0.01738009788095951 -0.01595916785299778
v 0.0012178417528048158 -0.018030105158686638 -0.015785029157996178
v 0.0012178417528048158 -0.018030105158686638 -0.015785029157996178
v 0.0012178417528048158 -0.018030105158686638 -0.015785029157996178
v 0.0012178417528048158 -0.018030105158686638 -0.015785029157996178
v 0.0012182713253423572 -0.01868007704615593 -0.0159592367708683
v 0.0012182713253423572 -0.01868007704615593 -0.0159592367708683
v 0.0012182713253423572 -0.01868007704615593 -0.0159592367708683
v 0.0012182713253423572 -0.01868007704615593 -0.0159592367708683
v 0.0012195890303701162 -0.01915590465068817 -0.016435101628303528
v 0.0012195890303701162 -0.01915590465068817 -0.016435101628303528
v 0.0012195890303701162 -0.01915590465068817 -0.016435101628303528
v 0.0012195890303701162 -0.01915590465068817 -0.016435101628303528
v 0.0012212308356538415 0.016732385382056236 -0.017082830891013145
v 0.0012212308356538415 0.016732385382056236 -0.017082830891013145
v 0.0012212308356538415 0.016732385382056236 -0.017082830891013145
v 0.0012212308356538415 0.016732385382056236 -0.017082830891013145
v 0.0012230585562065244 0.01690659299492836 -0.01773279905319214
v 0.0012230585562065244 0.01690659299492836 -0.01773279905319214
v 0.0012230585562065244 0.01690659299492836 -0.01773279905319214
v 0.0012230585562065244 0.01690659299492836 -0.01773279905319214
v 0.0012244376121088862 0.017382467165589333 -0.018208585679531097
v 0.0012244376121088862 0.017382467165589333 -0.018208585679531097
v 0.0012244376121088862 0.017382467165589333 -0.018208585679531097
v 0.0012244376121088862 0.017382467165589333 -0.018208585679531097
v 0.001224848092533648 0.01803247258067131 -0.0183827243745327
v 0.001224848092533648 0.01803247258067131 -0.0183827243745327
v 0.001224848092533648 0.01803247258067131 -0.0183827243745327
v 0.001224848092533648 0.01803247258067131 -0.0183827243745327
v 0.0012244053650647402 0.01868249848484993 -0.018208546563982964
v 0.0012244053650647402 0.01868249848484993 -0.018208546563982964
v 0.0012244053650647402 0.01868249848484993 -0.018208546563982964
v 0.0012244053650647402 0.01868249848484993 -0.018208546563982964
v 0.0012230752035975456 0.01915823668241501 -0.017732694745063782
v 0.0012230752035975456 0.01915823668241501 -0.017732694745063782
v 0.0012230752035975456 0.01915823668241501 -0.017732694745063782
v 0.0012230752035975456 0.01915823668241501 -0.017732694745063782
v 0.0012211751891300082 0.019332394003868103 -0.017082644626498222
v 0.0012211751891300082 0.019332394003868103 -0.017082644626498222
v 0.0012211751891300082 0.019332394003868103 -0.017082644626498222
v 0.0012211751891300082 0.019332394003868103 -0.017082644626498222
v 0.0012193473521620035 0.01915818452835083 -0.01643267646431923
v 0.0012193473521620035 0.01915818452835083 -0.01643267646431923
v 0.0012193473521620035 0.01915818452835083 -0.01643267646431923
v 0.0012193473521620035 0.01915818452835083 -0.01643267646431923
v 0.0012180819176137447 0.018682338297367096 -0.015956860035657883
v 0.0012180819176137447 0.018682338297367096 -0.015956860035657883
v 0.0012180819176137447 0.018682338297367096 -0.015956860035657883
v 0.0012180819176137447 0.018682338297367096 -0.015956860035657883
v 0.0012175558367744088 0.01803230680525303 -0.01578276790678501
v 0.0012175558367744088 0.01803230680525303 -0.01578276790678501
v 0.0012175558367744088 0.01803230680525303 -0.01578276790678501
v 0.0012175558367744088 0.01803230680525303 -0.01578276790678501
v 0.0012180007761344314 0.01738232746720314 -0.015956968069076538
v 0.0012180007761344314 0.01738232746720314 -0.015956968069076538
v 0.0012180007761344314 0.01738232746720314 -0.015956968069076538
v 0.0012180007761344314 0.01738232746720314 -0.015956968069076538
v 0.0012194180162623525 0.016906527802348137 -0.01643279753625393
v 0.0012194180162623525 0.016906527802348137 -0.01643279753625393
v 0.0012194180162623525 0.016906527802348137 -0.01643279753625393
v 0.0012194180162623525 0.016906527802348137 -0.01643279753625393
v 0.0026515552308410406 -0.027672160416841507 0.007770252879709005
v 0.0026515552308410406 -0.027672160416841507 0.007770252879709005
v 0.00264536589384079 -0.027033731341362 0.009974807500839233
v 0.00264536589384079 -0.027033731341362 0.009974807500839233
v 0.00264536589384079 -0.027033731341362 0.009974807500839233
v 0.0025921023916453123 -0.005702317226678133 0.028875047340989113
v 0.0025921023916453123 -0.005702317226678133 0.028875047340989113
v 0.0025910150725394487 -0.003436925122514367 0.029243333265185356
v 0.0025910150725394487 -0.003436925122514367 0.029243333265185356
v 0.0025910150725394487 -0.003436925122514367 0.029243333265185356
v 0.0025904907379299402 -0.0011492172488942742 0.029428141191601753
v 0.0025904907379299402 -0.0011492172488942742 0.029428141191601753
v 0.0025904844515025616 0.001145917922258377 0.02942829579114914
v 0.0025904844515025616 0.001145917922258377 0.02942829579114914
v 0.0025910299737006426 0.0034336524549871683 0.029243752360343933
v 0.0025910299737006426 0.0034336524549871683 0.029243752360343933
v 0.002592038828879595 0.00569913862273097 0.02887573093175888
v 0.002592038828879595 0.00569913862273097 0.02887573093175888
v 0.0026450667064636946 0.02703281305730343 0.009978152811527252
v 0.0026450667064636946 0.02703281305730343 0.009978152811527252
v 0.0026958296075463295 0.027033917605876923 -0.008071831427514553
v 0.0026958296075463295 0.027033917605876923 -0.008071831427514553
v 0.0026958296075463295 0.027033917605876923 -0.008071831427514553
v 0.002689654938876629 0.02767234668135643 -0.005867278669029474
v 0.002689654938876629 0.02767234668135643 -0.005867278669029474
v 0.0026832949370145798 0.02813127264380455 -0.00361846387386322
v 0.0026832949370145798 0.02813127264380455 -0.00361846387386322
v 0.0026768504176288843 0.02840779535472393 -0.0013400198658928275
v 0.0026768504176288843 0.02840779535472393 -0.0013400198658928275
v 0.002670388435944915 0.028500055894255638 0.000953249225858599
v 0.002670388435944915 0.028500055894255638 0.000953249225858599
v 0.0026639681309461594 0.028407491743564606 0.0032465611584484577
v 0.0026639681309461594 0.028407491743564606 0.0032465611584484577
v 0.0026575392112135887 0.028130728751420975 0.005524952430278063
v 0.0026575392112135887 0.028130728751420975 0.005524952430278063
v 0.002651206450536847 0.027671491727232933 0.007773715537041426
v 0.002651206450536847 0.027671491727232933 0.007773715537041426
v 0.002651206450536847 0.027671491727232933 0.007773715537041426
v 0.002639331854879856 -0.02621999755501747 0.012120851315557957
v 0.002639331854879856 -0.02621999755501747 0.012120851315557957
v 0.0026334612630307674 -0.0252362210303545 0.014194455929100513
v 0.0026334612630307674 -0.0252362210303545 0.014194455929100513
v 0.0026278754230588675 -0.02408873662352562 0.01618221402168274
v 0.0026278754230588675 -0.02408873662352562 0.01618221402168274
v 0.002622565720230341 -0.022785058245062828 0.018071135506033897
v 0.002622565720230341 -0.022785058245062828 0.018071135506033897
v 0.0026176085229963064 -0.02133360505104065 0.019849039614200592
v 0.0026176085229963064 -0.02133360505104065 0.019849039614200592
v 0.002612929092720151 -0.019743839278817177 0.021504420787096024
v 0.002612929092720151 -0.019743839278817177 0.021504420787096024
v 0.002608587732538581 -0.01802595518529415 0.0230264812707901
v 0.002608587732538581 -0.01802595518529415 0.0230264812707901
v 0.0026046806015074253 -0.01619117148220539 0.024405427277088165
v 0.0026046806015074253 -0.01619117148220539 0.024405427277088165
v 0.0026011888403445482 -0.014251429587602615 0.02563222125172615
v 0.0026011888403445482 -0.014251429587602615 0.02563222125172615
v 0.0025982249062508345 -0.01221921294927597 0.026698974892497063
v 0.0025982249062508345 -0.01221921294927597 0.026698974892497063
v 0.002595724305137992 -0.010107774287462234 0.02759869582951069
v 0.002595724305137992 -0.010107774287462234 0.02759869582951069
v 0.002593624871224165 -0.007930813357234001 0.028325626626610756
v 0.002593624871224165 -0.007930813357234001 0.028325626626610756
v 0.002593499142676592 0.007927626371383667 0.028326639905571938
v 0.002593499142676592 0.007927626371383667 0.028326639905571938
v 0.002593499142676592 0.007927626371383667 0.028326639905571938
v 0.002595578320324421 0.010104692541062832 0.027599960565567017
v 0.002595578320324421 0.010104692541062832 0.027599960565567017
v 0.0025980989448726177 0.01221627276390791 0.02670047990977764
v 0.0025980989448726177 0.01221627276390791 0.02670047990977764
v 0.0026010433211922646 0.014248596504330635 0.025633949786424637
v 0.0026010433211922646 0.014248596504330635 0.025633949786424637
v 0.002604515990242362 0.01618851162493229 0.0244073998183012
v 0.002604515990242362 0.01618851162493229 0.0244073998183012
v 0.0026083674747496843 0.018023427575826645 0.023028772324323654
v 0.0026083674747496843 0.018023427575826645 0.023028772324323654
v 0.002612628974020481 0.019741417840123177 0.021506929770112038
v 0.002612628974020481 0.019741417840123177 0.021506929770112038
v 0.0026172841899096966 0.021331453695893288 0.019851742312312126
v 0.0026172841899096966 0.021331453695893288 0.019851742312312126
v 0.0026223300956189632 0.022783132269978523 0.018074024468660355
v 0.0026223300956189632 0.022783132269978523 0.018074024468660355
v 0.002627577632665634 0.024087032303214073 0.016185201704502106
v 0.002627577632665634 0.024087032303214073 0.016185201704502106
v 0.0026331539265811443 0.02523472160100937 0.014197646640241146
v 0.0026331539265811443 0.02523472160100937 0.014197646640241146
v 0.002639009151607752 0.026218822225928307 0.012124144472181797
v 0.002639009151607752 0.026218822225928307 0.012124144472181797
v 0.002701863879337907 0.026220185682177544 -0.010217875242233276
v 0.002701863879337907 0.026220185682177544 -0.010217875242233276
v 0.002701863879337907 0.026220185682177544 -0.010217875242233276
v 0.0027077379636466503 0.02523637004196644 -0.012291526421904564
v 0.0027077379636466503 0.02523637004196644 -0.012291526421904564
v 0.0027133210096508265 0.02408892661333084 -0.014279235154390335
v 0.0027133210096508265 0.02408892661333084 -0.014279235154390335
v 0.002718630013987422 0.0227852463722229 -0.016168158501386642
v 0.002718630013987422 0.0227852463722229 -0.016168158501386642
v 0.002723587676882744 0.021333793178200722 -0.01794605888426304
v 0.002723587676882744 0.021333793178200722 -0.01794605888426304
v 0.0027282554656267166 0.019743990153074265 -0.0196014903485775
v 0.0027282554656267166 0.019743990153074265 -0.0196014903485775
v 0.0027282554656267166 0.019743990153074265 -0.0196014903485775
v 0.0027325968258082867 0.01802610419690609 -0.021123550832271576
v 0.0027325968258082867 0.01802610419690609 -0.021123550832271576
v 0.0027365151327103376 0.016191359609365463 -0.02250245213508606
v 0.0027365151327103376 0.016191359609365463 -0.02250245213508606
v 0.0027400075923651457 0.014251619577407837 -0.023729240521788597
v 0.0027400075923651457 0.014251619577407837 -0.023729240521788597
v 0.002742971293628216 0.012219402939081192 -0.02479599602520466
v 0.002742971293628216 0.012219402939081192 -0.02479599602520466
v 0.002745472127571702 0.010107963345944881 -0.025695716962218285
v 0.002745472127571702 0.010107963345944881 -0.025695716962218285
v 0.0027475603856146336 0.007930966094136238 -0.026422692462801933
v 0.0027475603856146336 0.007930966094136238 -0.026422692462801933
v 0.0027490940410643816 0.005702507216483355 -0.02697206847369671
v 0.0027490940410643816 0.005702507216483355 -0.02697206847369671
v 0.002750169485807419 0.0034370755311101675 -0.027340402826666832
v 0.002750169485807419 0.0034370755311101675 -0.027340402826666832
v 0.0027507084887474775 0.0011493656784296036 -0.02752521261572838
v 0.0027507084887474775 0.0011493656784296036 -0.02752521261572838
v 0.0027507152408361435 -0.0011457683285698295 -0.027525365352630615
v 0.0027507152408361435 -0.0011457683285698295 -0.027525365352630615
v 0.0027501541189849377 -0.00343350344337523 -0.027340823784470558
v 0.0027501541189849377 -0.00343350344337523 -0.027340823784470558
v 0.0027491573709994555 -0.005698948632925749 -0.026972752064466476
v 0.0027491573709994555 -0.005698948632925749 -0.026972752064466476
v 0.0027477110270410776 -0.007927441038191319 -0.026423664763569832
v 0.0027477110270410776 -0.007927441038191319 -0.026423664763569832
v 0.0027456169482320547 -0.010104506276547909 -0.02569698542356491
v 0.0027456169482320547 -0.010104506276547909 -0.02569698542356491
v 0.0027430972550064325 -0.012216083705425262 -0.024797501042485237
v 0.0027430972550064325 -0.012216083705425262 -0.024797501042485237
v 0.002740156138315797 -0.014248446561396122 -0.023731019347906113
v 0.002740156138315797 -0.014248446561396122 -0.023731019347906113
v 0.0027366692665964365 -0.016188358888030052 -0.022504465654492378
v 0.0027366692665964365 -0.016188358888030052 -0.022504465654492378
v 0.0027327262796461582 -0.01802322454750538 -0.021125778555870056
v 0.0027327262796461582 -0.01802322454750538 -0.021125778555870056
v 0.002728566760197282 -0.019741229712963104 -0.019603952765464783
v 0.002728566760197282 -0.019741229712963104 -0.019603952765464783
v 0.002723911078646779 -0.021331267431378365 -0.01794876903295517
v 0.002723911078646779 -0.021331267431378365 -0.01794876903295517
v 0.0027188658714294434 -0.02278294414281845 -0.01617104560136795
v 0.0027188658714294434 -0.02278294414281845 -0.01617104560136795
v 0.0027136069256812334 -0.024086881428956985 -0.014282270334661007
v 0.0027136069256812334 -0.024086881428956985 -0.014282270334661007
v 0.002708041574805975 -0.025234533473849297 -0.012294670566916466
v 0.002708041574805975 -0.025234533473849297 -0.012294670566916466
v 0.0027021868154406548 -0.026218634098768234 -0.010221166536211967
v 0.0027021868154406548 -0.026218634098768234 -0.010221166536211967
v 0.002696129959076643 -0.027032623067498207 -0.008075172081589699
v 0.002696129959076643 -0.027032623067498207 -0.008075172081589699
v 0.002689887071028352 -0.027671290561556816 -0.00587072316557169
v 0.002689887071028352 -0.027671290561556816 -0.00587072316557169
v 0.0026836562901735306 -0.028130540624260902 -0.0036219763569533825
v 0.0026836562901735306 -0.028130540624260902 -0.0036219763569533825
v 0.0026772276032716036 -0.028407303616404533 -0.0013435848522931337
v 0.0026772276032716036 -0.028407303616404533 -0.0013435848522931337
v 0.0026707968208938837 -0.0284999031573534 0.0009496845887042582
v 0.0026707968208938837 -0.0284999031573534 0.0009496845887042582
v 0.002664360450580716 -0.028407607227563858 0.0032429967541247606
v 0.002664360450580716 -0.028407607227563858 0.0032429967541247606
v 0.0026578898541629314 -0.028131121769547462 0.005521394778043032
v 0.0026578898541629314 -0.028131121769547462 0.005521394778043032
v 0.002632883610203862 -0.014685750007629395 0.014385541900992393
v 0.002632883610203862 -0.014685750007629395 0.014385541900992393
v 0.002632883610203862 -0.014685750007629395 0.014385541900992393
v 0.002632883610203862 -0.014685750007629395 0.014385541900992393
v 0.0026346545200794935 -0.014518230222165585 0.013760557398200035
v 0.0026346545200794935 -0.014518230222165585 0.013760557398200035
v 0.0026346545200794935 -0.014518230222165585 0.013760557398200035
v 0.0026346545200794935 -0.014518230222165585 0.013760557398200035
v 0.0026359446346759796 -0.01406069565564394 0.013303009793162346
v 0.0026359446346759796 -0.01406069565564394 0.013303009793162346
v 0.0026359446346759796 -0.01406069565564394 0.013303009793162346
v 0.0026359446346759796 -0.01406069565564394 0.013303009793162346
v 0.0026364249642938375 -0.013435662724077702 0.013135585933923721
v 0.0026364249642938375 -0.013435662724077702 0.013135585933923721
v 0.0026364249642938375 -0.013435662724077702 0.013135585933923721
v 0.0026364249642938375 -0.013435662724077702 0.013135585933923721
v 0.002635862212628126 -0.01281068753451109 0.013303134590387344
v 0.002635862212628126 -0.01281068753451109 0.013303134590387344
v 0.002635862212628126 -0.01281068753451109 0.013303134590387344
v 0.002635862212628126 -0.01281068753451109 0.013303134590387344
v 0.0026346861850470304 -0.012353196740150452 0.01376066729426384
v 0.0026346861850470304 -0.012353196740150452 0.01376066729426384
v 0.0026346861850470304 -0.012353196740150452 0.01376066729426384
v 0.0026346861850470304 -0.012353196740150452 0.01376066729426384
v 0.0026329229585826397 -0.012185766361653805 0.014385656453669071
v 0.0026329229585826397 -0.012185766361653805 0.014385656453669071
v 0.0026329229585826397 -0.012185766361653805 0.014385656453669071
v 0.0026329229585826397 -0.012185766361653805 0.014385656453669071
v 0.0026311632245779037 -0.01235324889421463 0.015010686591267586
v 0.0026311632245779037 -0.01235324889421463 0.015010686591267586
v 0.0026311632245779037 -0.01235324889421463 0.015010686591267586
v 0.0026311632245779037 -0.01235324889421463 0.015010686591267586
v 0.002629876835271716 -0.012810822576284409 0.01546818669885397
v 0.002629876835271716 -0.012810822576284409 0.01546818669885397
v 0.002629876835271716 -0.012810822576284409 0.01546818669885397
v 0.002629876835271716 -0.012810822576284409 0.01546818669885397
v 0.002629381837323308 -0.013435855507850647 0.015635613352060318
v 0.002629381837323308 -0.013435855507850647 0.015635613352060318
v 0.002629381837323308 -0.013435855507850647 0.015635613352060318
v 0.002629381837323308 -0.013435855507850647 0.015635613352060318
v 0.002629841910675168 -0.014060809276998043 0.015468073077499866
v 0.002629841910675168 -0.014060809276998043 0.015468073077499866
v 0.002629841910675168 -0.014060809276998043 0.015468073077499866
v 0.002629841910675168 -0.014060809276998043 0.015468073077499866
v 0.0026311350520700216 -0.014518320560455322 0.015010529197752476
v 0.0026311350520700216 -0.014518320560455322 0.015010529197752476
v 0.0026311350520700216 -0.014518320560455322 0.015010529197752476
v 0.0026311350520700216 -0.014518320560455322 0.015010529197752476
v 0.002632725518196821 0.012184277176856995 0.014387206174433231
v 0.002632725518196821 0.012184277176856995 0.014387206174433231
v 0.002632725518196821 0.012184277176856995 0.014387206174433231
v 0.002632725518196821 0.012184277176856995 0.014387206174433231
v 0.002634512959048152 0.012351763434708118 0.013762259855866432
v 0.002634512959048152 0.012351763434708118 0.013762259855866432
v 0.002634512959048152 0.012351763434708118 0.013762259855866432
v 0.002634512959048152 0.012351763434708118 0.013762259855866432
v 0.0026358000468462706 0.012809338979423046 0.013304762542247772
v 0.0026358000468462706 0.012809338979423046 0.013304762542247772
v 0.0026358000468462706 0.012809338979423046 0.013304762542247772
v 0.0026358000468462706 0.012809338979423046 0.013304762542247772
v 0.002636283403262496 0.013434339314699173 0.013137281872332096
v 0.002636283403262496 0.013434339314699173 0.013137281872332096
v 0.002636283403262496 0.013434339314699173 0.013137281872332096
v 0.002636283403262496 0.013434339314699173 0.013137281872332096
v 0.0026357206515967846 0.014059306122362614 0.013304837048053741
v 0.0026357206515967846 0.014059306122362614 0.013304837048053741
v 0.0026357206515967846 0.014059306122362614 0.013304837048053741
v 0.0026357206515967846 0.014059306122362614 0.013304837048053741
v 0.0026345299556851387 0.014516797848045826 0.013762371614575386
v 0.0026345299556851387 0.014516797848045826 0.013762371614575386
v 0.0026345299556851387 0.014516797848045826 0.013762371614575386
v 0.0026345299556851387 0.014516797848045826 0.013762371614575386
v 0.0026327669620513916 0.014684228226542473 0.014387360773980618
v 0.0026327669620513916 0.014684228226542473 0.014387360773980618
v 0.0026327669620513916 0.014684228226542473 0.014387360773980618
v 0.0026327669620513916 0.014684228226542473 0.014387360773980618
v 0.002631006995216012 0.014516745693981647 0.015012390911579132
v 0.002631006995216012 0.014516745693981647 0.015012390911579132
v 0.002631006995216012 0.014516745693981647 0.015012390911579132
v 0.002631006995216012 0.014516745693981647 0.015012390911579132
v 0.002629616064950824 0.014059185981750488 0.01546989195048809
v 0.002629616064950824 0.014059185981750488 0.01546989195048809
v 0.002629616064950824 0.014059185981750488 0.01546989195048809
v 0.002629616064950824 0.014059185981750488 0.01546989195048809
v 0.0026292256079614162 0.013434186577796936 0.01563727855682373
v 0.0026292256079614162 0.013434186577796936 0.01563727855682373
v 0.0026292256079614162 0.013434186577796936 0.01563727855682373
v 0.0026292256079614162 0.013434186577796936 0.01563727855682373
v 0.0026296856813132763 0.012809201143682003 0.015469765290617943
v 0.0026296856813132763 0.012809201143682003 0.015469765290617943
v 0.0026296856813132763 0.012809201143682003 0.015469765290617943
v 0.0026296856813132763 0.012809201143682003 0.015469765290617943
v 0.0026309790555387735 0.012351704761385918 0.015012209303677082
v 0.0026309790555387735 0.012351704761385918 0.015012209303677082
v 0.0026309790555387735 0.012351704761385918 0.015012209303677082
v 0.0026309790555387735 0.012351704761385918 0.015012209303677082
v 0.0027082725428044796 0.012185954488813877 -0.012482680380344391
v 0.0027082725428044796 0.012185954488813877 -0.012482680380344391
v 0.0027082725428044796 0.012185954488813877 -0.012482680380344391
v 0.0027082725428044796 0.012185954488813877 -0.012482680380344391
v 0.0027100329753011465 0.012353438884019852 -0.013107706792652607
v 0.0027100329753011465 0.012353438884019852 -0.013107706792652607
v 0.0027100329753011465 0.012353438884019852 -0.013107706792652607
v 0.0027100329753011465 0.012353438884019852 -0.013107706792652607
v 0.002711336361244321 0.012811017222702503 -0.013565201312303543
v 0.002711336361244321 0.012811017222702503 -0.013565201312303543
v 0.002711336361244321 0.012811017222702503 -0.013565201312303543
v 0.002711336361244321 0.012811017222702503 -0.013565201312303543
v 0.002711828565225005 0.013436040841042995 -0.013732639141380787
v 0.002711828565225005 0.013436040841042995 -0.013732639141380787
v 0.002711828565225005 0.013436040841042995 -0.013732639141380787
v 0.002711828565225005 0.013436040841042995 -0.013732639141380787
v 0.002711354522034526 0.014060999266803265 -0.013565094210207462
v 0.002711354522034526 0.014060999266803265 -0.013565094210207462
v 0.002711354522034526 0.014060999266803265 -0.013565094210207462
v 0.002711354522034526 0.014060999266803265 -0.013565094210207462
v 0.002710075816139579 0.014518508687615395 -0.01310755219310522
v 0.002710075816139579 0.014518508687615395 -0.01310755219310522
v 0.002710075816139579 0.014518508687615395 -0.01310755219310522
v 0.002710075816139579 0.014518508687615395 -0.01310755219310522
v 0.002708314685150981 0.014685946516692638 -0.012482554651796818
v 0.002708314685150981 0.014685946516692638 -0.012482554651796818
v 0.002708314685150981 0.014685946516692638 -0.012482554651796818
v 0.002708314685150981 0.014685946516692638 -0.012482554651796818
v 0.0027065412141382694 0.014518417418003082 -0.011857581324875355
v 0.0027065412141382694 0.014518417418003082 -0.011857581324875355
v 0.0027065412141382694 0.014518417418003082 -0.011857581324875355
v 0.0027065412141382694 0.014518417418003082 -0.011857581324875355
v 0.002705254592001438 0.014060844667255878 -0.011400081217288971
v 0.002705254592001438 0.014060844667255878 -0.011400081217288971
v 0.002705254592001438 0.014060844667255878 -0.011400081217288971
v 0.002705254592001438 0.014060844667255878 -0.011400081217288971
v 0.002704859245568514 0.013435841538012028 -0.011232620105147362
v 0.002704859245568514 0.013435841538012028 -0.011232620105147362
v 0.002704859245568514 0.013435841538012028 -0.011232620105147362
v 0.002704859245568514 0.013435841538012028 -0.011232620105147362
v 0.0027052315417677164 0.012810889631509781 -0.011400139890611172
v 0.0027052315417677164 0.012810889631509781 -0.011400139890611172
v 0.0027052315417677164 0.012810889631509781 -0.011400139890611172
v 0.0027052315417677164 0.012810889631509781 -0.011400139890611172
v 0.00270652468316257 0.012353384867310524 -0.011857690289616585
v 0.00270652468316257 0.012353384867310524 -0.011857690289616585
v 0.00270652468316257 0.012353384867310524 -0.011857690289616585
v 0.00270652468316257 0.012353384867310524 -0.011857690289616585
v 0.0027084178291261196 -0.01468407828360796 -0.012484430335462093
v 0.0027084178291261196 -0.01468407828360796 -0.012484430335462093
v 0.0027084178291261196 -0.01468407828360796 -0.012484430335462093
v 0.0027084178291261196 -0.01468407828360796 -0.012484430335462093
v 0.0027101892046630383 -0.014516555704176426 -0.013109412044286728
v 0.0027101892046630383 -0.014516555704176426 -0.013109412044286728
v 0.0027101892046630383 -0.014516555704176426 -0.013109412044286728
v 0.0027101892046630383 -0.014516555704176426 -0.013109412044286728
v 0.002711476990953088 -0.014058985747396946 -0.013566900976002216
v 0.002711476990953088 -0.014058985747396946 -0.013566900976002216
v 0.002711476990953088 -0.014058985747396946 -0.013566900976002216
v 0.002711476990953088 -0.014058985747396946 -0.013566900976002216
v 0.0027119596488773823 -0.013434033840894699 -0.013734345324337482
v 0.0027119596488773823 -0.013434033840894699 -0.013734345324337482
v 0.0027119596488773823 -0.013434033840894699 -0.013734345324337482
v 0.0027119596488773823 -0.013434033840894699 -0.013734345324337482
v 0.0027114995755255222 -0.01280904933810234 -0.01356683112680912
v 0.0027114995755255222 -0.01280904933810234 -0.01356683112680912
v 0.0027114995755255222 -0.01280904933810234 -0.01356683112680912
v 0.0027114995755255222 -0.01280904933810234 -0.01356683112680912
v 0.002710205502808094 -0.01235155388712883 -0.013109277933835983
v 0.002710205502808094 -0.01235155388712883 -0.013109277933835983
v 0.002710205502808094 -0.01235155388712883 -0.013109277933835983
v 0.002710205502808094 -0.01235155388712883 -0.013109277933835983
v 0.002708469983190298 -0.012184089049696922 -0.012484230101108551
v 0.002708469983190298 -0.012184089049696922 -0.012484230101108551
v 0.002708469983190298 -0.012184089049696922 -0.012484230101108551
v 0.002708469983190298 -0.012184089049696922 -0.012484230101108551
v 0.0027066972106695175 -0.01235157810151577 -0.011859285645186901
v 0.0027066972106695175 -0.01235157810151577 -0.011859285645186901
v 0.0027066972106695175 -0.01235157810151577 -0.011859285645186901
v 0.0027066972106695175 -0.01235157810151577 -0.011859285645186901
v 0.0027053961530327797 -0.012809148989617825 -0.011401783674955368
v 0.0027053961530327797 -0.012809148989617825 -0.011401783674955368
v 0.0027053961530327797 -0.012809148989617825 -0.011401783674955368
v 0.0027053961530327797 -0.012809148989617825 -0.011401783674955368
v 0.0027049158234149218 -0.013434190303087234 -0.011234353296458721
v 0.0027049158234149218 -0.013434190303087234 -0.011234353296458721
v 0.0027049158234149218 -0.013434190303087234 -0.011234353296458721
v 0.0027049158234149218 -0.013434190303087234 -0.011234353296458721
v 0.002705489518120885 -0.01405911985784769 -0.01140186283737421
v 0.002705489518120885 -0.01405911985784769 -0.01140186283737421
v 0.002705489518120885 -0.01405911985784769 -0.01140186283737421
v 0.002705489518120885 -0.01405911985784769 -0.01140186283737421
v 0.00270665530115366 -0.014516645111143589 -0.011859437450766563
v 0.00270665530115366 -0.014516645111143589 -0.011859437450766563
v 0.00270665530115366 -0.014516645111143589 -0.011859437450766563
v 0.00270665530115366 -0.014516645111143589 -0.011859437450766563
v 0.0024234310258179903 0.015778616070747375 0.017683090642094612
v 0.0024234310258179903 0.015778616070747375 0.017683090642094612
v 0.0024234310258179903 0.015778616070747375 0.017683090642094612
v 0.0024234310258179903 0.015778616070747375 0.017683090642094612
v 0.0024261632934212685 0.01673031784594059 0.01673148013651371
v 0.0024261632934212685 0.01673031784594059 0.01673148013651371
v 0.0024261632934212685 0.01673031784594059 0.01673148013651371
v 0.0024261632934212685 0.01673031784594059 0.01673148013651371
v 0.0024270883295685053 0.018030324950814247 0.01638319343328476
v 0.0024270883295685053 0.018030324950814247 0.01638319343328476
v 0.0024270883295685053 0.018030324950814247 0.01638319343328476
v 0.0024270883295685053 0.018030324950814247 0.01638319343328476
v 0.002426098333671689 0.01933029480278492 0.01673162542283535
v 0.002426098333671689 0.01933029480278492 0.01673162542283535
v 0.002426098333671689 0.01933029480278492 0.01673162542283535
v 0.002426098333671689 0.01933029480278492 0.01673162542283535
v 0.002423466183245182 0.02028191089630127 0.017683308571577072
v 0.002423466183245182 0.02028191089630127 0.017683308571577072
v 0.002423466183245182 0.02028191089630127 0.017683308571577072
v 0.002423466183245182 0.02028191089630127 0.017683308571577072
v 0.0024197420570999384 0.020630164071917534 0.018983349204063416
v 0.0024197420570999384 0.020630164071917534 0.018983349204063416
v 0.0024197420570999384 0.020630164071917534 0.018983349204063416
v 0.0024197420570999384 0.020630164071917534 0.018983349204063416
v 0.002416082425042987 0.020281746983528137 0.02028336375951767
v 0.002416082425042987 0.020281746983528137 0.02028336375951767
v 0.002416082425042987 0.020281746983528137 0.02028336375951767
v 0.002416082425042987 0.020281746983528137 0.02028336375951767
v 0.0024134363047778606 0.019330020993947983 0.021234961226582527
v 0.0024134363047778606 0.019330020993947983 0.021234961226582527
v 0.0024134363047778606 0.019330020993947983 0.021234961226582527
v 0.0024134363047778606 0.019330020993947983 0.021234961226582527
v 0.002412500325590372 0.01803002320230007 0.021583164110779762
v 0.002412500325590372 0.01803002320230007 0.021583164110779762
v 0.002412500325590372 0.01803002320230007 0.021583164110779762
v 0.002412500325590372 0.01803002320230007 0.021583164110779762
v 0.002413389505818486 0.01673005521297455 0.021234765648841858
v 0.002413389505818486 0.01673005521297455 0.021234765648841858
v 0.002413389505818486 0.01673005521297455 0.021234765648841858
v 0.002413389505818486 0.01673005521297455 0.021234765648841858
v 0.002416138770058751 0.015778448432683945 0.0202830471098423
v 0.002416138770058751 0.015778448432683945 0.0202830471098423
v 0.002416138770058751 0.015778448432683945 0.0202830471098423
v 0.002416138770058751 0.015778448432683945 0.0202830471098423
v 0.002419760450720787 0.015430192463099957 0.018983034417033195
v 0.002419760450720787 0.015430192463099957 0.018983034417033195
v 0.002419760450720787 0.015430192463099957 0.018983034417033195
v 0.002419760450720787 0.015430192463099957 0.018983034417033195
v 0.0024236999452114105 -0.020283794030547142 0.017680814489722252
v 0.0024236999452114105 -0.020283794030547142 0.017680814489722252
v 0.0024236999452114105 -0.020283794030547142 0.017680814489722252
v 0.0024236999452114105 -0.020283794030547142 0.017680814489722252
v 0.0024263462983071804 -0.019332073628902435 0.01672922447323799
v 0.0024263462983071804 -0.019332073628902435 0.01672922447323799
v 0.0024263462983071804 -0.019332073628902435 0.01672922447323799
v 0.0024263462983071804 -0.019332073628902435 0.01672922447323799
v 0.002427256666123867 -0.018032073974609375 0.016380947083234787
v 0.002427256666123867 -0.018032073974609375 0.016380947083234787
v 0.002427256666123867 -0.018032073974609375 0.016380947083234787
v 0.002427256666123867 -0.018032073974609375 0.016380947083234787
v 0.0024262797087430954 -0.016732104122638702 0.016729364171624184
v 0.0024262797087430954 -0.016732104122638702 0.016729364171624184
v 0.0024262797087430954 -0.016732104122638702 0.016729364171624184
v 0.0024262797087430954 -0.016732104122638702 0.016729364171624184
v 0.0024236333556473255 -0.01578049175441265 0.017681056633591652
v 0.0024236333556473255 -0.01578049175441265 0.017681056633591652
v 0.0024236333556473255 -0.01578049175441265 0.017681056633591652
v 0.0024236333556473255 -0.01578049175441265 0.017681056633591652
v 0.0024199087638407946 -0.015432232059538364 0.0189810898154974
v 0.0024199087638407946 -0.015432232059538364 0.0189810898154974
v 0.0024199087638407946 -0.015432232059538364 0.0189810898154974
v 0.0024199087638407946 -0.015432232059538364 0.0189810898154974
v 0.002416352042928338 -0.015780622139573097 0.02028105966746807
v 0.002416352042928338 -0.015780622139573097 0.02028105966746807
v 0.002416352042928338 -0.015780622139573097 0.02028105966746807
v 0.002416352042928338 -0.015780622139573097 0.02028105966746807
v 0.002413617679849267 -0.01673237793147564 0.02123269997537136
v 0.002413617679849267 -0.01673237793147564 0.02123269997537136
v 0.002413617679849267 -0.01673237793147564 0.02123269997537136
v 0.002413617679849267 -0.01673237793147564 0.02123269997537136
v 0.0024126837961375713 -0.018032414838671684 0.021580947563052177
v 0.0024126837961375713 -0.018032414838671684 0.021580947563052177
v 0.0024126837961375713 -0.018032414838671684 0.021580947563052177
v 0.0024126837961375713 -0.018032414838671684 0.021580947563052177
v 0.0024136733263731003 -0.019332386553287506 0.021232513710856438
v 0.0024136733263731003 -0.019332386553287506 0.021232513710856438
v 0.0024136733263731003 -0.019332386553287506 0.021232513710856438
v 0.0024136733263731003 -0.019332386553287506 0.021232513710856438
v 0.002416305709630251 -0.02028394676744938 0.020280789583921432
v 0.002416305709630251 -0.02028394676744938 0.020280789583921432
v 0.002416305709630251 -0.02028394676744938 0.020280789583921432
v 0.002416305709630251 -0.02028394676744938 0.020280789583921432
v 0.002420029602944851 -0.02063225395977497 0.01898079179227352
v 0.002420029602944851 -0.02063225395977497 0.01898079179227352
v 0.002420029602944851 -0.02063225395977497 0.01898079179227352
v 0.002420029602944851 -0.02063225395977497 0.01898079179227352
v 0.0025251482147723436 -0.02028157375752926 -0.018381528556346893
v 0.0025251482147723436 -0.02028157375752926 -0.018381528556346893
v 0.0025251482147723436 -0.02028157375752926 -0.018381528556346893
v 0.0025251482147723436 -0.02028157375752926 -0.018381528556346893
v 0.002527794102206826 -0.019329849630594254 -0.0193331278860569
v 0.002527794102206826 -0.019329849630594254 -0.0193331278860569
v 0.002527794102206826 -0.019329849630594254 -0.0193331278860569
v 0.002527794102206826 -0.019329849630594254 -0.0193331278860569
v 0.002528729848563671 -0.018029851838946342 -0.019681328907608986
v 0.002528729848563671 -0.018029851838946342 -0.019681328907608986
v 0.002528729848563671 -0.018029851838946342 -0.019681328907608986
v 0.002528729848563671 -0.018029851838946342 -0.019681328907608986
v 0.0025277389213442802 -0.016729868948459625 -0.01933291368186474
v 0.0025277389213442802 -0.016729868948459625 -0.01933291368186474
v 0.0025277389213442802 -0.016729868948459625 -0.01933291368186474
v 0.0025277389213442802 -0.016729868948459625 -0.01933291368186474
v 0.0025251058395951986 -0.015778280794620514 -0.018381217494606972
v 0.0025251058395951986 -0.015778280794620514 -0.018381217494606972
v 0.0025251058395951986 -0.015778280794620514 -0.018381217494606972
v 0.0025251058395951986 -0.015778280794620514 -0.018381217494606972
v 0.0025213826447725296 -0.015430008061230183 -0.017081184312701225
v 0.0025213826447725296 -0.015430008061230183 -0.017081184312701225
v 0.0025213826447725296 -0.015430008061230183 -0.017081184312701225
v 0.0025213826447725296 -0.015430008061230183 -0.017081184312701225
v 0.0025177125353366137 -0.0157784316688776 -0.015781238675117493
v 0.0025177125353366137 -0.0157784316688776 -0.015781238675117493
v 0.0025177125353366137 -0.0157784316688776 -0.015781238675117493
v 0.0025177125353366137 -0.0157784316688776 -0.015781238675117493
v 0.002515065250918269 -0.01673015207052231 -0.01482965238392353
v 0.002515065250918269 -0.01673015207052231 -0.01482965238392353
v 0.002515065250918269 -0.01673015207052231 -0.01482965238392353
v 0.002515065250918269 -0.01673015207052231 -0.01482965238392353
v 0.002514140447601676 -0.018030159175395966 -0.014481366612017155
v 0.002514140447601676 -0.018030159175395966 -0.014481366612017155
v 0.002514140447601676 -0.018030159175395966 -0.014481366612017155
v 0.002514140447601676 -0.018030159175395966 -0.014481366612017155
v 0.002515132538974285 -0.01933012157678604 -0.014829789288341999
v 0.002515132538974285 -0.01933012157678604 -0.014829789288341999
v 0.002515132538974285 -0.01933012157678604 -0.014829789288341999
v 0.002515132538974285 -0.01933012157678604 -0.014829789288341999
v 0.0025177791249006987 -0.02028174139559269 -0.015781475231051445
v 0.0025177791249006987 -0.02028174139559269 -0.015781475231051445
v 0.0025177791249006987 -0.02028174139559269 -0.015781475231051445
v 0.0025177791249006987 -0.02028174139559269 -0.015781475231051445
v 0.002521503483876586 -0.020629992708563805 -0.01708151400089264
v 0.002521503483876586 -0.020629992708563805 -0.01708151400089264
v 0.002521503483876586 -0.020629992708563805 -0.01708151400089264
v 0.002521503483876586 -0.020629992708563805 -0.01708151400089264
v 0.0025248790625482798 0.015780795365571976 -0.018379222601652145
v 0.0025248790625482798 0.015780795365571976 -0.018379222601652145
v 0.0025248790625482798 0.015780795365571976 -0.018379222601652145
v 0.0025248790625482798 0.015780795365571976 -0.018379222601652145
v 0.002527611330151558 0.01673254370689392 -0.019330870360136032
v 0.002527611330151558 0.01673254370689392 -0.019330870360136032
v 0.002527611330151558 0.01673254370689392 -0.019330870360136032
v 0.002527611330151558 0.01673254370689392 -0.019330870360136032
v 0.0025285473093390465 0.018032588064670563 -0.019679110497236252
v 0.0025285473093390465 0.018032588064670563 -0.019679110497236252
v 0.0025285473093390465 0.018032588064670563 -0.019679110497236252
v 0.0025285473093390465 0.018032588064670563 -0.019679110497236252
v 0.0025275570806115866 0.019332557916641235 -0.01933068037033081
v 0.0025275570806115866 0.019332557916641235 -0.01933068037033081
v 0.0025275570806115866 0.019332557916641235 -0.01933068037033081
v 0.0025275570806115866 0.019332557916641235 -0.01933068037033081
v 0.0025248227175325155 0.020284133031964302 -0.018378937616944313
v 0.0025248227175325155 0.020284133031964302 -0.018378937616944313
v 0.0025248227175325155 0.020284133031964302 -0.018378937616944313
v 0.0025248227175325155 0.020284133031964302 -0.018378937616944313
v 0.002521201502531767 0.02063242718577385 -0.017078954726457596
v 0.002521201502531767 0.02063242718577385 -0.017078954726457596
v 0.002521201502531767 0.02063242718577385 -0.017078954726457596
v 0.002521201502531767 0.02063242718577385 -0.017078954726457596
v 0.002517541404813528 0.020284002646803856 -0.015778934583067894
v 0.002517541404813528 0.020284002646803856 -0.015778934583067894
v 0.002517541404813528 0.020284002646803856 -0.015778934583067894
v 0.002517541404813528 0.020284002646803856 -0.015778934583067894
v 0.002514895051717758 0.01933228224515915 -0.014827345497906208
v 0.002514895051717758 0.01933228224515915 -0.014827345497906208
v 0.002514895051717758 0.01933228224515915 -0.014827345497906208
v 0.002514895051717758 0.01933228224515915 -0.014827345497906208
v 0.00251397374086082 0.018032245337963104 -0.014479112811386585
v 0.00251397374086082 0.018032245337963104 -0.014479112811386585
v 0.00251397374086082 0.018032245337963104 -0.014479112811386585
v 0.00251397374086082 0.018032245337963104 -0.014479112811386585
v 0.0025148626882582903 0.016732284799218178 -0.014827517792582512
v 0.0025148626882582903 0.016732284799218178 -0.014827517792582512
v 0.0025148626882582903 0.016732284799218178 -0.014827517792582512
v 0.0025148626882582903 0.016732284799218178 -0.014827517792582512
v 0.0025175956543534994 0.015780659392476082 -0.015779228881001472
v 0.0025175956543534994 0.015780659392476082 -0.015779228881001472
v 0.0025175956543534994 0.015780659392476082 -0.015779228881001472
v 0.0025175956543534994 0.015780659392476082 -0.015779228881001472
v 0.002521218964830041 0.015432415530085564 -0.017079239711165428
v 0.002521218964830041 0.015432415530085564 -0.017079239711165428
v 0.002521218964830041 0.015432415530085564 -0.017079239711165428
v 0.002521218964830041 0.015432415530085564 -0.017079239711165428
v 0.0027575897984206676 0.02803199365735054 0.005509200040251017
v 0.0027575897984206676 0.02803199365735054 0.005509200040251017
v 0.0027575897984206676 0.02803199365735054 0.005509200040251017
v 0.0027704762760549784 0.028400041162967682 0.0009535492863506079
v 0.0027704762760549784 0.028400041162967682 0.0009535492863506079
v 0.0027704762760549784 0.028400041162967682 0.0009535492863506079
v 0.0027451866772025824 0.02693793550133705 0.009946816600859165
v 0.0027451866772025824 0.02693793550133705 0.009946816600859165
v 0.0027451866772025824 0.02693793550133705 0.009946816600859165
v 0.0027451866772025824 0.02693793550133705 0.009946816600859165
v 0.0027224868535995483 0.022703194990754128 0.01801421493291855
v 0.0027224868535995483 0.022703194990754128 0.01801421493291855
v 0.0027224868535995483 0.022703194990754128 0.01801421493291855
v 0.0027224868535995483 0.022703194990754128 0.01801421493291855
v 0.0027333057951182127 0.02514619752764702 0.014151420444250107
v 0.0027333057951182127 0.02514619752764702 0.014151420444250107
v 0.0027333057951182127 0.02514619752764702 0.014151420444250107
v 0.0027333057951182127 0.02514619752764702 0.014151420444250107
v 0.0027333057951182127 0.02514619752764702 0.014151420444250107
v 0.0027333057951182127 0.02514619752764702 0.014151420444250107
v 0.0027333057951182127 0.02514619752764702 0.014151420444250107
v 0.0027333057951182127 0.02514619752764702 0.014151420444250107
v 0.0027333057951182127 0.02514619752764702 0.014151420444250107
v 0.0027128460351377726 0.01967218518257141 0.0214350875467062
v 0.0027128460351377726 0.01967218518257141 0.0214350875467062
v 0.0027128460351377726 0.01967218518257141 0.0214350875467062
v 0.0027128460351377726 0.01967218518257141 0.0214350875467062
v 0.0027128460351377726 0.01967218518257141 0.0214350875467062
v 0.002704772399738431 0.016131699085235596 0.024325409904122353
v 0.002704772399738431 0.016131699085235596 0.024325409904122353
v 0.002704772399738431 0.016131699085235596 0.024325409904122353
v 0.002704772399738431 0.016131699085235596 0.024325409904122353
v 0.0027029160410165787 0.015142113901674747 0.02497829496860504
v 0.0027029160410165787 0.015142113901674747 0.02497829496860504
v 0.0027029160410165787 0.015142113901674747 0.02497829496860504
v 0.0027029160410165787 0.015142113901674747 0.02497829496860504
v 0.0027029160410165787 0.015142113901674747 0.02497829496860504
v 0.0027029160410165787 0.015142113901674747 0.02497829496860504
v 0.0026983742136508226 0.012173403054475784 0.026610394939780235
v 0.0026983742136508226 0.012173403054475784 0.026610394939780235
v 0.0026983742136508226 0.012173403054475784 0.026610394939780235
v 0.0026983742136508226 0.012173403054475784 0.026610394939780235
v 0.0026983742136508226 0.012173403054475784 0.026610394939780235
v 0.0026912996545434 0.0034216116182506084 0.02914479933679104
v 0.0026912996545434 0.0034216116182506084 0.02914479933679104
v 0.0026912996545434 0.0034216116182506084 0.02914479933679104
v 0.002693844260647893 0.007899806834757328 0.028230827301740646
v 0.002693844260647893 0.007899806834757328 0.028230827301740646
v 0.002693844260647893 0.007899806834757328 0.028230827301740646
v 0.0026907760184258223 -0.0011451976606622338 0.029328545555472374
v 0.0026907760184258223 -0.0011451976606622338 0.029328545555472374
v 0.0026907760184258223 -0.0011451976606622338 0.029328545555472374
v 0.002692361129447818 -0.005682358052581549 0.0287773534655571
v 0.002692361129447818 -0.005682358052581549 0.0287773534655571
v 0.002692361129447818 -0.005682358052581549 0.0287773534655571
v 0.002692361129447818 -0.005682358052581549 0.0287773534655571
v 0.002695953007787466 -0.010072335600852966 0.02750547043979168
v 0.002695953007787466 -0.010072335600852966 0.02750547043979168
v 0.002695953007787466 -0.010072335600852966 0.02750547043979168
v 0.0027014371007680893 -0.014201406389474869 0.02554592676460743
v 0.0027014371007680893 -0.014201406389474869 0.02554592676460743
v 0.0027014371007680893 -0.014201406389474869 0.02554592676460743
v 0.0027014371007680893 -0.014201406389474869 0.02554592676460743
v 0.0027014371007680893 -0.014201406389474869 0.02554592676460743
v 0.0027014371007680893 -0.014201406389474869 0.02554592676460743
v 0.0027014371007680893 -0.014201406389474869 0.02554592676460743
v 0.0027014371007680893 -0.014201406389474869 0.02554592676460743
v 0.0027014371007680893 -0.014201406389474869 0.02554592676460743
v 0.0027088129427284002 -0.01796269789338112 0.022949324920773506
v 0.0027088129427284002 -0.01796269789338112 0.022949324920773506
v 0.0027088129427284002 -0.01796269789338112 0.022949324920773506
v 0.0027088129427284002 -0.01796269789338112 0.022949324920773506
v 0.0027177792508155107 -0.021258773282170296 0.019783034920692444
v 0.0027177792508155107 -0.021258773282170296 0.019783034920692444
v 0.0027177792508155107 -0.021258773282170296 0.019783034920692444
v 0.0027177792508155107 -0.021258773282170296 0.019783034920692444
v 0.0027177792508155107 -0.021258773282170296 0.019783034920692444
v 0.002728022402152419 -0.024004194885492325 0.016129035502672195
v 0.002728022402152419 -0.024004194885492325 0.016129035502672195
v 0.002728022402152419 -0.024004194885492325 0.016129035502672195
v 0.002728022402152419 -0.024004194885492325 0.016129035502672195
v 0.002728022402152419 -0.024004194885492325 0.016129035502672195
v 0.0027393822092562914 -0.026127954944968224 0.012081948108971119
v 0.0027393822092562914 -0.026127954944968224 0.012081948108971119
v 0.0027393822092562914 -0.026127954944968224 0.012081948108971119
v 0.0027393822092562914 -0.026127954944968224 0.012081948108971119
v 0.0027393822092562914 -0.026127954944968224 0.012081948108971119
v 0.0027393822092562914 -0.026127954944968224 0.012081948108971119
v 0.002764331642538309 -0.028307950124144554 0.0032352202106267214
v 0.002764331642538309 -0.028307950124144554 0.0032352202106267214
v 0.002764331642538309 -0.028307950124144554 0.0032352202106267214
v 0.0027515641413629055 -0.027575070038437843 0.007746594958007336
v 0.0027515641413629055 -0.027575070038437843 0.007746594958007336
v 0.0027515641413629055 -0.027575070038437843 0.007746594958007336
v 0.0027515641413629055 -0.027575070038437843 0.007746594958007336
v 0.002789881080389023 -0.027574235573410988 -0.005846505984663963
v 0.002789881080389023 -0.027574235573410988 -0.005846505984663963
v 0.002789881080389023 -0.027574235573410988 -0.005846505984663963
v 0.002789881080389023 -0.027574235573410988 -0.005846505984663963
v 0.002777188317850232 -0.02830764651298523 -0.0013352427631616592
v 0.002777188317850232 -0.02830764651298523 -0.0013352427631616592
v 0.002777188317850232 -0.02830764651298523 -0.0013352427631616592
v 0.0028134104795753956 -0.024002328515052795 -0.014228487387299538
v 0.0028134104795753956 -0.024002328515052795 -0.014228487387299538
v 0.0028134104795753956 -0.024002328515052795 -0.014228487387299538
v 0.0028134104795753956 -0.024002328515052795 -0.014228487387299538
v 0.0028134104795753956 -0.024002328515052795 -0.014228487387299538
v 0.002802051603794098 -0.026126600801944733 -0.010181646794080734
v 0.002802051603794098 -0.026126600801944733 -0.010181646794080734
v 0.002802051603794098 -0.026126600801944733 -0.010181646794080734
v 0.002802051603794098 -0.026126600801944733 -0.010181646794080734
v 0.002802051603794098 -0.026126600801944733 -0.010181646794080734
v 0.002802051603794098 -0.026126600801944733 -0.010181646794080734
v 0.0028325840830802917 -0.017959997057914734 -0.021048052236437798
v 0.0028325840830802917 -0.017959997057914734 -0.021048052236437798
v 0.0028325840830802917 -0.017959997057914734 -0.021048052236437798
v 0.0028325840830802917 -0.017959997057914734 -0.021048052236437798
v 0.0028325840830802917 -0.017959997057914734 -0.021048052236437798
v 0.002823669696226716 -0.021256418898701668 -0.01788221299648285
v 0.002823669696226716 -0.021256418898701668 -0.01788221299648285
v 0.002823669696226716 -0.021256418898701668 -0.01788221299648285
v 0.002823669696226716 -0.021256418898701668 -0.01788221299648285
v 0.0028398321010172367 -0.014198397286236286 -0.023644128814339638
v 0.0028398321010172367 -0.014198397286236286 -0.023644128814339638
v 0.0028398321010172367 -0.014198397286236286 -0.023644128814339638
v 0.0028398321010172367 -0.014198397286236286 -0.023644128814339638
v 0.0028398321010172367 -0.014198397286236286 -0.023644128814339638
v 0.0028398321010172367 -0.014198397286236286 -0.023644128814339638
v 0.0028398321010172367 -0.014198397286236286 -0.023644128814339638
v 0.0028488817624747753 -0.005678936839103699 -0.026874519884586334
v 0.0028488817624747753 -0.005678936839103699 -0.026874519884586334
v 0.0028488817624747753 -0.005678936839103699 -0.026874519884586334
v 0.0028453404083848 -0.010069065727293491 -0.02560318633913994
v 0.0028453404083848 -0.010069065727293491 -0.02560318633913994
v 0.0028453404083848 -0.010069065727293491 -0.02560318633913994
v 0.0028498764149844646 0.003425050526857376 -0.02724085934460163
v 0.0028498764149844646 0.003425050526857376 -0.02724085934460163
v 0.0028498764149844646 0.003425050526857376 -0.02724085934460163
v 0.0028504151850938797 -0.001141727203503251 -0.02742515504360199
v 0.0028504151850938797 -0.001141727203503251 -0.02742515504360199
v 0.0028504151850938797 -0.001141727203503251 -0.02742515504360199
v 0.002842743182554841 0.012176520191133022 -0.02470533922314644
v 0.002842743182554841 0.012176520191133022 -0.02470533922314644
v 0.002842743182554841 0.012176520191133022 -0.02470533922314644
v 0.002842743182554841 0.012176520191133022 -0.02470533922314644
v 0.002842743182554841 0.012176520191133022 -0.02470533922314644
v 0.002842743182554841 0.012176520191133022 -0.02470533922314644
v 0.002842743182554841 0.012176520191133022 -0.02470533922314644
v 0.0028472316917032003 0.007903131656348705 -0.02632632665336132
v 0.0028472316917032003 0.007903131656348705 -0.02632632665336132
v 0.0028472316917032003 0.007903131656348705 -0.02632632665336132
v 0.0028472316917032003 0.007903131656348705 -0.02632632665336132
v 0.0028362853918224573 0.016134558245539665 -0.022419895976781845
v 0.0028362853918224573 0.016134558245539665 -0.022419895976781845
v 0.0028362853918224573 0.016134558245539665 -0.022419895976781845
v 0.0028362853918224573 0.016134558245539665 -0.022419895976781845
v 0.0028281218837946653 0.01967470534145832 -0.019529037177562714
v 0.0028281218837946653 0.01967470534145832 -0.019529037177562714
v 0.0028281218837946653 0.01967470534145832 -0.019529037177562714
v 0.0028281218837946653 0.01967470534145832 -0.019529037177562714
v 0.0028184049297124147 0.022705309092998505 -0.016107799485325813
v 0.0028184049297124147 0.022705309092998505 -0.016107799485325813
v 0.0028184049297124147 0.022705309092998505 -0.016107799485325813
v 0.0028184049297124147 0.022705309092998505 -0.016107799485325813
v 0.0028184049297124147 0.022705309092998505 -0.016107799485325813
v 0.0028130742721259594 0.024017998948693275 -0.014203978702425957
v 0.0028130742721259594 0.024017998948693275 -0.014203978702425957
v 0.0028130742721259594 0.024017998948693275 -0.014203978702425957
v 0.0028130742721259594 0.024017998948693275 -0.014203978702425957
v 0.0028130742721259594 0.024017998948693275 -0.014203978702425957
v 0.0028130742721259594 0.024017998948693275 -0.014203978702425957
v 0.0028075589798390865 0.025147808715701103 -0.012244749814271927
v 0.0028075589798390865 0.025147808715701103 -0.012244749814271927
v 0.0028075589798390865 0.025147808715701103 -0.012244749814271927
v 0.0028075589798390865 0.025147808715701103 -0.012244749814271927
v 0.0028075589798390865 0.025147808715701103 -0.012244749814271927
v 0.0027958163991570473 0.026939092203974724 -0.008039887063205242
v 0.0027958163991570473 0.026939092203974724 -0.008039887063205242
v 0.0027958163991570473 0.026939092203974724 -0.008039887063205242
v 0.0027958163991570473 0.026939092203974724 -0.008039887063205242
v 0.0027832824271172285 0.028032535687088966 -0.0036021610721945763
v 0.0027832824271172285 0.028032535687088966 -0.0036021610721945763
v 0.0027832824271172285 0.028032535687088966 -0.0036021610721945763
v 0.002734843175858259 -0.014604873955249786 0.013710804283618927
v 0.002734843175858259 -0.014604873955249786 0.013710804283618927
v 0.002734843175858259 -0.014604873955249786 0.013710804283618927
v 0.0027361975517123938 -0.014110689051449299 0.013216748833656311
v 0.0027361975517123938 -0.014110689051449299 0.013216748833656311
v 0.0027361975517123938 -0.014110689051449299 0.013216748833656311
v 0.0027367430739104748 -0.013435643166303635 0.013035895302891731
v 0.0027367430739104748 -0.013435643166303635 0.013035895302891731
v 0.0027367430739104748 -0.013435643166303635 0.013035895302891731
v 0.002736211521551013 -0.012760680168867111 0.013216819614171982
v 0.002736211521551013 -0.012760680168867111 0.013216819614171982
v 0.002736211521551013 -0.012760680168867111 0.013216819614171982
v 0.002736211521551013 -0.012760680168867111 0.013216819614171982
v 0.0027347698342055082 -0.01226656511425972 0.013710971921682358
v 0.0027347698342055082 -0.01226656511425972 0.013710971921682358
v 0.0027347698342055082 -0.01226656511425972 0.013710971921682358
v 0.002732885302975774 -0.012085783295333385 0.014385957270860672
v 0.002732885302975774 -0.012085783295333385 0.014385957270860672
v 0.002732885302975774 -0.012085783295333385 0.014385957270860672
v 0.002732885302975774 -0.012085783295333385 0.014385957270860672
v 0.002730997744947672 -0.012266638688743114 0.01506095938384533
v 0.002730997744947672 -0.012266638688743114 0.01506095938384533
v 0.002730997744947672 -0.012266638688743114 0.01506095938384533
v 0.0027295518666505814 -0.012760776095092297 0.01555507630109787
v 0.0027295518666505814 -0.012760776095092297 0.01555507630109787
v 0.0027295518666505814 -0.012760776095092297 0.01555507630109787
v 0.002729108091443777 -0.013435835018754005 0.015735911205410957
v 0.002729108091443777 -0.013435835018754005 0.015735911205410957
v 0.002729108091443777 -0.013435835018754005 0.015735911205410957
v 0.002729108091443777 -0.013435835018754005 0.015735911205410957
v 0.002729537896811962 -0.014110775664448738 0.015554998070001602
v 0.002729537896811962 -0.014110775664448738 0.015554998070001602
v 0.002729537896811962 -0.014110775664448738 0.015554998070001602
v 0.0027309823781251907 -0.014604941010475159 0.015060802921652794
v 0.0027309823781251907 -0.014604941010475159 0.015060802921652794
v 0.0027309823781251907 -0.014604941010475159 0.015060802921652794
v 0.0027329567819833755 -0.01478571817278862 0.014385806396603584
v 0.0027329567819833755 -0.01478571817278862 0.014385806396603584
v 0.0027329567819833755 -0.01478571817278862 0.014385806396603584
v 0.0027329567819833755 -0.01478571817278862 0.014385806396603584
v 0.002734698122367263 0.012265165336430073 0.013712547719478607
v 0.002734698122367263 0.012265165336430073 0.013712547719478607
v 0.002734698122367263 0.012265165336430073 0.013712547719478607
v 0.002734698122367263 0.012265165336430073 0.013712547719478607
v 0.0027360415551811457 0.012759353034198284 0.013218414969742298
v 0.0027360415551811457 0.012759353034198284 0.013218414969742298
v 0.0027360415551811457 0.012759353034198284 0.013218414969742298
v 0.002736484631896019 0.013434364460408688 0.013037614524364471
v 0.002736484631896019 0.013434364460408688 0.013037614524364471
v 0.002736484631896019 0.013434364460408688 0.013037614524364471
v 0.002736484631896019 0.013434364460408688 0.013037614524364471
v 0.0027359675150364637 0.014109325595200062 0.013218536041676998
v 0.0027359675150364637 0.014109325595200062 0.013218536041676998
v 0.0027359675150364637 0.014109325595200062 0.013218536041676998
v 0.0027346136048436165 0.014603430405259132 0.013712676241993904
v 0.0027346136048436165 0.014603430405259132 0.013712676241993904
v 0.0027346136048436165 0.014603430405259132 0.013712676241993904
v 0.002732739085331559 0.014784290455281734 0.014387663453817368
v 0.002732739085331559 0.014784290455281734 0.014387663453817368
v 0.002732739085331559 0.014784290455281734 0.014387663453817368
v 0.002732739085331559 0.014784290455281734 0.014387663453817368
v 0.0027308561839163303 0.014603354968130589 0.015062661841511726
v 0.0027308561839163303 0.014603354968130589 0.015062661841511726
v 0.0027308561839163303 0.014603354968130589 0.015062661841511726
v 0.0027293958701193333 0.014109226875007153 0.015556774102151394
v 0.0027293958701193333 0.014109226875007153 0.015556774102151394
v 0.0027293958701193333 0.014109226875007153 0.015556774102151394
v 0.0027289672289043665 0.013434206135571003 0.01573757827281952
v 0.0027289672289043665 0.013434206135571003 0.01573757827281952
v 0.0027289672289043665 0.013434206135571003 0.01573757827281952
v 0.0027289672289043665 0.013434206135571003 0.01573757827281952
v 0.002729484112933278 0.012759221717715263 0.015556675381958485
v 0.002729484112933278 0.012759221717715263 0.015556675381958485
v 0.002729484112933278 0.012759221717715263 0.015556675381958485
v 0.002730837557464838 0.012265130877494812 0.015062520280480385
v 0.002730837557464838 0.012265130877494812 0.015062520280480385
v 0.002730837557464838 0.012265130877494812 0.015062520280480385
v 0.002732710912823677 0.012084295973181725 0.014387502335011959
v 0.002732710912823677 0.012084295973181725 0.014387502335011959
v 0.002732710912823677 0.012084295973181725 0.014387502335011959
v 0.0028102321084588766 0.01226682960987091 -0.013157417997717857
v 0.0028102321084588766 0.01226682960987091 -0.013157417997717857
v 0.0028102321084588766 0.01226682960987091 -0.013157417997717857
v 0.0028115755412727594 0.012760979123413563 -0.013651520013809204
v 0.0028115755412727594 0.012760979123413563 -0.013651520013809204
v 0.0028115755412727594 0.012760979123413563 -0.013651520013809204
v 0.0028121217619627714 0.013436025939881802 -0.01383236888796091
v 0.0028121217619627714 0.013436025939881802 -0.01383236888796091
v 0.0028121217619627714 0.013436025939881802 -0.01383236888796091
v 0.0028121217619627714 0.013436025939881802 -0.01383236888796091
v 0.0028115895111113787 0.014110978692770004 -0.013651441782712936
v 0.0028115895111113787 0.014110978692770004 -0.013651441782712936
v 0.0028115895111113787 0.014110978692770004 -0.013651441782712936
v 0.002810148522257805 0.014605104923248291 -0.013157294131815434
v 0.002810148522257805 0.014605104923248291 -0.013157294131815434
v 0.002810148522257805 0.014605104923248291 -0.013157294131815434
v 0.002808275166898966 0.014785915613174438 -0.01248225662857294
v 0.002808275166898966 0.014785915613174438 -0.01248225662857294
v 0.002808275166898966 0.014785915613174438 -0.01248225662857294
v 0.002808275166898966 0.014785915613174438 -0.01248225662857294
v 0.002806375501677394 0.014605027623474598 -0.011807307600975037
v 0.002806375501677394 0.014605027623474598 -0.011807307600975037
v 0.002806375501677394 0.014605027623474598 -0.011807307600975037
v 0.0028050323016941547 0.014110879972577095 -0.011313207447528839
v 0.0028050323016941547 0.014110879972577095 -0.011313207447528839
v 0.0028050323016941547 0.014110879972577095 -0.011313207447528839
v 0.002804503310471773 0.013435838744044304 -0.011132347397506237
v 0.002804503310471773 0.013435838744044304 -0.011132347397506237
v 0.002804503310471773 0.013435838744044304 -0.011132347397506237
v 0.0028050183318555355 0.012760871089994907 -0.01131327822804451
v 0.0028050183318555355 0.012760871089994907 -0.01131327822804451
v 0.0028050183318555355 0.012760871089994907 -0.01131327822804451
v 0.0028050183318555355 0.012760871089994907 -0.01131327822804451
v 0.0028064600192010403 0.012266756035387516 -0.011807430535554886
v 0.0028064600192010403 0.012266756035387516 -0.011807430535554886
v 0.0028064600192010403 0.012266756035387516 -0.011807430535554886
v 0.0028083347715437412 0.01208594162017107 -0.012482455000281334
v 0.0028083347715437412 0.01208594162017107 -0.012482455000281334
v 0.0028083347715437412 0.01208594162017107 -0.012482455000281334
v 0.0028083347715437412 0.01208594162017107 -0.012482455000281334
v 0.0028103883378207684 -0.014603165909647942 -0.013159122318029404
v 0.0028103883378207684 -0.014603165909647942 -0.013159122318029404
v 0.0028103883378207684 -0.014603165909647942 -0.013159122318029404
v 0.0028117315378040075 -0.014109024778008461 -0.013653217814862728
v 0.0028117315378040075 -0.014109024778008461 -0.013653217814862728
v 0.0028117315378040075 -0.014109024778008461 -0.013653217814862728
v 0.002812263322994113 -0.013434013351798058 -0.013834034092724323
v 0.002812263322994113 -0.013434013351798058 -0.013834034092724323
v 0.002812263322994113 -0.013434013351798058 -0.013834034092724323
v 0.002812263322994113 -0.013434013351798058 -0.013834034092724323
v 0.0028117457404732704 -0.012759030796587467 -0.013653133995831013
v 0.0028117457404732704 -0.012759030796587467 -0.013653133995831013
v 0.0028117457404732704 -0.012759030796587467 -0.013653133995831013
v 0.002810391830280423 -0.01226494275033474 -0.013158981688320637
v 0.002810391830280423 -0.01226494275033474 -0.013158981688320637
v 0.002810391830280423 -0.01226494275033474 -0.013158981688320637
v 0.0028085189405828714 -0.012084105983376503 -0.012483960948884487
v 0.0028085189405828714 -0.012084105983376503 -0.012483960948884487
v 0.0028085189405828714 -0.012084105983376503 -0.012483960948884487
v 0.0028065324295312166 -0.012264972552657127 -0.011809003539383411
v 0.0028065324295312166 -0.012264972552657127 -0.011809003539383411
v 0.0028065324295312166 -0.012264972552657127 -0.011809003539383411
v 0.0028065324295312166 -0.012264972552657127 -0.011809003539383411
v 0.002805188996717334 -0.012759160250425339 -0.011314870789647102
v 0.002805188996717334 -0.012759160250425339 -0.011314870789647102
v 0.002805188996717334 -0.012759160250425339 -0.011314870789647102
v 0.0028046441730111837 -0.013434156775474548 -0.011134052649140358
v 0.0028046441730111837 -0.013434156775474548 -0.011134052649140358
v 0.0028046441730111837 -0.013434156775474548 -0.011134052649140358
v 0.0028046441730111837 -0.013434156775474548 -0.011134052649140358
v 0.0028051750268787146 -0.014109122566878796 -0.011314979754388332
v 0.0028051750268787146 -0.014109122566878796 -0.011314979754388332
v 0.0028051750268787146 -0.014109122566878796 -0.011314979754388332
v 0.002806615550071001 -0.014603241346776485 -0.011809137649834156
v 0.002806615550071001 -0.014603241346776485 -0.011809137649834156
v 0.002806615550071001 -0.014603241346776485 -0.011809137649834156
v 0.0028084907680749893 -0.014784099534153938 -0.012484122067689896
v 0.0028084907680749893 -0.014784099534153938 -0.012484122067689896
v 0.0028084907680749893 -0.014784099534153938 -0.012484122067689896
v 0.0028084907680749893 -0.014784099534153938 -0.012484122067689896
v 0.0027198633179068565 0.015430192463099957 0.018983876332640648
v 0.0027198633179068565 0.015430192463099957 0.018983876332640648
v 0.0027198633179068565 0.015430192463099957 0.018983876332640648
v 0.0027198633179068565 0.015430192463099957 0.018983876332640648
v 0.0027198633179068565 0.015430192463099957 0.018983876332640648
v 0.0027198633179068565 0.015430192463099957 0.018983876332640648
v 0.0027234184090048075 0.01577858440577984 0.01768389344215393
v 0.0027234184090048075 0.01577858440577984 0.01768389344215393
v 0.0027234184090048075 0.01577858440577984 0.01768389344215393
v 0.0027234184090048075 0.01577858440577984 0.01768389344215393
v 0.0027234184090048075 0.01577858440577984 0.01768389344215393
v 0.0027261527720838785 0.01673029363155365 0.016732290387153625
v 0.0027261527720838785 0.01673029363155365 0.016732290387153625
v 0.0027261527720838785 0.01673029363155365 0.016732290387153625
v 0.0027261527720838785 0.01673029363155365 0.016732290387153625
v 0.0027261527720838785 0.01673029363155365 0.016732290387153625
v 0.002727088751271367 0.018030337989330292 0.016384050250053406
v 0.002727088751271367 0.018030337989330292 0.016384050250053406
v 0.002727088751271367 0.018030337989330292 0.016384050250053406
v 0.002727088751271367 0.018030337989330292 0.016384050250053406
v 0.002727088751271367 0.018030337989330292 0.016384050250053406
v 0.002727088751271367 0.018030337989330292 0.016384050250053406
v 0.002726098755374551 0.019330307841300964 0.016732482239603996
v 0.002726098755374551 0.019330307841300964 0.016732482239603996
v 0.002726098755374551 0.019330307841300964 0.016732482239603996
v 0.002726098755374551 0.019330307841300964 0.016732482239603996
v 0.002726098755374551 0.019330307841300964 0.016732482239603996
v 0.0027234668377786875 0.020281923934817314 0.01768416538834572
v 0.0027234668377786875 0.020281923934817314 0.01768416538834572
v 0.0027234668377786875 0.020281923934817314 0.01768416538834572
v 0.0027234668377786875 0.020281923934817314 0.01768416538834572
v 0.0027234668377786875 0.020281923934817314 0.01768416538834572
v 0.0027197261806577444 0.02063017152249813 0.018984200432896614
v 0.0027197261806577444 0.02063017152249813 0.018984200432896614
v 0.0027197261806577444 0.02063017152249813 0.018984200432896614
v 0.0027197261806577444 0.02063017152249813 0.018984200432896614
v 0.0027197261806577444 0.02063017152249813 0.018984200432896614
v 0.0027197261806577444 0.02063017152249813 0.018984200432896614
v 0.002716083312407136 0.020281760022044182 0.020284222438931465
v 0.002716083312407136 0.020281760022044182 0.020284222438931465
v 0.002716083312407136 0.020281760022044182 0.020284222438931465
v 0.002716083312407136 0.020281760022044182 0.020284222438931465
v 0.002716083312407136 0.020281760022044182 0.020284222438931465
v 0.002716083312407136 0.020281760022044182 0.020284222438931465
v 0.0027134367264807224 0.019330032169818878 0.021235818043351173
v 0.0027134367264807224 0.019330032169818878 0.021235818043351173
v 0.0027134367264807224 0.019330032169818878 0.021235818043351173
v 0.0027134367264807224 0.019330032169818878 0.021235818043351173
v 0.0027134367264807224 0.019330032169818878 0.021235818043351173
v 0.0027125009801238775 0.018030034378170967 0.02158402092754841
v 0.0027125009801238775 0.018030034378170967 0.02158402092754841
v 0.0027125009801238775 0.018030034378170967 0.02158402092754841
v 0.0027125009801238775 0.018030034378170967 0.02158402092754841
v 0.0027125009801238775 0.018030034378170967 0.02158402092754841
v 0.0027125009801238775 0.018030034378170967 0.02158402092754841
v 0.0027134923730045557 0.01673005521297455 0.02123560756444931
v 0.0027134923730045557 0.01673005521297455 0.02123560756444931
v 0.0027134923730045557 0.01673005521297455 0.02123560756444931
v 0.0027134923730045557 0.01673005521297455 0.02123560756444931
v 0.0027134923730045557 0.01673005521297455 0.02123560756444931
v 0.0027134923730045557 0.01673005521297455 0.02123560756444931
v 0.0027161375619471073 0.015778454020619392 0.02028389647603035
v 0.0027161375619471073 0.015778454020619392 0.02028389647603035
v 0.0027161375619471073 0.015778454020619392 0.02028389647603035
v 0.0027161375619471073 0.015778454020619392 0.02028389647603035
v 0.0027161375619471073 0.015778454020619392 0.02028389647603035
v 0.0027200302574783564 -0.020632240921258926 0.018981648609042168
v 0.0027200302574783564 -0.020632240921258926 0.018981648609042168
v 0.0027200302574783564 -0.020632240921258926 0.018981648609042168
v 0.0027200302574783564 -0.020632240921258926 0.018981648609042168
v 0.0027200302574783564 -0.020632240921258926 0.018981648609042168
v 0.0027200302574783564 -0.020632240921258926 0.018981648609042168
v 0.0027236896567046642 -0.020283818244934082 0.017681626603007317
v 0.0027236896567046642 -0.020283818244934082 0.017681626603007317
v 0.0027236896567046642 -0.020283818244934082 0.017681626603007317
v 0.0027236896567046642 -0.020283818244934082 0.017681626603007317
v 0.0027236896567046642 -0.020283818244934082 0.017681626603007317
v 0.0027263339143246412 -0.019332105293869972 0.01673002913594246
v 0.0027263339143246412 -0.019332105293869972 0.01673002913594246
v 0.0027263339143246412 -0.019332105293869972 0.01673002913594246
v 0.0027263339143246412 -0.019332105293869972 0.01673002913594246
v 0.0027263339143246412 -0.019332105293869972 0.01673002913594246
v 0.0027263339143246412 -0.019332105293869972 0.01673002913594246
v 0.0027272554580122232 -0.018032066524028778 0.016381796449422836
v 0.0027272554580122232 -0.018032066524028778 0.016381796449422836
v 0.0027272554580122232 -0.018032066524028778 0.016381796449422836
v 0.0027272554580122232 -0.018032066524028778 0.016381796449422836
v 0.0027272554580122232 -0.018032066524028778 0.016381796449422836
v 0.0027272554580122232 -0.018032066524028778 0.016381796449422836
v 0.0027262805961072445 -0.016732091084122658 0.01673022285103798
v 0.0027262805961072445 -0.016732091084122658 0.01673022285103798
v 0.0027262805961072445 -0.016732091084122658 0.01673022285103798
v 0.0027262805961072445 -0.016732091084122658 0.01673022285103798
v 0.0027262805961072445 -0.016732091084122658 0.01673022285103798
v 0.0027236333116889 -0.015780482441186905 0.01768191158771515
v 0.0027236333116889 -0.015780482441186905 0.01768191158771515
v 0.0027236333116889 -0.015780482441186905 0.01768191158771515
v 0.0027236333116889 -0.015780482441186905 0.01768191158771515
v 0.0027236333116889 -0.015780482441186905 0.01768191158771515
v 0.0027199096512049437 -0.01543221902102232 0.018981946632266045
v 0.0027199096512049437 -0.01543221902102232 0.018981946632266045
v 0.0027199096512049437 -0.01543221902102232 0.018981946632266045
v 0.0027199096512049437 -0.01543221902102232 0.018981946632266045
v 0.0027199096512049437 -0.01543221902102232 0.018981946632266045
v 0.0027199096512049437 -0.01543221902102232 0.018981946632266045
v 0.0027162532787770033 -0.01578063704073429 0.020281881093978882
v 0.0027162532787770033 -0.01578063704073429 0.020281881093978882
v 0.0027162532787770033 -0.01578063704073429 0.020281881093978882
v 0.0027162532787770033 -0.01578063704073429 0.020281881093978882
v 0.0027162532787770033 -0.01578063704073429 0.020281881093978882
v 0.0027136073913425207 -0.01673240214586258 0.021233512088656425
v 0.0027136073913425207 -0.01673240214586258 0.021233512088656425
v 0.0027136073913425207 -0.01673240214586258 0.021233512088656425
v 0.0027136073913425207 -0.01673240214586258 0.021233512088656425
v 0.0027136073913425207 -0.01673240214586258 0.021233512088656425
v 0.002712682355195284 -0.018032409250736237 0.021581796929240227
v 0.002712682355195284 -0.018032409250736237 0.021581796929240227
v 0.002712682355195284 -0.018032409250736237 0.021581796929240227
v 0.002712682355195284 -0.018032409250736237 0.021581796929240227
v 0.002712682355195284 -0.018032409250736237 0.021581796929240227
v 0.002712682355195284 -0.018032409250736237 0.021581796929240227
v 0.0027136739809066057 -0.01933237351477146 0.021233372390270233
v 0.0027136739809066057 -0.01933237351477146 0.021233372390270233
v 0.0027136739809066057 -0.01933237351477146 0.021233372390270233
v 0.0027136739809066057 -0.01933237351477146 0.021233372390270233
v 0.0027136739809066057 -0.01933237351477146 0.021233372390270233
v 0.0027136739809066057 -0.01933237351477146 0.021233372390270233
v 0.002716305898502469 -0.020283935591578484 0.02028164453804493
v 0.002716305898502469 -0.020283935591578484 0.02028164453804493
v 0.002716305898502469 -0.020283935591578484 0.02028164453804493
v 0.002716305898502469 -0.020283935591578484 0.02028164453804493
v 0.002716305898502469 -0.020283935591578484 0.02028164453804493
v 0.0028214927297085524 -0.020630018785595894 -0.017080705612897873
v 0.0028214927297085524 -0.020630018785595894 -0.017080705612897873
v 0.0028214927297085524 -0.020630018785595894 -0.017080705612897873
v 0.0028214927297085524 -0.020630018785595894 -0.017080705612897873
v 0.0028214927297085524 -0.020630018785595894 -0.017080705612897873
v 0.0028250603936612606 -0.020281553268432617 -0.01838066056370735
v 0.0028250603936612606 -0.020281553268432617 -0.01838066056370735
v 0.0028250603936612606 -0.020281553268432617 -0.01838066056370735
v 0.0028250603936612606 -0.020281553268432617 -0.01838066056370735
v 0.0028250603936612606 -0.020281553268432617 -0.01838066056370735
v 0.0028250603936612606 -0.020281553268432617 -0.01838066056370735
v 0.0028277926612645388 -0.019329844042658806 -0.01933227851986885
v 0.0028277926612645388 -0.019329844042658806 -0.01933227851986885
v 0.0028277926612645388 -0.019329844042658806 -0.01933227851986885
v 0.0028277926612645388 -0.019329844042658806 -0.01933227851986885
v 0.0028277926612645388 -0.019329844042658806 -0.01933227851986885
v 0.0028277926612645388 -0.019329844042658806 -0.01933227851986885
v 0.0028287286404520273 -0.018029844388365746 -0.019680479541420937
v 0.0028287286404520273 -0.018029844388365746 -0.019680479541420937
v 0.0028287286404520273 -0.018029844388365746 -0.019680479541420937
v 0.0028287286404520273 -0.018029844388365746 -0.019680479541420937
v 0.0028287286404520273 -0.018029844388365746 -0.019680479541420937
v 0.0028277281671762466 -0.016729896888136864 -0.019332103431224823
v 0.0028277281671762466 -0.016729896888136864 -0.019332103431224823
v 0.0028277281671762466 -0.016729896888136864 -0.019332103431224823
v 0.0028277281671762466 -0.016729896888136864 -0.019332103431224823
v 0.0028277281671762466 -0.016729896888136864 -0.019332103431224823
v 0.0028277281671762466 -0.016729896888136864 -0.019332103431224823
v 0.0028251074254512787 -0.01577826589345932 -0.018380356952548027
v 0.0028251074254512787 -0.01577826589345932 -0.018380356952548027
v 0.0028251074254512787 -0.01577826589345932 -0.018380356952548027
v 0.0028251074254512787 -0.01577826589345932 -0.018380356952548027
v 0.0028251074254512787 -0.01577826589345932 -0.018380356952548027
v 0.0028213681653141975 -0.015429995954036713 -0.01708032749593258
v 0.0028213681653141975 -0.015429995954036713 -0.01708032749593258
v 0.0028213681653141975 -0.015429995954036713 -0.01708032749593258
v 0.0028213681653141975 -0.015429995954036713 -0.01708032749593258
v 0.0028213681653141975 -0.015429995954036713 -0.01708032749593258
v 0.0028213681653141975 -0.015429995954036713 -0.01708032749593258
v 0.002817712491378188 -0.015778420493006706 -0.015780383720993996
v 0.002817712491378188 -0.015778420493006706 -0.015780383720993996
v 0.002817712491378188 -0.015778420493006706 -0.015780383720993996
v 0.002817712491378188 -0.015778420493006706 -0.015780383720993996
v 0.002817712491378188 -0.015778420493006706 -0.015780383720993996
v 0.0028150654397904873 -0.016730142757296562 -0.014828797429800034
v 0.0028150654397904873 -0.016730142757296562 -0.014828797429800034
v 0.0028150654397904873 -0.016730142757296562 -0.014828797429800034
v 0.0028150654397904873 -0.016730142757296562 -0.014828797429800034
v 0.0028150654397904873 -0.016730142757296562 -0.014828797429800034
v 0.0028141294606029987 -0.018030187115073204 -0.01448055636137724
v 0.0028141294606029987 -0.018030187115073204 -0.01448055636137724
v 0.0028141294606029987 -0.018030187115073204 -0.01448055636137724
v 0.0028141294606029987 -0.018030187115073204 -0.01448055636137724
v 0.0028141294606029987 -0.018030187115073204 -0.01448055636137724
v 0.0028141294606029987 -0.018030187115073204 -0.01448055636137724
v 0.0028151327278465033 -0.019330110400915146 -0.014828934334218502
v 0.0028151327278465033 -0.019330110400915146 -0.014828934334218502
v 0.0028151327278465033 -0.019330110400915146 -0.014828934334218502
v 0.0028151327278465033 -0.019330110400915146 -0.014828934334218502
v 0.0028151327278465033 -0.019330110400915146 -0.014828934334218502
v 0.0028177681379020214 -0.02028176747262478 -0.01578066498041153
v 0.0028177681379020214 -0.02028176747262478 -0.01578066498041153
v 0.0028177681379020214 -0.02028176747262478 -0.01578066498041153
v 0.0028177681379020214 -0.02028176747262478 -0.01578066498041153
v 0.0028177681379020214 -0.02028176747262478 -0.01578066498041153
v 0.0028177681379020214 -0.02028176747262478 -0.01578066498041153
v 0.002821217756718397 0.015432422049343586 -0.01707839034497738
v 0.002821217756718397 0.015432422049343586 -0.01707839034497738
v 0.002821217756718397 0.015432422049343586 -0.01707839034497738
v 0.002821217756718397 0.015432422049343586 -0.01707839034497738
v 0.002821217756718397 0.015432422049343586 -0.01707839034497738
v 0.002821217756718397 0.015432422049343586 -0.01707839034497738
v 0.0028248776216059923 0.015780800953507423 -0.018378373235464096
v 0.0028248776216059923 0.015780800953507423 -0.018378373235464096
v 0.0028248776216059923 0.015780800953507423 -0.018378373235464096
v 0.0028248776216059923 0.015780800953507423 -0.018378373235464096
v 0.0028248776216059923 0.015780800953507423 -0.018378373235464096
v 0.002827523509040475 0.01673256605863571 -0.01933000236749649
v 0.002827523509040475 0.01673256605863571 -0.01933000236749649
v 0.002827523509040475 0.01673256605863571 -0.01933000236749649
v 0.002827523509040475 0.01673256605863571 -0.01933000236749649
v 0.002827523509040475 0.01673256605863571 -0.01933000236749649
v 0.0028285481967031956 0.018032601103186607 -0.019678253680467606
v 0.0028285481967031956 0.018032601103186607 -0.019678253680467606
v 0.0028285481967031956 0.018032601103186607 -0.019678253680467606
v 0.0028285481967031956 0.018032601103186607 -0.019678253680467606
v 0.0028285481967031956 0.018032601103186607 -0.019678253680467606
v 0.0028285481967031956 0.018032601103186607 -0.019678253680467606
v 0.0028275558724999428 0.019332563504576683 -0.01932983100414276
v 0.0028275558724999428 0.019332563504576683 -0.01932983100414276
v 0.0028275558724999428 0.019332563504576683 -0.01932983100414276
v 0.0028275558724999428 0.019332563504576683 -0.01932983100414276
v 0.0028275558724999428 0.019332563504576683 -0.01932983100414276
v 0.0028275558724999428 0.019332563504576683 -0.01932983100414276
v 0.0028248236048966646 0.020284146070480347 -0.018378080800175667
v 0.0028248236048966646 0.020284146070480347 -0.018378080800175667
v 0.0028248236048966646 0.020284146070480347 -0.018378080800175667
v 0.0028248236048966646 0.020284146070480347 -0.018378080800175667
v 0.0028248236048966646 0.020284146070480347 -0.018378080800175667
v 0.0028248236048966646 0.020284146070480347 -0.018378080800175667
v 0.002821200294420123 0.020632434636354446 -0.017078105360269547
v 0.002821200294420123 0.020632434636354446 -0.017078105360269547
v 0.002821200294420123 0.020632434636354446 -0.017078105360269547
v 0.002821200294420123 0.020632434636354446 -0.017078105360269547
v 0.002821200294420123 0.020632434636354446 -0.017078105360269547
v 0.0028175313491374254 0.020283978432416916 -0.01577812246978283
v 0.0028175313491374254 0.020283978432416916 -0.01577812246978283
v 0.0028175313491374254 0.020283978432416916 -0.01577812246978283
v 0.0028175313491374254 0.020283978432416916 -0.01577812246978283
v 0.0028175313491374254 0.020283978432416916 -0.01577812246978283
v 0.0028175313491374254 0.020283978432416916 -0.01577812246978283
v 0.002814884763211012 0.01933225803077221 -0.014826533384621143
v 0.002814884763211012 0.01933225803077221 -0.014826533384621143
v 0.002814884763211012 0.01933225803077221 -0.014826533384621143
v 0.002814884763211012 0.01933225803077221 -0.014826533384621143
v 0.002814884763211012 0.01933225803077221 -0.014826533384621143
v 0.0028138719499111176 0.018032269552350044 -0.014478241093456745
v 0.0028138719499111176 0.018032269552350044 -0.014478241093456745
v 0.0028138719499111176 0.018032269552350044 -0.014478241093456745
v 0.0028138719499111176 0.018032269552350044 -0.014478241093456745
v 0.0028138719499111176 0.018032269552350044 -0.014478241093456745
v 0.0028138719499111176 0.018032269552350044 -0.014478241093456745
v 0.002814949257299304 0.01673228107392788 -0.014826681464910507
v 0.002814949257299304 0.01673228107392788 -0.014826681464910507
v 0.002814949257299304 0.01673228107392788 -0.014826681464910507
v 0.002814949257299304 0.01673228107392788 -0.014826681464910507
v 0.002814949257299304 0.01673228107392788 -0.014826681464910507
v 0.002817585365846753 0.015780635178089142 -0.01577841490507126
v 0.002817585365846753 0.015780635178089142 -0.01577841490507126
v 0.002817585365846753 0.015780635178089142 -0.01577841490507126
v 0.002817585365846753 0.015780635178089142 -0.01577841490507126
v 0.002817585365846753 0.015780635178089142 -0.01577841490507126
v 0.0027705682441592216 0.015108180232346058 0.0009527363581582904
v 0.0027705682441592216 0.015108180232346058 0.0009527363581582904
v 0.0027705682441592216 0.015108180232346058 0.0009527363581582904
v 0.0027705682441592216 0.015108180232346058 0.0009527363581582904
v 0.0027705682441592216 0.015108180232346058 0.0009527363581582904
v 0.0027705682441592216 0.015108180232346058 0.0009527363581582904
v 0.0027705682441592216 0.015108180232346058 0.0009527363581582904
v 0.0027705682441592216 0.015108180232346058 0.0009527363581582904
v 0.0027705682441592216 0.015108180232346058 0.0009527363581582904
v 0.0027705682441592216 0.015108180232346058 0.0009527363581582904
v 0.0027705682441592216 0.015108180232346058 0.0009527363581582904
v 0.0027705682441592216 0.015108180232346058 0.0009527363581582904
v 0.0027705682441592216 0.015108180232346058 0.0009527363581582904
v 0.0027705682441592216 0.015108180232346058 0.0009527363581582904
v 0.0027705682441592216 0.015108180232346058 0.0009527363581582904
v 0.0027705186512321234 0.02451566979289055 0.0009533239062875509
v 0.0027705186512321234 0.02451566979289055 0.0009533239062875509
v 0.0027705186512321234 0.02451566979289055 0.0009533239062875509
v 0.0027705186512321234 0.02451566979289055 0.0009533239062875509
v 0.0027705186512321234 0.02451566979289055 0.0009533239062875509
v 0.0027705186512321234 0.02451566979289055 0.0009533239062875509
v 0.0027705186512321234 0.02451566979289055 0.0009533239062875509
v 0.0027705186512321234 0.02451566979289055 0.0009533239062875509
v 0.002812985796481371 0.015109172090888023 -0.014155333861708641
v 0.002812985796481371 0.015109172090888023 -0.014155333861708641
v 0.002812985796481371 0.015109172090888023 -0.014155333861708641
v 0.002812985796481371 0.015109172090888023 -0.014155333861708641
v 0.002812985796481371 0.015109172090888023 -0.014155333861708641
v 0.002812985796481371 0.015109172090888023 -0.014155333861708641
v 0.002812985796481371 0.015109172090888023 -0.014155333861708641
v 0.002812985796481371 0.015109172090888023 -0.014155333861708641
v 0.002812985796481371 0.015109172090888023 -0.014155333861708641
v 0.002812985796481371 0.015109172090888023 -0.014155333861708641
v 0.002812985796481371 0.015109172090888023 -0.014155333861708641
v 0.002812985796481371 0.015109172090888023 -0.014155333861708641
v 0.002812985796481371 0.015109172090888023 -0.014155333861708641
v 0.002812985796481371 0.015109172090888023 -0.014155333861708641
v 0.0028131213039159775 1.007937157737615e-06 -0.014156300574541092
v 0.0028131213039159775 1.007937157737615e-06 -0.014156300574541092
v 0.0028131213039159775 1.007937157737615e-06 -0.014156300574541092
v 0.0028131213039159775 1.007937157737615e-06 -0.014156300574541092
v 0.0028131213039159775 1.007937157737615e-06 -0.014156300574541092
v 0.0028131213039159775 1.007937157737615e-06 -0.014156300574541092
v 0.0028131213039159775 1.007937157737615e-06 -0.014156300574541092
v 0.0028131213039159775 1.007937157737615e-06 -0.014156300574541092
v 0.0028131213039159775 1.007937157737615e-06 -0.014156300574541092
v 0.0028131213039159775 1.007937157737615e-06 -0.014156300574541092
v 0.0028131213039159775 1.007937157737615e-06 -0.014156300574541092
v 0.0028131213039159775 1.007937157737615e-06 -0.014156300574541092
v 0.0028131213039159775 1.007937157737615e-06 -0.014156300574541092
v 0.0028131213039159775 1.007937157737615e-06 -0.014156300574541092
v 0.0028131213039159775 1.007937157737615e-06 -0.014156300574541092
v 0.0028131213039159775 1.007937157737615e-06 -0.014156300574541092
v 0.0028131213039159775 1.007937157737615e-06 -0.014156300574541092
v 0.0028131213039159775 1.007937157737615e-06 -0.014156300574541092
v 0.0028131557628512383 -0.015107100829482079 -0.014157278463244438
v 0.0028131557628512383 -0.015107100829482079 -0.014157278463244438
v 0.0028131557628512383 -0.015107100829482079 -0.014157278463244438
v 0.0028131557628512383 -0.015107100829482079 -0.014157278463244438
v 0.0028131557628512383 -0.015107100829482079 -0.014157278463244438
v 0.0028131557628512383 -0.015107100829482079 -0.014157278463244438
v 0.0028131557628512383 -0.015107100829482079 -0.014157278463244438
v 0.0028131557628512383 -0.015107100829482079 -0.014157278463244438
v 0.0028131557628512383 -0.015107100829482079 -0.014157278463244438
v 0.0028131557628512383 -0.015107100829482079 -0.014157278463244438
v 0.0028131557628512383 -0.015107100829482079 -0.014157278463244438
v 0.0028131557628512383 -0.015107100829482079 -0.014157278463244438
v 0.0028131557628512383 -0.015107100829482079 -0.014157278463244438
v 0.002770661609247327 -0.015107990242540836 0.0009508048533461988
v 0.002770661609247327 -0.015107990242540836 0.0009508048533461988
v 0.002770661609247327 -0.015107990242540836 0.0009508048533461988
v 0.002770661609247327 -0.015107990242540836 0.0009508048533461988
v 0.002770661609247327 -0.015107990242540836 0.0009508048533461988
v 0.002770661609247327 -0.015107990242540836 0.0009508048533461988
v 0.002770661609247327 -0.015107990242540836 0.0009508048533461988
v 0.002770661609247327 -0.015107990242540836 0.0009508048533461988
v 0.002770661609247327 -0.015107990242540836 0.0009508048533461988
v 0.002770661609247327 -0.015107990242540836 0.0009508048533461988
v 0.002770661609247327 -0.015107990242540836 0.0009508048533461988
v 0.002770661609247327 -0.015107990242540836 0.0009508048533461988
v 0.002770661609247327 -0.015107990242540836 0.0009508048533461988
v 0.002770661609247327 -0.015107990242540836 0.0009508048533461988
v 0.002770661609247327 -0.015107990242540836 0.0009508048533461988
v 0.002770661609247327 -0.015107990242540836 0.0009508048533461988
v 0.002770661609247327 -0.015107990242540836 0.0009508048533461988
v 0.002728143008425832 -0.015108964405953884 0.016058895736932755
v 0.002728143008425832 -0.015108964405953884 0.016058895736932755
v 0.002728143008425832 -0.015108964405953884 0.016058895736932755
v 0.002728143008425832 -0.015108964405953884 0.016058895736932755
v 0.002728143008425832 -0.015108964405953884 0.016058895736932755
v 0.002728143008425832 -0.015108964405953884 0.016058895736932755
v 0.002728143008425832 -0.015108964405953884 0.016058895736932755
v 0.002728143008425832 -0.015108964405953884 0.016058895736932755
v 0.002728143008425832 -0.015108964405953884 0.016058895736932755
v 0.002728143008425832 -0.015108964405953884 0.016058895736932755
v 0.002728143008425832 -0.015108964405953884 0.016058895736932755
v 0.002728143008425832 -0.015108964405953884 0.016058895736932755
v 0.002728108549490571 -8.173958576662699e-07 0.016059841960668564
v 0.002728108549490571 -8.173958576662699e-07 0.016059841960668564
v 0.002728108549490571 -8.173958576662699e-07 0.016059841960668564
v 0.002728108549490571 -8.173958576662699e-07 0.016059841960668564
v 0.002728108549490571 -8.173958576662699e-07 0.016059841960668564
v 0.002728108549490571 -8.173958576662699e-07 0.016059841960668564
v 0.002728108549490571 -8.173958576662699e-07 0.016059841960668564
v 0.002728108549490571 -8.173958576662699e-07 0.016059841960668564
v 0.002728108549490571 -8.173958576662699e-07 0.016059841960668564
v 0.002728108549490571 -8.173958576662699e-07 0.016059841960668564
v 0.002728108549490571 -8.173958576662699e-07 0.016059841960668564
v 0.002728108549490571 -8.173958576662699e-07 0.016059841960668564
v 0.002728108549490571 -8.173958576662699e-07 0.016059841960668564
v 0.002728108549490571 -8.173958576662699e-07 0.016059841960668564
v 0.002728108549490571 -8.173958576662699e-07 0.016059841960668564
v 0.0027016429230570793 -1.4157636769596138e-06 0.025467244908213615
v 0.0027016429230570793 -1.4157636769596138e-06 0.025467244908213615
v 0.0027016429230570793 -1.4157636769596138e-06 0.025467244908213615
v 0.0027016429230570793 -1.4157636769596138e-06 0.025467244908213615
v 0.0027016429230570793 -1.4157636769596138e-06 0.025467244908213615
v 0.0027016429230570793 -1.4157636769596138e-06 0.025467244908213615
v 0.0027016429230570793 -1.4157636769596138e-06 0.025467244908213615
v 0.0027016429230570793 -1.4157636769596138e-06 0.025467244908213615
v 0.00272796000353992 0.015107263810932636 0.016060786321759224
v 0.00272796000353992 0.015107263810932636 0.016060786321759224
v 0.00272796000353992 0.015107263810932636 0.016060786321759224
v 0.00272796000353992 0.015107263810932636 0.016060786321759224
v 0.00272796000353992 0.015107263810932636 0.016060786321759224
v 0.00272796000353992 0.015107263810932636 0.016060786321759224
v 0.00272796000353992 0.015107263810932636 0.016060786321759224
v 0.00272796000353992 0.015107263810932636 0.016060786321759224
v 0.00272796000353992 0.015107263810932636 0.016060786321759224
v 0.00272796000353992 0.015107263810932636 0.016060786321759224
v 0.00272796000353992 0.015107263810932636 0.016060786321759224
v 0.00272796000353992 0.015107263810932636 0.016060786321759224
v 0.00272796000353992 0.015107263810932636 0.016060786321759224
v 0.0027706173714250326 7.810719182543835e-08 0.000951749796513468
v 0.0027706173714250326 7.810719182543835e-08 0.000951749796513468
v 0.0027706173714250326 7.810719182543835e-08 0.000951749796513468
v 0.0027706173714250326 7.810719182543835e-08 0.000951749796513468
v 0.0027706173714250326 7.810719182543835e-08 0.000951749796513468
v 0.0027706173714250326 7.810719182543835e-08 0.000951749796513468
v 0.0027706173714250326 7.810719182543835e-08 0.000951749796513468
v 0.0027706173714250326 7.810719182543835e-08 0.000951749796513468
v 0.0027706173714250326 7.810719182543835e-08 0.000951749796513468
v 0.0027706173714250326 7.810719182543835e-08 0.000951749796513468
v 0.0027706173714250326 7.810719182543835e-08 0.000951749796513468
v 0.0027706173714250326 7.810719182543835e-08 0.000951749796513468
v 0.0027706173714250326 7.810719182543835e-08 0.000951749796513468
v 0.0027706173714250326 7.810719182543835e-08 0.000951749796513468
v 0.0027706173714250326 7.810719182543835e-08 0.000951749796513468
v 0.0027706173714250326 7.810719182543835e-08 0.000951749796513468
f 1 7 11
f 11 7 14
f 17 26 33
f 30 25 34
f 39 43 45
f 45 43 48
f 45 48 50
f 50 48 52
f 52 48 54
f 52 54 56
f 58 64 54
f 54 64 66
f 54 66 56
f 70 75 77
f 78 76 85
f 88 90 93
f 88 93 98
f 97 92 101
f 96 102 104
f 105 103 109
f 105 109 110
f 114 118 109
f 109 118 120
f 109 120 110
f 88 125 90
f 90 125 126
f 129 130 133
f 133 130 136
f 133 136 139
f 136 140 139
f 139 140 143
f 139 143 144
f 147 150 153
f 153 150 144
f 153 144 155
f 155 144 143
f 157 162 163
f 163 162 166
f 157 163 170
f 170 163 173
f 170 173 177
f 178 163 166
f 178 166 183
f 166 187 183
f 183 187 191
f 183 191 194
f 194 191 198
f 194 198 203
f 206 150 209
f 209 150 147
f 211 85 213
f 213 85 76
f 76 216 213
f 213 216 219
f 213 219 222
f 27 21 224
f 234 63 134
f 134 63 128
f 237 242 40
f 40 44 237
f 237 44 49
f 239 51 246
f 246 51 53
f 246 53 256
f 63 234 65
f 65 234 256
f 65 256 57
f 57 256 53
f 119 40 122
f 122 40 242
f 259 265 267
f 267 265 271
f 278 279 285
f 285 286 278
f 278 286 289
f 278 289 292
f 292 289 295
f 292 295 298
f 265 259 304
f 304 259 298
f 304 298 306
f 306 298 295
f 308 311 317
f 317 311 319
f 321 308 323
f 323 308 317
f 325 316 6
f 6 316 15
f 211 213 326
f 211 326 330
f 326 332 330
f 330 332 335
f 330 335 341
f 341 335 345
f 341 345 347
f 351 356 359
f 359 356 365
f 366 285 369
f 369 285 279
f 321 375 308
f 308 375 377
f 380 368 374
f 374 368 372
f 375 371 377
f 384 19 13
f 12 18 2
f 385 388 392
f 391 387 3
f 390 4 32
f 29 5 16
f 395 397 8
f 9 398 400
f 10 401 382
f 31 35 403
f 411 418 425
f 419 417 432
f 434 427 442
f 441 421 428
f 440 429 23
f 24 431 36
f 443 447 450
f 450 447 454
f 451 456 461
f 462 457 464
f 460 463 467
f 467 463 472
f 475 477 443
f 443 477 447
f 481 489 493
f 492 491 498
f 162 157 503
f 162 503 506
f 506 503 511
f 506 511 516
f 516 511 517
f 516 517 520
f 529 530 536
f 535 534 540
f 537 539 546
f 546 539 550
f 549 541 555
f 548 554 561
f 563 568 572
f 563 572 575
f 575 572 582
f 575 582 586
f 586 582 591
f 586 591 593
f 571 570 597
f 573 596 581
f 156 606 501
f 504 608 611
f 502 612 509
f 510 609 614
f 512 615 519
f 598 616 579
f 580 617 621
f 578 623 588
f 590 619 626
f 627 629 592
f 589 630 600
f 587 607 631
f 633 601 634
f 60 55 47
f 158 168 602
f 603 169 174
f 604 175 636
f 638 176 61
f 637 59 42
f 41 62 46
f 639 645 649
f 649 645 654
f 656 660 662
f 662 660 666
f 671 673 677
f 677 673 684
f 676 682 688
f 690 686 691
f 689 693 666
f 666 693 662
f 695 702 705
f 705 702 709
f 705 709 710
f 710 709 713
f 711 714 720
f 720 714 723
f 720 723 729
f 729 723 733
f 737 266 738
f 738 266 305
f 305 307 738
f 738 307 296
f 738 296 741
f 284 743 287
f 287 743 741
f 287 741 288
f 288 741 296
f 750 753 755
f 755 753 758
f 757 760 767
f 764 763 771
f 765 769 774
f 774 769 779
f 782 785 750
f 750 785 753
f 789 796 799
f 800 794 804
f 809 812 413
f 820 218 830
f 827 220 215
f 72 835 840
f 843 846 811
f 813 845 849
f 217 73 826
f 825 74 69
f 824 71 851
f 852 68 837
f 855 859 864
f 862 857 354
f 863 355 815
f 817 357 352
f 818 353 842
f 833 867 426
f 423 868 870
f 424 871 407
f 409 872 874
f 414 875 808
f 876 823 881
f 882 822 832
f 883 831 886
f 887 828 422
f 889 412 894
f 895 410 816
f 891 819 896
f 897 814 850
f 901 903 909
f 909 903 913
f 918 921 925
f 925 921 930
f 932 936 938
f 938 936 945
f 941 947 949
f 950 946 955
f 948 953 930
f 930 953 925
f 266 737 270
f 270 737 956
f 270 956 961
f 963 960 964
f 639 649 967
f 967 649 970
f 639 967 971
f 971 967 964
f 971 964 960
f 975 978 982
f 982 978 984
f 988 593 992
f 992 593 591
f 591 632 992
f 992 632 635
f 992 635 994
f 43 39 117
f 116 994 117
f 117 994 635
f 117 635 43
f 270 961 268
f 268 961 995
f 268 995 997
f 997 995 1001
f 997 1001 1002
f 1002 1001 1007
f 1002 1007 1010
f 1011 1005 126
f 1011 126 125
f 64 58 129
f 129 58 177
f 129 177 130
f 130 177 173
f 1014 1016 198
f 198 1016 203
f 1020 498 1023
f 1023 498 491
f 491 1026 1023
f 1023 1026 1028
f 1023 1028 1033
f 729 733 1036
f 1039 1032 1038
f 1036 1033 1028
f 1036 1028 729
f 206 209 1041
f 206 1041 1043
f 1043 1041 1047
f 1043 1047 1050
f 1053 1048 1055
f 1053 1055 1056
f 1056 1055 1039
f 1056 1039 1038
f 219 821 222
f 222 821 1062
f 420 435 1063
f 420 1063 885
f 884 1065 1067
f 884 1067 880
f 879 1066 1071
f 879 1071 878
f 877 1072 1062
f 877 1062 821
f 383 1073 20
f 20 1073 225
f 22 228 439
f 438 226 1075
f 1079 399 1081
f 1081 399 396
f 1081 396 1083
f 1083 396 394
f 1083 394 1085
f 1085 394 11
f 1085 11 14
f 1079 1086 399
f 399 1086 1073
f 399 1073 383
f 378 370 281
f 376 283 309
f 291 718 276
f 277 717 707
f 275 708 699
f 310 282 312
f 314 280 274
f 313 272 1088
f 1089 273 700
f 1090 701 1093
f 258 269 999
f 998 1003 257
f 260 1004 1008
f 261 1009 124
f 123 87 263
f 264 86 94
f 262 99 299
f 297 95 106
f 300 107 112
f 132 137 233
f 232 138 146
f 235 145 151
f 731 725 253
f 254 724 719
f 249 715 245
f 248 716 293
f 247 290 236
f 238 294 301
f 240 302 244
f 241 303 113
f 243 111 121
f 149 204 229
f 231 205 1044
f 230 1045 255
f 1037 732 1058
f 1059 730 251
f 1057 250 1051
f 1052 252 1046
f 1092 1098 1100
f 1092 1100 1091
f 1091 1100 319
f 1091 319 311
f 909 1107 1109
f 1114 1117 1124
f 1124 1117 1125
f 1124 1125 1109
f 1109 1125 901
f 1109 901 909
f 1130 1132 345
f 345 1132 347
f 848 847 1135
f 1135 847 1137
f 351 359 1140
f 1140 359 1141
f 351 1140 844
f 844 1140 1137
f 844 1137 847
f 1147 1149 1152
f 1152 1149 1155
f 1158 804 1161
f 1161 804 794
f 794 1163 1161
f 1161 1163 1167
f 1161 1167 1170
f 743 284 367
f 379 1170 367
f 367 1170 1167
f 367 1167 743
f 393 1172 1173
f 393 1173 386
f 386 1173 1177
f 386 1177 389
f 389 1177 7
f 389 7 1
f 1172 393 406
f 406 393 28
f 402 38 1178
f 1181 37 430
f 415 408 890
f 415 890 1185
f 1184 888 893
f 1184 893 1187
f 1186 892 899
f 1186 899 1189
f 1190 898 848
f 1190 848 1135
f 1192 1199 1204
f 1205 1201 1208
f 1206 1210 1217
f 1215 1209 1220
f 1213 1219 1226
f 1222 1218 1228
f 1223 1230 1237
f 1232 1229 1238
f 1234 1241 1244
f 1245 1240 1249
f 1247 1251 1256
f 1257 1250 1258
f 1253 1259 1263
f 1265 1260 1268
f 1266 1269 1274
f 1277 1271 1281
f 1272 1280 1284
f 1285 1279 1290
f 1286 1288 1293
f 1292 1291 1299
f 1295 1298 1306
f 1303 1301 1309
f 1302 1308 1197
f 1193 1310 1200
f 1315 1320 1327
f 1322 1321 1329
f 1323 1330 1335
f 1333 1331 1339
f 1332 1340 1344
f 1342 1341 1350
f 1345 1349 1353
f 1355 1348 1358
f 1356 1359 1366
f 1364 1361 1371
f 1363 1370 1376
f 1373 1368 1381
f 1372 1378 1386
f 1387 1379 1388
f 1382 1391 1395
f 1393 1389 1398
f 1397 1399 1405
f 1404 1400 1408
f 1406 1411 1417
f 1415 1410 1419
f 1416 1421 1422
f 1423 1418 1431
f 1424 1428 1313
f 1312 1429 1318
f 1437 1441 1442
f 1445 1440 1448
f 1446 1451 1453
f 1454 1449 1458
f 1456 1459 1463
f 1462 1461 1469
f 1466 1471 1474
f 1476 1468 1479
f 1477 1480 1485
f 1487 1481 1489
f 1484 1491 1495
f 1492 1488 1501
f 1493 1499 1502
f 1504 1498 1508
f 1503 1509 1514
f 1512 1511 1518
f 1513 1519 1523
f 1524 1520 1530
f 1522 1528 1535
f 1537 1531 1541
f 1536 1539 1542
f 1543 1540 1548
f 1547 1550 1433
f 1435 1551 1438
f 1555 1558 1562
f 1563 1560 1569
f 1564 1570 1575
f 1577 1571 1579
f 1576 1580 1585
f 1587 1578 1590
f 1586 1589 1595
f 1597 1588 1598
f 1596 1600 1607
f 1605 1599 1608
f 1603 1611 1615
f 1614 1610 1620
f 1616 1619 1623
f 1627 1618 1631
f 1626 1628 1635
f 1637 1629 1638
f 1636 1641 1642
f 1644 1639 1650
f 1643 1649 1655
f 1653 1648 1660
f 1657 1658 1662
f 1663 1661 1669
f 1666 1668 1552
f 1557 1670 1559
f 467 472 1675
f 1675 472 1679
f 469 1673 1683
f 1681 474 445
f 444 449 1684
f 1685 452 458
f 1687 459 468
f 1211 1691 1221
f 1221 1691 1693
f 1221 1693 1231
f 1231 1693 1702
f 1231 1702 1239
f 1239 1702 1707
f 1239 1707 1248
f 1248 1707 1709
f 1248 1709 1261
f 1261 1709 1717
f 1261 1717 1270
f 1270 1717 1719
f 1270 1719 1278
f 1278 1719 1724
f 1278 1724 1289
f 1289 1724 1730
f 1289 1730 1300
f 1300 1730 1732
f 1300 1732 1311
f 1311 1732 1735
f 1311 1735 1198
f 1198 1735 1742
f 1198 1742 1211
f 1211 1742 1691
f 1686 1746 476
f 476 1746 1760
f 476 1760 479
f 1761 1766 1759
f 1760 1765 1771
f 1760 1771 479
f 482 497 1772
f 1772 497 1777
f 1773 1779 1784
f 1783 1776 1786
f 1780 1785 1761
f 1761 1785 1766
f 533 1793 542
f 543 1792 1798
f 544 1799 553
f 552 1801 1804
f 1328 1809 1338
f 1338 1809 1811
f 1338 1811 1351
f 1351 1811 1818
f 1351 1818 1360
f 1360 1818 1823
f 1360 1823 1369
f 1369 1823 1829
f 1369 1829 1380
f 1380 1829 1832
f 1380 1832 1390
f 1390 1832 1837
f 1390 1837 1401
f 1401 1837 1840
f 1401 1840 1409
f 1409 1840 1842
f 1409 1842 1420
f 1420 1842 1846
f 1420 1846 1430
f 1430 1846 1852
f 1430 1852 1319
f 1319 1852 1859
f 1319 1859 1328
f 1328 1859 1809
f 560 1863 1867
f 628 625 547
f 545 624 538
f 538 624 528
f 528 624 622
f 528 622 1869
f 521 518 1877
f 1877 518 613
f 1877 613 1881
f 1881 613 610
f 1881 610 1867
f 1867 610 605
f 1867 605 560
f 560 605 628
f 560 628 551
f 551 628 547
f 569 566 599
f 599 566 1884
f 599 1884 618
f 618 1884 1889
f 618 1889 620
f 622 1892 1893
f 622 1893 1869
f 654 645 1897
f 1897 645 1905
f 1898 1902 1911
f 1909 1904 1913
f 1910 1912 1916
f 1916 1912 1920
f 659 655 1923
f 1927 1936 1951
f 1916 1920 1923
f 1923 1920 1927
f 1923 1927 659
f 659 1927 1951
f 667 658 1948
f 687 668 680
f 679 669 1950
f 678 1946 670
f 672 1949 1956
f 1957 1959 671
f 671 1959 673
f 1758 1747 487
f 1030 1025 1744
f 1745 1024 488
f 1743 490 483
f 902 1752 906
f 908 1749 1962
f 1774 1782 484
f 485 1781 1762
f 486 1763 1757
f 1970 1976 1755
f 1756 1977 1978
f 1753 1981 1966
f 1969 1980 1984
f 1964 1982 1987
f 712 721 706
f 704 722 728
f 703 726 698
f 696 727 1027
f 697 1029 1118
f 1119 1031 1748
f 1120 1754 1126
f 1127 1750 900
f 1989 1995 1997
f 2000 1992 904
f 1999 907 2001
f 2002 905 1963
f 747 1166 1939
f 2005 2007 1935
f 646 641 1938
f 2011 2017 2024
f 1168 1165 1931
f 1932 1164 797
f 1933 795 788
f 2004 1929 2026
f 790 2031 2035
f 1914 1903 1918
f 1919 1901 642
f 1921 643 1926
f 1928 644 1940
f 739 742 734
f 735 740 746
f 736 745 957
f 958 744 1941
f 959 1942 973
f 972 1945 640
f 2023 2027 2012
f 2016 2025 1944
f 2013 1943 2037
f 2038 1937 792
f 2039 793 2043
f 2042 791 2036
f 774 779 2045
f 2045 779 2053
f 773 2049 2059
f 2057 780 749
f 748 754 2054
f 2055 756 766
f 2056 768 775
f 1538 2065 1549
f 1549 2065 2066
f 1549 2066 1439
f 1439 2066 2075
f 1439 2075 1450
f 1450 2075 2078
f 1450 2078 1460
f 1460 2078 2086
f 1460 2086 1470
f 1470 2086 2087
f 1470 2087 1478
f 1478 2087 2092
f 1478 2092 1490
f 1490 2092 2096
f 1490 2096 1500
f 1500 2096 2099
f 1500 2099 1510
f 1510 2099 2101
f 1510 2101 1521
f 1521 2101 2110
f 1521 2110 1529
f 1529 2110 2112
f 1529 2112 1538
f 1538 2112 2065
f 1659 2121 1671
f 1671 2121 2127
f 1671 2127 1561
f 1561 2127 2128
f 1561 2128 1568
f 1568 2128 2134
f 1568 2134 1581
f 1581 2134 2137
f 1581 2137 1591
f 1591 2137 2141
f 1591 2141 1601
f 1601 2141 2146
f 1601 2146 1609
f 1609 2146 2147
f 1609 2147 1621
f 1621 2147 2157
f 1621 2157 1630
f 1630 2157 2159
f 1630 2159 1640
f 1640 2159 2167
f 1640 2167 1651
f 1651 2167 2173
f 1651 2173 1659
f 1659 2173 2121
f 2061 2014 781
f 781 2014 2041
f 781 2041 784
f 2044 2174 2040
f 2041 2176 2178
f 2041 2178 784
f 787 798 2029
f 2029 798 2183
f 2030 2182 2034
f 2032 2185 2188
f 2033 2189 2044
f 2044 2189 2174
f 365 356 2193
f 2193 356 861
f 2195 858 2197
f 2201 860 856
f 2200 854 2202
f 2202 854 865
f 2202 865 2209
f 2209 865 810
f 2209 810 2213
f 2213 810 807
f 2213 807 2214
f 2214 807 873
f 2214 873 2220
f 2220 873 869
f 2220 869 2224
f 2224 869 866
f 2224 866 2228
f 2228 866 829
f 2228 829 2232
f 2232 829 853
f 67 80 834
f 834 80 2236
f 836 2235 841
f 839 2234 2238
f 838 2240 853
f 853 2240 2232
f 913 903 2244
f 2244 903 1993
f 2246 1996 2249
f 2248 1994 1991
f 2253 1990 2257
f 2257 1990 1998
f 920 919 2258
f 2003 1967 2262
f 2257 1998 2258
f 2258 1998 2003
f 2258 2003 920
f 920 2003 2262
f 927 922 2263
f 951 928 937
f 939 929 2265
f 940 2266 931
f 933 2267 2269
f 2272 2276 932
f 932 2276 936
f 2280 962 2284
f 2284 962 965
f 2284 965 2287
f 2287 965 966
f 2288 967 970
f 2288 970 2291
f 970 2295 2291
f 2291 2295 2299
f 2291 2299 2300
f 2300 2299 982
f 2300 982 984
f 978 975 2305
f 978 2305 2309
f 2309 2305 2313
f 2309 2313 2318
f 2318 2313 2319
f 2319 2313 988
f 2319 988 992
f 993 2326 991
f 991 2326 2320
f 2326 993 2332
f 2332 993 115
f 2332 115 108
f 2332 108 2335
f 2335 108 100
f 2335 100 2337
f 2337 100 91
f 2337 91 2343
f 2343 91 89
f 2343 89 2344
f 2344 89 2350
f 2350 89 127
f 2350 127 1006
f 2350 1006 2352
f 2352 1006 1000
f 2352 1000 2356
f 2356 1000 996
f 2356 996 2362
f 2362 996 962
f 2362 962 2280
f 2366 131 2367
f 2367 131 172
f 2367 172 179
f 180 171 164
f 1016 1014 2372
f 1016 2372 2376
f 2376 2372 2380
f 2376 2380 2385
f 2385 2380 2387
f 2387 2380 1020
f 2387 1020 1023
f 1035 2389 1022
f 1022 2389 2388
f 2390 1034 2399
f 2399 1034 1040
f 2399 1040 1054
f 2399 1054 2401
f 2401 1054 1049
f 2401 1049 2406
f 2406 1049 1042
f 2406 1042 2408
f 2408 1042 208
f 2408 208 2412
f 2412 208 2416
f 2417 207 148
f 141 2422 142
f 142 2422 2426
f 142 2426 154
f 154 2426 2430
f 154 2430 152
f 152 2430 2417
f 152 2417 148
f 141 135 2422
f 2422 135 131
f 2422 131 2366
f 221 2433 214
f 214 2433 328
f 1061 2440 221
f 221 2440 2433
f 1077 2443 2453
f 2441 1060 2454
f 2454 1060 1070
f 2454 1070 2460
f 2460 1070 1068
f 2460 1068 2452
f 2453 1069 1064
f 2453 1064 1077
f 1077 1064 436
f 1077 436 437
f 1074 2461 227
f 227 2461 2444
f 223 2445 1076
f 15 316 1084
f 1084 316 2465
f 1084 2465 1082
f 1082 2465 1080
f 1080 2465 2472
f 1080 2472 1078
f 2461 1074 2472
f 2472 1074 1087
f 2472 1087 1078
f 702 695 1092
f 1092 695 1121
f 1092 1121 1098
f 1094 1117 1114
f 1132 1130 2473
f 1132 2473 2478
f 2478 2473 2483
f 2478 2483 2487
f 2487 2483 1109
f 2487 1109 1107
f 2493 1136 2496
f 2496 1136 1138
f 2496 1138 2499
f 2499 1138 1139
f 2498 1140 1141
f 2498 1141 2500
f 1141 2504 2500
f 2500 2504 2510
f 2500 2510 2511
f 2511 2510 1149
f 2511 1149 1147
f 1152 1155 2516
f 1152 2516 2523
f 2523 2516 2526
f 2523 2526 2529
f 2529 2526 2530
f 2530 2526 1158
f 2530 1158 1161
f 1169 2540 1162
f 1162 2540 2532
f 2540 1169 2544
f 2544 1169 381
f 2544 381 373
f 2544 373 2548
f 2548 373 322
f 2548 322 2552
f 2552 322 2554
f 2554 322 324
f 325 6 2555
f 2555 6 1176
f 2555 1176 2558
f 2558 1176 1174
f 2558 1174 2566
f 2565 1175 1171
f 2565 1171 2570
f 2570 1171 2575
f 2575 1171 404
f 2574 405 1179
f 433 416 1180
f 1180 416 1182
f 1180 1182 2571
f 1136 2493 1191
f 1191 2493 2580
f 1191 2580 1188
f 1188 2580 2585
f 1188 2585 1183
f 1182 2584 2588
f 1182 2588 2571
f 2594 1304 2599
f 2598 1307 1194
f 2596 1195 2606
f 2604 1196 1202
f 2603 1203 2610
f 2611 1207 1212
f 2612 1214 2614
f 2615 1216 1225
f 2616 1227 2622
f 2624 1224 1233
f 2620 1235 2625
f 2627 1236 1243
f 2630 1242 2632
f 2634 1246 1252
f 2635 1255 2641
f 2637 1254 1264
f 2640 1267 2648
f 2646 1262 1276
f 2644 1275 2653
f 2649 1273 1282
f 2650 1287 2660
f 2658 1283 1294
f 2655 1296 2593
f 2589 1297 1305
f 2665 1336 2667
f 2672 1337 1347
f 2669 1346 2677
f 2674 1343 1352
f 2673 1357 2682
f 2681 1354 1362
f 2680 1365 2686
f 2685 1367 1374
f 2688 1375 2694
f 2693 1377 1383
f 2695 1384 2699
f 2701 1385 1394
f 2700 1396 2707
f 2706 1392 1407
f 2708 1403 2711
f 2712 1402 1412
f 2713 1413 2718
f 2715 1414 1426
f 2716 1427 2723
f 2726 1425 1316
f 2725 1314 2730
f 2729 1317 1324
f 2728 1325 2661
f 2663 1326 1334
f 2733 1545 2740
f 2742 1544 1432
f 2739 1436 2750
f 2749 1434 1443
f 2748 1447 2751
f 2752 1444 1452
f 2753 1455 2762
f 2761 1457 1467
f 2760 1465 2767
f 2763 1464 1475
f 2765 1473 2771
f 2770 1472 1482
f 2769 1486 2778
f 2779 1483 1497
f 2780 1496 2781
f 2782 1494 1507
f 2783 1505 2792
f 2791 1506 1516
f 2790 1515 2796
f 2793 1517 1527
f 2798 1526 2803
f 2802 1525 1534
f 2804 1533 2737
f 2738 1532 1546
f 2807 1602 2814
f 2813 1604 1613
f 2811 1612 2820
f 2821 1617 1625
f 2822 1624 2828
f 2824 1622 1634
f 2823 1633 2829
f 2834 1632 1645
f 2833 1646 2838
f 2837 1647 1656
f 2835 1654 2842
f 2845 1652 1664
f 2841 1665 2849
f 2852 1667 1554
f 2851 1556 2856
f 2858 1553 1565
f 2853 1566 2862
f 2863 1567 1573
f 2864 1574 2869
f 2865 1572 1582
f 2870 1583 2874
f 2875 1584 1593
f 2876 1592 2806
f 2805 1594 1606
f 1676 1680 2881
f 1751 1688 1974
f 1971 1682 1677
f 1973 1674 2885
f 2884 1672 2880
f 2890 522 2893
f 2892 523 1878
f 1019 2382 1703
f 1697 2381 2375
f 1701 2374 1706
f 1705 2373 1015
f 1704 1012 1712
f 1861 2898 1865
f 1868 2897 2904
f 1866 2903 1883
f 1882 2902 2909
f 1880 2908 1876
f 1875 2907 2911
f 1879 2912 2894
f 2878 1678 470
f 1741 1736 2889
f 2887 1737 1731
f 2886 1733 524
f 525 1734 1727
f 526 1728 513
f 514 1729 1725
f 515 1726 508
f 505 1723 1720
f 507 1721 159
f 160 1722 1716
f 161 1718 165
f 1013 199 1711
f 1708 197 189
f 1710 188 1714
f 1715 190 185
f 1713 186 167
f 1789 1778 1692
f 1694 1775 496
f 1696 495 1698
f 1699 494 499
f 1700 500 1021
f 2879 473 2915
f 471 465 2921
f 2916 466 455
f 2917 453 448
f 2891 2926 1739
f 1738 2922 1791
f 1740 1788 1689
f 1690 1787 1695
f 446 478 2918
f 2919 480 1770
f 2920 1769 2923
f 2924 1768 1764
f 2925 1767 1790
f 1803 2930 2899
f 1805 2896 556
f 557 2900 1864
f 558 1862 559
f 2929 1802 2932
f 2932 1802 1800
f 2932 1800 2933
f 2933 1800 2935
f 2935 1800 1797
f 2935 1797 2937
f 2943 2939 1796
f 2941 1795 1871
f 1870 1794 532
f 1872 531 527
f 1858 2308 1807
f 1806 2307 974
f 1808 977 1812
f 595 990 1857
f 1856 989 2315
f 1855 2314 2306
f 594 1854 583
f 585 1860 1851
f 584 1853 574
f 576 1850 1848
f 577 1847 565
f 1849 1845 562
f 567 1844 2947
f 564 2944 1886
f 1885 2945 2951
f 1887 2953 1888
f 1890 2954 2958
f 1891 2955 1895
f 1894 2957 2960
f 1896 2962 1873
f 1874 2959 2942
f 2293 1816 2298
f 2297 1820 1810
f 2296 1814 981
f 983 1813 976
f 2294 969 1819
f 1817 968 650
f 1815 648 1822
f 1821 647 653
f 1824 652 1825
f 1826 651 1899
f 1906 1915 2969
f 1900 1907 1830
f 1827 1908 2967
f 1828 2964 1833
f 1831 2963 2972
f 1834 2973 1838
f 1835 2974 2949
f 1836 2948 1839
f 1841 2946 1843
f 1922 657 661
f 2977 683 2980
f 2981 681 674
f 2983 675 1960
f 1917 1924 2965
f 2966 1925 665
f 2968 663 2978
f 2979 664 692
f 2975 694 685
f 1952 1947 1930
f 2984 1961 2989
f 2985 1958 1953
f 2987 1954 2010
f 2009 1955 1934
f 1972 2882 2990
f 1972 2990 1975
f 2990 2993 1975
f 1975 2993 2995
f 1975 2995 1979
f 2995 2996 1979
f 1979 2996 2999
f 1979 2999 1983
f 1983 2999 3001
f 1983 3001 1986
f 1986 3001 3003
f 1986 3003 3005
f 2022 2018 3009
f 3009 2018 3013
f 2986 2008 3015
f 3015 2008 2006
f 3015 2006 3017
f 3017 2006 2028
f 3017 2028 3019
f 3019 2028 2022
f 3019 2022 3022
f 3022 2022 3009
f 2048 2051 3027
f 2015 2058 2020
f 2021 2060 2047
f 2019 2046 3012
f 3011 2050 3024
f 1150 2067 1154
f 1156 2069 2064
f 1157 2063 2519
f 2518 2062 2111
f 2517 2113 2524
f 2525 2115 1160
f 210 329 2156
f 2153 331 340
f 2154 342 2162
f 2161 343 348
f 2160 350 2163
f 1148 2509 2071
f 2070 2508 2507
f 2068 2505 2073
f 2190 2108 2103
f 3033 3038 2144
f 2145 3037 2243
f 2143 2239 2151
f 2488 2172 2479
f 2480 2168 2166
f 2481 2165 1134
f 1133 2164 349
f 2506 1142 2076
f 2074 1143 358
f 2072 361 2077
f 2079 360 363
f 2080 362 2082
f 926 954 3046
f 3043 952 942
f 3044 943 3051
f 3048 944 934
f 3049 935 2277
f 2486 1105 2171
f 2170 1106 910
f 2169 912 2118
f 2120 911 916
f 2119 914 2124
f 3057 2095 3060
f 3058 2097 2090
f 3059 2093 3064
f 3065 2091 2089
f 3066 2088 2085
f 2142 2139 3029
f 3030 2140 2136
f 3031 2138 3070
f 3072 2135 2133
f 3071 2132 3074
f 3078 2131 2130
f 3079 2129 2123
f 2241 2237 2150
f 2149 2233 81
f 2148 82 2158
f 2152 79 83
f 2155 84 212
f 2187 2181 2109
f 2107 2184 803
f 2106 802 2114
f 2116 801 806
f 2117 805 1159
f 3023 2052 776
f 2175 2191 3081
f 3087 2186 2105
f 3080 2104 3053
f 3055 2102 2100
f 3056 2098 2094
f 917 923 2259
f 2261 924 3040
f 2260 3041 2256
f 2255 3042 3075
f 2254 3077 2250
f 2252 3076 2126
f 2251 2125 2247
f 2245 2122 915
f 3025 777 3089
f 778 770 3091
f 3092 772 759
f 3093 761 3085
f 3088 762 751
f 364 2194 2083
f 2081 2192 2198
f 2084 2196 3062
f 3068 2199 2205
f 3067 2203 3094
f 3095 2204 2206
f 3096 2207 3098
f 3101 2208 2212
f 3099 2210 3102
f 3103 2211 2215
f 3104 2216 3107
f 3109 2217 2219
f 3108 2218 3112
f 3111 2221 2225
f 3113 2222 3115
f 3114 2223 2229
f 3116 2226 3036
f 3035 2227 2230
f 3034 2231 2242
f 752 786 3084
f 3086 783 2179
f 3083 2180 2177
f 2273 2264 1968
f 3050 2274 3006
f 3007 2275 2271
f 3008 2270 1988
f 1985 2268 1965
f 2317 2321 2324
f 2283 2289 2292
f 3119 2328 3126
f 3127 2325 2329
f 3128 2330 3131
f 3134 2331 2333
f 3132 2334 3139
f 3121 3144 2323
f 2327 3145 2310
f 2322 2311 2316
f 3154 2301 3157
f 3161 2303 987
f 3160 986 3148
f 3149 985 980
f 3146 979 2312
f 2290 2304 2286
f 2282 2302 3153
f 2285 3152 2279
f 2281 3151 3166
f 2278 3164 2359
f 2360 3168 3170
f 2361 3172 2358
f 2355 3171 3175
f 2336 2338 3135
f 3141 2339 2340
f 3137 2341 3182
f 3187 2342 2346
f 3186 2347 3189
f 3191 2345 2348
f 3190 2349 3180
f 3176 2351 2353
f 3179 2354 2357
f 3197 3201 2418
f 2419 3203 2415
f 2414 3204 3210
f 2413 3207 2411
f 2410 3208 3214
f 2409 3213 2407
f 2369 181 182
f 2405 3218 2404
f 2402 3215 3224
f 2403 3221 2398
f 2397 3222 3227
f 2400 3229 2396
f 2394 3228 3236
f 2393 3235 3237
f 3247 192 3252
f 3253 193 200
f 3254 202 3238
f 184 195 2368
f 2370 196 3246
f 2371 3245 2363
f 2364 3251 3259
f 2365 3261 2424
f 2423 3258 3265
f 2421 3267 2425
f 2428 3264 3199
f 2427 3195 2431
f 2429 3198 2420
f 201 1017 3239
f 3244 1018 2378
f 3243 2379 2395
f 2392 2377 2383
f 2391 2384 2386
f 2451 2446 3272
f 3278 2436 3283
f 3287 2439 2455
f 3284 2456 3274
f 3271 2457 2458
f 3277 2459 2450
f 3291 1103 3301
f 3300 1099 1095
f 3296 1097 3304
f 3306 1096 1110
f 3307 1111 3312
f 3282 3313 2442
f 2438 3320 336
f 2437 338 2435
f 2432 337 333
f 2434 334 327
f 2476 1112 2485
f 2482 1113 1123
f 2484 1122 1108
f 3308 1115 3322
f 3326 1116 2477
f 3323 2475 3327
f 3330 2474 1131
f 3331 1128 3319
f 3315 1129 344
f 3314 346 339
f 315 320 2468
f 2467 318 1104
f 2466 1102 2471
f 2470 1101 3289
f 2469 3292 2462
f 2463 3294 3337
f 2464 3333 2447
f 2448 3336 3341
f 2449 3343 3273
f 2494 2497 2502
f 2495 2501 2492
f 3348 3354 2545
f 2541 3352 3361
f 2542 3360 2533
f 3365 2515 3374
f 3373 2514 1146
f 3371 1145 3376
f 2503 2513 2491
f 2490 2512 3368
f 2489 3367 2577
f 2578 3366 3387
f 2579 3388 2582
f 2581 3384 3392
f 2564 2546 2560
f 2559 2547 2553
f 2557 2551 2556
f 3358 3397 2539
f 2536 3396 3405
f 2535 3404 3381
f 2543 2549 3350
f 3344 2550 2561
f 3346 2562 3411
f 3409 2563 2568
f 3408 2567 3416
f 3417 2569 2572
f 3415 2573 3393
f 3394 2576 2586
f 3395 2587 2583
f 1144 1151 3378
f 3380 1153 2521
f 3382 2520 2538
f 2537 2522 2528
f 2534 2527 2531
f 2633 3421 2629
f 2628 3420 3424
f 2626 3423 2619
f 2621 3425 3429
f 2623 3428 2617
f 2613 3427 3430
f 2618 3431 2608
f 2607 3432 3437
f 2609 3435 2605
f 2602 3434 3438
f 2601 3439 2597
f 2595 3440 3444
f 2600 3443 2590
f 2591 3442 3446
f 2592 3447 2657
f 2656 3449 3450
f 2659 3451 2654
f 2652 3452 3455
f 2651 3457 2647
f 2645 3456 3458
f 2643 3460 2642
f 2638 3461 3464
f 2639 3463 2636
f 2631 3465 3419
f 2687 3469 2684
f 2679 3467 3472
f 2683 3471 2676
f 2678 3470 3474
f 2675 3476 2670
f 2671 3477 3480
f 2668 3479 2666
f 2664 3481 3482
f 2662 3483 2727
f 2732 3484 3489
f 2731 3488 2722
f 2721 3487 3490
f 2724 3491 2717
f 2719 3493 3495
f 2720 3494 2710
f 2714 3496 3498
f 2709 3500 2704
f 2705 3499 3502
f 2703 3505 2698
f 2697 3503 3508
f 2702 3507 2692
f 2691 3506 3513
f 2696 3510 2689
f 2690 3511 3468
f 2777 3516 2772
f 2773 3515 3521
f 2774 3520 2766
f 2764 3518 3523
f 2768 3525 2759
f 2758 3522 3529
f 2757 3528 2754
f 2755 3527 3531
f 2756 3530 2745
f 2746 3533 3536
f 2747 3535 2744
f 2743 3534 3538
f 2741 3540 2736
f 2735 3541 3545
f 2734 3544 2799
f 2800 3543 3548
f 2801 3547 2794
f 2795 3549 3550
f 2797 3551 2788
f 2787 3552 3555
f 2789 3556 2785
f 2784 3557 3559
f 2786 3558 2775
f 2776 3561 3514
f 2816 3563 2808
f 2810 3562 3567
f 2809 3568 2873
f 2872 3569 3571
f 2871 3570 2868
f 2867 3573 3575
f 2866 3577 2860
f 2859 3576 3581
f 2861 3578 2857
f 2855 3579 3583
f 2854 3584 2848
f 2847 3585 3588
f 2850 3589 2846
f 2844 3586 3593
f 2843 3592 2836
f 2840 3591 3596
f 2839 3595 2832
f 2831 3594 3599
f 2830 3598 2827
f 2826 3601 3604
f 2825 3603 2817
f 2819 3602 3606
f 2818 3607 2815
f 2812 3609 3565
f 3014 3026 3090
f 3016 3611 2988
f 2988 3611 3612
f 2988 3612 2982
f 2938 2940 3616
f 3616 2940 2961
f 2938 3616 2936
f 2936 3616 3618
f 2936 3618 2934
f 3618 3621 2934
f 2934 3621 3623
f 2934 3623 2931
f 2931 3623 3624
f 2931 3624 2928
f 2928 3624 3627
f 2928 3627 2901
f 2877 2914 3629
f 3045 3052 3631
f 3632 3047 3004
f 3632 3004 3634
f 3634 3004 3002
f 3634 3002 3635
f 3635 3002 3000
f 3635 3000 3638
f 3638 3000 2998
f 3638 2998 3639
f 3639 2998 2997
f 3639 2997 3641
f 3641 2997 2994
f 3641 2994 3643
f 3643 2994 2992
f 3643 2992 3646
f 3646 2992 2991
f 3646 2991 3629
f 3629 2991 2883
f 3629 2883 2877
f 2982 3612 2976
f 2976 3612 3648
f 2976 3648 2970
f 3648 3650 2970
f 2970 3650 3652
f 2970 3652 2971
f 3652 3654 2971
f 2971 3654 3657
f 2971 3657 2950
f 3657 3659 2950
f 2950 3659 3661
f 2950 3661 2952
f 3661 3662 2952
f 2952 3662 3664
f 2952 3664 2956
f 3664 3666 2956
f 2956 3666 3668
f 2956 3668 2961
f 2961 3668 3671
f 2961 3671 3616
f 2901 3627 2905
f 2905 3627 3674
f 2905 3674 2906
f 3672 3675 2910
f 2910 3675 3678
f 2910 3678 2913
f 3678 3679 2913
f 2913 3679 3681
f 2913 3681 2895
f 3681 3683 2895
f 2895 3683 3686
f 2895 3686 2888
f 3686 3688 2888
f 2888 3688 3690
f 2888 3690 2927
f 3690 3691 2927
f 2927 3691 3693
f 2927 3693 2914
f 2914 3693 3696
f 2914 3696 3629
f 3631 3698 3045
f 3045 3698 3701
f 3045 3701 3073
f 3701 3703 3073
f 3073 3703 3704
f 3073 3704 3069
f 3704 3706 3069
f 3069 3706 3708
f 3069 3708 3032
f 3709 3711 3028
f 3028 3711 3713
f 3028 3713 3039
f 3713 3716 3039
f 3039 3716 3717
f 3039 3717 3117
f 3717 3719 3117
f 3117 3719 3721
f 3117 3721 3110
f 3721 3723 3110
f 3110 3723 3726
f 3110 3726 3106
f 3726 3728 3106
f 3106 3728 3729
f 3106 3729 3105
f 3729 3732 3105
f 3105 3732 3733
f 3105 3733 3100
f 3733 3736 3100
f 3100 3736 3738
f 3100 3738 3097
f 3738 3740 3097
f 3097 3740 3742
f 3097 3742 3063
f 3742 3744 3063
f 3063 3744 3745
f 3063 3745 3061
f 3745 3748 3061
f 3061 3748 3749
f 3061 3749 3054
f 3749 3752 3054
f 3054 3752 3753
f 3054 3753 3082
f 3753 3755 3082
f 3082 3755 3758
f 3082 3758 3090
f 3090 3758 3759
f 3090 3759 3014
f 3014 3759 3762
f 3014 3762 3010
f 3010 3762 3764
f 3010 3764 3021
f 3021 3764 3766
f 3021 3766 3020
f 3020 3766 3768
f 3020 3768 3018
f 3018 3768 3770
f 3018 3770 3016
f 3016 3770 3771
f 3016 3771 3611
f 3150 3776 3167
f 3165 3775 3780
f 3163 3778 3174
f 3173 3777 3783
f 3169 3782 3177
f 3178 3784 3785
f 3181 3786 3193
f 3192 3787 3790
f 3188 3791 3183
f 3185 3792 3793
f 3184 3794 3136
f 3138 3795 3797
f 3140 3798 3133
f 3129 3800 3803
f 3130 3804 3123
f 3124 3802 3805
f 3125 3808 3122
f 3120 3806 3809
f 3118 3810 3147
f 3142 3812 3813
f 3143 3815 3162
f 3159 3816 3820
f 3158 3818 3156
f 3155 3817 3774
f 3200 3821 3202
f 3205 3822 3826
f 3206 3827 3209
f 3212 3828 3831
f 3211 3830 3219
f 3217 3829 3833
f 3216 3834 3223
f 3225 3835 3838
f 3220 3839 3226
f 3230 3840 3844
f 3231 3843 3234
f 3233 3841 3846
f 3232 3847 3240
f 3241 3848 3850
f 3242 3851 3257
f 3255 3852 3854
f 3256 3856 3248
f 3249 3855 3859
f 3250 3858 3260
f 3262 3857 3862
f 3263 3864 3268
f 3269 3863 3867
f 3266 3865 3196
f 3194 3866 3823
f 3339 3870 3275
f 3270 3869 3874
f 3276 3876 3285
f 3288 3875 3877
f 3286 3878 3281
f 3279 3879 3881
f 3280 3882 3316
f 3317 3883 3885
f 3318 3886 3328
f 3329 3888 3892
f 3332 3891 3325
f 3324 3889 3895
f 3321 3893 3311
f 3309 3894 3899
f 3310 3900 3303
f 3302 3898 3903
f 3305 3904 3297
f 3299 3902 3907
f 3298 3906 3295
f 3293 3905 3911
f 3290 3912 3334
f 3335 3909 3916
f 3338 3915 3342
f 3340 3914 3872
f 3401 3918 3375
f 3377 3917 3921
f 3379 3922 3369
f 3370 3924 3927
f 3372 3926 3363
f 3362 3928 3930
f 3364 3929 3383
f 3385 3932 3933
f 3386 3934 3389
f 3391 3936 3939
f 3390 3937 3414
f 3413 3938 3943
f 3412 3944 3410
f 3406 3942 3947
f 3407 3945 3347
f 3349 3948 3952
f 3345 3949 3353
f 3351 3950 3953
f 3355 3954 3356
f 3357 3955 3959
f 3359 3957 3398
f 3399 3958 3962
f 3400 3963 3402
f 3403 3964 3920
f 3422 3968 3426
f 3426 3968 3972
f 3426 3972 3433
f 3433 3972 3976
f 3433 3976 3436
f 3436 3976 3980
f 3436 3980 3441
f 3441 3980 3983
f 3441 3983 3445
f 3445 3983 3988
f 3445 3988 3448
f 3448 3988 3992
f 3448 3992 3453
f 3453 3992 3996
f 3453 3996 3454
f 3454 3996 4000
f 3454 4000 3459
f 3459 4000 4001
f 3459 4001 3462
f 3462 4001 4008
f 3462 4008 3418
f 3418 4008 4009
f 3418 4009 3422
f 3422 4009 3968
f 3473 4013 3475
f 3475 4013 4017
f 3475 4017 3478
f 3478 4017 4021
f 3478 4021 3485
f 3485 4021 4025
f 3485 4025 3486
f 3486 4025 4032
f 3486 4032 3492
f 3492 4032 4035
f 3492 4035 3497
f 3497 4035 4039
f 3497 4039 3501
f 3501 4039 4044
f 3501 4044 3504
f 3504 4044 4045
f 3504 4045 3509
f 3509 4045 4050
f 3509 4050 3512
f 3512 4050 4054
f 3512 4054 3466
f 3466 4054 4057
f 3466 4057 3473
f 3473 4057 4013
f 3519 4062 3524
f 3524 4062 4066
f 3524 4066 3526
f 3526 4066 4069
f 3526 4069 3532
f 3532 4069 4074
f 3532 4074 3537
f 3537 4074 4077
f 3537 4077 3539
f 3539 4077 4084
f 3539 4084 3542
f 3542 4084 4088
f 3542 4088 3546
f 3546 4088 4091
f 3546 4091 3553
f 3553 4091 4096
f 3553 4096 3554
f 3554 4096 4100
f 3554 4100 3560
f 3560 4100 4104
f 3560 4104 3517
f 3517 4104 4106
f 3517 4106 3519
f 3519 4106 4062
f 3566 4111 3572
f 3572 4111 4113
f 3572 4113 3574
f 3574 4113 4119
f 3574 4119 3580
f 3580 4119 4121
f 3580 4121 3582
f 3582 4121 4127
f 3582 4127 3587
f 3587 4127 4131
f 3587 4131 3590
f 3590 4131 4136
f 3590 4136 3597
f 3597 4136 4138
f 3597 4138 3600
f 3600 4138 4144
f 3600 4144 3605
f 3605 4144 4146
f 3605 4146 3608
f 3608 4146 4152
f 3608 4152 3564
f 3564 4152 4153
f 3564 4153 3566
f 3566 4153 4111
f 4159 4161 3642
f 3642 3644 4159
f 4159 3644 3647
f 4159 3647 4163
f 3692 4167 4174
f 3645 3628 4166
f 4166 3628 3695
f 4166 3695 4174
f 4174 3695 3694
f 4174 3694 3692
f 3692 3689 4167
f 4167 3689 3687
f 4167 3687 4182
f 3687 3685 4182
f 4182 3685 3684
f 4182 3684 4185
f 4185 3684 3682
f 4185 3682 4194
f 4194 3682 3680
f 4194 3680 4199
f 3626 4200 4203
f 3680 3677 4199
f 4199 3677 3676
f 4199 3676 4203
f 4203 3676 3673
f 4203 3673 3626
f 3626 3625 4200
f 4200 3625 3622
f 4200 3622 4206
f 3622 3620 4206
f 4206 3620 3617
f 4206 3617 4211
f 3619 3615 4212
f 4212 3615 3670
f 4212 3670 4214
f 3670 3669 4214
f 4214 3669 3667
f 4214 3667 4219
f 3667 3665 4219
f 4219 3665 3663
f 4219 3663 4227
f 3663 3660 4227
f 4227 3660 3658
f 4227 3658 4230
f 3658 3656 4230
f 4230 3656 3655
f 4230 3655 4234
f 3655 3653 4234
f 4234 3653 3651
f 4234 3651 4241
f 3772 4245 4251
f 3651 3649 4241
f 4241 3649 3614
f 4241 3614 4248
f 4251 3613 3610
f 4251 3610 3772
f 3763 4255 4256
f 3772 3769 4245
f 4245 3769 3767
f 4245 3767 4256
f 4256 3767 3765
f 4256 3765 3763
f 3756 4262 4264
f 3763 3761 4255
f 4255 3761 3760
f 4255 3760 4264
f 4264 3760 3757
f 4264 3757 3756
f 3747 4274 4277
f 3756 3754 4262
f 4262 3754 3751
f 4262 3751 4277
f 4277 3751 3750
f 4277 3750 3747
f 3747 3746 4274
f 4274 3746 3743
f 4274 3743 4282
f 3735 4286 4291
f 3743 3741 4282
f 4282 3741 3739
f 4282 3739 4291
f 4291 3739 3737
f 4291 3737 3735
f 3727 4292 4296
f 3735 3734 4286
f 4286 3734 3731
f 4286 3731 4296
f 4296 3731 3730
f 4296 3730 3727
f 3720 4299 4308
f 3727 3725 4292
f 4292 3725 3724
f 4292 3724 4308
f 4308 3724 3722
f 4308 3722 3720
f 3720 3718 4299
f 4299 3718 3715
f 4299 3715 4312
f 3715 3714 4312
f 4312 3714 3712
f 4312 3712 4314
f 3712 3710 4314
f 4314 3710 3707
f 4314 3707 4318
f 4318 3707 3705
f 4318 3705 4325
f 4325 3705 3702
f 4325 3702 4332
f 3702 3700 4332
f 4332 3700 3697
f 4332 3697 4333
f 3699 3630 4335
f 4335 3630 3633
f 4335 3633 4338
f 3633 3636 4338
f 4338 3636 3637
f 4338 3637 4161
f 4161 3637 3640
f 4161 3640 3642
f 3779 4341 3781
f 3781 4341 4344
f 3781 4344 3788
f 3788 4344 4347
f 3788 4347 3789
f 3789 4347 4350
f 3789 4350 3796
f 3796 4350 4354
f 3796 4354 3799
f 3799 4354 4359
f 3799 4359 3801
f 3801 4359 4361
f 3801 4361 3807
f 3807 4361 4365
f 3807 4365 3811
f 3811 4365 4366
f 3811 4366 3814
f 3814 4366 4371
f 3814 4371 3819
f 3819 4371 4374
f 3819 4374 3773
f 3773 4374 4379
f 3773 4379 3779
f 3779 4379 4341
f 3825 4380 3832
f 3832 4380 4386
f 3832 4386 3836
f 3836 4386 4388
f 3836 4388 3837
f 3837 4388 4391
f 3837 4391 3842
f 3842 4391 4395
f 3842 4395 3845
f 3845 4395 4399
f 3845 4399 3849
f 3849 4399 4401
f 3849 4401 3853
f 3853 4401 4404
f 3853 4404 3860
f 3860 4404 4410
f 3860 4410 3861
f 3861 4410 4412
f 3861 4412 3868
f 3868 4412 4414
f 3868 4414 3824
f 3824 4414 4418
f 3824 4418 3825
f 3825 4418 4380
f 3873 4422 3880
f 3880 4422 4424
f 3880 4424 3884
f 3884 4424 4426
f 3884 4426 3887
f 3887 4426 4432
f 3887 4432 3890
f 3890 4432 4435
f 3890 4435 3896
f 3896 4435 4437
f 3896 4437 3897
f 3897 4437 4441
f 3897 4441 3901
f 3901 4441 4443
f 3901 4443 3908
f 3908 4443 4447
f 3908 4447 3910
f 3910 4447 4452
f 3910 4452 3913
f 3913 4452 4453
f 3913 4453 3871
f 3871 4453 4459
f 3871 4459 3873
f 3873 4459 4422
f 3923 4461 3925
f 3925 4461 4464
f 3925 4464 3931
f 3931 4464 4466
f 3931 4466 3935
f 3935 4466 4471
f 3935 4471 3940
f 3940 4471 4473
f 3940 4473 3941
f 3941 4473 4478
f 3941 4478 3946
f 3946 4478 4482
f 3946 4482 3951
f 3951 4482 4483
f 3951 4483 3956
f 3956 4483 4489
f 3956 4489 3960
f 3960 4489 4491
f 3960 4491 3961
f 3961 4491 4495
f 3961 4495 3919
f 3919 4495 4499
f 3919 4499 3923
f 3923 4499 4461
f 4012 4500 3966
f 3965 4501 4509
f 3967 4510 3970
f 3969 4508 4514
f 3971 4513 3973
f 3974 4515 4518
f 3975 4517 3977
f 3978 4516 4524
f 3979 4525 3984
f 3981 4522 4531
f 3982 4530 3985
f 3986 4529 4536
f 3987 4535 3991
f 3990 4534 4542
f 3989 4543 3993
f 3995 4541 4546
f 3994 4547 3999
f 3998 4548 4554
f 3997 4553 4004
f 4003 4549 4557
f 4002 4559 4007
f 4006 4560 4564
f 4005 4563 4010
f 4011 4561 4502
f 4058 4571 4014
f 4015 4569 4575
f 4016 4576 4018
f 4019 4574 4577
f 4020 4578 4022
f 4023 4579 4583
f 4024 4587 4026
f 4027 4588 4590
f 4028 4593 4029
f 4030 4592 4594
f 4031 4595 4034
f 4036 4597 4601
f 4033 4603 4037
f 4040 4602 4605
f 4038 4608 4041
f 4042 4609 4611
f 4043 4612 4048
f 4047 4613 4617
f 4046 4616 4051
f 4049 4615 4624
f 4052 4625 4055
f 4053 4621 4629
f 4056 4630 4060
f 4059 4627 4570
f 4107 4632 4064
f 4063 4635 4640
f 4061 4638 4067
f 4065 4639 4644
f 4068 4643 4070
f 4071 4647 4652
f 4072 4653 4073
f 4075 4649 4658
f 4076 4657 4080
f 4078 4659 4661
f 4079 4662 4083
f 4082 4663 4667
f 4081 4666 4085
f 4086 4665 4674
f 4087 4673 4089
f 4092 4671 4680
f 4090 4677 4094
f 4095 4676 4683
f 4093 4681 4098
f 4097 4682 4689
f 4099 4690 4101
f 4103 4688 4697
f 4102 4693 4108
f 4105 4692 4636
f 4154 4703 4110
f 4109 4702 4706
f 4112 4705 4116
f 4115 4708 4711
f 4114 4712 4117
f 4118 4713 4717
f 4120 4716 4122
f 4124 4714 4724
f 4123 4725 4126
f 4125 4723 4730
f 4128 4726 4129
f 4130 4731 4732
f 4132 4735 4133
f 4135 4736 4738
f 4134 4740 4139
f 4137 4741 4744
f 4140 4743 4141
f 4142 4746 4752
f 4143 4751 4147
f 4145 4750 4756
f 4148 4758 4149
f 4151 4754 4761
f 4150 4760 4156
f 4155 4763 4701
f 4765 4329 4786
f 4784 4328 4334
f 4698 4762 4798
f 4319 4324 4739
f 4759 4755 4794
f 4792 4757 4748
f 4789 4749 4327
f 4323 4753 4745
f 4326 4747 4737
f 4742 4733 4321
f 4320 4734 4728
f 4317 4729 4315
f 4316 4727 4722
f 4313 4720 4310
f 4311 4721 4718
f 4309 4719 4301
f 4298 4715 4709
f 4303 4710 4707
f 4704 4700 4300
f 4302 4699 4800
f 4304 4788 4305
f 4306 4790 4805
f 4307 4804 4294
f 4293 4806 4297
f 4281 4289 4802
f 4801 4290 4287
f 4803 4288 4295
f 4660 4656 4284
f 4285 4654 4273
f 4691 4268 4694
f 4696 4269 4259
f 4686 4678 4830
f 4826 4679 4675
f 4824 4672 4669
f 4655 4651 4270
f 4271 4650 4645
f 4272 4648 4275
f 4276 4646 4637
f 4278 4642 4261
f 4263 4641 4633
f 4260 4634 4695
f 4687 4684 4266
f 4267 4685 4827
f 4265 4823 4253
f 4254 4819 4842
f 4252 4848 4258
f 4244 4249 4845
f 4834 4250 4247
f 4839 4246 4257
f 4229 4236 4567
f 4607 4599 4217
f 4216 4600 4855
f 4218 4851 4869
f 4568 4628 4231
f 4233 4631 4626
f 4232 4623 4226
f 4225 4622 4619
f 4228 4618 4221
f 4224 4620 4614
f 4223 4610 4606
f 4604 4598 4854
f 4849 4596 4589
f 4852 4591 4584
f 4242 4581 4237
f 4235 4582 4573
f 4238 4572 4566
f 4880 4209 4215
f 4879 4197 4204
f 4205 4202 4878
f 4882 4201 4207
f 4883 4208 4210
f 4888 4506 4503
f 4213 4222 4881
f 4876 4220 4864
f 4877 4861 4195
f 4198 4865 4895
f 4196 4894 4189
f 4192 4896 4504
f 4527 4172 4537
f 4533 4175 4169
f 4532 4170 4538
f 4540 4168 4184
f 4528 4523 4176
f 4179 4526 4519
f 4171 4521 4892
f 4891 4520 4511
f 4890 4512 4507
f 4505 4565 4193
f 4190 4562 4556
f 4191 4555 4188
f 4187 4558 4552
f 4186 4551 4181
f 4180 4550 4545
f 4183 4544 4539
f 4336 4339 4779
f 4783 4337 4162
f 4780 4160 4158
f 4910 4484 4480
f 4485 4909 4487
f 4486 4907 4837
f 4488 4838 4490
f 4828 4469 4465
f 4481 4477 4811
f 4812 4476 4475
f 4815 4474 4470
f 4472 4468 4808
f 4817 4467 4825
f 4818 4822 4279
f 4280 4821 4668
f 4283 4670 4664
f 4463 4460 4820
f 4831 4462 4498
f 4829 4497 4840
f 4844 4496 4494
f 4841 4493 4492
f 4421 4456 4816
f 4449 4446 4771
f 4773 4448 4445
f 4766 4444 4442
f 4438 4433 4791
f 4479 4814 4911
f 4903 4813 4458
f 4902 4457 4455
f 4322 4330 4793
f 4787 4331 4767
f 4796 4770 4436
f 4439 4774 4440
f 4434 4430 4797
f 4799 4431 4429
f 4795 4427 4807
f 4810 4428 4425
f 4809 4423 4420
f 4360 4358 4875
f 4871 4357 4901
f 4376 4373 4856
f 4843 4343 4340
f 4375 4370 4858
f 4859 4372 4367
f 4860 4368 4870
f 4867 4369 4363
f 4868 4364 4362
f 4356 4353 4900
f 4899 4355 4351
f 4898 4349 4846
f 4847 4352 4348
f 4835 4346 4345
f 4342 4378 4836
f 4832 4377 4853
f 4833 4850 4243
f 4240 4857 4585
f 4239 4586 4580
f 4400 4396 4775
f 4769 4394 4393
f 4392 4389 4777
f 4778 4390 4904
f 4764 4905 4451
f 4450 4906 4454
f 4403 4398 4887
f 4889 4397 4768
f 4886 4772 4177
f 4178 4776 4781
f 4173 4782 4164
f 4165 4785 4157
f 4387 4384 4912
f 4908 4385 4381
f 4897 4382 4866
f 4862 4383 4419
f 4863 4417 4416
f 4415 4413 4874
f 4872 4411 4409
f 4873 4408 4884
f 4885 4407 4406
f 4893 4405 4402
