mtllib converted_link3_15_969696ff.mtl
usemtl material
v 0.00633449200540781 0.019719179719686508 0.047746144235134125
v 0.00633449200540781 0.019719179719686508 0.047746144235134125
v 0.00633449200540781 0.019719179719686508 0.047746144235134125
v 0.00633449200540781 0.019719179719686508 0.047746144235134125
v 0.00633449200540781 0.019719179719686508 0.047746144235134125
v 0.00633449200540781 0.019719179719686508 0.047746144235134125
v 0.00633449200540781 0.019719179719686508 0.047746144235134125
v 0.004833507351577282 0.018608329817652702 0.04250422492623329
v 0.004833507351577282 0.018608329817652702 0.04250422492623329
v 0.004833507351577282 0.018608329817652702 0.04250422492623329
v 0.004833507351577282 0.018608329817652702 0.04250422492623329
v 0.004833507351577282 0.018608329817652702 0.04250422492623329
v 0.004833507351577282 0.018608329817652702 0.04250422492623329
v 0.004833507351577282 0.018608329817652702 0.04250422492623329
v 0.004833507351577282 0.018608329817652702 0.04250422492623329
v 0.004833507351577282 0.018608329817652702 0.04250422492623329
v 0.004833507351577282 0.018608329817652702 0.04250422492623329
v 0.005259019788354635 0.023616813123226166 0.04376288130879402
v 0.005259019788354635 0.023616813123226166 0.04376288130879402
v 0.005259019788354635 0.023616813123226166 0.04376288130879402
v 0.005259019788354635 0.023616813123226166 0.04376288130879402
v 0.005259019788354635 0.023616813123226166 0.04376288130879402
v 0.005791981238871813 -0.013290894217789173 0.04743115231394768
v 0.005791981238871813 -0.013290894217789173 0.04743115231394768
v 0.005791981238871813 -0.013290894217789173 0.04743115231394768
v 0.005791981238871813 -0.013290894217789173 0.04743115231394768
v 0.005791981238871813 -0.013290894217789173 0.04743115231394768
v 0.005791981238871813 -0.013290894217789173 0.04743115231394768
v 0.00562273059040308 -0.012696010060608387 0.046805188059806824
v 0.00562273059040308 -0.012696010060608387 0.046805188059806824
v 0.00562273059040308 -0.012696010060608387 0.046805188059806824
v 0.00562273059040308 -0.012696010060608387 0.046805188059806824
v 0.00562273059040308 -0.012696010060608387 0.046805188059806824
v 0.00562273059040308 -0.012696010060608387 0.046805188059806824
v 0.006973996292799711 0.0014196753036230803 0.05088889226317406
v 0.006973996292799711 0.0014196753036230803 0.05088889226317406
v 0.006973996292799711 0.0014196753036230803 0.05088889226317406
v 0.006973996292799711 0.0014196753036230803 0.05088889226317406
v 0.006973996292799711 0.0014196753036230803 0.05088889226317406
v 0.006973996292799711 0.0014196753036230803 0.05088889226317406
v 0.006973996292799711 0.0014196753036230803 0.05088889226317406
v 0.006973996292799711 0.0014196753036230803 0.05088889226317406
v -0.003870770102366805 0.003908489365130663 0.012506121769547462
v -0.003870770102366805 0.003908489365130663 0.012506121769547462
v -0.003870770102366805 0.003908489365130663 0.012506121769547462
v -0.004759138450026512 0.0037687213625758886 0.009378574788570404
v -0.004759138450026512 0.0037687213625758886 0.009378574788570404
v -0.004759138450026512 0.0037687213625758886 0.009378574788570404
v -0.004759138450026512 0.0037687213625758886 0.009378574788570404
v -0.004759138450026512 0.0037687213625758886 0.009378574788570404
v -0.004759138450026512 0.0037687213625758886 0.009378574788570404
v -0.004759138450026512 0.0037687213625758886 0.009378574788570404
v -0.004746027756482363 0.017101090401411057 0.008778983727097511
v -0.004746027756482363 0.017101090401411057 0.008778983727097511
v -0.004746027756482363 0.017101090401411057 0.008778983727097511
v -0.004746027756482363 0.017101090401411057 0.008778983727097511
v -0.004746027756482363 0.017101090401411057 0.008778983727097511
v -0.004746027756482363 0.017101090401411057 0.008778983727097511
v -0.004746027756482363 0.017101090401411057 0.008778983727097511
v -0.004746027756482363 0.017101090401411057 0.008778983727097511
v -0.004746027756482363 0.017101090401411057 0.008778983727097511
v -0.004746027756482363 0.017101090401411057 0.008778983727097511
v -0.004746027756482363 0.017101090401411057 0.008778983727097511
v -0.00593959866091609 0.019100554287433624 0.004471002146601677
v -0.00593959866091609 0.019100554287433624 0.004471002146601677
v -0.00593959866091609 0.019100554287433624 0.004471002146601677
v -0.00593959866091609 0.019100554287433624 0.004471002146601677
v -0.00593959866091609 0.019100554287433624 0.004471002146601677
v -0.00593959866091609 0.019100554287433624 0.004471002146601677
v -0.005334591493010521 0.01655464805662632 0.00672890106216073
v -0.005334591493010521 0.01655464805662632 0.00672890106216073
v -0.005334591493010521 0.01655464805662632 0.00672890106216073
v -0.005334591493010521 0.01655464805662632 0.00672890106216073
v -0.005334591493010521 0.01655464805662632 0.00672890106216073
v -0.005566855426877737 0.016290578991174698 0.005922224838286638
v -0.005566855426877737 0.016290578991174698 0.005922224838286638
v -0.005566855426877737 0.016290578991174698 0.005922224838286638
v -0.005566855426877737 0.016290578991174698 0.005922224838286638
v -0.005566855426877737 0.016290578991174698 0.005922224838286638
v -0.006865049246698618 0.014396035112440586 0.0014337488682940602
v -0.006865049246698618 0.014396035112440586 0.0014337488682940602
v -0.006865049246698618 0.014396035112440586 0.0014337488682940602
v -0.006865049246698618 0.014396035112440586 0.0014337488682940602
v -0.006865049246698618 0.014396035112440586 0.0014337488682940602
v -0.005569738801568747 0.01334912609308958 0.00605454295873642
v -0.005569738801568747 0.01334912609308958 0.00605454295873642
v -0.005569738801568747 0.01334912609308958 0.00605454295873642
v -0.005569738801568747 0.01334912609308958 0.00605454295873642
v -0.005569738801568747 0.01334912609308958 0.00605454295873642
v -0.005337926559150219 0.013158096931874752 0.006881669629365206
v -0.005337926559150219 0.013158096931874752 0.006881669629365206
v -0.005337926559150219 0.013158096931874752 0.006881669629365206
v -0.005337926559150219 0.013158096931874752 0.006881669629365206
v -0.005337926559150219 0.013158096931874752 0.006881669629365206
v -0.005105667747557163 0.013422142714262009 0.00768832815811038
v -0.005105667747557163 0.013422142714262009 0.00768832815811038
v -0.005105667747557163 0.013422142714262009 0.00768832815811038
v -0.005105667747557163 0.013422142714262009 0.00768832815811038
v -0.005105667747557163 0.013422142714262009 0.00768832815811038
v -0.008158924989402294 0.003233768744394183 -0.002590544754639268
v -0.008158924989402294 0.003233768744394183 -0.002590544754639268
v -0.008150767534971237 0.011525404639542103 -0.002963428618386388
v -0.008150767534971237 0.011525404639542103 -0.002963428618386388
v -0.007670723367482424 0.011894570663571358 -0.0012876312248408794
v -0.007670723367482424 0.011894570663571358 -0.0012876312248408794
v -0.007670723367482424 0.011894570663571358 -0.0012876312248408794
v -0.007670723367482424 0.011894570663571358 -0.0012876312248408794
v -0.007670723367482424 0.011894570663571358 -0.0012876312248408794
v -0.004935191944241524 0.014070423319935799 0.008258393034338951
v -0.004935191944241524 0.014070423319935799 0.008258393034338951
v -0.004935191944241524 0.014070423319935799 0.008258393034338951
v -0.004935191944241524 0.014070423319935799 0.008258393034338951
v -0.004935191944241524 0.014070423319935799 0.008258393034338951
v -0.004872181918472052 0.014929361641407013 0.008439093828201294
v -0.004872181918472052 0.014929361641407013 0.008439093828201294
v -0.004872181918472052 0.014929361641407013 0.008439093828201294
v -0.004872181918472052 0.014929361641407013 0.008439093828201294
v -0.004872181918472052 0.014929361641407013 0.008439093828201294
v -0.004872181918472052 0.014929361641407013 0.008439093828201294
v -0.00493353046476841 0.01576872728765011 0.008181985467672348
v -0.00493353046476841 0.01576872728765011 0.008181985467672348
v -0.00493353046476841 0.01576872728765011 0.008181985467672348
v -0.00493353046476841 0.01576872728765011 0.008181985467672348
v -0.00493353046476841 0.01576872728765011 0.008181985467672348
v -0.0051027764566242695 0.016363635659217834 0.007556037977337837
v -0.0051027764566242695 0.016363635659217834 0.007556037977337837
v -0.0051027764566242695 0.016363635659217834 0.007556037977337837
v -0.0051027764566242695 0.016363635659217834 0.007556037977337837
v -0.0051027764566242695 0.016363635659217834 0.007556037977337837
v -0.0051027764566242695 0.016363635659217834 0.007556037977337837
v -0.005738990847021341 0.01394400093704462 0.00542857451364398
v -0.005738990847021341 0.01394400093704462 0.00542857451364398
v -0.005738990847021341 0.01394400093704462 0.00542857451364398
v -0.005738990847021341 0.01394400093704462 0.00542857451364398
v -0.005738990847021341 0.01394400093704462 0.00542857451364398
v -0.005738990847021341 0.01394400093704462 0.00542857451364398
v -0.007180814165621996 0.012988395057618618 0.0003878648567479104
v -0.007180814165621996 0.012988395057618618 0.0003878648567479104
v -0.007180814165621996 0.012988395057618618 0.0003878648567479104
v -0.007180814165621996 0.012988395057618618 0.0003878648567479104
v -0.005800323095172644 0.014783350750803947 0.005171524826437235
v -0.005800323095172644 0.014783350750803947 0.005171524826437235
v -0.005800323095172644 0.014783350750803947 0.005171524826437235
v -0.005800323095172644 0.014783350750803947 0.005171524826437235
v -0.005800323095172644 0.014783350750803947 0.005171524826437235
v -0.005800323095172644 0.014783350750803947 0.005171524826437235
v -0.005737314932048321 0.015642279759049416 0.005352220498025417
v -0.005737314932048321 0.015642279759049416 0.005352220498025417
v -0.005737314932048321 0.015642279759049416 0.005352220498025417
v -0.005737314932048321 0.015642279759049416 0.005352220498025417
v -0.002060480648651719 0.011325899511575699 0.018533820286393166
v -0.002060480648651719 0.011325899511575699 0.018533820286393166
v -0.002060480648651719 0.011325899511575699 0.018533820286393166
v -0.002060480648651719 0.011325899511575699 0.018533820286393166
v -0.0028580541256815195 0.008544360287487507 0.01585458777844906
v -0.0028580541256815195 0.008544360287487507 0.01585458777844906
v -0.0028580541256815195 0.008544360287487507 0.01585458777844906
v -0.0028580541256815195 0.008544360287487507 0.01585458777844906
v -0.0028580541256815195 0.008544360287487507 0.01585458777844906
v -0.003416610648855567 0.00508188595995307 0.014051632955670357
v -0.003416610648855567 0.00508188595995307 0.014051632955670357
v -0.003416610648855567 0.00508188595995307 0.014051632955670357
v -0.003416610648855567 0.00508188595995307 0.014051632955670357
v -0.0035238980781286955 0.004485605750232935 0.013701989315450191
v -0.0035238980781286955 0.004485605750232935 0.013701989315450191
v -0.0035238980781286955 0.004485605750232935 0.013701989315450191
v -0.003683309070765972 0.004073761869221926 0.013159510679543018
v -0.003683309070765972 0.004073761869221926 0.013159510679543018
v -0.003683309070765972 0.004073761869221926 0.013159510679543018
v -0.003683309070765972 0.004073761869221926 0.013159510679543018
v 0.002023879438638687 0.012236064299941063 0.03290005773305893
v 0.002023879438638687 0.012236064299941063 0.03290005773305893
v 0.002023879438638687 0.012236064299941063 0.03290005773305893
v 0.002023879438638687 0.012236064299941063 0.03290005773305893
v 0.002023879438638687 0.012236064299941063 0.03290005773305893
v 0.0010404613567516208 0.013670817948877811 0.02936088666319847
v 0.0010404613567516208 0.013670817948877811 0.02936088666319847
v 0.0010404613567516208 0.013670817948877811 0.02936088666319847
v 0.0010404613567516208 0.013670817948877811 0.02936088666319847
v 0.0010404613567516208 0.013670817948877811 0.02936088666319847
v 4.3739921238739043e-05 0.017854703590273857 0.025641605257987976
v 4.3739921238739043e-05 0.017854703590273857 0.025641605257987976
v 4.3739921238739043e-05 0.017854703590273857 0.025641605257987976
v 4.3739921238739043e-05 0.017854703590273857 0.025641605257987976
v 4.3739921238739043e-05 0.017854703590273857 0.025641605257987976
v 4.3739921238739043e-05 0.017854703590273857 0.025641605257987976
v 4.3739921238739043e-05 0.017854703590273857 0.025641605257987976
v -2.6990450351149775e-05 0.013999953866004944 0.025578787550330162
v -2.6990450351149775e-05 0.013999953866004944 0.025578787550330162
v -2.6990450351149775e-05 0.013999953866004944 0.025578787550330162
v -2.6990450351149775e-05 0.013999953866004944 0.025578787550330162
v -2.6990450351149775e-05 0.013999953866004944 0.025578787550330162
v -0.001089986995793879 0.013196145184338093 0.021867290139198303
v -0.001089986995793879 0.013196145184338093 0.021867290139198303
v -0.001089986995793879 0.013196145184338093 0.021867290139198303
v -0.001089986995793879 0.013196145184338093 0.021867290139198303
v 0.004816262051463127 0.0010801764437928796 0.04329247772693634
v 0.004816262051463127 0.0010801764437928796 0.04329247772693634
v 0.004816262051463127 0.0010801764437928796 0.04329247772693634
v 0.004816262051463127 0.0010801764437928796 0.04329247772693634
v 0.004816262051463127 0.0010801764437928796 0.04329247772693634
v 0.004816262051463127 0.0010801764437928796 0.04329247772693634
v 0.004816262051463127 0.0010801764437928796 0.04329247772693634
v 0.004816262051463127 0.0010801764437928796 0.04329247772693634
v 0.004816262051463127 0.0010801764437928796 0.04329247772693634
v 0.004816262051463127 0.0010801764437928796 0.04329247772693634
v 0.004816262051463127 0.0010801764437928796 0.04329247772693634
v 0.00372938415966928 0.0028786223847419024 0.039370667189359665
v 0.00372938415966928 0.0028786223847419024 0.039370667189359665
v 0.00372938415966928 0.0028786223847419024 0.039370667189359665
v 0.00372938415966928 0.0028786223847419024 0.039370667189359665
v 0.00372938415966928 0.0028786223847419024 0.039370667189359665
v 0.003426449839025736 0.006606759037822485 0.038121264427900314
v 0.003426449839025736 0.006606759037822485 0.038121264427900314
v 0.003426449839025736 0.006606759037822485 0.038121264427900314
v 0.003426449839025736 0.006606759037822485 0.038121264427900314
v 0.003426449839025736 0.006606759037822485 0.038121264427900314
v 0.002841792069375515 0.009814534336328506 0.035903096199035645
v 0.002841792069375515 0.009814534336328506 0.035903096199035645
v 0.002841792069375515 0.009814534336328506 0.035903096199035645
v 0.002841792069375515 0.009814534336328506 0.035903096199035645
v 0.002841792069375515 0.009814534336328506 0.035903096199035645
v 0.001014508306980133 -0.01270275842398405 0.03054691106081009
v 0.001014508306980133 -0.01270275842398405 0.03054691106081009
v 0.001014508306980133 -0.01270275842398405 0.03054691106081009
v 0.001014508306980133 -0.01270275842398405 0.03054691106081009
v 0.001014508306980133 -0.01270275842398405 0.03054691106081009
v 0.00200105388648808 -0.010958006605505943 0.033943094313144684
v 0.00200105388648808 -0.010958006605505943 0.033943094313144684
v 0.00200105388648808 -0.010958006605505943 0.033943094313144684
v 0.00200105388648808 -0.010958006605505943 0.033943094313144684
v 0.00200105388648808 -0.010958006605505943 0.033943094313144684
v 0.0047990200109779835 -0.016447974368929863 0.04408074542880058
v 0.0047990200109779835 -0.016447974368929863 0.04408074542880058
v 0.0047990200109779835 -0.016447974368929863 0.04408074542880058
v 0.0047990200109779835 -0.016447974368929863 0.04408074542880058
v 0.0047990200109779835 -0.016447974368929863 0.04408074542880058
v 0.0047990200109779835 -0.016447974368929863 0.04408074542880058
v 0.0047990200109779835 -0.016447974368929863 0.04408074542880058
v 0.0047990200109779835 -0.016447974368929863 0.04408074542880058
v 0.0047990200109779835 -0.016447974368929863 0.04408074542880058
v 0.0047990200109779835 -0.016447974368929863 0.04408074542880058
v 0.0047990200109779835 -0.016447974368929863 0.04408074542880058
v 0.0047990200109779835 -0.016447974368929863 0.04408074542880058
v 0.0047990200109779835 -0.016447974368929863 0.04408074542880058
v -0.0011156720574945211 -0.012898340821266174 0.023040741682052612
v -0.0011156720574945211 -0.012898340821266174 0.023040741682052612
v -0.0011156720574945211 -0.012898340821266174 0.023040741682052612
v -0.0011156720574945211 -0.012898340821266174 0.023040741682052612
v -0.0011156720574945211 -0.012898340821266174 0.023040741682052612
v -5.392117964220233e-05 -0.013367903418838978 0.026809528470039368
v -5.392117964220233e-05 -0.013367903418838978 0.026809528470039368
v -5.392117964220233e-05 -0.013367903418838978 0.026809528470039368
v -5.392117964220233e-05 -0.013367903418838978 0.026809528470039368
v 9.252004019799642e-06 -0.017201587557792664 0.027218125760555267
v 9.252004019799642e-06 -0.017201587557792664 0.027218125760555267
v 9.252004019799642e-06 -0.017201587557792664 0.027218125760555267
v 9.252004019799642e-06 -0.017201587557792664 0.027218125760555267
v 9.252004019799642e-06 -0.017201587557792664 0.027218125760555267
v 9.252004019799642e-06 -0.017201587557792664 0.027218125760555267
v 9.252004019799642e-06 -0.017201587557792664 0.027218125760555267
v 9.252004019799642e-06 -0.017201587557792664 0.027218125760555267
v 0.0028240010142326355 -0.00827824417501688 0.03671678155660629
v 0.0028240010142326355 -0.00827824417501688 0.03671678155660629
v 0.0028240010142326355 -0.00827824417501688 0.03671678155660629
v 0.0028240010142326355 -0.00827824417501688 0.03671678155660629
v 0.0028240010142326355 -0.00827824417501688 0.03671678155660629
v 0.0034151372965425253 -0.004885571077466011 0.03863806277513504
v 0.0034151372965425253 -0.004885571077466011 0.03863806277513504
v 0.0034151372965425253 -0.004885571077466011 0.03863806277513504
v 0.0034151372965425253 -0.004885571077466011 0.03863806277513504
v 0.0034151372965425253 -0.004885571077466011 0.03863806277513504
v 0.0034151372965425253 -0.004885571077466011 0.03863806277513504
v 0.003725506830960512 -0.001060934504494071 0.03954782709479332
v 0.003725506830960512 -0.001060934504494071 0.03954782709479332
v 0.003725506830960512 -0.001060934504494071 0.03954782709479332
v 0.003725506830960512 -0.001060934504494071 0.03954782709479332
v 0.003725506830960512 -0.001060934504494071 0.03954782709479332
v -0.0034270461183041334 -0.005513843148946762 0.014528093859553337
v -0.0034270461183041334 -0.005513843148946762 0.014528093859553337
v -0.0034270461183041334 -0.005513843148946762 0.014528093859553337
v -0.0034270461183041334 -0.005513843148946762 0.014528093859553337
v -0.0034270461183041334 -0.005513843148946762 0.014528093859553337
v -0.0028751238714903593 -0.008801639080047607 0.016634639352560043
v -0.0028751238714903593 -0.008801639080047607 0.016634639352560043
v -0.0028751238714903593 -0.008801639080047607 0.016634639352560043
v -0.0028751238714903593 -0.008801639080047607 0.016634639352560043
v -0.0028751238714903593 -0.008801639080047607 0.016634639352560043
v -0.0047805155627429485 -0.01795521378517151 0.010355507023632526
v -0.0047805155627429485 -0.01795521378517151 0.010355507023632526
v -0.0047805155627429485 -0.01795521378517151 0.010355507023632526
v -0.0047805155627429485 -0.01795521378517151 0.010355507023632526
v -0.0047805155627429485 -0.01795521378517151 0.010355507023632526
v -0.0047805155627429485 -0.01795521378517151 0.010355507023632526
v -0.0047805155627429485 -0.01795521378517151 0.010355507023632526
v -0.0047805155627429485 -0.01795521378517151 0.010355507023632526
v -0.0047805155627429485 -0.01795521378517151 0.010355507023632526
v -0.0047805155627429485 -0.01795521378517151 0.010355507023632526
v -0.0047805155627429485 -0.01795521378517151 0.010355507023632526
v -0.0047805155627429485 -0.01795521378517151 0.010355507023632526
v -0.0020827751141041517 -0.011333026923239231 0.0195528082549572
v -0.0020827751141041517 -0.011333026923239231 0.0195528082549572
v -0.0020827751141041517 -0.011333026923239231 0.0195528082549572
v -0.0020827751141041517 -0.011333026923239231 0.0195528082549572
v -0.0020827751141041517 -0.011333026923239231 0.0195528082549572
v -0.0035331861581653357 -0.0049511403776705265 0.014126354828476906
v -0.0035331861581653357 -0.0049511403776705265 0.014126354828476906
v -0.0036918336991220713 -0.004589351825416088 0.013549094088375568
v -0.0036918336991220713 -0.004589351825416088 0.013549094088375568
v -0.0036918336991220713 -0.004589351825416088 0.013549094088375568
v -0.0038790281396359205 -0.004483036231249571 0.012883489020168781
v -0.0038790281396359205 -0.004483036231249571 0.012883489020168781
v -0.0038790281396359205 -0.004483036231249571 0.012883489020168781
v -0.0047673932276666164 -0.004622801207005978 0.009755954146385193
v -0.0047673932276666164 -0.004622801207005978 0.009755954146385193
v -0.0047673932276666164 -0.004622801207005978 0.009755954146385193
v -0.0047673932276666164 -0.004622801207005978 0.009755954146385193
v -0.005368174985051155 -0.017593864351511 0.008264638483524323
v -0.005368174985051155 -0.017593864351511 0.008264638483524323
v -0.005368174985051155 -0.017593864351511 0.008264638483524323
v -0.005368174985051155 -0.017593864351511 0.008264638483524323
v -0.005368174985051155 -0.017593864351511 0.008264638483524323
v -0.005368174985051155 -0.017593864351511 0.008264638483524323
v -0.005135911051183939 -0.01732979342341423 0.009071312844753265
v -0.005135911051183939 -0.01732979342341423 0.009071312844753265
v -0.005135911051183939 -0.01732979342341423 0.009071312844753265
v -0.005135911051183939 -0.01732979342341423 0.009071312844753265
v -0.005135911051183939 -0.01732979342341423 0.009071312844753265
v -0.004963768646121025 -0.014983183704316616 0.009564985521137714
v -0.004963768646121025 -0.014983183704316616 0.009564985521137714
v -0.004963768646121025 -0.014983183704316616 0.009564985521137714
v -0.004963768646121025 -0.014983183704316616 0.009564985521137714
v -0.004902420099824667 -0.015822548419237137 0.009822094812989235
v -0.004902420099824667 -0.015822548419237137 0.009822094812989235
v -0.004902420099824667 -0.015822548419237137 0.009822094812989235
v -0.004902420099824667 -0.015822548419237137 0.009822094812989235
v -0.004902420099824667 -0.015822548419237137 0.009822094812989235
v -0.004965442232787609 -0.016681445762515068 0.009641350246965885
v -0.004965442232787609 -0.016681445762515068 0.009641350246965885
v -0.004965442232787609 -0.016681445762515068 0.009641350246965885
v -0.004965442232787609 -0.016681445762515068 0.009641350246965885
v -0.004965442232787609 -0.016681445762515068 0.009641350246965885
v -0.0055970922112464905 -0.014461325481534004 0.00730523094534874
v -0.0055970922112464905 -0.014461325481534004 0.00730523094534874
v -0.0055970922112464905 -0.014461325481534004 0.00730523094534874
v -0.0055970922112464905 -0.014461325481534004 0.00730523094534874
v -0.008167171850800514 -0.005157711450010538 -0.002213137922808528
v -0.008167171850800514 -0.005157711450010538 -0.002213137922808528
v -0.005364839918911457 -0.014197312295436859 0.008111868984997272
v -0.005364839918911457 -0.014197312295436859 0.008111868984997272
v -0.005364839918911457 -0.014197312295436859 0.008111868984997272
v -0.005364839918911457 -0.014197312295436859 0.008111868984997272
v -0.005364839918911457 -0.014197312295436859 0.008111868984997272
v -0.005133024416863918 -0.014388324692845345 0.008939007297158241
v -0.005133024416863918 -0.014388324692845345 0.008939007297158241
v -0.005133024416863918 -0.014388324692845345 0.008939007297158241
v -0.005133024416863918 -0.014388324692845345 0.008939007297158241
v -0.0055999900214374065 -0.017402851954102516 0.007437500637024641
v -0.0055999900214374065 -0.017402851954102516 0.007437500637024641
v -0.0055999900214374065 -0.017402851954102516 0.007437500637024641
v -0.0055999900214374065 -0.017402851954102516 0.007437500637024641
v -0.005978376604616642 -0.02033098414540291 0.006244332995265722
v -0.005978376604616642 -0.02033098414540291 0.006244332995265722
v -0.005978376604616642 -0.02033098414540291 0.006244332995265722
v -0.005978376604616642 -0.02033098414540291 0.006244332995265722
v -0.005769234150648117 -0.016807934269309044 0.006811559200286865
v -0.005769234150648117 -0.016807934269309044 0.006811559200286865
v -0.005769234150648117 -0.016807934269309044 0.006811559200286865
v -0.005769234150648117 -0.016807934269309044 0.006811559200286865
v -0.005769234150648117 -0.016807934269309044 0.006811559200286865
v -0.006894869264215231 -0.015916161239147186 0.002796925138682127
v -0.006894869264215231 -0.015916161239147186 0.002796925138682127
v -0.006894869264215231 -0.015916161239147186 0.002796925138682127
v -0.006894869264215231 -0.015916161239147186 0.002796925138682127
v -0.005830580834299326 -0.015968574211001396 0.006554458290338516
v -0.005830580834299326 -0.015968574211001396 0.006554458290338516
v -0.005830580834299326 -0.015968574211001396 0.006554458290338516
v -0.005830580834299326 -0.015968574211001396 0.006554458290338516
v -0.005767572205513716 -0.015109644271433353 0.006735154893249273
v -0.005767572205513716 -0.015109644271433353 0.006735154893249273
v -0.005767572205513716 -0.015109644271433353 0.006735154893249273
v -0.005767572205513716 -0.015109644271433353 0.006735154893249273
v -0.005767572205513716 -0.015109644271433353 0.006735154893249273
v -0.005767572205513716 -0.015109644271433353 0.006735154893249273
v -0.007695882115513086 -0.013667549006640911 -0.00013811280950903893
v -0.007695882115513086 -0.013667549006640911 -0.00013811280950903893
v -0.007695882115513086 -0.013667549006640911 -0.00013811280950903893
v -0.008175338618457317 -0.01344939786940813 -0.001840285724028945
v -0.008175338618457317 -0.01344939786940813 -0.001840285724028945
v -0.00720796175301075 -0.014607534743845463 0.0016288880724459887
v -0.00720796175301075 -0.014607534743845463 0.0016288880724459887
v -0.00720796175301075 -0.014607534743845463 0.0016288880724459887
v -0.004192845430225134 -0.018316593021154404 0.012446414679288864
v -0.004192845430225134 -0.018316593021154404 0.012446414679288864
v -0.004192845430225134 -0.018316593021154404 0.012446414679288864
v -0.004192845430225134 -0.018316593021154404 0.012446414679288864
v -0.004192845430225134 -0.018316593021154404 0.012446414679288864
v -0.004192845430225134 -0.018316593021154404 0.012446414679288864
v -0.004425108898431063 -0.018580662086606026 0.011639740318059921
v -0.004425108898431063 -0.018580662086606026 0.011639740318059921
v -0.004425108898431063 -0.018580662086606026 0.011639740318059921
v -0.004425108898431063 -0.018580662086606026 0.011639740318059921
v -0.004425108898431063 -0.018580662086606026 0.011639740318059921
v -0.004595588892698288 -0.0192289836704731 0.011069662868976593
v -0.004595588892698288 -0.0192289836704731 0.011069662868976593
v -0.004595588892698288 -0.0192289836704731 0.011069662868976593
v -0.004595588892698288 -0.0192289836704731 0.011069662868976593
v -0.004595588892698288 -0.0192289836704731 0.011069662868976593
v -0.004658597055822611 -0.020087912678718567 0.010888967663049698
v -0.004658597055822611 -0.020087912678718567 0.010888967663049698
v -0.004658597055822611 -0.020087912678718567 0.010888967663049698
v -0.004658597055822611 -0.020087912678718567 0.010888967663049698
v -0.004658597055822611 -0.020087912678718567 0.010888967663049698
v -0.004658597055822611 -0.020087912678718567 0.010888967663049698
v -0.0048396168276667595 -0.02398102730512619 0.010438890196383
v -0.0048396168276667595 -0.02398102730512619 0.010438890196383
v -0.0048396168276667595 -0.02398102730512619 0.010438890196383
v -0.0048396168276667595 -0.02398102730512619 0.010438890196383
v -0.003730450291186571 -0.01994185522198677 0.014156554825603962
v -0.003730450291186571 -0.01994185522198677 0.014156554825603962
v -0.003730450291186571 -0.01994185522198677 0.014156554825603962
v -0.003730450291186571 -0.01994185522198677 0.014156554825603962
v -0.0037917899899184704 -0.019102511927485466 0.013899478130042553
v -0.0037917899899184704 -0.019102511927485466 0.013899478130042553
v -0.0037917899899184704 -0.019102511927485466 0.013899478130042553
v -0.0037917899899184704 -0.019102511927485466 0.013899478130042553
v -0.0037917899899184704 -0.019102511927485466 0.013899478130042553
v -0.003961027599871159 -0.018507611006498337 0.01327356044203043
v -0.003961027599871159 -0.018507611006498337 0.01327356044203043
v -0.003961027599871159 -0.018507611006498337 0.01327356044203043
v -0.003961027599871159 -0.018507611006498337 0.01327356044203043
v -0.003961027599871159 -0.018507611006498337 0.01327356044203043
v -0.004597262479364872 -0.020927246659994125 0.01114602666348219
v -0.004597262479364872 -0.020927246659994125 0.01114602666348219
v -0.004597262479364872 -0.020927246659994125 0.01114602666348219
v -0.004597262479364872 -0.020927246659994125 0.01114602666348219
v -0.004597262479364872 -0.020927246659994125 0.01114602666348219
v -0.004428010433912277 -0.02152210660278797 0.011771992780268192
v -0.004428010433912277 -0.02152210660278797 0.011771992780268192
v -0.004428010433912277 -0.02152210660278797 0.011771992780268192
v -0.004428010433912277 -0.02152210660278797 0.011771992780268192
v -0.004428010433912277 -0.02152210660278797 0.011771992780268192
v -0.004428010433912277 -0.02152210660278797 0.011771992780268192
v -0.0035207171458750963 -0.026731299236416817 0.0152254244312644
v -0.0035207171458750963 -0.026731299236416817 0.0152254244312644
v -0.0035207171458750963 -0.026731299236416817 0.0152254244312644
v -0.0035207171458750963 -0.026731299236416817 0.0152254244312644
v -0.004196200519800186 -0.02171318233013153 0.012599114328622818
v -0.004196200519800186 -0.02171318233013153 0.012599114328622818
v -0.004196200519800186 -0.02171318233013153 0.012599114328622818
v -0.004196200519800186 -0.02171318233013153 0.012599114328622818
v -0.004196200519800186 -0.02171318233013153 0.012599114328622818
v -0.0037934607826173306 -0.02080077864229679 0.013975851237773895
v -0.0037934607826173306 -0.02080077864229679 0.013975851237773895
v -0.0037934607826173306 -0.02080077864229679 0.013975851237773895
v -0.0037934607826173306 -0.02080077864229679 0.013975851237773895
v -0.0037934607826173306 -0.02080077864229679 0.013975851237773895
v 1.484444737798185e-06 -0.025097817182540894 0.027573229745030403
v 1.484444737798185e-06 -0.025097817182540894 0.027573229745030403
v 1.484444737798185e-06 -0.025097817182540894 0.027573229745030403
v 1.484444737798185e-06 -0.025097817182540894 0.027573229745030403
v 1.484444737798185e-06 -0.025097817182540894 0.027573229745030403
v 1.484444737798185e-06 -0.025097817182540894 0.027573229745030403
v 1.484444737798185e-06 -0.025097817182540894 0.027573229745030403
v -0.003963931929320097 -0.021449120715260506 0.013405805453658104
v -0.003963931929320097 -0.021449120715260506 0.013405805453658104
v -0.003963931929320097 -0.021449120715260506 0.013405805453658104
v -0.003963931929320097 -0.021449120715260506 0.013405805453658104
v -0.003963931929320097 -0.021449120715260506 0.013405805453658104
v -0.002070504007861018 -0.02847992815077305 0.020426733419299126
v -0.002070504007861018 -0.02847992815077305 0.020426733419299126
v -0.002070504007861018 -0.02847992815077305 0.020426733419299126
v -0.0005426653078757226 -0.02916221134364605 0.025850264355540276
v -0.0005426653078757226 -0.02916221134364605 0.025850264355540276
v -0.0005426653078757226 -0.02916221134364605 0.025850264355540276
v 0.003939259797334671 -0.0247599259018898 0.04145001247525215
v 0.003939259797334671 -0.0247599259018898 0.04145001247525215
v 0.003939259797334671 -0.0247599259018898 0.04145001247525215
v 0.003939259797334671 -0.0247599259018898 0.04145001247525215
v 0.003939259797334671 -0.0247599259018898 0.04145001247525215
v 0.003939259797334671 -0.0247599259018898 0.04145001247525215
v 0.0025188811123371124 -0.027267130091786385 0.03656012564897537
v 0.0025188811123371124 -0.027267130091786385 0.03656012564897537
v 0.0025188811123371124 -0.027267130091786385 0.03656012564897537
v 0.0010062435176223516 -0.028752943500876427 0.031295254826545715
v 0.0010062435176223516 -0.028752943500876427 0.031295254826545715
v 0.0010062435176223516 -0.028752943500876427 0.031295254826545715
v 0.004442271776497364 -0.017185429111123085 0.04285780340433121
v 0.004442271776497364 -0.017185429111123085 0.04285780340433121
v 0.004442271776497364 -0.017185429111123085 0.04285780340433121
v 0.004442271776497364 -0.017185429111123085 0.04285780340433121
v 0.004442271776497364 -0.017185429111123085 0.04285780340433121
v 0.004210456274449825 -0.0169944167137146 0.042030662298202515
v 0.004210456274449825 -0.0169944167137146 0.042030662298202515
v 0.004210456274449825 -0.0169944167137146 0.042030662298202515
v 0.004210456274449825 -0.0169944167137146 0.042030662298202515
v 0.004210456274449825 -0.0169944167137146 0.042030662298202515
v 0.004210456274449825 -0.0169944167137146 0.042030662298202515
v 0.003978202119469643 -0.01725843735039234 0.04122402146458626
v 0.003978202119469643 -0.01725843735039234 0.04122402146458626
v 0.003978202119469643 -0.01725843735039234 0.04122402146458626
v 0.003978202119469643 -0.01725843735039234 0.04122402146458626
v 0.003978202119469643 -0.01725843735039234 0.04122402146458626
v 0.0042071216739714146 -0.020390968769788742 0.04218343272805214
v 0.0042071216739714146 -0.020390968769788742 0.04218343272805214
v 0.0042071216739714146 -0.020390968769788742 0.04218343272805214
v 0.0042071216739714146 -0.020390968769788742 0.04218343272805214
v 0.0042071216739714146 -0.020390968769788742 0.04218343272805214
v 0.0042071216739714146 -0.020390968769788742 0.04218343272805214
v 0.005214807577431202 -0.021324068307876587 0.04578392580151558
v 0.005214807577431202 -0.021324068307876587 0.04578392580151558
v 0.005214807577431202 -0.021324068307876587 0.04578392580151558
v 0.005214807577431202 -0.021324068307876587 0.04578392580151558
v 0.005214807577431202 -0.021324068307876587 0.04578392580151558
v 0.005214807577431202 -0.021324068307876587 0.04578392580151558
v 0.004439396783709526 -0.020126938819885254 0.042990151792764664
v 0.004439396783709526 -0.020126938819885254 0.042990151792764664
v 0.004439396783709526 -0.020126938819885254 0.042990151792764664
v 0.004439396783709526 -0.020126938819885254 0.042990151792764664
v 0.004439396783709526 -0.020126938819885254 0.042990151792764664
v 0.004609866067767143 -0.01947859115898609 0.04356018826365471
v 0.004609866067767143 -0.01947859115898609 0.04356018826365471
v 0.004609866067767143 -0.01947859115898609 0.04356018826365471
v 0.004609866067767143 -0.01947859115898609 0.04356018826365471
v 0.004609866067767143 -0.01947859115898609 0.04356018826365471
v 0.004672874230891466 -0.018619662150740623 0.043740883469581604
v 0.004672874230891466 -0.018619662150740623 0.043740883469581604
v 0.004672874230891466 -0.018619662150740623 0.043740883469581604
v 0.004672874230891466 -0.018619662150740623 0.043740883469581604
v 0.004672874230891466 -0.018619662150740623 0.043740883469581604
v 0.004672874230891466 -0.018619662150740623 0.043740883469581604
v 0.00461153918877244 -0.017780330032110214 0.04348382353782654
v 0.00461153918877244 -0.017780330032110214 0.04348382353782654
v 0.00461153918877244 -0.017780330032110214 0.04348382353782654
v 0.00461153918877244 -0.017780330032110214 0.04348382353782654
v 0.00461153918877244 -0.017780330032110214 0.04348382353782654
v 0.0038077356293797493 -0.01790679059922695 0.04065399244427681
v 0.0038077356293797493 -0.01790679059922695 0.04065399244427681
v 0.0038077356293797493 -0.01790679059922695 0.04065399244427681
v 0.0038077356293797493 -0.01790679059922695 0.04065399244427681
v 0.0038077356293797493 -0.01790679059922695 0.04065399244427681
v 0.0037447272334247828 -0.01876571960747242 0.040473297238349915
v 0.0037447272334247828 -0.01876571960747242 0.040473297238349915
v 0.0037447272334247828 -0.01876571960747242 0.040473297238349915
v 0.0037447272334247828 -0.01876571960747242 0.040473297238349915
v 0.0037447272334247828 -0.01876571960747242 0.040473297238349915
v 0.0037447272334247828 -0.01876571960747242 0.040473297238349915
v 0.0038060604128986597 -0.01960504800081253 0.040730349719524384
v 0.0038060604128986597 -0.01960504800081253 0.040730349719524384
v 0.0038060604128986597 -0.01960504800081253 0.040730349719524384
v 0.0038060604128986597 -0.01960504800081253 0.040730349719524384
v 0.0038060604128986597 -0.01960504800081253 0.040730349719524384
v 0.0038060604128986597 -0.01960504800081253 0.040730349719524384
v 0.003975306171923876 -0.020199954509735107 0.041356295347213745
v 0.003975306171923876 -0.020199954509735107 0.041356295347213745
v 0.003975306171923876 -0.020199954509735107 0.041356295347213745
v 0.003975306171923876 -0.020199954509735107 0.041356295347213745
v 0.003975306171923876 -0.020199954509735107 0.041356295347213745
v 0.0053909169510006905 -0.01250498928129673 0.04597805440425873
v 0.0053909169510006905 -0.01250498928129673 0.04597805440425873
v 0.0053909169510006905 -0.01250498928129673 0.04597805440425873
v 0.0053909169510006905 -0.01250498928129673 0.04597805440425873
v 0.0053909169510006905 -0.01250498928129673 0.04597805440425873
v 0.005158659536391497 -0.012769026681780815 0.045171402394771576
v 0.005158659536391497 -0.012769026681780815 0.045171402394771576
v 0.005158659536391497 -0.012769026681780815 0.045171402394771576
v 0.005158659536391497 -0.012769026681780815 0.045171402394771576
v 0.005158659536391497 -0.012769026681780815 0.045171402394771576
v 0.004988196771591902 -0.013417340815067291 0.04460138455033302
v 0.004988196771591902 -0.013417340815067291 0.04460138455033302
v 0.004988196771591902 -0.013417340815067291 0.04460138455033302
v 0.004988196771591902 -0.013417340815067291 0.04460138455033302
v 0.004988196771591902 -0.013417340815067291 0.04460138455033302
v 0.004925174172967672 -0.01427624560892582 0.04442063719034195
v 0.004925174172967672 -0.01427624560892582 0.04442063719034195
v 0.004925174172967672 -0.01427624560892582 0.04442063719034195
v 0.004925174172967672 -0.01427624560892582 0.04442063719034195
v 0.004925174172967672 -0.01427624560892582 0.04442063719034195
v 0.004925174172967672 -0.01427624560892582 0.04442063719034195
v 0.004986522253602743 -0.015115611255168915 0.044677745550870895
v 0.004986522253602743 -0.015115611255168915 0.044677745550870895
v 0.004986522253602743 -0.015115611255168915 0.044677745550870895
v 0.004986522253602743 -0.015115611255168915 0.044677745550870895
v 0.004986522253602743 -0.015115611255168915 0.044677745550870895
v 0.005155768245458603 -0.01571051962673664 0.04530369117856026
v 0.005155768245458603 -0.01571051962673664 0.04530369117856026
v 0.005155768245458603 -0.01571051962673664 0.04530369117856026
v 0.005155768245458603 -0.01571051962673664 0.04530369117856026
v 0.005387583281844854 -0.015901532024145126 0.04613082855939865
v 0.005387583281844854 -0.015901532024145126 0.04613082855939865
v 0.005387583281844854 -0.015901532024145126 0.04613082855939865
v 0.005387583281844854 -0.015901532024145126 0.04613082855939865
v 0.005387583281844854 -0.015901532024145126 0.04613082855939865
v 0.0062982854433357716 -0.017086787149310112 0.049401361495256424
v 0.0062982854433357716 -0.017086787149310112 0.049401361495256424
v 0.0062982854433357716 -0.017086787149310112 0.049401361495256424
v 0.005853314884006977 -0.014130235649645329 0.04768820479512215
v 0.005853314884006977 -0.014130235649645329 0.04768820479512215
v 0.005853314884006977 -0.014130235649645329 0.04768820479512215
v 0.005853314884006977 -0.014130235649645329 0.04768820479512215
v 0.005853314884006977 -0.014130235649645329 0.04768820479512215
v 0.007149576675146818 -0.012204913422465324 0.05216837301850319
v 0.007149576675146818 -0.012204913422465324 0.05216837301850319
v 0.007149576675146818 -0.012204913422465324 0.05216837301850319
v 0.007149576675146818 -0.012204913422465324 0.05216837301850319
v 0.005790318362414837 -0.01498920563608408 0.04750755429267883
v 0.005790318362414837 -0.01498920563608408 0.04750755429267883
v 0.005790318362414837 -0.01498920563608408 0.04750755429267883
v 0.005790318362414837 -0.01498920563608408 0.04750755429267883
v 0.005619837902486324 -0.015637513250112534 0.046937473118305206
v 0.005619837902486324 -0.015637513250112534 0.046937473118305206
v 0.005619837902486324 -0.015637513250112534 0.046937473118305206
v 0.005619837902486324 -0.015637513250112534 0.046937473118305206
v 0.007737213280051947 -0.0068590943701565266 0.0539826937019825
v 0.007737213280051947 -0.0068590943701565266 0.0539826937019825
v 0.007737213280051947 -0.0068590943701565266 0.0539826937019825
v 0.008039409294724464 -0.001247269450686872 0.05477704480290413
v 0.008039409294724464 -0.001247269450686872 0.05477704480290413
v 0.008039409294724464 -0.001247269450686872 0.05477704480290413
v 0.007176454644650221 0.015103708952665329 0.050940316170454025
v 0.007176454644650221 0.015103708952665329 0.050940316170454025
v 0.007176454644650221 0.015103708952665329 0.050940316170454025
v 0.007753746584057808 0.009941195137798786 0.05322718620300293
v 0.007753746584057808 0.009941195137798786 0.05322718620300293
v 0.007753746584057808 0.009941195137798786 0.05322718620300293
v 0.008044996298849583 0.0044227647595107555 0.054522089660167694
v 0.008044996298849583 0.0044227647595107555 0.054522089660167694
v 0.008044996298849583 0.0044227647595107555 0.054522089660167694
v 0.005883572623133659 0.01662169024348259 0.04630527272820473
v 0.005883572623133659 0.01662169024348259 0.04630527272820473
v 0.005883572623133659 0.01662169024348259 0.04630527272820473
v 0.005883572623133659 0.01662169024348259 0.04630527272820473
v 0.005883572623133659 0.01662169024348259 0.04630527272820473
v 0.005822226405143738 0.017461050301790237 0.04604817181825638
v 0.005822226405143738 0.017461050301790237 0.04604817181825638
v 0.005822226405143738 0.017461050301790237 0.04604817181825638
v 0.005822226405143738 0.017461050301790237 0.04604817181825638
v 0.005822226405143738 0.017461050301790237 0.04604817181825638
v 0.005188902840018272 0.017982909455895424 0.04378841817378998
v 0.005188902840018272 0.017982909455895424 0.04378841817378998
v 0.005188902840018272 0.017982909455895424 0.04378841817378998
v 0.005188902840018272 0.017982909455895424 0.04378841817378998
v 0.005188902840018272 0.017982909455895424 0.04378841817378998
v 0.005421179812401533 0.01824694685637951 0.0445951409637928
v 0.005421179812401533 0.01824694685637951 0.0445951409637928
v 0.005421179812401533 0.01824694685637951 0.0445951409637928
v 0.005421179812401533 0.01824694685637951 0.0445951409637928
v 0.005421179812401533 0.01824694685637951 0.0445951409637928
v 0.005421179812401533 0.01824694685637951 0.0445951409637928
v 0.005652982275933027 0.01805596798658371 0.045422229915857315
v 0.005652982275933027 0.01805596798658371 0.045422229915857315
v 0.005652982275933027 0.01805596798658371 0.045422229915857315
v 0.005652982275933027 0.01805596798658371 0.045422229915857315
v 0.005652982275933027 0.01805596798658371 0.045422229915857315
v 0.005016760900616646 0.015636298805475235 0.043294742703437805
v 0.005016760900616646 0.015636298805475235 0.043294742703437805
v 0.005016760900616646 0.015636298805475235 0.043294742703437805
v 0.005016760900616646 0.015636298805475235 0.043294742703437805
v 0.005016760900616646 0.015636298805475235 0.043294742703437805
v 0.004955425392836332 0.016475630924105644 0.04303768277168274
v 0.004955425392836332 0.016475630924105644 0.04303768277168274
v 0.004955425392836332 0.016475630924105644 0.04303768277168274
v 0.004955425392836332 0.016475630924105644 0.04303768277168274
v 0.004955425392836332 0.016475630924105644 0.04303768277168274
v 0.004955425392836332 0.016475630924105644 0.04303768277168274
v 0.005018420517444611 0.017334595322608948 0.04321833327412605
v 0.005018420517444611 0.017334595322608948 0.04321833327412605
v 0.005018420517444611 0.017334595322608948 0.04321833327412605
v 0.005018420517444611 0.017334595322608948 0.04321833327412605
v 0.005018420517444611 0.017334595322608948 0.04321833327412605
v 0.005186016205698252 0.015041440725326538 0.04392072185873985
v 0.005186016205698252 0.015041440725326538 0.04392072185873985
v 0.005186016205698252 0.015041440725326538 0.04392072185873985
v 0.005186016205698252 0.015041440725326538 0.04392072185873985
v 0.005186016205698252 0.015041440725326538 0.04392072185873985
v 0.0054178317077457905 0.014850427396595478 0.044747862964868546
v 0.0054178317077457905 0.014850427396595478 0.044747862964868546
v 0.0054178317077457905 0.014850427396595478 0.044747862964868546
v 0.0054178317077457905 0.014850427396595478 0.044747862964868546
v 0.0054178317077457905 0.014850427396595478 0.044747862964868546
v 0.0054178317077457905 0.014850427396595478 0.044747862964868546
v 0.005650084465742111 0.015114440582692623 0.045554500073194504
v 0.005650084465742111 0.015114440582692623 0.045554500073194504
v 0.005650084465742111 0.015114440582692623 0.045554500073194504
v 0.005650084465742111 0.015114440582692623 0.045554500073194504
v 0.005650084465742111 0.015114440582692623 0.045554500073194504
v 0.005820563994348049 0.015762759372591972 0.046124573796987534
v 0.005820563994348049 0.015762759372591972 0.046124573796987534
v 0.005820563994348049 0.015762759372591972 0.046124573796987534
v 0.005820563994348049 0.015762759372591972 0.046124573796987534
v 0.003846450475975871 0.021453900262713432 0.03888387233018875
v 0.003846450475975871 0.021453900262713432 0.03888387233018875
v 0.003846450475975871 0.021453900262713432 0.03888387233018875
v 0.003846450475975871 0.021453900262713432 0.03888387233018875
v 0.0037834467366337776 0.02059496007859707 0.03870319202542305
v 0.0037834467366337776 0.02059496007859707 0.03870319202542305
v 0.0037834467366337776 0.02059496007859707 0.03870319202542305
v 0.0037834467366337776 0.02059496007859707 0.03870319202542305
v 0.0037834467366337776 0.02059496007859707 0.03870319202542305
v 0.003844786435365677 0.019755616784095764 0.03896026685833931
v 0.003844786435365677 0.019755616784095764 0.03896026685833931
v 0.003844786435365677 0.019755616784095764 0.03896026685833931
v 0.003844786435365677 0.019755616784095764 0.03896026685833931
v 0.003844786435365677 0.019755616784095764 0.03896026685833931
v 0.004014019388705492 0.01916072517633438 0.03958617150783539
v 0.004014019388705492 0.01916072517633438 0.03958617150783539
v 0.004014019388705492 0.01916072517633438 0.03958617150783539
v 0.004014019388705492 0.01916072517633438 0.03958617150783539
v 0.004014019388705492 0.01916072517633438 0.03958617150783539
v 0.004245837219059467 0.018969707190990448 0.04041331633925438
v 0.004245837219059467 0.018969707190990448 0.04041331633925438
v 0.004245837219059467 0.018969707190990448 0.04041331633925438
v 0.004245837219059467 0.018969707190990448 0.04041331633925438
v 0.004245837219059467 0.018969707190990448 0.04041331633925438
v 5.649240119964816e-05 0.029796861112117767 0.02510809525847435
v 5.649240119964816e-05 0.029796861112117767 0.02510809525847435
v 5.649240119964816e-05 0.029796861112117767 0.02510809525847435
v 0.001063784584403038 0.029723353683948517 0.028665555641055107
v 0.001063784584403038 0.029723353683948517 0.028665555641055107
v 0.00401693070307374 0.022102219983935356 0.03945394977927208
v 0.00401693070307374 0.022102219983935356 0.03945394977927208
v 0.00401693070307374 0.022102219983935356 0.03945394977927208
v 0.00401693070307374 0.022102219983935356 0.03945394977927208
v 0.00401693070307374 0.022102219983935356 0.03945394977927208
v 0.002573977690190077 0.028713231906294823 0.034042712301015854
v 0.002573977690190077 0.028713231906294823 0.034042712301015854
v 0.002573977690190077 0.028713231906294823 0.034042712301015854
v 0.004249196965247393 0.02236628718674183 0.04026063159108162
v 0.004249196965247393 0.02236628718674183 0.04026063159108162
v 0.004249196965247393 0.02236628718674183 0.04026063159108162
v 0.004249196965247393 0.02236628718674183 0.04026063159108162
v 0.004249196965247393 0.02236628718674183 0.04026063159108162
v 0.003989859949797392 0.026652269065380096 0.03913802281022072
v 0.003989859949797392 0.026652269065380096 0.03913802281022072
v 0.003989859949797392 0.026652269065380096 0.03913802281022072
v 0.0044810096733272076 0.022175278514623642 0.041087761521339417
v 0.0044810096733272076 0.022175278514623642 0.041087761521339417
v 0.0044810096733272076 0.022175278514623642 0.041087761521339417
v 0.0044810096733272076 0.022175278514623642 0.041087761521339417
v 0.0046502407640218735 0.021580394357442856 0.0417136549949646
v 0.0046502407640218735 0.021580394357442856 0.0417136549949646
v 0.0046502407640218735 0.021580394357442856 0.0417136549949646
v 0.0046502407640218735 0.021580394357442856 0.0417136549949646
v 0.0046502407640218735 0.021580394357442856 0.0417136549949646
v 0.004478100687265396 0.01923377811908722 0.04121999070048332
v 0.004478100687265396 0.01923377811908722 0.04121999070048332
v 0.004478100687265396 0.01923377811908722 0.04121999070048332
v 0.004478100687265396 0.01923377811908722 0.04121999070048332
v 0.004478100687265396 0.01923377811908722 0.04121999070048332
v 0.004648581147193909 0.019882099702954292 0.04179006814956665
v 0.004648581147193909 0.019882099702954292 0.04179006814956665
v 0.004648581147193909 0.019882099702954292 0.04179006814956665
v 0.004648581147193909 0.019882099702954292 0.04179006814956665
v 0.004648581147193909 0.019882099702954292 0.04179006814956665
v 0.004711589310318232 0.02074102684855461 0.041970763355493546
v 0.004711589310318232 0.02074102684855461 0.041970763355493546
v 0.004711589310318232 0.02074102684855461 0.041970763355493546
v 0.004711589310318232 0.02074102684855461 0.041970763355493546
v 0.004711589310318232 0.02074102684855461 0.041970763355493546
v -0.0034685530699789524 0.026276351884007454 0.012841666117310524
v -0.0034685530699789524 0.026276351884007454 0.012841666117310524
v -0.0034685530699789524 0.026276351884007454 0.012841666117310524
v -0.0034685530699789524 0.026276351884007454 0.012841666117310524
v -0.0034685530699789524 0.026276351884007454 0.012841666117310524
v -0.003922313917428255 0.0208530705422163 0.011503434740006924
v -0.003922313917428255 0.0208530705422163 0.011503434740006924
v -0.003922313917428255 0.0208530705422163 0.011503434740006924
v -0.003922313917428255 0.0208530705422163 0.011503434740006924
v -0.003922313917428255 0.0208530705422163 0.011503434740006924
v -0.004154129419475794 0.021044084802269936 0.010676296427845955
v -0.004154129419475794 0.021044084802269936 0.010676296427845955
v -0.004154129419475794 0.021044084802269936 0.010676296427845955
v -0.004154129419475794 0.021044084802269936 0.010676296427845955
v -0.004154129419475794 0.021044084802269936 0.010676296427845955
v -0.004154129419475794 0.021044084802269936 0.010676296427845955
v -0.004619882442057133 0.019272778183221817 0.00911884568631649
v -0.004619882442057133 0.019272778183221817 0.00911884568631649
v -0.004619882442057133 0.019272778183221817 0.00911884568631649
v -0.004619882442057133 0.019272778183221817 0.00911884568631649
v -0.004619882442057133 0.019272778183221817 0.00911884568631649
v -0.004558533895760775 0.01843341253697872 0.009375954046845436
v -0.004558533895760775 0.01843341253697872 0.009375954046845436
v -0.004558533895760775 0.01843341253697872 0.009375954046845436
v -0.004558533895760775 0.01843341253697872 0.009375954046845436
v -0.004793278872966766 0.02311016619205475 0.008321181870996952
v -0.004793278872966766 0.02311016619205475 0.008321181870996952
v -0.004793278872966766 0.02311016619205475 0.008321181870996952
v -0.004793278872966766 0.02311016619205475 0.008321181870996952
v -0.004793278872966766 0.02311016619205475 0.008321181870996952
v -0.004793278872966766 0.02311016619205475 0.008321181870996952
v -0.004386391956359148 0.02078002132475376 0.009869626723229885
v -0.004386391956359148 0.02078002132475376 0.009869626723229885
v -0.004386391956359148 0.02078002132475376 0.009869626723229885
v -0.004386391956359148 0.02078002132475376 0.009869626723229885
v -0.004386391956359148 0.02078002132475376 0.009869626723229885
v -0.00455687427893281 0.020131707191467285 0.00929954182356596
v -0.00455687427893281 0.020131707191467285 0.00929954182356596
v -0.00455687427893281 0.020131707191467285 0.00929954182356596
v -0.00455687427893281 0.020131707191467285 0.00929954182356596
v -0.00455687427893281 0.020131707191467285 0.00929954182356596
v -0.003925210330635309 0.017911553382873535 0.011635709553956985
v -0.003925210330635309 0.017911553382873535 0.011635709553956985
v -0.003925210330635309 0.017911553382873535 0.011635709553956985
v -0.003925210330635309 0.017911553382873535 0.011635709553956985
v -0.003925210330635309 0.017911553382873535 0.011635709553956985
v -0.004157464485615492 0.017647530883550644 0.01082906685769558
v -0.004157464485615492 0.017647530883550644 0.01082906685769558
v -0.004157464485615492 0.017647530883550644 0.01082906685769558
v -0.004157464485615492 0.017647530883550644 0.01082906685769558
v -0.004389279987663031 0.01783854514360428 0.010001927614212036
v -0.004389279987663031 0.01783854514360428 0.010001927614212036
v -0.004389279987663031 0.01783854514360428 0.010001927614212036
v -0.004389279987663031 0.01783854514360428 0.010001927614212036
v -0.0037547436077147722 0.018559904769062996 0.012205737642943859
v -0.0037547436077147722 0.018559904769062996 0.012205737642943859
v -0.0037547436077147722 0.018559904769062996 0.012205737642943859
v -0.0037547436077147722 0.018559904769062996 0.012205737642943859
v -0.0037547436077147722 0.018559904769062996 0.012205737642943859
v -0.0036917354445904493 0.019418835639953613 0.012386433780193329
v -0.0036917354445904493 0.019418835639953613 0.012386433780193329
v -0.0036917354445904493 0.019418835639953613 0.012386433780193329
v -0.0036917354445904493 0.019418835639953613 0.012386433780193329
v -0.0036917354445904493 0.019418835639953613 0.012386433780193329
v -0.0036917354445904493 0.019418835639953613 0.012386433780193329
v -0.0037530683912336826 0.020258164033293724 0.01212938129901886
v -0.0037530683912336826 0.020258164033293724 0.01212938129901886
v -0.0037530683912336826 0.020258164033293724 0.01212938129901886
v -0.0037530683912336826 0.020258164033293724 0.01212938129901886
v -0.0037530683912336826 0.020258164033293724 0.01212938129901886
v -0.0037530683912336826 0.020258164033293724 0.01212938129901886
v -0.0037530683912336826 0.020258164033293724 0.01212938129901886
v -0.0004848005482926965 0.029645340517163277 0.02320566028356552
v -0.0004848005482926965 0.029645340517163277 0.02320566028356552
v -0.0004848005482926965 0.029645340517163277 0.02320566028356552
v -0.0020144630689173937 0.0284819807857275 0.017865102738142014
v -0.0020144630689173937 0.0284819807857275 0.017865102738142014
v -0.0020144630689173937 0.0284819807857275 0.017865102738142014
v -0.00625242292881012 0.005052078515291214 0.015050319023430347
v -0.00625242292881012 0.005052078515291214 0.015050319023430347
v -0.00625242292881012 0.005052078515291214 0.015050319023430347
v -0.00625242292881012 0.005052078515291214 0.015050319023430347
v -0.0035587854217737913 0.005015094764530659 0.01428685337305069
v -0.0035587854217737913 0.005015094764530659 0.01428685337305069
v -0.003259034128859639 0.007132680155336857 0.01524184737354517
v -0.003259034128859639 0.007132680155336857 0.01524184737354517
v -0.003259034128859639 0.007132680155336857 0.01524184737354517
v -0.003259034128859639 0.007132680155336857 0.01524184737354517
v -0.006145107559859753 0.007172306068241596 0.01605985499918461
v -0.006145107559859753 0.007172306068241596 0.01605985499918461
v -0.006145107559859753 0.007172306068241596 0.01605985499918461
v -0.006145107559859753 0.007172306068241596 0.01605985499918461
v -0.00658427644520998 0.0036120351869612932 0.014682858251035213
v -0.00658427644520998 0.0036120351869612932 0.014682858251035213
v -0.00658427644520998 0.0036120351869612932 0.014682858251035213
v -0.00658427644520998 0.0036120351869612932 0.014682858251035213
v -0.00658427644520998 0.0036120351869612932 0.014682858251035213
v -0.00658427644520998 0.0036120351869612932 0.014682858251035213
v -0.006391840986907482 0.003609393024817109 0.014628315344452858
v -0.006391840986907482 0.003609393024817109 0.014628315344452858
v -0.006391840986907482 0.003609393024817109 0.014628315344452858
v -0.006391840986907482 0.003609393024817109 0.014628315344452858
v -0.006544861942529678 -0.000213621708098799 0.014273625798523426
v -0.006544861942529678 -0.000213621708098799 0.014273625798523426
v -0.006544861942529678 -0.000213621708098799 0.014273625798523426
v -0.006544861942529678 -0.000213621708098799 0.014273625798523426
v -0.006544861942529678 -0.000213621708098799 0.014273625798523426
v -0.006544861942529678 -0.000213621708098799 0.014273625798523426
v -0.006737297400832176 -0.0002109795605065301 0.014328168705105782
v -0.006737297400832176 -0.0002109795605065301 0.014328168705105782
v -0.006737297400832176 -0.0002109795605065301 0.014328168705105782
v -0.0063993181101977825 -0.003989692777395248 0.014970051124691963
v -0.0063993181101977825 -0.003989692777395248 0.014970051124691963
v -0.0063993181101977825 -0.003989692777395248 0.014970051124691963
v -0.00659175356850028 -0.003987050615251064 0.015024594031274319
v -0.00659175356850028 -0.003987050615251064 0.015024594031274319
v -0.00659175356850028 -0.003987050615251064 0.015024594031274319
v -0.006262687034904957 -0.005388966295868158 0.015519892796874046
v -0.006262687034904957 -0.005388966295868158 0.015519892796874046
v -0.006262687034904957 -0.005388966295868158 0.015519892796874046
v -0.006262687034904957 -0.005388966295868158 0.015519892796874046
v -0.006159448064863682 -0.007410239428281784 0.01671566814184189
v -0.006159448064863682 -0.007410239428281784 0.01671566814184189
v -0.006159448064863682 -0.007410239428281784 0.01671566814184189
v -0.003569049062207341 -0.005425950046628714 0.014756428077816963
v -0.003569049062207341 -0.005425950046628714 0.014756428077816963
v -0.0030083756428211927 0.008427033200860023 0.016063513234257698
v -0.0030083756428211927 0.008427033200860023 0.016063513234257698
v -0.005455333739519119 0.010181392543017864 0.018347730860114098
v -0.005455333739519119 0.010181392543017864 0.018347730860114098
v -0.005455333739519119 0.010181392543017864 0.018347730860114098
v -0.0025692603085190058 0.010141766630113125 0.017529722303152084
v -0.0025692603085190058 0.010141766630113125 0.017529722303152084
v -0.0025692603085190058 0.010141766630113125 0.017529722303152084
v -0.0025692603085190058 0.010141766630113125 0.017529722303152084
v -0.0022224453277885914 0.011168002150952816 0.018703632056713104
v -0.0022224453277885914 0.011168002150952816 0.018703632056713104
v -0.004570867866277695 0.012395520694553852 0.02136102132499218
v -0.004570867866277695 0.012395520694553852 0.02136102132499218
v -0.004570867866277695 0.012395520694553852 0.02136102132499218
v -0.0016847944352775812 0.012355894781649113 0.020543012768030167
v -0.0016847944352775812 0.012355894781649113 0.020543012768030167
v -0.0016847944352775812 0.012355894781649113 0.020543012768030167
v -0.0016847944352775812 0.012355894781649113 0.020543012768030167
v -0.0012661162763834 0.013010860420763493 0.021988455206155777
v -0.0012661162763834 0.013010860420763493 0.021988455206155777
v -0.0035633475054055452 0.013635381124913692 0.024855665862560272
v -0.0035633475054055452 0.013635381124913692 0.024855665862560272
v -0.0035633475054055452 0.013635381124913692 0.024855665862560272
v -0.0006772742490284145 0.013595755212008953 0.02403765730559826
v -0.0006772742490284145 0.013595755212008953 0.02403765730559826
v -0.0006772742490284145 0.013595755212008953 0.02403765730559826
v -0.0006772742490284145 0.013595755212008953 0.02403765730559826
v -0.00021863151050638407 0.013802990317344666 0.02564578875899315
v -0.00021863151050638407 0.013802990317344666 0.02564578875899315
v -0.002514405408874154 0.013800365850329399 0.028548521921038628
v -0.002514405408874154 0.013800365850329399 0.028548521921038628
v -0.002514405408874154 0.013800365850329399 0.028548521921038628
v 0.00037166773108765483 0.01376073993742466 0.027730513364076614
v 0.00037166773108765483 0.01376073993742466 0.027730513364076614
v 0.00037166773108765483 0.01376073993742466 0.027730513364076614
v 0.00037166773108765483 0.01376073993742466 0.027730513364076614
v 0.0008332127472385764 0.013478671200573444 0.02937258780002594
v 0.0008332127472385764 0.013478671200573444 0.02937258780002594
v -0.0015090109081938863 0.012877323664724827 0.03214044123888016
v -0.0015090109081938863 0.012877323664724827 0.03214044123888016
v -0.0015090109081938863 0.012877323664724827 0.03214044123888016
v 0.0013770622899755836 0.012837697751820087 0.03132243454456329
v 0.0013770622899755836 0.012837697751820087 0.03132243454456329
v 0.0013770622899755836 0.012837697751820087 0.03132243454456329
v 0.0013770622899755836 0.012837697751820087 0.03132243454456329
v 0.001802281942218542 0.012064825743436813 0.03286012262105942
v 0.001802281942218542 0.012064825743436813 0.03286012262105942
v -0.0006286316784098744 0.010940875858068466 0.03534037619829178
v -0.0006286316784098744 0.010940875858068466 0.03534037619829178
v -0.0006286316784098744 0.010940875858068466 0.03534037619829178
v 0.0022574416361749172 0.010901249945163727 0.034522369503974915
v 0.0022574416361749172 0.010901249945163727 0.034522369503974915
v 0.0022574416361749172 0.010901249945163727 0.034522369503974915
v 0.0022574416361749172 0.010901249945163727 0.034522369503974915
v 0.002608266193419695 0.009678613394498825 0.035819366574287415
v 0.002608266193419695 0.009678613394498825 0.035819366574287415
v 5.54299185751006e-05 0.00814789067953825 0.037889160215854645
v 5.54299185751006e-05 0.00814789067953825 0.037889160215854645
v 5.54299185751006e-05 0.00814789067953825 0.037889160215854645
v 5.54299185751006e-05 0.00814789067953825 0.037889160215854645
v 0.0029415031895041466 0.00810826476663351 0.03707115352153778
v 0.0029415031895041466 0.00810826476663351 0.03707115352153778
v 0.0029415031895041466 0.00810826476663351 0.03707115352153778
v 0.0029415031895041466 0.00810826476663351 0.03707115352153778
v 0.003184378379955888 0.006517705973237753 0.03800510987639427
v 0.003184378379955888 0.006517705973237753 0.03800510987639427
v 0.0004877350584138185 0.004724702797830105 0.03958023712038994
v 0.0004877350584138185 0.004724702797830105 0.03958023712038994
v 0.0004877350584138185 0.004724702797830105 0.03958023712038994
v 0.003373808227479458 0.0046850768849253654 0.038762226700782776
v 0.003373808227479458 0.0046850768849253654 0.038762226700782776
v 0.003373808227479458 0.0046850768849253654 0.038762226700782776
v 0.003373808227479458 0.0046850768849253654 0.038762226700782776
v 0.003482901956886053 0.002844017231836915 0.039236314594745636
v 0.003482901956886053 0.002844017231836915 0.039236314594745636
v 0.0006332792690955102 0.0009486314957030118 0.0402766615152359
v 0.0006332792690955102 0.0009486314957030118 0.0402766615152359
v 0.0006332792690955102 0.0009486314957030118 0.0402766615152359
v 0.003519352525472641 0.0009090054663829505 0.03945865482091904
v 0.003519352525472641 0.0009090054663829505 0.03945865482091904
v 0.003519352525472641 0.0009090054663829505 0.03945865482091904
v 0.003519352525472641 0.0009090054663829505 0.03945865482091904
v 0.00048025816795416176 -0.0028743832372128963 0.039921972900629044
v 0.00048025816795416176 -0.0028743832372128963 0.039921972900629044
v 0.00048025816795416176 -0.0028743832372128963 0.039921972900629044
v 0.00048025816795416176 -0.0028743832372128963 0.039921972900629044
v 0.0034790721256285906 -0.0010380457388237119 0.03941085562109947
v 0.0034790721256285906 -0.0010380457388237119 0.03941085562109947
v 0.003366331337019801 -0.0029140091501176357 0.03910396248102188
v 0.003366331337019801 -0.0029140091501176357 0.03910396248102188
v 0.003366331337019801 -0.0029140091501176357 0.03910396248102188
v 0.003366331337019801 -0.0029140091501176357 0.03910396248102188
v 4.1087459976552054e-05 -0.0064346627332270145 0.03854496777057648
v 4.1087459976552054e-05 -0.0064346627332270145 0.03854496777057648
v 4.1087459976552054e-05 -0.0064346627332270145 0.03854496777057648
v 0.0031732390634715557 -0.00480684544891119 0.038514394313097
v 0.0031732390634715557 -0.00480684544891119 0.038514394313097
v 0.0029271605890244246 -0.006474288646131754 0.03772696107625961
v 0.0029271605890244246 -0.006474288646131754 0.03772696107625961
v 0.0029271605890244246 -0.006474288646131754 0.03772696107625961
v 0.0029271605890244246 -0.006474288646131754 0.03772696107625961
v -0.0006486847414635122 -0.009443740360438824 0.036257099360227585
v -0.0006486847414635122 -0.009443740360438824 0.036257099360227585
v -0.0006486847414635122 -0.009443740360438824 0.036257099360227585
v -0.0006486847414635122 -0.009443740360438824 0.036257099360227585
v 0.0025907366070896387 -0.008149996399879456 0.03662117198109627
v 0.0025907366070896387 -0.008149996399879456 0.03662117198109627
v 0.0022373883984982967 -0.009483366273343563 0.03543909266591072
v 0.0022373883984982967 -0.009483366273343563 0.03543909266591072
v 0.0022373883984982967 -0.009483366273343563 0.03543909266591072
v 0.0022373883984982967 -0.009483366273343563 0.03543909266591072
v -0.0015331506729125977 -0.011657868511974812 0.0332438088953495
v -0.0015331506729125977 -0.011657868511974812 0.0332438088953495
v -0.0015331506729125977 -0.011657868511974812 0.0332438088953495
v -0.0015331506729125977 -0.011657868511974812 0.0332438088953495
v 0.0017798002809286118 -0.010790607891976833 0.033887967467308044
v 0.0017798002809286118 -0.010790607891976833 0.033887967467308044
v 0.001352922641672194 -0.011697494424879551 0.03242579847574234
v 0.001352922641672194 -0.011697494424879551 0.03242579847574234
v 0.001352922641672194 -0.011697494424879551 0.03242579847574234
v 0.001352922641672194 -0.011697494424879551 0.03242579847574234
v 0.0008076559752225876 -0.01250988245010376 0.03054135851562023
v 0.0008076559752225876 -0.01250988245010376 0.03054135851562023
v -0.0025406708009541035 -0.012897728942334652 0.02974916435778141
v -0.0025406708009541035 -0.012897728942334652 0.02974916435778141
v -0.0025406708009541035 -0.012897728942334652 0.02974916435778141
v 0.0003454024263191968 -0.012937354855239391 0.028931155800819397
v 0.0003454024263191968 -0.012937354855239391 0.028931155800819397
v 0.0003454024263191968 -0.012937354855239391 0.028931155800819397
v 0.0003454024263191968 -0.012937354855239391 0.028931155800819397
v -0.00024516222765669227 -0.013165362179279327 0.026858586817979813
v -0.00024516222765669227 -0.013165362179279327 0.026858586817979813
v -0.0035896224435418844 -0.013062763959169388 0.026056276634335518
v -0.0035896224435418844 -0.013062763959169388 0.026056276634335518
v -0.0035896224435418844 -0.013062763959169388 0.026056276634335518
v -0.0007035492453724146 -0.013102390803396702 0.025238268077373505
v -0.0007035492453724146 -0.013102390803396702 0.025238268077373505
v -0.0007035492453724146 -0.013102390803396702 0.025238268077373505
v -0.0007035492453724146 -0.013102390803396702 0.025238268077373505
v -0.0012914263643324375 -0.01270267367362976 0.02314477413892746
v -0.0012914263643324375 -0.01270267367362976 0.02314477413892746
v -0.004595020320266485 -0.012139638885855675 0.022464340552687645
v -0.004595020320266485 -0.012139638885855675 0.022464340552687645
v -0.004595020320266485 -0.012139638885855675 0.022464340552687645
v -0.001708947354927659 -0.012179264798760414 0.02164633199572563
v -0.001708947354927659 -0.012179264798760414 0.02164633199572563
v -0.001708947354927659 -0.012179264798760414 0.02164633199572563
v -0.001708947354927659 -0.012179264798760414 0.02164633199572563
v -0.002244416158646345 -0.011160175316035748 0.01970773935317993
v -0.002244416158646345 -0.011160175316035748 0.01970773935317993
v -0.005475376732647419 -0.010203173384070396 0.01926448568701744
v -0.005475376732647419 -0.010203173384070396 0.01926448568701744
v -0.002589303767308593 -0.010242799296975136 0.018446477130055428
v -0.002589303767308593 -0.010242799296975136 0.018446477130055428
v -0.002589303767308593 -0.010242799296975136 0.018446477130055428
v -0.002589303767308593 -0.010242799296975136 0.018446477130055428
v -0.003025197656825185 -0.008665714412927628 0.016832171007990837
v -0.003025197656825185 -0.008665714412927628 0.016832171007990837
v -0.003273374866694212 -0.0074498653411865234 0.015897659584879875
v -0.003273374866694212 -0.0074498653411865234 0.015897659584879875
v -0.003273374866694212 -0.0074498653411865234 0.015897659584879875
v -0.003273374866694212 -0.0074498653411865234 0.015897659584879875
v -0.008321999572217464 -0.00524545693770051 -0.00416752602905035
v -0.008321999572217464 -0.00524545693770051 -0.00416752602905035
v -0.00817741546779871 -0.013449675403535366 -0.0018475998658686876
v -0.00817741546779871 -0.013449675403535366 -0.0018475998658686876
v -0.008179479278624058 -0.013449988327920437 -0.0018548655789345503
v -0.008179479278624058 -0.013449988327920437 -0.0018548655789345503
v -0.006307922303676605 -0.013694092631340027 -0.007242035120725632
v -0.006307922303676605 -0.013694092631340027 -0.007242035120725632
v -0.0047301738522946835 -0.01373012363910675 -0.00800891313701868
v -0.0047301738522946835 -0.01373012363910675 -0.00800891313701868
v -0.00472202617675066 -0.005438538733869791 -0.008381828665733337
v -0.00472202617675066 -0.005438538733869791 -0.008381828665733337
v -0.008349555544555187 -0.01352828647941351 -0.003599456511437893
v -0.008349555544555187 -0.01352828647941351 -0.003599456511437893
v -0.007727982010692358 -0.013620815239846706 -0.005644089076668024
v -0.007727982010692358 -0.013620815239846706 -0.005644089076668024
v -0.007727982010692358 -0.013620815239846706 -0.005644089076668024
v -0.007712011691182852 -0.005329841747879982 -0.006030881777405739
v -0.007712011691182852 -0.005329841747879982 -0.006030881777405739
v -0.007712011691182852 -0.005329841747879982 -0.006030881777405739
v -0.006431106943637133 -0.005397900938987732 -0.007516056299209595
v -0.006431106943637133 -0.005397900938987732 -0.007516056299209595
v -0.008324973285198212 0.011446474120020866 -0.0047225551679730415
v -0.008324973285198212 0.011446474120020866 -0.0047225551679730415
v -0.008324973285198212 0.011446474120020866 -0.0047225551679730415
v -0.008154896087944508 0.011524771340191364 -0.002977964235469699
v -0.008154896087944508 0.011524771340191364 -0.002977964235469699
v -0.008152833208441734 0.01152508333325386 -0.002970699220895767
v -0.008152833208441734 0.01152508333325386 -0.002970699220895767
v -0.008313744328916073 0.0031460742466151714 -0.004544901195913553
v -0.008313744328916073 0.0031460742466151714 -0.004544901195913553
v -0.008313744328916073 0.0031460742466151714 -0.004544901195913553
v -0.007703755982220173 0.0030616899020969868 -0.006408256478607655
v -0.007703755982220173 0.0030616899020969868 -0.006408256478607655
v -0.007703755982220173 0.0030616899020969868 -0.006408256478607655
v -0.007703408133238554 0.011353905312716961 -0.006767215207219124
v -0.007703408133238554 0.011353905312716961 -0.006767215207219124
v -0.007703408133238554 0.011353905312716961 -0.006767215207219124
v -0.006422861013561487 0.0029935792554169893 -0.007893463596701622
v -0.006422861013561487 0.0029935792554169893 -0.007893463596701622
v -0.006283347960561514 0.011280626058578491 -0.00836515985429287
v -0.006283347960561514 0.011280626058578491 -0.00836515985429287
v -0.004713770467787981 0.0029529931489378214 -0.008759203366935253
v -0.004713770467787981 0.0029529931489378214 -0.008759203366935253
v -0.004713770467787981 0.0029529931489378214 -0.008759203366935253
v -0.004713770467787981 0.0029529931489378214 -0.008759203366935253
v -0.0047055999748408794 0.011244595050811768 -0.009132039733231068
v -0.0047055999748408794 0.011244595050811768 -0.009132039733231068
v 0.00017614271200727671 -0.014347337186336517 -0.031010795384645462
v 0.00017614271200727671 -0.014347337186336517 -0.031010795384645462
v 0.00017614271200727671 -0.014347337186336517 -0.031010795384645462
v -0.0035261285956948996 -0.003980014473199844 -0.04457526281476021
v -0.0035261285956948996 -0.003980014473199844 -0.04457526281476021
v -0.0035261285956948996 -0.003980014473199844 -0.04457526281476021
v -0.0035261285956948996 -0.003980014473199844 -0.04457526281476021
v -0.004983923397958279 -0.006340384017676115 -0.04960427060723305
v -0.004983923397958279 -0.006340384017676115 -0.04960427060723305
v -0.004983923397958279 -0.006340384017676115 -0.04960427060723305
v -0.00395567249506712 -0.0036260986234992743 -0.04610791057348251
v -0.00395567249506712 -0.0036260986234992743 -0.04610791057348251
v -0.00395567249506712 -0.0036260986234992743 -0.04610791057348251
v -0.00395567249506712 -0.0036260986234992743 -0.04610791057348251
v -0.00536944018676877 -0.00536397285759449 -0.051011741161346436
v -0.00536944018676877 -0.00536397285759449 -0.051011741161346436
v -0.00536944018676877 -0.00536397285759449 -0.051011741161346436
v -0.004269286058843136 -0.002523826900869608 -0.047267790883779526
v -0.004269286058843136 -0.002523826900869608 -0.047267790883779526
v -0.004269286058843136 -0.002523826900869608 -0.047267790883779526
v -0.004269286058843136 -0.002523826900869608 -0.047267790883779526
v -0.004269286058843136 -0.002523826900869608 -0.047267790883779526
v -0.005616619251668453 -0.0039035410154610872 -0.05195457860827446
v -0.005616619251668453 -0.0039035410154610872 -0.05195457860827446
v -0.005616619251668453 -0.0039035410154610872 -0.05195457860827446
v -0.0020676704589277506 0.016825934872031212 -0.040437452495098114
v -0.0020676704589277506 0.016825934872031212 -0.040437452495098114
v -0.0020676704589277506 0.016825934872031212 -0.040437452495098114
v -0.0020676704589277506 0.016825934872031212 -0.040437452495098114
v -0.0020676704589277506 0.016825934872031212 -0.040437452495098114
v 4.546772106550634e-05 0.00776747427880764 -0.0325431264936924
v 4.546772106550634e-05 0.00776747427880764 -0.0325431264936924
v 4.546772106550634e-05 0.00776747427880764 -0.0325431264936924
v 4.546772106550634e-05 0.00776747427880764 -0.0325431264936924
v 0.00047582940896973014 0.008256668224930763 -0.031048433855175972
v 0.00047582940896973014 0.008256668224930763 -0.031048433855175972
v 0.00047582940896973014 0.008256668224930763 -0.031048433855175972
v 0.00047582940896973014 0.008256668224930763 -0.031048433855175972
v -0.0012387479655444622 -0.007842027582228184 -0.03631790354847908
v -0.0012387479655444622 -0.007842027582228184 -0.03631790354847908
v -0.0012387479655444622 -0.007842027582228184 -0.03631790354847908
v -0.0015523650217801332 -0.006739660166203976 -0.037477798759937286
v -0.0015523650217801332 -0.006739660166203976 -0.037477798759937286
v -0.0015523650217801332 -0.006739660166203976 -0.037477798759937286
v -0.0030957807321101427 -0.0034907860681414604 -0.04308062046766281
v -0.0030957807321101427 -0.0034907860681414604 -0.04308062046766281
v -0.0030957807321101427 -0.0034907860681414604 -0.04308062046766281
v -0.0030957807321101427 -0.0034907860681414604 -0.04308062046766281
v -0.0016660098917782307 -0.005184396635740995 -0.03795409947633743
v -0.0016660098917782307 -0.005184396635740995 -0.03795409947633743
v -0.0016660098917782307 -0.005184396635740995 -0.03795409947633743
v -0.00277988170273602 -0.0022894388530403376 -0.042024269700050354
v -0.00277988170273602 -0.0022894388530403376 -0.042024269700050354
v -0.00277988170273602 -0.0022894388530403376 -0.042024269700050354
v -0.00277988170273602 -0.0022894388530403376 -0.042024269700050354
v -0.00277988170273602 -0.0022894388530403376 -0.042024269700050354
v -0.00277988170273602 -0.0022894388530403376 -0.042024269700050354
v -0.0015492740785703063 -0.0035928876604884863 -0.03761932998895645
v -0.0015492740785703063 -0.0035928876604884863 -0.03761932998895645
v -0.0015492740785703063 -0.0035928876604884863 -0.03761932998895645
v -0.00123338692355901 -0.002391501097008586 -0.036563023924827576
v -0.00123338692355901 -0.002391501097008586 -0.036563023924827576
v -0.00123338692355901 -0.002391501097008586 -0.036563023924827576
v -0.00123338692355901 -0.002391501097008586 -0.036563023924827576
v -0.00123338692355901 -0.002391501097008586 -0.036563023924827576
v -0.0056878370232880116 -0.002181391231715679 -0.05228927358984947
v -0.0056878370232880116 -0.002181391231715679 -0.05228927358984947
v -0.0056878370232880116 -0.002181391231715679 -0.05228927358984947
v -0.0056878370232880116 -0.002181391231715679 -0.05228927358984947
v -0.004382942337542772 -0.0009685215773060918 -0.047744132578372955
v -0.004382942337542772 -0.0009685215773060918 -0.047744132578372955
v -0.004382942337542772 -0.0009685215773060918 -0.047744132578372955
v -0.004382942337542772 -0.0009685215773060918 -0.047744132578372955
v -0.005572231952100992 -0.000459711707662791 -0.05196479707956314
v -0.005572231952100992 -0.000459711707662791 -0.05196479707956314
v -0.005572231952100992 -0.000459711707662791 -0.05196479707956314
v -0.005572231952100992 -0.000459711707662791 -0.05196479707956314
v -0.005572231952100992 -0.000459711707662791 -0.05196479707956314
v -0.005572231952100992 -0.000459711707662791 -0.05196479707956314
v -0.004266200587153435 0.0006230322760529816 -0.04740934446454048
v -0.004266200587153435 0.0006230322760529816 -0.04740934446454048
v -0.004266200587153435 0.0006230322760529816 -0.04740934446454048
v -0.003950309008359909 0.0018243391532450914 -0.046353019773960114
v -0.003950309008359909 0.0018243391532450914 -0.046353019773960114
v -0.003950309008359909 0.0018243391532450914 -0.046353019773960114
v -0.003950309008359909 0.0018243391532450914 -0.046353019773960114
v -0.003950309008359909 0.0018243391532450914 -0.046353019773960114
v -0.00253284047357738 0.017169559374451637 -0.04209529981017113
v -0.00253284047357738 0.017169559374451637 -0.04209529981017113
v -0.0030068261548876762 0.016828209161758423 -0.0437510684132576
v -0.0030068261548876762 0.016828209161758423 -0.0437510684132576
v -0.0034174935426563025 0.01585378870368004 -0.04515276849269867
v -0.0034174935426563025 0.01585378870368004 -0.04515276849269867
v -0.0034174935426563025 0.01585378870368004 -0.04515276849269867
v -0.0027767950668931007 0.0008574133389629424 -0.04216581955552101
v -0.0027767950668931007 0.0008574133389629424 -0.04216581955552101
v -0.0027767950668931007 0.0008574133389629424 -0.04216581955552101
v -0.0027767950668931007 0.0008574133389629424 -0.04216581955552101
v -0.0027767950668931007 0.0008574133389629424 -0.04216581955552101
v -0.0027767950668931007 0.0008574133389629424 -0.04216581955552101
v -0.002663136925548315 -0.0006978827877901495 -0.041689470410346985
v -0.002663136925548315 -0.0006978827877901495 -0.041689470410346985
v -0.002663136925548315 -0.0006978827877901495 -0.041689470410346985
v -0.002663136925548315 -0.0006978827877901495 -0.041689470410346985
v -0.00027350883465260267 0.0034193231258541346 -0.03345789760351181
v -0.00027350883465260267 0.0034193231258541346 -0.03345789760351181
v -0.00027350883465260267 0.0034193231258541346 -0.03345789760351181
v -0.00027350883465260267 0.0034193231258541346 -0.03345789760351181
v -0.00027350883465260267 0.0034193231258541346 -0.03345789760351181
v -0.00027350883465260267 0.0034193231258541346 -0.03345789760351181
v 0.0017132458742707968 0.010958997532725334 -0.02681352198123932
v 0.0017132458742707968 0.010958997532725334 -0.02681352198123932
v 0.0017132458742707968 0.010958997532725334 -0.02681352198123932
v 0.0017132458742707968 0.010958997532725334 -0.02681352198123932
v 0.0017132458742707968 0.010958997532725334 -0.02681352198123932
v 0.0009053738322108984 0.007902760058641434 -0.029515782371163368
v 0.0009053738322108984 0.007902760058641434 -0.029515782371163368
v 0.0009053738322108984 0.007902760058641434 -0.029515782371163368
v 0.0009053738322108984 0.007902760058641434 -0.029515782371163368
v 0.002347267232835293 0.010544013231992722 -0.024556482210755348
v 0.002347267232835293 0.010544013231992722 -0.024556482210755348
v 0.002347267232835293 0.010544013231992722 -0.024556482210755348
v 0.002347267232835293 0.010544013231992722 -0.024556482210755348
v 0.002347267232835293 0.010544013231992722 -0.024556482210755348
v 0.0012189858825877309 0.006800480652600527 -0.028355909511446953
v 0.0012189858825877309 0.006800480652600527 -0.028355909511446953
v 0.0012189858825877309 0.006800480652600527 -0.028355909511446953
v 0.0031467231456190348 0.010669805109500885 -0.02174195647239685
v 0.0031467231456190348 0.010669805109500885 -0.02174195647239685
v 0.0013326462358236313 0.005245177075266838 -0.02787955291569233
v 0.0013326462358236313 0.005245177075266838 -0.02787955291569233
v 0.0031221488025039434 -0.014304913580417633 -0.020618831738829613
v 0.0031221488025039434 -0.014304913580417633 -0.020618831738829613
v 0.0031221488025039434 -0.014304913580417633 -0.020618831738829613
v 0.001215900294482708 0.003653621533885598 -0.028214355930685997
v 0.001215900294482708 0.003653621533885598 -0.028214355930685997
v 0.0009000100544653833 0.00245231413282454 -0.029270676895976067
v 0.0009000100544653833 0.00245231413282454 -0.029270676895976067
v 0.0009000100544653833 0.00245231413282454 -0.029270676895976067
v 0.0009000100544653833 0.00245231413282454 -0.029270676895976067
v -6.295834464253858e-05 -0.006505355704575777 -0.03223426640033722
v -6.295834464253858e-05 -0.006505355704575777 -0.03223426640033722
v -6.295834464253858e-05 -0.006505355704575777 -0.03223426640033722
v 0.0006948812515474856 -0.014686809852719307 -0.0291641503572464
v 0.0006948812515474856 -0.014686809852719307 -0.0291641503572464
v 0.0006948812515474856 -0.014686809852719307 -0.0291641503572464
v -0.00037884540506638587 -0.007706659380346537 -0.03329057618975639
v -0.00037884540506638587 -0.007706659380346537 -0.03329057618975639
v -0.00037884540506638587 -0.007706659380346537 -0.03329057618975639
v -0.00037884540506638587 -0.007706659380346537 -0.03329057618975639
v -0.0008092026691883802 -0.008195937611162663 -0.034785252064466476
v -0.0008092026691883802 -0.008195937611162663 -0.034785252064466476
v -0.0008092026691883802 -0.008195937611162663 -0.034785252064466476
v 4.011888086097315e-05 0.0023170048370957375 -0.03229796513915062
v 4.011888086097315e-05 0.0023170048370957375 -0.03229796513915062
v 4.011888086097315e-05 0.0023170048370957375 -0.03229796513915062
v -0.0008030164754018188 -0.001902255811728537 -0.03506830334663391
v -0.0008030164754018188 -0.001902255811728537 -0.03506830334663391
v -0.0008030164754018188 -0.001902255811728537 -0.03506830334663391
v 0.0004696387914009392 0.0019630708266049623 -0.03076540119946003
v 0.0004696387914009392 0.0019630708266049623 -0.03076540119946003
v -0.00037348197656683624 -0.002256221603602171 -0.033535685390233994
v -0.00037348197656683624 -0.002256221603602171 -0.033535685390233994
v -0.00037348197656683624 -0.002256221603602171 -0.033535685390233994
v -5.987018812447786e-05 -0.0033585024066269398 -0.03237581253051758
v -5.987018812447786e-05 -0.0033585024066269398 -0.03237581253051758
v -5.987018812447786e-05 -0.0033585024066269398 -0.03237581253051758
v 5.378736022976227e-05 -0.004913801793009043 -0.03189946711063385
v 5.378736022976227e-05 -0.004913801793009043 -0.03189946711063385
v -0.0026714664418250322 0.011983353644609451 -0.04233316704630852
v -0.0026714664418250322 0.011983353644609451 -0.04233316704630852
v -0.0022410936653614044 0.01247259322553873 -0.04083843529224396
v -0.0022410936653614044 0.01247259322553873 -0.04083843529224396
v -0.0018115523271262646 0.012118681333959103 -0.03930579498410225
v -0.0018115523271262646 0.012118681333959103 -0.03930579498410225
v -0.0018115523271262646 0.012118681333959103 -0.03930579498410225
v -0.0014979472616687417 0.011016346514225006 -0.038145944476127625
v -0.0014979472616687417 0.011016346514225006 -0.038145944476127625
v -0.0014979472616687417 0.011016346514225006 -0.038145944476127625
v -0.0014979472616687417 0.011016346514225006 -0.038145944476127625
v -0.0013842799235135317 0.009461098350584507 -0.03766956552863121
v -0.0013842799235135317 0.009461098350584507 -0.03766956552863121
v -0.0013842799235135317 0.009461098350584507 -0.03766956552863121
v -0.0022472741547971964 0.006178959272801876 -0.04055536538362503
v -0.0022472741547971964 0.006178959272801876 -0.04055536538362503
v -0.0022472741547971964 0.006178959272801876 -0.04055536538362503
v -0.0022472741547971964 0.006178959272801876 -0.04055536538362503
v -0.0018169250106438994 0.006668195594102144 -0.039060719311237335
v -0.0018169250106438994 0.006668195594102144 -0.039060719311237335
v -0.0018169250106438994 0.006668195594102144 -0.039060719311237335
v -0.0015010390197858214 0.00786957610398531 -0.03800441697239876
v -0.0015010390197858214 0.00786957610398531 -0.03800441697239876
v -0.0015010390197858214 0.00786957610398531 -0.03800441697239876
v -0.0015010390197858214 0.00786957610398531 -0.03800441697239876
v -0.00038717655115760863 0.004974569194018841 -0.033934276551008224
v -0.00038717655115760863 0.004974569194018841 -0.033934276551008224
v -0.00038717655115760863 0.004974569194018841 -0.033934276551008224
v -0.00038717655115760863 0.004974569194018841 -0.033934276551008224
v -0.00027040753047913313 0.006566143594682217 -0.03359939530491829
v -0.00027040753047913313 0.006566143594682217 -0.03359939530491829
v -0.002987341955304146 0.010782008990645409 -0.04338943213224411
v -0.002987341955304146 0.010782008990645409 -0.04338943213224411
v -0.002987341955304146 0.010782008990645409 -0.04338943213224411
v -0.002987341955304146 0.010782008990645409 -0.04338943213224411
v -0.003702304558828473 0.014394624158740044 -0.04608694836497307
v -0.003702304558828473 0.014394624158740044 -0.04608694836497307
v -0.003702304558828473 0.014394624158740044 -0.04608694836497307
v -0.003702304558828473 0.014394624158740044 -0.04608694836497307
v -0.0031040869653224945 0.00919045228511095 -0.04372423142194748
v -0.0031040869653224945 0.00919045228511095 -0.04372423142194748
v -0.0031040869653224945 0.00919045228511095 -0.04372423142194748
v -0.0029904325492680073 0.007635238114744425 -0.043247900903224945
v -0.0029904325492680073 0.007635238114744425 -0.043247900903224945
v -0.0029904325492680073 0.007635238114744425 -0.043247900903224945
v -0.0026768299285322428 0.006532909348607063 -0.04208805784583092
v -0.0026768299285322428 0.006532909348607063 -0.04208805784583092
v -0.0026768299285322428 0.006532909348607063 -0.04208805784583092
v -0.003519952530041337 0.00231361435726285 -0.04485834762454033
v -0.003519952530041337 0.00231361435726285 -0.04485834762454033
v -0.003519952530041337 0.00231361435726285 -0.04485834762454033
v -0.003519952530041337 0.00231361435726285 -0.04485834762454033
v -0.0030904083978384733 0.001959698274731636 -0.043325699865818024
v -0.0030904083978384733 0.001959698274731636 -0.043325699865818024
v -0.0030904083978384733 0.001959698274731636 -0.043325699865818024
v -0.0033447847235947847 0.014579652808606625 -0.04666833207011223
v -0.0033447847235947847 0.014579652808606625 -0.04666833207011223
v 0.0026677860878407955 0.014497099444270134 -0.04837249219417572
v 0.0026677860878407955 0.014497099444270134 -0.04837249219417572
v 0.0026677860878407955 0.014497099444270134 -0.04837249219417572
v -0.005214710254222155 -0.00027468602638691664 -0.052546177059412
v -0.005214710254222155 -0.00027468602638691664 -0.052546177059412
v -0.005214710254222155 -0.00027468602638691664 -0.052546177059412
v 0.0007978606736287475 -0.00035723912878893316 -0.054250337183475494
v 0.0007978606736287475 -0.00035723912878893316 -0.054250337183475494
v 0.0007978606736287475 -0.00035723912878893316 -0.054250337183475494
v 0.0007978606736287475 -0.00035723912878893316 -0.054250337183475494
v 0.0007978606736287475 -0.00035723912878893316 -0.054250337183475494
v -0.010379280894994736 -0.01614527963101864 0.003350717481225729
v -0.010379280894994736 -0.01614527963101864 0.003350717481225729
v -0.007493208162486553 -0.016184905543923378 0.0025327096227556467
v -0.007493208162486553 -0.016184905543923378 0.0025327096227556467
v -0.006561188027262688 -0.020674467086791992 0.006038520485162735
v -0.006561188027262688 -0.020674467086791992 0.006038520485162735
v -0.009447261691093445 -0.020634841173887253 0.006856528110802174
v -0.009447261691093445 -0.020634841173887253 0.006856528110802174
v -0.009447261691093445 -0.020634841173887253 0.006856528110802174
v -0.005403126589953899 -0.024386422708630562 0.010304175317287445
v -0.005403126589953899 -0.024386422708630562 0.010304175317287445
v -0.008289200253784657 -0.024346796795725822 0.011122183874249458
v -0.008289200253784657 -0.024346796795725822 0.011122183874249458
v -0.008289200253784657 -0.024346796795725822 0.011122183874249458
v -0.004061869811266661 -0.027183232828974724 0.015171845443546772
v -0.004061869811266661 -0.027183232828974724 0.015171845443546772
v -0.0069479430094361305 -0.027143606916069984 0.01598985306918621
v -0.0069479430094361305 -0.027143606916069984 0.01598985306918621
v -0.0069479430094361305 -0.027143606916069984 0.01598985306918621
v -0.0025870781391859055 -0.028961583971977234 0.02046131156384945
v -0.0025870781391859055 -0.028961583971977234 0.02046131156384945
v -0.005473151337355375 -0.028921958059072495 0.021279320120811462
v -0.005473151337355375 -0.028921958059072495 0.021279320120811462
v -0.005473151337355375 -0.028921958059072495 0.021279320120811462
v -0.0010333379032090306 -0.029655443504452705 0.025976786389946938
v -0.0010333379032090306 -0.029655443504452705 0.025976786389946938
v -0.003919410984963179 -0.029615817591547966 0.02679479494690895
v -0.003919410984963179 -0.029615817591547966 0.02679479494690895
v -0.003919410984963179 -0.029615817591547966 0.02679479494690895
v 0.000541828281711787 -0.029239211231470108 0.03151408210396767
v 0.000541828281711787 -0.029239211231470108 0.03151408210396767
v -0.002344244858250022 -0.02919958345592022 0.03233208879828453
v -0.002344244858250022 -0.02919958345592022 0.03233208879828453
v -0.002344244858250022 -0.02919958345592022 0.03233208879828453
v 0.0020801036152988672 -0.02772827260196209 0.03686818853020668
v 0.0020801036152988672 -0.02772827260196209 0.03686818853020668
v -0.0008059695246629417 -0.02768864668905735 0.03768619894981384
v -0.0008059695246629417 -0.02768864668905735 0.03768619894981384
v -0.0008059695246629417 -0.02768864668905735 0.03768619894981384
v 0.00352455978281796 -0.02517852373421192 0.041840966790914536
v 0.00352455978281796 -0.02517852373421192 0.041840966790914536
v 0.0006384866428561509 -0.025138897821307182 0.0426589734852314
v 0.0006384866428561509 -0.025138897821307182 0.0426589734852314
v 0.0006384866428561509 -0.025138897821307182 0.0426589734852314
v 0.004821718670427799 -0.021684419363737106 0.04624830558896065
v 0.004821718670427799 -0.021684419363737106 0.04624830558896065
v 0.0019356454722583294 -0.021644793450832367 0.04706631228327751
v 0.0019356454722583294 -0.021644793450832367 0.04706631228327751
v 0.0019356454722583294 -0.021644793450832367 0.04706631228327751
v 0.0059235580265522 -0.01737530343234539 0.04992704093456268
v 0.0059235580265522 -0.01737530343234539 0.04992704093456268
v 0.003037484595552087 -0.01733567751944065 0.05074504762887955
v 0.003037484595552087 -0.01733567751944065 0.05074504762887955
v 0.003037484595552087 -0.01733567751944065 0.05074504762887955
v 0.0067892782390117645 -0.012410693801939487 0.05274095758795738
v 0.0067892782390117645 -0.012410693801939487 0.05274095758795738
v 0.0039032052736729383 -0.012371067889034748 0.053558964282274246
v 0.0039032052736729383 -0.012371067889034748 0.053558964282274246
v 0.0039032052736729383 -0.012371067889034748 0.053558964282274246
v 0.0073868767358362675 -0.006974288262426853 0.05458603426814079
v 0.0073868767358362675 -0.006974288262426853 0.05458603426814079
v 0.004500803537666798 -0.006934662349522114 0.055404044687747955
v 0.004500803537666798 -0.006934662349522114 0.055404044687747955
v 0.004500803537666798 -0.006934662349522114 0.055404044687747955
v 0.00769419688731432 -0.0012673992896452546 0.05539385974407196
v 0.00769419688731432 -0.0012673992896452546 0.05539385974407196
v 0.00480812368914485 -0.0012277732603251934 0.056211866438388824
v 0.00480812368914485 -0.0012277732603251934 0.056211866438388824
v 0.00480812368914485 -0.0012277732603251934 0.056211866438388824
v 0.007699881214648485 0.00449878117069602 0.05513458698987961
v 0.007699881214648485 0.00449878117069602 0.05513458698987961
v 0.004813808016479015 0.0045384070836007595 0.05595259740948677
v 0.004813808016479015 0.0045384070836007595 0.05595259740948677
v 0.004813808016479015 0.0045384070836007595 0.05595259740948677
v 0.007403689902275801 0.01011072937399149 0.05381771922111511
v 0.007403689902275801 0.01011072937399149 0.05381771922111511
v 0.004517616704106331 0.010150355286896229 0.054635729640722275
v 0.004517616704106331 0.010150355286896229 0.054635729640722275
v 0.004517616704106331 0.010150355286896229 0.054635729640722275
v 0.006816614419221878 0.015360777266323566 0.05149209499359131
v 0.006816614419221878 0.015360777266323566 0.05149209499359131
v 0.003930541221052408 0.015400403179228306 0.05231010168790817
v 0.003930541221052408 0.015400403179228306 0.05231010168790817
v 0.003930541221052408 0.015400403179228306 0.05231010168790817
v 0.005960381589829922 0.020054489374160767 0.04824378341436386
v 0.005960381589829922 0.020054489374160767 0.04824378341436386
v 0.003074308391660452 0.020094115287065506 0.049061790108680725
v 0.003074308391660452 0.020094115287065506 0.049061790108680725
v 0.003074308391660452 0.020094115287065506 0.049061790108680725
v 0.0048666782677173615 0.024018149822950363 0.044192999601364136
v 0.0048666782677173615 0.024018149822950363 0.044192999601364136
v 0.0048666782677173615 0.024018149822950363 0.044192999601364136
v 0.001980604836717248 0.024057775735855103 0.0450110100209713
v 0.001980604836717248 0.024057775735855103 0.0450110100209713
v 0.001980604836717248 0.024057775735855103 0.0450110100209713
v 0.0035760020837187767 0.027105052024126053 0.0394897386431694
v 0.0035760020837187767 0.027105052024126053 0.0394897386431694
v 0.0006899288855493069 0.027144677937030792 0.04030774533748627
v 0.0006899288855493069 0.027144677937030792 0.04030774533748627
v 0.0006899288855493069 0.027144677937030792 0.04030774533748627
v 0.00213613105006516 0.029200946912169456 0.034308094531297684
v 0.00213613105006516 0.029200946912169456 0.034308094531297684
v -0.0007499420898966491 0.029240572825074196 0.03512610122561455
v -0.0007499420898966491 0.029240572825074196 0.03512610122561455
v -0.0007499420898966491 0.029240572825074196 0.03512610122561455
v 0.0006003447342664003 0.030228212475776672 0.02883981168270111
v 0.0006003447342664003 0.030228212475776672 0.02883981168270111
v -0.0022857284639030695 0.030267838388681412 0.029657820239663124
v -0.0022857284639030695 0.030267838388681412 0.029657820239663124
v -0.0022857284639030695 0.030267838388681412 0.029657820239663124
v -0.0009744951385073364 0.030148908495903015 0.023287346586585045
v -0.0009744951385073364 0.030148908495903015 0.023287346586585045
v -0.003860568394884467 0.030188534408807755 0.024105355143547058
v -0.003860568394884467 0.030188534408807755 0.024105355143547058
v -0.003860568394884467 0.030188534408807755 0.024105355143547058
v -0.002530078636482358 0.02896583080291748 0.017856290563941002
v -0.002530078636482358 0.02896583080291748 0.017856290563941002
v -0.0054161520674824715 0.02900545671582222 0.018674297258257866
v -0.0054161520674824715 0.02900545671582222 0.018674297258257866
v -0.0054161520674824715 0.02900545671582222 0.018674297258257866
v -0.004008826334029436 0.02672276459634304 0.012747672386467457
v -0.004008826334029436 0.02672276459634304 0.012747672386467457
v -0.006894899532198906 0.02676239050924778 0.013565680012106895
v -0.006894899532198906 0.02676239050924778 0.013565680012106895
v -0.006894899532198906 0.02676239050924778 0.013565680012106895
v -0.005356005858629942 0.02350294589996338 0.008150565437972546
v -0.005356005858629942 0.02350294589996338 0.008150565437972546
v -0.008242079056799412 0.02354257181286812 0.008968573063611984
v -0.008242079056799412 0.02354257181286812 0.008968573063611984
v -0.008242079056799412 0.02354257181286812 0.008968573063611984
v -0.006521739065647125 0.019425353035330772 0.0042351847514510155
v -0.006521739065647125 0.019425353035330772 0.0042351847514510155
v -0.006521739065647125 0.019425353035330772 0.0042351847514510155
v -0.009407811798155308 0.019464978948235512 0.005053192377090454
v -0.009407811798155308 0.019464978948235512 0.005053192377090454
v -0.009407811798155308 0.019464978948235512 0.005053192377090454
v -0.007462885230779648 0.01464110892266035 0.001146417111158371
v -0.007462885230779648 0.01464110892266035 0.001146417111158371
v -0.01034895796328783 0.01468073483556509 0.0019644249696284533
v -0.01034895796328783 0.01468073483556509 0.0019644249696284533
v -0.01034895796328783 0.01468073483556509 0.0019644249696284533
v -0.011521924287080765 0.012070436030626297 -0.0020475524943321943
v -0.011521924287080765 0.012070436030626297 -0.0020475524943321943
v -0.011521924287080765 0.012070436030626297 -0.0020475524943321943
v -0.008635850623250008 0.012030809186398983 -0.0028655603528022766
v -0.008635850623250008 0.012030809186398983 -0.0028655603528022766
v -0.008635850623250008 0.012030809186398983 -0.0028655603528022766
v -0.012882310897111893 0.011856391094624996 -0.006836862303316593
v -0.012882310897111893 0.011856391094624996 -0.006836862303316593
v -0.012882310897111893 0.011856391094624996 -0.006836862303316593
v -0.012882310897111893 0.011856391094624996 -0.006836862303316593
v -0.008822905831038952 0.011944673955440521 -0.004784641787409782
v -0.008822905831038952 0.011944673955440521 -0.004784641787409782
v -0.008822905831038952 0.011944673955440521 -0.004784641787409782
v -0.008822905831038952 0.011944673955440521 -0.004784641787409782
v -0.013022863306105137 0.011777877807617188 -0.008585250005126
v -0.013022863306105137 0.011777877807617188 -0.008585250005126
v -0.013022863306105137 0.011777877807617188 -0.008585250005126
v -0.013022863306105137 0.011777877807617188 -0.008585250005126
v -0.008139198645949364 0.011842871084809303 -0.007033676374703646
v -0.008139198645949364 0.011842871084809303 -0.007033676374703646
v -0.008139198645949364 0.011842871084809303 -0.007033676374703646
v -0.008139198645949364 0.011842871084809303 -0.007033676374703646
v -0.008139198645949364 0.011842871084809303 -0.007033676374703646
v 0.01052488200366497 0.010931229218840599 -0.026896605268120766
v 0.01052488200366497 0.010931229218840599 -0.026896605268120766
v 0.0028287891764193773 0.011036898009479046 -0.024715280160307884
v 0.0028287891764193773 0.011036898009479046 -0.024715280160307884
v 0.0028287891764193773 0.011036898009479046 -0.024715280160307884
v 0.0028287891764193773 0.011036898009479046 -0.024715280160307884
v 0.0036282320506870747 0.011162721551954746 -0.021900802850723267
v 0.0036282320506870747 0.011162721551954746 -0.021900802850723267
v 0.0036282320506870747 0.011162721551954746 -0.021900802850723267
v 0.012289981357753277 0.011425863951444626 -0.015859372913837433
v 0.012289981357753277 0.011425863951444626 -0.015859372913837433
v 0.012289981357753277 0.011425863951444626 -0.015859372913837433
v 0.012289981357753277 0.011425863951444626 -0.015859372913837433
v 0.012829870916903019 0.011350300163030624 -0.017528435215353966
v 0.012829870916903019 0.011350300163030624 -0.017528435215353966
v 0.01268925704061985 0.011271778494119644 -0.01927681267261505
v 0.01268925704061985 0.011271778494119644 -0.01927681267261505
v 0.01268925704061985 0.011271778494119644 -0.01927681267261505
v 0.01268925704061985 0.011271778494119644 -0.01927681267261505
v 0.01268925704061985 0.011271778494119644 -0.01927681267261505
v 0.003800039878115058 0.01125863753259182 -0.019763853400945663
v 0.003800039878115058 0.01125863753259182 -0.019763853400945663
v 0.003800039878115058 0.01125863753259182 -0.019763853400945663
v 0.003800039878115058 0.01125863753259182 -0.019763853400945663
v 0.003800039878115058 0.01125863753259182 -0.019763853400945663
v 0.003800039878115058 0.01125863753259182 -0.019763853400945663
v 0.0031401559244841337 0.011351038701832294 -0.017723899334669113
v 0.0031401559244841337 0.011351038701832294 -0.017723899334669113
v 0.0031401559244841337 0.011351038701832294 -0.017723899334669113
v 0.001749067916534841 0.011425796896219254 -0.016091538593173027
v 0.001749067916534841 0.011425796896219254 -0.016091538593173027
v 0.001749067916534841 0.011425796896219254 -0.016091538593173027
v 0.009588644839823246 0.011524518951773643 -0.013725078664720058
v 0.009588644839823246 0.011524518951773643 -0.013725078664720058
v 0.009588644839823246 0.011524518951773643 -0.013725078664720058
v 0.009588644839823246 0.011524518951773643 -0.013725078664720058
v 0.009588644839823246 0.011524518951773643 -0.013725078664720058
v 0.009588644839823246 0.011524518951773643 -0.013725078664720058
v -0.00016145958215929568 0.011471574194729328 -0.015115281566977501
v -0.00016145958215929568 0.011471574194729328 -0.015115281566977501
v -0.00016145958215929568 0.011471574194729328 -0.015115281566977501
v -0.00016145958215929568 0.011471574194729328 -0.015115281566977501
v -0.004841611720621586 0.011722646653652191 -0.009635069407522678
v -0.004841611720621586 0.011722646653652191 -0.009635069407522678
v -0.004841611720621586 0.011722646653652191 -0.009635069407522678
v -0.004841611720621586 0.011722646653652191 -0.009635069407522678
v -0.009781626984477043 0.011603659018874168 -0.012388610281050205
v -0.009781626984477043 0.011603659018874168 -0.012388610281050205
v -0.009781626984477043 0.011603659018874168 -0.012388610281050205
v -0.009781626984477043 0.011603659018874168 -0.012388610281050205
v -0.0065771350637078285 0.011762280948460102 -0.008791506290435791
v -0.0065771350637078285 0.011762280948460102 -0.008791506290435791
v -0.0065771350637078285 0.011762280948460102 -0.008791506290435791
v -0.0065771350637078285 0.011762280948460102 -0.008791506290435791
v -0.011344806291162968 0.011641152203083038 -0.011589836329221725
v -0.011344806291162968 0.011641152203083038 -0.011589836329221725
v -0.011344806291162968 0.011641152203083038 -0.011589836329221725
v -0.011344806291162968 0.011641152203083038 -0.011589836329221725
v -0.012482964433729649 0.011702300980687141 -0.010254315100610256
v -0.012482964433729649 0.011702300980687141 -0.010254315100610256
v -0.012482964433729649 0.011702300980687141 -0.010254315100610256
v -0.012482964433729649 0.011702300980687141 -0.010254315100610256
v 0.011151822283864021 0.011487076058983803 -0.014523818157613277
v 0.011151822283864021 0.011487076058983803 -0.014523818157613277
v 0.011151822283864021 0.011487076058983803 -0.014523818157613277
v 0.011151822283864021 0.011487076058983803 -0.014523818157613277
v 0.00616758456453681 0.01717538945376873 -0.04257238283753395
v 0.00616758456453681 0.01717538945376873 -0.04257238283753395
v -0.0015285079134628177 0.01728105917572975 -0.04039105772972107
v -0.0015285079134628177 0.01728105917572975 -0.04039105772972107
v 0.00994850043207407 0.011308453045785427 -0.028948450461030006
v 0.00994850043207407 0.011308453045785427 -0.028948450461030006
v 0.002252408303320408 0.0114141209051013 -0.026767125353217125
v 0.002252408303320408 0.0114141209051013 -0.026767125353217125
v 0.008295144885778427 -0.014921372756361961 -0.03351115062832832
v 0.008295144885778427 -0.014921372756361961 -0.03351115062832832
v 0.000599052116740495 -0.01481570489704609 -0.03132982179522514
v 0.000599052116740495 -0.01481570489704609 -0.03132982179522514
v 0.00313506624661386 -0.006914383266121149 -0.05210467055439949
v 0.00313506624661386 -0.006914383266121149 -0.05210467055439949
v -0.004561026580631733 -0.0068087149411439896 -0.04992334544658661
v -0.004561026580631733 -0.0068087149411439896 -0.04992334544658661
v -0.008661405183374882 -0.013942963443696499 -0.0016974946483969688
v -0.008661405183374882 -0.013942963443696499 -0.0016974946483969688
v -0.011547477915883064 -0.01390333753079176 -0.0008794866735115647
v -0.011547477915883064 -0.01390333753079176 -0.0008794866735115647
v -0.008848452009260654 -0.014029053971171379 -0.0036165525671094656
v -0.008848452009260654 -0.014029053971171379 -0.0036165525671094656
v -0.008848452009260654 -0.014029053971171379 -0.0036165525671094656
v -0.012907857075333595 -0.014117338694632053 -0.005668771453201771
v -0.012907857075333595 -0.014117338694632053 -0.005668771453201771
v -0.012907857075333595 -0.014117338694632053 -0.005668771453201771
v -0.012907857075333595 -0.014117338694632053 -0.005668771453201771
v -0.008164767175912857 -0.014130867086350918 -0.0058656614273786545
v -0.008164767175912857 -0.014130867086350918 -0.0058656614273786545
v -0.008164767175912857 -0.014130867086350918 -0.0058656614273786545
v -0.008164767175912857 -0.014130867086350918 -0.0058656614273786545
v -0.008164767175912857 -0.014130867086350918 -0.0058656614273786545
v -0.008164767175912857 -0.014130867086350918 -0.0058656614273786545
v -0.013048422522842884 -0.014195818454027176 -0.00741720711812377
v -0.013048422522842884 -0.014195818454027176 -0.00741720711812377
v -0.013048422522842884 -0.014195818454027176 -0.00741720711812377
v 0.0011754183797165751 -0.015192903578281403 -0.02927803248167038
v 0.0011754183797165751 -0.015192903578281403 -0.02927803248167038
v 0.0011754183797165751 -0.015192903578281403 -0.02927803248167038
v 0.008871510624885559 -0.015298571437597275 -0.03145935758948326
v 0.008871510624885559 -0.015298571437597275 -0.03145935758948326
v 0.0036026760935783386 -0.014811055734753609 -0.02073274552822113
v 0.0036026760935783386 -0.014811055734753609 -0.02073274552822113
v 0.0036026760935783386 -0.014811055734753609 -0.02073274552822113
v 0.012663698755204678 -0.014701910316944122 -0.01810876652598381
v 0.012663698755204678 -0.014701910316944122 -0.01810876652598381
v 0.012663698755204678 -0.014701910316944122 -0.01810876652598381
v 0.012663698755204678 -0.014701910316944122 -0.01810876652598381
v 0.0037744955625385046 -0.014715082943439484 -0.018595756962895393
v 0.0037744955625385046 -0.014715082943439484 -0.018595756962895393
v 0.0037744955625385046 -0.014715082943439484 -0.018595756962895393
v 0.0037744955625385046 -0.014715082943439484 -0.018595756962895393
v 0.0037744955625385046 -0.014715082943439484 -0.018595756962895393
v 0.0037744955625385046 -0.014715082943439484 -0.018595756962895393
v 0.0037744955625385046 -0.014715082943439484 -0.018595756962895393
v 0.012804314494132996 -0.01462347898632288 -0.01636037789285183
v 0.012804314494132996 -0.01462347898632288 -0.01636037789285183
v 0.012804314494132996 -0.01462347898632288 -0.01636037789285183
v -0.009807173162698746 -0.014370070770382881 -0.011220520362257957
v -0.009807173162698746 -0.014370070770382881 -0.011220520362257957
v -0.009807173162698746 -0.014370070770382881 -0.011220520362257957
v -0.009807173162698746 -0.014370070770382881 -0.011220520362257957
v -0.009807173162698746 -0.014370070770382881 -0.011220520362257957
v -0.0001870058913482353 -0.014502156525850296 -0.013947191648185253
v -0.0001870058913482353 -0.014502156525850296 -0.013947191648185253
v -0.0001870058913482353 -0.014502156525850296 -0.013947191648185253
v 0.009563098661601543 -0.014449210837483406 -0.012556986883282661
v 0.009563098661601543 -0.014449210837483406 -0.012556986883282661
v 0.009563098661601543 -0.014449210837483406 -0.012556986883282661
v 0.009563098661601543 -0.014449210837483406 -0.012556986883282661
v 0.009563098661601543 -0.014449210837483406 -0.012556986883282661
v 0.009563098661601543 -0.014449210837483406 -0.012556986883282661
v -0.012508513405919075 -0.01427142322063446 -0.00908623170107603
v -0.012508513405919075 -0.01427142322063446 -0.00908623170107603
v -0.012508513405919075 -0.01427142322063446 -0.00908623170107603
v -0.011370361782610416 -0.01433262787759304 -0.01042177714407444
v -0.011370361782610416 -0.01433262787759304 -0.01042177714407444
v -0.011370361782610416 -0.01433262787759304 -0.01042177714407444
v -0.011370361782610416 -0.01433262787759304 -0.01042177714407444
v -0.006602681707590818 -0.014211446978151798 -0.007623417302966118
v -0.006602681707590818 -0.014211446978151798 -0.007623417302966118
v -0.006602681707590818 -0.014211446978151798 -0.007623417302966118
v -0.006602681707590818 -0.014211446978151798 -0.007623417302966118
v -0.004867157433182001 -0.014251082204282284 -0.008466978557407856
v -0.004867157433182001 -0.014251082204282284 -0.008466978557407856
v -0.004867157433182001 -0.014251082204282284 -0.008466978557407856
v 0.0017235120758414268 -0.014547983184456825 -0.014923479408025742
v 0.0017235120758414268 -0.014547983184456825 -0.014923479408025742
v 0.0017235120758414268 -0.014547983184456825 -0.014923479408025742
v 0.003114599734544754 -0.014622727409005165 -0.016555842012166977
v 0.003114599734544754 -0.014622727409005165 -0.016555842012166977
v 0.003114599734544754 -0.014622727409005165 -0.016555842012166977
v 0.003114599734544754 -0.014622727409005165 -0.016555842012166977
v 0.011126266792416573 -0.014486704021692276 -0.013355758972465992
v 0.011126266792416573 -0.014486704021692276 -0.013355758972465992
v 0.011126266792416573 -0.014486704021692276 -0.013355758972465992
v 0.011126266792416573 -0.014486704021692276 -0.013355758972465992
v 0.012264421209692955 -0.014547834172844887 -0.01469133049249649
v 0.012264421209692955 -0.014547834172844887 -0.01469133049249649
v 0.012264421209692955 -0.014547834172844887 -0.01469133049249649
v -0.012003387324512005 0.011577550321817398 -0.001888770842924714
v -0.012003387324512005 0.011577550321817398 -0.001888770842924714
v -0.013363760896027088 0.011363472789525986 -0.0066780331544578075
v -0.013363760896027088 0.011363472789525986 -0.0066780331544578075
v -0.013376054354012012 -0.001123870606534183 -0.006116493605077267
v -0.009645799174904823 0.011930153705179691 0.006412125192582607
v -0.009645799174904823 0.011930153705179691 0.006412125192582607
v -0.009980306029319763 0.013105963356792927 0.005174967925995588
v -0.009980306029319763 0.013105963356792927 0.005174967925995588
v -0.009980306029319763 0.013105963356792927 0.005174967925995588
v -0.009980306029319763 0.013105963356792927 0.005174967925995588
v -0.009187622927129269 0.011552643030881882 0.008046938106417656
v -0.009187622927129269 0.011552643030881882 0.008046938106417656
v -0.009187622927129269 0.011552643030881882 0.008046938106417656
v -0.0077115995809435844 -0.00023265818890649825 0.013825506903231144
v -0.0077115995809435844 -0.00023265818890649825 0.013825506903231144
v -0.0077115995809435844 -0.00023265818890649825 0.013825506903231144
v -0.0077115995809435844 -0.00023265818890649825 0.013825506903231144
v -0.0077115995809435844 -0.00023265818890649825 0.013825506903231144
v -0.008728566579520702 0.012074468657374382 0.00964128877967596
v -0.008728566579520702 0.012074468657374382 0.00964128877967596
v -0.008728566579520702 0.012074468657374382 0.00964128877967596
v -0.008728566579520702 0.012074468657374382 0.00964128877967596
v -0.008728566579520702 0.012074468657374382 0.00964128877967596
v -0.007207883056253195 0.021201936528086662 0.01456436887383461
v -0.007207883056253195 0.021201936528086662 0.01456436887383461
v -0.007207883056253195 0.021201936528086662 0.01456436887383461
v -0.00708664720878005 0.019542960450053215 0.01507247518748045
v -0.00708664720878005 0.019542960450053215 0.01507247518748045
v -0.00708664720878005 0.019542960450053215 0.01507247518748045
v -0.003807569621130824 0.014614934101700783 0.026880349963903427
v -0.003807569621130824 0.014614934101700783 0.026880349963903427
v -0.003807569621130824 0.014614934101700783 0.026880349963903427
v -0.010713120922446251 0.014448869042098522 0.0025244185235351324
v -0.010713120922446251 0.014448869042098522 0.0025244185235351324
v -0.010713120922446251 0.014448869042098522 0.0025244185235351324
v -0.010713120922446251 0.014448869042098522 0.0025244185235351324
v -0.010713120922446251 0.014448869042098522 0.0025244185235351324
v -0.01104983501136303 0.012974066659808159 0.0014078742824494839
v -0.01104983501136303 0.012974066659808159 0.0014078742824494839
v -0.01104983501136303 0.012974066659808159 0.0014078742824494839
v -0.008007182739675045 0.016042061150074005 0.0119942557066679
v -0.008007182739675045 0.016042061150074005 0.0119942557066679
v -0.008007182739675045 0.016042061150074005 0.0119942557066679
v -0.008321631699800491 0.016196196898818016 0.010877362452447414
v -0.008321631699800491 0.016196196898818016 0.010877362452447414
v -0.008321631699800491 0.016196196898818016 0.010877362452447414
v -0.008267107419669628 0.015053519047796726 0.011125086806714535
v -0.008267107419669628 0.015053519047796726 0.011125086806714535
v -0.008267107419669628 0.015053519047796726 0.011125086806714535
v -0.008267107419669628 0.015053519047796726 0.011125086806714535
v -0.008267107419669628 0.015053519047796726 0.011125086806714535
v -0.01149735413491726 0.011978115886449814 -0.00012280431110411882
v -0.01149735413491726 0.011978115886449814 -0.00012280431110411882
v -0.007550079841166735 0.0038027705159038305 0.014199892058968544
v -0.007550079841166735 0.0038027705159038305 0.014199892058968544
v -0.007550079841166735 0.0038027705159038305 0.014199892058968544
v -0.007086510770022869 0.007560848258435726 0.015653394162654877
v -0.007086510770022869 0.007560848258435726 0.015653394162654877
v -0.007086510770022869 0.007560848258435726 0.015653394162654877
v -0.007086510770022869 0.007560848258435726 0.015653394162654877
v -0.008391639217734337 0.013355867005884647 0.010767954401671886
v -0.008391639217734337 0.013355867005884647 0.010767954401671886
v -0.008391639217734337 0.013355867005884647 0.010767954401671886
v -0.008391639217734337 0.013355867005884647 0.010767954401671886
v -0.006358419079333544 0.01073709037154913 0.018068363890051842
v -0.006358419079333544 0.01073709037154913 0.018068363890051842
v -0.006358419079333544 0.01073709037154913 0.018068363890051842
v -0.006358419079333544 0.01073709037154913 0.018068363890051842
v -0.009640091098845005 0.01774396374821663 0.00615063076838851
v -0.009640091098845005 0.01774396374821663 0.00615063076838851
v -0.009640091098845005 0.01774396374821663 0.00615063076838851
v -0.009640091098845005 0.01774396374821663 0.00615063076838851
v -0.009787670336663723 0.01915339007973671 0.005561671685427427
v -0.009787670336663723 0.01915339007973671 0.005561671685427427
v -0.009787670336663723 0.01915339007973671 0.005561671685427427
v -0.009787670336663723 0.01915339007973671 0.005561671685427427
v -0.009787670336663723 0.01915339007973671 0.005561671685427427
v -0.009787670336663723 0.01915339007973671 0.005561671685427427
v -0.009787670336663723 0.01915339007973671 0.005561671685427427
v -0.009977022185921669 0.016462545841932297 0.005023955833166838
v -0.009977022185921669 0.016462545841932297 0.005023955833166838
v -0.009977022185921669 0.016462545841932297 0.005023955833166838
v -0.009977022185921669 0.016462545841932297 0.005023955833166838
v -0.010101553983986378 0.014764895662665367 0.0046668220311403275
v -0.010101553983986378 0.014764895662665367 0.0046668220311403275
v -0.010101553983986378 0.014764895662665367 0.0046668220311403275
v -0.009181029163300991 0.018265821039676666 0.007745001930743456
v -0.009181029163300991 0.018265821039676666 0.007745001930743456
v -0.00886657927185297 0.018111607059836388 0.0088619040325284
v -0.00886657927185297 0.018111607059836388 0.0088619040325284
v -0.00886657927185297 0.018111607059836388 0.0088619040325284
v -0.008921114727854729 0.01925431378185749 0.008614138700067997
v -0.008921114727854729 0.01925431378185749 0.008614138700067997
v -0.008921114727854729 0.01925431378185749 0.008614138700067997
v -0.007548120804131031 0.01656392030417919 0.013588626869022846
v -0.007548120804131031 0.01656392030417919 0.013588626869022846
v -0.007548120804131031 0.01656392030417919 0.013588626869022846
v -0.0072111752815544605 0.017845310270786285 0.01471535675227642
v -0.0072111752815544605 0.017845310270786285 0.01471535675227642
v -0.005424810107797384 0.013074256479740143 0.021249081939458847
v -0.005424810107797384 0.013074256479740143 0.021249081939458847
v -0.004361320752650499 0.01438292395323515 0.024937858805060387
v -0.004361320752650499 0.01438292395323515 0.024937858805060387
v -0.004361320752650499 0.01438292395323515 0.024937858805060387
v -0.0005177753628231585 0.020576482638716698 0.038198523223400116
v -0.0005177753628231585 0.020576482638716698 0.038198523223400116
v -0.0005177753628231585 0.020576482638716698 0.038198523223400116
v -0.0003932469408027828 0.022274130955338478 0.03855564072728157
v -0.0003932469408027828 0.022274130955338478 0.03855564072728157
v -0.0003932469408027828 0.022274130955338478 0.03855564072728157
v -0.0003932469408027828 0.022274130955338478 0.03855564072728157
v -0.00379157904535532 0.029849695041775703 0.026198765262961388
v -0.00379157904535532 0.029849695041775703 0.026198765262961388
v -0.00379157904535532 0.029849695041775703 0.026198765262961388
v -0.00379157904535532 0.029849695041775703 0.026198765262961388
v -0.00379157904535532 0.029849695041775703 0.026198765262961388
v 0.00014178843412082642 0.026705102995038033 0.040228694677352905
v 0.00014178843412082642 0.026705102995038033 0.040228694677352905
v 0.00014178843412082642 0.026705102995038033 0.040228694677352905
v 0.00014178843412082642 0.026705102995038033 0.040228694677352905
v 0.00014178843412082642 0.026705102995038033 0.040228694677352905
v 0.00014178843412082642 0.026705102995038033 0.040228694677352905
v 0.00040275222272612154 0.02407740242779255 0.0412767119705677
v 0.00040275222272612154 0.02407740242779255 0.0412767119705677
v 0.00040275222272612154 0.02407740242779255 0.0412767119705677
v 0.0008609245414845645 0.023699888959527016 0.04291151091456413
v 0.0008609245414845645 0.023699888959527016 0.04291151091456413
v 0.0008609245414845645 0.023699888959527016 0.04291151091456413
v 0.0008609245414845645 0.023699888959527016 0.04291151091456413
v 0.0024864207953214645 0.019772013649344444 0.04883681610226631
v 0.0024864207953214645 0.019772013649344444 0.04883681610226631
v 0.0024864207953214645 0.019772013649344444 0.04883681610226631
v 0.0024864207953214645 0.019772013649344444 0.04883681610226631
v 0.0024864207953214645 0.019772013649344444 0.04883681610226631
v 0.0024864207953214645 0.019772013649344444 0.04883681610226631
v 0.001410948229022324 0.02366964891552925 0.04485355317592621
v 0.001410948229022324 0.02366964891552925 0.04485355317592621
v 0.001410948229022324 0.02366964891552925 0.04485355317592621
v 0.001410948229022324 0.02366964891552925 0.04485355317592621
v 0.0015747272409498692 0.01995815709233284 0.0456111840903759
v 0.0015747272409498692 0.01995815709233284 0.0456111840903759
v 0.0015747272409498692 0.01995815709233284 0.0456111840903759
v 0.0015747272409498692 0.01995815709233284 0.0456111840903759
v 0.0011099496623501182 0.013622433878481388 0.04427828639745712
v 0.0011099496623501182 0.013622433878481388 0.04427828639745712
v 0.0011099496623501182 0.013622433878481388 0.04427828639745712
v 0.0007754252292215824 0.014798274263739586 0.04304106533527374
v 0.0007754252292215824 0.014798274263739586 0.04304106533527374
v -0.001263570855371654 0.011538739316165447 0.036005035042762756
v -0.001263570855371654 0.011538739316165447 0.036005035042762756
v -0.001263570855371654 0.011538739316165447 0.036005035042762756
v -0.001263570855371654 0.011538739316165447 0.036005035042762756
v 0.0011954433284699917 0.022524137049913406 0.044148705899715424
v 0.0011954433284699917 0.022524137049913406 0.044148705899715424
v 0.0011954433284699917 0.022524137049913406 0.044148705899715424
v 0.0011954433284699917 0.022524137049913406 0.044148705899715424
v 0.0013166776625439525 0.020865153521299362 0.04465680569410324
v 0.0013166776625439525 0.020865153521299362 0.04465680569410324
v 0.0013166776625439525 0.020865153521299362 0.04465680569410324
v 0.0012598758330568671 0.01970493234694004 0.04451260343194008
v 0.0012598758330568671 0.01970493234694004 0.04451260343194008
v 0.0012598758330568671 0.01970493234694004 0.04451260343194008
v 0.0020328948739916086 0.01958058401942253 0.047245971858501434
v 0.0020328948739916086 0.01958058401942253 0.047245971858501434
v 0.0020328948739916086 0.01958058401942253 0.047245971858501434
v 0.002367426408454776 0.018404798582196236 0.04848321154713631
v 0.002367426408454776 0.018404798582196236 0.04848321154713631
v 0.002367426408454776 0.018404798582196236 0.04848321154713631
v 0.003328383434563875 0.015156542882323265 0.05203098803758621
v 0.003328383434563875 0.015156542882323265 0.05203098803758621
v 0.003328383434563875 0.015156542882323265 0.05203098803758621
v 0.002488662488758564 0.01674582064151764 0.04899131879210472
v 0.002488662488758564 0.01674582064151764 0.04899131879210472
v 0.0039056751411408186 0.009994029067456722 0.05431785434484482
v 0.0039056751411408186 0.009994029067456722 0.05431785434484482
v 0.0039056751411408186 0.009994029067456722 0.05431785434484482
v 0.0039056751411408186 0.009994029067456722 0.05431785434484482
v 0.0023641169536858797 0.015048203058540821 0.04863413795828819
v 0.0023641169536858797 0.015048203058540821 0.04863413795828819
v 0.0023641169536858797 0.015048203058540821 0.04863413795828819
v 0.004196925554424524 0.004475599154829979 0.05561276152729988
v 0.004196925554424524 0.004475599154829979 0.05561276152729988
v 0.004196925554424524 0.004475599154829979 0.05561276152729988
v 0.004196925554424524 0.004475599154829979 0.05561276152729988
v 0.004196925554424524 0.004475599154829979 0.05561276152729988
v 0.002027186332270503 0.013766788877546787 0.04750746116042137
v 0.002027186332270503 0.013766788877546787 0.04750746116042137
v 0.002027186332270503 0.013766788877546787 0.04750746116042137
v -0.0005415050545707345 0.008590630255639553 0.03869542106986046
v -0.0005415050545707345 0.008590630255639553 0.03869542106986046
v -0.0005415050545707345 0.008590630255639553 0.03869542106986046
v -8.51748845889233e-05 0.004977295640856028 0.040480468422174454
v -8.51748845889233e-05 0.004977295640856028 0.040480468422174454
v -8.51748845889233e-05 0.004977295640856028 0.040480468422174454
v 0.0015681262593716383 0.013244925066828728 0.045913100242614746
v 0.0015681262593716383 0.013244925066828728 0.045913100242614746
v 6.84622282278724e-05 0.0009914092952385545 0.04121561348438263
v 6.84622282278724e-05 0.0009914092952385545 0.04121561348438263
v 6.84622282278724e-05 0.0009914092952385545 0.04121561348438263
v 0.004231478087604046 0.0016464506043121219 0.055871717631816864
v 0.004231478087604046 0.0016464506043121219 0.055871717631816864
v 0.004231478087604046 0.0016464506043121219 0.055871717631816864
v 0.0007109845755621791 0.01761743798851967 0.042677141726017
v 0.0007109845755621791 0.01761743798851967 0.042677141726017
v 0.0007109845755621791 0.01761743798851967 0.042677141726017
v 0.0003961412876378745 0.017364254221320152 0.04157858341932297
v 0.0003961412876378745 0.017364254221320152 0.04157858341932297
v 0.0003961412876378745 0.017364254221320152 0.04157858341932297
v 0.0006542041664943099 0.016457226127386093 0.042533013969659805
v 0.0006542041664943099 0.016457226127386093 0.042533013969659805
v -5.63008725293912e-05 0.023555507883429527 0.03968237340450287
v -5.63008725293912e-05 0.023555507883429527 0.03968237340450287
v -0.0012740935198962688 0.02876606583595276 0.03513338044285774
v -0.0012740935198962688 0.02876606583595276 0.03513338044285774
v -0.0012740935198962688 0.02876606583595276 0.03513338044285774
v -0.0012740935198962688 0.02876606583595276 0.03513338044285774
v -0.0027842866256833076 0.029776187613606453 0.029756225645542145
v -0.0027842866256833076 0.029776187613606453 0.029756225645542145
v -0.0027842866256833076 0.029776187613606453 0.029756225645542145
v -6.20357459411025e-05 0.01774177886545658 0.039943769574165344
v -6.20357459411025e-05 0.01774177886545658 0.039943769574165344
v -6.20357459411025e-05 0.01774177886545658 0.039943769574165344
v -6.20357459411025e-05 0.01774177886545658 0.039943769574165344
v -0.0021928558126091957 0.013582762330770493 0.03262734040617943
v -0.0021928558126091957 0.013582762330770493 0.03262734040617943
v -0.0021928558126091957 0.013582762330770493 0.03262734040617943
v -0.0021928558126091957 0.013582762330770493 0.03262734040617943
v -0.00039654760621488094 0.018917514011263847 0.038706596940755844
v -0.00039654760621488094 0.018917514011263847 0.038706596940755844
v -0.00039654760621488094 0.018917514011263847 0.038706596940755844
v -0.00039654760621488094 0.018917514011263847 0.038706596940755844
v -0.0032541025429964066 0.014557142741978168 0.028835877776145935
v -0.0032541025429964066 0.014557142741978168 0.028835877776145935
v -0.0032541025429964066 0.014557142741978168 0.028835877776145935
v -0.004332872107625008 0.029698174446821213 0.02429633028805256
v -0.004332872107625008 0.029698174446821213 0.02429633028805256
v -0.004332872107625008 0.029698174446821213 0.02429633028805256
v -0.004332872107625008 0.029698174446821213 0.02429633028805256
v -0.004332872107625008 0.029698174446821213 0.02429633028805256
v -0.007542401552200317 0.02237768843770027 0.013327174820005894
v -0.007542401552200317 0.02237768843770027 0.013327174820005894
v -0.007542401552200317 0.02237768843770027 0.013327174820005894
v -0.007542401552200317 0.02237768843770027 0.013327174820005894
v -0.005862534511834383 0.028534816578030586 0.01895577274262905
v -0.005862534511834383 0.028534816578030586 0.01895577274262905
v -0.005862534511834383 0.028534816578030586 0.01895577274262905
v -0.005862534511834383 0.028534816578030586 0.01895577274262905
v -0.005862534511834383 0.028534816578030586 0.01895577274262905
v -0.008000568486750126 0.02275526151061058 0.011692391708493233
v -0.008000568486750126 0.02275526151061058 0.011692391708493233
v -0.008000568486750126 0.02275526151061058 0.011692391708493233
v -0.008000568486750126 0.02275526151061058 0.011692391708493233
v -0.007316624745726585 0.02632918581366539 0.013932336121797562
v -0.007316624745726585 0.02632918581366539 0.013932336121797562
v -0.007316624745726585 0.02632918581366539 0.013932336121797562
v -0.007316624745726585 0.02632918581366539 0.013932336121797562
v -0.007316624745726585 0.02632918581366539 0.013932336121797562
v -0.008459629490971565 0.022233398631215096 0.010098027065396309
v -0.008459629490971565 0.022233398631215096 0.010098027065396309
v -0.008459629490971565 0.022233398631215096 0.010098027065396309
v -0.008641350083053112 0.023163000121712685 0.00941185187548399
v -0.008641350083053112 0.023163000121712685 0.00941185187548399
v -0.008641350083053112 0.023163000121712685 0.00941185187548399
v -0.008641350083053112 0.023163000121712685 0.00941185187548399
v -0.008796559646725655 0.020951982587575912 0.008971351198852062
v -0.008796559646725655 0.020951982587575912 0.008971351198852062
v -0.008796559646725655 0.020951982587575912 0.008971351198852062
v -0.0004352675750851631 -0.020443152636289597 0.04047670215368271
v -0.0004352675750851631 -0.020443152636289597 0.04047670215368271
v -0.0004352675750851631 -0.020443152636289597 0.04047670215368271
v -0.0005565035389736295 -0.01878417655825615 0.039968594908714294
v -0.0005565035389736295 -0.01878417655825615 0.039968594908714294
v -0.003835581010207534 -0.013856149278581142 0.028160719200968742
v -0.003835581010207534 -0.013856149278581142 0.028160719200968742
v -0.003835581010207534 -0.013856149278581142 0.028160719200968742
v 0.00036401927354745567 -0.015283243730664253 0.04304676502943039
v 0.00036401927354745567 -0.015283243730664253 0.04304676502943039
v 0.00036401927354745567 -0.015283243730664253 0.04304676502943039
v 0.0006784805445931852 -0.01543741300702095 0.04416370764374733
v 0.0006784805445931852 -0.01543741300702095 0.04416370764374733
v 0.0006784805445931852 -0.01543741300702095 0.04416370764374733
v 0.000623956264462322 -0.014294734224677086 0.04391598328948021
v 0.000623956264462322 -0.014294734224677086 0.04391598328948021
v 0.000623956264462322 -0.014294734224677086 0.04391598328948021
v 0.000623956264462322 -0.014294734224677086 0.04391598328948021
v 0.000623956264462322 -0.014294734224677086 0.04391598328948021
v -9.502989269094542e-05 -0.015805134549736977 0.04145244136452675
v -9.502989269094542e-05 -0.015805134549736977 0.04145244136452675
v -9.502989269094542e-05 -0.015805134549736977 0.04145244136452675
v -9.502989269094542e-05 -0.015805134549736977 0.04145244136452675
v -0.0012847315520048141 -0.009978306479752064 0.03697270527482033
v -0.0012847315520048141 -0.009978306479752064 0.03697270527482033
v -0.0012847315520048141 -0.009978306479752064 0.03697270527482033
v -0.0012847315520048141 -0.009978306479752064 0.03697270527482033
v -0.00043197558261454105 -0.01708652637898922 0.04032571241259575
v -0.00043197558261454105 -0.01708652637898922 0.04032571241259575
v -0.00043197558261454105 -0.01708652637898922 0.04032571241259575
v -0.0022183407563716173 -0.012315472587943077 0.03379198908805847
v -0.0022183407563716173 -0.012315472587943077 0.03379198908805847
v -0.0032818298786878586 -0.013624140061438084 0.030103210359811783
v -0.0032818298786878586 -0.013624140061438084 0.030103210359811783
v 0.002450214233249426 -0.017033953219652176 0.05049202963709831
v 0.002450214233249426 -0.017033953219652176 0.05049202963709831
v 0.002450214233249426 -0.017033953219652176 0.05049202963709831
v 0.002450214233249426 -0.017033953219652176 0.05049202963709831
v 0.002450214233249426 -0.017033953219652176 0.05049202963709831
v 0.0033015054650604725 -0.012152079492807388 0.053259044885635376
v 0.0033015054650604725 -0.012152079492807388 0.053259044885635376
v 0.0033015054650604725 -0.012152079492807388 0.053259044885635376
v 0.0033015054650604725 -0.012152079492807388 0.053259044885635376
v 0.002458401955664158 -0.014006120152771473 0.050374243408441544
v 0.002458401955664158 -0.014006120152771473 0.050374243408441544
v 0.002458401955664158 -0.014006120152771473 0.050374243408441544
v 0.002458401955664158 -0.014006120152771473 0.050374243408441544
v 0.0023371686693280935 -0.012347212061285973 0.04986615106463432
v 0.0023371686693280935 -0.012347212061285973 0.04986615106463432
v 0.0023371686693280935 -0.012347212061285973 0.04986615106463432
v 0.0038891416043043137 -0.006806259974837303 0.05507336184382439
v 0.0038891416043043137 -0.006806259974837303 0.05507336184382439
v 0.0038891416043043137 -0.006806259974837303 0.05507336184382439
v 0.0020026483107358217 -0.011171369813382626 0.04862894490361214
v 0.0020026483107358217 -0.011171369813382626 0.04862894490361214
v 0.0013667362509295344 -0.02127123437821865 0.04687459394335747
v 0.0013667362509295344 -0.02127123437821865 0.04687459394335747
v 0.0013667362509295344 -0.02127123437821865 0.04687459394335747
v 0.0012779640965163708 -0.018495529890060425 0.0464269295334816
v 0.0012779640965163708 -0.018495529890060425 0.0464269295334816
v 0.0010854159481823444 -0.011315683834254742 0.045399781316518784
v 0.0010854159481823444 -0.011315683834254742 0.045399781316518784
v 0.0010854159481823444 -0.011315683834254742 0.045399781316518784
v 0.0010854159481823444 -0.011315683834254742 0.045399781316518784
v -0.0005566398613154888 -0.006802063900977373 0.03938767686486244
v -0.0005566398613154888 -0.006802063900977373 0.03938767686486244
v -0.0005566398613154888 -0.006802063900977373 0.03938767686486244
v 0.0007484882953576744 -0.012597083114087582 0.04427311569452286
v 0.0007484882953576744 -0.012597083114087582 0.04427311569452286
v 0.0007484882953576744 -0.012597083114087582 0.04427311569452286
v 0.004191338084638119 -0.0011944351717829704 0.055867716670036316
v 0.004191338084638119 -0.0011944351717829704 0.055867716670036316
v 0.0015444719465449452 -0.010793859139084816 0.046994131058454514
v 0.0015444719465449452 -0.010793859139084816 0.046994131058454514
v -9.307092113886029e-05 -0.003043986391276121 0.040841177105903625
v -9.307092113886029e-05 -0.003043986391276121 0.040841177105903625
v -9.307092113886029e-05 -0.003043986391276121 0.040841177105903625
v 0.002333869459107518 -0.015703771263360977 0.0500171072781086
v 0.002333869459107518 -0.015703771263360977 0.0500171072781086
v 0.002333869459107518 -0.015703771263360977 0.0500171072781086
v 0.001996926963329315 -0.016985144466161728 0.04889038950204849
v 0.001996926963329315 -0.016985144466161728 0.04889038950204849
v 0.0015378781827166677 -0.0175070371478796 0.04729606956243515
v 0.0015378781827166677 -0.0175070371478796 0.04729606956243515
v 0.0012234286405146122 -0.017352823168039322 0.046179164201021194
v 0.0012234286405146122 -0.017352823168039322 0.046179164201021194
v 0.0012234286405146122 -0.017352823168039322 0.046179164201021194
v -0.00712537532672286 -0.019817698746919632 0.016842547804117203
v -0.00712537532672286 -0.019817698746919632 0.016842547804117203
v -0.00712537532672286 -0.019817698746919632 0.016842547804117203
v -0.00712537532672286 -0.019817698746919632 0.016842547804117203
v -0.0072499169036746025 -0.021515313535928726 0.01648538000881672
v -0.0072499169036746025 -0.021515313535928726 0.01648538000881672
v -0.0072499169036746025 -0.021515313535928726 0.01648538000881672
v -0.0072499169036746025 -0.021515313535928726 0.01648538000881672
v -0.0038495752960443497 -0.02909064292907715 0.028849337249994278
v -0.0038495752960443497 -0.02909064292907715 0.028849337249994278
v -0.0038495752960443497 -0.02909064292907715 0.028849337249994278
v -0.0038495752960443497 -0.02909064292907715 0.028849337249994278
v -0.008903026580810547 -0.018946148455142975 0.01052846759557724
v -0.008903026580810547 -0.018946148455142975 0.01052846759557724
v -0.008903026580810547 -0.018946148455142975 0.01052846759557724
v -0.009217877872288227 -0.019199373200535774 0.009429884143173695
v -0.009217877872288227 -0.019199373200535774 0.009429884143173695
v -0.009217877872288227 -0.019199373200535774 0.009429884143173695
v -0.00895982887595892 -0.020106369629502296 0.010384264402091503
v -0.00895982887595892 -0.020106369629502296 0.010384264402091503
v -0.00895982887595892 -0.020106369629502296 0.010384264402091503
v -0.008838584646582603 -0.02176530286669731 0.010892397724092007
v -0.008838584646582603 -0.02176530286669731 0.010892397724092007
v -0.009826447814702988 -0.020278150215744972 0.007335002534091473
v -0.009826447814702988 -0.020278150215744972 0.007335002534091473
v -0.009826447814702988 -0.020278150215744972 0.007335002534091473
v -0.009826447814702988 -0.020278150215744972 0.007335002534091473
v -0.009826447814702988 -0.020278150215744972 0.007335002534091473
v -0.008504077792167664 -0.022941099479794502 0.012129552662372589
v -0.008504077792167664 -0.022941099479794502 0.012129552662372589
v -0.008504077792167664 -0.022941099479794502 0.012129552662372589
v -0.008504077792167664 -0.022941099479794502 0.012129552662372589
v -0.008687688037753105 -0.023928193375468254 0.011529560200870037
v -0.008687688037753105 -0.023928193375468254 0.011529560200870037
v -0.008687688037753105 -0.023928193375468254 0.011529560200870037
v -0.008687688037753105 -0.023928193375468254 0.011529560200870037
v -0.008687688037753105 -0.023928193375468254 0.011529560200870037
v -0.008045898750424385 -0.02331862971186638 0.013764375820755959
v -0.008045898750424385 -0.02331862971186638 0.013764375820755959
v -0.008045898750424385 -0.02331862971186638 0.013764375820755959
v -0.008045898750424385 -0.02331862971186638 0.013764375820755959
v -0.007368788588792086 -0.02667846530675888 0.016316093504428864
v -0.007368788588792086 -0.02667846530675888 0.016316093504428864
v -0.007368788588792086 -0.02667846530675888 0.016316093504428864
v -0.007368788588792086 -0.02667846530675888 0.016316093504428864
v -0.007368788588792086 -0.02667846530675888 0.016316093504428864
v -0.007586859632283449 -0.02279677428305149 0.015358665026724339
v -0.007586859632283449 -0.02279677428305149 0.015358665026724339
v -0.007586859632283449 -0.02279677428305149 0.015358665026724339
v -0.007586859632283449 -0.02279677428305149 0.015358665026724339
v -0.0059185754507780075 -0.028427094221115112 0.021517403423786163
v -0.0059185754507780075 -0.028427094221115112 0.021517403423786163
v -0.0059185754507780075 -0.028427094221115112 0.021517403423786163
v -0.0059185754507780075 -0.028427094221115112 0.021517403423786163
v -0.0059185754507780075 -0.028427094221115112 0.021517403423786163
v -0.004390736576169729 -0.029109377413988113 0.026940934360027313
v -0.004390736576169729 -0.029109377413988113 0.026940934360027313
v -0.008753100410103798 -0.012863649986684322 0.010762784630060196
v -0.008753100410103798 -0.012863649986684322 0.010762784630060196
v -0.008753100410103798 -0.012863649986684322 0.010762784630060196
v -0.008753100410103798 -0.012863649986684322 0.010762784630060196
v -0.00841857586055994 -0.01403949037194252 0.012000004760921001
v -0.00841857586055994 -0.01403949037194252 0.012000004760921001
v -0.006379580125212669 -0.010779954493045807 0.019036035984754562
v -0.006379580125212669 -0.010779954493045807 0.019036035984754562
v -0.006379580125212669 -0.010779954493045807 0.019036035984754562
v -0.006379580125212669 -0.010779954493045807 0.019036035984754562
v -0.008297345601022243 -0.015698391944169998 0.012508087791502476
v -0.008297345601022243 -0.015698391944169998 0.012508087791502476
v -0.008297345601022243 -0.015698391944169998 0.012508087791502476
v -0.008354135788977146 -0.016858652234077454 0.012363928370177746
v -0.008354135788977146 -0.016858652234077454 0.012363928370177746
v -0.008354135788977146 -0.016858652234077454 0.012363928370177746
v -0.008039291948080063 -0.016605470329523087 0.013462484814226627
v -0.008039291948080063 -0.016605470329523087 0.013462484814226627
v -0.008039291948080063 -0.016605470329523087 0.013462484814226627
v -0.008039291948080063 -0.016605470329523087 0.013462484814226627
v -0.009676058776676655 -0.01882176660001278 0.007795051671564579
v -0.009676058776676655 -0.01882176660001278 0.007795051671564579
v -0.01001057680696249 -0.01764601469039917 0.006557857152074575
v -0.01001057680696249 -0.01764601469039917 0.006557857152074575
v -0.01001057680696249 -0.01764601469039917 0.006557857152074575
v -0.01001057680696249 -0.01764601469039917 0.006557857152074575
v -0.011522569693624973 -0.013638687320053577 0.0010291645303368568
v -0.011522569693624973 -0.013638687320053577 0.0010291645303368568
v -0.011522569693624973 -0.013638687320053577 0.0010291645303368568
v -0.01202796958386898 -0.013397211208939552 -0.0007656708476133645
v -0.01202796958386898 -0.013397211208939552 -0.0007656708476133645
v -0.013388334773480892 -0.013611246831715107 -0.005554906092584133
v -0.013388334773480892 -0.013611246831715107 -0.005554906092584133
v -0.007101645693182945 -0.007831845432519913 0.01634564995765686
v -0.007101645693182945 -0.007831845432519913 0.01634564995765686
v -0.007101645693182945 -0.007831845432519913 0.01634564995765686
v -0.007557976059615612 -0.0042185112833976746 0.01456060167402029
v -0.007557976059615612 -0.0042185112833976746 0.01456060167402029
v -0.007557976059615612 -0.0042185112833976746 0.01456060167402029
v -0.007557976059615612 -0.0042185112833976746 0.01456060167402029
v -0.009211276657879353 -0.012486140243709087 0.009127970784902573
v -0.009211276657879353 -0.012486140243709087 0.009127970784902573
v -0.009211276657879353 -0.012486140243709087 0.009127970784902573
v -0.009211276657879353 -0.012486140243709087 0.009127970784902573
v -0.009670336730778217 -0.013008004054427147 0.007533608004450798
v -0.009670336730778217 -0.013008004054427147 0.007533608004450798
v -0.009670336730778217 -0.013008004054427147 0.007533608004450798
v -0.010007267817854881 -0.014289419166743755 0.006406932603567839
v -0.010007267817854881 -0.014289419166743755 0.006406932603567839
v -0.01013181358575821 -0.015987036749720573 0.006049751304090023
v -0.01013181358575821 -0.015987036749720573 0.006049751304090023
v -0.01013181358575821 -0.015987036749720573 0.006049751304090023
v -0.01013181358575821 -0.015987036749720573 0.006049751304090023
v -0.011076859198510647 -0.01449408195912838 0.002643145155161619
v -0.011076859198510647 -0.01449408195912838 0.002643145155161619
v -0.011076859198510647 -0.01449408195912838 0.002643145155161619
v -0.011076859198510647 -0.01449408195912838 0.002643145155161619
v -0.010742940939962864 -0.01586332730948925 0.003887594910338521
v -0.010742940939962864 -0.01586332730948925 0.003887594910338521
v -0.010742940939962864 -0.01586332730948925 0.003887594910338521
v 0.0011534187942743301 -0.020193148404359818 0.04606974869966507
v 0.0011534187942743301 -0.020193148404359818 0.04606974869966507
v 0.00081647839397192 -0.02147461287677288 0.04494304209947586
v 0.00081647839397192 -0.02147461287677288 0.04494304209947586
v 9.118833258980885e-05 -0.024707091972231865 0.04254068434238434
v 9.118833258980885e-05 -0.024707091972231865 0.04254068434238434
v 9.118833258980885e-05 -0.024707091972231865 0.04254068434238434
v 0.0003574179718270898 -0.021996477618813515 0.04334867745637894
v 0.0003574179718270898 -0.021996477618813515 0.04334867745637894
v 0.0003574179718270898 -0.021996477618813515 0.04334867745637894
v -0.001329190214164555 -0.02721429616212845 0.03765079751610756
v -0.001329190214164555 -0.02721429616212845 0.03765079751610756
v -0.001329190214164555 -0.02721429616212845 0.03765079751610756
v -0.001329190214164555 -0.02721429616212845 0.03765079751610756
v -0.00010074933379655704 -0.021618902683258057 0.0417138934135437
v -0.00010074933379655704 -0.021618902683258057 0.0417138934135437
v -0.00010074933379655704 -0.021618902683258057 0.0417138934135437
v -0.00010074933379655704 -0.021618902683258057 0.0417138934135437
v -0.0028418279252946377 -0.02870010957121849 0.0323859266936779
v -0.0028418279252946377 -0.02870010957121849 0.0323859266936779
v -0.0028418279252946377 -0.02870010957121849 0.0323859266936779
v -0.004389048088341951 -0.013798358850181103 0.026205193251371384
v -0.004389048088341951 -0.013798358850181103 0.026205193251371384
v -0.004389048088341951 -0.013798358850181103 0.026205193251371384
v -0.004389048088341951 -0.013798358850181103 0.026205193251371384
v -0.0072465986013412476 -0.018158741295337677 0.01633448712527752
v -0.0072465986013412476 -0.018158741295337677 0.01633448712527752
v -0.0072465986013412476 -0.018158741295337677 0.01633448712527752
v -0.005450294818729162 -0.012823977507650852 0.02241373062133789
v -0.005450294818729162 -0.012823977507650852 0.02241373062133789
v -0.005450294818729162 -0.012823977507650852 0.02241373062133789
v -0.005450294818729162 -0.012823977507650852 0.02241373062133789
v -0.007581115234643221 -0.016982994973659515 0.0150973005220294
v -0.007581115234643221 -0.016982994973659515 0.0150973005220294
v -0.007581115234643221 -0.016982994973659515 0.0150973005220294
v -0.007581115234643221 -0.016982994973659515 0.0150973005220294
v 0.00022806118067819625 0.008580063469707966 0.038477297872304916
v 0.00022806118067819625 0.008580063469707966 0.038477297872304916
v 0.00022806118067819625 0.008580063469707966 0.038477297872304916
v -0.0004940046346746385 0.01152817253023386 0.03578691557049751
v -0.0004940046346746385 0.01152817253023386 0.03578691557049751
v -0.0004940046346746385 0.01152817253023386 0.03578691557049751
v -0.0014232895337045193 0.013572195544838905 0.032409220933914185
v -0.0014232895337045193 0.013572195544838905 0.032409220933914185
v -0.0014232895337045193 0.013572195544838905 0.032409220933914185
v -0.00248453626409173 0.014546576887369156 0.028617756441235542
v -0.00248453626409173 0.014546576887369156 0.028617756441235542
v -0.00248453626409173 0.014546576887369156 0.028617756441235542
v -0.0035917547065764666 0.014372358098626137 0.024719739332795143
v -0.0035917547065764666 0.014372358098626137 0.024719739332795143
v -0.004655243828892708 0.01306369062513113 0.021030960604548454
v -0.004655243828892708 0.01306369062513113 0.021030960604548454
v -0.004655243828892708 0.01306369062513113 0.021030960604548454
v -0.005588852800428867 0.010726524516940117 0.01785024255514145
v -0.005588852800428867 0.010726524516940117 0.01785024255514145
v -0.006316944491118193 0.007550281938165426 0.015435273759067059
v -0.006316944491118193 0.007550281938165426 0.015435273759067059
v -0.006316944491118193 0.007550281938165426 0.015435273759067059
v -0.006780513562262058 0.0037922044284641743 0.013981771655380726
v -0.006780513562262058 0.0037922044284641743 0.013981771655380726
v -0.006780513562262058 0.0037922044284641743 0.013981771655380726
v -0.006942033302038908 -0.00024322439276147634 0.013607386499643326
v -0.006942033302038908 -0.00024322439276147634 0.013607386499643326
v -0.006788409780710936 -0.0042290776036679745 0.014342481270432472
v -0.006788409780710936 -0.0042290776036679745 0.014342481270432472
v -0.006332079414278269 -0.007842411287128925 0.016127530485391617
v -0.006332079414278269 -0.007842411287128925 0.016127530485391617
v -0.005610013846307993 -0.010790521278977394 0.01881791464984417
v -0.005610013846307993 -0.010790521278977394 0.01881791464984417
v -0.005610013846307993 -0.010790521278977394 0.01881791464984417
v -0.004680728539824486 -0.01283454429358244 0.022195609286427498
v -0.004680728539824486 -0.01283454429358244 0.022195609286427498
v -0.004680728539824486 -0.01283454429358244 0.022195609286427498
v -0.003619481809437275 -0.013808924704790115 0.02598707191646099
v -0.003619481809437275 -0.013808924704790115 0.02598707191646099
v -0.003619481809437275 -0.013808924704790115 0.02598707191646099
v -0.002512263599783182 -0.013634705916047096 0.02988509088754654
v -0.002512263599783182 -0.013634705916047096 0.02988509088754654
v -0.002512263599783182 -0.013634705916047096 0.02988509088754654
v -0.0014487745938822627 -0.01232603844255209 0.03357386961579323
v -0.0014487745938822627 -0.01232603844255209 0.03357386961579323
v -0.0014487745938822627 -0.01232603844255209 0.03357386961579323
v -0.0014487745938822627 -0.01232603844255209 0.03357386961579323
v -0.0005151653313077986 -0.009988872334361076 0.036754585802555084
v -0.0005151653313077986 -0.009988872334361076 0.036754585802555084
v -0.0005151653313077986 -0.009988872334361076 0.036754585802555084
v -0.0005151653313077986 -0.009988872334361076 0.036754585802555084
v 0.0002129264030372724 -0.006812630221247673 0.0391695536673069
v 0.0002129264030372724 -0.006812630221247673 0.0391695536673069
v 0.0002129264030372724 -0.006812630221247673 0.0391695536673069
v 0.0006764953141100705 -0.0030545524787157774 0.04062305763363838
v 0.0006764953141100705 -0.0030545524787157774 0.04062305763363838
v 0.0006764953141100705 -0.0030545524787157774 0.04062305763363838
v 0.0006764953141100705 -0.0030545524787157774 0.04062305763363838
v 0.0008380284998565912 0.0009808430913835764 0.04099749028682709
v 0.0008380284998565912 0.0009808430913835764 0.04099749028682709
v 0.0006843913579359651 0.004966729320585728 0.04026234894990921
v 0.0006843913579359651 0.004966729320585728 0.04026234894990921
v 0.0006843913579359651 0.004966729320585728 0.04026234894990921
v 0.0024604606442153454 0.02077193558216095 0.04260880500078201
v 0.0024604606442153454 0.02077193558216095 0.04260880500078201
v 0.0024604606442153454 0.02077193558216095 0.04260880500078201
v 0.0024604606442153454 0.02077193558216095 0.04260880500078201
v 0.002399112330749631 0.021611303091049194 0.042351700365543365
v 0.002399112330749631 0.021611303091049194 0.042351700365543365
v 0.002399112330749631 0.021611303091049194 0.042351700365543365
v 0.002399112330749631 0.021611303091049194 0.042351700365543365
v 0.0022298810072243214 0.02220618538558483 0.041725803166627884
v 0.0022298810072243214 0.02220618538558483 0.041725803166627884
v 0.0022298810072243214 0.02220618538558483 0.041725803166627884
v 0.0022298810072243214 0.02220618538558483 0.041725803166627884
v 0.0019980682991445065 0.022397194057703018 0.040898676961660385
v 0.0019980682991445065 0.022397194057703018 0.040898676961660385
v 0.0019980682991445065 0.022397194057703018 0.040898676961660385
v 0.0019980682991445065 0.022397194057703018 0.040898676961660385
v 0.0017658020369708538 0.022133128717541695 0.04009199142456055
v 0.0017658020369708538 0.022133128717541695 0.04009199142456055
v 0.0017658020369708538 0.022133128717541695 0.04009199142456055
v 0.0017658020369708538 0.022133128717541695 0.04009199142456055
v 0.0015953218098729849 0.02148480713367462 0.03952191397547722
v 0.0015953218098729849 0.02148480713367462 0.03952191397547722
v 0.0015953218098729849 0.02148480713367462 0.03952191397547722
v 0.0015953218098729849 0.02148480713367462 0.03952191397547722
v 0.0015323180705308914 0.020625868812203407 0.039341237396001816
v 0.0015323180705308914 0.020625868812203407 0.039341237396001816
v 0.0015323180705308914 0.020625868812203407 0.039341237396001816
v 0.0015323180705308914 0.020625868812203407 0.039341237396001816
v 0.0015936577692627907 0.019786523655056953 0.039598312228918076
v 0.0015936577692627907 0.019786523655056953 0.039598312228918076
v 0.0015936577692627907 0.019786523655056953 0.039598312228918076
v 0.0015936577692627907 0.019786523655056953 0.039598312228918076
v 0.0017628908390179276 0.01919163390994072 0.040224213153123856
v 0.0017628908390179276 0.01919163390994072 0.040224213153123856
v 0.0017628908390179276 0.01919163390994072 0.040224213153123856
v 0.0017628908390179276 0.01919163390994072 0.040224213153123856
v 0.001994708552956581 0.019000615924596786 0.04105135798454285
v 0.001994708552956581 0.019000615924596786 0.04105135798454285
v 0.001994708552956581 0.019000615924596786 0.04105135798454285
v 0.001994708552956581 0.019000615924596786 0.04105135798454285
v 0.0022269722539931536 0.019264686852693558 0.04185803234577179
v 0.0022269722539931536 0.019264686852693558 0.04185803234577179
v 0.0022269722539931536 0.019264686852693558 0.04185803234577179
v 0.0022269722539931536 0.019264686852693558 0.04185803234577179
v 0.0023974524810910225 0.01991300657391548 0.04242810979485512
v 0.0023974524810910225 0.01991300657391548 0.04242810979485512
v 0.0023974524810910225 0.01991300657391548 0.04242810979485512
v 0.0023974524810910225 0.01991300657391548 0.04242810979485512
v 0.0012870730133727193 0.018658241257071495 0.04351052641868591
v 0.0012870730133727193 0.018658241257071495 0.04351052641868591
v 0.0010252129286527634 0.018056975677609444 0.043009914457798004
v 0.0010252129286527634 0.018056975677609444 0.043009914457798004
v 0.0013415206922218204 0.01925995945930481 0.0440676286816597
v 0.0013415206922218204 0.01925995945930481 0.0440676286816597
v -0.007123310584574938 0.014960269443690777 0.00907713733613491
v -0.007123310584574938 0.014960269443690777 0.00907713733613491
v -0.007123310584574938 0.014960269443690777 0.00907713733613491
v -0.007123310584574938 0.014960269443690777 0.00907713733613491
v -0.007184659130871296 0.015799636021256447 0.008820028975605965
v -0.007184659130871296 0.015799636021256447 0.008820028975605965
v -0.007184659130871296 0.015799636021256447 0.008820028975605965
v -0.007184659130871296 0.015799636021256447 0.008820028975605965
v -0.007353905122727156 0.016394544392824173 0.008194081485271454
v -0.007353905122727156 0.016394544392824173 0.008194081485271454
v -0.007353905122727156 0.016394544392824173 0.008194081485271454
v -0.007353905122727156 0.016394544392824173 0.008194081485271454
v -0.007585720159113407 0.01658555679023266 0.007366944570094347
v -0.007585720159113407 0.01658555679023266 0.007366944570094347
v -0.007585720159113407 0.01658555679023266 0.007366944570094347
v -0.007585720159113407 0.01658555679023266 0.007366944570094347
v -0.00781798455864191 0.016321485862135887 0.006560268811881542
v -0.00781798455864191 0.016321485862135887 0.006560268811881542
v -0.00781798455864191 0.016321485862135887 0.006560268811881542
v -0.00781798455864191 0.016321485862135887 0.006560268811881542
v -0.007988443598151207 0.015673188492655754 0.005990264005959034
v -0.007988443598151207 0.015673188492655754 0.005990264005959034
v -0.007988443598151207 0.015673188492655754 0.005990264005959034
v -0.007988443598151207 0.015673188492655754 0.005990264005959034
v -0.008051451295614243 0.014814259484410286 0.005809568800032139
v -0.008051451295614243 0.014814259484410286 0.005809568800032139
v -0.008051451295614243 0.014814259484410286 0.005809568800032139
v -0.008051451295614243 0.014814259484410286 0.005809568800032139
v -0.007990119978785515 0.013974909670650959 0.006066618487238884
v -0.007990119978785515 0.013974909670650959 0.006066618487238884
v -0.007990119978785515 0.013974909670650959 0.006066618487238884
v -0.007990119978785515 0.013974909670650959 0.006066618487238884
v -0.007820867002010345 0.013380033895373344 0.006692586932331324
v -0.007820867002010345 0.013380033895373344 0.006692586932331324
v -0.007820867002010345 0.013380033895373344 0.006692586932331324
v -0.007820867002010345 0.013380033895373344 0.006692586932331324
v -0.007589055225253105 0.013189004734158516 0.007519713137298822
v -0.007589055225253105 0.013189004734158516 0.007519713137298822
v -0.007589055225253105 0.013189004734158516 0.007519713137298822
v -0.007589055225253105 0.013189004734158516 0.007519713137298822
v -0.0073567964136600494 0.013453050516545773 0.008326372131705284
v -0.0073567964136600494 0.013453050516545773 0.008326372131705284
v -0.0073567964136600494 0.013453050516545773 0.008326372131705284
v -0.0073567964136600494 0.013453050516545773 0.008326372131705284
v -0.00718632061034441 0.014101331122219563 0.008896436542272568
v -0.00718632061034441 0.014101331122219563 0.008896436542272568
v -0.00718632061034441 0.014101331122219563 0.008896436542272568
v -0.00718632061034441 0.014101331122219563 0.008896436542272568
v -0.0082930913195014 0.017150873318314552 0.009783076122403145
v -0.0082930913195014 0.017150873318314552 0.009783076122403145
v -0.008239147253334522 0.016599291935563087 0.010394266806542873
v -0.008239147253334522 0.016599291935563087 0.010394266806542873
v -0.00855319108814001 0.01770307682454586 0.009232796728610992
v -0.00855319108814001 0.01770307682454586 0.009232796728610992
v -0.005981578957289457 -0.019910946488380432 0.014794598333537579
v -0.005981578957289457 -0.019910946488380432 0.014794598333537579
v -0.005981578957289457 -0.019910946488380432 0.014794598333537579
v -0.005981578957289457 -0.019910946488380432 0.014794598333537579
v -0.006042918656021357 -0.019071603193879128 0.01453752163797617
v -0.006042918656021357 -0.019071603193879128 0.01453752163797617
v -0.006042918656021357 -0.019071603193879128 0.01453752163797617
v -0.006042918656021357 -0.019071603193879128 0.01453752163797617
v -0.006212156265974045 -0.018476702272892 0.013911603949964046
v -0.006212156265974045 -0.018476702272892 0.013911603949964046
v -0.006212156265974045 -0.018476702272892 0.013911603949964046
v -0.006212156265974045 -0.018476702272892 0.013911603949964046
v -0.00644397409632802 -0.018285684287548065 0.01308445818722248
v -0.00644397409632802 -0.018285684287548065 0.01308445818722248
v -0.00644397409632802 -0.018285684287548065 0.01308445818722248
v -0.00644397409632802 -0.018285684287548065 0.01308445818722248
v -0.006676237564533949 -0.018549755215644836 0.012277783825993538
v -0.006676237564533949 -0.018549755215644836 0.012277783825993538
v -0.006676237564533949 -0.018549755215644836 0.012277783825993538
v -0.006676237564533949 -0.018549755215644836 0.012277783825993538
v -0.006846717558801174 -0.01919807493686676 0.01170770637691021
v -0.006846717558801174 -0.01919807493686676 0.01170770637691021
v -0.006846717558801174 -0.01919807493686676 0.01170770637691021
v -0.006846717558801174 -0.01919807493686676 0.01170770637691021
v -0.006909725721925497 -0.02005700394511223 0.011527011170983315
v -0.006909725721925497 -0.02005700394511223 0.011527011170983315
v -0.006909725721925497 -0.02005700394511223 0.011527011170983315
v -0.006909725721925497 -0.02005700394511223 0.011527011170983315
v -0.006848391145467758 -0.020896337926387787 0.01178407110273838
v -0.006848391145467758 -0.020896337926387787 0.01178407110273838
v -0.006848391145467758 -0.020896337926387787 0.01178407110273838
v -0.006848391145467758 -0.020896337926387787 0.01178407110273838
v -0.006679139100015163 -0.021491197869181633 0.012410036288201809
v -0.006679139100015163 -0.021491197869181633 0.012410036288201809
v -0.006679139100015163 -0.021491197869181633 0.012410036288201809
v -0.006679139100015163 -0.021491197869181633 0.012410036288201809
v -0.006447329185903072 -0.021682273596525192 0.013237157836556435
v -0.006447329185903072 -0.021682273596525192 0.013237157836556435
v -0.006447329185903072 -0.021682273596525192 0.013237157836556435
v -0.006447329185903072 -0.021682273596525192 0.013237157836556435
v -0.006215060595422983 -0.021418211981654167 0.014043849892914295
v -0.006215060595422983 -0.021418211981654167 0.014043849892914295
v -0.006215060595422983 -0.021418211981654167 0.014043849892914295
v -0.006215060595422983 -0.021418211981654167 0.014043849892914295
v -0.006044589448720217 -0.020769869908690453 0.014613894745707512
v -0.006044589448720217 -0.020769869908690453 0.014613894745707512
v -0.006044589448720217 -0.020769869908690453 0.014613894745707512
v -0.006044589448720217 -0.020769869908690453 0.014613894745707512
v -0.008327572606503963 -0.017907731235027313 0.01135973073542118
v -0.008327572606503963 -0.017907731235027313 0.01135973073542118
v -0.008272490464150906 -0.017303626984357834 0.011918952688574791
v -0.008272490464150906 -0.017303626984357834 0.011918952688574791
v -0.008588798344135284 -0.0185066107660532 0.010861239396035671
v -0.008588798344135284 -0.0185066107660532 0.010861239396035671
v 0.003602186217904091 -0.01409932691603899 0.04832625016570091
v 0.003602186217904091 -0.01409932691603899 0.04832625016570091
v 0.003602186217904091 -0.01409932691603899 0.04832625016570091
v 0.003602186217904091 -0.01409932691603899 0.04832625016570091
v 0.0035408528055995703 -0.013259985484182835 0.048069193959236145
v 0.0035408528055995703 -0.013259985484182835 0.048069193959236145
v 0.0035408528055995703 -0.013259985484182835 0.048069193959236145
v 0.0035408528055995703 -0.013259985484182835 0.048069193959236145
v 0.003371601924300194 -0.012665102258324623 0.04744322970509529
v 0.003371601924300194 -0.012665102258324623 0.04744322970509529
v 0.003371601924300194 -0.012665102258324623 0.04744322970509529
v 0.003371601924300194 -0.012665102258324623 0.04744322970509529
v 0.003139788517728448 -0.012474081479012966 0.046616099774837494
v 0.003139788517728448 -0.012474081479012966 0.046616099774837494
v 0.003139788517728448 -0.012474081479012966 0.046616099774837494
v 0.003139788517728448 -0.012474081479012966 0.046616099774837494
v 0.002907531103119254 -0.012738118879497051 0.04580944776535034
v 0.002907531103119254 -0.012738118879497051 0.04580944776535034
v 0.002907531103119254 -0.012738118879497051 0.04580944776535034
v 0.002907531103119254 -0.012738118879497051 0.04580944776535034
v 0.0027370683383196592 -0.013386432081460953 0.04523942992091179
v 0.0027370683383196592 -0.013386432081460953 0.04523942992091179
v 0.0027370683383196592 -0.013386432081460953 0.04523942992091179
v 0.0027370683383196592 -0.013386432081460953 0.04523942992091179
v 0.0026740452740341425 -0.014245337806642056 0.04505867883563042
v 0.0026740452740341425 -0.014245337806642056 0.04505867883563042
v 0.0026740452740341425 -0.014245337806642056 0.04505867883563042
v 0.0026740452740341425 -0.014245337806642056 0.04505867883563042
v 0.002735393587499857 -0.015084703452885151 0.04531578719615936
v 0.002735393587499857 -0.015084703452885151 0.04531578719615936
v 0.002735393587499857 -0.015084703452885151 0.04531578719615936
v 0.002735393587499857 -0.015084703452885151 0.04531578719615936
v 0.0029046395793557167 -0.01567961275577545 0.04594173654913902
v 0.0029046395793557167 -0.01567961275577545 0.04594173654913902
v 0.0029046395793557167 -0.01567961275577545 0.04594173654913902
v 0.0029046395793557167 -0.01567961275577545 0.04594173654913902
v 0.003136454615741968 -0.015870625153183937 0.04676887392997742
v 0.003136454615741968 -0.015870625153183937 0.04676887392997742
v 0.003136454615741968 -0.015870625153183937 0.04676887392997742
v 0.003136454615741968 -0.015870625153183937 0.04676887392997742
v 0.003368709236383438 -0.015606604516506195 0.04757551848888397
v 0.003368709236383438 -0.015606604516506195 0.04757551848888397
v 0.003368709236383438 -0.015606604516506195 0.04757551848888397
v 0.003368709236383438 -0.015606604516506195 0.04757551848888397
v 0.0035391896963119507 -0.014958297833800316 0.0481455959379673
v 0.0035391896963119507 -0.014958297833800316 0.0481455959379673
v 0.0035391896963119507 -0.014958297833800316 0.0481455959379673
v 0.0035391896963119507 -0.014958297833800316 0.0481455959379673
v 0.0012525913771241903 -0.01640036329627037 0.04508718475699425
v 0.0012525913771241903 -0.01640036329627037 0.04508718475699425
v 0.0009918692521750927 -0.015845943242311478 0.044534601271152496
v 0.0009918692521750927 -0.015845943242311478 0.044534601271152496
v 0.0013059130869805813 -0.01694972813129425 0.04569606855511665
v 0.0013059130869805813 -0.01694972813129425 0.04569606855511665
v 0.002767292084172368 0.017365504056215286 0.04385637491941452
v 0.002767292084172368 0.017365504056215286 0.04385637491941452
v 0.002767292084172368 0.017365504056215286 0.04385637491941452
v 0.002767292084172368 0.017365504056215286 0.04385637491941452
v 0.00293777440674603 0.018013818189501762 0.044426459819078445
v 0.00293777440674603 0.018013818189501762 0.044426459819078445
v 0.00293777440674603 0.018013818189501762 0.044426459819078445
v 0.00293777440674603 0.018013818189501762 0.044426459819078445
v 0.0031700513791292906 0.018277855589985847 0.04523318260908127
v 0.0031700513791292906 0.018277855589985847 0.04523318260908127
v 0.0031700513791292906 0.018277855589985847 0.04523318260908127
v 0.0031700513791292906 0.018277855589985847 0.04523318260908127
v 0.002704296726733446 0.016506539657711983 0.043675728142261505
v 0.002704296726733446 0.016506539657711983 0.043675728142261505
v 0.002704296726733446 0.016506539657711983 0.043675728142261505
v 0.002704296726733446 0.016506539657711983 0.043675728142261505
v 0.002765632001683116 0.015667207539081573 0.04393278807401657
v 0.002765632001683116 0.015667207539081573 0.04393278807401657
v 0.002765632001683116 0.015667207539081573 0.04393278807401657
v 0.002765632001683116 0.015667207539081573 0.04393278807401657
v 0.0029348875395953655 0.015072348527610302 0.04455876722931862
v 0.0029348875395953655 0.015072348527610302 0.04455876722931862
v 0.0029348875395953655 0.015072348527610302 0.04455876722931862
v 0.0029348875395953655 0.015072348527610302 0.04455876722931862
v 0.0031667030416429043 0.014881336130201817 0.04538590461015701
v 0.0031667030416429043 0.014881336130201817 0.04538590461015701
v 0.0031667030416429043 0.014881336130201817 0.04538590461015701
v 0.0031667030416429043 0.014881336130201817 0.04538590461015701
v 0.003398955799639225 0.015145349316298962 0.04619254171848297
v 0.003398955799639225 0.015145349316298962 0.04619254171848297
v 0.003398955799639225 0.015145349316298962 0.04619254171848297
v 0.003398955799639225 0.015145349316298962 0.04619254171848297
v 0.003569435328245163 0.01579366810619831 0.0467626191675663
v 0.003569435328245163 0.01579366810619831 0.0467626191675663
v 0.003569435328245163 0.01579366810619831 0.0467626191675663
v 0.003569435328245163 0.01579366810619831 0.0467626191675663
v 0.003632443957030773 0.016652598977088928 0.046943314373493195
v 0.003632443957030773 0.016652598977088928 0.046943314373493195
v 0.003632443957030773 0.016652598977088928 0.046943314373493195
v 0.003632443957030773 0.016652598977088928 0.046943314373493195
v 0.0035710977390408516 0.017491959035396576 0.046686213463544846
v 0.0035710977390408516 0.017491959035396576 0.046686213463544846
v 0.0035710977390408516 0.017491959035396576 0.046686213463544846
v 0.0035710977390408516 0.017491959035396576 0.046686213463544846
v 0.003401853609830141 0.018086876720190048 0.04606027528643608
v 0.003401853609830141 0.018086876720190048 0.04606027528643608
v 0.003401853609830141 0.018086876720190048 0.04606027528643608
v 0.003401853609830141 0.018086876720190048 0.04606027528643608
v -0.006640408653765917 0.017869453877210617 0.010639972053468227
v -0.006640408653765917 0.017869453877210617 0.010639972053468227
v -0.006640408653765917 0.017869453877210617 0.010639972053468227
v -0.006640408653765917 0.017869453877210617 0.010639972053468227
v -0.006809662561863661 0.01846432127058506 0.010013998486101627
v -0.006809662561863661 0.01846432127058506 0.010013998486101627
v -0.006809662561863661 0.01846432127058506 0.010013998486101627
v -0.006809662561863661 0.01846432127058506 0.010013998486101627
v -0.006871011108160019 0.019303686916828156 0.009756890125572681
v -0.006871011108160019 0.019303686916828156 0.009756890125572681
v -0.006871011108160019 0.019303686916828156 0.009756890125572681
v -0.006871011108160019 0.019303686916828156 0.009756890125572681
v -0.006408593151718378 0.017678439617156982 0.011467110365629196
v -0.006408593151718378 0.017678439617156982 0.011467110365629196
v -0.006408593151718378 0.017678439617156982 0.011467110365629196
v -0.006408593151718378 0.017678439617156982 0.011467110365629196
v -0.006176338996738195 0.017942460253834724 0.012273753061890602
v -0.006176338996738195 0.017942460253834724 0.012273753061890602
v -0.006176338996738195 0.017942460253834724 0.012273753061890602
v -0.006176338996738195 0.017942460253834724 0.012273753061890602
v -0.006005872506648302 0.018590813502669334 0.01284378208220005
v -0.006005872506648302 0.018590813502669334 0.01284378208220005
v -0.006005872506648302 0.018590813502669334 0.01284378208220005
v -0.006005872506648302 0.018590813502669334 0.01284378208220005
v -0.005942863877862692 0.019449744373559952 0.013024477288126945
v -0.005942863877862692 0.019449744373559952 0.013024477288126945
v -0.005942863877862692 0.019449744373559952 0.013024477288126945
v -0.005942863877862692 0.019449744373559952 0.013024477288126945
v -0.006004197057336569 0.020289070904254913 0.012767424806952477
v -0.006004197057336569 0.020289070904254913 0.012767424806952477
v -0.006004197057336569 0.020289070904254913 0.012767424806952477
v -0.006004197057336569 0.020289070904254913 0.012767424806952477
v -0.006173442583531141 0.02088397927582264 0.01214147824794054
v -0.006173442583531141 0.02088397927582264 0.01214147824794054
v -0.006173442583531141 0.02088397927582264 0.01214147824794054
v -0.006173442583531141 0.02088397927582264 0.01214147824794054
v -0.00640525808557868 0.021074993535876274 0.011314339935779572
v -0.00640525808557868 0.021074993535876274 0.011314339935779572
v -0.00640525808557868 0.021074993535876274 0.011314339935779572
v -0.00640525808557868 0.021074993535876274 0.011314339935779572
v -0.006637520622462034 0.0208109300583601 0.010507671162486076
v -0.006637520622462034 0.0208109300583601 0.010507671162486076
v -0.006637520622462034 0.0208109300583601 0.010507671162486076
v -0.006637520622462034 0.0208109300583601 0.010507671162486076
v -0.006808002945035696 0.020162615925073624 0.009937585331499577
v -0.006808002945035696 0.020162615925073624 0.009937585331499577
v -0.006808002945035696 0.020162615925073624 0.009937585331499577
v -0.006808002945035696 0.020162615925073624 0.009937585331499577
v -0.007216570898890495 -0.01665053889155388 0.010279393754899502
v -0.007216570898890495 -0.01665053889155388 0.010279393754899502
v -0.007216570898890495 -0.01665053889155388 0.010279393754899502
v -0.007216570898890495 -0.01665053889155388 0.010279393754899502
v -0.007387039717286825 -0.01729888655245304 0.009709356352686882
v -0.007387039717286825 -0.01729888655245304 0.009709356352686882
v -0.007387039717286825 -0.01729888655245304 0.009709356352686882
v -0.007387039717286825 -0.01729888655245304 0.009709356352686882
v -0.007619303651154041 -0.017562955617904663 0.00890268199145794
v -0.007619303651154041 -0.017562955617904663 0.00890268199145794
v -0.007619303651154041 -0.017562955617904663 0.00890268199145794
v -0.007619303651154041 -0.017562955617904663 0.00890268199145794
v -0.007153548765927553 -0.015791641548275948 0.010460138320922852
v -0.007153548765927553 -0.015791641548275948 0.010460138320922852
v -0.007153548765927553 -0.015791641548275948 0.010460138320922852
v -0.007153548765927553 -0.015791641548275948 0.010460138320922852
v -0.007214897312223911 -0.014952274970710278 0.010203029960393906
v -0.007214897312223911 -0.014952274970710278 0.010203029960393906
v -0.007214897312223911 -0.014952274970710278 0.010203029960393906
v -0.007214897312223911 -0.014952274970710278 0.010203029960393906
v -0.0073841530829668045 -0.01435741689056158 0.009577050805091858
v -0.0073841530829668045 -0.01435741689056158 0.009577050805091858
v -0.0073841530829668045 -0.01435741689056158 0.009577050805091858
v -0.0073841530829668045 -0.01435741689056158 0.009577050805091858
v -0.007615968585014343 -0.01416640356183052 0.008749912492930889
v -0.007615968585014343 -0.01416640356183052 0.008749912492930889
v -0.007615968585014343 -0.01416640356183052 0.008749912492930889
v -0.007615968585014343 -0.01416640356183052 0.008749912492930889
v -0.007848220877349377 -0.014430416747927666 0.007943274453282356
v -0.007848220877349377 -0.014430416747927666 0.007943274453282356
v -0.007848220877349377 -0.014430416747927666 0.007943274453282356
v -0.007848220877349377 -0.014430416747927666 0.007943274453282356
v -0.008018700405955315 -0.01507873646914959 0.007373198866844177
v -0.008018700405955315 -0.01507873646914959 0.007373198866844177
v -0.008018700405955315 -0.01507873646914959 0.007373198866844177
v -0.008018700405955315 -0.01507873646914959 0.007373198866844177
v -0.008081709034740925 -0.015937665477395058 0.00719250226393342
v -0.008081709034740925 -0.015937665477395058 0.00719250226393342
v -0.008081709034740925 -0.015937665477395058 0.00719250226393342
v -0.008081709034740925 -0.015937665477395058 0.00719250226393342
v -0.008020362816751003 -0.016777027398347855 0.007449603173881769
v -0.008020362816751003 -0.016777027398347855 0.007449603173881769
v -0.008020362816751003 -0.016777027398347855 0.007449603173881769
v -0.008020362816751003 -0.016777027398347855 0.007449603173881769
v -0.00785111915320158 -0.017371943220496178 0.008075544610619545
v -0.00785111915320158 -0.017371943220496178 0.008075544610619545
v -0.00785111915320158 -0.017371943220496178 0.008075544610619545
v -0.00785111915320158 -0.017371943220496178 0.008075544610619545
v 0.0021911433432251215 -0.017154522240161896 0.043495845049619675
v 0.0021911433432251215 -0.017154522240161896 0.043495845049619675
v 0.0021911433432251215 -0.017154522240161896 0.043495845049619675
v 0.0021911433432251215 -0.017154522240161896 0.043495845049619675
v 0.0023604105226695538 -0.017749421298503876 0.044121868908405304
v 0.0023604105226695538 -0.017749421298503876 0.044121868908405304
v 0.0023604105226695538 -0.017749421298503876 0.044121868908405304
v 0.0023604105226695538 -0.017749421298503876 0.044121868908405304
v 0.00242174556478858 -0.018588753417134285 0.04437892884016037
v 0.00242174556478858 -0.018588753417134285 0.04437892884016037
v 0.00242174556478858 -0.018588753417134285 0.04437892884016037
v 0.00242174556478858 -0.018588753417134285 0.04437892884016037
v 0.0019593278411775827 -0.01696350798010826 0.04266870766878128
v 0.0019593278411775827 -0.01696350798010826 0.04266870766878128
v 0.0019593278411775827 -0.01696350798010826 0.04266870766878128
v 0.0019593278411775827 -0.01696350798010826 0.04266870766878128
v 0.0017270736861974 -0.017227528616786003 0.041862063109874725
v 0.0017270736861974 -0.017227528616786003 0.041862063109874725
v 0.0017270736861974 -0.017227528616786003 0.041862063109874725
v 0.0017270736861974 -0.017227528616786003 0.041862063109874725
v 0.0015566068468615413 -0.017875881865620613 0.041292037814855576
v 0.0015566068468615413 -0.017875881865620613 0.041292037814855576
v 0.0015566068468615413 -0.017875881865620613 0.041292037814855576
v 0.0015566068468615413 -0.017875881865620613 0.041292037814855576
v 0.0014935985673218966 -0.01873481273651123 0.04111133888363838
v 0.0014935985673218966 -0.01873481273651123 0.04111133888363838
v 0.0014935985673218966 -0.01873481273651123 0.04111133888363838
v 0.0014935985673218966 -0.01873481273651123 0.04111133888363838
v 0.0015549317467957735 -0.019574139267206192 0.04136839509010315
v 0.0015549317467957735 -0.019574139267206192 0.04136839509010315
v 0.0015549317467957735 -0.019574139267206192 0.04136839509010315
v 0.0015549317467957735 -0.019574139267206192 0.04136839509010315
v 0.0017241773894056678 -0.020169047638773918 0.04199434071779251
v 0.0017241773894056678 -0.020169047638773918 0.04199434071779251
v 0.0017241773894056678 -0.020169047638773918 0.04199434071779251
v 0.0017241773894056678 -0.020169047638773918 0.04199434071779251
v 0.0019559927750378847 -0.020360060036182404 0.042821478098630905
v 0.0019559927750378847 -0.020360060036182404 0.042821478098630905
v 0.0019559927750378847 -0.020360060036182404 0.042821478098630905
v 0.0019559927750378847 -0.020360060036182404 0.042821478098630905
v 0.00218826811760664 -0.020096030086278915 0.04362819343805313
v 0.00218826811760664 -0.020096030086278915 0.04362819343805313
v 0.00218826811760664 -0.020096030086278915 0.04362819343805313
v 0.00218826811760664 -0.020096030086278915 0.04362819343805313
v 0.002358737401664257 -0.019447684288024902 0.044198233634233475
v 0.002358737401664257 -0.019447684288024902 0.044198233634233475
v 0.002358737401664257 -0.019447684288024902 0.044198233634233475
v 0.002358737401664257 -0.019447684288024902 0.044198233634233475
v 0.009700082242488861 -0.013928252272307873 -0.012098921462893486
v 0.009700082242488861 -0.013928252272307873 -0.012098921462893486
v 0.009724656119942665 0.011046466417610645 -0.013222048990428448
v 0.009724656119942665 0.011046466417610645 -0.013222048990428448
v 0.009724656119942665 0.011046466417610645 -0.013222048990428448
v -0.009524054825305939 0.0028192405588924885 -0.00738687627017498
v -0.009524054825305939 0.0028192405588924885 -0.00738687627017498
v -0.009524054825305939 0.0028192405588924885 -0.00738687627017498
v -0.009524054825305939 0.0028192405588924885 -0.00738687627017498
v -0.009531917050480843 -0.005172695964574814 -0.007027468178421259
v -0.009531917050480843 -0.005172695964574814 -0.007027468178421259
v -0.009531917050480843 -0.005172695964574814 -0.007027468178421259
v -0.009531917050480843 -0.005172695964574814 -0.007027468178421259
v -0.009531917050480843 -0.005172695964574814 -0.007027468178421259
v -0.006088024936616421 0.002772063482552767 -0.008360760286450386
v -0.006088024936616421 0.002772063482552767 -0.008360760286450386
v -0.006088024936616421 0.002772063482552767 -0.008360760286450386
v -0.006095886696130037 -0.0052198730409145355 -0.008001351729035378
v -0.006095886696130037 -0.0052198730409145355 -0.008001351729035378
v -0.006095886696130037 -0.0052198730409145355 -0.008001351729035378
v 0.005653373431414366 0.016712356358766556 -0.04619802534580231
v 0.005653373431414366 0.016712356358766556 -0.04619802534580231
v 0.005653373431414366 0.016712356358766556 -0.04619802534580231
v 0.0061264075338840485 0.017050690948963165 -0.04454546794295311
v 0.0061264075338840485 0.017050690948963165 -0.04454546794295311
v 0.00659048929810524 0.016707057133316994 -0.04289146140217781
v 0.00659048929810524 0.016707057133316994 -0.04289146140217781
v 0.00659048929810524 0.016707057133316994 -0.04289146140217781
v 0.00659048929810524 0.016707057133316994 -0.04289146140217781
v 0.0032894418109208345 -0.005485686007887125 -0.05346306413412094
v 0.0032894418109208345 -0.005485686007887125 -0.05346306413412094
v 0.0032894418109208345 -0.005485686007887125 -0.05346306413412094
v 0.003042269730940461 -0.004029750823974609 -0.05440565571188927
v 0.003042269730940461 -0.004029750823974609 -0.05440565571188927
v 0.003042269730940461 -0.004029750823974609 -0.05440565571188927
v 0.003674236359074712 -0.006459261290729046 -0.052058279514312744
v 0.003674236359074712 -0.006459261290729046 -0.052058279514312744
v 0.003674236359074712 -0.006459261290729046 -0.052058279514312744
v 0.0029806201346218586 -0.003128638258203864 -0.05466681718826294
v 0.0029806201346218586 -0.003128638258203864 -0.05466681718826294
v 0.0029806201346218586 -0.003128638258203864 -0.05466681718826294
v 0.0029806201346218586 -0.003128638258203864 -0.05466681718826294
v 0.008834302425384521 -0.014466214925050735 -0.03346480056643486
v 0.008834302425384521 -0.014466214925050735 -0.03346480056643486
v 0.008834302425384521 -0.014466214925050735 -0.03346480056643486
v 0.009345496073365211 -0.013005098327994347 -0.03173200413584709
v 0.009345496073365211 -0.013005098327994347 -0.03173200413584709
v 0.009345496073365211 -0.013005098327994347 -0.03173200413584709
v 0.009353040717542171 -0.01480568666011095 -0.031618159264326096
v 0.009353040717542171 -0.01480568666011095 -0.031618159264326096
v 0.009832248091697693 -0.013242801651358604 -0.030003143474459648
v 0.009832248091697693 -0.013242801651358604 -0.030003143474459648
v 0.013145229779183865 -0.014209026470780373 -0.018267566338181496
v 0.013145229779183865 -0.014209026470780373 -0.018267566338181496
v 0.010297609493136406 -0.012550662271678448 -0.0283947940915823
v 0.010297609493136406 -0.012550662271678448 -0.0283947940915823
v 0.010616878047585487 -0.011114141903817654 -0.027337949723005295
v 0.010616878047585487 -0.011114141903817654 -0.027337949723005295
v 0.0054220715537667274 0.01626577228307724 -0.0469924621284008
v 0.0054220715537667274 0.01626577228307724 -0.0469924621284008
v 0.0054220715537667274 0.01626577228307724 -0.0469924621284008
v 0.0054220715537667274 0.01626577228307724 -0.0469924621284008
v 0.010371405631303787 0.01084012072533369 -0.029267529025673866
v 0.010371405631303787 0.01084012072533369 -0.029267529025673866
v 0.011786937713623047 0.006389263551682234 -0.024057677015662193
v 0.011786937713623047 0.006389263551682234 -0.024057677015662193
v 0.011786937713623047 0.006389263551682234 -0.024057677015662193
v 0.01100542675703764 0.010425135493278503 -0.027010489255189896
v 0.01100542675703764 0.010425135493278503 -0.027010489255189896
v 0.013169803656637669 0.01076569315046072 -0.019390691071748734
v 0.013169803656637669 0.01076569315046072 -0.019390691071748734
v 0.012244501151144505 0.0018154446734115481 -0.022221749648451805
v 0.012244501151144505 0.0018154446734115481 -0.022221749648451805
v 0.012332150712609291 0.003611359978094697 -0.021999502554535866
v 0.012332150712609291 0.003611359978094697 -0.021999502554535866
v 0.012164670042693615 0.005285501480102539 -0.02267150580883026
v 0.012164670042693615 0.005285501480102539 -0.02267150580883026
v -0.0002984430466312915 0.010950612835586071 -0.015573346987366676
v -0.0002984430466312915 0.010950612835586071 -0.015573346987366676
v -0.0003230176807846874 -0.014024106785655022 -0.014450222253799438
v -0.0003230176807846874 -0.014024106785655022 -0.014450222253799438
v -0.00991861056536436 0.011082698591053486 -0.01284667570143938
v -0.00991861056536436 0.011082698591053486 -0.01284667570143938
v -0.00994318537414074 -0.013892021030187607 -0.011723550967872143
v -0.00994318537414074 -0.013892021030187607 -0.011723550967872143
v -0.003028321545571089 0.016200922429561615 -0.04563033580780029
v -0.003028321545571089 0.016200922429561615 -0.04563033580780029
v 0.0051263440400362015 0.01718129776418209 -0.04624634608626366
v 0.0051263440400362015 0.01718129776418209 -0.04624634608626366
v 0.004677577409893274 0.01612921990454197 -0.04777870699763298
v 0.004677577409893274 0.01612921990454197 -0.04777870699763298
v 0.004677577409893274 0.01612921990454197 -0.04777870699763298
v 0.004677577409893274 0.01612921990454197 -0.04777870699763298
v 0.002994055626913905 0.016152335330843925 -0.04730154201388359
v 0.002994055626913905 0.016152335330843925 -0.04730154201388359
v 0.002994055626913905 0.016152335330843925 -0.04730154201388359
v 0.005651937332004309 0.017557207494974136 -0.04441017284989357
v 0.005651937332004309 0.017557207494974136 -0.04441017284989357
v -0.002045355038717389 0.017662908881902695 -0.04223307967185974
v -0.002045355038717389 0.017662908881902695 -0.04223307967185974
v -0.0025720205157995224 0.017283642664551735 -0.04407287389039993
v -0.0025720205157995224 0.017283642664551735 -0.04407287389039993
v 0.0029842492658644915 0.0161183699965477 -0.047334495931863785
v 0.0029842492658644915 0.0161183699965477 -0.047334495931863785
v 0.0029842492658644915 0.0161183699965477 -0.047334495931863785
v 0.0029842492658644915 0.0161183699965477 -0.047334495931863785
v 0.0006688709836453199 -0.002318537561222911 -0.05461042746901512
v 0.0006688709836453199 -0.002318537561222911 -0.05461042746901512
v 0.0006688709836453199 -0.002318537561222911 -0.05461042746901512
v 0.0006688709836453199 -0.002318537561222911 -0.05461042746901512
v 0.0006688709836453199 -0.002318537561222911 -0.05461042746901512
v 0.002352392766624689 -0.002341652289032936 -0.05508759245276451
v 0.002352392766624689 -0.002341652289032936 -0.05508759245276451
v 0.002352392766624689 -0.002341652289032936 -0.05508759245276451
v 0.002352392766624689 -0.002341652289032936 -0.05508759245276451
v 0.0024328965228050947 -0.004214998800307512 -0.05471280962228775
v 0.0024328965228050947 -0.004214998800307512 -0.05471280962228775
v 0.000669426575768739 -0.0022702571004629135 -0.054610803723335266
v 0.000669426575768739 -0.0022702571004629135 -0.054610803723335266
v 0.000669426575768739 -0.0022702571004629135 -0.054610803723335266
v 0.000669426575768739 -0.0022702571004629135 -0.054610803723335266
v -0.00526402285322547 -0.004101176746189594 -0.0525347962975502
v -0.00526402285322547 -0.004101176746189594 -0.0525347962975502
v -0.00526402285322547 -0.004101176746189594 -0.0525347962975502
v -0.005343144293874502 -0.0021877039689570665 -0.052906643599271774
v -0.005343144293874502 -0.0021877039689570665 -0.052906643599271774
v 0.002707525622099638 -0.0058326637372374535 -0.05366550758481026
v 0.002707525622099638 -0.0058326637372374535 -0.05366550758481026
v 0.002707525622099638 -0.0058326637372374535 -0.05366550758481026
v 0.002707525622099638 -0.0058326637372374535 -0.05366550758481026
v -0.004989385139197111 -0.005723861977458 -0.05148722231388092
v -0.004989385139197111 -0.005723861977458 -0.05148722231388092
v -0.004989385139197111 -0.005723861977458 -0.05148722231388092
v -0.013519980013370514 0.011276268400251865 -0.008620715700089931
v -0.013519980013370514 0.011276268400251865 -0.008620715700089931
v -0.013519980013370514 0.011276268400251865 -0.008620715700089931
v -0.013544554822146893 -0.013698451220989227 -0.007497589569538832
v -0.013544554822146893 -0.013698451220989227 -0.007497589569538832
v -0.012920117005705833 0.011192329227924347 -0.0104752192273736
v -0.012920117005705833 0.011192329227924347 -0.0104752192273736
v -0.012920117005705833 0.011192329227924347 -0.0104752192273736
v -0.012944688089191914 -0.013782473281025887 -0.009352078661322594
v -0.012944688089191914 -0.013782473281025887 -0.009352078661322594
v -0.012944688089191914 -0.013782473281025887 -0.009352078661322594
v -0.012944688089191914 -0.013782473281025887 -0.009352078661322594
v -0.011655463837087154 0.011124329641461372 -0.011959164403378963
v -0.011655463837087154 0.011124329641461372 -0.011959164403378963
v -0.011655463837087154 0.011124329641461372 -0.011959164403378963
v -0.011655463837087154 0.011124329641461372 -0.011959164403378963
v -0.01168003398925066 -0.013850472867488861 -0.010836021974682808
v -0.01168003398925066 -0.013850472867488861 -0.010836021974682808
v -0.01168003398925066 -0.013850472867488861 -0.010836021974682808
v 0.003302924335002899 0.010757037438452244 -0.019799314439296722
v 0.003302924335002899 0.010757037438452244 -0.019799314439296722
v 0.003302924335002899 0.010757037438452244 -0.019799314439296722
v 0.0032783609349280596 -0.014217709191143513 -0.0186761487275362
v 0.0032783609349280596 -0.014217709191143513 -0.0186761487275362
v 0.0032783609349280596 -0.014217709191143513 -0.0186761487275362
v 0.0032783609349280596 -0.014217709191143513 -0.0186761487275362
v 0.0027030056808143854 0.010840983130037785 -0.017944786697626114
v 0.0027030056808143854 0.010840983130037785 -0.017944786697626114
v 0.0026784311048686504 -0.014133736491203308 -0.016821661964058876
v 0.0026784311048686504 -0.014133736491203308 -0.016821661964058876
v 0.001438409206457436 0.010908976197242737 -0.01646086573600769
v 0.001438409206457436 0.010908976197242737 -0.01646086573600769
v 0.0014138328842818737 -0.014065736904740334 -0.01533774845302105
v 0.0014138328842818737 -0.014065736904740334 -0.01533774845302105
v 0.013326013460755348 0.010852891020476818 -0.01744801364839077
v 0.013326013460755348 0.010852891020476818 -0.01744801364839077
v 0.013326013460755348 0.010852891020476818 -0.01744801364839077
v 0.013301439583301544 -0.014121828600764275 -0.016324887052178383
v 0.013301439583301544 -0.014121828600764275 -0.016324887052178383
v 0.013301439583301544 -0.014121828600764275 -0.016324887052178383
v 0.012726085260510445 0.010936863720417023 -0.015593525022268295
v 0.012726085260510445 0.010936863720417023 -0.015593525022268295
v 0.012726085260510445 0.010936863720417023 -0.015593525022268295
v 0.012701507657766342 -0.014037849381566048 -0.014470409601926804
v 0.012701507657766342 -0.014037849381566048 -0.014470409601926804
v 0.011461487039923668 0.011004870757460594 -0.01410960778594017
v 0.011461487039923668 0.011004870757460594 -0.01410960778594017
v 0.011436926200985909 -0.013969882391393185 -0.012986431829631329
v 0.011436926200985909 -0.013969882391393185 -0.012986431829631329
v -0.010655052028596401 0.013339987024664879 0.0009494218393228948
v -0.010655052028596401 0.013339987024664879 0.0009494218393228948
v -0.008195312693715096 0.012367037124931812 -0.0013275528326630592
v -0.008195312693715096 0.012367037124931812 -0.0013275528326630592
v -0.008195312693715096 0.012367037124931812 -0.0013275528326630592
v -0.008631713688373566 0.01203148253262043 -0.002850995631888509
v -0.008631713688373566 0.01203148253262043 -0.002850995631888509
v -0.008631713688373566 0.01203148253262043 -0.002850995631888509
v -0.00863378681242466 0.01203111931681633 -0.0028582923114299774
v -0.00863378681242466 0.01203111931681633 -0.0028582923114299774
v -0.0077499342150986195 0.013361459597945213 0.00019564744434319437
v -0.0077499342150986195 0.013361459597945213 0.00019564744434319437
v -0.01106189377605915 0.012434639036655426 -0.0004421284538693726
v -0.01106189377605915 0.012434639036655426 -0.0004421284538693726
v -0.007777838502079248 -0.014995183795690536 0.0014708518283441663
v -0.007777838502079248 -0.014995183795690536 0.0014708518283441663
v -0.010682840831577778 -0.014900458976626396 0.0022194059565663338
v -0.010682840831577778 -0.014900458976626396 0.0022194059565663338
v -0.011088031344115734 -0.01412287075072527 0.000752155901864171
v -0.011088031344115734 -0.01412287075072527 0.000752155901864171
v -0.008659341372549534 -0.013942650519311428 -0.001690229051746428
v -0.008659341372549534 -0.013942650519311428 -0.001690229051746428
v -0.008657277561724186 -0.013942338526248932 -0.0016829643864184618
v -0.008657277561724186 -0.013942338526248932 -0.0016829643864184618
v -0.008221396245062351 -0.014140646904706955 -0.00013549278082791716
v -0.008221396245062351 -0.014140646904706955 -0.00013549278082791716
v 0.011247767135500908 0.005934141576290131 -0.02410406991839409
v 0.011247767135500908 0.005934141576290131 -0.02410406991839409
v 0.011247767135500908 0.005934141576290131 -0.02410406991839409
v 0.00956424605101347 0.0059572565369307995 -0.0236269049346447
v 0.00956424605101347 0.0059572565369307995 -0.0236269049346447
v 0.00956424605101347 0.0059572565369307995 -0.0236269049346447
v 0.00956424605101347 0.0059572565369307995 -0.0236269049346447
v 0.00956424605101347 0.0059572565369307995 -0.0236269049346447
v 0.00956424605101347 0.0059572565369307995 -0.0236269049346447
v 0.00892257783561945 -0.01253673154860735 -0.03141297399997711
v 0.00892257783561945 -0.01253673154860735 -0.03141297399997711
v 0.007239056285470724 -0.012513616122305393 -0.030935807153582573
v 0.007239056285470724 -0.012513616122305393 -0.030935807153582573
v 0.007239056285470724 -0.012513616122305393 -0.030935807153582573
v 0.010012345388531685 -0.010915939696133137 -0.02764659933745861
v 0.010012345388531685 -0.010915939696133137 -0.02764659933745861
v 0.008328824304044247 -0.010892825201153755 -0.02716943435370922
v 0.008328824304044247 -0.010892825201153755 -0.02716943435370922
v 0.008328824304044247 -0.010892825201153755 -0.02716943435370922
v 0.011639978736639023 0.0020136951934546232 -0.022530367597937584
v 0.011639978736639023 0.0020136951934546232 -0.022530367597937584
v 0.00995645672082901 0.0020368099212646484 -0.022053202614188194
v 0.00995645672082901 0.0020368099212646484 -0.022053202614188194
v 0.00995645672082901 0.0020368099212646484 -0.022053202614188194
v 0.00995645672082901 0.0020368099212646484 -0.022053202614188194
v 0.00995645672082901 0.0020368099212646484 -0.022053202614188194
v 0.004482894670218229 0.010743863880634308 -0.041786663234233856
v 0.004482894670218229 0.010743863880634308 -0.041786663234233856
v 0.004482894670218229 0.010743863880634308 -0.041786663234233856
v 0.004482894670218229 0.010743863880634308 -0.041786663234233856
v 0.004482894670218229 0.010743863880634308 -0.041786663234233856
v 0.005286411847919226 -0.004352364223450422 -0.038220420479774475
v 0.005286411847919226 -0.004352364223450422 -0.038220420479774475
v 0.005286411847919226 -0.004352364223450422 -0.038220420479774475
v 0.005286411847919226 -0.004352364223450422 -0.038220420479774475
v 0.005286411847919226 -0.004352364223450422 -0.038220420479774475
v 0.0033716189209371805 -0.0017082476988434792 -0.04510422796010971
v 0.0033716189209371805 -0.0017082476988434792 -0.04510422796010971
v 0.0033716189209371805 -0.0017082476988434792 -0.04510422796010971
v 0.0033716189209371805 -0.0017082476988434792 -0.04510422796010971
v 0.0054568941704928875 -0.0037040470633655787 -0.03765033558011055
v 0.0054568941704928875 -0.0037040470633655787 -0.03765033558011055
v 0.0054568941704928875 -0.0037040470633655787 -0.03765033558011055
v 0.0054568941704928875 -0.0037040470633655787 -0.03765033558011055
v 0.0054568941704928875 -0.0037040470633655787 -0.03765033558011055
v 0.0034346424508839846 -0.0008493431378155947 -0.04492347687482834
v 0.0034346424508839846 -0.0008493431378155947 -0.04492347687482834
v 0.0034346424508839846 -0.0008493431378155947 -0.04492347687482834
v 0.0034346424508839846 -0.0008493431378155947 -0.04492347687482834
v 0.0034346424508839846 -0.0008493431378155947 -0.04492347687482834
v 0.005284752231091261 -0.006050658877938986 -0.038144007325172424
v 0.005284752231091261 -0.006050658877938986 -0.038144007325172424
v 0.005284752231091261 -0.006050658877938986 -0.038144007325172424
v 0.005284752231091261 -0.006050658877938986 -0.038144007325172424
v 0.005284752231091261 -0.006050658877938986 -0.038144007325172424
v 0.005454008001834154 -0.006645514629781246 -0.03751802816987038
v 0.005454008001834154 -0.006645514629781246 -0.03751802816987038
v 0.005454008001834154 -0.006645514629781246 -0.03751802816987038
v 0.005454008001834154 -0.006645514629781246 -0.03751802816987038
v 0.005454008001834154 -0.006645514629781246 -0.03751802816987038
v 0.004251088947057724 0.010934925638139248 -0.042613767087459564
v 0.004251088947057724 0.010934925638139248 -0.042613767087459564
v 0.004251088947057724 0.010934925638139248 -0.042613767087459564
v 0.004251088947057724 0.010934925638139248 -0.042613767087459564
v 0.004018825013190508 0.010670855641365051 -0.04342044144868851
v 0.004018825013190508 0.010670855641365051 -0.04342044144868851
v 0.004018825013190508 0.010670855641365051 -0.04342044144868851
v 0.004018825013190508 0.010670855641365051 -0.04342044144868851
v 0.004018825013190508 0.010670855641365051 -0.04342044144868851
v 0.003848344786092639 0.010022535920143127 -0.043990522623062134
v 0.003848344786092639 0.010022535920143127 -0.043990522623062134
v 0.003848344786092639 0.010022535920143127 -0.043990522623062134
v 0.003848344786092639 0.010022535920143127 -0.043990522623062134
v 0.003848344786092639 0.010022535920143127 -0.043990522623062134
v 0.003848344786092639 0.010022535920143127 -0.043990522623062134
v 0.003848344786092639 0.010022535920143127 -0.043990522623062134
v 0.006964668165892363 0.0033223936334252357 -0.03267102316021919
v 0.006964668165892363 0.0033223936334252357 -0.03267102316021919
v 0.006964668165892363 0.0033223936334252357 -0.03267102316021919
v 0.006964668165892363 0.0033223936334252357 -0.03267102316021919
v 0.006964668165892363 0.0033223936334252357 -0.03267102316021919
v 0.006964668165892363 0.0033223936334252357 -0.03267102316021919
v 0.007196932099759579 0.0035864657256752253 -0.03186434879899025
v 0.007196932099759579 0.0035864657256752253 -0.03186434879899025
v 0.007196932099759579 0.0035864657256752253 -0.03186434879899025
v 0.007196932099759579 0.0035864657256752253 -0.03186434879899025
v 0.007196932099759579 0.0035864657256752253 -0.03186434879899025
v 0.007367401383817196 0.0042348140850663185 -0.031294312328100204
v 0.007367401383817196 0.0042348140850663185 -0.031294312328100204
v 0.007367401383817196 0.0042348140850663185 -0.031294312328100204
v 0.007367401383817196 0.0042348140850663185 -0.031294312328100204
v 0.007367401383817196 0.0042348140850663185 -0.031294312328100204
v 0.007367401383817196 0.0042348140850663185 -0.031294312328100204
v 0.01003157626837492 0.0035761957988142967 -0.021862739697098732
v 0.01003157626837492 0.0035761957988142967 -0.021862739697098732
v 0.01003157626837492 0.0035761957988142967 -0.021862739697098732
v 0.01003157626837492 0.0035761957988142967 -0.021862739697098732
v 0.01003157626837492 0.0035761957988142967 -0.021862739697098732
v 0.007430409546941519 0.005093742161989212 -0.03111361712217331
v 0.007430409546941519 0.005093742161989212 -0.03111361712217331
v 0.007430409546941519 0.005093742161989212 -0.03111361712217331
v 0.007430409546941519 0.005093742161989212 -0.03111361712217331
v 0.007430409546941519 0.005093742161989212 -0.03111361712217331
v 0.00988802034407854 0.005011146422475576 -0.022438742220401764
v 0.00988802034407854 0.005011146422475576 -0.022438742220401764
v 0.00988802034407854 0.005011146422475576 -0.022438742220401764
v 0.0067357514053583145 0.006454934366047382 -0.033630430698394775
v 0.0067357514053583145 0.006454934366047382 -0.033630430698394775
v 0.0067357514053583145 0.006454934366047382 -0.033630430698394775
v 0.0067357514053583145 0.006454934366047382 -0.033630430698394775
v 0.0067357514053583145 0.006454934366047382 -0.033630430698394775
v 0.006565268617123365 0.0058066206984221935 -0.034200519323349
v 0.006565268617123365 0.0058066206984221935 -0.034200519323349
v 0.006565268617123365 0.0058066206984221935 -0.034200519323349
v 0.006565268617123365 0.0058066206984221935 -0.034200519323349
v 0.006565268617123365 0.0058066206984221935 -0.034200519323349
v 0.002972222398966551 0.0007758949650451541 -0.046633705496788025
v 0.002972222398966551 0.0007758949650451541 -0.046633705496788025
v 0.002972222398966551 0.0007758949650451541 -0.046633705496788025
v 0.002972222398966551 0.0007758949650451541 -0.046633705496788025
v 0.002972222398966551 0.0007758949650451541 -0.046633705496788025
v 0.002972222398966551 0.0007758949650451541 -0.046633705496788025
v 0.00650226091966033 0.0049476902931928635 -0.034381210803985596
v 0.00650226091966033 0.0049476902931928635 -0.034381210803985596
v 0.00650226091966033 0.0049476902931928635 -0.034381210803985596
v 0.00650226091966033 0.0049476902931928635 -0.034381210803985596
v 0.00650226091966033 0.0049476902931928635 -0.034381210803985596
v 0.00650226091966033 0.0049476902931928635 -0.034381210803985596
v 0.0032040381338447332 0.0005848793662153184 -0.04580656811594963
v 0.0032040381338447332 0.0005848793662153184 -0.04580656811594963
v 0.0032040381338447332 0.0005848793662153184 -0.04580656811594963
v 0.0032040381338447332 0.0005848793662153184 -0.04580656811594963
v 0.0032040381338447332 0.0005848793662153184 -0.04580656811594963
v 0.0027399680111557245 0.0005118727567605674 -0.04744035005569458
v 0.0027399680111557245 0.0005118727567605674 -0.04744035005569458
v 0.0027399680111557245 0.0005118727567605674 -0.04744035005569458
v 0.0027399680111557245 0.0005118727567605674 -0.04744035005569458
v 0.0038466823752969503 0.008324245922267437 -0.04391411691904068
v 0.0038466823752969503 0.008324245922267437 -0.04391411691904068
v 0.0038466823752969503 0.008324245922267437 -0.04391411691904068
v 0.0038466823752969503 0.008324245922267437 -0.04391411691904068
v 0.0038466823752969503 0.008324245922267437 -0.04391411691904068
v 0.003785335924476385 0.009163605980575085 -0.04417121782898903
v 0.003785335924476385 0.009163605980575085 -0.04417121782898903
v 0.003785335924476385 0.009163605980575085 -0.04417121782898903
v 0.003785335924476385 0.009163605980575085 -0.04417121782898903
v 0.003785335924476385 0.009163605980575085 -0.04417121782898903
v 0.004015927202999592 0.007729328703135252 -0.04328817501664162
v 0.004015927202999592 0.007729328703135252 -0.04328817501664162
v 0.004015927202999592 0.007729328703135252 -0.04328817501664162
v 0.004015927202999592 0.007729328703135252 -0.04328817501664162
v 0.004015927202999592 0.007729328703135252 -0.04328817501664162
v 0.004247742239385843 0.007538314908742905 -0.04246103763580322
v 0.004247742239385843 0.007538314908742905 -0.04246103763580322
v 0.004247742239385843 0.007538314908742905 -0.04246103763580322
v 0.004247742239385843 0.007538314908742905 -0.04246103763580322
v 0.004247742239385843 0.007538314908742905 -0.04246103763580322
v 0.005223403684794903 -0.005211292300373316 -0.03840111941099167
v 0.005223403684794903 -0.005211292300373316 -0.03840111941099167
v 0.005223403684794903 -0.005211292300373316 -0.03840111941099167
v 0.005223403684794903 -0.005211292300373316 -0.03840111941099167
v 0.0029688875656574965 -0.0026206602342426777 -0.0464809350669384
v 0.0029688875656574965 -0.0026206602342426777 -0.0464809350669384
v 0.0029688875656574965 -0.0026206602342426777 -0.0464809350669384
v 0.0029688875656574965 -0.0026206602342426777 -0.0464809350669384
v 0.0029688875656574965 -0.0026206602342426777 -0.0464809350669384
v 0.0032011496368795633 -0.002356597688049078 -0.045674264430999756
v 0.0032011496368795633 -0.002356597688049078 -0.045674264430999756
v 0.0032011496368795633 -0.002356597688049078 -0.045674264430999756
v 0.0032011496368795633 -0.002356597688049078 -0.045674264430999756
v 0.0032011496368795633 -0.002356597688049078 -0.045674264430999756
v 0.006088555324822664 -0.005924197379499674 -0.035314176231622696
v 0.006088555324822664 -0.005924197379499674 -0.035314176231622696
v 0.006088555324822664 -0.005924197379499674 -0.035314176231622696
v 0.006088555324822664 -0.005924197379499674 -0.035314176231622696
v 0.006088555324822664 -0.005924197379499674 -0.035314176231622696
v 0.006088555324822664 -0.005924197379499674 -0.035314176231622696
v 0.00813894160091877 -0.011865571141242981 -0.027792248874902725
v 0.00813894160091877 -0.011865571141242981 -0.027792248874902725
v 0.00813894160091877 -0.011865571141242981 -0.027792248874902725
v 0.00813894160091877 -0.011865571141242981 -0.027792248874902725
v 0.007369074039161205 0.005933075677603483 -0.031370677053928375
v 0.007369074039161205 0.005933075677603483 -0.031370677053928375
v 0.007369074039161205 0.005933075677603483 -0.031370677053928375
v 0.007369074039161205 0.005933075677603483 -0.031370677053928375
v 0.007369074039161205 0.005933075677603483 -0.031370677053928375
v 0.007199828512966633 0.006527983117848635 -0.031996626406908035
v 0.007199828512966633 0.006527983117848635 -0.031996626406908035
v 0.007199828512966633 0.006527983117848635 -0.031996626406908035
v 0.007199828512966633 0.006527983117848635 -0.031996626406908035
v 0.007199828512966633 0.006527983117848635 -0.031996626406908035
v 0.006968014873564243 0.006719004828482866 -0.03282375633716583
v 0.006968014873564243 0.006719004828482866 -0.03282375633716583
v 0.006968014873564243 0.006719004828482866 -0.03282375633716583
v 0.006968014873564243 0.006719004828482866 -0.03282375633716583
v 0.006968014873564243 0.006719004828482866 -0.03282375633716583
v 0.004480006173253059 0.007802387233823538 -0.04165436327457428
v 0.004480006173253059 0.007802387233823538 -0.04165436327457428
v 0.004480006173253059 0.007802387233823538 -0.04165436327457428
v 0.004480006173253059 0.007802387233823538 -0.04165436327457428
v 0.004480006173253059 0.007802387233823538 -0.04165436327457428
v 0.004650474991649389 0.008450733497738838 -0.041084326803684235
v 0.004650474991649389 0.008450733497738838 -0.041084326803684235
v 0.004650474991649389 0.008450733497738838 -0.041084326803684235
v 0.004650474991649389 0.008450733497738838 -0.041084326803684235
v 0.004650474991649389 0.008450733497738838 -0.041084326803684235
v 0.0047134836204349995 0.009309663437306881 -0.04090362787246704
v 0.0047134836204349995 0.009309663437306881 -0.04090362787246704
v 0.0047134836204349995 0.009309663437306881 -0.04090362787246704
v 0.0047134836204349995 0.009309663437306881 -0.04090362787246704
v 0.0047134836204349995 0.009309663437306881 -0.04090362787246704
v 0.004652148112654686 0.01014899741858244 -0.041160691529512405
v 0.004652148112654686 0.01014899741858244 -0.041160691529512405
v 0.004652148112654686 0.01014899741858244 -0.041160691529512405
v 0.004652148112654686 0.01014899741858244 -0.041160691529512405
v 0.004652148112654686 0.01014899741858244 -0.041160691529512405
v 0.002569490345194936 -0.0001364380877930671 -0.04801041632890701
v 0.002569490345194936 -0.0001364380877930671 -0.04801041632890701
v 0.002569490345194936 -0.0001364380877930671 -0.04801041632890701
v 0.002569490345194936 -0.0001364380877930671 -0.04801041632890701
v 0.002569490345194936 -0.0001364380877930671 -0.04801041632890701
v 0.0025064777582883835 -0.0009953692788258195 -0.0481911301612854
v 0.0025064777582883835 -0.0009953692788258195 -0.0481911301612854
v 0.0025064777582883835 -0.0009953692788258195 -0.0481911301612854
v 0.0025064777582883835 -0.0009953692788258195 -0.0481911301612854
v 0.0025064777582883835 -0.0009953692788258195 -0.0481911301612854
v 0.0025064777582883835 -0.0009953692788258195 -0.0481911301612854
v 0.0025678265374153852 -0.0018347358563914895 -0.047934018075466156
v 0.0025678265374153852 -0.0018347358563914895 -0.047934018075466156
v 0.0025678265374153852 -0.0018347358563914895 -0.047934018075466156
v 0.0025678265374153852 -0.0018347358563914895 -0.047934018075466156
v 0.0025678265374153852 -0.0018347358563914895 -0.047934018075466156
v 0.0025678265374153852 -0.0018347358563914895 -0.047934018075466156
v 0.002737071830779314 -0.0024296448100358248 -0.047308072447776794
v 0.002737071830779314 -0.0024296448100358248 -0.047308072447776794
v 0.002737071830779314 -0.0024296448100358248 -0.047308072447776794
v 0.002737071830779314 -0.0024296448100358248 -0.047308072447776794
v 0.002737071830779314 -0.0024296448100358248 -0.047308072447776794
v 0.006151553243398666 -0.005065242759883404 -0.035133522003889084
v 0.006151553243398666 -0.005065242759883404 -0.035133522003889084
v 0.006151553243398666 -0.005065242759883404 -0.035133522003889084
v 0.006151553243398666 -0.005065242759883404 -0.035133522003889084
v 0.006151553243398666 -0.005065242759883404 -0.035133522003889084
v 0.00609021820127964 -0.0042259059846401215 -0.03539058193564415
v 0.00609021820127964 -0.0042259059846401215 -0.03539058193564415
v 0.00609021820127964 -0.0042259059846401215 -0.03539058193564415
v 0.00609021820127964 -0.0042259059846401215 -0.03539058193564415
v 0.00609021820127964 -0.0042259059846401215 -0.03539058193564415
v 0.00609021820127964 -0.0042259059846401215 -0.03539058193564415
v 0.00592097407206893 -0.0036309906281530857 -0.036016520112752914
v 0.00592097407206893 -0.0036309906281530857 -0.036016520112752914
v 0.00592097407206893 -0.0036309906281530857 -0.036016520112752914
v 0.00592097407206893 -0.0036309906281530857 -0.036016520112752914
v 0.00592097407206893 -0.0036309906281530857 -0.036016520112752914
v 0.0067328535951673985 0.003513407427817583 -0.03349816054105759
v 0.0067328535951673985 0.003513407427817583 -0.03349816054105759
v 0.0067328535951673985 0.003513407427817583 -0.03349816054105759
v 0.0067328535951673985 0.003513407427817583 -0.03349816054105759
v 0.0056858123280107975 -0.006836589425802231 -0.03669092804193497
v 0.0056858123280107975 -0.006836589425802231 -0.03669092804193497
v 0.0056858123280107975 -0.006836589425802231 -0.03669092804193497
v 0.0056858123280107975 -0.006836589425802231 -0.03669092804193497
v 0.0056858123280107975 -0.006836589425802231 -0.03669092804193497
v 0.005918076261878014 -0.006572517566382885 -0.035884253680706024
v 0.005918076261878014 -0.006572517566382885 -0.035884253680706024
v 0.005918076261878014 -0.006572517566382885 -0.035884253680706024
v 0.005918076261878014 -0.006572517566382885 -0.035884253680706024
v 0.005918076261878014 -0.006572517566382885 -0.035884253680706024
v 0.005918076261878014 -0.006572517566382885 -0.035884253680706024
v 0.007549175061285496 -0.012742784805595875 -0.029830552637577057
v 0.007549175061285496 -0.012742784805595875 -0.029830552637577057
v 0.007549175061285496 -0.012742784805595875 -0.029830552637577057
v 0.007865180261433125 -0.012515168637037277 -0.02872665785253048
v 0.007865180261433125 -0.012515168637037277 -0.02872665785253048
v 0.007865180261433125 -0.012515168637037277 -0.02872665785253048
v 0.006563608534634113 0.004108324646949768 -0.03412410616874695
v 0.006563608534634113 0.004108324646949768 -0.03412410616874695
v 0.006563608534634113 0.004108324646949768 -0.03412410616874695
v 0.006563608534634113 0.004108324646949768 -0.03412410616874695
v 0.006563608534634113 0.004108324646949768 -0.03412410616874695
v 0.003373293671756983 -9.976630281016696e-06 -0.04518058896064758
v 0.003373293671756983 -9.976630281016696e-06 -0.04518058896064758
v 0.003373293671756983 -9.976630281016696e-06 -0.04518058896064758
v 0.003373293671756983 -9.976630281016696e-06 -0.04518058896064758
v 0.005689158570021391 -0.003439974971115589 -0.03684366121888161
v 0.005689158570021391 -0.003439974971115589 -0.03684366121888161
v 0.005689158570021391 -0.003439974971115589 -0.03684366121888161
v 0.005689158570021391 -0.003439974971115589 -0.03684366121888161
v 0.005689158570021391 -0.003439974971115589 -0.03684366121888161
v 0.009339801967144012 -0.012740440666675568 -0.029931064695119858
v 0.009339801967144012 -0.012740440666675568 -0.029931064695119858
v 0.009548702277243137 -0.012538283132016659 -0.02920382283627987
v 0.009548702277243137 -0.012538283132016659 -0.02920382283627987
v 0.009738675318658352 -0.012147190049290657 -0.02855250984430313
v 0.009738675318658352 -0.012147190049290657 -0.02855250984430313
v 0.009738675318658352 -0.012147190049290657 -0.02855250984430313
v 0.011715097352862358 0.0035530810710042715 -0.02233990654349327
v 0.011715097352862358 0.0035530810710042715 -0.02233990654349327
v 0.011715097352862358 0.0035530810710042715 -0.02233990654349327
v 0.011571542359888554 0.0049880314618349075 -0.022915907204151154
v 0.011571542359888554 0.0049880314618349075 -0.022915907204151154
v 0.011571542359888554 0.0049880314618349075 -0.022915907204151154
v 0.011571542359888554 0.0049880314618349075 -0.022915907204151154
v 0.00021192175336182117 -0.0008050949545577168 -0.04401005432009697
v 0.00021192175336182117 -0.0008050949545577168 -0.04401005432009697
v 0.00021192175336182117 -0.0008050949545577168 -0.04401005432009697
v 0.00021192175336182117 -0.0008050949545577168 -0.04401005432009697
v 0.00015057295968290418 3.427158299018629e-05 -0.044267162680625916
v 0.00015057295968290418 3.427158299018629e-05 -0.044267162680625916
v 0.00015057295968290418 3.427158299018629e-05 -0.044267162680625916
v 0.00015057295968290418 3.427158299018629e-05 -0.044267162680625916
v -1.8682518202695064e-05 0.0006291276076808572 -0.04489314183592796
v -1.8682518202695064e-05 0.0006291276076808572 -0.04489314183592796
v -1.8682518202695064e-05 0.0006291276076808572 -0.04489314183592796
v -1.8682518202695064e-05 0.0006291276076808572 -0.04489314183592796
v -0.0002504982694517821 0.0008201432065106928 -0.04572027921676636
v -0.0002504982694517821 0.0008201432065106928 -0.04572027921676636
v -0.0002504982694517821 0.0008201432065106928 -0.04572027921676636
v -0.0002504982694517821 0.0008201432065106928 -0.04572027921676636
v -0.0002504982694517821 0.0008201432065106928 -0.04572027921676636
v -0.0004827526572626084 0.0005561209982261062 -0.04652692377567291
v -0.0004827526572626084 0.0005561209982261062 -0.04652692377567291
v -0.0004827526572626084 0.0005561209982261062 -0.04652692377567291
v -0.0004827526572626084 0.0005561209982261062 -0.04652692377567291
v -0.0004827526572626084 0.0005561209982261062 -0.04652692377567291
v -0.0006532301777042449 -9.21898681554012e-05 -0.047096993774175644
v -0.0006532301777042449 -9.21898681554012e-05 -0.047096993774175644
v -0.0006532301777042449 -9.21898681554012e-05 -0.047096993774175644
v -0.0006532301777042449 -9.21898681554012e-05 -0.047096993774175644
v -0.000716242881026119 -0.0009511210955679417 -0.04727770388126373
v -0.000716242881026119 -0.0009511210955679417 -0.04727770388126373
v -0.000716242881026119 -0.0009511210955679417 -0.04727770388126373
v -0.000716242881026119 -0.0009511210955679417 -0.04727770388126373
v -0.0006548941018991172 -0.0017904875567182899 -0.04702059552073479
v -0.0006548941018991172 -0.0017904875567182899 -0.04702059552073479
v -0.0006548941018991172 -0.0017904875567182899 -0.04702059552073479
v -0.0006548941018991172 -0.0017904875567182899 -0.04702059552073479
v -0.0006548941018991172 -0.0017904875567182899 -0.04702059552073479
v -0.0006548941018991172 -0.0017904875567182899 -0.04702059552073479
v -0.000485648779431358 -0.002385396510362625 -0.046394649893045425
v -0.000485648779431358 -0.002385396510362625 -0.046394649893045425
v -0.000485648779431358 -0.002385396510362625 -0.046394649893045425
v -0.000485648779431358 -0.002385396510362625 -0.046394649893045425
v -0.000485648779431358 -0.002385396510362625 -0.046394649893045425
v -0.000485648779431358 -0.002385396510362625 -0.046394649893045425
v -0.0002538330154493451 -0.0025764121674001217 -0.04556750878691673
v -0.0002538330154493451 -0.0025764121674001217 -0.04556750878691673
v -0.0002538330154493451 -0.0025764121674001217 -0.04556750878691673
v -0.0002538330154493451 -0.0025764121674001217 -0.04556750878691673
v -0.0002538330154493451 -0.0025764121674001217 -0.04556750878691673
v -0.0002538330154493451 -0.0025764121674001217 -0.04556750878691673
v -2.157087146770209e-05 -0.0023123493883758783 -0.04476084187626839
v -2.157087146770209e-05 -0.0023123493883758783 -0.04476084187626839
v -2.157087146770209e-05 -0.0023123493883758783 -0.04476084187626839
v -2.157087146770209e-05 -0.0023123493883758783 -0.04476084187626839
v -2.157087146770209e-05 -0.0023123493883758783 -0.04476084187626839
v 0.00014889832527842373 -0.0016639995155856013 -0.04419080168008804
v 0.00014889832527842373 -0.0016639995155856013 -0.04419080168008804
v 0.00014889832527842373 -0.0016639995155856013 -0.04419080168008804
v 0.00014889832527842373 -0.0016639995155856013 -0.04419080168008804
v 0.00014889832527842373 -0.0016639995155856013 -0.04419080168008804
v 0.00014889832527842373 -0.0016639995155856013 -0.04419080168008804
v -0.0002551139332354069 -0.003875086782500148 -0.04550911858677864
v -0.0002551139332354069 -0.003875086782500148 -0.04550911858677864
v -0.0002551139332354069 -0.003875086782500148 -0.04550911858677864
v -0.0002551139332354069 -0.003875086782500148 -0.04550911858677864
v -0.0002551139332354069 -0.003875086782500148 -0.04550911858677864
v 0.0001547619904158637 -0.0034091160632669926 -0.04408557713031769
v 0.0001547619904158637 -0.0034091160632669926 -0.04408557713031769
v 0.0001547619904158637 -0.0034091160632669926 -0.04408557713031769
v 0.0001547619904158637 -0.0034091160632669926 -0.04408557713031769
v 0.0001547619904158637 -0.0034091160632669926 -0.04408557713031769
v 0.0001547619904158637 -0.0034091160632669926 -0.04408557713031769
v 0.0004556025960482657 -0.002265017479658127 -0.04307958483695984
v 0.0004556025960482657 -0.002265017479658127 -0.04307958483695984
v 0.0004556025960482657 -0.002265017479658127 -0.04307958483695984
v 0.0004556025960482657 -0.002265017479658127 -0.04307958483695984
v 0.0005667950608767569 -0.0007492739823646843 -0.0427607037127018
v 0.0005667950608767569 -0.0007492739823646843 -0.0427607037127018
v 0.0005667950608767569 -0.0007492739823646843 -0.0427607037127018
v 0.0005667950608767569 -0.0007492739823646843 -0.0427607037127018
v 0.0004585429560393095 0.0007319568539969623 -0.04321438819169998
v 0.0004585429560393095 0.0007319568539969623 -0.04321438819169998
v 0.0004585429560393095 0.0007319568539969623 -0.04321438819169998
v 0.0004585429560393095 0.0007319568539969623 -0.04321438819169998
v 0.00015987231745384634 0.0017817713087424636 -0.04431900754570961
v 0.00015987231745384634 0.0017817713087424636 -0.04431900754570961
v 0.00015987231745384634 0.0017817713087424636 -0.04431900754570961
v 0.00015987231745384634 0.0017817713087424636 -0.04431900754570961
v -0.00024920780560933053 0.0021188678219914436 -0.04577863961458206
v -0.00024920780560933053 0.0021188678219914436 -0.04577863961458206
v -0.00024920780560933053 0.0021188678219914436 -0.04577863961458206
v -0.00024920780560933053 0.0021188678219914436 -0.04577863961458206
v -0.00024920780560933053 0.0021188678219914436 -0.04577863961458206
v -0.0006590968696400523 0.0016529296990484 -0.047202229499816895
v -0.0006590968696400523 0.0016529296990484 -0.047202229499816895
v -0.0006590968696400523 0.0016529296990484 -0.047202229499816895
v -0.0006590968696400523 0.0016529296990484 -0.047202229499816895
v -0.000959926110226661 0.0005087890895083547 -0.04820818081498146
v -0.000959926110226661 0.0005087890895083547 -0.04820818081498146
v -0.000959926110226661 0.0005087890895083547 -0.04820818081498146
v -0.000959926110226661 0.0005087890895083547 -0.04820818081498146
v -0.0010711185168474913 -0.0010069544659927487 -0.0485270619392395
v -0.0010711185168474913 -0.0010069544659927487 -0.0485270619392395
v -0.0010711185168474913 -0.0010069544659927487 -0.0485270619392395
v -0.0010711185168474913 -0.0010069544659927487 -0.0485270619392395
v -0.0009628646657802165 -0.0024881758727133274 -0.04807337000966072
v -0.0009628646657802165 -0.0024881758727133274 -0.04807337000966072
v -0.0009628646657802165 -0.0024881758727133274 -0.04807337000966072
v -0.0009628646657802165 -0.0024881758727133274 -0.04807337000966072
v -0.0009628646657802165 -0.0024881758727133274 -0.04807337000966072
v -0.0009628646657802165 -0.0024881758727133274 -0.04807337000966072
v -0.0006641940562985837 -0.0035379903856664896 -0.04696875438094139
v -0.0006641940562985837 -0.0035379903856664896 -0.04696875438094139
v -0.0006641940562985837 -0.0035379903856664896 -0.04696875438094139
v -0.0006641940562985837 -0.0035379903856664896 -0.04696875438094139
v -0.0006641940562985837 -0.0035379903856664896 -0.04696875438094139
v -0.0006641940562985837 -0.0035379903856664896 -0.04696875438094139
v -0.002559761516749859 -0.0007063461234793067 -0.041874535381793976
v -0.002559761516749859 -0.0007063461234793067 -0.041874535381793976
v -0.002559761516749859 -0.0007063461234793067 -0.041874535381793976
v -0.002559761516749859 -0.0007063461234793067 -0.041874535381793976
v -0.002559761516749859 -0.0007063461234793067 -0.041874535381793976
v -0.002559761516749859 -0.0007063461234793067 -0.041874535381793976
v -0.002668013796210289 0.00077488471288234 -0.04232821986079216
v -0.002668013796210289 0.00077488471288234 -0.04232821986079216
v -0.002668013796210289 0.00077488471288234 -0.04232821986079216
v -0.002668013796210289 0.00077488471288234 -0.04232821986079216
v -0.002668013796210289 0.00077488471288234 -0.04232821986079216
v -0.0029666842892766 0.0018246991094201803 -0.04343283548951149
v -0.0029666842892766 0.0018246991094201803 -0.04343283548951149
v -0.0029666842892766 0.0018246991094201803 -0.04343283548951149
v -0.0029666842892766 0.0018246991094201803 -0.04343283548951149
v -0.0033757644705474377 0.0021617955062538385 -0.04489247128367424
v -0.0033757644705474377 0.0021617955062538385 -0.04489247128367424
v -0.0033757644705474377 0.0021617955062538385 -0.04489247128367424
v -0.0033757644705474377 0.0021617955062538385 -0.04489247128367424
v -0.003785653505474329 0.0016958576161414385 -0.04631606116890907
v -0.003785653505474329 0.0016958576161414385 -0.04631606116890907
v -0.003785653505474329 0.0016958576161414385 -0.04631606116890907
v -0.003785653505474329 0.0016958576161414385 -0.04631606116890907
v -0.0040864828042685986 0.0005517169483937323 -0.04732201248407364
v -0.0040864828042685986 0.0005517169483937323 -0.04732201248407364
v -0.0040864828042685986 0.0005517169483937323 -0.04732201248407364
v -0.00419767526909709 -0.0009640266071073711 -0.04764089360833168
v -0.00419767526909709 -0.0009640266071073711 -0.04764089360833168
v -0.00419767526909709 -0.0009640266071073711 -0.04764089360833168
v -0.00419767526909709 -0.0009640266071073711 -0.04764089360833168
v -0.00408942112699151 -0.0024452481884509325 -0.0471872016787529
v -0.00408942112699151 -0.0024452481884509325 -0.0471872016787529
v -0.00408942112699151 -0.0024452481884509325 -0.0471872016787529
v -0.00408942112699151 -0.0024452481884509325 -0.0471872016787529
v -0.0037907506339251995 -0.003495062468573451 -0.04608258605003357
v -0.0037907506339251995 -0.003495062468573451 -0.04608258605003357
v -0.0037907506339251995 -0.003495062468573451 -0.04608258605003357
v -0.0037907506339251995 -0.003495062468573451 -0.04608258605003357
v -0.0033816704526543617 -0.0038321588654071093 -0.04462295025587082
v -0.0033816704526543617 -0.0038321588654071093 -0.04462295025587082
v -0.0033816704526543617 -0.0038321588654071093 -0.04462295025587082
v -0.0033816704526543617 -0.0038321588654071093 -0.04462295025587082
v -0.0029717946890741587 -0.003366188146173954 -0.043199408799409866
v -0.0029717946890741587 -0.003366188146173954 -0.043199408799409866
v -0.0029717946890741587 -0.003366188146173954 -0.043199408799409866
v -0.0029717946890741587 -0.003366188146173954 -0.043199408799409866
v -0.00267095398157835 -0.0022220895625650883 -0.04219341278076172
v -0.00267095398157835 -0.0022220895625650883 -0.04219341278076172
v -0.00267095398157835 -0.0022220895625650883 -0.04219341278076172
v -0.00267095398157835 -0.0022220895625650883 -0.04219341278076172
v 0.002928832545876503 -0.005020994693040848 -0.034220095723867416
v 0.002928832545876503 -0.005020994693040848 -0.034220095723867416
v 0.002928832545876503 -0.005020994693040848 -0.034220095723867416
v 0.002928832545876503 -0.005020994693040848 -0.034220095723867416
v 0.002928832545876503 -0.005020994693040848 -0.034220095723867416
v 0.0028674977365881205 -0.004181657452136278 -0.03447715565562248
v 0.0028674977365881205 -0.004181657452136278 -0.03447715565562248
v 0.0028674977365881205 -0.004181657452136278 -0.03447715565562248
v 0.0028674977365881205 -0.004181657452136278 -0.03447715565562248
v 0.0028674977365881205 -0.004181657452136278 -0.03447715565562248
v 0.00269825360737741 -0.003586742328479886 -0.035103097558021545
v 0.00269825360737741 -0.003586742328479886 -0.035103097558021545
v 0.00269825360737741 -0.003586742328479886 -0.035103097558021545
v 0.00269825360737741 -0.003586742328479886 -0.035103097558021545
v 0.00269825360737741 -0.003586742328479886 -0.035103097558021545
v 0.00269825360737741 -0.003586742328479886 -0.035103097558021545
v 0.002466437639668584 -0.003395726904273033 -0.03593023493885994
v 0.002466437639668584 -0.003395726904273033 -0.03593023493885994
v 0.002466437639668584 -0.003395726904273033 -0.03593023493885994
v 0.002466437639668584 -0.003395726904273033 -0.03593023493885994
v 0.002466437639668584 -0.003395726904273033 -0.03593023493885994
v 0.002466437639668584 -0.003395726904273033 -0.03593023493885994
v 0.0022341737058013678 -0.003659798763692379 -0.03673690930008888
v 0.0022341737058013678 -0.003659798763692379 -0.03673690930008888
v 0.0022341737058013678 -0.003659798763692379 -0.03673690930008888
v 0.0022341737058013678 -0.003659798763692379 -0.03673690930008888
v 0.002063691383227706 -0.004308116156607866 -0.037306997925043106
v 0.002063691383227706 -0.004308116156607866 -0.037306997925043106
v 0.002063691383227706 -0.004308116156607866 -0.037306997925043106
v 0.002063691383227706 -0.004308116156607866 -0.037306997925043106
v 0.002063691383227706 -0.004308116156607866 -0.037306997925043106
v 0.0020006829872727394 -0.00516704423353076 -0.03748769313097
v 0.0020006829872727394 -0.00516704423353076 -0.03748769313097
v 0.0020006829872727394 -0.00516704423353076 -0.03748769313097
v 0.0020006829872727394 -0.00516704423353076 -0.03748769313097
v 0.0020006829872727394 -0.00516704423353076 -0.03748769313097
v 0.0020006829872727394 -0.00516704423353076 -0.03748769313097
v 0.002062031766399741 -0.0060064103454351425 -0.037230584770441055
v 0.002062031766399741 -0.0060064103454351425 -0.037230584770441055
v 0.002062031766399741 -0.0060064103454351425 -0.037230584770441055
v 0.002062031766399741 -0.0060064103454351425 -0.037230584770441055
v 0.002062031766399741 -0.0060064103454351425 -0.037230584770441055
v 0.002062031766399741 -0.0060064103454351425 -0.037230584770441055
v 0.0022312873043119907 -0.00660126656293869 -0.03660460561513901
v 0.0022312873043119907 -0.00660126656293869 -0.03660460561513901
v 0.0022312873043119907 -0.00660126656293869 -0.03660460561513901
v 0.0022312873043119907 -0.00660126656293869 -0.03660460561513901
v 0.0022312873043119907 -0.00660126656293869 -0.03660460561513901
v 0.0022312873043119907 -0.00660126656293869 -0.03660460561513901
v 0.002463091630488634 -0.006792341358959675 -0.0357775017619133
v 0.002463091630488634 -0.006792341358959675 -0.0357775017619133
v 0.002463091630488634 -0.006792341358959675 -0.0357775017619133
v 0.002463091630488634 -0.006792341358959675 -0.0357775017619133
v 0.0026953555643558502 -0.006528269499540329 -0.03497082740068436
v 0.0026953555643558502 -0.006528269499540329 -0.03497082740068436
v 0.0026953555643558502 -0.006528269499540329 -0.03497082740068436
v 0.0028658348601311445 -0.005879949312657118 -0.03440075367689133
v 0.0028658348601311445 -0.005879949312657118 -0.03440075367689133
v 0.0028658348601311445 -0.005879949312657118 -0.03440075367689133
v 0.0028658348601311445 -0.005879949312657118 -0.03440075367689133
v 0.0028658348601311445 -0.005879949312657118 -0.03440075367689133
v 0.0024618119932711124 -0.00809101015329361 -0.03571910783648491
v 0.0024618119932711124 -0.00809101015329361 -0.03571910783648491
v 0.0024618119932711124 -0.00809101015329361 -0.03571910783648491
v 0.0024618119932711124 -0.00809101015329361 -0.03571910783648491
v 0.0028716858942061663 -0.0076250298880040646 -0.03429557383060455
v 0.0028716858942061663 -0.0076250298880040646 -0.03429557383060455
v 0.0028716858942061663 -0.0076250298880040646 -0.03429557383060455
v 0.0028716858942061663 -0.0076250298880040646 -0.03429557383060455
v 0.0028716858942061663 -0.0076250298880040646 -0.03429557383060455
v 0.003172526601701975 -0.006480931304395199 -0.033289577811956406
v 0.003172526601701975 -0.006480931304395199 -0.033289577811956406
v 0.003172526601701975 -0.006480931304395199 -0.033289577811956406
v 0.003172526601701975 -0.006480931304395199 -0.033289577811956406
v 0.003172526601701975 -0.006480931304395199 -0.033289577811956406
v 0.0032837213948369026 -0.004965194035321474 -0.03297068923711777
v 0.0032837213948369026 -0.004965194035321474 -0.03297068923711777
v 0.0032837213948369026 -0.004965194035321474 -0.03297068923711777
v 0.0032837213948369026 -0.004965194035321474 -0.03297068923711777
v 0.0032837213948369026 -0.004965194035321474 -0.03297068923711777
v 0.003175469348207116 -0.0034839629661291838 -0.03342437744140625
v 0.003175469348207116 -0.0034839629661291838 -0.03342437744140625
v 0.003175469348207116 -0.0034839629661291838 -0.03342437744140625
v 0.003175469348207116 -0.0034839629661291838 -0.03342437744140625
v 0.003175469348207116 -0.0034839629661291838 -0.03342437744140625
v 0.0028767988551408052 -0.0024341484531760216 -0.03452899307012558
v 0.0028767988551408052 -0.0024341484531760216 -0.03452899307012558
v 0.0028767988551408052 -0.0024341484531760216 -0.03452899307012558
v 0.0028767988551408052 -0.0024341484531760216 -0.03452899307012558
v 0.0028767988551408052 -0.0024341484531760216 -0.03452899307012558
v 0.0028767988551408052 -0.0024341484531760216 -0.03452899307012558
v 0.0024677168112248182 -0.0020970613695681095 -0.03598863258957863
v 0.0024677168112248182 -0.0020970613695681095 -0.03598863258957863
v 0.0024677168112248182 -0.0020970613695681095 -0.03598863258957863
v 0.0024677168112248182 -0.0020970613695681095 -0.03598863258957863
v 0.0024677168112248182 -0.0020970613695681095 -0.03598863258957863
v 0.0020578426774591208 -0.0025630227755755186 -0.037412166595458984
v 0.0020578426774591208 -0.0025630227755755186 -0.037412166595458984
v 0.0020578426774591208 -0.0025630227755755186 -0.037412166595458984
v 0.0020578426774591208 -0.0025630227755755186 -0.037412166595458984
v 0.0017570003401488066 -0.0037071306724101305 -0.03841817006468773
v 0.0017570003401488066 -0.0037071306724101305 -0.03841817006468773
v 0.0017570003401488066 -0.0037071306724101305 -0.03841817006468773
v 0.0017570003401488066 -0.0037071306724101305 -0.03841817006468773
v 0.0017570003401488066 -0.0037071306724101305 -0.03841817006468773
v 0.0016458078753203154 -0.005222874227911234 -0.03873704746365547
v 0.0016458078753203154 -0.005222874227911234 -0.03873704746365547
v 0.0016458078753203154 -0.005222874227911234 -0.03873704746365547
v 0.0016458078753203154 -0.005222874227911234 -0.03873704746365547
v 0.0016458078753203154 -0.005222874227911234 -0.03873704746365547
v 0.0017540574772283435 -0.0067040990106761456 -0.038283370435237885
v 0.0017540574772283435 -0.0067040990106761456 -0.038283370435237885
v 0.0017540574772283435 -0.0067040990106761456 -0.038283370435237885
v 0.0017540574772283435 -0.0067040990106761456 -0.038283370435237885
v 0.0017540574772283435 -0.0067040990106761456 -0.038283370435237885
v 0.0017540574772283435 -0.0067040990106761456 -0.038283370435237885
v 0.0020527306478470564 -0.007753919344395399 -0.03717874735593796
v 0.0020527306478470564 -0.007753919344395399 -0.03717874735593796
v 0.0020527306478470564 -0.007753919344395399 -0.03717874735593796
v 0.0020527306478470564 -0.007753919344395399 -0.03717874735593796
v 0.0020527306478470564 -0.007753919344395399 -0.03717874735593796
v 0.00015716486086603254 -0.0049222661182284355 -0.032084520906209946
v 0.00015716486086603254 -0.0049222661182284355 -0.032084520906209946
v 0.00015716486086603254 -0.0049222661182284355 -0.032084520906209946
v 0.00015716486086603254 -0.0049222661182284355 -0.032084520906209946
v 4.8912770580500364e-05 -0.003441035049036145 -0.03253820538520813
v 4.8912770580500364e-05 -0.003441035049036145 -0.03253820538520813
v 4.8912770580500364e-05 -0.003441035049036145 -0.03253820538520813
v 4.8912770580500364e-05 -0.003441035049036145 -0.03253820538520813
v -0.00024975783890113235 -0.0023912207689136267 -0.03364282473921776
v -0.00024975783890113235 -0.0023912207689136267 -0.03364282473921776
v -0.00024975783890113235 -0.0023912207689136267 -0.03364282473921776
v -0.00024975783890113235 -0.0023912207689136267 -0.03364282473921776
v -0.0006588397664017975 -0.0020541336853057146 -0.03510246425867081
v -0.0006588397664017975 -0.0020541336853057146 -0.03510246425867081
v -0.0006588397664017975 -0.0020541336853057146 -0.03510246425867081
v -0.0006588397664017975 -0.0020541336853057146 -0.03510246425867081
v -0.001068713841959834 -0.0025200950913131237 -0.03652599826455116
v -0.001068713841959834 -0.0025200950913131237 -0.03652599826455116
v -0.001068713841959834 -0.0025200950913131237 -0.03652599826455116
v -0.001068713841959834 -0.0025200950913131237 -0.03652599826455116
v -0.00136955629568547 -0.0036642029881477356 -0.03753199800848961
v -0.00136955629568547 -0.0036642029881477356 -0.03753199800848961
v -0.00136955629568547 -0.0036642029881477356 -0.03753199800848961
v -0.00136955629568547 -0.0036642029881477356 -0.03753199800848961
v -0.0014807487605139613 -0.005179946310818195 -0.03785087913274765
v -0.0014807487605139613 -0.005179946310818195 -0.03785087913274765
v -0.0014807487605139613 -0.005179946310818195 -0.03785087913274765
v -0.0014807487605139613 -0.005179946310818195 -0.03785087913274765
v -0.0013724991586059332 -0.006661171093583107 -0.03739720210433006
v -0.0013724991586059332 -0.006661171093583107 -0.03739720210433006
v -0.0013724991586059332 -0.006661171093583107 -0.03739720210433006
v -0.0013724991586059332 -0.006661171093583107 -0.03739720210433006
v -0.0010738259879872203 -0.007710991892963648 -0.036292579025030136
v -0.0010738259879872203 -0.007710991892963648 -0.036292579025030136
v -0.0010738259879872203 -0.007710991892963648 -0.036292579025030136
v -0.0010738259879872203 -0.007710991892963648 -0.036292579025030136
v -0.0006647447007708251 -0.008048081770539284 -0.03483293950557709
v -0.0006647447007708251 -0.008048081770539284 -0.03483293950557709
v -0.0006647447007708251 -0.008048081770539284 -0.03483293950557709
v -0.0006647447007708251 -0.008048081770539284 -0.03483293950557709
v -0.00025487065431661904 -0.007582101970911026 -0.03340940549969673
v -0.00025487065431661904 -0.007582101970911026 -0.03340940549969673
v -0.00025487065431661904 -0.007582101970911026 -0.03340940549969673
v -0.00025487065431661904 -0.007582101970911026 -0.03340940549969673
v 4.596994403982535e-05 -0.00643800338730216 -0.032403409481048584
v 4.596994403982535e-05 -0.00643800338730216 -0.032403409481048584
v 4.596994403982535e-05 -0.00643800338730216 -0.032403409481048584
v 4.596994403982535e-05 -0.00643800338730216 -0.032403409481048584
v 0.004207689315080643 0.005137990228831768 -0.03020019270479679
v 0.004207689315080643 0.005137990228831768 -0.03020019270479679
v 0.004207689315080643 0.005137990228831768 -0.03020019270479679
v 0.004207689315080643 0.005137990228831768 -0.03020019270479679
v 0.004146353341639042 0.0059773242101073265 -0.030457254499197006
v 0.004146353341639042 0.0059773242101073265 -0.030457254499197006
v 0.004146353341639042 0.0059773242101073265 -0.030457254499197006
v 0.004146353341639042 0.0059773242101073265 -0.030457254499197006
v 0.004146353341639042 0.0059773242101073265 -0.030457254499197006
v 0.004146353341639042 0.0059773242101073265 -0.030457254499197006
v 0.0039771078154444695 0.006572231650352478 -0.031083200126886368
v 0.0039771078154444695 0.006572231650352478 -0.031083200126886368
v 0.0039771078154444695 0.006572231650352478 -0.031083200126886368
v 0.0039771078154444695 0.006572231650352478 -0.031083200126886368
v 0.0039771078154444695 0.006572231650352478 -0.031083200126886368
v 0.0039771078154444695 0.006572231650352478 -0.031083200126886368
v 0.0037452944088727236 0.006763252895325422 -0.031910330057144165
v 0.0037452944088727236 0.006763252895325422 -0.031910330057144165
v 0.0037452944088727236 0.006763252895325422 -0.031910330057144165
v 0.0037452944088727236 0.006763252895325422 -0.031910330057144165
v 0.0037452944088727236 0.006763252895325422 -0.031910330057144165
v 0.003513030707836151 0.006499182432889938 -0.03271700441837311
v 0.003513030707836151 0.006499182432889938 -0.03271700441837311
v 0.003513030707836151 0.006499182432889938 -0.03271700441837311
v 0.003513030707836151 0.006499182432889938 -0.03271700441837311
v 0.003342547919601202 0.0058508687652647495 -0.03328709304332733
v 0.003342547919601202 0.0058508687652647495 -0.03328709304332733
v 0.003342547919601202 0.0058508687652647495 -0.03328709304332733
v 0.003342547919601202 0.0058508687652647495 -0.03328709304332733
v 0.0032795402221381664 0.004991938825696707 -0.03346778452396393
v 0.0032795402221381664 0.004991938825696707 -0.03346778452396393
v 0.0032795402221381664 0.004991938825696707 -0.03346778452396393
v 0.0032795402221381664 0.004991938825696707 -0.03346778452396393
v 0.0032795402221381664 0.004991938825696707 -0.03346778452396393
v 0.00334088783711195 0.004152572713792324 -0.03321067988872528
v 0.00334088783711195 0.004152572713792324 -0.03321067988872528
v 0.00334088783711195 0.004152572713792324 -0.03321067988872528
v 0.00334088783711195 0.004152572713792324 -0.03321067988872528
v 0.00334088783711195 0.004152572713792324 -0.03321067988872528
v 0.00334088783711195 0.004152572713792324 -0.03321067988872528
v 0.003510132897645235 0.003557655494660139 -0.03258473426103592
v 0.003510132897645235 0.003557655494660139 -0.03258473426103592
v 0.003510132897645235 0.003557655494660139 -0.03258473426103592
v 0.003510132897645235 0.003557655494660139 -0.03258473426103592
v 0.003510132897645235 0.003557655494660139 -0.03258473426103592
v 0.003510132897645235 0.003557655494660139 -0.03258473426103592
v 0.003741947701200843 0.0033666419330984354 -0.031757600605487823
v 0.003741947701200843 0.0033666419330984354 -0.031757600605487823
v 0.003741947701200843 0.0033666419330984354 -0.031757600605487823
v 0.003741947701200843 0.0033666419330984354 -0.031757600605487823
v 0.003741947701200843 0.0033666419330984354 -0.031757600605487823
v 0.003974211867898703 0.003630714025348425 -0.03095092438161373
v 0.003974211867898703 0.003630714025348425 -0.03095092438161373
v 0.003974211867898703 0.003630714025348425 -0.03095092438161373
v 0.003974211867898703 0.003630714025348425 -0.03095092438161373
v 0.0041446806862950325 0.0042790621519088745 -0.030380887910723686
v 0.0041446806862950325 0.0042790621519088745 -0.030380887910723686
v 0.0041446806862950325 0.0042790621519088745 -0.030380887910723686
v 0.0041446806862950325 0.0042790621519088745 -0.030380887910723686
v 0.0033366847783327103 0.007595981936901808 -0.03339231759309769
v 0.0033366847783327103 0.007595981936901808 -0.03339231759309769
v 0.0033366847783327103 0.007595981936901808 -0.03339231759309769
v 0.0033366847783327103 0.007595981936901808 -0.03339231759309769
v 0.00303585734218359 0.006451850291341543 -0.034398261457681656
v 0.00303585734218359 0.006451850291341543 -0.034398261457681656
v 0.00303585734218359 0.006451850291341543 -0.034398261457681656
v 0.002924663946032524 0.004936108831316233 -0.034717146307229996
v 0.002924663946032524 0.004936108831316233 -0.034717146307229996
v 0.002924663946032524 0.004936108831316233 -0.034717146307229996
v 0.002924663946032524 0.004936108831316233 -0.034717146307229996
v 0.002924663946032524 0.004936108831316233 -0.034717146307229996
v 0.002924663946032524 0.004936108831316233 -0.034717146307229996
v 0.003032902954146266 0.0034549108240753412 -0.03426350653171539
v 0.003032902954146266 0.0034549108240753412 -0.03426350653171539
v 0.003032902954146266 0.0034549108240753412 -0.03426350653171539
v 0.003032902954146266 0.0034549108240753412 -0.03426350653171539
v 0.003032902954146266 0.0034549108240753412 -0.03426350653171539
v 0.003032902954146266 0.0034549108240753412 -0.03426350653171539
v 0.0033315876498818398 0.0024050616193562746 -0.033158838748931885
v 0.0033315876498818398 0.0024050616193562746 -0.033158838748931885
v 0.0033315876498818398 0.0024050616193562746 -0.033158838748931885
v 0.0033315876498818398 0.0024050616193562746 -0.033158838748931885
v 0.0033315876498818398 0.0024050616193562746 -0.033158838748931885
v 0.0033315876498818398 0.0024050616193562746 -0.033158838748931885
v 0.0037406692281365395 0.002067972905933857 -0.031699199229478836
v 0.0037406692281365395 0.002067972905933857 -0.031699199229478836
v 0.0037406692281365395 0.002067972905933857 -0.031699199229478836
v 0.0037406692281365395 0.002067972905933857 -0.031699199229478836
v 0.00415054289624095 0.0025339380372315645 -0.03027566894888878
v 0.00415054289624095 0.0025339380372315645 -0.03027566894888878
v 0.00415054289624095 0.0025339380372315645 -0.03027566894888878
v 0.00415054289624095 0.0025339380372315645 -0.03027566894888878
v 0.004451385233551264 0.0036780459340661764 -0.029269667342305183
v 0.004451385233551264 0.0036780459340661764 -0.029269667342305183
v 0.004451385233551264 0.0036780459340661764 -0.029269667342305183
v 0.004451385233551264 0.0036780459340661764 -0.029269667342305183
v 0.00456257862970233 0.005193787626922131 -0.028950784355401993
v 0.00456257862970233 0.005193787626922131 -0.028950784355401993
v 0.00456257862970233 0.005193787626922131 -0.028950784355401993
v 0.00456257862970233 0.005193787626922131 -0.028950784355401993
v 0.00456257862970233 0.005193787626922131 -0.028950784355401993
v 0.004454325884580612 0.006675016600638628 -0.029404470697045326
v 0.004454325884580612 0.006675016600638628 -0.029404470697045326
v 0.004454325884580612 0.006675016600638628 -0.029404470697045326
v 0.004454325884580612 0.006675016600638628 -0.029404470697045326
v 0.004454325884580612 0.006675016600638628 -0.029404470697045326
v 0.004454325884580612 0.006675016600638628 -0.029404470697045326
v 0.004155654460191727 0.007724833209067583 -0.030509090051054955
v 0.004155654460191727 0.007724833209067583 -0.030509090051054955
v 0.004155654460191727 0.007724833209067583 -0.030509090051054955
v 0.004155654460191727 0.007724833209067583 -0.030509090051054955
v 0.004155654460191727 0.007724833209067583 -0.030509090051054955
v 0.004155654460191727 0.007724833209067583 -0.030509090051054955
v 0.0037465598434209824 0.008061954751610756 -0.03196877986192703
v 0.0037465598434209824 0.008061954751610756 -0.03196877986192703
v 0.0037465598434209824 0.008061954751610756 -0.03196877986192703
v 0.0037465598434209824 0.008061954751610756 -0.03196877986192703
v 0.0037465598434209824 0.008061954751610756 -0.03196877986192703
v 0.0014360217610374093 0.005236715078353882 -0.02806461602449417
v 0.0014360217610374093 0.005236715078353882 -0.02806461602449417
v 0.0014360217610374093 0.005236715078353882 -0.02806461602449417
v 0.0014360217610374093 0.005236715078353882 -0.02806461602449417
v 0.0013277693651616573 0.0067179445177316666 -0.028518302366137505
v 0.0013277693651616573 0.0067179445177316666 -0.028518302366137505
v 0.0013277693651616573 0.0067179445177316666 -0.028518302366137505
v 0.0013277693651616573 0.0067179445177316666 -0.028518302366137505
v 0.0010290979407727718 0.007767761126160622 -0.029622921720147133
v 0.0010290979407727718 0.007767761126160622 -0.029622921720147133
v 0.0010290979407727718 0.007767761126160622 -0.029622921720147133
v 0.0010290979407727718 0.007767761126160622 -0.029622921720147133
v 0.0006200032075867057 0.008104882203042507 -0.03108260966837406
v 0.0006200032075867057 0.008104882203042507 -0.03108260966837406
v 0.0006200032075867057 0.008104882203042507 -0.03108260966837406
v 0.0006200032075867057 0.008104882203042507 -0.03108260966837406
v 0.0002101280988426879 0.007638909388333559 -0.03250614553689957
v 0.0002101280988426879 0.007638909388333559 -0.03250614553689957
v 0.0002101280988426879 0.007638909388333559 -0.03250614553689957
v -9.069934458239004e-05 0.006494778208434582 -0.033512093126773834
v -9.069934458239004e-05 0.006494778208434582 -0.033512093126773834
v -9.069934458239004e-05 0.006494778208434582 -0.033512093126773834
v -9.069934458239004e-05 0.006494778208434582 -0.033512093126773834
v -0.00020189261704217643 0.004979036748409271 -0.033830977976322174
v -0.00020189261704217643 0.004979036748409271 -0.033830977976322174
v -0.00020189261704217643 0.004979036748409271 -0.033830977976322174
v -0.00020189261704217643 0.004979036748409271 -0.033830977976322174
v -9.365368896396831e-05 0.00349783874116838 -0.03337733820080757
v -9.365368896396831e-05 0.00349783874116838 -0.03337733820080757
v -9.365368896396831e-05 0.00349783874116838 -0.03337733820080757
v -9.365368896396831e-05 0.00349783874116838 -0.03337733820080757
v 0.0002050309267360717 0.002447989536449313 -0.03227267041802406
v 0.0002050309267360717 0.002447989536449313 -0.03227267041802406
v 0.0002050309267360717 0.002447989536449313 -0.03227267041802406
v 0.0006141125340946019 0.0021109008230268955 -0.030813032761216164
v 0.0006141125340946019 0.0021109008230268955 -0.030813032761216164
v 0.0006141125340946019 0.0021109008230268955 -0.030813032761216164
v 0.0006141125340946019 0.0021109008230268955 -0.030813032761216164
v 0.0010239861439913511 0.002576865954324603 -0.029389498755335808
v 0.0010239861439913511 0.002576865954324603 -0.029389498755335808
v 0.0010239861439913511 0.002576865954324603 -0.029389498755335808
v 0.0010239861439913511 0.002576865954324603 -0.029389498755335808
v 0.0013248284813016653 0.003720973851159215 -0.028383499011397362
v 0.0013248284813016653 0.003720973851159215 -0.028383499011397362
v 0.0013248284813016653 0.003720973851159215 -0.028383499011397362
v 0.0013248284813016653 0.003720973851159215 -0.028383499011397362
v 0.001490762922912836 0.009353911504149437 -0.03999020531773567
v 0.001490762922912836 0.009353911504149437 -0.03999020531773567
v 0.001490762922912836 0.009353911504149437 -0.03999020531773567
v 0.001490762922912836 0.009353911504149437 -0.03999020531773567
v 0.001490762922912836 0.009353911504149437 -0.03999020531773567
v 0.001490762922912836 0.009353911504149437 -0.03999020531773567
v 0.0014294272987172008 0.010193245485424995 -0.04024726524949074
v 0.0014294272987172008 0.010193245485424995 -0.04024726524949074
v 0.0014294272987172008 0.010193245485424995 -0.04024726524949074
v 0.0014294272987172008 0.010193245485424995 -0.04024726524949074
v 0.0014294272987172008 0.010193245485424995 -0.04024726524949074
v 0.0014294272987172008 0.010193245485424995 -0.04024726524949074
v 0.001260173856280744 0.010788111947476864 -0.04087323695421219
v 0.001260173856280744 0.010788111947476864 -0.04087323695421219
v 0.001260173856280744 0.010788111947476864 -0.04087323695421219
v 0.001260173856280744 0.010788111947476864 -0.04087323695421219
v 0.001260173856280744 0.010788111947476864 -0.04087323695421219
v 0.001260173856280744 0.010788111947476864 -0.04087323695421219
v 0.0010283682495355606 0.010979174636304379 -0.041700344532728195
v 0.0010283682495355606 0.010979174636304379 -0.041700344532728195
v 0.0010283682495355606 0.010979174636304379 -0.041700344532728195
v 0.0010283682495355606 0.010979174636304379 -0.041700344532728195
v 0.0010283682495355606 0.010979174636304379 -0.041700344532728195
v 0.0007961046067066491 0.010715103708207607 -0.04250701889395714
v 0.0007961046067066491 0.010715103708207607 -0.04250701889395714
v 0.0007961046067066491 0.010715103708207607 -0.04250701889395714
v 0.0007961046067066491 0.010715103708207607 -0.04250701889395714
v 0.0007961046067066491 0.010715103708207607 -0.04250701889395714
v 0.0006256241467781365 0.010066783986985683 -0.043077096343040466
v 0.0006256241467781365 0.010066783986985683 -0.043077096343040466
v 0.0006256241467781365 0.010066783986985683 -0.043077096343040466
v 0.0006256241467781365 0.010066783986985683 -0.043077096343040466
v 0.0006256241467781365 0.010066783986985683 -0.043077096343040466
v 0.0005626154015772045 0.00920785404741764 -0.04325779527425766
v 0.0005626154015772045 0.00920785404741764 -0.04325779527425766
v 0.0005626154015772045 0.00920785404741764 -0.04325779527425766
v 0.0005626154015772045 0.00920785404741764 -0.04325779527425766
v 0.0005626154015772045 0.00920785404741764 -0.04325779527425766
v 0.0005626154015772045 0.00920785404741764 -0.04325779527425766
v 0.0006239617359824479 0.008368493989109993 -0.04300069436430931
v 0.0006239617359824479 0.008368493989109993 -0.04300069436430931
v 0.0006239617359824479 0.008368493989109993 -0.04300069436430931
v 0.0006239617359824479 0.008368493989109993 -0.04300069436430931
v 0.0006239617359824479 0.008368493989109993 -0.04300069436430931
v 0.0006239617359824479 0.008368493989109993 -0.04300069436430931
v 0.0007932066801004112 0.007773576769977808 -0.04237474873661995
v 0.0007932066801004112 0.007773576769977808 -0.04237474873661995
v 0.0007932066801004112 0.007773576769977808 -0.04237474873661995
v 0.0007932066801004112 0.007773576769977808 -0.04237474873661995
v 0.0007932066801004112 0.007773576769977808 -0.04237474873661995
v 0.0010250216582790017 0.007582563441246748 -0.041547611355781555
v 0.0010250216582790017 0.007582563441246748 -0.041547611355781555
v 0.0010250216582790017 0.007582563441246748 -0.041547611355781555
v 0.0010250216582790017 0.007582563441246748 -0.041547611355781555
v 0.0010250216582790017 0.007582563441246748 -0.041547611355781555
v 0.0012572855921462178 0.007846635766327381 -0.04074093699455261
v 0.0012572855921462178 0.007846635766327381 -0.04074093699455261
v 0.0012572855921462178 0.007846635766327381 -0.04074093699455261
v 0.0012572855921462178 0.007846635766327381 -0.04074093699455261
v 0.001427754177711904 0.008494982495903969 -0.04017090052366257
v 0.001427754177711904 0.008494982495903969 -0.04017090052366257
v 0.001427754177711904 0.008494982495903969 -0.04017090052366257
v 0.001427754177711904 0.008494982495903969 -0.04017090052366257
v 0.001427754177711904 0.008494982495903969 -0.04017090052366257
v 0.0010237429523840547 0.006283894181251526 -0.041489213705062866
v 0.0010237429523840547 0.006283894181251526 -0.041489213705062866
v 0.0010237429523840547 0.006283894181251526 -0.041489213705062866
v 0.0010237429523840547 0.006283894181251526 -0.041489213705062866
v 0.0010237429523840547 0.006283894181251526 -0.041489213705062866
v 0.0014336181338876486 0.006749866995960474 -0.04006567597389221
v 0.0014336181338876486 0.006749866995960474 -0.04006567597389221
v 0.0014336181338876486 0.006749866995960474 -0.04006567597389221
v 0.001734458957798779 0.007893967442214489 -0.039059679955244064
v 0.001734458957798779 0.007893967442214489 -0.039059679955244064
v 0.001734458957798779 0.007893967442214489 -0.039059679955244064
v 0.001734458957798779 0.007893967442214489 -0.039059679955244064
v 0.001734458957798779 0.007893967442214489 -0.039059679955244064
v 0.0018456539837643504 0.009409704245626926 -0.038740791380405426
v 0.0018456539837643504 0.009409704245626926 -0.038740791380405426
v 0.0018456539837643504 0.009409704245626926 -0.038740791380405426
v 0.0018456539837643504 0.009409704245626926 -0.038740791380405426
v 0.0018456539837643504 0.009409704245626926 -0.038740791380405426
v 0.0018456539837643504 0.009409704245626926 -0.038740791380405426
v 0.0017374015878885984 0.010890933685004711 -0.03919447585940361
v 0.0017374015878885984 0.010890933685004711 -0.03919447585940361
v 0.0017374015878885984 0.010890933685004711 -0.03919447585940361
v 0.0017374015878885984 0.010890933685004711 -0.03919447585940361
v 0.0017374015878885984 0.010890933685004711 -0.03919447585940361
v 0.0017374015878885984 0.010890933685004711 -0.03919447585940361
v 0.0014387284172698855 0.01194075495004654 -0.040299102663993835
v 0.0014387284172698855 0.01194075495004654 -0.040299102663993835
v 0.0014387284172698855 0.01194075495004654 -0.040299102663993835
v 0.0014387284172698855 0.01194075495004654 -0.040299102663993835
v 0.0014387284172698855 0.01194075495004654 -0.040299102663993835
v 0.0010296468390151858 0.012277843430638313 -0.041758742183446884
v 0.0010296468390151858 0.012277843430638313 -0.041758742183446884
v 0.0010296468390151858 0.012277843430638313 -0.041758742183446884
v 0.0010296468390151858 0.012277843430638313 -0.041758742183446884
v 0.0010296468390151858 0.012277843430638313 -0.041758742183446884
v 0.000619760190602392 0.011811899021267891 -0.04318232089281082
v 0.000619760190602392 0.011811899021267891 -0.04318232089281082
v 0.000619760190602392 0.011811899021267891 -0.04318232089281082
v 0.000619760190602392 0.011811899021267891 -0.04318232089281082
v 0.000619760190602392 0.011811899021267891 -0.04318232089281082
v 0.00031893246341496706 0.010667766444385052 -0.04418826848268509
v 0.00031893246341496706 0.010667766444385052 -0.04418826848268509
v 0.00031893246341496706 0.010667766444385052 -0.04418826848268509
v 0.00031893246341496706 0.010667766444385052 -0.04418826848268509
v 0.00031893246341496706 0.010667766444385052 -0.04418826848268509
v 0.00020773755386471748 0.00915202870965004 -0.044507160782814026
v 0.00020773755386471748 0.00915202870965004 -0.044507160782814026
v 0.00020773755386471748 0.00915202870965004 -0.044507160782814026
v 0.00020773755386471748 0.00915202870965004 -0.044507160782814026
v 0.00020773755386471748 0.00915202870965004 -0.044507160782814026
v 0.00020773755386471748 0.00915202870965004 -0.044507160782814026
v 0.000315976794809103 0.007670832332223654 -0.04405352100729942
v 0.000315976794809103 0.007670832332223654 -0.04405352100729942
v 0.000315976794809103 0.007670832332223654 -0.04405352100729942
v 0.000315976794809103 0.007670832332223654 -0.04405352100729942
v 0.000315976794809103 0.007670832332223654 -0.04405352100729942
v 0.000315976794809103 0.007670832332223654 -0.04405352100729942
v 0.000614661374129355 0.006620983127504587 -0.042948853224515915
v 0.000614661374129355 0.006620983127504587 -0.042948853224515915
v 0.000614661374129355 0.006620983127504587 -0.042948853224515915
v 0.000614661374129355 0.006620983127504587 -0.042948853224515915
v 0.000614661374129355 0.006620983127504587 -0.042948853224515915
v 0.000614661374129355 0.006620983127504587 -0.042948853224515915
v -0.0012809026520699263 0.009452632628381252 -0.037854623049497604
v -0.0012809026520699263 0.009452632628381252 -0.037854623049497604
v -0.0012809026520699263 0.009452632628381252 -0.037854623049497604
v -0.0012809026520699263 0.009452632628381252 -0.037854623049497604
v -0.0013891550479456782 0.010933862067759037 -0.03830830752849579
v -0.0013891550479456782 0.010933862067759037 -0.03830830752849579
v -0.0013891550479456782 0.010933862067759037 -0.03830830752849579
v -0.0016878282185643911 0.01198368240147829 -0.039412934333086014
v -0.0016878282185643911 0.01198368240147829 -0.039412934333086014
v -0.0016878282185643911 0.01198368240147829 -0.039412934333086014
v -0.0016878282185643911 0.01198368240147829 -0.039412934333086014
v -0.002096909796819091 0.012320770882070065 -0.04087257385253906
v -0.002096909796819091 0.012320770882070065 -0.04087257385253906
v -0.002096909796819091 0.012320770882070065 -0.04087257385253906
v -0.002096909796819091 0.012320770882070065 -0.04087257385253906
v -0.0025067965034395456 0.011854826472699642 -0.042296152561903
v -0.0025067965034395456 0.011854826472699642 -0.042296152561903
v -0.0025067965034395456 0.011854826472699642 -0.042296152561903
v -0.0025067965034395456 0.011854826472699642 -0.042296152561903
v -0.0028076241724193096 0.010710693895816803 -0.04330210015177727
v -0.0028076241724193096 0.010710693895816803 -0.04330210015177727
v -0.0028076241724193096 0.010710693895816803 -0.04330210015177727
v -0.0028076241724193096 0.010710693895816803 -0.04330210015177727
v -0.0029188189655542374 0.009194957092404366 -0.043620992451906204
v -0.0029188189655542374 0.009194957092404366 -0.043620992451906204
v -0.0029188189655542374 0.009194957092404366 -0.043620992451906204
v -0.0029188189655542374 0.009194957092404366 -0.043620992451906204
v -0.0028105799574404955 0.007713760249316692 -0.0431673526763916
v -0.0028105799574404955 0.007713760249316692 -0.0431673526763916
v -0.0028105799574404955 0.007713760249316692 -0.0431673526763916
v -0.0028105799574404955 0.007713760249316692 -0.0431673526763916
v -0.0025118952617049217 0.006663911044597626 -0.04206268489360809
v -0.0025118952617049217 0.006663911044597626 -0.04206268489360809
v -0.0025118952617049217 0.006663911044597626 -0.04206268489360809
v -0.0025118952617049217 0.006663911044597626 -0.04206268489360809
v -0.002102813683450222 0.0063268220983445644 -0.040603045374155045
v -0.002102813683450222 0.0063268220983445644 -0.040603045374155045
v -0.002102813683450222 0.0063268220983445644 -0.040603045374155045
v -0.001692938501946628 0.006792794913053513 -0.03917950764298439
v -0.001692938501946628 0.006792794913053513 -0.03917950764298439
v -0.001692938501946628 0.006792794913053513 -0.03917950764298439
v -0.001692938501946628 0.006792794913053513 -0.03917950764298439
v -0.0013920975616201758 0.00793689489364624 -0.03817351162433624
v -0.0013920975616201758 0.00793689489364624 -0.03817351162433624
v -0.0013920975616201758 0.00793689489364624 -0.03817351162433624
v -0.0013920975616201758 0.00793689489364624 -0.03817351162433624
v -0.006371631752699614 0.004389563575387001 0.014661824330687523
v -0.006371631752699614 0.004389563575387001 0.014661824330687523
v -0.006371631752699614 0.004389563575387001 0.014661824330687523
v -0.0063806395046412945 -0.004763777833431959 0.015073450282216072
v -0.0063806395046412945 -0.004763777833431959 0.015073450282216072
v -0.0063806395046412945 -0.004763777833431959 0.015073450282216072
v -0.0063806395046412945 -0.004763777833431959 0.015073450282216072
v -0.006548759993165731 0.003931947983801365 0.014059053733944893
v -0.006548759993165731 0.003931947983801365 0.014059053733944893
v -0.006548759993165731 0.003931947983801365 0.014059053733944893
v -0.006548759993165731 0.003931947983801365 0.014059053733944893
v -0.006548759993165731 0.003931947983801365 0.014059053733944893
v -0.0065569221042096615 -0.004361736588180065 0.014432019554078579
v -0.0065569221042096615 -0.004361736588180065 0.014432019554078579
v -0.0065569221042096615 -0.004361736588180065 0.014432019554078579
v -0.006764899007976055 -0.004243611823767424 0.013692519627511501
v -0.006764899007976055 -0.004243611823767424 0.013692519627511501
v -0.006764899007976055 -0.004243611823767424 0.013692519627511501
v -0.006764899007976055 -0.004243611823767424 0.013692519627511501
v -0.006764899007976055 -0.004243611823767424 0.013692519627511501
v -0.011599031277000904 -0.005004195962101221 -0.0033262886572629213
v -0.011599031277000904 -0.005004195962101221 -0.0033262886572629213
v -0.011599031277000904 -0.005004195962101221 -0.0033262886572629213
v -0.011591156013309956 0.0029877081979066133 -0.003685648087412119
v -0.011591156013309956 0.0029877081979066133 -0.003685648087412119
v -0.011591156013309956 0.0029877081979066133 -0.003685648087412119
v -0.011591156013309956 0.0029877081979066133 -0.003685648087412119
v -0.011591156013309956 0.0029877081979066133 -0.003685648087412119
v -0.006757023744285107 0.003748292336240411 0.013333159498870373
v -0.006757023744285107 0.003748292336240411 0.013333159498870373
v -0.006757023744285107 0.003748292336240411 0.013333159498870373
v -0.008520405739545822 -0.005046503618359566 -0.0042001623660326
v -0.008520405739545822 -0.005046503618359566 -0.0042001623660326
v -0.008520405739545822 -0.005046503618359566 -0.0042001623660326
v -0.008520405739545822 -0.005046503618359566 -0.0042001623660326
v -0.008520405739545822 -0.005046503618359566 -0.0042001623660326
v -0.007885991595685482 -0.00513429194688797 -0.006138060707598925
v -0.007885991595685482 -0.00513429194688797 -0.006138060707598925
v -0.007885991595685482 -0.00513429194688797 -0.006138060707598925
v -0.006553859915584326 -0.005205078516155481 -0.0076826270669698715
v -0.006553859915584326 -0.005205078516155481 -0.0076826270669698715
v -0.006553859915584326 -0.005205078516155481 -0.0076826270669698715
v -0.004071261268109083 -0.004280595574527979 0.012929053977131844
v -0.004071261268109083 -0.004280595574527979 0.012929053977131844
v -0.008359428495168686 -0.004955295938998461 -0.002167658181861043
v -0.008359428495168686 -0.004955295938998461 -0.002167658181861043
v -0.008359428495168686 -0.004955295938998461 -0.002167658181861043
v -0.008359428495168686 -0.004955295938998461 -0.002167658181861043
v -0.011621851474046707 -0.005073916632682085 -0.004877448081970215
v -0.011621851474046707 -0.005073916632682085 -0.004877448081970215
v -0.011621851474046707 -0.005073916632682085 -0.004877448081970215
v -0.011621851474046707 -0.005073916632682085 -0.004877448081970215
v -0.011621851474046707 -0.005073916632682085 -0.004877448081970215
v -0.011621851474046707 -0.005073916632682085 -0.004877448081970215
v -0.010865236632525921 -0.005135613027960062 -0.0062322006560862064
v -0.010865236632525921 -0.005135613027960062 -0.0062322006560862064
v -0.010865236632525921 -0.005135613027960062 -0.0062322006560862064
v -0.010865236632525921 -0.005135613027960062 -0.0062322006560862064
v -0.006545998156070709 0.002786858007311821 -0.008042034693062305
v -0.006545998156070709 0.002786858007311821 -0.008042034693062305
v -0.006545998156070709 0.002786858007311821 -0.008042034693062305
v -0.006545998156070709 0.002786858007311821 -0.008042034693062305
v -0.007878115400671959 0.0028576194308698177 -0.006497415713965893
v -0.007878115400671959 0.0028576194308698177 -0.006497415713965893
v -0.007878115400671959 0.0028576194308698177 -0.006497415713965893
v -0.007878115400671959 0.0028576194308698177 -0.006497415713965893
v -0.010857374407351017 0.0028563232626765966 -0.006591608747839928
v -0.010857374407351017 0.0028563232626765966 -0.006591608747839928
v -0.010857374407351017 0.0028563232626765966 -0.006591608747839928
v -0.010857374407351017 0.0028563232626765966 -0.006591608747839928
v -0.010857374407351017 0.0028563232626765966 -0.006591608747839928
v -0.010857374407351017 0.0028563232626765966 -0.006591608747839928
v -0.008512543514370918 0.002945433370769024 -0.004559569526463747
v -0.008512543514370918 0.002945433370769024 -0.004559569526463747
v -0.008512543514370918 0.002945433370769024 -0.004559569526463747
v -0.008512543514370918 0.002945433370769024 -0.004559569526463747
v -0.008512543514370918 0.002945433370769024 -0.004559569526463747
v -0.004063386004418135 0.003711308352649212 0.012569693848490715
v -0.004063386004418135 0.003711308352649212 0.012569693848490715
v -0.004063386004418135 0.003711308352649212 0.012569693848490715
v -0.008351554162800312 0.0030366203282028437 -0.0025270208716392517
v -0.008351554162800312 0.0030366203282028437 -0.0025270208716392517
v -0.008351554162800312 0.0030366203282028437 -0.0025270208716392517
v -0.011613989248871803 0.0029180196579545736 -0.005236856173723936
v -0.011613989248871803 0.0029180196579545736 -0.005236856173723936
v -0.011613989248871803 0.0029180196579545736 -0.005236856173723936
v -0.011613989248871803 0.0029180196579545736 -0.005236856173723936
v -0.0036870017647743225 -0.004800762049853802 0.014309984631836414
v -0.0036870017647743225 -0.004800762049853802 0.014309984631836414
v -0.0038632843643426895 -0.004398720804601908 0.013668553903698921
v -0.0038632843643426895 -0.004398720804601908 0.013668553903698921
v -0.003855122020468116 0.003894964000210166 0.013295588083565235
v -0.003855122020468116 0.003894964000210166 0.013295588083565235
v -0.003677993780001998 0.004352579824626446 0.01389835961163044
v -0.003677993780001998 0.004352579824626446 0.01389835961163044
f 1 16 21
f 28 34 36
f 43 47 54
f 64 74 75
f 65 76 80
f 89 91 48
f 49 90 97
f 100 102 106
f 95 110 50
f 51 112 118
f 52 114 59
f 63 119 121
f 53 124 125
f 48 100 89
f 89 100 106
f 87 105 131
f 136 107 139
f 133 140 142
f 143 138 83
f 145 84 149
f 149 84 75
f 154 155 53
f 62 156 162
f 163 165 57
f 56 166 167
f 55 169 44
f 174 177 184
f 185 179 188
f 182 189 53
f 53 189 195
f 53 195 154
f 197 208 13
f 14 212 216
f 12 217 218
f 226 230 234
f 246 251 261
f 261 251 225
f 231 264 238
f 235 267 270
f 240 269 203
f 201 268 274
f 197 278 208
f 282 284 293
f 298 285 303
f 306 280 309
f 308 281 292
f 308 292 313
f 312 294 317
f 320 327 299
f 330 315 337
f 337 315 292
f 336 290 342
f 338 289 328
f 343 348 353
f 353 348 316
f 349 315 357
f 357 315 330
f 360 363 370
f 369 364 372
f 370 371 377
f 343 379 348
f 348 379 387
f 348 387 389
f 377 371 379
f 384 373 391
f 381 392 386
f 304 246 292
f 295 248 255
f 292 261 394
f 395 402 296
f 297 399 408
f 300 405 410
f 360 322 363
f 365 321 291
f 363 292 415
f 415 292 411
f 422 424 261
f 260 423 430
f 258 428 393
f 413 437 417
f 418 436 443
f 415 441 445
f 446 442 448
f 422 261 457
f 457 261 460
f 455 459 466
f 450 468 445
f 445 468 460
f 447 461 470
f 471 460 473
f 481 484 463
f 460 482 487
f 462 485 474
f 237 490 496
f 225 242 261
f 262 233 497
f 256 498 503
f 477 509 510
f 515 505 517
f 520 524 511
f 513 521 527
f 512 530 243
f 245 531 535
f 244 532 491
f 499 538 259
f 257 539 542
f 261 543 460
f 458 547 553
f 464 549 476
f 478 548 554
f 480 555 506
f 38 29 206
f 207 31 560
f 204 563 564
f 567 571 197
f 200 570 577
f 202 574 239
f 241 579 580
f 242 581 585
f 585 593 242
f 236 592 595
f 242 596 515
f 601 605 606
f 606 605 596
f 606 596 610
f 610 596 593
f 600 24 604
f 605 23 37
f 603 35 616
f 615 39 617
f 620 623 40
f 41 624 627
f 37 626 619
f 621 630 7
f 6 633 634
f 639 9 647
f 648 8 5
f 649 3 651
f 652 2 635
f 659 199 662
f 660 205 11
f 664 13 666
f 667 17 640
f 657 675 197
f 198 674 679
f 197 677 37
f 42 680 686
f 37 683 621
f 621 683 687
f 621 687 630
f 692 697 182
f 181 696 700
f 183 703 705
f 220 175 13
f 13 175 182
f 13 182 710
f 710 182 709
f 182 717 692
f 692 717 719
f 692 719 720
f 720 719 726
f 724 727 729
f 728 726 735
f 728 735 739
f 739 735 22
f 739 22 740
f 712 746 10
f 13 745 753
f 15 752 19
f 22 753 759
f 18 758 742
f 763 766 770
f 777 781 53
f 760 774 786
f 785 775 792
f 788 791 800
f 799 777 785
f 789 776 58
f 790 60 69
f 67 61 130
f 66 129 70
f 801 182 807
f 807 182 53
f 807 53 812
f 812 53 781
f 804 815 187
f 186 814 823
f 182 819 717
f 716 822 828
f 717 826 833
f 769 764 826
f 825 762 835
f 829 837 832
f 839 842 847
f 849 853 838
f 840 857 858
f 860 856 867
f 867 856 869
f 867 869 872
f 872 869 875
f 872 875 880
f 879 876 881
f 877 883 884
f 839 847 848
f 848 847 886
f 848 886 889
f 886 894 889
f 889 894 896
f 889 896 897
f 896 902 897
f 897 902 905
f 897 905 907
f 905 912 907
f 907 912 914
f 907 914 916
f 914 921 916
f 916 921 922
f 916 922 925
f 922 927 925
f 925 927 932
f 925 932 935
f 932 936 935
f 935 936 941
f 935 941 943
f 941 948 943
f 943 948 950
f 943 950 954
f 950 955 954
f 954 955 959
f 954 959 961
f 961 959 966
f 961 966 971
f 966 972 971
f 971 972 977
f 971 977 979
f 977 982 979
f 979 982 986
f 979 986 987
f 986 992 987
f 987 992 993
f 987 993 998
f 998 993 1002
f 1002 1003 998
f 998 1003 1007
f 998 1007 1009
f 1007 1012 1009
f 1009 1012 1017
f 1009 1017 1018
f 1017 1024 1018
f 1018 1024 1025
f 1018 1025 1028
f 1025 1032 1028
f 1028 1032 1035
f 1028 1035 1036
f 1035 1038 1036
f 1036 1038 1043
f 1036 1043 883
f 883 1043 1047
f 883 1047 884
f 348 389 1048
f 1048 389 1051
f 1048 1051 1052
f 1054 1057 1059
f 1052 1061 1048
f 1048 1061 1063
f 1048 1063 1066
f 1067 1064 1054
f 1067 1054 1068
f 1068 1054 1059
f 1071 1074 100
f 100 1074 1076
f 100 1076 102
f 100 1078 1071
f 1072 1077 1080
f 1072 1080 1084
f 1083 1081 1086
f 1083 1086 1089
f 1089 1086 1093
f 1089 1093 1095
f 1096 1102 1103
f 1104 1101 1108
f 1103 1106 1110
f 1111 1109 1116
f 1110 1115 1118
f 1123 1128 1130
f 1096 1135 1102
f 1099 1134 1138
f 1102 1139 1140
f 1140 1139 1144
f 1141 1145 1149
f 1152 1144 1154
f 1148 1153 1157
f 1119 1113 1161
f 1164 1117 1165
f 1163 1167 1173
f 1169 1168 1175
f 1170 1176 1182
f 1184 1186 1188
f 1195 1196 1201
f 1125 1133 1210
f 1206 1131 1213
f 1209 1212 1215
f 1216 1211 1221
f 1218 1220 1223
f 1223 1220 1226
f 1223 1226 1227
f 1227 1226 1230
f 1227 1230 1233
f 1227 1236 1240
f 1239 1238 1242
f 1240 1244 1096
f 1097 1245 1247
f 1096 1248 1135
f 1197 1152 1204
f 1203 1147 1156
f 1204 1159 1251
f 1250 1158 1253
f 1251 1252 1255
f 1255 1252 1257
f 1255 1257 1235
f 1232 1258 1261
f 1233 1262 1227
f 1227 1262 1263
f 1227 1263 1236
f 1266 1268 1125
f 1268 1271 1125
f 1124 1269 1274
f 1121 1275 1126
f 1127 1273 1278
f 1281 1192 1283
f 1284 1194 1202
f 1283 1204 1288
f 1287 1200 1290
f 1289 1293 1276
f 1278 1291 1294
f 1278 1294 1127
f 1125 1184 1266
f 1266 1184 1188
f 1266 1188 1297
f 1296 1189 1303
f 1299 1302 1305
f 1304 1300 1173
f 1304 1173 1308
f 1307 1174 1178
f 1308 1181 1312
f 1311 1179 1314
f 1312 1316 1281
f 1279 1315 1318
f 1280 1317 1193
f 1320 1323 1326
f 1326 1323 1331
f 1334 1336 1338
f 1334 1338 1340
f 1340 1338 1342
f 1340 1342 1344
f 1344 1342 1347
f 1344 1347 1351
f 1351 1347 1352
f 1351 1352 1356
f 1356 1352 1358
f 1356 1358 1360
f 1360 1358 1362
f 1360 1362 1364
f 1364 1362 1367
f 1364 1367 1370
f 1370 1367 1372
f 1370 1372 1374
f 1374 1372 1377
f 1374 1377 1379
f 1379 1377 1383
f 1379 1383 1384
f 1384 1383 1387
f 1384 1387 1391
f 1391 1387 1392
f 1391 1392 1394
f 1394 1392 1398
f 1394 1398 1399
f 1399 1398 1403
f 1399 1403 1404
f 1404 1403 1408
f 1404 1408 1411
f 1411 1408 1413
f 1411 1413 1415
f 1415 1413 1418
f 1415 1418 1421
f 1421 1418 1423
f 1421 1423 1425
f 1425 1423 1428
f 1425 1428 1432
f 1432 1428 1434
f 1432 1434 1436
f 1436 1434 1438
f 1436 1438 1442
f 1442 1438 1444
f 1442 1444 1447
f 1447 1444 1449
f 1447 1449 1451
f 1451 1449 1454
f 1451 1454 1455
f 1455 1454 1458
f 1455 1458 1460
f 1460 1458 1464
f 1460 1464 1466
f 1466 1464 1470
f 1466 1470 1471
f 1476 1478 1482
f 1481 1479 1484
f 1480 1485 1488
f 1489 1486 1496
f 1497 1500 1503
f 1509 1510 1515
f 1497 1503 1514
f 1513 1504 1521
f 1512 1522 1507
f 1523 1528 1529
f 1530 1526 1538
f 1531 1537 1542
f 1539 1535 1546
f 1541 1545 1548
f 1550 1544 1552
f 1547 1551 1495
f 1494 1553 1558
f 1492 1555 1490
f 1525 1534 1520
f 1517 1533 1562
f 1519 1561 1508
f 1563 1565 1567
f 1567 1565 1570
f 1572 1574 1575
f 1575 1574 1577
f 1580 1582 1585
f 1585 1582 1589
f 1584 1587 1593
f 1594 1586 1598
f 1599 1603 1605
f 1605 1603 1609
f 1606 1607 1616
f 1612 1608 1619
f 1621 1628 1633
f 1597 1636 1591
f 1592 1637 1640
f 1595 1641 1643
f 1644 1638 1624
f 1645 1622 1648
f 1647 1625 1632
f 1626 1649 1630
f 1631 1651 1654
f 1634 1655 1659
f 1657 1653 1611
f 1658 1615 1660
f 1661 1614 1620
f 1663 1666 1667
f 1667 1668 1672
f 1668 1667 1675
f 1675 1667 1679
f 1676 1679 1682
f 1688 1692 1695
f 1697 1702 1673
f 1706 1707 1711
f 1672 1703 1667
f 1667 1703 1716
f 1667 1716 1663
f 1681 1717 1686
f 1685 1719 1722
f 1683 1720 1726
f 1727 1723 1730
f 1724 1728 1713
f 1732 1738 1744
f 1746 1742 1696
f 1743 1697 1747
f 1748 1699 1670
f 1750 1754 1756
f 1705 1710 1758
f 1760 1714 1731
f 1760 1731 1762
f 1762 1731 1764
f 1762 1764 1692
f 1692 1764 1767
f 1691 1766 1693
f 1770 1772 1776
f 1782 1788 1791
f 1793 1799 1803
f 1808 1811 1813
f 1781 1792 1801
f 1802 1790 1818
f 1799 1817 1803
f 1804 1819 1822
f 1803 1821 1823
f 1805 1828 1798
f 1794 1827 1830
f 1793 1831 1832
f 1832 1831 1836
f 1832 1836 1837
f 1837 1836 1841
f 1838 1842 1845
f 1847 1841 1850
f 1813 1854 1808
f 1807 1852 1856
f 1808 1855 1859
f 1859 1855 1860
f 1859 1860 1850
f 1850 1860 1863
f 1851 1864 1848
f 1868 1870 1872
f 1872 1870 1811
f 1786 1783 1874
f 1874 1783 1879
f 1874 1879 1772
f 1774 1877 1880
f 1773 1882 1777
f 1811 1870 1813
f 1814 1869 1885
f 1815 1883 1887
f 1890 1886 1891
f 1888 1893 1896
f 1895 1892 1769
f 1896 1770 1695
f 1695 1770 1776
f 1695 1776 1688
f 1689 1775 1900
f 1688 1899 1903
f 1904 1901 1909
f 1905 1910 1912
f 1913 1911 1917
f 1914 1916 1921
f 1922 1918 1924
f 1921 1927 1928
f 1930 1926 1736
f 1928 1741 1756
f 1757 1739 1733
f 1756 1734 1750
f 1933 1934 1936
f 1941 1942 1945
f 1951 1956 1959
f 1958 1955 1962
f 1958 1962 1934
f 1934 1962 1964
f 1934 1964 1936
f 1968 1971 1974
f 1976 1972 1979
f 1980 1971 1981
f 1980 1981 1985
f 1987 1968 1989
f 1992 1996 2000
f 2000 1996 1955
f 1998 1954 1947
f 1948 1955 1953
f 1949 1952 1940
f 1981 2001 1985
f 1985 2001 1863
f 1985 1863 2004
f 2004 1863 1860
f 2004 1860 1992
f 1994 1862 2007
f 1991 2006 1995
f 1975 2010 1969
f 1968 2008 2011
f 1968 2011 1989
f 1989 2011 2013
f 1989 2013 2017
f 2018 2024 2028
f 2031 2034 2036
f 2038 2035 2040
f 2040 2041 2049
f 2048 2042 2054
f 2046 2050 2056
f 2057 2051 2061
f 2055 2060 2067
f 2066 2059 2068
f 2064 2069 2022
f 2025 2071 2073
f 2025 2073 2026
f 2076 2079 2084
f 2086 2090 2091
f 2040 2035 2041
f 2041 2035 2096
f 2041 2096 2097
f 2101 1667 2104
f 2104 1667 2106
f 2084 2110 2076
f 2078 2108 2114
f 2075 2111 2118
f 2117 2112 1680
f 2115 1678 2121
f 2119 1679 1667
f 2119 1667 2122
f 2122 1667 2101
f 2122 2101 2124
f 2127 2103 2128
f 2126 2129 2100
f 2099 2130 2133
f 2097 2134 2041
f 1989 2136 1987
f 1987 2136 2138
f 1987 2138 2139
f 2139 2138 2144
f 2139 2144 2145
f 2146 2142 2149
f 2145 2150 2153
f 2154 2151 1932
f 2153 1933 2026
f 2026 1933 1936
f 2026 1936 2019
f 2020 1938 2158
f 2019 2157 2161
f 2160 2159 2165
f 2161 2163 2167
f 2168 2166 2082
f 2170 2081 2093
f 2092 2084 2079
f 2092 2079 2087
f 945 2171 934
f 933 2172 2174
f 933 2174 926
f 924 2175 2178
f 926 2177 915
f 915 2177 2180
f 917 2181 906
f 908 2180 2183
f 908 2183 899
f 899 2183 2186
f 898 2187 890
f 888 2186 2188
f 888 2188 850
f 850 2188 2190
f 851 2191 854
f 852 2190 2195
f 855 2193 868
f 870 2195 2197
f 870 2197 874
f 874 2197 2198
f 874 2198 882
f 882 2198 2201
f 882 2201 1037
f 1037 2201 2202
f 1037 2202 1027
f 1029 2203 2207
f 1027 2205 1019
f 1019 2205 2210
f 1020 2209 1011
f 1010 2210 2213
f 1010 2213 1000
f 997 2211 2214
f 999 2215 989
f 990 2216 2219
f 988 2220 978
f 980 2221 2224
f 980 2224 969
f 970 2222 2225
f 968 2226 963
f 962 2228 2229
f 962 2229 953
f 953 2229 2233
f 952 2232 942
f 944 2233 2172
f 2184 1765 2185
f 2185 1765 1763
f 2185 1763 2189
f 2189 1763 1729
f 2189 1729 2192
f 2192 1729 1721
f 2192 1721 2194
f 2194 1721 1718
f 2194 1718 2196
f 2196 1718 1677
f 2196 1677 2199
f 2199 1677 2113
f 2199 2113 2200
f 2200 2113 2109
f 2200 2109 2204
f 2204 2109 2083
f 2204 2083 2206
f 2206 2083 2164
f 2206 2164 2208
f 2164 2156 2208
f 2208 2156 1937
f 2208 1937 2212
f 2212 1937 1963
f 2212 1963 2217
f 2217 1963 1961
f 2217 1961 2218
f 2218 1961 1957
f 2218 1957 2223
f 2223 1957 1997
f 2223 1997 2227
f 2227 1997 2005
f 2227 2005 2230
f 2230 2005 1861
f 2230 1861 2231
f 2231 1861 1857
f 2231 1857 2173
f 2173 1857 1853
f 2173 1853 2176
f 2176 1853 1812
f 2176 1812 2179
f 2179 1812 1889
f 2179 1889 2182
f 2182 1889 1897
f 2182 1897 2184
f 2184 1897 1694
f 2184 1694 1765
f 755 2237 743
f 741 2234 2238
f 744 2239 738
f 736 2240 2242
f 737 2243 730
f 732 2245 2246
f 731 2247 723
f 722 2248 2252
f 721 2253 693
f 694 2250 2257
f 691 2256 699
f 698 2255 2261
f 695 2260 701
f 704 2258 2262
f 702 2265 708
f 707 2263 2267
f 706 2266 713
f 714 2269 2270
f 711 2271 747
f 748 2272 2275
f 749 2274 751
f 754 2276 2278
f 750 2279 756
f 757 2280 2236
f 2282 2281 2284
f 2284 2281 2277
f 2284 2277 1866
f 1866 2277 2273
f 2282 2286 2281
f 2281 2286 1824
f 2281 1824 2235
f 2235 1824 1820
f 2235 1820 2241
f 2241 1820 1816
f 2241 1816 2244
f 2244 1816 1789
f 2244 1789 2249
f 2249 1789 1787
f 2249 1787 2251
f 2251 1787 1875
f 2251 1875 2254
f 2254 1875 1771
f 2254 1771 2259
f 2259 1771 1768
f 2259 1768 2264
f 2264 1768 1894
f 2264 1894 2268
f 2268 1894 1884
f 2268 1884 2273
f 2273 1884 1871
f 2273 1871 1866
f 115 2289 123
f 122 2290 2295
f 120 2292 128
f 127 2293 2298
f 126 2297 71
f 72 2299 2300
f 73 2303 79
f 78 2301 2305
f 77 2306 147
f 148 2307 2311
f 150 2309 146
f 141 2310 2314
f 144 2313 132
f 134 2312 2317
f 135 2316 85
f 88 2318 2320
f 86 2321 92
f 93 2322 2327
f 94 2324 99
f 98 2326 2329
f 96 2330 109
f 113 2331 2333
f 111 2335 116
f 117 2334 2291
f 2336 2296 2339
f 2339 2296 2294
f 2339 2294 1709
f 1709 2294 2288
f 2336 2341 2296
f 2296 2341 1752
f 2296 1752 2302
f 2302 1752 1751
f 2302 1751 2304
f 2304 1751 1735
f 2304 1735 2308
f 2308 1735 1745
f 2308 1745 2315
f 2315 1745 1749
f 2315 1749 2319
f 2319 1749 1671
f 2319 1671 2323
f 2323 1671 1669
f 2323 1669 2325
f 2325 1669 1674
f 2325 1674 2328
f 2328 1674 1684
f 2328 1684 2332
f 2332 1684 1725
f 2332 1725 2288
f 2288 1725 1712
f 2288 1712 1709
f 419 2344 425
f 426 2342 2348
f 427 2349 432
f 431 2346 2352
f 429 2351 398
f 397 2350 2354
f 396 2355 401
f 403 2356 2359
f 400 2361 407
f 406 2360 2365
f 404 2363 412
f 409 2362 2366
f 414 2367 433
f 434 2368 2370
f 435 2371 438
f 440 2372 2375
f 439 2376 449
f 451 2374 2379
f 452 2380 467
f 469 2381 2385
f 465 2383 456
f 454 2382 2387
f 453 2389 421
f 420 2388 2345
f 2390 2364 2392
f 2392 2364 2358
f 2392 2358 2089
f 2089 2358 2357
f 2390 2394 2364
f 2364 2394 2032
f 2364 2032 2369
f 2369 2032 2037
f 2369 2037 2373
f 2373 2037 2039
f 2373 2039 2377
f 2377 2039 2047
f 2377 2047 2378
f 2378 2047 2058
f 2378 2058 2384
f 2384 2058 2065
f 2384 2065 2386
f 2386 2065 2023
f 2386 2023 2343
f 2343 2023 2021
f 2343 2021 2347
f 2347 2021 2162
f 2347 2162 2353
f 2353 2162 2169
f 2353 2169 2357
f 2357 2169 2094
f 2357 2094 2089
f 597 2399 25
f 26 2398 2400
f 27 2402 30
f 32 2403 2406
f 33 2405 562
f 561 2404 2411
f 559 2409 568
f 565 2410 2414
f 566 2415 572
f 569 2413 2416
f 573 2419 578
f 575 2417 2421
f 576 2420 583
f 582 2423 2427
f 584 2425 586
f 587 2426 2428
f 588 2429 589
f 590 2430 2433
f 591 2432 612
f 611 2434 2439
f 613 2436 609
f 607 2437 2440
f 608 2441 598
f 599 2442 2397
f 2444 2431 2447
f 2447 2431 2424
f 2447 2424 1943
f 1943 2424 2422
f 2444 2448 2431
f 2431 2448 2016
f 2431 2016 2435
f 2435 2016 2014
f 2435 2014 2438
f 2438 2014 2012
f 2438 2012 2443
f 2443 2012 2009
f 2443 2009 2396
f 2396 2009 1977
f 2396 1977 2401
f 2401 1977 1978
f 2401 1978 2407
f 2407 1978 1984
f 2407 1984 2408
f 2408 1984 2003
f 2408 2003 2412
f 2412 2003 1993
f 2412 1993 2418
f 2418 1993 1999
f 2418 1999 2422
f 2422 1999 1946
f 2422 1946 1943
f 2451 2456 2283
f 2459 1825 2456
f 2456 1825 2287
f 2456 2287 2283
f 2283 2285 2451
f 2451 2285 1867
f 2451 1867 2463
f 2463 1867 1873
f 2463 1873 2468
f 2468 1873 1810
f 2468 1810 2471
f 2471 1810 1809
f 2471 1809 2476
f 2476 1809 1858
f 2476 1858 2480
f 2480 1858 1849
f 2480 1849 2482
f 2482 1849 1843
f 2482 1843 2488
f 2488 1843 1835
f 2488 1835 2491
f 2491 1835 1829
f 2491 1829 2494
f 2494 1829 1826
f 2494 1826 2459
f 2459 1826 1806
f 2459 1806 1825
f 632 2487 636
f 637 2489 2490
f 638 2493 653
f 650 2492 2495
f 654 2497 646
f 645 2496 2458
f 644 2460 642
f 641 2461 2457
f 643 2455 670
f 669 2454 2453
f 668 2450 665
f 663 2452 2462
f 661 2464 656
f 655 2465 2466
f 658 2467 673
f 672 2469 2470
f 671 2472 681
f 678 2473 2475
f 676 2474 684
f 682 2477 2478
f 685 2481 690
f 689 2479 2483
f 688 2484 631
f 629 2485 2486
f 2500 2504 2337
f 2506 1753 2504
f 2504 1753 2340
f 2504 2340 2337
f 2337 2338 2500
f 2500 2338 1708
f 2500 1708 2510
f 2510 1708 1704
f 2510 1704 2516
f 2516 1704 1759
f 2516 1759 2518
f 2518 1759 1761
f 2518 1761 2523
f 2523 1761 1690
f 2523 1690 2529
f 2529 1690 1687
f 2529 1687 2530
f 2530 1687 1906
f 2530 1906 2536
f 2536 1906 1915
f 2536 1915 2540
f 2540 1915 1923
f 2540 1923 2542
f 2542 1923 1929
f 2542 1929 2506
f 2506 1929 1755
f 2506 1755 1753
f 824 2525 830
f 827 2522 2526
f 831 2528 768
f 767 2527 2532
f 765 2533 773
f 772 2531 2537
f 771 2534 794
f 795 2535 2538
f 793 2539 796
f 797 2541 2543
f 798 2544 780
f 779 2545 2507
f 778 2509 783
f 784 2508 2505
f 782 2502 811
f 810 2503 2498
f 813 2499 809
f 808 2501 2512
f 806 2513 803
f 805 2511 2514
f 802 2515 816
f 817 2517 2519
f 818 2520 821
f 820 2521 2524
f 2549 2551 2391
f 2556 2030 2551
f 2551 2030 2395
f 2551 2395 2391
f 2391 2393 2549
f 2549 2393 2088
f 2549 2088 2560
f 2560 2088 2085
f 2560 2085 2564
f 2564 2085 2080
f 2564 2080 2569
f 2569 2080 2077
f 2569 2077 2573
f 2573 2077 2116
f 2573 2116 2575
f 2575 2116 2120
f 2575 2120 2578
f 2578 2120 2123
f 2578 2123 2583
f 2583 2123 2125
f 2583 2125 2588
f 2588 2125 2098
f 2588 2098 2592
f 2592 2098 2095
f 2592 2095 2556
f 2556 2095 2033
f 2556 2033 2030
f 334 2559 332
f 331 2561 2563
f 329 2562 355
f 354 2565 2568
f 356 2567 352
f 351 2566 2570
f 350 2572 345
f 346 2571 2574
f 344 2576 382
f 380 2577 2581
f 383 2579 376
f 375 2580 2585
f 378 2582 368
f 366 2584 2589
f 367 2586 358
f 359 2587 2590
f 361 2593 318
f 319 2591 2555
f 323 2557 324
f 325 2554 2552
f 326 2553 341
f 339 2550 2548
f 340 2546 335
f 333 2547 2558
f 2596 2601 2445
f 2602 2015 2601
f 2601 2015 2449
f 2601 2449 2445
f 2445 2446 2596
f 2596 2446 1944
f 2596 1944 2606
f 2606 1944 1939
f 2606 1939 2611
f 2611 1939 1950
f 2611 1950 2616
f 2616 1950 1960
f 2616 1960 2618
f 2618 1960 1935
f 2618 1935 2624
f 2624 1935 1931
f 2624 1931 2629
f 2629 1931 2152
f 2629 2152 2633
f 2633 2152 2143
f 2633 2143 2634
f 2634 2143 2137
f 2634 2137 2638
f 2638 2137 2135
f 2638 2135 2602
f 2602 2135 1990
f 2602 1990 2015
f 529 2604 536
f 533 2603 2599
f 534 2600 489
f 488 2598 2597
f 492 2594 493
f 494 2595 2608
f 495 2607 501
f 500 2609 2613
f 502 2610 541
f 540 2612 2614
f 537 2615 546
f 545 2617 2620
f 544 2621 552
f 551 2619 2625
f 550 2622 557
f 558 2623 2627
f 556 2628 504
f 507 2626 2632
f 508 2630 519
f 516 2631 2637
f 518 2635 525
f 523 2636 2639
f 522 2640 528
f 526 2641 2605
f 1059 1057 2643
f 2645 1095 1093
f 2650 2654 2657
f 2657 2654 2661
f 2657 2661 1092
f 1092 2661 1059
f 1092 1059 2644
f 2644 1059 2643
f 2662 2665 2670
f 2673 2674 2679
f 2677 2676 2680
f 2677 2680 2686
f 2684 2683 2687
f 2686 2689 2690
f 2690 2689 2692
f 2690 2692 2695
f 2695 2692 2696
f 2695 2696 2699
f 2664 2669 2703
f 2702 2668 2705
f 2702 2705 2708
f 2708 2705 2710
f 2708 2710 2712
f 2699 2713 2695
f 2695 2713 2715
f 2695 2715 2712
f 2712 2715 2717
f 2712 2717 2708
f 2720 2722 2723
f 2723 2722 2725
f 1572 1603 1574
f 1574 1603 1599
f 1323 1320 2727
f 2730 2734 2737
f 1565 1563 2738
f 1565 2738 2740
f 2740 2738 2730
f 2740 2730 2743
f 2743 2730 2737
f 2743 2737 2727
f 2727 2737 2745
f 2727 2745 1323
f 2751 2755 2758
f 2762 2751 2765
f 2763 2766 2759
f 2759 2766 1326
f 2759 1326 1331
f 2751 2758 2765
f 2765 2758 2768
f 2765 2768 2773
f 2772 2771 1575
f 2772 1575 1577
f 1567 1570 1497
f 1497 1570 1500
f 1667 1666 2775
f 2779 2106 1667
f 1667 2775 2779
f 2779 2775 2781
f 2779 2781 2783
f 2786 2780 2788
f 2784 2789 2792
f 2793 2787 2723
f 2793 2723 2725
f 1223 1227 2795
f 2795 1227 2798
f 2794 2797 2802
f 2802 2797 2804
f 2802 2804 2806
f 2806 2804 2808
f 2806 2808 2720
f 2720 2808 2722
f 2695 2712 2809
f 2695 2809 2812
f 2813 2811 2817
f 2813 2817 2819
f 2819 2817 2821
f 2819 2821 2822
f 2822 2821 2644
f 2822 2644 2643
f 2825 1471 1470
f 2826 2831 1476
f 1476 2831 2832
f 1476 2832 1478
f 1470 2834 2825
f 2825 2834 2827
f 2825 2827 2836
f 2836 2827 1475
f 1336 1334 2839
f 2839 1334 2841
f 2839 2841 2842
f 1582 1580 2842
f 2842 1580 2845
f 2845 2847 2842
f 2842 2847 2849
f 2842 2849 2839
f 2852 2854 2733
f 2733 2854 2736
f 2756 2748 2859
f 2859 2748 2863
f 2865 2868 2869
f 2869 2868 2871
f 2880 2735 2857
f 2885 2888 2894
f 2894 2888 2895
f 2749 2900 2908
f 2880 2910 2735
f 2735 2910 2917
f 2735 2917 2747
f 2746 2916 2924
f 2744 2925 1324
f 1322 2921 1328
f 2750 2909 2862
f 2927 2933 2875
f 2873 2934 2938
f 2875 2942 2945
f 2943 2939 2948
f 2945 2952 2954
f 2954 2952 2857
f 2957 2963 2971
f 2970 2964 2972
f 2971 2973 2979
f 2971 2983 2990
f 2990 2983 1328
f 2987 1330 2995
f 2996 1329 2923
f 2990 2997 2971
f 2966 3001 3006
f 2971 3004 2957
f 2904 2750 3009
f 3009 2750 3011
f 3009 3011 2885
f 2881 3013 3020
f 2885 3019 2888
f 2875 2866 3025
f 3026 2867 3030
f 2952 3031 2857
f 2856 3035 3040
f 2853 3039 3044
f 3004 3049 2957
f 2958 3048 3055
f 2957 3054 3043
f 3043 3054 3060
f 3043 3060 2857
f 2855 3059 3064
f 2858 3065 2877
f 2983 3068 1328
f 1332 3070 3072
f 1328 3073 2760
f 2761 3071 3082
f 2760 3080 2750
f 2752 3078 3086
f 2750 3087 3011
f 3025 3092 2875
f 2874 3088 3096
f 2872 3094 2930
f 2929 3093 3103
f 2927 3102 3105
f 2909 3112 2862
f 2861 3111 3113
f 2862 3118 3120
f 3119 3114 3023
f 3120 3025 3123
f 3124 3024 3027
f 2974 3126 2978
f 2979 3127 3105
f 2979 3105 3132
f 3132 3105 3102
f 3132 3102 2895
f 2895 3102 3136
f 2896 3135 2890
f 2859 2863 3121
f 2859 3121 3140
f 3140 3121 3122
f 3140 3122 3141
f 3141 3122 3029
f 3141 3029 3145
f 3143 3028 2868
f 3143 2868 2865
f 2869 2871 3146
f 3146 2871 2947
f 3147 2944 3152
f 3151 2946 2953
f 3149 2955 2852
f 2852 2955 2854
f 2897 3155 3130
f 3133 3156 3158
f 3131 3157 2981
f 2980 3159 3161
f 2982 3163 2967
f 2968 3162 3166
f 2969 3167 2984
f 2985 3165 3171
f 2986 3170 3066
f 3067 3172 3178
f 3069 3177 3074
f 3075 3176 3181
f 3076 3180 3077
f 3081 3179 3185
f 3079 3183 3084
f 3083 3187 3194
f 3085 3189 3015
f 3012 3193 3197
f 3014 3195 3017
f 3018 3200 3201
f 3016 3204 2889
f 2886 3203 3207
f 2887 3208 2899
f 2898 3211 3153
f 3199 3216 3202
f 3202 3216 3222
f 3205 3217 3206
f 3209 3218 3225
f 3210 3223 3154
f 3154 3223 3227
f 3154 3227 3160
f 3160 3227 3234
f 3160 3234 3164
f 3164 3234 3236
f 3164 3236 3169
f 3169 3236 3241
f 3168 3239 3173
f 3174 3241 3245
f 3174 3245 3175
f 3175 3245 3251
f 3175 3251 3182
f 3182 3251 3255
f 3182 3255 3188
f 3186 3253 3257
f 3184 3258 3190
f 3191 3260 3266
f 3192 3262 3196
f 3198 3263 3212
f 3229 3272 3231
f 3232 3271 3276
f 3233 3274 3235
f 3237 3275 3279
f 3238 3280 3242
f 3240 3281 3284
f 3243 3285 3246
f 3247 3283 3290
f 3244 3288 3248
f 3250 3287 3291
f 3249 3293 3252
f 3252 3293 3297
f 3254 3296 3259
f 3261 3295 3301
f 3256 3298 3267
f 3264 3299 3303
f 3265 3302 3213
f 3214 3304 3307
f 3215 3306 3219
f 3220 3308 3312
f 3221 3313 3224
f 3224 3313 3314
f 3226 3315 3230
f 3228 3316 3273
f 3278 1190 3282
f 3282 1190 1319
f 3282 1319 3286
f 3286 1319 1313
f 3286 1313 3289
f 3289 1313 1180
f 3289 1180 3292
f 3292 1180 1177
f 3292 1177 3294
f 3294 1177 1166
f 3294 1166 3300
f 3300 1166 1114
f 3300 1114 3305
f 3305 1114 1107
f 3305 1107 3309
f 3309 1107 1100
f 3309 1100 3311
f 3311 1100 1142
f 3310 1143 3317
f 3317 1143 1150
f 3317 1150 3268
f 3270 1151 1198
f 3269 1199 3277
f 3277 1199 1191
f 3089 3318 3098
f 3097 3322 3325
f 3095 3326 3100
f 3101 3327 3331
f 3099 3332 3138
f 3134 3333 3337
f 3137 3339 2893
f 2892 3335 3340
f 2891 3341 2883
f 2884 3342 3346
f 2882 3345 3008
f 3010 3348 3352
f 3007 3354 2901
f 2903 3353 3356
f 2902 3357 2905
f 2906 3355 3366
f 2907 3361 3108
f 3109 3365 3370
f 3110 3367 3116
f 3115 3369 3372
f 3117 3371 3022
f 3022 3371 3374
f 3021 3375 3090
f 3091 3376 3321
f 3368 3382 3373
f 3373 3382 3385
f 3373 3385 3377
f 3378 3384 3392
f 3377 3390 3319
f 3319 3390 3396
f 3320 3393 3324
f 3323 3396 3402
f 3323 3402 3329
f 3330 3398 3404
f 3328 3405 3336
f 3334 3406 3409
f 3338 3411 3343
f 3343 3411 3416
f 3343 3416 3344
f 3344 3416 3420
f 3347 3418 3351
f 3349 3420 3423
f 3350 3424 3358
f 3359 3423 3428
f 3360 3430 3364
f 3363 3429 3434
f 3362 3435 3368
f 3368 3435 3382
f 3394 3442 3399
f 3400 3440 3446
f 3401 3445 3403
f 3407 3443 3450
f 3408 3449 3413
f 3410 3448 3453
f 3412 3451 3414
f 3417 3452 3455
f 3415 3456 3419
f 3421 3457 3460
f 3422 3461 3425
f 3426 3462 3466
f 3427 3464 3432
f 3433 3465 3470
f 3431 3469 3437
f 3438 3468 3471
f 3436 3474 3381
f 3379 3473 3476
f 3380 3477 3386
f 3383 3475 3482
f 3387 3479 3388
f 3389 3480 3483
f 3391 3485 3397
f 3395 3486 3439
f 3444 1260 3447
f 3447 1260 1259
f 3447 1259 3454
f 3454 1259 1254
f 3454 1254 3458
f 3458 1254 1160
f 3458 1160 3459
f 3459 1160 1155
f 3459 1155 3463
f 3463 1155 1146
f 3463 1146 3467
f 3467 1146 1137
f 3467 1137 3472
f 3472 1137 1136
f 3472 1136 3478
f 3478 1136 1246
f 3478 1246 3481
f 3481 1246 1243
f 3481 1243 3484
f 3484 1243 1237
f 3484 1237 3441
f 3441 1237 1264
f 3441 1264 3444
f 3444 1264 1260
f 2950 3487 3033
f 3032 3488 3495
f 3034 3493 3038
f 3037 3494 3502
f 3036 3501 3042
f 3045 3498 3505
f 3041 3503 2959
f 2960 3506 3510
f 2956 3508 2962
f 2965 3511 3512
f 2961 3515 2977
f 2976 3513 3517
f 2975 3518 3125
f 3128 3516 3526
f 3129 3524 3104
f 3107 3525 3529
f 3106 3530 2928
f 2931 3531 3534
f 2926 3536 2932
f 2935 3537 3541
f 2936 3540 2941
f 2940 3538 3544
f 2937 3543 2949
f 2951 3542 3489
f 3509 3549 3514
f 3514 3549 3550
f 3514 3550 3520
f 3520 3550 3553
f 3519 3554 3521
f 3522 3556 3560
f 3523 3561 3528
f 3527 3562 3565
f 3532 3569 3535
f 3533 3570 3571
f 3535 3572 3539
f 3539 3572 3578
f 3539 3578 3545
f 3545 3578 3581
f 3545 3581 3490
f 3490 3581 3587
f 3490 3587 3491
f 3492 3584 3592
f 3496 3588 3500
f 3499 3590 3597
f 3497 3599 3507
f 3504 3596 3600
f 3507 3601 3509
f 3509 3601 3549
f 3585 3606 3593
f 3591 3607 3609
f 3589 3610 3595
f 3598 3611 3616
f 3594 3613 3604
f 3603 3615 3618
f 3602 3619 3546
f 3547 3620 3622
f 3548 3623 3552
f 3552 3623 3626
f 3551 3625 3557
f 3558 3624 3628
f 3555 3629 3563
f 3564 3630 3633
f 3559 3635 3566
f 3567 3634 3638
f 3568 3637 3573
f 3573 3637 3641
f 3574 3640 3575
f 3576 3642 3643
f 3577 3644 3579
f 3580 3645 3648
f 3582 3647 3583
f 3586 3649 3608
f 3612 1222 3614
f 3614 1222 1214
f 3614 1214 3617
f 3617 1214 1132
f 3617 1132 3621
f 3621 1132 1129
f 3621 1129 3627
f 3627 1129 1295
f 3627 1295 3631
f 3631 1295 1292
f 3631 1292 3632
f 3632 1292 1205
f 3632 1205 3636
f 3636 1205 1249
f 3636 1249 3639
f 3639 1249 1256
f 3639 1256 3646
f 3646 1256 1234
f 3646 1234 3650
f 3650 1234 1231
f 3650 1231 3605
f 3605 1231 1225
f 3605 1225 3612
f 3612 1225 1222
f 3057 3654 3063
f 3061 3651 3657
f 3062 3659 2876
f 2879 3658 3663
f 2878 3667 2911
f 2913 3665 3671
f 2912 3670 2918
f 2914 3669 3675
f 2915 3676 2919
f 2920 3678 3681
f 2922 3683 2993
f 2994 3680 3684
f 2992 3686 2988
f 2989 3687 3695
f 2991 3694 2998
f 2999 3692 3696
f 3000 3698 3003
f 3005 3699 3702
f 3002 3703 3046
f 3050 3701 3706
f 3047 3707 3053
f 3051 3708 3711
f 3052 3712 3058
f 3056 3713 3656
f 3705 3718 3709
f 3709 3718 3721
f 3709 3721 3714
f 3714 3721 3724
f 3710 3727 3652
f 3653 3724 3732
f 3655 3731 3662
f 3661 3733 3735
f 3660 3734 3666
f 3664 3739 3740
f 3668 3742 3673
f 3672 3741 3745
f 3672 3745 3677
f 3674 3749 3754
f 3677 3750 3682
f 3682 3750 3758
f 3679 3759 3689
f 3685 3758 3765
f 3688 3763 3691
f 3693 3762 3768
f 3690 3769 3697
f 3700 3767 3775
f 3697 3772 3705
f 3704 3774 3719
f 3729 3779 3736
f 3737 3778 3783
f 3738 3782 3744
f 3744 3782 3788
f 3743 3787 3748
f 3747 3785 3790
f 3746 3789 3753
f 3752 3792 3796
f 3751 3795 3756
f 3755 3793 3798
f 3757 3799 3760
f 3761 3800 3803
f 3764 3802 3771
f 3770 3801 3807
f 3766 3806 3773
f 3777 3808 3811
f 3776 3810 3716
f 3715 3809 3814
f 3717 3813 3720
f 3720 3813 3816
f 3722 3818 3723
f 3726 3819 3821
f 3725 3822 3730
f 3728 3823 3780
f 3784 1272 3786
f 3786 1272 1270
f 3786 1270 3791
f 3791 1270 1267
f 3791 1267 3794
f 3794 1267 1265
f 3794 1265 3797
f 3797 1265 1298
f 3797 1298 3804
f 3804 1298 1306
f 3804 1306 3805
f 3805 1306 1309
f 3805 1309 3812
f 3812 1309 1310
f 3812 1310 3815
f 3815 1310 1282
f 3815 1282 3817
f 3817 1282 1285
f 3817 1285 3820
f 3820 1285 1286
f 3820 1286 3781
f 3781 1286 1277
f 3781 1277 3784
f 3784 1277 1272
f 3826 841 861
f 873 878 3830
f 3824 859 3834
f 871 3829 862
f 864 3827 3836
f 865 3838 3841
f 3840 3844 3850
f 861 863 3835
f 3831 866 3843
f 3833 3839 3853
f 3854 3840 3849
f 3859 3862 2655
f 2653 3860 3865
f 2651 3864 2659
f 3842 3867 3846
f 3846 3867 3871
f 3845 3868 3877
f 3873 3870 3857
f 3872 3856 3881
f 3878 3855 2652
f 2656 3882 2647
f 2649 3883 3886
f 2648 3888 3890
f 3892 3887 3898
f 3901 3852 3906
f 3906 3852 3851
f 3905 3847 3899
f 3900 3848 3910
f 3896 3907 3895
f 2654 2650 3879
f 3879 2650 3894
f 3880 3891 3876
f 3874 3893 3908
f 3875 3909 3844
f 3844 3909 3850
f 877 884 3912
f 877 3912 3828
f 3828 3912 3914
f 3828 3914 3837
f 3837 3914 3867
f 3837 3867 3842
f 3852 3901 3915
f 3852 3915 3832
f 3832 3915 3918
f 3832 3918 3825
f 3825 3918 842
f 3825 842 839
f 101 3904 1079
f 1079 3904 3897
f 1079 3897 1082
f 1082 3897 3889
f 1082 3889 1087
f 1087 3889 3884
f 1087 3884 1090
f 1091 3885 2658
f 45 3902 46
f 46 3902 3904
f 46 3904 101
f 161 843 3917
f 161 3917 164
f 164 3917 3916
f 164 3916 170
f 170 3916 3903
f 168 3902 45
f 279 885 1044
f 1039 301 287
f 283 1045 286
f 288 1046 1042
f 288 1042 1041
f 1022 254 249
f 1040 1034 305
f 305 1034 1033
f 302 1030 250
f 247 1031 1026
f 247 1026 1021
f 1005 232 227
f 1023 1016 252
f 252 1016 1014
f 253 1013 223
f 224 1015 1008
f 224 1008 1006
f 983 272 265
f 1004 1001 228
f 228 1001 995
f 229 996 263
f 266 994 991
f 266 991 984
f 967 209 277
f 985 981 271
f 271 981 976
f 273 974 276
f 275 975 973
f 275 973 964
f 965 960 210
f 210 960 957
f 211 958 215
f 956 951 214
f 214 951 947
f 213 949 222
f 946 940 219
f 219 940 937
f 221 938 171
f 939 931 172
f 172 931 928
f 173 929 178
f 930 923 180
f 180 923 919
f 176 918 191
f 920 913 190
f 190 913 910
f 192 911 196
f 909 904 194
f 194 904 900
f 193 903 153
f 901 895 151
f 151 895 891
f 152 892 158
f 843 161 844
f 845 160 157
f 846 159 887
f 887 159 893
f 311 3866 3913
f 311 3913 310
f 310 3913 3911
f 310 3911 307
f 307 3911 885
f 307 885 279
f 347 3869 314
f 314 3869 3866
f 314 3866 311
f 1058 2660 1069
f 1069 2660 3863
f 1069 3863 1065
f 1065 3863 3861
f 1065 3861 1049
f 1049 3861 3858
f 1049 3858 347
f 347 3858 3869
f 2757 2754 2682
f 2682 2675 2757
f 2757 2675 2672
f 2757 2672 2769
f 2770 2671 2678
f 2770 2678 1576
f 2685 1571 2678
f 2678 1571 1576
f 1602 1571 2691
f 2691 1571 2685
f 2694 1610 2691
f 2691 1610 1602
f 1610 2694 2814
f 1610 2814 1618
f 1618 2814 2818
f 1618 2818 1662
f 1662 2818 2823
f 1662 2823 1656
f 1656 2823 2642
f 1656 2642 1629
f 1056 1646 2642
f 2642 1646 1629
f 1053 1579 1060
f 1060 1579 1583
f 1060 1583 1062
f 1062 1583 1590
f 1062 1590 1055
f 1055 1590 1642
f 1055 1642 1056
f 1056 1642 1646
f 1579 1053 1050
f 1579 1050 2844
f 2844 1050 388
f 2844 388 2846
f 2846 388 2848
f 2848 388 385
f 2848 385 2838
f 2838 385 390
f 2838 390 1335
f 1335 390 374
f 82 1469 1465
f 81 1463 68
f 68 1463 1459
f 68 1459 787
f 787 1459 1453
f 787 1453 761
f 761 1453 1448
f 761 1448 836
f 836 1448 1443
f 836 1443 834
f 834 1443 715
f 715 1443 1439
f 715 1439 718
f 718 1439 1433
f 718 1433 725
f 725 1433 1429
f 725 1429 734
f 734 1429 1424
f 733 1422 20
f 20 1422 1417
f 20 1417 4
f 4 1417 1412
f 4 1412 622
f 622 1412 1407
f 622 1407 625
f 625 1407 1402
f 625 1402 628
f 628 1402 1397
f 628 1397 618
f 618 1397 1393
f 618 1393 614
f 614 1393 1388
f 614 1388 602
f 602 1388 1382
f 602 1382 594
f 594 1382 1378
f 594 1378 514
f 514 1378 1373
f 514 1373 479
f 479 1373 1368
f 479 1368 483
f 483 1368 1363
f 483 1363 486
f 486 1363 1357
f 486 1357 475
f 475 1357 1353
f 475 1353 472
f 472 1353 1348
f 472 1348 444
f 444 1348 1343
f 444 1343 416
f 416 1343 1337
f 416 1337 362
f 362 1337 1335
f 362 1335 374
f 1469 82 2835
f 2835 82 137
f 2835 137 2828
f 2828 137 108
f 2828 108 2829
f 2830 104 103
f 2830 103 1075
f 2830 1075 2833
f 2833 1075 1073
f 2833 1073 1477
f 1094 1540 1088
f 1088 1540 1549
f 1088 1549 1085
f 1085 1549 1493
f 1085 1493 1070
f 1070 1493 1487
f 1070 1487 1073
f 1073 1487 1477
f 2646 1532 1094
f 1094 1532 1540
f 1532 2646 2820
f 1532 2820 1560
f 1560 2820 2816
f 1559 2815 1506
f 1506 2815 2810
f 1506 2810 1511
f 1511 2810 2711
f 1511 2711 1516
f 2709 1498 2711
f 2711 1498 1516
f 1498 2709 1568
f 1568 2709 2704
f 2667 1564 2704
f 2704 1564 1568
f 2663 2700 2731
f 2731 2729 2663
f 2663 2729 2739
f 2663 2739 2666
f 2666 2739 1564
f 2666 1564 2667
f 1581 2105 1588
f 1588 2105 2107
f 1333 2132 2840
f 2840 2132 2131
f 2840 2131 2843
f 2843 2131 2102
f 2843 2102 1581
f 1581 2102 2105
f 1588 2107 2778
f 1588 2778 1596
f 1596 2778 2785
f 1596 2785 1635
f 1635 2785 2791
f 1635 2791 1639
f 1639 2791 2726
f 1639 2726 1623
f 2132 1333 1339
f 2132 1339 2045
f 2044 1341 1345
f 2043 1346 2052
f 2052 1346 1349
f 2053 1350 2062
f 2062 1350 1354
f 2063 1355 2072
f 2072 1355 1361
f 2070 1359 2074
f 2074 1359 2029
f 2029 1359 1365
f 2027 1366 2155
f 2155 1366 1371
f 2155 1371 2148
f 2147 1369 1375
f 2147 1375 2140
f 2141 1376 1380
f 2141 1380 1986
f 1988 1381 1385
f 1988 1385 1967
f 1966 1386 1390
f 1965 1389 1973
f 1973 1389 1395
f 1970 1396 1982
f 1982 1396 1400
f 1983 1401 2002
f 2002 1401 1865
f 1865 1401 1406
f 1865 1406 1846
f 1844 1405 1409
f 1844 1409 1839
f 1840 1410 1416
f 1840 1416 1833
f 1834 1414 1419
f 1834 1419 1795
f 1796 1420 1426
f 1797 1427 1800
f 1800 1427 1430
f 1800 1430 1785
f 1784 1431 1437
f 1780 1435 1878
f 1878 1435 1440
f 1876 1441 1881
f 1881 1441 1779
f 1779 1441 1445
f 1778 1446 1902
f 1902 1446 1450
f 1898 1452 1908
f 1908 1452 1456
f 1907 1457 1919
f 1919 1457 1462
f 1920 1461 1925
f 1925 1461 1468
f 1925 1468 1740
f 1737 1467 1472
f 1737 1472 1700
f 2721 1627 2726
f 2726 1627 1623
f 1474 1664 2837
f 2837 1664 1715
f 2837 1715 2824
f 2824 1715 1701
f 2824 1701 1473
f 1473 1701 1698
f 1228 1604 2800
f 2800 1604 1617
f 2799 1613 2803
f 2803 1613 1652
f 2803 1652 2807
f 2807 1652 1650
f 2807 1650 2721
f 2721 1650 1627
f 1483 1665 1474
f 1474 1665 1664
f 1241 1600 1229
f 1228 1601 1604
f 1543 2724 2790
f 1543 2790 1554
f 1554 2790 2782
f 1554 2782 1557
f 1557 2782 2777
f 1556 2776 1491
f 1491 2776 1665
f 1491 1665 1483
f 1573 1600 1098
f 1098 1600 1241
f 1536 2719 1543
f 1543 2719 2724
f 1105 1578 1098
f 1098 1578 1573
f 2719 1536 2805
f 2805 1536 1527
f 2805 1527 2801
f 2801 1527 1524
f 2801 1524 2796
f 2796 1524 1518
f 2796 1518 1224
f 1224 1518 1505
f 1171 1327 2767
f 1171 2767 1162
f 1162 2767 2764
f 1162 2764 1120
f 1120 2764 2774
f 1120 2774 1112
f 1112 2774 1578
f 1112 1578 1105
f 1499 1219 1505
f 1505 1219 1224
f 1301 1321 1172
f 1172 1321 1325
f 1569 1207 1501
f 1502 1208 1217
f 1122 1566 2741
f 1122 2741 1183
f 1183 2741 2742
f 1183 2742 1185
f 1185 2742 2728
f 1185 2728 1187
f 1187 2728 1321
f 1187 1321 1301
f 1566 1122 1569
f 1569 1122 1207
f 2860 2688 2753
f 2753 2688 2681
f 2693 2688 2860
f 2864 2698 3144
f 3144 2698 2697
f 3144 2697 3142
f 3142 2697 2693
f 3142 2693 3139
f 3139 2693 2860
f 2870 2714 2864
f 2864 2714 2698
f 2851 2707 3150
f 3150 2707 2718
f 3150 2718 3148
f 3148 2718 2716
f 3148 2716 2870
f 2870 2716 2714
f 2706 2850 2701
f 2701 2850 2732
