mtllib converted_base_link_969696ff.mtl
usemtl material
v 0.02844989486038685 -0.028454070910811424 -0.048920243978500366
v 0.028567031025886536 -0.028449103236198425 -0.04895292595028877
v 0.02844202145934105 -0.028459975495934486 -0.04888169467449188
v 0.028732454404234886 -0.028493449091911316 -0.048663873225450516
v 0.028442243114113808 -0.028493398800492287 -0.04866356775164604
v 0.028528902679681778 -0.028445392847061157 -0.04897705093026161
v 0.028550885617733 -0.028446558862924576 -0.04896949976682663
v 0.02850584127008915 -0.028445862233638763 -0.04897394776344299
v 0.028472354635596275 -0.028449105098843575 -0.04895270615816116
v -0.02855772338807583 -0.028483711183071136 -0.04860375449061394
v -0.028847934678196907 -0.028483660891652107 -0.048603449016809464
v -0.028557946905493736 -0.028450287878513336 -0.04882187768816948
v -0.028683101758360863 -0.028439372777938843 -0.04889284819364548
v -0.028565900400280952 -0.028444381430745125 -0.04886041209101677
v -0.028588425368070602 -0.02843940630555153 -0.048892825841903687
v -0.028666991740465164 -0.028436832129955292 -0.04890945553779602
v -0.028645023703575134 -0.02843567542731762 -0.048917051404714584
v -0.028621956706047058 -0.028436152264475822 -0.048913996666669846
v 0.030995536595582962 -0.03670181706547737 0.004901134874671698
v 0.030980262905359268 -0.036597080528736115 0.004217653069645166
v 0.031242646276950836 -0.036595068871974945 0.004203957039862871
v 0.031047675758600235 -0.03657799959182739 0.004092959221452475
v 0.03198309615254402 -0.03648293390870094 0.003470529103651643
v 0.03187039867043495 -0.036453403532505035 0.0032780393958091736
v 0.0329953208565712 -0.03644201532006264 0.003201297949999571
v 0.03299509361386299 -0.03640793636441231 0.002978893928229809
v 0.034008096903562546 -0.0364832766354084 0.003468404058367014
v 0.03412039950489998 -0.03645378351211548 0.0032756782602518797
v 0.03475004807114601 -0.0365956649184227 0.004200276453047991
v 0.034944791346788406 -0.03657865896821022 0.004088869784027338
v 0.035022370517253876 -0.036749064922332764 0.005200810264796019
v 0.03524737060070038 -0.03674910217523575 0.005200574174523354
v 0.034752096980810165 -0.03690237179398537 0.006201913580298424
v 0.03494706377387047 -0.03691944479942322 0.00631291139870882
v 0.03401164337992668 -0.03701451048254967 0.006935341749340296
v 0.03412434086203575 -0.037044040858745575 0.007127831224352121
v 0.032999418675899506 -0.03705542907118797 0.007204572670161724
v 0.03299964591860771 -0.037089504301548004 0.007426976691931486
v 0.031986646354198456 -0.03701416403055191 0.006937466561794281
v 0.03187434375286102 -0.03704365715384483 0.007130192592740059
v 0.03124469518661499 -0.03690177574753761 0.006205594167113304
v 0.031049951910972595 -0.03691878169775009 0.006317000836133957
v 0.030996158719062805 -0.03679494559764862 0.0055089364759624004
v 0.030982283875346184 -0.03689967468380928 0.006192449014633894
v -0.031000757589936256 -0.03678441047668457 0.005573996342718601
v -0.030985483899712563 -0.03688914328813553 0.0062574781477451324
v -0.03124786727130413 -0.0368911549448967 0.006271174177527428
v -0.03105289675295353 -0.03690822795033455 0.006382171530276537
v -0.031988319009542465 -0.0370032899081707 0.0070046023465693
v -0.031875621527433395 -0.037032824009656906 0.007197091821581125
v -0.03300054371356964 -0.037044208496809006 0.007273833267390728
v -0.033000316470861435 -0.037078287452459335 0.00749623728916049
v -0.03401331603527069 -0.03700294718146324 0.007006727159023285
v -0.034125618636608124 -0.037032440304756165 0.0071994527243077755
v -0.034755270928144455 -0.036890558898448944 0.006274854764342308
v -0.03495001047849655 -0.03690756484866142 0.006386261433362961
v -0.03502758964896202 -0.03673715889453888 0.00527432095259428
v -0.035252589732408524 -0.036737121641635895 0.005274557042866945
v -0.03475731611251831 -0.036583852022886276 0.004273217171430588
v -0.03495228663086891 -0.036566779017448425 0.0041622198186814785
v -0.034016866236925125 -0.036471717059612274 0.003539789468050003
v -0.034129563719034195 -0.03644218295812607 0.003347299760207534
v -0.03300464153289795 -0.03643079847097397 0.003270558314397931
v -0.033004868775606155 -0.03639671951532364 0.003048154292628169
v -0.0319918654859066 -0.03647205978631973 0.003537664422765374
v -0.03187956288456917 -0.03644256666302681 0.00334493862465024
v -0.031249916180968285 -0.03658444806933403 0.004269536584615707
v -0.03105517290532589 -0.03656744211912155 0.004158130381256342
v -0.0310013797134161 -0.03669127821922302 0.004966194741427898
v -0.030987504869699478 -0.03658654913306236 0.004282681737095118
v 0.000336193828843534 -0.04143818840384483 0.03587808459997177
v 0.0010276536922901869 -0.041436098515987396 0.03586295247077942
v 0.0010414962889626622 -0.041475843638181686 0.036122310906648636
v 0.001153799006715417 -0.041446346789598465 0.03592958301305771
v 0.0017834471073001623 -0.041588231921195984 0.036854181438684464
v 0.0019781889859586954 -0.04157122224569321 0.03674277663230896
v 0.0020557697862386703 -0.04174162819981575 0.037854716181755066
v 0.0022807694040238857 -0.04174166917800903 0.03785448148846626
v 0.0017854954348877072 -0.04189493507146835 0.03885582089424133
v 0.001980464905500412 -0.041912008076906204 0.038966815918684006
v 0.0010450441623106599 -0.042007073760032654 0.03958924859762192
v 0.0011577411787584424 -0.04203660413622856 0.03978173807263374
v 3.2819178159115836e-05 -0.04204799234867096 0.03985847905278206
v 3.304677738924511e-05 -0.04208207130432129 0.04008088260889053
v -0.000979954726062715 -0.0420067273080349 0.03959137201309204
v -0.0010922574438154697 -0.04203622043132782 0.03978409990668297
v -0.0017219055444002151 -0.0418943390250206 0.03885950148105621
v -0.0019166473066434264 -0.04191134497523308 0.03897090628743172
v -0.001994228223338723 -0.04174094274640083 0.03785896673798561
v -0.0022192278411239386 -0.04174090176820755 0.037859201431274414
v -0.00172395387198776 -0.04158763214945793 0.036857862025499344
v -0.0019189233426004648 -0.04157056286931038 0.03674686327576637
v -0.0009835025994107127 -0.04147549718618393 0.03612443432211876
v -0.0010961996158584952 -0.04144596680998802 0.035931944847106934
v -0.0002787015400826931 -0.041438084095716476 0.035878732800483704
v -0.0009701909148134291 -0.04143575578927994 0.03586504980921745
v 0.02445659227669239 -0.030640840530395508 -0.03464021533727646
v 0.02445586957037449 -0.03053276427090168 -0.035345543175935745
v 0.02470218762755394 -0.03053557500243187 -0.0353277362883091
v 0.024507218971848488 -0.03051850199699402 -0.03543873503804207
v 0.025442639365792274 -0.030423438176512718 -0.03606116771697998
v 0.025329941883683205 -0.03039390593767166 -0.036253657191991806
v 0.02645486406981945 -0.030382519587874413 -0.03633039817214012
v 0.026454636827111244 -0.030348440632224083 -0.036552801728248596
v 0.02746763825416565 -0.030423782765865326 -0.036063291132450104
v 0.027579940855503082 -0.030394289642572403 -0.03625601530075073
v 0.028209587559103966 -0.030536171048879623 -0.03533141687512398
v 0.02840433083474636 -0.030519165098667145 -0.03544282540678978
v 0.02848191186785698 -0.03068956919014454 -0.034330882132053375
v 0.028706911951303482 -0.030689608305692673 -0.03433112055063248
v 0.02821163646876812 -0.030842876061797142 -0.03332978114485741
v 0.02840660698711872 -0.030859949067234993 -0.033218782395124435
v 0.027471186593174934 -0.030955012887716293 -0.03259635344147682
v 0.027583884075284004 -0.03098454512655735 -0.032403863966464996
v 0.02645896002650261 -0.0309959314763546 -0.03232711926102638
v 0.026459189131855965 -0.03103001043200493 -0.03210471570491791
v 0.02544618584215641 -0.030954668298363686 -0.0325942300260067
v 0.025333883240818977 -0.030984163284301758 -0.03240150213241577
v 0.024704236537218094 -0.030842280015349388 -0.033326100558042526
v 0.024509495124220848 -0.030859285965561867 -0.033214692026376724
v 0.024457234889268875 -0.030736930668354034 -0.03401310741901398
v 0.024457955732941628 -0.030845006927847862 -0.03330777585506439
v -0.0008064177236519754 0.046889714896678925 -0.03556535765528679
v -0.0010601961985230446 0.04688051715493202 -0.035566508769989014
v -0.0011352741857990623 0.047260209918022156 -0.035508252680301666
v -0.0012868570629507303 0.047173745930194855 -0.03552134707570076
v -0.0013058831682428718 0.04789038747549057 -0.035411518067121506
v -0.0014808831037953496 0.04789041727781296 -0.03541133180260658
v -0.0011348573025316 0.04852050542831421 -0.03531514108181
v -0.0012863829033449292 0.04860702157020569 -0.035301730036735535
v -0.0006680225487798452 0.04898172244429588 -0.03524494543671608
v -0.0007554729236289859 0.049131542444229126 -0.035221900790929794
v -3.0467024771496654e-05 0.049150463193655014 -0.035219743847846985
v -3.040980845980812e-05 0.049323443323373795 -0.03519323840737343
v 0.000606976798735559 0.04898150637745857 -0.035246286541223526
v 0.0006945262430235744 0.04913129657506943 -0.03522342070937157
v 0.0010735063115134835 0.048520129173994064 -0.03531745821237564
v 0.0012250891886651516 0.048606593161821365 -0.03530436381697655
v 0.0012441154103726149 0.04788995534181595 -0.0354141928255558
v 0.0014191152295097709 0.04788992553949356 -0.035414375364780426
v 0.001073089544661343 0.04725983738899231 -0.03551056981086731
v 0.0012246151454746723 0.04717332124710083 -0.03552398085594177
v 0.0007439880282618105 0.046889450401067734 -0.03556698560714722
v 0.000997760333120823 0.04688016697764397 -0.03556866943836212
v -0.024552542716264725 -0.017631858587265015 -0.04542754217982292
v -0.02455262839794159 -0.017887907102704048 -0.04546677693724632
v -0.024915145710110664 -0.01794140227138996 -0.04547460004687309
v -0.02482769638299942 -0.018091222271323204 -0.045497648417949677
v -0.025552701205015182 -0.018110141158103943 -0.045499805361032486
v -0.02555275894701481 -0.018283121287822723 -0.04552631080150604
v -0.026190144941210747 -0.01794118620455265 -0.045473262667655945
v -0.02627769485116005 -0.018090976402163506 -0.045496124774217606
v -0.026656676083803177 -0.017479807138442993 -0.04540209099650383
v -0.026808258146047592 -0.017566272988915443 -0.045415185391902924
v -0.026827285066246986 -0.016849631443619728 -0.04530535638332367
v -0.027002284303307533 -0.01684960164129734 -0.045305173844099045
v -0.02665625885128975 -0.01621951535344124 -0.04520897939801216
v -0.026807785034179688 -0.01613299921154976 -0.0451955683529377
v -0.026189422234892845 -0.015758296474814415 -0.04513878747820854
v -0.026276875287294388 -0.015608476474881172 -0.04511573910713196
v -0.025551866739988327 -0.015589558519423008 -0.04511358216404915
v -0.02555181086063385 -0.015416576527059078 -0.04508707672357559
v -0.024914424866437912 -0.015758514404296875 -0.04514012485742569
v -0.02482687495648861 -0.015608723275363445 -0.04511726275086403
v -0.024552026763558388 -0.01606817916035652 -0.04518794268369675
v -0.024551941081881523 -0.015812132507562637 -0.045148711651563644
v -0.024539465084671974 0.02190667949616909 -0.039369162172079086
v -0.02453955076634884 0.021650629118084908 -0.03940839692950249
v -0.024902068078517914 0.021597135812044144 -0.03941622003912926
v -0.02481461875140667 0.021447312086820602 -0.03943926841020584
v -0.025539623573422432 0.02142839878797531 -0.03944142535328865
v -0.02553967945277691 0.021255414932966232 -0.03946793079376221
v -0.026177067309617996 0.021597351878881454 -0.03941488265991211
v -0.0262646172195673 0.02144755981862545 -0.03943774476647377
v -0.026643598452210426 0.022058729082345963 -0.039343710988759995
v -0.02679518051445484 0.02197226509451866 -0.03935680165886879
v -0.026814207434654236 0.022688904777169228 -0.039246976375579834
v -0.026989206671714783 0.022688934579491615 -0.03924679011106491
v -0.026643181219697 0.023319019004702568 -0.039150599390268326
v -0.026794705539941788 0.023405535146594048 -0.03913718834519386
v -0.026176344603300095 0.02378023788332939 -0.03908040374517441
v -0.026263795793056488 0.023930059745907784 -0.03905735909938812
v -0.025538789108395576 0.023948978632688522 -0.03905520215630531
v -0.02553873136639595 0.024121958762407303 -0.03902869671583176
v -0.024901345372200012 0.02378002181649208 -0.039081744849681854
v -0.02481379732489586 0.023929813876748085 -0.039058879017829895
v -0.0245266854763031 0.023454776033759117 -0.03913196176290512
v -0.024517253041267395 0.02370562218129635 -0.039093535393476486
v 0.02444794587790966 -0.016076507046818733 -0.04523936286568642
v 0.024448029696941376 -0.015820462256669998 -0.045200131833553314
v 0.02481054700911045 -0.015766965225338936 -0.045192304998636246
v 0.024723097681999207 -0.015617145225405693 -0.04516926035284996
v 0.02544810250401497 -0.015598227269947529 -0.04516710340976715
v 0.025448160246014595 -0.015425245277583599 -0.045140597969293594
v 0.026085546240210533 -0.015767183154821396 -0.045193642377853394
v 0.026173098012804985 -0.015617391094565392 -0.04517078027129173
v 0.026552077382802963 -0.016228560358285904 -0.04526481777429581
v 0.02670365944504738 -0.016142094507813454 -0.04525172337889671
v 0.026722686365246773 -0.01685873419046402 -0.04536155238747597
v 0.02689768560230732 -0.016858763992786407 -0.04536173492670059
v 0.026551660150289536 -0.01748885214328766 -0.045457929372787476
v 0.026703186333179474 -0.017575368285179138 -0.04547134041786194
v 0.02608482353389263 -0.017950071021914482 -0.045528121292591095
v 0.026172276586294174 -0.018099891021847725 -0.04555116593837738
v 0.025447269901633263 -0.018118809908628464 -0.04555332288146019
v 0.025447212159633636 -0.018291790038347244 -0.045579828321933746
v 0.0248098261654377 -0.017949853092432022 -0.04552678391337395
v 0.024722276255488396 -0.018099645152688026 -0.04554964601993561
v 0.024447428062558174 -0.017640188336372375 -0.04547896236181259
v 0.02444734238088131 -0.01789623498916626 -0.04551819711923599
v -0.024556143209338188 -0.028513887897133827 -0.04709496721625328
v -0.02455620840191841 -0.028711579740047455 -0.047125257551670074
v -0.028156142681837082 -0.02851327508687973 -0.04709118604660034
v -0.028556207194924355 -0.028710899874567986 -0.04712105914950371
v -0.028139205649495125 0.022689130157232285 -0.03924558311700821
v 0.024443762376904488 -0.028719909489154816 -0.047176677733659744
v 0.02444382756948471 -0.02852221578359604 -0.04714638739824295
v 0.02844376116991043 -0.028720589354634285 -0.04718087613582611
v 0.028043827041983604 -0.028522828593850136 -0.04715016484260559
v 0.02846076339483261 0.022679509595036507 -0.039304979145526886
v 0.02806076407432556 0.022679578512907028 -0.03930456191301346
v 0.028411880135536194 0.024337980896234512 -0.03905080631375313
v 0.0273582823574543 0.02886039763689041 -0.03835676982998848
v 0.027393266558647156 0.030326493084430695 -0.038132160902023315
v 0.02528197690844536 0.03473152592778206 -0.03745502606034279
v 0.02509991265833378 0.03595989570021629 -0.03726661950349808
v 0.021935960277915 0.03999856114387512 -0.036644548177719116
v -0.028539204970002174 0.022689199075102806 -0.03924516588449478
v -0.02848922647535801 0.02434765174984932 -0.03899109363555908
v -0.0274326354265213 0.028869710862636566 -0.03829927369952202
v -0.027466649189591408 0.030335819348692894 -0.038074590265750885
v -0.025352446362376213 0.034740131348371506 -0.037401892244815826
v -0.02516956999897957 0.035968437790870667 -0.03721386566758156
v -0.022002946585416794 0.04000603035092354 -0.036598436534404755
v -0.02170472778379917 0.04098377376794815 -0.036448925733566284
v -0.0175520908087492 0.04440334066748619 -0.035929203033447266
v -0.017233125865459442 0.04514876380562782 -0.03581530973315239
v -0.012223069556057453 0.0477115735411644 -0.035427745431661606
v -0.011962554417550564 0.04826987162232399 -0.03534246236085892
v -0.006283098831772804 0.04976483806967735 -0.035119205713272095
v -0.006137927062809467 0.05020206794142723 -0.035052359104156494
v -3.0033816074137576e-05 0.050460174679756165 -0.03501905873417854
v -2.990303619299084e-05 0.05085555836558342 -0.034958478063344955
v 0.006222570780664682 0.04976271465420723 -0.035132329910993576
v 0.006077687721699476 0.05019998922944069 -0.0350651778280735
v 0.01216118223965168 0.04770743101835251 -0.03545333445072174
v 0.011901036836206913 0.048265814781188965 -0.03536750748753548
v 0.017488013952970505 0.04439738392829895 -0.03596597537398338
v 0.017169542610645294 0.04514291509985924 -0.035851411521434784
v 0.02163838967680931 0.04097640514373779 -0.036494411528110504
v 0.029671568423509598 0.03639814257621765 0.016414456069469452
v 0.030918467789888382 0.036542315036058426 0.015470840968191624
v 0.029247954487800598 0.03663676232099533 0.014858068898320198
v 0.030127234756946564 0.03680530562996864 0.013756216503679752
v 0.028093809261918068 0.03681159019470215 0.013719601556658745
v 0.028688739985227585 0.0369952991604805 0.012519375421106815
v 0.02683589980006218 0.03687329217791557 0.013319626450538635
v 5.1576436817413196e-05 0.03191239759325981 0.04575349763035774
v 0.0010061411885544658 0.03172323480248451 0.04698596149682999
v 0.001626148703508079 0.03197605162858963 0.04533468931913376
v 0.0027408169116824865 0.031842514872550964 0.046203773468732834
v 0.0027779617812484503 0.03215048462152481 0.044193804264068604
v 0.00399216590449214 0.03205998241901398 0.04478181153535843
v 0.003182667540386319 0.0323408767580986 0.04295038431882858
v 0.026842240244150162 0.03592395409941673 0.019515229389071465
v 0.02789074182510376 0.03569435700774193 0.021011384204030037
v 0.02809932827949524 0.03598523139953613 0.019112614914774895
v 0.028696713969111443 0.03580131754279137 0.020311590284109116
v 0.029251139611005783 0.036159664392471313 0.01797172799706459
v 0.030132675543427467 0.035990823060274124 0.019071731716394424
v 0.030920395627617836 0.036253541707992554 0.017355451360344887
v -0.02962839975953102 0.03640821948647499 0.01647668518126011
v -0.030875299125909805 0.036264047026634216 0.017420299351215363
v -0.02920478582382202 0.03616959974169731 0.018033070489764214
v -0.030084067955613136 0.036001056432724 0.019134923815727234
v -0.02805064059793949 0.035994771867990494 0.019171539694070816
v -0.028645571321249008 0.03581106290221214 0.02037176489830017
v -0.026792731136083603 0.03593306988477707 0.019571514800190926
v 0.014820601791143417 0.04028979316353798 -0.008951394818723202
v 0.014617374166846275 0.04052570089697838 -0.010490549728274345
v 0.0132451755926013 0.04035397991538048 -0.009366892278194427
v 0.012719484977424145 0.040553897619247437 -0.010670467279851437
v 0.011670603416860104 0.04029032960534096 -0.008948088623583317
v 0.01091653760522604 0.04046056047081947 -0.01005743071436882
v 0.010691163130104542 0.040156297385692596 -0.008071244694292545
v 0.009901171550154686 0.04040846973657608 -0.009715287014842033
v 0.008913334459066391 0.04026159644126892 -0.008754617534577847
v -0.0039504943415522575 0.040618106722831726 -0.0110535379499197
v -0.003139499807730317 0.04046548530459404 -0.010059245862066746
v -0.0035108006559312344 0.04070976749062538 -0.011652674525976181
v -0.0027347938157618046 0.04065587744116783 -0.011302663013339043
v -0.0023984904401004314 0.04090307280421257 -0.012916640378534794
v -0.0015829807380214334 0.04083031043410301 -0.012443550862371922
v -0.0008565565221942961 0.041009098291397095 -0.01361191924661398
v -8.408511348534375e-06 0.04089396446943283 -0.012862355448305607
v 0.000838203530292958 0.04100881144404411 -0.013613698072731495
v 0.002381557133048773 0.040902260690927505 -0.012921656481921673
v 0.0015670175198465586 0.04082977771759033 -0.012446856126189232
v 0.0034964520018547773 0.040708575397729874 -0.01166002731770277
v 0.002721163211390376 0.040654949843883514 -0.011308388784527779
v 0.003937371075153351 0.04061676561832428 -0.011061815544962883
v 0.003128413110971451 0.04046441987156868 -0.01006582286208868
v 0.0040695094503462315 0.04060152918100357 -0.010962659493088722
v 0.027881337329745293 0.037102535367012024 0.01182127371430397
v 0.027444269508123398 0.037251051515340805 0.010852946899831295
v 0.025497399270534515 0.03774949908256531 0.007604174315929413
v 0.025616008788347244 0.03811465948820114 0.005220766179263592
v 0.022868594154715538 0.03857499361038208 0.0022224425338208675
v 0.022618703544139862 0.03890009596943855 0.00010128705616807565
v 0.01909414492547512 0.039291586726903915 -0.0024460835848003626
v 0.018589256331324577 0.03957148268818855 -0.004271654412150383
v 0.016122503206133842 0.03968070447444916 -0.004979139659553766
v 0.01795763336122036 0.03970301151275635 -0.005128682125359774
v 0.016398360952734947 0.03987634554505348 -0.006256540771573782
v 0.017747540026903152 0.039862409234046936 -0.0061684888787567616
v 0.015974747017025948 0.04011496528983116 -0.007812927477061749
v 0.01737930253148079 0.040145862847566605 -0.008017596788704395
v 0.016269506886601448 0.04038103297352791 -0.00954997818917036
v -0.003085245145484805 0.03234194219112396 0.042956963181495667
v -0.00459891464561224 0.03218362480401993 0.04399344325065613
v -0.0026779952459037304 0.03215141221880913 0.04419953003525734
v -0.0038909935392439365 0.03206132352352142 0.044790081679821014
v -0.0015238495543599129 0.03197658434510231 0.04533799737691879
v -0.00263673672452569 0.03184342756867409 0.046209417283535004
v -0.0009004637831822038 0.03172355890274048 0.04698796570301056
v 0.008834234438836575 0.04042567312717438 -0.009825265035033226
v 0.007174273952841759 0.040501028299331665 -0.010313477367162704
v 0.00422720005735755 0.040593668818473816 -0.010911701247096062
v 0.004698455333709717 0.03218204528093338 0.043983686715364456
v 0.005678106099367142 0.03224792703986168 0.04355161264538765
v 0.008964892476797104 0.03254173696041107 0.04162704199552536
v 0.010867216624319553 0.03248986974358559 0.041961412876844406
v 0.014409567229449749 0.03293813392519951 0.03902829438447952
v 0.01564803719520569 0.03287913650274277 0.039410654455423355
v 0.019132768735289574 0.03350828215479851 0.03529715538024902
v 0.01984059065580368 0.033401064574718475 0.03599536046385765
v 0.02289765514433384 0.03422359749674797 0.030620716512203217
v 0.02328704483807087 0.03403601050376892 0.03184410184621811
v 0.025515440851449966 0.03504820168018341 0.025233479216694832
v 0.025857659056782722 0.034760069102048874 0.027113158255815506
v 0.027455655857920647 0.03554598614573479 0.02198062650859356
v -0.027838168665766716 0.03570382669568062 0.02106986753642559
v -0.02740110084414482 0.03555531054735184 0.02203819341957569
v -0.025454232469201088 0.03505686670541763 0.025286966934800148
v -0.025572840124368668 0.0346917025744915 0.027670374140143394
v -0.02282542549073696 0.03423136845231056 0.030668698251247406
v -0.022575536742806435 0.03390626609325409 0.03278985247015953
v -0.019050976261496544 0.03351477533578873 0.03533722460269928
v -0.018546087667346 0.03323487937450409 0.037162795662879944
v -0.016079336404800415 0.033125657588243484 0.03787028044462204
v -0.017914464697241783 0.033103350549936295 0.0380198210477829
v -0.01635519228875637 0.03293001651763916 0.03914768248796463
v -0.017704373225569725 0.032943952828645706 0.039059627801179886
v -0.01593158021569252 0.03269139677286148 0.040704067796468735
v -0.017336135730147362 0.03266049921512604 0.04090873897075653
v -0.014777434058487415 0.03251656889915466 0.04184253513813019
v -0.008921724744141102 0.04026462510228157 -0.0087359007447958
v -0.012961644679307938 0.040164779871702194 -0.008075566962361336
v -0.014366399496793747 0.039868228137493134 -0.0061371526680886745
v -0.01810126006603241 0.03964177519083023 -0.00465120654553175
v -0.019089601933956146 0.039298079907894135 -0.0024060134310275316
v -0.022352872416377068 0.038960084319114685 -0.00019312073709443212
v -0.022854486480355263 0.03858276456594467 0.002270424272865057
v -0.025508148595690727 0.03815310075879097 0.005080250091850758
v -0.02547227218747139 0.03775816038250923 0.007657661568373442
v -0.02741248905658722 0.037260375916957855 0.010910513810813427
v -0.026799071580171585 0.03688240796327591 0.013375910930335522
v -0.027847573161125183 0.037112005054950714 0.01187975611537695
v -0.028056159615516663 0.03682113066315651 0.013778525404632092
v -0.028653545305132866 0.037005044519901276 0.01257955003529787
v -0.029207972809672356 0.03664669767022133 0.01491941325366497
v -0.03008950687944889 0.03681553900241852 0.013819408603012562
v -0.03087722882628441 0.03655282035470009 0.015535689890384674
v -0.004082429688423872 0.0406029149889946 -0.010954104363918304
v -0.004240015521645546 0.04059510678052902 -0.010902815498411655
v -0.007185858674347401 0.040503472089767456 -0.010298407636582851
v -0.01622633822262287 0.032425329089164734 0.04244111850857735
v -0.014574205502867699 0.032280661165714264 0.043381690979003906
v -0.013202006928622723 0.032452382147312164 0.04225803166627884
v -0.012676317244768143 0.032252464443445206 0.04356160759925842
v -0.011627435684204102 0.032516032457351685 0.04183923080563545
v -0.010873368941247463 0.03234580159187317 0.04294857010245323
v -0.01064799539744854 0.032650064677000046 0.04096238687634468
v -0.009858003817498684 0.03239789232611656 0.042606428265571594
v -0.008870166726410389 0.03254476562142372 0.04164575785398483
v -0.008791066706180573 0.032380688935518265 0.04271640628576279
v -0.005579447839409113 0.03224983811378479 0.04356342554092407
v 0.006880592089146376 0.03305480629205704 0.03828311711549759
v 0.007338586263358593 0.03298543021082878 0.03873489052057266
v 0.007457552012056112 0.0330728143453598 0.03816433995962143
v 0.006255423184484243 0.03308027610182762 0.03811823949217796
v 0.006695018615573645 0.033139586448669434 0.037730224430561066
v 0.005630592815577984 0.03305501863360405 0.03828442841768265
v 0.005815034732222557 0.03313973546028137 0.037731148302555084
v 0.005173524376004934 0.03298579901456833 0.038737162947654724
v 0.005053390748798847 0.03307322412729263 0.03816686570644379
v 0.005006688181310892 0.0328911654651165 0.03935512900352478
v 0.004614169243723154 0.03295787051320076 0.03892062231898308
v 0.005174788646399975 0.0327964723110199 0.03997274115681648
v 0.0046150595881044865 0.03282459080219269 0.039790455251932144
v 0.005632782820612192 0.03272709622979164 0.040424514561891556
v 0.0050558228977024555 0.032709088176488876 0.040543291717767715
v 0.006257951725274324 0.03270162642002106 0.04058939591050148
v 0.0058183567598462105 0.03264231979846954 0.04097740724682808
v 0.006882782094180584 0.03272688388824463 0.0404232032597065
v 0.006698340643197298 0.032642167061567307 0.04097648337483406
v 0.0073398505337536335 0.03279610350728035 0.03997046872973442
v 0.007459984160959721 0.032708678394556046 0.04054076597094536
v 0.007506687194108963 0.03289073705673218 0.03935250639915466
v 0.007899205200374126 0.03282403200864792 0.03978700935840607
v 0.007898314855992794 0.03295731171965599 0.038917176425457
v 0.021960075944662094 0.03545863553881645 0.022562546655535698
v 0.02156844735145569 0.03539206087589264 0.02299787476658821
v 0.02212817594408989 0.03536394611001015 0.02318016067147255
v 0.02200920879840851 0.035276561975479126 0.023750709369778633
v 0.022586168721318245 0.03529457002878189 0.023631934076547623
v 0.022771742194890976 0.035209789872169495 0.024184826761484146
v 0.023211339488625526 0.03526910021901131 0.023796813562512398
v 0.0236517284065485 0.035209640860557556 0.024183902889490128
v 0.0238361693918705 0.03529435768723488 0.023630622774362564
v 0.024413371458649635 0.035276152193546295 0.023748187348246574
v 0.024293236434459686 0.0353635773062706 0.023177888244390488
v 0.024460073560476303 0.03545821085572243 0.02255992405116558
v 0.02485259249806404 0.03539150580763817 0.022994428873062134
v 0.02429197169840336 0.03555290400981903 0.02194231003522873
v 0.02485170215368271 0.03552478551864624 0.022124595940113068
v 0.023833978921175003 0.03562228009104729 0.021490536630153656
v 0.02441093884408474 0.03564028814435005 0.021371761336922646
v 0.02320881001651287 0.03564774990081787 0.02132565714418888
v 0.023648405447602272 0.035707056522369385 0.020937643945217133
v 0.02258397825062275 0.0356224924325943 0.021491849794983864
v 0.022768421098589897 0.03570720925927162 0.02093856781721115
v 0.02212691120803356 0.03555326908826828 0.02194458246231079
v 0.022006778046488762 0.035640694200992584 0.021374283358454704
v 0.021567557007074356 0.03552534431219101 0.022128041833639145
v 0.018178267404437065 0.03878838196396828 0.0008399409125559032
v 0.01861748844385147 0.03890373557806015 8.618324500275776e-05
v 0.018224969506263733 0.03897044062614441 -0.00034832124947570264
v 0.018056869506835938 0.03906513378024101 -0.0009659361094236374
v 0.01861659809947014 0.03903701528906822 -0.0007836504955776036
v 0.017598874866962433 0.03913450613617897 -0.0014177082339301705
v 0.01817583478987217 0.039152517914772034 -0.0015364846913143992
v 0.0169737059623003 0.03915997967123985 -0.001582588767632842
v 0.01741330325603485 0.03921928629279137 -0.001970600802451372
v 0.01634887605905533 0.03913472220301628 -0.0014163964660838246
v 0.016533317044377327 0.039219435304403305 -0.001969677396118641
v 0.01589180715382099 0.03906549885869026 -0.000963664089795202
v 0.01577167399227619 0.039152923971414566 -0.001533961738459766
v 0.015724971890449524 0.038970865309238434 -0.0003456977428868413
v 0.018058134242892265 0.03887580707669258 0.0002696432056836784
v 0.01760106533765793 0.03880658745765686 0.000722375581972301
v 0.01741662435233593 0.03872187063097954 0.001275656628422439
v 0.016976233571767807 0.03878132998943329 0.0008885679417289793
v 0.016536638140678406 0.038722019642591476 0.0012765800347551703
v 0.016351064667105675 0.03880679979920387 0.0007236873498186469
v 0.015774106606841087 0.03878879174590111 0.0008424638654105365
v 0.01589307188987732 0.03887617588043213 0.00027191522531211376
v 0.015333343297243118 0.03890429064631462 8.962962601799518e-05
v 0.015332452952861786 0.03903757408261299 -0.0007802040781825781
v -0.007295418530702591 0.03982093185186386 -0.005843749735504389
v -0.00741438427940011 0.03973354771733284 -0.0052732015028595924
v -0.006837423890829086 0.039751555770635605 -0.0053919777274131775
v -0.006651850417256355 0.03966677561402321 -0.004839085042476654
v -0.006212254986166954 0.03972608596086502 -0.005227097310125828
v -0.005771866533905268 0.03966662660241127 -0.004840008448809385
v -0.005587425082921982 0.03975134342908859 -0.005393289495259523
v -0.005130356177687645 0.03982056304812431 -0.005846022162586451
v -0.005010223016142845 0.03973313793540001 -0.005275724455714226
v -0.004963519982993603 0.03991519659757614 -0.006463988218456507
v -0.004571001511067152 0.03984849154949188 -0.006029481999576092
v -0.005131620913743973 0.040009889751672745 -0.007081601303070784
v -0.004571891855448484 0.039981771260499954 -0.0068993158638477325
v -0.00558961508795619 0.040079265832901 -0.007533373311161995
v -0.005012654699385166 0.040097273886203766 -0.007652150001376867
v -0.006214783992618322 0.040104735642671585 -0.007698253728449345
v -0.005775188561528921 0.0401640422642231 -0.008086265996098518
v -0.006839614361524582 0.04007947817444801 -0.007532061543315649
v -0.006655172444880009 0.040164195001125336 -0.008085343055427074
v -0.0072966828010976315 0.04001025855541229 -0.007079329341650009
v -0.007416816428303719 0.0400976836681366 -0.007649627048522234
v -0.007463518995791674 0.039915625005960464 -0.006461364682763815
v -0.007856037467718124 0.039982330054044724 -0.006895869038999081
v -0.007855147123336792 0.03984905034303665 -0.006026035640388727
v -0.024416904896497726 0.037348151206970215 0.01033121719956398
v -0.024809423834085464 0.037414856255054474 0.009896712377667427
v -0.02424880489706993 0.03725345805287361 0.010948830284178257
v -0.024808533489704132 0.0372815765440464 0.010766544379293919
v -0.023790810257196426 0.037184081971645355 0.01140060368925333
v -0.024367770180106163 0.03716607391834259 0.01151937898248434
v -0.023165643215179443 0.03715861216187477 0.01156548410654068
v -0.023605238646268845 0.03709930554032326 0.011953496374189854
v -0.022540811449289322 0.03718386963009834 0.011399291455745697
v -0.02272525243461132 0.03709915280342102 0.011952572502195835
v -0.022083742544054985 0.03725309297442436 0.010946557857096195
v -0.021963609382510185 0.03716566786170006 0.011516856029629707
v -0.021916907280683517 0.03734772652387619 0.010328593663871288
v -0.02152438834309578 0.03728101775050163 0.010763097554445267
v -0.022085007280111313 0.037442415952682495 0.009710979647934437
v -0.021525278687477112 0.0374143011868 0.009893265552818775
v -0.022543001919984818 0.03751179203391075 0.009259207174181938
v -0.02196604199707508 0.037529800087213516 0.009140430949628353
v -0.02316817082464695 0.037537261843681335 0.009094325825572014
v -0.0227285735309124 0.03759657219052315 0.008706314489245415
v -0.023793000727891922 0.037512004375457764 0.009260518476366997
v -0.023608559742569923 0.037596721202135086 0.008707238361239433
v -0.02425006963312626 0.03744278475642204 0.009713252075016499
v -0.02437020279467106 0.03753020986914635 0.009142953902482986
v -0.01813509874045849 0.034017980098724365 0.032051198184490204
v -0.018574319779872894 0.03390262648463249 0.032804958522319794
v -0.018181800842285156 0.03383592143654823 0.0332394614815712
v -0.01801370084285736 0.03374122828245163 0.0338570773601532
v -0.018573429435491562 0.03376934677362442 0.03367479145526886
v -0.017555708065629005 0.03367185592651367 0.03430884703993797
v -0.018132667988538742 0.03365384414792061 0.03442762419581413
v -0.016930537298321724 0.03364638239145279 0.0344737283885479
v -0.017370134592056274 0.033587075769901276 0.034861739724874496
v -0.01630570739507675 0.03367163985967636 0.034307535737752914
v -0.01649014838039875 0.03358692675828934 0.034860819578170776
v -0.015848640352487564 0.03374086320400238 0.033854804933071136
v -0.015728505328297615 0.033653438091278076 0.034425102174282074
v -0.015681803226470947 0.03383549675345421 0.03323683887720108
v -0.015289285220205784 0.03376878798007965 0.03367134556174278
v -0.015290175564587116 0.03390207141637802 0.032801512628793716
v -0.015849905088543892 0.03393018618226051 0.03261922672390938
v -0.01573093794286251 0.034017570316791534 0.032048676162958145
v -0.016307897865772247 0.03399956226348877 0.032167453318834305
v -0.01649347133934498 0.034084342420101166 0.03161456063389778
v -0.01693306677043438 0.034025032073259354 0.03200257197022438
v -0.017373455688357353 0.034084491431713104 0.0316154845058918
v -0.0175578985363245 0.03399977460503578 0.03216876462101936
v -0.01801496557891369 0.03393055498600006 0.03262149542570114
v 0.0009248315473087132 0.03342321515083313 0.052397675812244415
v 0.0005586937186308205 0.03306042402982712 0.05234948545694351
v 0.006950668524950743 -0.042095232754945755 0.040151845663785934
v 0.0010247137397527695 0.03366163745522499 0.052431538701057434
v 0.0069774785079061985 0.038958773016929626 0.05257152393460274
v 0.0010589660378172994 0.033917952328920364 0.052469830960035324
v 0.001060600858181715 0.038860272616147995 0.05322713032364845
v 3.3805437851697206e-05 -0.04219566285610199 0.04082223027944565
v 0.03348938003182411 0.016652220860123634 1.9793809769907966e-05
v 0.033480748534202576 0.018511345610022545 0.00028104838565923274
v 0.033668287098407745 0.04624009132385254 0.004994167480617762
v 0.033641476184129715 -0.034813910722732544 -0.007425513584166765
v 0.03347237780690193 -0.034747879952192307 -0.007856101728975773
v 0.033453568816185 0.020379718393087387 0.0004966301494278014
v 0.033407196402549744 0.022275522351264954 0.0006685336702503264
v 0.03334013745188713 0.024218952283263206 0.0007975833141244948
v 0.03325001150369644 0.02623029425740242 0.0008832159801386297
v 0.03312128782272339 0.028528394177556038 0.0009249372524209321
v 0.03296806663274765 0.03078576736152172 0.00091179070295766
v 0.03277306258678436 0.033218637108802795 0.0008426000131294131
v 0.03250531479716301 0.03606370836496353 0.0006963585037738085
v 0.03217452019453049 0.039074916392564774 0.00047358317533507943
v 0.03177044540643692 0.04225873202085495 0.00017181412840727717
v 0.03135029599070549 0.04517166316509247 -0.00015591931878589094
v 0.031050296500325203 0.04706631973385811 -0.0003923779877368361
v -0.03191562369465828 0.04109170287847519 0.00035777679295279086
v -0.03364573419094086 0.046251531690359116 0.005064806900918484
v -0.031505286693573 0.044069863855838776 4.075601464137435e-05
v -0.03103877231478691 0.04707687348127365 -0.0003272216417826712
v -0.03226938471198082 0.038174401968717575 0.000615595665294677
v -0.03256964311003685 0.035330239683389664 0.000809366931207478
v -0.032815054059028625 0.0326266810297966 0.0009336708462797105
v -0.03298674523830414 0.03042203187942505 0.0009867455810308456
v -0.03312836214900017 0.028295526280999184 0.0009927605278789997
v -0.033243127167224884 0.026236869394779205 0.000952848291490227
v -0.033333513885736465 0.02423928491771221 0.0008680394385010004
v -0.03340165689587593 0.0222939345985651 0.0007391966646537185
v -0.03343604877591133 0.02100115828216076 0.0006272044847719371
v -0.033469706773757935 0.019176844507455826 0.00043207721319049597
v -0.03348572924733162 0.01737859658896923 0.00019612924370449036
v -0.03348732367157936 0.016663603484630585 9.007923654280603e-05
v -0.0004413057758938521 0.03306059539318085 0.05235053598880768
v -0.0008072183118201792 0.03342350944876671 0.052399493753910065
v -0.006884414702653885 -0.04209287837147713 0.04016636312007904
v 0.00031755000236444175 0.03296134993433952 0.052337128669023514
v 5.865368075319566e-05 0.03292755410075188 0.052333150058984756
v -0.00020041481184307486 0.032961491495370865 0.05233767628669739
v -0.0009071099339053035 0.03366256505250931 0.05243365094065666
v -0.006857604719698429 0.038961123675107956 0.05258604511618614
v -0.000941032893024385 0.033918291330337524 0.05247192829847336
v -0.0009393981308676302 0.038860611617565155 0.05322922766208649
v -0.01351933740079403 0.039263296872377396 0.050628360360860825
v -0.013546147383749485 -0.04179070517420769 0.03820867836475372
v -0.019676294177770615 0.03975359722971916 0.04744183272123337
v -0.019703105092048645 -0.04130040481686592 0.035022150725126266
v -0.025099007412791252 0.040413748472929 0.04314521700143814
v -0.025125818327069283 -0.04064025357365608 0.030725538730621338
v -0.02958536706864834 0.04121914878487587 0.037898655980825424
v -0.02961217798292637 -0.03983485326170921 0.025478975847363472
v -0.03296816721558571 0.04213977977633476 0.031897690147161484
v -0.03299497440457344 -0.03891422227025032 0.019478008151054382
v -0.03512132167816162 0.04314132779836655 0.02536597289144993
v -0.03514813259243965 -0.037912674248218536 0.012946291826665401
v -0.035964589565992355 0.044186465442180634 0.018546948209404945
v -0.035991400480270386 -0.03686753660440445 0.006127268075942993
v -0.03546654060482979 0.045236244797706604 0.011694765649735928
v -0.03549334779381752 -0.03581775724887848 -0.0007249154732562602
v -0.03367254510521889 -0.03480247035622597 -0.007354874163866043
v -0.03350432589650154 -0.03473649546504021 -0.007785816211253405
v 0.035502657294273376 0.045224182307720184 0.011620290577411652
v 0.035475850105285645 -0.0358298197388649 -0.000799390661995858
v 0.03601473569869995 0.044174231588840485 0.01847141422331333
v 0.03598792478442192 -0.0368797704577446 0.0060517326928675175
v 0.035185422748327255 0.04312937706708908 0.02529219165444374
v 0.035158611834049225 -0.037924624979496 0.012872511520981789
v 0.03304563835263252 0.042128559201955795 0.031828414648771286
v 0.03301883116364479 -0.03892544284462929 0.019408732652664185
v 0.029675131663680077 0.04120907559990883 0.0378364697098732
v 0.029648320749402046 -0.039844926446676254 0.025416787713766098
v 0.025199519470334053 0.04040519893169403 0.04309243708848953
v 0.025172710418701172 -0.04064880311489105 0.03067275509238243
v 0.01978561282157898 0.03974688798189163 0.047400422394275665
v 0.01975880190730095 -0.04130711406469345 0.034980740398168564
v 0.013635190203785896 0.0392586812376976 0.05059986561536789
v 0.01360838022083044 -0.04179532080888748 0.03818018361926079
v -0.006837356835603714 0.03919214382767677 0.05107830837368965
v -0.0009403956355527043 0.03900996595621109 0.05225449800491333
v 5.909805986448191e-05 0.03908552601933479 0.05175921693444252
v 0.00105960329528898 0.03900962695479393 0.052252400666475296
v 0.006954144220799208 0.03918979689478874 0.05106383562088013
v 0.0008408191497437656 0.048916518688201904 -0.012402022257447243
v 0.0023841727524995804 0.0488099679350853 -0.011709979735314846
v 0.008731094188988209 0.04921097680926323 -0.014340770430862904
v 0.029436714947223663 0.04744541645050049 -0.002862956142053008
v 0.029019074514508247 0.0475333146750927 -0.0034357181284576654
v 0.027618614956736565 0.04743831232190132 -0.0028126700781285763
v 0.0061964779160916805 0.04968069866299629 -0.017400821670889854
v 0.007176753133535385 0.04965241998434067 -0.017218373715877533
v 0.00877502653747797 0.0492156445980072 -0.014371320605278015
v 0.009112420491874218 0.049583885818719864 -0.01677529141306877
v 0.009843792766332626 0.04927825182676315 -0.01478221733123064
v 0.010888387449085712 0.04950570687651634 -0.0162688996642828
v 0.010985692031681538 0.04926193878054619 -0.01467822678387165
v 0.0122202318161726 0.049437060952186584 -0.01582377962768078
v 0.012520157732069492 0.04942037910223007 -0.01571555808186531
v 0.02346375212073326 0.04844175651669502 -0.009352442808449268
v 0.023001911118626595 0.048500899225473404 -0.00973743386566639
v 0.022922849282622337 0.04821191355586052 -0.007851260714232922
v 0.022767556831240654 0.048530153930187225 -0.009927849285304546
v 0.028725886717438698 0.047592900693416595 -0.003823944367468357
v 0.028290189802646637 0.04767843335866928 -0.004381208680570126
v 0.027842018753290176 0.047762904316186905 -0.004931522533297539
v -0.027435539290308952 0.0478457547724247 -0.005352912936359644
v -0.027839792892336845 0.047772366553545 -0.004873089957982302
v -0.027612052857875824 0.047447700053453445 -0.0027547108475118876
v -0.002787616802379489 0.049747683107852936 -0.017818588763475418
v -0.005089196376502514 0.04970980063080788 -0.017566395923495293
v -0.00874816719442606 0.0492139495909214 -0.014322428032755852
v -0.006219819188117981 0.04968281090259552 -0.017387790605425835
v -0.00879216194152832 0.04921862855553627 -0.014352886006236076
v -0.0071997190825641155 0.04965486377477646 -0.01720328815281391
v -0.009861767292022705 0.04928160086274147 -0.014761538244783878
v -0.009134474210441113 0.04958698898553848 -0.016756143420934677
v -0.011003450490534306 0.049265675246715546 -0.014655151404440403
v -0.01090940274298191 0.04950940981507301 -0.016246024519205093
v -0.012240332551300526 0.04944121837615967 -0.015798110514879227
v -0.004079814068973064 0.04851062223315239 -0.009742427617311478
v -0.00394787872210145 0.048525817692279816 -0.009841862134635448
v -0.003508185036480427 0.04861747473478317 -0.010440997779369354
v -0.002395874820649624 0.04881078004837036 -0.011704963631927967
v -0.0008539409027434886 0.048916805535554886 -0.012400243431329727
v -5.656228677253239e-05 0.04976344481110573 -0.017927344888448715
v 0.01942332647740841 0.04889779910445213 -0.012319980189204216
v 0.01842067949473858 0.04899180307984352 -0.012931290082633495
v 0.01730293594300747 0.04882808029651642 -0.0118603790178895
v 0.01787855662405491 0.049039825797080994 -0.013243546709418297
v 0.017336174845695496 0.049085985869169235 -0.013543616980314255
v 0.030635559931397438 0.047170523554086685 -0.0010715324897319078
v 0.030242832377552986 0.04726460203528404 -0.0016846732469275594
v 0.029843883588910103 0.04735603183507919 -0.0022804951295256615
v -0.022030899301171303 0.04862749204039574 -0.010466399602591991
v -0.022775566205382347 0.04853789508342743 -0.009880056604743004
v -0.022926608100533485 0.0482197068631649 -0.007803145796060562
v -0.023009533062577248 0.048508722335100174 -0.00968914944678545
v -0.02347058430314064 0.04844973236322403 -0.009303189814090729
v -0.0241225678473711 0.04836278781294823 -0.008734337985515594
v -0.00730494549497962 0.048445120453834534 -0.009307971224188805
v -0.007084466051310301 0.04842545837163925 -0.009180128574371338
v -0.0074326819740235806 0.04847869649529457 -0.009526826441287994
v -0.006856549996882677 0.04842393472790718 -0.009170688688755035
v -0.0041623180732131 0.04850543662905693 -0.00970840360969305
v 0.005065492354333401 0.04970807582139969 -0.017577052116394043
v 0.0027634012512862682 0.049746740609407425 -0.017824415117502213
v 3.212983938283287e-05 0.049763429909944534 -0.017927438020706177
v -1.2216249160701409e-05 0.04976344108581543 -0.017927415668964386
v 0.003499067621305585 0.048616282641887665 -0.010448351502418518
v 0.003939986694604158 0.04852447658777237 -0.00985013972967863
v 0.004072125069797039 0.04850923642516136 -0.009750982746481895
v 0.006850025150924921 0.04842160642147064 -0.009185072034597397
v 0.0070779211819171906 0.048423051834106445 -0.009194990620017052
v 0.007298138923943043 0.04844263941049576 -0.009323296137154102
v -0.025861799716949463 0.04810851439833641 -0.007071140222251415
v -0.02639220468699932 0.048023760318756104 -0.006516875699162483
v -0.016175055876374245 0.049185458570718765 -0.014120461419224739
v -0.017351597547531128 0.0490918830037117 -0.013507215306162834
v -0.017314914613962173 0.04883396252989769 -0.011824050918221474
v -0.017893362790346146 0.04904590919613838 -0.01320600789040327
v -0.01843484677374363 0.048998065292835236 -0.012892614118754864
v 0.004154698923230171 0.048504024744033813 -0.009717131033539772
v 0.007425426971167326 0.048476170748472214 -0.009542418643832207
v 0.01615838147699833 0.049179963767528534 -0.014154392294585705
v 0.014874198473989964 0.04927312582731247 -0.014759629033505917
v 0.013469066470861435 0.04936455562710762 -0.01535329781472683
v 0.027436785399913788 0.04783643037080765 -0.005410496145486832
v 0.026895960792899132 0.047930628061294556 -0.006024096626788378
v 0.02639106847345829 0.04801478981971741 -0.006572266574949026
v 0.0258595310151577 0.04809972271323204 -0.007125416770577431
v 0.025316506624221802 0.048182856291532516 -0.007666795048862696
v -0.028286835178732872 0.04768804833292961 -0.004321836866438389
v -0.028721392154693604 0.047602664679288864 -0.003763659158721566
v -0.02901378460228443 0.047543179243803024 -0.0033748182468116283
v 0.02473278157413006 0.048268385231494904 -0.008223716169595718
v 0.02411689981818199 0.04835458844900131 -0.008784960024058819
v 0.013569512404501438 0.03950074687600136 0.04902023449540138
v 0.019638217985630035 0.040005821734666824 0.045710884034633636
v 0.024915343150496483 0.040684640407562256 0.041269347071647644
v 0.02918791025876999 0.041509807109832764 0.0358748733997345
v 0.032283488661050797 0.0424480214715004 0.02974517270922661
v 0.03407714515924454 0.04346141591668129 0.02312762849032879
v 0.034496501088142395 0.04450909420847893 0.016289308667182922
v 0.03352461755275726 0.04554877057671547 0.009506197646260262
v 0.031200727447867393 0.04653849080204964 0.0030520453583449125
v -0.026895971968770027 0.04793976992368698 -0.005967647302895784
v -0.01254003681242466 0.049424637109041214 -0.01568925939500332
v -0.013488201424479485 0.04936913773417473 -0.015325008891522884
v -0.014892115257680416 0.04927818477153778 -0.014728392474353313
v 0.022021690383553505 0.04862000420689583 -0.010512628592550755
v 0.02121850661933422 0.048711489886045456 -0.011107941158115864
v 0.020354118198156357 0.048804208636283875 -0.0117111811414361
v -0.024737298488616943 0.04827679321169853 -0.008171802386641502
v -0.025319883599877357 0.048191461712121964 -0.007613657508045435
v -0.029430251568555832 0.04745541885495186 -0.002801181050017476
v -0.029836228117346764 0.047366175800561905 -0.002217866713181138
v -0.03023395501077175 0.0472748838365078 -0.001621208735741675
v -0.019436240196228027 0.048904404044151306 -0.012279201298952103
v -0.02036578394472599 0.04881113022565842 -0.011668449267745018
v -0.021228935569524765 0.04871870577335358 -0.01106339693069458
v -0.013456893153488636 0.03950534015893936 0.04904859513044357
v -0.01953236013650894 0.040012478828430176 0.045751992613077164
v -0.02481856197118759 0.040693093091249466 0.041321538388729095
v -0.029102161526679993 0.041519712656736374 0.03593604266643524
v -0.03221027925610542 0.04245898127555847 0.029812853783369064
v -0.03401747718453407 0.04347299039363861 0.023199087008833885
v -0.03445082902908325 0.04452081024646759 0.0163616631180048
v -0.03349282965064049 0.045560162514448166 0.009576525539159775
v -0.03118215501308441 0.04654909670352936 0.0031175101175904274
v -0.03062542714178562 0.047180935740470886 -0.0010072450386360288
v 0.006822331342846155 0.048421651124954224 -0.009191170334815979
v 0.004229813814163208 0.04849550873041153 -0.009700924158096313
v -0.004237402230501175 0.048496946692466736 -0.009692038409411907
v -0.0068288687616586685 0.048423971980810165 -0.009176844730973244
v 3.9659094909438863e-05 0.03006582334637642 0.03469625487923622
v -0.0050871893763542175 0.030173409730196 0.034005191177129745
v -0.0025470962282270193 0.031872302293777466 0.03479667380452156
v -0.009835228323936462 0.030486444011330605 0.0319724977016449
v -0.007530960254371166 0.03208458796143532 0.033421989530324936
v -0.0050866007804870605 0.031952645629644394 0.034277819097042084
v -0.013852317817509174 0.03098171204328537 0.028748923912644386
v -0.011954727582633495 0.032492540776729584 0.030769146978855133
v -0.009834639728069305 0.03226567804813385 0.032245125621557236
v -0.016840526834130287 0.03162248060107231 0.0245735514909029
v -0.015490307472646236 0.03306590020656586 0.02703489363193512
v -0.013851729221642017 0.032760947942733765 0.029021551832556725
v -0.018578238785266876 0.0323612280189991 0.019756048917770386
v -0.017875483259558678 0.033762142062187195 0.022496182471513748
v -0.01683993823826313 0.033401716500520706 0.02484617941081524
v -0.01893656700849533 0.033143166452646255 0.014653706923127174
v -0.018933355808258057 0.034529633820056915 0.017489628866314888
v -0.01857765018939972 0.034140463918447495 0.020028676837682724
v -0.01788894459605217 0.033910296857357025 0.009644944220781326
v -0.01858546957373619 0.03531144931912422 0.012386544607579708
v -0.018935978412628174 0.03492239862680435 0.014926334843039513
v -0.015513062477111816 0.0346057303249836 0.0051012360490858555
v -0.016857624053955078 0.03604960814118385 0.007565405685454607
v -0.017888356000185013 0.03568953275680542 0.00991757120937109
v -0.011985133402049541 0.035177890211343765 0.0013595705386251211
v -0.01387796550989151 0.03668936342000961 0.0033837705850601196
v -0.015512474812567234 0.03638496622443199 0.005373863503336906
v -0.007566805463284254 0.03558433800935745 -0.0013025514781475067
v -0.00986748281866312 0.03718326613306999 0.00015177235763985664
v -0.011984544806182384 0.03695712611079216 0.0016321977600455284
v -0.0025857656728476286 0.0357949323952198 -0.0026876931078732014
v -0.0051236143335700035 0.037494685500860214 -0.001890883082523942
v -0.007566216867417097 0.03736357390880585 -0.0010299242567270994
v 0.0025885640643537045 0.035794053226709366 -0.002693123184144497
v 1.80868778443255e-06 0.037600528448820114 -0.002592705423012376
v -0.0025851773098111153 0.0375741645693779 -0.002415065886452794
v 0.007572427857667208 0.035581763833761215 -0.0013184386771172285
v 0.005128656979650259 0.03749294579029083 -0.0019016418373212218
v 0.0025891526602208614 0.03757328540086746 -0.002420495729893446
v 0.01199619472026825 0.03517381474375725 0.0013344044564291835
v 0.009876695461571217 0.03717990964651108 0.00013105280231684446
v 0.007573016453534365 0.03736099973320961 -0.0010458114556968212
v 0.015531775541603565 0.034600455313920975 0.005068657454103231
v 0.013893785886466503 0.03668464347720146 0.003354626940563321
v 0.011996783316135406 0.036953046917915344 0.0016070317942649126
v 0.017916951328516006 0.03390420973300934 0.00960736908018589
v 0.016881994903087616 0.03604387119412422 0.007529999129474163
v 0.015532364137470722 0.03637969121336937 0.005341284908354282
v 0.018974823877215385 0.033136721700429916 0.01461392268538475
v 0.018619704991579056 0.035305123776197433 0.012347501702606678
v 0.017917539924383163 0.03568344563245773 0.009879997000098228
v 0.01862693764269352 0.03235490620136261 0.019717006012797356
v 0.01897803507745266 0.034523189067840576 0.017449844628572464
v 0.018975410610437393 0.03491595759987831 0.014886550605297089
v 0.016899090260267258 0.03161674737930298 0.02453814633190632
v 0.01793041080236435 0.03375605493783951 0.022458607330918312
v 0.018627526238560677 0.034134138375520706 0.019989633932709694
v 0.013919433578848839 0.03097699210047722 0.02871978096663952
v 0.015554530546069145 0.033060621470212936 0.02700231596827507
v 0.016899678856134415 0.033395979553461075 0.024810772389173508
v 0.009908949956297874 0.03048308752477169 0.03195177763700485
v 0.01202660147100687 0.032488465309143066 0.030743980780243874
v 0.013920022174715996 0.03275622799992561 0.028992407023906708
v 0.005165082402527332 0.03017166629433632 0.03399443253874779
v 0.0076082730665802956 0.03208201751112938 0.033406101167201996
v 0.009909538552165031 0.032262321561574936 0.03222440555691719
v 4.024760710308328e-05 0.031845059245824814 0.03496888279914856
v 0.0026272335089743137 0.03187142312526703 0.0347912460565567
v 0.005165670532733202 0.031950902193784714 0.034267060458660126
v -2.6107039957423694e-05 0.0518433153629303 -0.0315011627972126
v -2.8897708034492098e-05 0.04976874962449074 -0.017962060868740082
v -0.0011228356743231416 0.05007997155189514 -0.020126013085246086
v -0.00649681594222784 0.050655853003263474 -0.02840425819158554
v -0.005390518810600042 0.05065961182117462 -0.026962263509631157
v -0.004832882899791002 0.051461029797792435 -0.031554821878671646
v -0.004296791274100542 0.050602275878190994 -0.025415783748030663
v -0.002437263261526823 0.05174779146909714 -0.031513333320617676
v -0.003218567930161953 0.05048541724681854 -0.02376258186995983
v -0.002159238327294588 0.05031067878007889 -0.022000133991241455
v -0.00946106482297182 0.050340376794338226 -0.031721800565719604
v -0.009386436082422733 0.05035383626818657 -0.031647469848394394
v -0.007169503718614578 0.050991665571928024 -0.03162434697151184
v -0.008292450569570065 0.05051818862557411 -0.030504528433084488
v -0.007190267089754343 0.050622012466192245 -0.029249433428049088
v 0.02990754507482052 0.021604839712381363 -0.01828915625810623
v 0.029964067041873932 0.022184310480952263 -0.03607643023133278
v 0.029846888035535812 0.0223845262080431 -0.018572887405753136
v 0.029842110350728035 0.024865156039595604 -0.03566552698612213
v 0.029765479266643524 0.023205921053886414 -0.01897883415222168
v 0.02994958870112896 0.02085813879966736 -0.018120214343070984
v 0.02997436188161373 0.020136170089244843 -0.018061891198158264
v 0.029982449486851692 0.01943187788128853 -0.018113384023308754
v 0.028867129236459732 0.03013933263719082 -0.03485637903213501
v 0.02879631705582142 0.028739990666508675 -0.023812757804989815
v 0.029475463554263115 0.027524087578058243 -0.0352577306330204
v 0.02909417450428009 0.02740437351167202 -0.02238248847424984
v 0.029335377737879753 0.026161838322877884 -0.02118169516324997
v 0.029511135071516037 0.025116177275776863 -0.020285800099372864
v 0.029649309813976288 0.02416134811937809 -0.01957416906952858
v 0.026968469843268394 0.03511040285229683 -0.0340927317738533
v 0.025701532140374184 0.037429261952638626 -0.03373612090945244
v 0.026057975366711617 0.03671438992023468 -0.03309889882802963
v 0.02802209183573723 0.032689470797777176 -0.0344647653400898
v 0.026543399319052696 0.03565936163067818 -0.032077062875032425
v 0.026987982913851738 0.034594204276800156 -0.030946465209126472
v 0.027393292635679245 0.033520955592393875 -0.029704950749874115
v 0.02778475172817707 0.03236749395728111 -0.028252525255084038
v 0.028054600581526756 0.03149805963039398 -0.027126891538500786
v 0.02843262068927288 0.030172156170010567 -0.025480233132839203
v -0.024055540561676025 -0.02829316444694996 -0.04655582085251808
v -0.024038702249526978 0.02261270396411419 -0.03875565528869629
v -0.0240231454372406 -0.03314357250928879 -0.014900884591042995
v -0.024006307125091553 0.01776229403913021 -0.007100719027221203
v 0.023976827040314674 -0.03315173089504242 -0.014951256103813648
v 0.023993665352463722 0.01775413565337658 -0.007151090074330568
v 0.0239444337785244 -0.02830132283270359 -0.046606190502643585
v 0.023961272090673447 0.022604545578360558 -0.03880602493882179
v -0.0155711080878973 0.03827840834856033 -0.02033766359090805
v -0.015783952549099922 0.03802216798067093 -0.019877636805176735
v -0.017997760325670242 0.03834301233291626 -0.0363515205681324
v -0.015365385450422764 0.03850141167640686 -0.020649032667279243
v -0.01537267304956913 0.03849382326006889 -0.020639581605792046
v -0.015538626350462437 0.038314953446388245 -0.020393772050738335
v -0.015867717564105988 0.03791039437055588 -0.019633565098047256
v -0.015900425612926483 0.03786427900195122 -0.01952349953353405
v -0.015950288623571396 0.03779046982526779 -0.019334228709340096
v -0.016128748655319214 0.03743540123105049 -0.018080858513712883
v -0.01614517904818058 0.0373305045068264 -0.017498161643743515
v -0.017974447458982468 0.03464419022202492 -0.01222238503396511
v -0.016028350219130516 0.0371846929192543 -0.01586122252047062
v -0.017155878245830536 0.03562493249773979 -0.012819291092455387
v -0.015885809436440468 0.03718142956495285 -0.015008828602731228
v -0.015884440392255783 0.036976370960474014 -0.01367057766765356
v -0.01365012489259243 0.03978705778717995 -0.020453790202736855
v -0.013665803708136082 0.04213468357920647 -0.03577496483922005
v -0.012481991201639175 0.04053522273898125 -0.020340347662568092
v -0.008541890420019627 0.0447915755212307 -0.03537309914827347
v -0.00914270430803299 0.042203303426504135 -0.02008816786110401
v -0.002923804335296154 0.04615926742553711 -0.03516928106546402
v -0.005581808742135763 0.04333817586302757 -0.019917918369174004
v -0.008526211604475975 0.04244394600391388 -0.020051926374435425
v 0.002877631923183799 0.043810658156871796 -0.01985417865216732
v 0.0018554071430116892 0.043911632150411606 -0.01983766071498394
v 0.0028619528748095036 0.046158283948898315 -0.035175349563360214
v -0.0018858339171856642 0.04391226917505264 -0.01983373425900936
v -0.002908125286921859 0.04381164163351059 -0.019848106428980827
v 0.005551001988351345 0.043336283415555954 -0.01992960087954998
v 0.008479133248329163 0.04478868097066879 -0.03539096191525459
v 0.008494812995195389 0.04244105517864227 -0.0200697872787714
v 0.009111146442592144 0.042200200259685516 -0.020107323303818703
v 0.013601288199424744 0.04213004931807518 -0.03580357879400253
v 0.012449328787624836 0.040530987083911896 -0.02036651037633419
v 0.015864558517932892 0.03697097301483154 -0.013703894801437855
v 0.015863189473748207 0.03717603161931038 -0.015042146667838097
v 0.017137322574853897 0.0356191024184227 -0.012855278328061104
v 0.016085075214505196 0.03722361847758293 -0.016671570017933846
v 0.0179568100720644 0.03463808074593544 -0.012260091491043568
v 0.016117384657263756 0.037325020879507065 -0.017532018944621086
v 0.016106557101011276 0.03740460053086281 -0.017989274114370346
v 0.01603403501212597 0.037589382380247116 -0.018767332658171654
v 0.015817929059267044 0.037929192185401917 -0.0197222251445055
v 0.017930736765265465 0.03833690658211708 -0.036389224231243134
v 0.015444347634911537 0.03837640956044197 -0.02052329108119011
v 0.015338682569563389 0.03848860412836075 -0.02067181095480919
v 0.01533137820661068 0.038496192544698715 -0.020681245252490044
v 0.01361696794629097 0.03978242352604866 -0.02048240415751934
v 0.018619632348418236 0.033769652247428894 -0.011749149300158024
v 0.021215863525867462 0.03362969681620598 -0.03711386024951935
v 0.019947364926338196 0.031780123710632324 -0.010642026551067829
v 0.02111666463315487 0.029651792719960213 -0.00957160908728838
v 0.022941602393984795 0.024959363043308258 -0.007757793180644512
v 0.02227153442800045 0.02698337472975254 -0.008434316143393517
v 0.02326575294137001 0.028281977400183678 -0.03793537616729736
v 0.02140740677714348 0.02904636785387993 -0.009291931055486202
v 0.021243978291749954 0.029391171410679817 -0.00944976694881916
v 0.02393653616309166 0.01941121183335781 -0.006996442098170519
v 0.023763537406921387 0.02109540067613125 -0.007032845634967089
v 0.02343568578362465 0.022983286529779434 -0.0072842673398554325
v 0.023295247927308083 0.023612262681126595 -0.0074130818247795105
v -0.023948291316628456 0.01941935159265995 -0.006946191657334566
v -0.02377479523420334 0.021103480830788612 -0.006982958875596523
v -0.022283736616373062 0.026990946382284164 -0.008387559093534946
v -0.02295307256281376 0.024967163801193237 -0.007709631230682135
v -0.02333942800760269 0.028289897367358208 -0.03788646683096886
v -0.023306449875235558 0.023620182648301125 -0.007364178076386452
v -0.023446831852197647 0.022991254925727844 -0.007235068827867508
v -0.021286001428961754 0.033636920154094696 -0.037069257348775864
v -0.018636493012309074 0.03377598524093628 -0.011710052378475666
v -0.019962575286626816 0.03178690746426582 -0.010600144974887371
v -0.02113034948706627 0.029658973217010498 -0.009527274407446384
v -0.021257495507597923 0.029398394748568535 -0.009405165910720825
v -0.021420707926154137 0.029053647071123123 -0.009246987290680408
v -0.005315741524100304 0.03337570279836655 0.03621517866849899
v -0.0053930943831801414 0.03333182632923126 0.0365016907453537
v 4.2523057345533744e-05 0.03326796367764473 0.03690675273537636
v 4.2826522985706106e-05 0.03322252631187439 0.037203289568424225
v 0.005399360787123442 0.0333738811314106 0.036203932017087936
v 0.005477299448102713 0.033329978585243225 0.03649028390645981
v 0.010389711707830429 0.03368624299764633 0.03415461257100105
v 0.010539974085986614 0.03364686667919159 0.034411266446113586
v 0.01467349287122488 0.03418375924229622 0.030898451805114746
v 0.014885839074850082 0.0341515950858593 0.031107913702726364
v 0.01795876957476139 0.03483252599835396 0.02665734849870205
v 0.01821872964501381 0.03480976074934006 0.026805344969034195
v 0.020021656528115273 0.035588327795267105 0.02172033116221428
v 0.020311512053012848 0.03557651862502098 0.021796777844429016
v 0.020721573382616043 0.036399662494659424 0.016423847526311874
v 0.02102157101035118 0.036399610340595245 0.016423532739281654
v 0.020010817795991898 0.037211235612630844 0.011128844693303108
v 0.020300516858696938 0.03722294792532921 0.011051789857447147
v 0.017937831580638885 0.0379677414894104 0.006196166854351759
v 0.01819748617708683 0.03799041733145714 0.006047625094652176
v 0.014643880538642406 0.03861762583255768 0.0019619690719991922
v 0.014855797402560711 0.03864971920847893 0.0017520617693662643
v 0.010353444144129753 0.039116598665714264 -0.0012851952342316508
v 0.010503181256353855 0.039155926555395126 -0.0015421624993905425
v 0.005358909722417593 0.039430659264326096 -0.0033240364864468575
v 0.0054362621158361435 0.03947453573346138 -0.003610552055761218
v 6.448667022596055e-07 0.03953839838504791 -0.0040156119503080845
v 3.414020852687827e-07 0.03958383575081825 -0.0043121506460011005
v -0.005356192588806152 0.03943248093128204 -0.0033127921633422375
v -0.005434131715446711 0.03947638347744942 -0.0035991447512060404
v -0.010346543975174427 0.03912011906504631 -0.001263472600840032
v -0.010496806353330612 0.03915949538350105 -0.0015201250789687037
v -0.014630325138568878 0.03862260282039642 0.0019926894456148148
v -0.01484267134219408 0.038654766976833344 0.0017832274315878749
v -0.017915602773427963 0.037973836064338684 0.00623379135504365
v -0.018175560981035233 0.037996601313352585 0.006085794884711504
v -0.019978489726781845 0.03721803426742554 0.011170809157192707
v -0.02026834525167942 0.03722984343767166 0.011094363406300545
v -0.020678404718637466 0.03640669956803322 0.016467293724417686
v -0.020978404209017754 0.0364067517220974 0.016467608511447906
v -0.01996765099465847 0.0355951264500618 0.021762296557426453
v -0.02025734819471836 0.035583414137363434 0.02183935046195984
v -0.01789466291666031 0.03483862057328224 0.026694973930716515
v -0.018154317513108253 0.034815944731235504 0.026843516156077385
v -0.014600712805986404 0.034188736230134964 0.030929170548915863
v -0.014812629669904709 0.034156642854213715 0.031139079481363297
v -0.010310276411473751 0.03368976339697838 0.034176334738731384
v -0.010460013523697853 0.033650439232587814 0.03443330153822899
v -0.024542737752199173 -0.030728602781891823 -0.03396168723702431
v -0.02454201504588127 -0.03083667904138565 -0.03325635567307472
v -0.024788333103060722 -0.03083386830985546 -0.03327416256070137
v -0.02459336444735527 -0.030850941315293312 -0.0331631638109684
v -0.025528782978653908 -0.030946005135774612 -0.032540734857320786
v -0.025416085496544838 -0.03097553737461567 -0.03234824538230896
v -0.026541009545326233 -0.030986923724412918 -0.032271500676870346
v -0.026540780439972878 -0.031021002680063248 -0.03204909712076187
v -0.027553783729672432 -0.030945660546422005 -0.03253861144185066
v -0.027666086331009865 -0.030975153669714928 -0.032345883548259735
v -0.02829573303461075 -0.030833272263407707 -0.03327048197388649
v -0.028490476310253143 -0.030850278213620186 -0.03315907344222069
v -0.028568057343363762 -0.030679872259497643 -0.03427101671695709
v -0.028793057426810265 -0.030679835006594658 -0.03427077829837799
v -0.028297781944274902 -0.03052656538784504 -0.03527211770415306
v -0.028492752462625504 -0.030509494245052338 -0.03538311645388603
v -0.027557330206036568 -0.030414430424571037 -0.036005549132823944
v -0.027670027688145638 -0.03038489818572998 -0.03619803860783577
v -0.026545105502009392 -0.03037351183593273 -0.036274779587984085
v -0.026545332744717598 -0.030339432880282402 -0.03649718314409256
v -0.025532331317663193 -0.030414773151278496 -0.03600767254829407
v -0.02542002871632576 -0.030385280027985573 -0.036200396716594696
v -0.024790382012724876 -0.030527161434292793 -0.03527579829096794
v -0.02459564059972763 -0.030510155484080315 -0.03538720682263374
v -0.02454337850213051 -0.030632512643933296 -0.03458879515528679
v -0.02454410120844841 -0.03052443638443947 -0.035294122993946075
v 0.024912074208259583 0.017317187041044235 -0.004301437642425299
v 0.024895235896110535 -0.03358868137001991 -0.012101602740585804
v 0.027114761993288994 -0.03414313122630119 -0.008487893268465996
v 0.02433326654136181 0.023586848750710487 -0.004143468104302883
v 0.02713748626410961 0.03455507382750511 0.002038543578237295
v 0.023820579051971436 0.02593398280441761 -0.004450705833733082
v 0.023529043421149254 0.03538483381271362 -0.003368878038600087
v 0.02312523126602173 0.02832803502678871 -0.004931440111249685
v 0.024673424661159515 0.021333949640393257 -0.00402418989688158
v 0.024852879345417023 0.019314294680953026 -0.004080696031451225
v 0.019531721249222755 0.03599362075328827 -0.00733334431424737
v 0.02071317657828331 0.03397008031606674 -0.006594737991690636
v 0.021926723420619965 0.03147144615650177 -0.005777969490736723
v 0.022228458896279335 0.03075939044356346 -0.005567140877246857
v -0.02223335951566696 0.03076694719493389 -0.005520482547581196
v -0.021931825205683708 0.03147890046238899 -0.005731943994760513
v -0.023527754470705986 0.03539283201098442 -0.0033194965217262506
v -0.020719146355986595 0.033977121114730835 -0.006551258731633425
v -0.019538557156920433 0.03600025922060013 -0.007292344234883785
v -0.02491888217628002 0.017325658351182938 -0.004249144811183214
v -0.024858543649315834 0.019322743639349937 -0.0040285284630954266
v -0.027125122025609016 0.0345642976462841 0.0020954867359250784
v -0.02467828430235386 0.021342337131500244 -0.0039724004454910755
v -0.024337612092494965 0.023595120757818222 -0.004092392977327108
v -0.023824773728847504 0.025942081585526466 -0.004400706384330988
v -0.023129623383283615 0.028335895389318466 -0.004882900044322014
v 0.02799835428595543 -0.034426551312208176 -0.006640126928687096
v 0.02949392795562744 0.03362809494137764 0.008083165623247623
v 0.029471205547451973 -0.035070113837718964 -0.00244327075779438
v 0.02989266999065876 -0.035343095660209656 -0.0006626200047321618
v 0.030489575117826462 0.03264668956398964 0.01448590774089098
v 0.030466852709650993 -0.036051515489816666 0.003959471359848976
v 0.03049640730023384 -0.03629874438047409 0.005572868511080742
v 0.030078457668423653 0.0316561758518219 0.020951155573129654
v 0.030055735260248184 -0.037042032927274704 0.01042471919208765
v 0.029783504083752632 -0.037252236157655716 0.011797151528298855
v 0.028279554098844528 0.03070227801799774 0.02718040905892849
v 0.02825683169066906 -0.03799593076109886 0.01665397360920906
v 0.027784734964370728 -0.038162413984537125 0.017741525545716286
v 0.025175923481583595 0.02982904389500618 0.032886065542697906
v 0.025153201073408127 -0.038869164884090424 0.022359630092978477
v 0.024666819721460342 0.02972015179693699 0.03359781578183174
v 0.02458638697862625 -0.03898998722434044 0.023149367421865463
v 0.023239606991410255 0.029446473345160484 0.03538699448108673
v 0.020888136699795723 -0.039621420204639435 0.02727825753390789
v 0.009395799599587917 -0.04064665362238884 0.03399399295449257
v 0.0033277440816164017 0.02785598486661911 0.04580991342663765
v 0.009705904871225357 -0.040631264448165894 0.03389287739992142
v 0.0097286282107234 0.02806694433093071 0.044419314712285995
v 0.015189078636467457 -0.04025951027870178 0.03145487979054451
v 0.015681276097893715 0.02848023921251297 0.04170919954776764
v 0.015658553689718246 -0.04021796956658363 0.03118276409804821
v 0.017934611067175865 0.028704827651381493 0.04023861140012741
v 0.020326536148786545 -0.03969922289252281 0.02778722532093525
v 0.02091085910797119 0.02907678671181202 0.03780469298362732
v 0.021414225921034813 0.02914995700120926 0.03732607513666153
v 0.0031967961695045233 -0.04084394872188568 0.03529495745897293
v -0.003140319138765335 -0.04084286838769913 0.035301610827445984
v -0.0032258443534374237 0.02785709872841835 0.04581679403781891
v -0.00941130705177784 0.028059277683496475 0.04451067000627518
v -0.009341971948742867 -0.040643468499183655 0.03401365876197815
v -0.009629560634493828 0.0280702356249094 0.04443962872028351
v -0.009652283042669296 -0.04062797129154205 0.03391319513320923
v -0.015350211411714554 0.028464268893003464 0.041880421340465546
v -0.01514043565839529 -0.04025435447692871 0.03148670867085457
v -0.015587742440402508 0.028485553339123726 0.04174201563000679
v -0.01561046577990055 -0.04021265357732773 0.031215576454997063
v -0.020285388454794884 -0.03969231992959976 0.027829844504594803
v -0.020825305953621864 0.02908387966454029 0.037848491221666336
v -0.020848030224442482 -0.03961432725191116 0.027322055771946907
v -0.02132965251803398 0.02915722317993641 0.03737093135714531
v -0.025100428611040115 0.02983758971095085 0.03293882682919502
v -0.024589868262410164 0.029728524386882782 0.0336495041847229
v -0.024554723873734474 -0.03898163512349129 0.02320093661546707
v -0.023158997297286987 0.029454359784722328 0.03543568402528763
v -0.02175958827137947 0.029222475364804268 0.03694600611925125
v -0.025123151019215584 -0.03886061906814575 0.022412389516830444
v -0.027764132246375084 -0.03815297409892082 0.01779981702566147
v -0.02821573056280613 0.030711881816387177 0.027239695191383362
v -0.028238452970981598 -0.03798632696270943 0.016713259741663933
v -0.029775062575936317 -0.037242114543914795 0.011859651654958725
v -0.03002738021314144 0.03166639059782028 0.02101423218846321
v -0.03005010262131691 -0.03703181818127632 0.010487794876098633
v -0.030500704422593117 -0.03628837689757347 0.005636878777295351
v -0.030451728031039238 0.03265704959630966 0.014549859799444675
v -0.030474452301859856 -0.03604115918278694 0.0040234229527413845
v -0.029909731820225716 -0.03533293306827545 -0.000599863298702985
v -0.029469188302755356 0.0336381159722805 0.008145041763782501
v -0.02493572048842907 -0.03358021005988121 -0.012049310840666294
v -0.027147844433784485 -0.0341339111328125 -0.008430950343608856
v -0.028027651831507683 -0.03441702947020531 -0.006581333000212908
v -0.029491910710930824 -0.0350600890815258 -0.002381394850090146
v 0.02457464672625065 0.03420073911547661 0.0043565696105360985
v 0.029423680156469345 0.03193226829171181 0.01915070414543152
v 0.019902512431144714 0.02915683388710022 0.03728445991873741
v -0.00940871611237526 0.028433488681912422 0.042068470269441605
v -0.02167590893805027 0.029471514746546745 0.035320527851581573
v -0.014036819338798523 0.03713255375623703 -0.01469384878873825
v 0.018184971064329147 0.03070138208568096 0.02720804698765278
v 0.022584861144423485 0.031340718269348145 0.02302609570324421
v 0.023210031911730766 0.03131524473428726 0.023190975189208984
v 0.001551404595375061 0.0365990586578846 -0.011245787143707275
v 0.0011845147237181664 0.03666703402996063 -0.011688620783388615
v 0.0033071369398385286 0.03668089583516121 -0.011783669702708721
v 0.0016068374970927835 0.028299063444137573 0.04292197898030281
v 0.0018470812356099486 0.02843533642590046 0.042032111436128616
v 0.0034279339015483856 0.028431305661797523 0.042054999619722366
v -0.011648566462099552 0.029111675918102264 0.03764728456735611
v -0.01230807974934578 0.02921157516539097 0.03699672967195511
v -0.009413580410182476 0.029161816462874413 0.03731522336602211
v -0.01534302905201912 0.029162824153900146 0.03732144832611084
v -0.015345083549618721 0.02947043813765049 0.035313885658979416
v -0.014108078554272652 0.02921188250184059 0.03699862211942673
v -0.01320832222700119 0.029248254373669624 0.03675930202007294
v -0.009415634907782078 0.029469430446624756 0.035307664424180984
v -0.015340146608650684 0.02873116359114647 0.04013856500387192
v -0.014104924164712429 0.028739677742123604 0.040080342441797256
v -0.013204680755734444 0.028702998533844948 0.04031777009367943
v -0.012304925359785557 0.02873937040567398 0.040078453719615936
v -0.009410697966814041 0.028730155900120735 0.040132343769073486
v -0.011646745726466179 0.028839047998189926 0.039426516741514206
v -0.011406502686440945 0.028975320979952812 0.03853664919734001
v -0.014766257256269455 0.029112204909324646 0.03765055537223816
v -0.01500650029629469 0.02897593192756176 0.03854042664170265
v -0.014764435589313507 0.028839576989412308 0.039429791271686554
v 0.003425952745601535 0.028727974742650986 0.04011887311935425
v 0.0016050167614594102 0.02857169136404991 0.041142746806144714
v 0.0009455048711970448 0.028671592473983765 0.04049219191074371
v 4.526145858108066e-05 0.02870826981961727 0.04025476798415184
v -0.0008544940501451492 0.02867189794778824 0.040494080632925034
v -0.0033357006032019854 0.02872912399470806 0.04012596979737282
v -0.0015126729849725962 0.028572222217917442 0.041146017611026764
v -0.003333719214424491 0.0284324549138546 0.042062096297740936
v -0.0017529167234897614 0.028435949236154556 0.04203588888049126
v -0.001510852249339223 0.028299594298005104 0.04292524978518486
v -0.0008513403590768576 0.02819969318807125 0.04357580468058586
v 4.8903038987191394e-05 0.028163015842437744 0.04381323233246803
v 0.0009486585622653365 0.028199387714266777 0.04357391595840454
v -0.018183110281825066 0.029882065951824188 0.03263362497091293
v -0.01801500841975212 0.029787374660372734 0.033251237124204636
v -0.017557015642523766 0.029718000441789627 0.03370301052927971
v -0.016931844875216484 0.029692528769373894 0.03386789187788963
v -0.016307014971971512 0.029717788100242615 0.03370169922709465
v -0.015849947929382324 0.029787007719278336 0.033248964697122574
v -0.015683110803365707 0.029881641268730164 0.03263099864125252
v -0.015851212665438652 0.029976332560181618 0.032013386487960815
v -0.014681624248623848 0.03007802553474903 0.031347181648015976
v -0.016309205442667007 0.030045706778764725 0.03156161308288574
v -0.018121110275387764 0.030707553029060364 0.027246147394180298
v -0.01801627315580845 0.029976699501276016 0.03201565891504288
v -0.02169240266084671 0.03194095939397812 0.01920434460043907
v -0.01755920611321926 0.030045919120311737 0.0315629281103611
v -0.01693437434732914 0.030071178451180458 0.031396735459566116
v -0.020420705899596214 0.03144652396440506 0.022428404539823532
v -0.021435922011733055 0.03224850445985794 0.017196670174598694
v -0.021699242293834686 0.032965078949928284 0.012520696967840195
v -0.021102963015437126 0.03306310251355171 0.011879676021635532
v -0.019442753866314888 0.033839136362075806 0.006811505649238825
v -0.021707547828555107 0.03420860320329666 0.004405138548463583
v -0.01655961200594902 0.034527841955423355 0.002310612238943577
v -0.006840921938419342 0.03612562268972397 -0.008137899450957775
v -0.007297990843653679 0.03605640307068825 -0.007685167249292135
v -0.010828055441379547 0.03689359873533249 -0.013141288422048092
v -0.007914618588984013 0.0354783833026886 -0.003911528270691633
v -0.0062135630287230015 0.035772230476140976 -0.005832935217767954
v -0.002695963717997074 0.03568049147725105 -0.005241815000772476
v -0.005588732659816742 0.035797491669654846 -0.005999127868562937
v -0.007464827038347721 0.03596176952123642 -0.007067203056067228
v -0.007296726107597351 0.035867076367139816 -0.006449588108807802
v -0.009455460123717785 0.03543243929743767 -0.0036083534359931946
v -0.005131664220243692 0.03586671128869057 -0.006451860070228577
v -0.00496482802554965 0.035961344838142395 -0.00706982659175992
v -0.002876272425055504 0.0366777665913105 -0.011749887838959694
v -0.009347254410386086 0.03682364895939827 -0.012687979266047478
v -0.0069713587872684 0.036745551973581314 -0.012183438055217266
v -0.00621609203517437 0.03615088015794754 -0.008304092101752758
v -0.0060910312458872795 0.03672489896416664 -0.01205054484307766
v -0.0055909231305122375 0.036125410348176956 -0.008139211684465408
v -0.005132928490638733 0.0360560342669487 -0.00768743921071291
v -0.021715734153985977 0.03543452173471451 -0.0035954874474555254
v -0.015384908765554428 0.03543344512581825 -0.003602131037041545
v -0.012634694576263428 0.03508594632148743 -0.0013401962351053953
v -0.008503259159624577 0.03544162958860397 -0.003670405363664031
v -0.006838731933385134 0.03579770401120186 -0.005997816100716591
v -0.0009049525251612067 0.036227062344551086 -0.008812729269266129
v -4.709138465841534e-06 0.03619038313627243 -0.008575302548706532
v 0.0026933623012155294 0.03567957505583763 -0.005247470457106829
v -0.001200302504003048 0.036667440086603165 -0.011686118319630623
v -0.0015662851510569453 0.03659959137439728 -0.011242515407502651
v -0.0018065288895741105 0.03646331652998924 -0.010352646000683308
v -0.001564464415423572 0.03632696345448494 -0.009463281370699406
v 0.0008950463961809874 0.03622675687074661 -0.008814617991447449
v 0.0015532253310084343 0.03632643073797226 -0.00946655310690403
v 0.0017934690695255995 0.036462705582380295 -0.010356423445045948
v 0.014148630201816559 0.03568677231669426 -0.005319156218320131
v 0.014806808903813362 0.035786449909210205 -0.005971092265099287
v 0.015385636128485203 0.03542821481823921 -0.003634421620517969
v 0.013248874805867672 0.03565039858222008 -0.005079839378595352
v 0.01414547674357891 0.0361589752137661 -0.008400878868997097
v 0.013245233334600925 0.036195654422044754 -0.008638307452201843
v 0.013989008963108063 0.037127409130334854 -0.014720788225531578
v 0.012348631396889687 0.035687077790498734 -0.005317267496138811
v 0.012640057131648064 0.0350816510617733 -0.0013667196035385132
v 0.011689119040966034 0.03578697890043259 -0.005967820528894663
v 0.007914728485047817 0.03547569364309311 -0.003928139340132475
v 0.011447055265307426 0.03592333197593689 -0.00685718422755599
v 0.01168729830533266 0.036059606820344925 -0.007747054100036621
v 0.015047052875161171 0.03592272102832794 -0.006860962137579918
v 0.014804988168179989 0.03605907782912254 -0.007750325836241245
v 0.015379060059785843 0.03715891018509865 -0.014929371885955334
v 0.01401484850794077 0.037127785384655 -0.014723286032676697
v 0.006074486766010523 0.036722831428050995 -0.012063311412930489
v 0.006954540498554707 0.03674318641424179 -0.012198051437735558
v 0.012345477938652039 0.03615928068757057 -0.008398990146815777
v 0.009329398162662983 0.03682047501206398 -0.01270757894963026
v 0.010809267871081829 0.03688991814851761 -0.013163994997739792
v 0.012514031492173672 0.03699836507439613 -0.013875419273972511
v 0.017597567290067673 0.035180654376745224 -0.002023546490818262
v 0.01697239652276039 0.03520612418651581 -0.002188426908105612
v 0.021135363727808 0.033055923879146576 0.011835350655019283
v 0.019464785233139992 0.03383252024650574 0.006770676001906395
v 0.019868820905685425 0.03420153632760048 0.004361507948487997
v 0.016572438180446625 0.03452220931649208 0.002275843406096101
v 0.016347568482160568 0.035180866718292236 -0.002022234722971916
v 0.01589049957692623 0.035111647099256516 -0.0015695022884756327
v 0.015723664313554764 0.03501701354980469 -0.000951535941567272
v 0.015488107688724995 0.034706082195043564 0.0010781862074509263
v 0.018055561929941177 0.03511127829551697 -0.0015717742498964071
v 0.019860632717609406 0.035427454859018326 -0.0036391178146004677
v 0.018223661929368973 0.03501658886671066 -0.0009541594190523028
v 0.018056824803352356 0.034921955317258835 -0.0003361949638929218
v 0.01589176431298256 0.034922320395708084 -0.00033392294426448643
v 0.016349757090210915 0.034852948039770126 0.00011784918024204671
v 0.016974925994873047 0.034827474504709244 0.00028272977215237916
v 0.01759975776076317 0.034852731972932816 0.00011653742694761604
v 0.024589791893959045 0.03193309158086777 0.019155776128172874
v 0.021479204297065735 0.03224121034145355 0.017151635140180588
v 0.02383486181497574 0.03134050592780113 0.02302478440105915
v 0.024291928857564926 0.03140972554683685 0.022572049871087074
v 0.024458765983581543 0.03150435909628868 0.021954085677862167
v 0.02320750243961811 0.031693894416093826 0.020719818770885468
v 0.023832671344280243 0.03166842460632324 0.020884698256850243
v 0.0242906641215086 0.031599048525094986 0.021336471661925316
v 0.02258267067372799 0.031668636947870255 0.02088601142168045
v 0.0221256036311388 0.031599417328834534 0.021338744089007378
v 0.02047470025718212 0.03143957257270813 0.02238548919558525
v 0.021958766505122185 0.031504783779382706 0.021956708282232285
v 0.02212686836719513 0.0314100906252861 0.022574322298169136
v 0.005388170946389437 0.029294338077306747 0.036418404430150986
v 0.010397032834589481 0.029593974351882935 0.03445209190249443
v 0.01542546134442091 0.02946520783007145 0.03528159484267235
v 0.014753883704543114 0.030073022469878197 0.03131629526615143
v 0.01602669060230255 0.03678395599126816 -0.012483716011047363
v 0.01627214066684246 0.0366656668484211 -0.011712251231074333
v 0.017012223601341248 0.0364372693002224 -0.010223271325230598
v 0.017877353355288506 0.03624981641769409 -0.009001786820590496
v 0.019150692969560623 0.036043986678123474 -0.007661230396479368
v -0.01253427006304264 0.037002623081207275 -0.013849133625626564
v -0.014010976068675518 0.03713217005133629 -0.01469140499830246
v -0.01821751706302166 0.036196134984493256 -0.008573511615395546
v -0.017131244763731956 0.03641686961054802 -0.010016429238021374
v -0.0169716514647007 0.0364566296339035 -0.010276271030306816
v -0.016308875754475594 0.03666285052895546 -0.011623549275100231
v -0.016063325107097626 0.03677791357040405 -0.012375019490718842
v -0.026477888226509094 0.03218120336532593 0.017646774649620056
v -0.025578131899237633 0.03221757709980011 0.017407458275556564
v -0.024542400613427162 0.03194144368171692 0.019207336008548737
v -0.02491995319724083 0.03231725096702576 0.016755521297454834
v -0.02467971108853817 0.03245352581143379 0.01586565189063549
v -0.024549240246415138 0.032965563237667084 0.01252368837594986
v -0.024921774864196777 0.032589878886938095 0.014976289123296738
v -0.02558128535747528 0.03268977999687195 0.014325735159218311
v -0.02455754578113556 0.03420908749103546 0.004408129025250673
v -0.02648152969777584 0.032726459205150604 0.01408830750733614
v -0.027381286025047302 0.03269008547067642 0.014327624812722206
v -0.028039464727044106 0.03259040787816048 0.014979560859501362
v -0.028279708698391914 0.03245413675904274 0.01586942933499813
v -0.028037643060088158 0.03231778368353844 0.016758793964982033
v -0.027378130704164505 0.032217882573604584 0.017409346997737885
v 0.015430398285388947 0.02872593328356743 0.04010627418756485
v 0.015427515842020512 0.029157593846321106 0.03728915750980377
v 0.019900457933545113 0.029464447870850563 0.03527689725160599
v 0.02458295226097107 0.03295721113681793 0.012472128495573997
v 0.02941684052348137 0.03295638784766197 0.012467056512832642
v 0.024962326511740685 0.03230877220630646 0.016703175380825996
v 0.025621837005019188 0.0322088748216629 0.017353728413581848
v 0.026522081345319748 0.03217219561338425 0.01759115606546402
v 0.02742183767259121 0.03220856562256813 0.017351839691400528
v 0.028080016374588013 0.032308243215084076 0.016699904575943947
v 0.02832026034593582 0.03244451805949211 0.015810033306479454
v 0.026518439874053 0.03271745145320892 0.014032689854502678
v 0.02741868421435356 0.03268077224493027 0.01427011750638485
v 0.028078194707632065 0.032580871134996414 0.014920670539140701
v 0.02561868354678154 0.03268107771873474 0.01427200622856617
v 0.024960504844784737 0.032581400126218796 0.014923942275345325
v 0.024720262736082077 0.03244512900710106 0.015813812613487244
v 0.0034230698365718126 0.029159635305404663 0.03730175271630287
v 4.2024497815873474e-05 0.029192941263318062 0.037091683596372604
v 0.0068814740516245365 0.028773030266165733 0.039817363023757935
v 0.006256644148379564 0.02874777279794216 0.03998355567455292
v 0.005631475243717432 0.028773242607712746 0.03981867432594299
v 0.005173481069505215 0.028842618688941002 0.03936690464615822
v 0.007338542956858873 0.028842249885201454 0.03936463221907616
v 0.007505379151552916 0.02893688529729843 0.0387466661632061
v 0.007337278686463833 0.029031574726104736 0.0381290540099144
v 0.005172216333448887 0.029031943529844284 0.03813132271170616
v 0.005005380138754845 0.028937309980392456 0.03874928876757622
v 0.006879284046590328 0.029100950807332993 0.037677280604839325
v 0.006254115141928196 0.029126422479748726 0.0375123992562294
v 0.005629285238683224 0.029101163148880005 0.037678591907024384
v -0.0033385835122317076 0.02916078455746174 0.03730884939432144
v -0.005305488593876362 0.029296156018972397 0.03642962500452995
v -0.010318364016711712 0.02959749475121498 0.034473828971385956
v -0.023166950792074203 0.033204756677150726 0.010959645733237267
v -0.022542119026184082 0.0332300178706646 0.010793453082442284
v -0.022085051983594894 0.03329923748970032 0.010340720415115356
v -0.021918214857578278 0.033393871039152145 0.009722755290567875
v -0.022086314857006073 0.03348856046795845 0.009105141274631023
v -0.022544309496879578 0.03355793654918671 0.008653368800878525
v -0.02316948026418686 0.03358340635895729 0.008488488383591175
v -0.023794308304786682 0.03355814889073372 0.008654680103063583
v -0.02425137721002102 0.033488929271698 0.009107413701713085
v -0.024418212473392487 0.03339429572224617 0.009725378826260567
v -0.02425011247396469 0.033299606293439865 0.010342991910874844
v -0.023792119696736336 0.03323023021221161 0.010794765315949917
v 0.013246099464595318 0.038815081119537354 -0.008236939087510109
v 0.012346344068646431 0.03877871111035347 -0.007997622713446617
v 0.011688164435327053 0.038679033517837524 -0.007345686666667461
v 0.011447921395301819 0.03854276239871979 -0.006455816328525543
v 0.011689985170960426 0.038406405597925186 -0.005566452629864216
v 0.012349498458206654 0.03830650448799133 -0.004915899597108364
v 0.013249740935862064 0.038269829005002975 -0.004678471479564905
v 0.014149497263133526 0.03830619901418686 -0.004917788784950972
v 0.014807675965130329 0.038405876606702805 -0.00556972436606884
v 0.015047919005155563 0.03854214772582054 -0.006459594238549471
v 0.014805855229496956 0.03867850452661514 -0.007348958402872086
v 0.014146342873573303 0.038778405636548996 -0.007999511435627937
v 0.01051879022270441 0.04011589288711548 -0.0078072017058730125
v 0.010098363272845745 0.03987741842865944 -0.006249929312616587
v 0.01052197627723217 0.03963879495859146 -0.00469354260712862
v 0.011676122434437275 0.03946397081017494 -0.003555075265467167
v 0.013251547701656818 0.03939978405833244 -0.0031395775731652975
v 0.014826120808720589 0.039463434368371964 -0.0035583809949457645
v 0.015977934002876282 0.039637867361307144 -0.004699267912656069
v -0.013207456097006798 0.03186768293380737 0.03716067224740982
v -0.014107211492955685 0.03183130919933319 0.03739998862147331
v -0.014765390194952488 0.031731631606817245 0.03805192559957504
v -0.015005634166300297 0.03159536048769951 0.03894179314374924
v -0.014763569459319115 0.031459007412195206 0.03983115777373314
v -0.014104058034718037 0.03135910630226135 0.04048170894384384
v -0.013203814625740051 0.0313224270939827 0.04071914032101631
v -0.012304059229791164 0.03135880082845688 0.04047982022166252
v -0.011645879596471786 0.031458474695682526 0.03982788696885109
v -0.011405636556446552 0.03159474954009056 0.0389380156993866
v -0.01164770033210516 0.031731102615594864 0.038048651069402695
v -0.012307212688028812 0.03183100372552872 0.03739809989929199
v -0.010475622490048409 0.032690469175577164 0.04069834202528
v -0.010055195540189743 0.0329289436340332 0.03914107009768486
v -0.010478808544576168 0.03316756710410118 0.037584684789180756
v -0.011632954701781273 0.0333423912525177 0.0364462174475193
v -0.013208379969000816 0.0334065780043602 0.03603071719408035
v -0.014782953076064587 0.03334292769432068 0.03644952178001404
v -0.015934765338897705 0.0331684947013855 0.03759040683507919
v 0.026519306004047394 0.03533687815070152 0.014434057287871838
v 0.02561955153942108 0.03530050441622734 0.01467337366193533
v 0.024961372837424278 0.035200830549001694 0.015325309708714485
v 0.02472112886607647 0.03506455570459366 0.01621517911553383
v 0.024963192641735077 0.034928202629089355 0.01710454374551773
v 0.02562270499765873 0.0348283015191555 0.017755096778273582
v 0.02652294747531414 0.034791622310876846 0.017992524430155754
v 0.027422703802585602 0.03482799604535103 0.017753208056092262
v 0.028080882504582405 0.034927673637866974 0.017101271077990532
v 0.028321126475930214 0.03506394475698471 0.01621140167117119
v 0.028079062700271606 0.035200297832489014 0.015322037972509861
v 0.027419550344347954 0.03530019894242287 0.01467148493975401
v 0.028321126475930214 0.03506394475698471 0.01621140167117119
v 0.029671568423509598 0.03639814257621765 0.016414456069469452
v 0.026518382132053375 0.03687577694654465 0.013304103165864944
v 0.02494380995631218 0.03681212291121483 0.013722906820476055
v 0.023791996762156487 0.03663768991827965 0.014863794669508934
v 0.02472112886607647 0.03506455570459366 0.01621517911553383
v 0.02337157167494297 0.03639921173453331 0.016421066597104073
v 0.02379518374800682 0.03616059198975563 0.017977453768253326
v 0.02494932897388935 0.03598576411604881 0.01911592110991478
v 0.026524754241108894 0.035921577364206314 0.01953141950070858
v -7.48430056773941e-06 0.039355065673589706 -0.011732400394976139
v -8.331489880220033e-06 0.03675707057118416 -0.01213048491626978
v 0.0008927591261453927 0.03931839019060135 -0.011494972743093967
v 0.0005005593993701041 0.03673943504691124 -0.012059434317052364
v 0.0008918791427277029 0.03670358657836914 -0.011895640753209591
v -0.0009072398534044623 0.03931869566440582 -0.011493084020912647
v -0.0006877698469907045 0.03672619163990021 -0.011999758891761303
v -9.87035091384314e-05 0.03675652667880058 -0.012128178030252457
v -0.0015654187882319093 0.03921901807188988 -0.010841147974133492
v -0.0009080783929675817 0.036703892052173615 -0.011893757618963718
v 0.001041848212480545 0.03668563440442085 -0.011800684034824371
v 0.001552270958200097 0.039218489080667496 -0.010844419710338116
v 0.0017943354323506355 0.039082132279872894 -0.009955056011676788
v 0.0015540918102487922 0.03894586116075516 -0.00906518567353487
v 0.0008959128172136843 0.03884618356823921 -0.008413249626755714
v -3.842719252133975e-06 0.03880980983376503 -0.008173935115337372
v -0.0009040861623361707 0.038846489042043686 -0.008411360904574394
v -0.0015635979361832142 0.03894639015197754 -0.009061913937330246
v -0.0018056624103337526 0.03908274322748184 -0.009951277635991573
v -0.0031552202999591827 0.040417399257421494 -0.009745391085743904
v -0.0027316075284034014 0.040178779512643814 -0.00818900391459465
v -0.001577461720444262 0.040003955364227295 -0.007050536572933197
v -3.842719252133975e-06 0.03880980983376503 -0.008173935115337372
v -2.0357422272354597e-06 0.039939768612384796 -0.006635039113461971
v 0.001572536421008408 0.040003418922424316 -0.007053842302411795
v 0.0027243494987487793 0.0401778519153595 -0.008194729685783386
v 0.0031447759829461575 0.040416330099105835 -0.009752001613378525
v -8.408511348534375e-06 0.04089396446943283 -0.012862355448305607
v -0.02648066356778145 0.035345885902643204 0.014489675872027874
v -0.02738041803240776 0.03530951589345932 0.014728992246091366
v -0.028038596734404564 0.035209838300943375 0.015380928292870522
v -0.028278842568397522 0.03507356345653534 0.016270797699689865
v -0.028036776930093765 0.034937210381031036 0.017160160467028618
v -0.027377264574170113 0.03483730927109718 0.01781071536242962
v -0.026477022096514702 0.03480063006281853 0.01804814301431179
v -0.02557726576924324 0.03483700379729271 0.01780882477760315
v -0.024919087067246437 0.034936681389808655 0.01715688966214657
v -0.024678844958543777 0.03507295250892639 0.016267020255327225
v -0.024920906871557236 0.03520930930972099 0.015377656556665897
v -0.02558041922748089 0.035309210419654846 0.014727103523910046
v -0.0264752134680748 0.035930585116147995 0.019587038084864616
v -0.024900641292333603 0.035994239151477814 0.01916823349893093
v -0.02374882996082306 0.036168672144412994 0.018027346581220627
v -0.024678844958543777 0.03507295250892639 0.016267020255327225
v -0.023328403010964394 0.03640715032815933 0.01647007465362549
v -0.023752015084028244 0.03664577007293701 0.014913687482476234
v -0.024906160309910774 0.03682059794664383 0.013775219209492207
v -0.026481587439775467 0.03688478469848633 0.013359720818698406
v -0.028278842568397522 0.03507356345653534 0.016270797699689865
v -0.02962839975953102 0.03640821948647499 0.01647668518126011
v 4.6127875975798815e-05 0.03132769837975502 0.040656134486198425
v -0.0008536276873201132 0.03129132464528084 0.04089545086026192
v -0.0015118066221475601 0.031191648915410042 0.04154738411307335
v -0.0017520502442494035 0.031055375933647156 0.04243725538253784
v -0.001509985770098865 0.030919022858142853 0.043326620012521744
v -0.0008504739380441606 0.030819121748209 0.043977171182632446
v 4.9769460019888356e-05 0.030782442539930344 0.04421459883451462
v 0.0009495249832980335 0.030818816274404526 0.043975282460451126
v 0.0016077039763331413 0.030918492004275322 0.043323349207639694
v 0.0018479475984349847 0.031054764986038208 0.0424334779381752
v 0.0016058831242844462 0.03119111992418766 0.0415441133081913
v 0.0009463712922297418 0.031291019171476364 0.0408935621380806
v 4.9769460019888356e-05 0.030782442539930344 0.04421459883451462
v 5.1576436817413196e-05 0.03191239759325981 0.04575349763035774
v 0.0031983882654458284 0.03238896280527115 0.042636532336473465
v 0.0027747752610594034 0.03262758255004883 0.04108014330267906
v 0.0016206296859309077 0.03280240669846535 0.03994167596101761
v 4.52036656497512e-05 0.032866593450307846 0.03952617943286896
v -0.0015293685719370842 0.032802943140268326 0.03994498401880264
v -0.0026811815332621336 0.032628510147333145 0.0410858690738678
v -0.0031016082502901554 0.03239003196358681 0.042643141001462936
v -0.010844937525689602 0.04524001479148865 -0.01479269377887249
v -0.0108437929302454 0.04869963601231575 -0.01426258496940136
v -0.017064930871129036 0.04481455683708191 -0.012002624571323395
v -0.017063787207007408 0.04827417805790901 -0.011472516693174839
v -0.022595295682549477 0.044209204614162445 -0.008039993233978748
v -0.0225941501557827 0.04766882583498955 -0.007509884890168905
v -0.02721283584833145 0.04344838485121727 -0.003064723452553153
v -0.027211690321564674 0.04690800607204437 -0.00253461510874331
v -0.030731195583939552 0.042562805116176605 0.002722392790019512
v -0.030730051919817924 0.04602242633700371 0.0032525011338293552
v -0.033008381724357605 0.041588202118873596 0.009087799116969109
v -0.03300723806023598 0.0450478233397007 0.009617907926440239
v -0.0339524932205677 0.04056391492486 0.015774600207805634
v -0.033951349556446075 0.0440235361456871 0.016304709017276764
v -0.03352542966604233 0.03953127935528755 0.022512931376695633
v -0.0335242860019207 0.042990900576114655 0.023043040186166763
v -0.031744424253702164 0.038531966507434845 0.029030846431851387
v -0.03174327686429024 0.04199158772826195 0.029560955241322517
v -0.028681349009275436 0.03760631009936333 0.03506529703736305
v -0.02868020534515381 0.04106593132019043 0.035595402121543884
v -0.024459829553961754 0.03679167106747627 0.04037274047732353
v -0.024458684027194977 0.040251292288303375 0.04090284928679466
v -0.019250240176916122 0.03612092137336731 0.04473898187279701
v -0.019249094650149345 0.03958054259419441 0.04526909068226814
v -0.013262822292745113 0.03562112897634506 0.047987811267375946
v -0.013261677697300911 0.039080750197172165 0.04851791635155678
v -0.006739221513271332 0.0353124737739563 0.04998810961842537
v -0.006738076917827129 0.0387720949947834 0.0505182184278965
v 5.728448377340101e-05 0.03520740196108818 0.05065914988517761
v 5.8428810007171705e-05 0.03866702318191528 0.05118925869464874
v 0.006852402351796627 0.035310160368680954 0.04997384548187256
v 0.006853546481579542 0.038769785314798355 0.05050395429134369
v 0.01337189506739378 0.03561660274863243 0.047959860414266586
v 0.013373039662837982 0.039076223969459534 0.04848996922373772
v 0.01935265026986599 0.03611435741186142 0.04469847306609154
v 0.019353793933987617 0.03957397863268852 0.04522858187556267
v 0.024553291499614716 0.03678334131836891 0.04032130539417267
v 0.024554437026381493 0.040242962539196014 0.0408514142036438
v 0.028763940557837486 0.03759654611349106 0.03500501066446304
v 0.028765084221959114 0.04105616733431816 0.035535119473934174
v 0.031814657151699066 0.038521163165569305 0.028964146971702576
v 0.031815800815820694 0.04198078438639641 0.029494255781173706
v 0.03358232229948044 0.03951987251639366 0.02244250848889351
v 0.033583465963602066 0.042979493737220764 0.02297261729836464
v 0.03399559110403061 0.04055236652493477 0.015703296288847923
v 0.03399673476815224 0.04401198774576187 0.016233405098319054
v 0.03303779661655426 0.04157697781920433 0.009018490090966225
v 0.03303894028067589 0.04503659904003143 0.009548598900437355
v 0.030747584998607635 0.04255235195159912 0.002657876815646887
v 0.030748730525374413 0.04601197689771652 0.00318798515945673
v 0.027217388153076172 0.04343913123011589 -0.0031218426302075386
v 0.0272185318171978 0.04689875245094299 -0.0025917342863976955
v 0.022589676082134247 0.04420152306556702 -0.00808741059154272
v 0.022590819746255875 0.04766114428639412 -0.00755730178207159
v 0.01705121248960495 0.044808756560087204 -0.012038426473736763
v 0.017052358016371727 0.04826837778091431 -0.011508317664265633
v 0.010825522243976593 0.04523633047938347 -0.014815433882176876
v 0.010826666839420795 0.04869595170021057 -0.01428532600402832
v -0.00730625307187438 0.04449126496911049 -0.009913809597492218
v -0.012960337102413177 0.04411863535642624 -0.00746972905471921
v -0.007085773628205061 0.04447160288691521 -0.009785966016352177
v -0.0071845510974526405 0.0444573238492012 -0.009692569263279438
v -0.006830176338553429 0.04447099566459656 -0.009782548993825912
v 0.028690047562122345 0.040949154645204544 0.013125212863087654
v 0.030128544196486473 0.04075916111469269 0.014362054876983166
v 0.012720792554318905 0.04450774937868118 -0.010064629837870598
v 0.009917470626533031 0.045249491930007935 -0.014899376779794693
v 0.0109178451821208 0.04441441223025322 -0.009451593272387981
v 0.003993473947048187 0.03601383790373802 0.04538764804601669
v 0.0027421247214078903 0.03579637035727501 0.046809613704681396
v -0.030082760378718376 0.039954911917448044 0.019740762189030647
v -0.030873991549015045 0.04021789878606796 0.018026137724518776
v 0.00906610582023859 0.04520023614168167 -0.014576070941984653
v 0.008448462933301926 0.04509880021214485 -0.013912742957472801
v 0.009902479127049446 0.044362325221300125 -0.009109449572861195
v 0.007424119394272566 0.04452231526374817 -0.01014825701713562
v 0.00883554294705391 0.04437952861189842 -0.009219426661729813
v 0.007296830881386995 0.04448878392577171 -0.009929134510457516
v 0.007175581995397806 0.04445488378405571 -0.009707638993859291
v 0.00707661360502243 0.0444691963493824 -0.00980082806199789
v 0.006821023765951395 0.044468674808740616 -0.009796874597668648
v -0.0008991559734568 0.03567741438746452 0.04759380221366882
v 0.0010074489982798696 0.03567709028720856 0.04759180173277855
v 0.030919775366783142 0.04049617052078247 0.01607668027281761
v -0.02739979326725006 0.039509162306785583 0.022644031792879105
v -0.027836861088871956 0.03965768218040466 0.021675704047083855
v -0.028644263744354248 0.03976491838693619 0.020977603271603584
v -0.0308759193867445 0.04050667583942413 0.016141528263688087
v -0.03008819930255413 0.04076939448714256 0.014425246976315975
v -0.028652237728238106 0.04095890000462532 0.013185388408601284
v -0.007433989550918341 0.044524841010570526 -0.010132664814591408
v 0.014618681743741035 0.04447955638170242 -0.009884711354970932
v 0.016270814463496208 0.04433488845825195 -0.008944140747189522
v 0.01738061010837555 0.04409971833229065 -0.007411758881062269
v 0.017748847603797913 0.04381626099348068 -0.0055626509711146355
v -0.010872061364352703 0.036299657076597214 0.043554410338401794
v -0.012675008736550808 0.03620631992816925 0.044167447835206985
v -0.014572897925972939 0.03623451665043831 0.04398752748966217
v -0.01622503064572811 0.03637918457388878 0.04304695874452591
v -0.0173348281532526 0.03661435469985008 0.041514575481414795
v -0.017703065648674965 0.03689780831336975 0.03966546803712845
v -0.008466036058962345 0.045101676136255264 -0.013894992880523205
v -0.00908503495156765 0.0452033206820488 -0.014557023532688618
v 0.030921703204512596 0.0402073971927166 0.0179612897336483
v 0.030133983120322227 0.03994467481970787 0.019677570089697838
v 0.028698021546006203 0.03975516930222511 0.02091742865741253
v 0.02789204940199852 0.039648208767175674 0.02161722257733345
v -0.0026354289148002863 0.03579728305339813 0.04681525379419327
v -0.0038896857295185328 0.03601517900824547 0.04539592191576958
v -0.00459760706871748 0.03613748028874397 0.04459928348660469
v -0.022351564839482307 0.04291393607854843 0.0004127174324821681
v -0.025506841018795967 0.042106956243515015 0.005686087999492884
v -0.02741118147969246 0.0412142314016819 0.011516351252794266
v -0.027846265584230423 0.04106586053967476 0.012485593557357788
v -0.009937060065567493 0.04525286704301834 -0.01487854216247797
v 0.027882644906640053 0.04105638712644577 0.012427112087607384
v 0.027445577085018158 0.04120490700006485 0.011458785273134708
v 0.025617316365242004 0.042068514972925186 0.005826604086905718
v 0.022620011121034622 0.0428539514541626 0.0007071252330206335
v 0.018590563908219337 0.0435253381729126 -0.0036658162716776133
v 0.01795894093811512 0.04365686699748039 -0.00452284375205636
v 0.004699763376265764 0.036135897040367126 0.04458952695131302
v 0.005679413676261902 0.036201778799295425 0.04415745288133621
v 0.010868524201214314 0.03644372522830963 0.04256725311279297
v 0.01564934477210045 0.03683299198746681 0.04001649096608162
v 0.01984189823269844 0.03735492005944252 0.036601196974515915
v 0.02328835241496563 0.037989865988492966 0.03244994208216667
v 0.025858966633677483 0.03871392458677292 0.02771899662911892
v 0.027456963434815407 0.03949983790516853 0.022586464881896973
v -0.00985669530928135 0.03635174781084061 0.04321226477622986
v -0.008789759129285812 0.03633454442024231 0.04332224279642105
v -0.0055781397968530655 0.036203693598508835 0.044169265776872635
v -0.017913157120347023 0.03705720603466034 0.03862566128373146
v -0.01854478009045124 0.037188734859228134 0.03776863217353821
v -0.022574229165911674 0.037860121577978134 0.03339569270610809
v -0.025571532547473907 0.03864555433392525 0.028276212513446808
v -0.01809995248913765 0.043595630675554276 -0.004045368172228336
v 0.009913147427141666 0.04870900139212608 -0.014368519186973572
v 0.009058133698999882 0.04865891486406326 -0.014039804227650166
v 0.008449607528746128 0.048558421432971954 -0.01338263414800167
v -0.008464892394840717 0.04856129735708237 -0.013364884071052074
v -0.009074762463569641 0.04866199940443039 -0.014020775444805622
v -0.009930445812642574 0.04871237277984619 -0.014347695745527744
v -0.030052898451685905 -0.02920558862388134 -0.0438893623650074
v -0.030034516006708145 -0.03195802494883537 -0.025926314294338226
v -0.030035898089408875 0.02219451032578945 -0.036013465374708176
v -0.030017515644431114 0.019442075863480568 -0.01805041916668415
v 0.02994706481695175 -0.02921578660607338 -0.043952327221632004
v 0.029965447261929512 -0.03196822106838226 -0.02598927915096283
v 5.8428810007171705e-05 0.03866702318191528 0.05118925869464874
v 5.909805986448191e-05 0.03908552601933479 0.05175921693444252
v 0.009333387017250061 0.05035065487027168 -0.031667113304138184
v 0.009407855570316315 0.05033716931939125 -0.03174160048365593
v 0.007116725202649832 0.050989240407943726 -0.03163934126496315
v 0.004780415445566177 0.05145939439535141 -0.03156490996479988
v 0.004256917629390955 0.050600823014974594 -0.025424759835004807
v 0.005347416736185551 0.050657786428928375 -0.026973532512784004
v 0.006450683809816837 0.05065365135669708 -0.02841784432530403
v 0.007142347749322653 0.05061957612633705 -0.029264474287629128
v 0.008241859264671803 0.05051537975668907 -0.030521878972649574
v 4.394261850393377e-06 0.04976874217391014 -0.017962096258997917
v 0.001093893893994391 0.050079595297575 -0.020128339529037476
v 0.002126439241692424 0.05030995234847069 -0.022004632279276848
v 0.003182126907631755 0.05048432946205139 -0.023769298568367958
v 0.0023849857971072197 0.051746971905231476 -0.03151839226484299
v -0.02783670648932457 0.03237694874405861 -0.028194157406687737
v -0.027447903528809547 0.03353027626872063 -0.029647400602698326
v -0.02808697335422039 0.03269900754094124 -0.03440588340163231
v -0.027044834569096565 0.034603387117385864 -0.030889764428138733
v -0.026602262631058693 0.03566839545965195 -0.03202129155397415
v -0.027031751349568367 0.03511958196759224 -0.0340360626578331
v -0.026118626818060875 0.03672325983643532 -0.03304414451122284
v -0.02576327882707119 0.037438008934259415 -0.033682115375995636
v -0.028933698311448097 0.030149158090353012 -0.03479572385549545
v -0.028618836775422096 0.029649818316102028 -0.024786151945590973
v -0.028252890333533287 0.030999640002846718 -0.026426156982779503
v -0.0295732244849205 0.024966560304164886 -0.02009729854762554
v -0.02942037209868431 0.02591109089553356 -0.020886093378067017
v -0.029543763026595116 0.027534119784832 -0.03519579395651817
v -0.029201779514551163 0.02708720602095127 -0.021992072463035583
v -0.028934216126799583 0.028343461453914642 -0.02330310270190239
v -0.029699238017201424 0.024069122970104218 -0.01944226399064064
v -0.02991216816008091 0.02487531118094921 -0.03560281917452812
v -0.02980129048228264 0.023214096203446388 -0.018915239721536636
v -0.030016211792826653 0.01971125416457653 -0.018017549067735672
v -0.030002230778336525 0.020397527143359184 -0.018006954342126846
v -0.029972516000270844 0.021107081323862076 -0.018099820241332054
v -0.02994205616414547 0.021617820486426353 -0.01822718232870102
v -0.029881594702601433 0.022398320958018303 -0.018511775881052017
v 0.026460539549589157 -0.01972576230764389 -0.032648857682943344
v 0.025636661797761917 -0.020922033116221428 -0.031385697424411774
v 0.025032108649611473 -0.020830458030104637 -0.03198203817009926
v 0.026461884379386902 -0.020955653861165047 -0.031168056651949883
v 0.025030439719557762 -0.02058054879307747 -0.03361300006508827
v 0.02563377097249031 -0.020489178597927094 -0.03421061113476753
v 0.024810215458273888 -0.020705465227365494 -0.03279728814959526
v 0.027283769100904465 -0.020489459857344627 -0.03421233966946602
v 0.02788832224905491 -0.020581034943461418 -0.033615998923778534
v 0.02645854465663433 -0.02045583724975586 -0.03442998230457306
v 0.02788999117910862 -0.020830942317843437 -0.03198503702878952
v 0.02728665992617607 -0.020922312512993813 -0.03138742968440056
v 0.028110213577747345 -0.020706025883555412 -0.03280074894428253
v 0.026458704844117165 -0.030568460002541542 -0.03264100104570389
v 0.02563348226249218 -0.030534839257597923 -0.03285864368081093
v 0.025028929114341736 -0.030443264171481133 -0.033454980701208115
v 0.02480703592300415 -0.03031827136874199 -0.03427023068070412
v 0.025027260184288025 -0.030193354934453964 -0.03508594259619713
v 0.025630591437220573 -0.03010198473930359 -0.03568355366587639
v 0.026455365121364594 -0.030068643391132355 -0.035902928560972214
v 0.027280589565634727 -0.030102264136075974 -0.03568528592586517
v 0.02788514271378517 -0.030193841084837914 -0.03508894145488739
v 0.028107034042477608 -0.030318832024931908 -0.03427369147539139
v 0.027886811643838882 -0.030443748459219933 -0.033457979559898376
v 0.027283480390906334 -0.030535118654370308 -0.032860372215509415
v 0.024444416165351868 -0.030676528811454773 -0.034324754029512405
v -0.026539430022239685 -0.01971675455570221 -0.03259323909878731
v -0.027363309636712074 -0.020913023501634598 -0.03133007884025574
v -0.02796786278486252 -0.020821448415517807 -0.03192641958594322
v -0.02653808519244194 -0.020946646109223366 -0.031112438067793846
v -0.02796953171491623 -0.020571541041135788 -0.033557381480932236
v -0.02736620046198368 -0.020480170845985413 -0.034154992550611496
v -0.028189754113554955 -0.020696457475423813 -0.032741669565439224
v -0.025716202333569527 -0.020480450242757797 -0.03415672108530998
v -0.025111649185419083 -0.020572027191519737 -0.0335603803396225
v -0.026541423052549362 -0.02044682949781418 -0.03437436372041702
v -0.02510998025536537 -0.020821934565901756 -0.031929418444633484
v -0.02571331150829792 -0.02091330476105213 -0.03133181110024452
v -0.024889755994081497 -0.02069701813161373 -0.032745130360126495
v -0.026541264727711678 -0.03055945225059986 -0.03258538246154785
v -0.02736648917198181 -0.030525829643011093 -0.03280302509665489
v -0.027971042320132256 -0.030434254556894302 -0.03339936211705208
v -0.028192933648824692 -0.030309263616800308 -0.03421461209654808
v -0.027972711250185966 -0.030184347182512283 -0.03503032401204109
v -0.027369379997253418 -0.030092976987361908 -0.03562793508172035
v -0.02654460445046425 -0.030059635639190674 -0.03584730997681618
v -0.025719381868839264 -0.030093256384134293 -0.03562966734170914
v -0.02511482872068882 -0.030184833332896233 -0.035033322870731354
v -0.024892935529351234 -0.030309824272990227 -0.03421807661652565
v -0.02511315979063511 -0.03043474070727825 -0.03340236097574234
v -0.025716491043567657 -0.030526110902428627 -0.03280475363135338
v -0.024530554190278053 -0.03066820465028286 -0.034273359924554825
v -0.03299896419048309 -0.025774041190743446 0.0069520967081189156
v -0.03382284194231033 -0.026970310136675835 0.008215258829295635
v -0.034427396953105927 -0.026878735050559044 0.0076189180836081505
v -0.03299761936068535 -0.027003932744264603 0.008432900533080101
v -0.03442906588315964 -0.026628825813531876 0.005987954325973988
v -0.03382573276758194 -0.0265374556183815 0.0053903465159237385
v -0.03464929014444351 -0.02675374411046505 0.006803668104112148
v -0.032175734639167786 -0.026537736877799034 0.005388614721596241
v -0.03157118335366249 -0.026629311963915825 0.005984955467283726
v -0.03300095722079277 -0.026504116132855415 0.005170973017811775
v -0.03156951069831848 -0.026879221200942993 0.007615919224917889
v -0.03217284381389618 -0.02697059139609337 0.008213527500629425
v -0.031349293887615204 -0.026754304766654968 0.006800205446779728
v -0.033000800758600235 -0.0366167388856411 0.00695995707064867
v -0.03382602334022522 -0.03658311814069748 0.006742314901202917
v -0.03443057835102081 -0.03649154305458069 0.00614597462117672
v -0.03464929014444351 -0.02675374411046505 0.006803668104112148
v -0.0346524715423584 -0.036366548389196396 0.0053307246416807175
v -0.034432247281074524 -0.03624163195490837 0.004515010863542557
v -0.033828914165496826 -0.036150261759757996 0.00391740258783102
v -0.03300413861870766 -0.03611692041158676 0.0036980293225497007
v -0.03217891603708267 -0.03615054115653038 0.00391567125916481
v -0.03157436102628708 -0.03624211996793747 0.004512011539191008
v -0.031349293887615204 -0.026754304766654968 0.006800205446779728
v -0.03135247156023979 -0.036367110908031464 0.00532726151868701
v -0.03157269209623337 -0.03649202734231949 0.0061429752968251705
v -0.032176025211811066 -0.036583397537469864 0.006740583572536707
v -0.03135247156023979 -0.036367110908031464 0.00532726151868701
v -0.03099008835852146 -0.0367254912853241 0.00527197727933526
v -0.0346524715423584 -0.036366548389196396 0.0053307246416807175
v -0.03502758964896202 -0.03673715889453888 0.00527432095259428
v 0.03300099819898605 -0.025785258039832115 0.006882836576551199
v 0.032177120447158813 -0.026981528848409653 0.008145998232066631
v 0.03157256543636322 -0.026889953762292862 0.007549657952040434
v 0.0330023430287838 -0.02701515145599842 0.008363639935851097
v 0.03157089650630951 -0.026640044525265694 0.005918694194406271
v 0.03217422962188721 -0.02654867433011532 0.005321085918694735
v 0.03135067597031593 -0.02676496095955372 0.006734407972544432
v 0.03382422775030136 -0.026548955589532852 0.005319354590028524
v 0.034428779035806656 -0.026640530675649643 0.005915694870054722
v 0.032999005168676376 -0.026515332981944084 0.005101712420582771
v 0.034430451691150665 -0.02689043991267681 0.007546658627688885
v 0.03382711857557297 -0.026981810107827187 0.008144266903400421
v 0.03465067222714424 -0.026765521615743637 0.006730944849550724
v 0.03299916163086891 -0.03662795573472977 0.006890696473419666
v 0.03217393904924393 -0.03659433498978615 0.006673054303973913
v 0.031569384038448334 -0.03650275990366936 0.006076714023947716
v 0.03135067597031593 -0.02676496095955372 0.006734407972544432
v 0.03134749457240105 -0.03637776896357536 0.0052614640444517136
v 0.03156771510839462 -0.03625284880399704 0.004445750266313553
v 0.03217104822397232 -0.036161478608846664 0.00384814222343266
v 0.03299582377076149 -0.03612814098596573 0.0036287689581513405
v 0.033821046352386475 -0.03616176173090935 0.0038464106619358063
v 0.03442560136318207 -0.03625333681702614 0.004442751407623291
v 0.03465067222714424 -0.026765521615743637 0.006730944849550724
v 0.03464749455451965 -0.03637832775712013 0.005258000921458006
v 0.03442727029323578 -0.03650324419140816 0.006073715165257454
v 0.03382393717765808 -0.03659461438655853 0.006671322975307703
v 0.03134749457240105 -0.03637776896357536 0.0052614640444517136
v 0.030984874814748764 -0.03673602268099785 0.005206940695643425
v 0.03464749455451965 -0.03637832775712013 0.005258000921458006
v 0.035022370517253876 -0.036749064922332764 0.005200810264796019
v 3.439713327679783e-05 -0.03077782317996025 0.0395367406308651
v -0.0007894810987636447 -0.03197409212589264 0.040799904614686966
v -0.0013940336648374796 -0.03188251703977585 0.04020356386899948
v 3.5742046748055145e-05 -0.03200771287083626 0.041017547249794006
v -0.0013957027113065124 -0.03163260966539383 0.03857260197401047
v -0.000792371982242912 -0.031541239470243454 0.03797499090433121
v -0.0016159260412678123 -0.031757526099681854 0.03938831388950348
v 0.0008576270774938166 -0.03154151886701584 0.03797325864434242
v 0.0014621795853599906 -0.03163309395313263 0.038569603115320206
v 3.2403931982116774e-05 -0.03150789812207222 0.03775561973452568
v 0.0014638486318290234 -0.03188300132751465 0.04020056501030922
v 0.000860517960973084 -0.031974371522665024 0.04079817235469818
v 0.001684072078205645 -0.031758084893226624 0.03938484936952591
v 3.256245327065699e-05 -0.04162051901221275 0.03954460471868515
v -0.0007926606922410429 -0.041586898267269135 0.03932696208357811
v -0.0013972132001072168 -0.041495323181152344 0.03873061761260033
v -0.0016191056929528713 -0.04137033224105835 0.03791537135839462
v -0.0013988822465762496 -0.041245415806770325 0.03709965571761131
v -0.0007955515757203102 -0.04115404561161995 0.03650204837322235
v 3.2403931982116774e-05 -0.03150789812207222 0.03775561973452568
v 2.9224336685729213e-05 -0.041120704263448715 0.036282677203416824
v 0.0008544474840164185 -0.041154325008392334 0.036500316113233566
v 0.0014590000500902534 -0.041245900094509125 0.03709665685892105
v 0.001680892426520586 -0.04137089103460312 0.03791190683841705
v 0.0014606690965592861 -0.041495807468891144 0.038727618753910065
v 0.0008573383674956858 -0.04158717766404152 0.039325229823589325
v 2.9224336685729213e-05 -0.041120704263448715 0.036282677203416824
v 2.873912853829097e-05 -0.04142411798238754 0.035869453102350235
v 3.2819178159115836e-05 -0.04204799234867096 0.03985847905278206
v -0.02516760677099228 0.038564711809158325 -0.025107325986027718
v -0.024704350158572197 0.03928764909505844 -0.025940099731087685
v -0.02554331347346306 0.03780459985136986 -0.033678531646728516
v -0.024372311308979988 0.039778124541044235 -0.02646496891975403
v -0.02486369200050831 0.03888453543186188 -0.03364621102809906
v -0.023870451375842094 0.040479626506567 -0.027158614248037338
v -0.023716982454061508 0.04053642600774765 -0.03354432061314583
v -0.023346122354269028 0.041165903210639954 -0.02777095139026642
v -0.023688122630119324 0.040575381368398666 -0.03354129195213318
v -0.022797780111432076 0.04183748736977577 -0.02830480970442295
v -0.023012135177850723 0.04145298898220062 -0.033466629683971405
v -0.0222235806286335 0.04249480366706848 -0.02876228280365467
v -0.02232319861650467 0.042281489819288254 -0.0333859883248806
v -0.02193407714366913 0.04272167384624481 -0.03333941474556923
v -0.021621329709887505 0.04313817620277405 -0.029144709929823875
v -0.021626580506563187 0.04305603355169296 -0.033302322030067444
v -0.02098848484456539 0.043767742812633514 -0.029452700167894363
v -0.020915549248456955 0.043785933405160904 -0.0332159660756588
v -0.020345598459243774 0.044362496584653854 -0.029679318889975548
v -0.02020384930074215 0.044460076838731766 -0.03312908858060837
v -0.01966085657477379 0.044950228184461594 -0.029836835339665413
v -0.020023440942168236 0.044622574001550674 -0.033107027411460876
v -0.018947549164295197 0.04551612585783005 -0.02992013655602932
v -0.017910653725266457 0.0463034026324749 -0.03284871578216553
v -0.018203172832727432 0.046059977263212204 -0.02992982417345047
v -0.017424998804926872 0.04658122733235359 -0.02986573614180088
v -0.016694199293851852 0.047111876308918 -0.03270099312067032
v -0.012963226065039635 0.04878072813153267 -0.028401395305991173
v -0.013075917027890682 0.04900563508272171 -0.03225676715373993
v -0.013930675573647022 0.04840594157576561 -0.028849171474575996
v -0.014170301146805286 0.04850173741579056 -0.032394520938396454
v -0.014861693605780602 0.04799512028694153 -0.029219241812825203
v -0.014323484152555466 0.048426877707242966 -0.03241340070962906
v -0.01575508899986744 0.04755162075161934 -0.029511675238609314
v -0.016610052436590195 0.047078896313905716 -0.02972693368792534
v -0.028431762009859085 0.0429956391453743 -0.006754021625965834
v -0.02700980193912983 0.039119623601436615 -0.013661359436810017
v -0.02802390791475773 0.04326837509870529 -0.007610399276018143
v -0.02641400136053562 0.03635219857096672 -0.022121082991361618
v -0.02602132223546505 0.0370967723429203 -0.02320031076669693
v -0.025606194511055946 0.037834350019693375 -0.024194786325097084
v -0.027637340128421783 0.04351777955889702 -0.008369097486138344
v -0.027245119214057922 0.043762609362602234 -0.009090869687497616
v -0.026846006512641907 0.044003989547491074 -0.009779565967619419
v -0.026438435539603233 0.044243160635232925 -0.010438604280352592
v -0.026153607293963432 0.04440624266862869 -0.010874181054532528
v -0.025732440873980522 0.04464172199368477 -0.011482615023851395
v -0.025301840156316757 0.044875938445329666 -0.012062977068126202
v -0.02485898695886135 0.0451103076338768 -0.01261835265904665
v -0.024400632828474045 0.04534619674086571 -0.013151378370821476
v -0.02392306551337242 0.045584872364997864 -0.01366429589688778
v -0.02342202514410019 0.04582748934626579 -0.014158958569169044
v -0.022911347448825836 0.04606648162007332 -0.014620696194469929
v -0.022363096475601196 0.046313583850860596 -0.015072600916028023
v -0.02178487367928028 0.04656336456537247 -0.015504454262554646
v -0.021171489730477333 0.04681603983044624 -0.01591726951301098
v -0.020517228171229362 0.04707154631614685 -0.016311626881361008
v -0.01981574296951294 0.04732952266931534 -0.016687655821442604
v -0.019059931859374046 0.047589272260665894 -0.017044998705387115
v -0.018246518447995186 0.04784831032156944 -0.017380936071276665
v -0.017371347174048424 0.04810415580868721 -0.017693063244223595
v -0.016430415213108063 0.048354052007198334 -0.01797870546579361
v -0.015415886417031288 0.04859587177634239 -0.01823578216135502
v -0.014319107867777348 0.04882710427045822 -0.018461288884282112
v -0.013130460865795612 0.04904475435614586 -0.018651053309440613
v -0.01183963380753994 0.049245238304138184 -0.018799401819705963
v -0.010974121280014515 0.04936021566390991 -0.018867971375584602
v -0.009497919119894505 0.04952298104763031 -0.01893182285130024
v -0.007908938452601433 0.04965486377477646 -0.01893026754260063
v -0.006197710521519184 0.049751166254282 -0.01885143481194973
v -0.004354722797870636 0.04980665445327759 -0.01868017204105854
v -4.964614345226437e-05 0.049764763563871384 -0.01793602481484413
v -4.272999649401754e-05 0.049766093492507935 -0.0179447028785944
v -0.0023711565881967545 0.04981548711657524 -0.018397361040115356
v -0.0019548162817955017 0.04989347606897354 -0.01897493749856949
v -0.003621221985667944 0.04993915557861328 -0.01979091949760914
v -0.005199190229177475 0.04992188513278961 -0.020495666190981865
v -0.006692127790302038 0.0498470775783062 -0.021101854741573334
v -0.008104204200208187 0.04971979558467865 -0.021619727835059166
v -0.009439839981496334 0.04954476282000542 -0.022057386115193367
v -0.010234170593321323 0.04941370338201523 -0.022292055189609528
v -0.011435010470449924 0.049174707382917404 -0.022607531398534775
v -0.012558665126562119 0.04890349134802818 -0.022855684161186218
v -0.013611339032649994 0.04860445111989975 -0.02304159477353096
v -0.014599144458770752 0.04828130826354027 -0.023169266059994698
v -0.015527750365436077 0.047937244176864624 -0.02324170060455799
v -0.016402466222643852 0.04757492244243622 -0.02326103113591671
v -0.017225097864866257 0.04719806835055351 -0.023228855803608894
v -0.01799781434237957 0.04681018739938736 -0.023146841675043106
v -0.018722068518400192 0.046415068209171295 -0.02301698736846447
v -0.019403500482439995 0.046013928949832916 -0.02284054085612297
v -0.020047232508659363 0.04560752213001251 -0.022618114948272705
v -0.020657964050769806 0.04519621655344963 -0.02234969288110733
v -0.021240010857582092 0.04477997124195099 -0.022034652531147003
v -0.021784180775284767 0.044368624687194824 -0.021681051701307297
v -0.02231927402317524 0.043942514806985855 -0.021270934492349625
v -0.02282964624464512 0.04351544752717018 -0.020815564319491386
v -0.023319000378251076 0.04308636859059334 -0.020313795655965805
v -0.023790545761585236 0.04265407845377922 -0.019763903692364693
v -0.024247026070952415 0.042217232286930084 -0.019163576886057854
v -0.024690771475434303 0.04177442193031311 -0.0185098759829998
v -0.024988926947116852 0.041466351598501205 -0.018028592690825462
v -0.025412261486053467 0.04101359099149704 -0.017282260581851006
v -0.025822408497333527 0.04055672511458397 -0.016482479870319366
v -0.02622058615088463 0.040094777941703796 -0.015626374632120132
v -0.02660769782960415 0.03962690755724907 -0.014710522256791592
v -0.02680972032248974 0.035549234598875046 -0.02087031491100788
v -0.011956978589296341 0.04911752790212631 -0.02787400409579277
v -0.010909510776400566 0.049413930624723434 -0.02726425603032112
v -0.009818343445658684 0.04966706410050392 -0.026568487286567688
v -0.008681315928697586 0.049873530864715576 -0.02578228898346424
v -0.00794490147382021 0.049977369606494904 -0.025241483002901077
v -0.006733388174325228 0.05009913817048073 -0.024299830198287964
v -0.005487076938152313 0.050163138657808304 -0.023265495896339417
v -0.00420564878731966 0.05016675218939781 -0.02213352918624878
v -0.002889219205826521 0.0501072034239769 -0.02089783549308777
v -0.0015386807499453425 0.04998164623975754 -0.019551191478967667
v -3.5813849535770714e-05 0.04976741969585419 -0.017953382804989815
v -0.011902467347681522 0.04949057847261429 -0.032100167125463486
v -0.011931218206882477 0.04947933182120323 -0.03210415318608284
v -0.027450496330857277 0.03386881202459335 -0.01950974389910698
v -0.03088790364563465 0.01802780292928219 -0.00881864596158266
v -0.03197580575942993 0.01733638346195221 -0.004303907975554466
v -0.03197358548641205 0.01793738640844822 -0.004216340370476246
v -0.030233217403292656 0.018731771036982536 -0.013414324261248112
v -0.030231138691306114 0.019108887761831284 -0.013363553211092949
v -0.029095349833369255 0.0404789000749588 -0.006124464794993401
v -0.029683811590075493 0.03797583654522896 -0.0055503249168396
v -0.030194666236639023 0.03551606088876724 -0.005046334583312273
v -0.030630744993686676 0.03311251848936081 -0.00462168175727129
v -0.03098883293569088 0.0308245699852705 -0.004289638716727495
v -0.031240200623869896 0.02895766869187355 -0.004077891353517771
v -0.031448036432266235 0.02715682052075863 -0.0039297048933804035
v -0.031616777181625366 0.02541404403746128 -0.0038435906171798706
v -0.031749822199344635 0.023724187165498734 -0.0038182614371180534
v -0.03185016289353371 0.022080237045884132 -0.003852367401123047
v -0.031900785863399506 0.02098894491791725 -0.0039086597971618176
v -0.03195023909211159 0.019450901076197624 -0.0040355040691792965
v -0.02773345448076725 0.037052638828754425 -0.01269095204770565
v -0.0283762589097023 0.034991391003131866 -0.011793617159128189
v -0.028935067355632782 0.032962314784526825 -0.010989435948431492
v -0.029412617906928062 0.03097800351679325 -0.010290360078215599
v -0.029805107042193413 0.02908913418650627 -0.009716672822833061
v -0.030080797150731087 0.027548864483833313 -0.009323496371507645
v -0.03030884638428688 0.026064706966280937 -0.009015007875859737
v -0.03049403801560402 0.024630557745695114 -0.00878863874822855
v -0.03064008429646492 0.02324254997074604 -0.008642297238111496
v -0.030750220641493797 0.02189520373940468 -0.008573716506361961
v -0.030805770307779312 0.02100265398621559 -0.008570420555770397
v -0.030859995633363724 0.019747497513890266 -0.008625338785350323
v -0.030885521322488785 0.018515849485993385 -0.008749575354158878
v -0.03040287457406521 0.01849610172212124 -0.011875929310917854
v -0.028018904849886894 0.032197583466768265 -0.018248241394758224
v -0.028512470424175262 0.030557524412870407 -0.017110468819737434
v -0.02893385849893093 0.028959285467863083 -0.016110112890601158
v -0.029279915615916252 0.02744387648999691 -0.015273918397724628
v -0.029522845521569252 0.026212995871901512 -0.014685351401567459
v -0.029723700135946274 0.025031566619873047 -0.014205481857061386
v -0.029886746779084206 0.0238946583122015 -0.013830220326781273
v -0.030015282332897186 0.022799130529165268 -0.0135563425719738
v -0.03011218272149563 0.02174057997763157 -0.01338040642440319
v -0.030161041766405106 0.021042151376605034 -0.013315313495695591
v -0.03020871803164482 0.020063983276486397 -0.013296403922140598
v -0.03041987493634224 -0.032903995364904404 -0.01975182443857193
v -0.0315825529396534 -0.03383501619100571 -0.01367324497550726
v 0.031968869268894196 0.017325514927506447 -0.004371011629700661
v 0.03153855726122856 -0.03384574502706528 -0.01373948436230421
v 0.03087173029780388 0.018017306923866272 -0.008883455768227577
v 0.03036344237625599 -0.03291432932019234 -0.019815610721707344
v 0.03038044460117817 0.018485771492123604 -0.011939715594053268
v 0.030207639560103416 0.01872149668633938 -0.013477751053869724
v 2.5195944544975646e-05 0.04976475238800049 -0.0179361030459404
v 1.8262047888129018e-05 0.04976608231663704 -0.01794476807117462
v 0.009775720536708832 0.0496637336909771 -0.02658904902637005
v 0.010865339078009129 0.04941022768616676 -0.027287106961011887
v 0.014563173055648804 0.048276349902153015 -0.023199869319796562
v 0.013575748540461063 0.04859983175992966 -0.02307012490928173
v 0.015390374697744846 0.04859063774347305 -0.01826811023056507
v 0.013882827013731003 0.04840121418237686 -0.028878359124064445
v 0.012916447594761848 0.048776328563690186 -0.02842855267226696
v 0.019367437809705734 0.04600733891129494 -0.02288122847676277
v 0.018685773015022278 0.04640870913863182 -0.023056242614984512
v 0.020495224744081497 0.04706457629799843 -0.016354665160179138
v 0.01889646053314209 0.045509692281484604 -0.029959850013256073
v 0.018152249976992607 0.046053797006607056 -0.029967976734042168
v 0.026586512103676796 0.0396178662776947 -0.014766343869268894
v 0.028018858283758163 0.043258849531412125 -0.007669210899621248
v 0.028428414836525917 0.04298597201704979 -0.00681369099766016
v 0.014724795706570148 0.04819188266992569 -0.03250027447938919
v 0.014812927693128586 0.04799007624387741 -0.029250381514430046
v 0.01570555567741394 0.04754627123475075 -0.029544690623879433
v 0.012055212631821632 0.04940475523471832 -0.032154057174921036
v 0.0119114238768816 0.04911347106099129 -0.02789905108511448
v 0.015686679631471634 0.04767198488116264 -0.03261895477771759
v 0.0165599063038826 0.04707325994968414 -0.029761742800474167
v 0.016082124784588814 0.047443363815546036 -0.03266758471727371
v 0.017374388873577118 0.046575311571359634 -0.029902255162596703
v 0.01697571575641632 0.04689160734415054 -0.03277762979269028
v 0.017824459820985794 0.04631800204515457 -0.03288262337446213
v 0.01791778951883316 0.04625173285603523 -0.03289420157670975
v 0.021571053192019463 0.04313083365559578 -0.02919003739953041
v 0.020856445655226707 0.043779339641332626 -0.033259738236665726
v 0.020937778055667877 0.04376061633229256 -0.029496697708964348
v 0.02014581859111786 0.044453077018260956 -0.03317145258188248
v 0.020294619724154472 0.044355589896440506 -0.02972196601331234
v 0.01989026553928852 0.044682517647743225 -0.03313964232802391
v 0.01960974931716919 0.04494355618953705 -0.029878046363592148
v 0.022173887118697166 0.0424872562289238 -0.028808873146772385
v 0.021640753373503685 0.04297007620334625 -0.03335665911436081
v 0.021565552800893784 0.04305082559585571 -0.03334740176796913
v 0.023298054933547974 0.04115797579288483 -0.02781989984214306
v 0.022952862083911896 0.04144436493515968 -0.03351493552327156
v 0.02274882234632969 0.04182974621653557 -0.028352605178952217
v 0.022261276841163635 0.04227674379944801 -0.0334324836730957
v 0.022152451798319817 0.04240189120173454 -0.03341927006840706
v 0.02465948462486267 0.039279259741306305 -0.025991901755332947
v 0.02500922791659832 0.03855558857321739 -0.03371155261993408
v 0.024326510727405548 0.03976984694600105 -0.02651607245206833
v 0.024315200746059418 0.039604008197784424 -0.03365930914878845
v 0.023823434486985207 0.04047152027487755 -0.027208665385842323
v 0.02400871552526951 0.04004247486591339 -0.033630356192588806
v 0.023633195087313652 0.040559981018304825 -0.033591531217098236
v 0.026774218305945396 0.035540126264095306 -0.020926544442772865
v 0.02699064277112484 0.039110444486141205 -0.01371802669018507
v 0.02637614868581295 0.036343228071928024 -0.022176481783390045
v 0.02598145790398121 0.03708793222904205 -0.0232548825442791
v 0.025564495474100113 0.037825651466846466 -0.024248484522104263
v 0.025124242529273033 0.038556162267923355 -0.025160102173686028
v 0.02548414096236229 0.0377918966114521 -0.03373214229941368
v 0.026197638362646103 0.040085870772600174 -0.01568138226866722
v 0.025797821581363678 0.04054795205593109 -0.0165366493165493
v 0.025386150926351547 0.041004959493875504 -0.017335567623376846
v 0.024961406365036964 0.04145786166191101 -0.01808101125061512
v 0.02466234564781189 0.04176603630185127 -0.01856166683137417
v 0.024217378348112106 0.042208995670080185 -0.019214434549212456
v 0.023759787902235985 0.04264599457383156 -0.01981380395591259
v 0.02328723669052124 0.04307844862341881 -0.02036270499229431
v 0.022796975448727608 0.04350769519805908 -0.020863445475697517
v 0.022285794839262962 0.043934933841228485 -0.021317744627594948
v 0.021749988198280334 0.04436122626066208 -0.021726736798882484
v 0.02120521478354931 0.044772759079933167 -0.022079193964600563
v 0.020622650161385536 0.04518920183181763 -0.022393014281988144
v 0.020011495798826218 0.04560071602463722 -0.02266015112400055
v 0.02763078175485134 0.043508388102054596 -0.008427096530795097
v 0.02723713219165802 0.04375334829092026 -0.00914804358035326
v 0.026836656033992767 0.04399486631155014 -0.009835900738835335
v 0.02642778493463993 0.044234175235033035 -0.010494082234799862
v 0.026142098009586334 0.04439735412597656 -0.01092906016856432
v 0.025719735771417618 0.04463297873735428 -0.011536609381437302
v 0.025287996977567673 0.044867340475320816 -0.012116066180169582
v 0.024844057857990265 0.04510185867547989 -0.01267051137983799
v 0.024384668096899986 0.04533790424466133 -0.013202574104070663
v 0.023906106129288673 0.04557674378156662 -0.013714488595724106
v 0.023404110223054886 0.04581953212618828 -0.014208097942173481
v 0.0228925459086895 0.04605869576334953 -0.014668763615190983
v 0.022343432530760765 0.04630598425865173 -0.015119515359401703
v 0.021764390170574188 0.04655596241354942 -0.015550155192613602
v 0.02115022763609886 0.04680884629487991 -0.01596168242394924
v 0.01796138286590576 0.046804074198007584 -0.023184577003121376
v 0.017188627272844315 0.04719221964478493 -0.023264968767762184
v 0.016366058960556984 0.04756935313344002 -0.023295419290661812
v 0.015491507947444916 0.047931969165802 -0.02327425219118595
v 0.019793041050434113 0.04732278734445572 -0.016729222610592842
v 0.019036568701267242 0.04758279770612717 -0.01708497665822506
v 0.018222540616989136 0.0478421114385128 -0.017419205978512764
v 0.017346803098917007 0.048098254948854446 -0.017729496583342552
v 0.016405358910560608 0.04834846779704094 -0.018013162538409233
v 0.01252356730401516 0.04889922961592674 -0.02288200519979
v 0.011400529183447361 0.04917082563042641 -0.02263149432837963
v 0.010200435295701027 0.04941022768616676 -0.022313499823212624
v 0.014293204061686993 0.04882223904132843 -0.018491314724087715
v 0.01310423482209444 0.0490402951836586 -0.018678585067391396
v 0.011813168413937092 0.04924121871590614 -0.018824223428964615
v 0.01094755344092846 0.04935648664832115 -0.018890976905822754
v 0.008640415035188198 0.04987058788537979 -0.025800466537475586
v 0.007905173115432262 0.04997467249631882 -0.02525811642408371
v 0.00940664391964674 0.04954155907034874 -0.0220771636813879
v 0.008071989752352238 0.049717046320438385 -0.021636702120304108
v 0.009471275843679905 0.04951975867152214 -0.01895172894001007
v 0.007882346399128437 0.04965217784047127 -0.01894683949649334
v 0.00545156467705965 0.05016127973794937 -0.023276973515748978
v 0.006695680320262909 0.05009685829281807 -0.024313921108841896
v 0.006661045830696821 0.049844808876514435 -0.021115867421030998
v 0.006171320099383593 0.04974906146526337 -0.01886441372334957
v 1.1328153959766496e-05 0.04976741224527359 -0.017953431233763695
v 0.0015109111554920673 0.04998112842440605 -0.019554391503334045
v 0.0019282251596450806 0.049892816692590714 -0.018979012966156006
v 0.0028586629778146744 0.0501062273979187 -0.02090386673808098
v 0.0035929300356656313 0.04993792623281479 -0.019798489287495613
v 0.00417251605540514 0.0501653291285038 -0.0221423227339983
v 0.005169409792870283 0.04992012307047844 -0.020506547763943672
v 0.002345750341191888 0.04981468617916107 -0.018402311950922012
v 0.0043287151493132114 0.0498051792383194 -0.018689284101128578
v 0.028854988515377045 0.041401538997888565 -0.006412669084966183
v 0.029456550255417824 0.03895684704184532 -0.0058326516300439835
v 0.030039628967642784 0.03627506271004677 -0.005259953439235687
v 0.03052024357020855 0.033731717616319656 -0.004789898172020912
v 0.03091142512857914 0.03132462874054909 -0.004421995021402836
v 0.03119755908846855 0.029264595359563828 -0.004175362642854452
v 0.031423140317201614 0.02735285274684429 -0.004009705502539873
v 0.03161320462822914 0.025407295674085617 -0.003910074010491371
v 0.03174660727381706 0.02370578423142433 -0.0038849166594445705
v 0.031846098601818085 0.022063449025154114 -0.003919443115592003
v 0.031915083527565 0.0204634927213192 -0.004011817742139101
v 0.03195570036768913 0.018889181315898895 -0.004161875229328871
v 0.030857089906930923 0.019288320094347 -0.008727164007723331
v 0.030812256038188934 0.020571842789649963 -0.008645616471767426
v 0.03073621727526188 0.021879876032471657 -0.008638130500912666
v 0.030626635998487473 0.02322588860988617 -0.008706102147698402
v 0.03047979064285755 0.024623477831482887 -0.008853060193359852
v 0.03027069941163063 0.02622467838227749 -0.009110230021178722
v 0.030022693797945976 0.027800533920526505 -0.009448312222957611
v 0.029708342626690865 0.029500465840101242 -0.009898670017719269
v 0.029278971254825592 0.03148787468671799 -0.010525928810238838
v 0.028752049431204796 0.03358732908964157 -0.011292251758277416
v 0.028113702312111855 0.03579847142100334 -0.012199086137115955
v 0.027456199750304222 0.03780987113714218 -0.013100768439471722
v 0.030194683000445366 0.019705217331647873 -0.013374265283346176
v 0.030155103653669357 0.020703792572021484 -0.013362692669034004
v 0.030087999999523163 0.021726522594690323 -0.013443111442029476
v 0.029991300776600838 0.02278401516377926 -0.0136182876303792
v 0.02986171282827854 0.023887107148766518 -0.013893675990402699
v 0.02967715822160244 0.025156764313578606 -0.014318257570266724
v 0.029458194971084595 0.02641192264854908 -0.014840983785688877
v 0.02918054535984993 0.027771519497036934 -0.015511256642639637
v 0.028801100328564644 0.02936759777367115 -0.016421156004071236
v 0.028335094451904297 0.031060384586453438 -0.017514076083898544
v 0.027769995853304863 0.03284967318177223 -0.018794279545545578
v 0.027187267318367958 0.03448227420449257 -0.020060807466506958
v -0.028540944680571556 0.022949811071157455 -0.04094598442316055
v 0.02845902182161808 0.022940123453736305 -0.04100579768419266
v 0.024448750540614128 0.023446451872587204 -0.039183359593153
v 0.024439483880996704 0.023697299882769585 -0.039144910871982574
v 0.02482362650334835 0.02377156913280487 -0.03913392499089241
v 0.024736175313591957 0.023921392858028412 -0.039110876619815826
v 0.02546118013560772 0.023940309882164 -0.03910871967673302
v 0.025461237877607346 0.024113290011882782 -0.03908221796154976
v 0.026098623871803284 0.02377135306596756 -0.03913526237010956
v 0.026186175644397736 0.023921145126223564 -0.0391124002635479
v 0.026565155014395714 0.023309975862503052 -0.03920643404126167
v 0.02671673707664013 0.023396439850330353 -0.03919334337115288
v 0.026735763996839523 0.022679803892970085 -0.039303168654441833
v 0.02691076323390007 0.022679774090647697 -0.03930335491895676
v 0.026564737781882286 0.022049685940146446 -0.03939954563975334
v 0.026716263964772224 0.021963169798254967 -0.039412956684827805
v 0.02609790302813053 0.021588467061519623 -0.03946974128484726
v 0.026185354217886925 0.02143864519894123 -0.039492785930633545
v 0.025460347533226013 0.02141973003745079 -0.039494942873716354
v 0.025460289791226387 0.02124674618244171 -0.03952144831418991
v 0.02482290379703045 0.021588683128356934 -0.03946840390563011
v 0.024735353887081146 0.02143889106810093 -0.03949126601219177
v 0.024460505694150925 0.02189834974706173 -0.039420582354068756
v 0.02446042187511921 0.021642301231622696 -0.03945981711149216
v 0.003040100447833538 0.05095153674483299 -0.036687664687633514
v 0.006075947545468807 0.05046060308814049 -0.03676599636673927
v 0.010048936121165752 0.049293242394924164 -0.03694945201277733
v 0.008937948383390903 0.04968293383717537 -0.036888085305690765
v 0.008930620737373829 0.04968533664941788 -0.03688770905137062
v -3.164357985951938e-05 0.05111617222428322 -0.03665929660201073
v -0.0031034962739795446 0.05095257982611656 -0.036681219935417175
v -0.006139667704701424 0.05046267807483673 -0.036753177642822266
v -0.011833779513835907 0.04858999326825142 -0.03703737258911133
v -0.00899485219269991 0.04968838393688202 -0.036868900060653687
v -0.01683182828128338 0.04570746794342995 -0.03748512268066406
v -0.01441159751266241 0.04727189615368843 -0.03724289685487747
v -0.018019400537014008 0.044803276658058167 -0.037623267620801926
v -0.017864318564534187 0.04492703825235367 -0.0376044437289238
v -0.017234880477190018 0.045411575585603714 -0.03753048926591873
v -0.0217064768075943 0.0412454791367054 -0.03815687447786331
v -0.020931249484419823 0.042106352746486664 -0.03802846744656563
v -0.018630938604474068 0.044297508895397186 -0.037699926644563675
v -0.02517130970954895 0.036229051649570465 -0.03891468420624733
v -0.02448195591568947 0.03743113577365875 -0.03873119875788689
v -0.024477951228618622 0.03743773326277733 -0.0387301929295063
v -0.023850513622164726 0.038424503058195114 -0.03858022391796112
v -0.022790929302573204 0.0399104468524456 -0.038356438279151917
v -0.02849096618592739 0.024608265608549118 -0.040691912174224854
v -0.028143391013145447 0.027629639953374863 -0.04022931307554245
v -0.02746839076280594 0.030596431344747543 -0.039775408804416656
v -0.026473835110664368 0.03347407653927803 -0.03933548927307129
v 0.028410140424966812 0.02459859289228916 -0.0407516248524189
v 0.024409614503383636 0.037422824651002884 -0.0387825071811676
v 0.025098171085119247 0.03622050583362579 -0.03896743804216385
v 0.026398874819278717 0.03346509113907814 -0.03939097747206688
v 0.027391524985432625 0.030587106943130493 -0.03983297944068909
v 0.028064562007784843 0.027620086446404457 -0.040288295596838
v 0.02270553633570671 0.03992195799946785 -0.0384012833237648
v 0.021636640653014183 0.04123811051249504 -0.03820235654711723
v 0.01761624589562416 0.04506306350231171 -0.037619855254888535
v 0.017772255465388298 0.04494049772620201 -0.037638843059539795
v 0.018768029287457466 0.04411495849490166 -0.0377659946680069
v 0.02084110490977764 0.042121488600969315 -0.03806896507740021
v 0.011746730655431747 0.04859590157866478 -0.037060558795928955
v 0.01431932020932436 0.047282248735427856 -0.037270646542310715
v 0.01698356866836548 0.04554244875907898 -0.03754527494311333
v -0.025532159954309464 0.021633638069033623 -0.03236279636621475
v -0.026420291513204575 0.02223365753889084 -0.032893020659685135
v -0.026044992730021477 0.02260443940758705 -0.032836589962244034
v -0.026557782664895058 0.021727092564105988 -0.032970499247312546
v -0.025019994005560875 0.022604264318943024 -0.03283766657114029
v -0.024644941091537476 0.022233355790376663 -0.032894883304834366
v -0.025532448664307594 0.022740092128515244 -0.0328163281083107
v -0.024645276367664337 0.02122018113732338 -0.03305012732744217
v -0.025020573288202286 0.02084939554333687 -0.03310655802488327
v -0.024507785215973854 0.02172674424946308 -0.03297264873981476
v -0.026045573875308037 0.020849570631980896 -0.033105481415987015
v -0.026420626789331436 0.021220482885837555 -0.03304826468229294
v -0.025533117353916168 0.020713740959763527 -0.033126819878816605
v -0.02656395360827446 0.02265099808573723 -0.039000120013952255
v -0.026426462456583977 0.02315756119787693 -0.038922641426324844
v -0.02605116367340088 0.023528343066573143 -0.03886621072888374
v -0.025538617745041847 0.023663997650146484 -0.03884594887495041
v -0.025026164948940277 0.023528169840574265 -0.03886728733778
v -0.02465111017227173 0.023157259449362755 -0.038924504071474075
v -0.024513954296708107 0.022650649771094322 -0.039002273231744766
v -0.02465144544839859 0.02214408665895462 -0.03907975181937218
v -0.025026744231581688 0.02177329920232296 -0.03913618251681328
v -0.02553928829729557 0.021637646481394768 -0.03915644437074661
v -0.02605174481868744 0.021773474290966988 -0.03913510590791702
v -0.02642679773271084 0.022144388407468796 -0.039077889174222946
v -0.024401569738984108 0.022667668759822845 -0.039113592356443405
v -0.025545237585902214 -0.017904900014400482 -0.03842117637395859
v -0.026433369144797325 -0.017304880544543266 -0.03895140066742897
v -0.026058072224259377 -0.016934096813201904 -0.03889496996998787
v -0.026570860296487808 -0.017811443656682968 -0.03902887925505638
v -0.025033071637153625 -0.016934270039200783 -0.038896046578884125
v -0.024658018723130226 -0.01730518229305744 -0.0389532633125782
v -0.025545526295900345 -0.016798444092273712 -0.038874708116054535
v -0.024658353999257088 -0.018318356946110725 -0.0391085110604763
v -0.025033652782440186 -0.018689142540097237 -0.039164938032627106
v -0.024520862847566605 -0.017811791971325874 -0.039031028747558594
v -0.026058651506900787 -0.01868896745145321 -0.03916386514902115
v -0.026433704420924187 -0.01831805519759655 -0.039106644690036774
v -0.025546196848154068 -0.01882479339838028 -0.03918519988656044
v -0.02657703123986721 -0.016887539997696877 -0.04505850002169609
v -0.026439540088176727 -0.016380976885557175 -0.04498102143406868
v -0.02606424130499363 -0.016010191291570663 -0.04492459446191788
v -0.025551695376634598 -0.01587454043328762 -0.04490433260798454
v -0.025039242580533028 -0.01601036638021469 -0.044925667345523834
v -0.02466418966650963 -0.01638127863407135 -0.04498288780450821
v -0.024527033790946007 -0.016887888312339783 -0.0450606532394886
v -0.02466452494263649 -0.017394453287124634 -0.04513813182711601
v -0.02503982186317444 -0.017765237018465996 -0.045194562524557114
v -0.02555236592888832 -0.017900889739394188 -0.04521482437849045
v -0.02606482245028019 -0.017765063792467117 -0.04519348591566086
v -0.02643987536430359 -0.01739415153861046 -0.04513626918196678
v -0.02441464737057686 -0.01687086746096611 -0.04517197236418724
v 0.025454731658101082 -0.017913568764925003 -0.03847469761967659
v 0.02456660196185112 -0.017313549295067787 -0.039004918187856674
v 0.024941900745034218 -0.016942765563726425 -0.03894849121570587
v 0.024429110810160637 -0.01782011240720749 -0.039082396775484085
v 0.02596690133213997 -0.016942938789725304 -0.03894956409931183
v 0.026341954246163368 -0.017313851043581963 -0.039006784558296204
v 0.0254544448107481 -0.016807112842798233 -0.03892822936177254
v 0.026341618970036507 -0.018327025696635246 -0.03916202858090401
v 0.02596632018685341 -0.01869780942797661 -0.03921845927834511
v 0.02647911012172699 -0.017820460721850395 -0.039084549993276596
v 0.024941319599747658 -0.01869763620197773 -0.03921738266944885
v 0.02456626668572426 -0.01832672394812107 -0.039160165935754776
v 0.025453774258494377 -0.0188334621489048 -0.03923872113227844
v 0.024422939866781235 -0.016896208748221397 -0.04511202126741409
v 0.024560431018471718 -0.016389643773436546 -0.04503454267978668
v 0.024935729801654816 -0.016018860042095184 -0.04497811198234558
v 0.025448273867368698 -0.01588320918381214 -0.04495785012841225
v 0.025960730388760567 -0.016019035130739212 -0.04497918859124184
v 0.026335783302783966 -0.016389945521950722 -0.04503640532493591
v 0.026472939178347588 -0.016896557062864304 -0.045114170759916306
v 0.026335448026657104 -0.017403122037649155 -0.045191653072834015
v 0.025960149243474007 -0.017773905768990517 -0.04524808004498482
v 0.025447603315114975 -0.01790955848991871 -0.04526834189891815
v 0.024935148656368256 -0.01777373068034649 -0.04524700716137886
v 0.024560095742344856 -0.01740282028913498 -0.045189786702394485
v 0.02431032620370388 -0.01687914878129959 -0.04522310569882393
v 0.02546781115233898 0.021624969318509102 -0.032416313886642456
v 0.02457967959344387 0.022224988788366318 -0.03294653818011284
v 0.02495497837662697 0.02259577065706253 -0.03289010748267174
v 0.024442188441753387 0.021718425676226616 -0.03302401676774025
v 0.02597997896373272 0.022595595568418503 -0.03289118409156799
v 0.02635503187775612 0.022224687039852142 -0.03294840082526207
v 0.02546752244234085 0.022731425240635872 -0.0328698456287384
v 0.026354696601629257 0.02121151238679886 -0.03310364857316017
v 0.02597939781844616 0.020840726792812347 -0.03316007927060127
v 0.02649218775331974 0.02171807549893856 -0.03302616998553276
v 0.02495439723134041 0.020840901881456375 -0.03315900266170502
v 0.02457934431731701 0.021211814135313034 -0.03310178592801094
v 0.025466851890087128 0.020705074071884155 -0.03318034112453461
v 0.024436019361019135 0.022642329335212708 -0.03905364125967026
v 0.024573510512709618 0.02314889244735241 -0.03897616267204285
v 0.024948807433247566 0.023519674316048622 -0.038919731974601746
v 0.02546135149896145 0.023655328899621964 -0.03889947012066841
v 0.025973808020353317 0.023519501090049744 -0.038920808583498
v 0.026348860934376717 0.023148590698838234 -0.03897802531719208
v 0.026486016809940338 0.0226419810205698 -0.03905579075217247
v 0.026348525658249855 0.0221354179084301 -0.03913326933979988
v 0.025973226875066757 0.021764632314443588 -0.03918970003724098
v 0.025460680946707726 0.021628977730870247 -0.039209961891174316
v 0.024948228150606155 0.021764805540442467 -0.039188627153635025
v 0.024573175236582756 0.022135719656944275 -0.03913140669465065
v 0.02432340569794178 0.022659387439489365 -0.03916472569108009
v -2.3837545086280443e-05 0.046835120767354965 -0.028527338057756424
v -0.0009119685273617506 0.04743514209985733 -0.029057560488581657
v -0.0005366700352169573 0.04780592396855354 -0.029001131653785706
v -0.0010494599118828773 0.04692857712507248 -0.029135040938854218
v 0.0004883293877355754 0.047805748879909515 -0.029002206400036812
v 0.0008633825345896184 0.047434840351343155 -0.02905942313373089
v -2.412541834928561e-05 0.047941576689481735 -0.02898086979985237
v 0.0008630474330857396 0.046421658247709274 -0.02921467088162899
v 0.00048774894094094634 0.04605087637901306 -0.02927110157907009
v 0.0010005389340221882 0.046928226947784424 -0.02913719229400158
v -0.0005372504820115864 0.04605105146765709 -0.029270024970173836
v -0.0009123036288656294 0.04642195999622345 -0.02921280823647976
v -2.479566501278896e-05 0.04591522738337517 -0.029291361570358276
v -0.0010556303896009922 0.04785247892141342 -0.03516466170549393
v -0.0009181389468722045 0.04835904762148857 -0.035087183117866516
v -0.0005428405129350722 0.048729829490184784 -0.035030752420425415
v -2.412541834928561e-05 0.047941576689481735 -0.02898086979985237
v -3.029587423952762e-05 0.04886547848582268 -0.03501049429178238
v 0.00048215893912129104 0.048729654401540756 -0.03503182902932167
v 0.0008572121150791645 0.048358745872974396 -0.03508904576301575
v 0.0009943684563040733 0.047852132469415665 -0.03516681492328644
v 0.0008568769553676248 0.047345563769340515 -0.03524429351091385
v 0.00048157849232666194 0.0469747819006443 -0.03530072420835495
v -2.479566501278896e-05 0.04591522738337517 -0.029291361570358276
v -3.096612272202037e-05 0.04683913290500641 -0.035320986062288284
v -0.0005434209597297013 0.04697495698928833 -0.035299647599458694
v -0.0009184741065837443 0.04734586551785469 -0.03524243086576462
v -3.111670594080351e-05 0.04674496501684189 -0.03544922545552254
v -3.096612272202037e-05 0.04683913290500641 -0.035320986062288284
v -3.029587423952762e-05 0.04886547848582268 -0.03501049429178238
v -3.0467024771496654e-05 0.049150463193655014 -0.035219743847846985
v 0.028584031388163567 0.022950995713472366 -0.041077032685279846
v 0.02961156703531742 0.022581489756703377 -0.03866775706410408
v 0.02959456667304039 -0.028818609192967415 -0.04654365032911301
v 0.02837419882416725 0.02637992799282074 -0.040551409125328064
v 0.029491031542420387 0.025231070816516876 -0.038261644542217255
v 0.029128659516572952 0.027858996763825417 -0.03785860165953636
v 0.027549752965569496 0.030497269704937935 -0.03991967812180519
v 0.02852742187678814 0.030443744733929634 -0.03746193274855614
v 0.02611815743148327 0.03444865718483925 -0.03931275010108948
v 0.027692236006259918 0.03296414390206337 -0.03707488253712654
v 0.02665090374648571 0.03535683453083038 -0.03670718893408775
v 0.02451685070991516 0.03749725967645645 -0.03884398192167282
v 0.02539513260126114 0.03764886036515236 -0.03637024387717247
v 0.008969922550022602 0.04981359466910362 -0.03694086894392967
v 0.009293739683926105 0.05040443688631058 -0.034399259835481644
v 0.01203212421387434 0.049357715994119644 -0.034699101001024246
v 0.011345822364091873 0.04891787841916084 -0.03708314523100853
v 0.014667023904621601 0.04807276651263237 -0.034983303397893906
v 0.013631988316774368 0.047817979007959366 -0.03725994750857353
v 0.015586577355861664 0.04754676669836044 -0.03508567810058594
v 0.015810096636414528 0.04652184247970581 -0.0374668687582016
v 0.017675606533885002 0.04616925120353699 -0.035329218953847885
v 0.017863046377897263 0.04503929987549782 -0.03769915550947189
v 0.023114686831831932 0.03959459438920021 -0.03852410987019539
v 0.02356640249490738 0.04032048583030701 -0.03611151874065399
v 0.021173125132918358 0.04312664642930031 -0.03577495366334915
v 0.021674081683158875 0.042595431208610535 -0.03584323823451996
v 0.01950817182660103 0.044708482921123505 -0.03555655479431152
v 0.021530091762542725 0.04156118258833885 -0.03822760283946991
v 0.019774818792939186 0.04338110610842705 -0.03795295208692551
v 0.006175989285111427 0.050576258450746536 -0.036821149289608
v 0.007030661683529615 0.05105050653219223 -0.03428240865468979
v 0.0047215973027050495 0.05151518061757088 -0.03420884534716606
v 0.0028631866443902254 0.05110515281558037 -0.03673671931028366
v 0.0023541017435491085 0.05179940164089203 -0.03416287153959274
v -3.16754485538695e-05 0.051250703632831573 -0.03671145439147949
v -2.8873648261651397e-05 0.051894620060920715 -0.034145843237638474
v -0.002411911729723215 0.051800210028886795 -0.03415786847472191
v -0.002926633460447192 0.05110613629221916 -0.03673064336180687
v -0.006239785812795162 0.050578366965055466 -0.03680812194943428
v -0.004779594950377941 0.05151679739356041 -0.03419887274503708
v -0.00708896666765213 0.05105290934443474 -0.034267593175172806
v -0.009034223854541779 0.04981665313243866 -0.03692197427153587
v -0.009352504275739193 0.05040760710835457 -0.03437969088554382
v -0.011882040649652481 0.04945150017738342 -0.0346517339348793
v -0.024479659274220467 0.03915576636791229 -0.03618231043219566
v -0.02159983664751053 0.04156854376196861 -0.0381823405623436
v -0.023263288661837578 0.040807321667671204 -0.036009546369314194
v -0.021465571597218513 0.042895346879959106 -0.03576091676950455
v -0.019843613728880882 0.04338767006993294 -0.03791140392422676
v -0.019641604274511337 0.04465363919734955 -0.03552437573671341
v -0.017931057140231133 0.045044977217912674 -0.03766165301203728
v -0.017678236588835716 0.0462183952331543 -0.035285018384456635
v -0.016544701531529427 0.0469944104552269 -0.03515354543924332
v -0.015876710414886475 0.04652712494134903 -0.03743363171815872
v -0.01428587082773447 0.04831496626138687 -0.034905027598142624
v -0.013697441667318344 0.04782271757721901 -0.03723125532269478
v -0.011410720646381378 0.048921745270490646 -0.03705926612019539
v -0.025462333112955093 0.03765750676393509 -0.036316871643066406
v -0.0245892982929945 0.037505604326725006 -0.0387924499809742
v -0.023185767233371735 0.03960245102643967 -0.03847552463412285
v -0.026192620396614075 0.03445754945278168 -0.03925785422325134
v -0.026719586923718452 0.03536590561270714 -0.03665118291974068
v -0.027762504294514656 0.03297356888651848 -0.03701668977737427
v -0.027626831084489822 0.030506648123264313 -0.0398617759346962
v -0.02859935536980629 0.030453454703092575 -0.03740198165178299
v -0.028454000130295753 0.02638958767056465 -0.040491774678230286
v -0.029202304780483246 0.027868911623954773 -0.037797387689352036
v -0.029566412791609764 0.025241108611226082 -0.038199666887521744
v -0.028666101396083832 0.02296072617173195 -0.04101695492863655
v -0.029688702896237373 0.022591568529605865 -0.038605526089668274
v -0.029705703258514404 -0.028808530420064926 -0.0464814193546772
v -0.007914455607533455 0.03597261384129524 -0.003835798241198063
v -0.002695800270885229 0.036174725741147995 -0.005166084971278906
v 0.0026935257483273745 0.03617380931973457 -0.005171740893274546
v 0.00791489239782095 0.03596992418169975 -0.0038524095434695482
v 0.012640221044421196 0.035575881600379944 -0.0012909896904602647
v 0.016572602093219757 0.03501644358038902 0.002351573435589671
v 0.019464949145913124 0.03432675451040268 0.006846406031399965
v 0.02113552764058113 0.03355015441775322 0.011911080218851566
v 0.021479368209838867 0.032735440880060196 0.01722736470401287
v 0.020474862307310104 0.03193380683660507 0.022461218759417534
v 0.01818513311445713 0.031195616349577904 0.02728377655148506
v 0.014754047617316246 0.03056725487112999 0.03139202296733856
v 0.010397195816040039 0.030088206753134727 0.034527819603681564
v 0.005388334393501282 0.02978857047855854 0.03649413585662842
v 4.218797403154895e-05 0.029687173664569855 0.03716741502285004
v -0.005305325146764517 0.02979038842022419 0.036505356431007385
v -0.01031820010393858 0.030091727152466774 0.03454956039786339
v -0.014681460335850716 0.030572257936000824 0.03142291307449341
v -0.01812094822525978 0.031201787292957306 0.02732187695801258
v -0.020420541986823082 0.031940758228302 0.022504134103655815
v -0.021435758098959923 0.032742734998464584 0.017272401601076126
v -0.021102799102663994 0.033557333052158356 0.011955405585467815
v -0.019442589953541756 0.03433336690068245 0.006887235678732395
v -0.016559448093175888 0.03502207249403 0.002386342268437147
v -0.01263453159481287 0.03558017686009407 -0.0012644663220271468
v -0.009061068296432495 0.04179269075393677 -0.018697164952754974
v -0.012370993383228779 0.04013928398489952 -0.01894712634384632
v 0.011925949715077877 0.0391857884824276 -0.01748768426477909
v 0.012022726237773895 0.03941615670919418 -0.01775161549448967
v 0.012939812615513802 0.039014898240566254 -0.018016718327999115
v 0.00823067594319582 0.03971189260482788 -0.016375552862882614
v 0.00843233335763216 0.039979346096515656 -0.016565464437007904
v 0.009440325200557709 0.03954323008656502 -0.016635408625006676
v -0.008255249820649624 0.03971469774842262 -0.016358252614736557
v -0.008457214571535587 0.03998221829533577 -0.016547739505767822
v -0.006246034521609545 0.03996247798204422 -0.016062872484326363
v -0.005162461660802364 0.04103226587176323 -0.01639021560549736
v -0.005482149310410023 0.040042806416749954 -0.015982866287231445
v -0.0049603162333369255 0.04009256511926651 -0.015936480835080147
v -0.002621385268867016 0.04025895893573761 -0.0157970879226923
v -0.0017427263082936406 0.041563455015420914 -0.01631232164800167
v -1.153485027316492e-05 0.04032465070486069 -0.015749311074614525
v 0.0017188922502100468 0.04156286641955376 -0.01631595566868782
v 0.0030012272763997316 0.040236227214336395 -0.015820292755961418
v 0.00622216984629631 0.039960358291864395 -0.01607595570385456
v 0.005138275679200888 0.04103051498532295 -0.016401024535298347
v 0.005458481144160032 0.04004094749689102 -0.015994347631931305
v 0.010792180895805359 0.03934706747531891 -0.01702999696135521
v 0.008799468167126179 0.04102790355682373 -0.017501352354884148
v 0.01382280420511961 0.03881651163101196 -0.018585244193673134
v 0.012341121211647987 0.040135081857442856 -0.018973058089613914
v 0.014218314550817013 0.038714904338121414 -0.01889299601316452
v 0.015298797748982906 0.03846723586320877 -0.020386815071105957
v 0.015188689343631268 0.03847076743841171 -0.020060501992702484
v 0.014951111748814583 0.03852035850286484 -0.019656585529446602
v 0.014736592769622803 0.038575734943151474 -0.019390391185879707
v -0.015332197770476341 0.03847244009375572 -0.02035467140376568
v -0.01522140298038721 0.03847593441605568 -0.02002859115600586
v -0.01296805776655674 0.039019301533699036 -0.01798953115940094
v -0.013852307572960854 0.03882121667265892 -0.018556201830506325
v -0.014248497784137726 0.038719743490219116 -0.018863122910261154
v -0.014767864719033241 0.0385807529091835 -0.01935942843556404
v -0.014982961118221283 0.03852544724941254 -0.019625172019004822
v -0.011953027918934822 0.03918984532356262 -0.017462626099586487
v -0.012050280347466469 0.03942025080323219 -0.01772635243833065
v -0.010818245820701122 0.03935074061155319 -0.017007319256663322
v -0.008825955912470818 0.041030898690223694 -0.017482856288552284
v -0.009465498849749565 0.03954644501209259 -0.016615569591522217
v -0.005387651734054089 0.04212670028209686 -0.017318468540906906
v -0.0018189182737842202 0.04268103465437889 -0.017237180843949318
v -0.00553148053586483 0.04291759058833122 -0.018528413027524948
v -0.0018680017674341798 0.04348663613200188 -0.01844496838748455
v 0.009032289497554302 0.04178961366415024 -0.018716152757406235
v 0.005503447260707617 0.0429157130420208 -0.018539993092417717
v 0.005361889023333788 0.042124874889850616 -0.01732974871993065
v 0.0018403452122583985 0.04348600655794144 -0.018448859453201294
v 0.0017935227369889617 0.042680419981479645 -0.017240973189473152
v 0.015673715621232986 0.037897564470767975 -0.019304323941469193
v 0.013769443146884441 0.037191759794950485 -0.015038891695439816
v 0.014672933146357536 0.03730789199471474 -0.015964234247803688
v 0.01582658849656582 0.03739193081855774 -0.017518799751996994
v 0.015468222089111805 0.0373704731464386 -0.01696939393877983
v 0.015463141724467278 0.03789981082081795 -0.018935777246952057
v 0.014956589788198471 0.03791937232017517 -0.0182578656822443
v 0.014572329819202423 0.03793355077505112 -0.01784593239426613
v 0.013722581788897514 0.03794204071164131 -0.017102153971791267
v 0.012762653641402721 0.03790000081062317 -0.016434408724308014
v 0.005612725391983986 0.03846774995326996 -0.015122023411095142
v 0.005827390588819981 0.03731146082282066 -0.013752138242125511
v 0.006408177316188812 0.03843294829130173 -0.015198487788438797
v 0.006662959698587656 0.03731372952461243 -0.013849416747689247
v 0.008901853114366531 0.03733250871300697 -0.014228081330657005
v 0.010284822434186935 0.037358786910772324 -0.014577300287783146
v 0.011866568587720394 0.037411078810691833 -0.015133395791053772
v 0.00852163601666689 0.038333095610141754 -0.015497398562729359
v 0.009812823496758938 0.03827362880110741 -0.015774212777614594
v 0.011275500990450382 0.03821732476353645 -0.016216283664107323
v -0.0027723682578653097 0.037313539534807205 -0.013530933298170567
v 0.0031820829026401043 0.037312041968107224 -0.013555752113461494
v -9.665820471127518e-06 0.03731503710150719 -0.013480803929269314
v 0.0030750404112040997 0.038556113839149475 -0.01496822852641344
v -1.0947020200546831e-05 0.03859792649745941 -0.014909477904438972
v -0.0026831382419914007 0.038567230105400085 -0.014947766438126564
v -1.153485027316492e-05 0.04032465070486069 -0.015749311074614525
v -0.005635097157210112 0.03846966475248337 -0.015110219828784466
v -0.005847279913723469 0.037313446402549744 -0.013739886693656445
v -0.006683050189167261 0.03731599822640419 -0.01383541151881218
v -0.006430719513446093 0.03843512758612633 -0.01518501527607441
v -0.008922726847231388 0.03733553737401962 -0.014209376648068428
v -0.010306417010724545 0.03736228868365288 -0.014555691741406918
v -0.011889309622347355 0.03741511330008507 -0.015108466148376465
v -0.01324991974979639 0.03748948127031326 -0.01577829010784626
v -0.00854483526200056 0.03833599388599396 -0.015479489229619503
v -0.009836620651185513 0.03827696666121483 -0.015753593295812607
v -0.011300241574645042 0.03822116181254387 -0.016192592680454254
v -0.012546219862997532 0.03819309175014496 -0.01672588475048542
v -0.015854332596063614 0.037397317588329315 -0.01748555339872837
v -0.015494821593165398 0.037375736981630325 -0.016936900094151497
v -0.015705035999417305 0.03790289908647537 -0.01927139423787594
v -0.014697445556521416 0.037312883883714676 -0.015933411195874214
v -0.01549368817359209 0.037905074656009674 -0.01890329085290432
v -0.014985708519816399 0.03792446479201317 -0.018226444721221924
v -0.014600579626858234 0.03793850913643837 -0.01781531795859337
v -0.013749269768595695 0.037946708500385284 -0.01707332581281662
v -0.024543587118387222 0.009443108923733234 -0.04127892106771469
v -0.024554524570703506 -0.02362099289894104 -0.046345241367816925
v -0.024548131972551346 -0.004296532832086086 -0.04338420554995537
v -0.02454518899321556 0.004599637817591429 -0.042021069675683975
v -3.111670594080351e-05 0.04674496501684189 -0.03544922545552254
v 0.0029218776617199183 0.04672463610768318 -0.03559446707367897
v 0.008656082674860954 0.04532649740576744 -0.035814572125673294
v 0.013884949497878551 0.042612478137016296 -0.036235783249139786
v 0.018304593861103058 0.03874031454324722 -0.03683362901210785
v 0.021658161655068398 0.03393503278493881 -0.03757336363196373
v 0.023750755935907364 0.02847590297460556 -0.03841199353337288
v -0.02382536418735981 0.02848399057984352 -0.03836206719279289
v -0.021729160100221634 0.03394240513443947 -0.03752783313393593
v -0.018372410908341408 0.03874654695391655 -0.03679513931274414
v -0.013950206339359283 0.04261720925569534 -0.036206573247909546
v -0.008719545789062977 0.04532945156097412 -0.03579633682966232
v -0.0029844162054359913 0.046725641936063766 -0.03558827191591263
v 0.024445446208119392 -0.0236293226480484 -0.046396661549806595
v 0.024456383660435677 0.009434781037271023 -0.04133034124970436
v 0.024454781785607338 0.0045913089998066425 -0.042072493582963943
v 0.024451838806271553 -0.004304861184209585 -0.043435629457235336
v -0.016825703904032707 0.036209531128406525 -0.011052868328988552
v -0.018618693575263023 0.035222217440605164 -0.008579444140195847
v -0.020033979788422585 0.03306889161467552 -0.007691508624702692
v -0.018373452126979828 0.034342654049396515 -0.010073923505842686
v -0.01977275311946869 0.03231266140937805 -0.009089496918022633
v -0.02101478911936283 0.030120521783828735 -0.00813570898026228
v -0.02132498286664486 0.02949359640479088 -0.007886584848165512
v -0.022250084206461906 0.027347588911652565 -0.00712454691529274
v -0.022970689460635185 0.025229167193174362 -0.006528882309794426
v -0.021289879456162453 0.03074517659842968 -0.006833033636212349
v -0.02160349115729332 0.030080771073698997 -0.006609451957046986
v -0.022538676857948303 0.027806449681520462 -0.0059288498014211655
v -0.02326704002916813 0.02556060068309307 -0.005403964314609766
v -0.023806003853678703 0.02335498109459877 -0.005055898800492287
v -0.02416476048529148 0.021236363798379898 -0.004901621025055647
v -0.02435479685664177 0.019337229430675507 -0.00493144616484642
v -0.024418393149971962 0.017460601404309273 -0.0051309033297002316
v -0.023503968492150307 0.023150227963924408 -0.0061214822344481945
v -0.02385895699262619 0.021155521273612976 -0.005920605733990669
v -0.024046989157795906 0.01936989836394787 -0.0059180669486522675
v -0.024109898135066032 0.01760820671916008 -0.00609487434849143
v -0.02425597980618477 -0.0333726704120636 -0.013405237346887589
v 0.016811054199934006 0.036203816533088684 -0.011088166385889053
v 0.018360218033194542 0.03433641046285629 -0.010112471878528595
v 0.01860889419913292 0.03521588817238808 -0.008618511259555817
v 0.020025311037898064 0.033062081784009933 -0.0077335466630756855
v 0.019760891795158386 0.032305940985679626 -0.009130983613431454
v 0.02100418135523796 0.030113380402326584 -0.008179803378880024
v 0.02131468430161476 0.02948634885251522 -0.007931331172585487
v 0.02224065363407135 0.027340026572346687 -0.007171235512942076
v 0.02349521405994892 0.023142239078879356 -0.006170803215354681
v 0.02296178974211216 0.025221360847353935 -0.006577083840966225
v 0.02384994551539421 0.021147411316633224 -0.005970671307295561
v 0.024037376046180725 0.019361725077033043 -0.005968526471406221
v 0.024099314585328102 0.017600011080503464 -0.006145465187728405
v 0.021282218396663666 0.030737942084670067 -0.006877708714455366
v 0.021596072241663933 0.03007342852652073 -0.006654785946011543
v 0.022531911730766296 0.027798788622021675 -0.0059761470183730125
v 0.023260610178112984 0.025552693754434586 -0.005452790297567844
v 0.023799555376172066 0.02334688976407051 -0.005105856340378523
v 0.024157915264368057 0.02122815139591694 -0.004952330607920885
v 0.02434724196791649 0.019328951835632324 -0.004982554353773594
v 0.024409782141447067 0.0174523014575243 -0.0051821437664330006
v 0.024212723597884178 -0.0333809070289135 -0.013456100597977638
v 3.5674963783094427e-07 0.03802540898323059 -0.0040451097302138805
v 7.817852747393772e-07 0.03931041061878204 -0.0038482123054564
v -0.0053047239780426025 0.0379205122590065 -0.003349078819155693
v -0.005304298829287291 0.03920551389455795 -0.003152181627228856
v -0.01024685986340046 0.03761116787791252 -0.0013195601059123874
v -0.01024643424898386 0.03889617323875427 -0.0011226627975702286
v -0.01448925118893385 0.03711846098303795 0.0019051410490646958
v -0.01448882557451725 0.0384034626185894 0.0021020383574068546
v -0.017742786556482315 0.03647596389055252 0.00610526604577899
v -0.01774236001074314 0.03776096552610397 0.00630216347053647
v -0.019785741344094276 0.03572746366262436 0.010994583368301392
v -0.019785316661000252 0.03701246529817581 0.011191480793058872
v -0.02047889493405819 0.034923966974020004 0.016239892691373825
v -0.020478470250964165 0.03620896860957146 0.01643679104745388
v -0.01977500692009926 0.034120235592126846 0.021483737975358963
v -0.019774582237005234 0.0354052372276783 0.02168063446879387
v -0.017722049728035927 0.03337103873491287 0.026368755847215652
v -0.017721623182296753 0.034656040370464325 0.026565654203295708
v -0.014459924772381783 0.0327274315059185 0.03056204319000244
v -0.014459499157965183 0.034012433141469955 0.030758941546082497
v -0.010210942476987839 0.03223327919840813 0.033777832984924316
v -0.010210517793893814 0.03351828455924988 0.03397472947835922
v -0.005264663603156805 0.03192225843667984 0.03579697385430336
v -0.005264238454401493 0.03320726007223129 0.035993874073028564
v 4.1830320697044954e-05 0.031815558671951294 0.03648187220096588
v 4.22553566750139e-05 0.03310056030750275 0.03667876869440079
v 0.0053469110280275345 0.031920455396175385 0.03578583896160126
v 0.0053473361767828465 0.03320545703172684 0.03598273545503616
v 0.010289046913385391 0.032229796051979065 0.0337563194334507
v 0.010289471596479416 0.03351479768753052 0.0339532196521759
v 0.014531438238918781 0.032722506672143936 0.030531620606780052
v 0.014531862922012806 0.03400750830769539 0.030728517100214958
v 0.017784973606467247 0.033365003764629364 0.026331495493650436
v 0.01778539828956127 0.03465000540018082 0.026528391987085342
v 0.01982792839407921 0.034113503992557526 0.021442178636789322
v 0.019828353077173233 0.03539850562810898 0.021639075130224228
v 0.02052108198404312 0.03491699695587158 0.01619686745107174
v 0.020521506667137146 0.03620200231671333 0.016393765807151794
v 0.01981719397008419 0.03572073206305504 0.01095302402973175
v 0.019817618653178215 0.03700573369860649 0.011149921454489231
v 0.01776423677802086 0.03646992892026901 0.006068004760891199
v 0.017764661461114883 0.037754930555820465 0.00626490218564868
v 0.014502111822366714 0.037113532423973083 0.0018747174181044102
v 0.01450253650546074 0.038398534059524536 0.002071614842861891
v 0.01025312952697277 0.03760768473148346 -0.0013410727260634303
v 0.010253554210066795 0.03889268636703491 -0.0011441754177212715
v 0.005306850653141737 0.037918709218502045 -0.0033602146431803703
v 0.005307275801897049 0.0392037108540535 -0.0031633174512535334
v -0.0025740638375282288 0.032039985060691833 0.03502284362912178
v 0.002654732670634985 0.0320390947163105 0.035017356276512146
v 0.007688204292207956 0.032251905649900436 0.03361763805150986
v 0.012153040617704391 0.032662633806467056 0.030927492305636406
v 0.015718108043074608 0.03324081376194954 0.027146439999341965
v 0.018118998035788536 0.03394356742501259 0.022554904222488403
v 0.019177647307515144 0.03471877798438072 0.017493417486548424
v 0.018815545365214348 0.03550894185900688 0.012337366119027138
v 0.01705954410135746 0.03625546768307686 0.007469152100384235
v 0.014039880596101284 0.036902982741594315 0.0032498291693627834
v 0.009980505332350731 0.03740346431732178 -7.676260793232359e-06
v 0.005182486958801746 0.03771979361772537 -0.0020617698319256306
v 1.6717649486963637e-06 0.037828512489795685 -0.002760108094662428
v -0.005177703220397234 0.037721551954746246 -0.002050897805020213
v -0.009971506893634796 0.03740685433149338 1.3261402273201384e-05
v -0.014024205505847931 0.036907751113176346 0.0032792796846479177
v -0.01703522726893425 0.036261264234781265 0.0075049311853945255
v -0.018781261518597603 0.03551533445715904 0.012376820668578148
v -0.019132809713482857 0.034725286066532135 0.017533618956804276
v -0.018063802272081375 0.03394971787929535 0.022592874243855476
v -0.015653520822525024 0.03324614837765694 0.027179362252354622
v -0.012080722488462925 0.032666753977537155 0.030952922999858856
v -0.007610389497131109 0.03225450590252876 0.03363369032740593
v -0.020478470250964165 0.03620896860957146 0.01643679104745388
v -0.020678404718637466 0.03640669956803322 0.016467293724417686
v 4.22553566750139e-05 0.03310056030750275 0.03667876869440079
v 4.2523057345533744e-05 0.03326796367764473 0.03690675273537636
v 0.020521506667137146 0.03620200231671333 0.016393765807151794
v 0.020721573382616043 0.036399662494659424 0.016423847526311874
v -0.028604954481124878 0.02296394668519497 -0.04103810340166092
v -0.02857287786900997 0.022960901260375977 -0.041018296033144
v -0.028548136353492737 0.022955436259508133 -0.040982685983181
v -0.028206506744027138 0.027654269710183144 -0.04031982272863388
v -0.02855486422777176 0.024626120924949646 -0.040783464908599854
v -0.028393307700753212 0.026385480538010597 -0.04051404818892479
v -0.027567904442548752 0.030493739992380142 -0.039885394275188446
v -0.02749912440776825 0.030616071075201035 -0.03984641283750534
v -0.026533208787441254 0.03351181745529175 -0.039423998445272446
v -0.024862151592969894 0.036861076951026917 -0.03889249265193939
v -0.024509890004992485 0.03745881840586662 -0.03880155831575394
v -0.0244892705231905 0.03744155168533325 -0.038770366460084915
v -0.028498144820332527 0.024614306166768074 -0.040728550404310226
v -0.02815048024058342 0.027636440470814705 -0.04026583209633827
v -0.02747531235218048 0.030603978782892227 -0.039811816066503525
v -0.026480507105588913 0.033482346683740616 -0.0393717885017395
v -0.02517765574157238 0.036238014698028564 -0.03895087540149689
v -0.025113951414823532 0.03641202300786972 -0.03896082937717438
v -0.02511134371161461 0.03641677275300026 -0.03896010294556618
v -0.02507474273443222 0.03648322820663452 -0.03894999250769615
v -0.02503269538283348 0.036559052765369415 -0.038938455283641815
v -0.0245368629693985 0.037477750331163406 -0.0388183519244194
v -0.025095680728554726 0.036445263773202896 -0.038955770432949066
v -0.025106124579906464 0.03642627224326134 -0.03895866125822067
v -0.025116555392742157 0.03640727326273918 -0.03896155208349228
v -0.02613675966858864 0.03443620353937149 -0.03928276151418686
v -0.02519698441028595 0.03621140494942665 -0.03896332532167435
v -0.01865244098007679 0.04433327540755272 -0.03776934742927551
v -0.018062280490994453 0.04486963152885437 -0.037708841264247894
v -0.01804017275571823 0.04483965411782265 -0.0376925989985466
v -0.01790681481361389 0.04499369114637375 -0.037689972668886185
v -0.01788490265607834 0.04496356472373009 -0.03767375275492668
v -0.01789477840065956 0.04500322416424751 -0.03768852353096008
v -0.016851162537932396 0.045744914561510086 -0.03755427896976471
v -0.015844281762838364 0.046481940895318985 -0.03746122494339943
v -0.014428012073040009 0.047311071306467056 -0.03731168434023857
v -0.013668942265212536 0.04777400195598602 -0.037259794771671295
v -0.01184720080345869 0.04863051697611809 -0.03710583597421646
v -0.011386598460376263 0.048869870603084564 -0.03708865866065025
v -0.009005134925246239 0.04973004013299942 -0.03693713620305061
v -0.009015027433633804 0.049762483686208725 -0.03695187717676163
v -0.024532847106456757 0.037484362721443176 -0.03881734237074852
v -0.02450587786734104 0.03746543079614639 -0.038800548762083054
v -0.02387777529656887 0.03845326602458954 -0.03865042328834534
v -0.023136744275689125 0.03957035392522812 -0.03850189223885536
v -0.022817077115178108 0.039940886199474335 -0.038426436483860016
v -0.021555013954639435 0.041532933712005615 -0.03820883110165596
v -0.02095540054142475 0.04213941469788551 -0.03809819743037224
v -0.019803177565336227 0.043348994106054306 -0.0379379540681839
v -0.018675250932574272 0.044362545013427734 -0.03778563812375069
v -0.024485262110829353 0.037448156625032425 -0.03876935690641403
v -0.023857662454247475 0.038435183465480804 -0.03861935809254646
v -0.022797802463173866 0.03992155194282532 -0.03839554637670517
v -0.020937608554959297 0.042118147015571594 -0.03806755691766739
v -0.018636584281921387 0.04431004449725151 -0.037738971412181854
v -0.01802484691143036 0.04481598734855652 -0.037662290036678314
v -0.01786971464753151 0.0449397899210453 -0.03764345869421959
v -0.01683688350021839 0.04572046548128128 -0.03752409294247627
v -0.014415865764021873 0.04728534817695618 -0.03728172555565834
v -0.01183727104216814 0.04860377684235573 -0.03707607090473175
v -0.008997558616101742 0.04970245063304901 -0.036907512694597244
v -0.002920488826930523 0.051049210131168365 -0.036760952323675156
v -3.1717023375676945e-05 0.0511934794485569 -0.03674180060625076
v -3.17072008328978e-05 0.05115874856710434 -0.03672681748867035
v -0.006141235586255789 0.050475213676691055 -0.036788828670978546
v -3.1678810046287253e-05 0.05112886801362038 -0.03669492155313492
v -0.0031043023336678743 0.050965238362550735 -0.036716848611831665
v -0.0031069936230778694 0.05099497362971306 -0.03674876317381859
v -0.00622656149789691 0.0505225695669651 -0.036838263273239136
v -0.006146559026092291 0.050504520535469055 -0.03682080656290054
v -3.1678810046287253e-05 0.05112886801362038 -0.03669492155313492
v 0.0030408361926674843 0.050964195281267166 -0.0367232970893383
v 0.006077445112168789 0.050473134964704514 -0.036801647394895554
v 0.006082710810005665 0.05050244182348251 -0.036833636462688446
v 0.008940772153437138 0.04972698912024498 -0.03695596754550934
v 0.008933248929679394 0.04969940334558487 -0.036926332861185074
v 0.006162682548165321 0.050520461052656174 -0.03685126453638077
v 0.008950646035373211 0.049759428948163986 -0.03697073087096214
v 0.003043470671400428 0.05099392682313919 -0.03675521910190582
v 0.0028569591231644154 0.05104823037981987 -0.03676701337099075
v -3.17072008328978e-05 0.05115874856710434 -0.03672681748867035
v 0.02306559681892395 0.039562515914440155 -0.038550373166799545
v 0.024464352056384087 0.037469420582056046 -0.03886977210640907
v 0.02443740889430046 0.03745049983263016 -0.03885292261838913
v 0.01700303517282009 0.045579709112644196 -0.037614498287439346
v 0.017658133059740067 0.04513004049658775 -0.03770541399717331
v 0.017636479809880257 0.04509975388646126 -0.03768917918205261
v 0.01781453564763069 0.04500718414783478 -0.03772445395588875
v 0.017792677506804466 0.04497704654932022 -0.03770819678902626
v 0.01782669685781002 0.04499755799770355 -0.03772594779729843
v 0.018789643421769142 0.04415050148963928 -0.037835486233234406
v 0.01973431371152401 0.04334244504570961 -0.03797942027449608
v 0.020865097641944885 0.042154572904109955 -0.0381387434899807
v 0.008957990445196629 0.04975702613592148 -0.03697110339999199
v 0.008948109112679958 0.04972458630800247 -0.03695634379982948
v 0.010060308501124382 0.049334485083818436 -0.037017785012722015
v 0.011321621015667915 0.04886601120233536 -0.037112489342689514
v 0.01175999641418457 0.04863642528653145 -0.03712904453277588
v 0.013603411614894867 0.047769270837306976 -0.03728842735290527
v 0.0143355717882514 0.04732143133878708 -0.0373394638299942
v 0.015777593478560448 0.04647666960954666 -0.037494394928216934
v 0.017023814842104912 0.0456104576587677 -0.0376306027173996
v 0.008940579369664192 0.04969700053334236 -0.03692670911550522
v 0.010051867924630642 0.0493072047829628 -0.036988094449043274
v 0.011750138364732265 0.04860968887805939 -0.03709925711154938
v 0.014323503710329533 0.0472957044839859 -0.03730948269367218
v 0.016988616436719894 0.04555540159344673 -0.03758426010608673
v 0.01762150414288044 0.045075856149196625 -0.037658873945474625
v 0.017777565866708755 0.044953253120183945 -0.03767787292599678
v 0.01877366565167904 0.044127438217401505 -0.03780505806207657
v 0.0208473801612854 0.04213329777121544 -0.038108065724372864
v 0.02148519642651081 0.04152557998895645 -0.03825400024652481
v 0.022731533274054527 0.039952415972948074 -0.03847133368253708
v 0.022712327539920807 0.03993306681513786 -0.03844040259718895
v 0.02441684901714325 0.037433236837387085 -0.03882169350981712
v 0.027490774169564247 0.030484382063150406 -0.03994316980242729
v 0.027422117069363594 0.030606737360358238 -0.039904046803712845
v 0.026458073407411575 0.03350280970335007 -0.039479609578847885
v 0.028127498924732208 0.027644695714116096 -0.04037893936038017
v 0.028473852202296257 0.024616427719593048 -0.040843307971954346
v 0.02831345796585083 0.026375841349363327 -0.04057355597615242
v 0.025104444473981857 0.03622946888208389 -0.0390036441385746
v 0.026405472308397293 0.03347335755825043 -0.03942728787660599
v 0.027398373931646347 0.030594652518630028 -0.03986940160393715
v 0.028071576729416847 0.027626883238554 -0.04032483324408531
v 0.02841724455356598 0.024604633450508118 -0.040788277983665466
v 0.02852284349501133 0.022954236716032028 -0.04109805449843407
v 0.028490805998444557 0.02295120246708393 -0.04107818007469177
v 0.028466137126088142 0.022945746779441833 -0.0410425141453743
v 0.024789275601506233 0.0368526391685009 -0.03894460201263428
v 0.02503817342221737 0.03640824928879738 -0.03901273012161255
v 0.02503296174108982 0.036417748779058456 -0.03901127725839615
v 0.024959618225693703 0.036550555378198624 -0.038990914821624756
v 0.025001617148518562 0.036474715918302536 -0.039002541452646255
v 0.02502252906560898 0.03643674775958061 -0.03900836408138275
v 0.02512373775243759 0.03620285168290138 -0.039016131311655045
v 0.02504337951540947 0.036398746073246 -0.03901418671011925
v 0.025040777400135994 0.03640349581837654 -0.03901346027851105
v 0.026062237098813057 0.034427329897880554 -0.03933754190802574
v -0.028626853600144386 0.022964438423514366 -0.041041262447834015
v -0.02865097112953663 0.02296316809952259 -0.04103292152285576
v -0.028415042906999588 0.026388593018054962 -0.04051680490374565
v -0.02758900821208954 0.030500005930662155 -0.03988766670227051
v -0.026156766340136528 0.034445494413375854 -0.03928457573056221
v -0.024555644020438194 0.03748936206102371 -0.0388198085129261
v -0.024576324969530106 0.037500351667404175 -0.03880959376692772
v -0.026178797706961632 0.03445390611886978 -0.039274752140045166
v -0.02456645481288433 0.03749537840485573 -0.03881620988249779
v -0.02761225216090679 0.030505098402500153 -0.03987835347652435
v -0.028438983485102654 0.026390213519334793 -0.04050802066922188
v -0.017904654145240784 0.04501581937074661 -0.037689272314310074
v -0.019813571125268936 0.043361175805330276 -0.037938859313726425
v -0.02156722918152809 0.04154391214251518 -0.038210153579711914
v -0.023149622604250908 0.039581287652254105 -0.03850347548723221
v -0.009021908976137638 0.04978351667523384 -0.036951903253793716
v -0.011393914930522442 0.04888515919446945 -0.037089597433805466
v -0.013676686212420464 0.047788579016923904 -0.03726060315966606
v -0.01585371606051922 0.046494971960783005 -0.0374620296061039
v -0.009025868959724903 0.04979495331645012 -0.036947477608919144
v -0.011401230469346046 0.04890071973204613 -0.03708440065383911
v -0.013684948906302452 0.047803204506635666 -0.03725554794073105
v -0.01586330123245716 0.04650828242301941 -0.0374571792781353
v -0.017915096133947372 0.045028287917375565 -0.037684544920921326
v -0.019825004041194916 0.04337293654680252 -0.03793423995375633
v -0.021580228582024574 0.04155471548438072 -0.03820567578077316
v -0.02316373772919178 0.0395914763212204 -0.038499098271131516
v -0.009029481559991837 0.04980488494038582 -0.036940108984708786
v -0.011407137848436832 0.04891359061002731 -0.03707348182797432
v -0.013692251406610012 0.04781518504023552 -0.0372450165450573
v -0.015871360898017883 0.04651955887675285 -0.037447020411491394
v -0.0179243553429842 0.04503849148750305 -0.037674680352211
v -0.019835563376545906 0.0433821976184845 -0.03792442008852959
v -0.02159169688820839 0.04156335070729256 -0.038195692002773285
v -0.023176491260528564 0.03959888592362404 -0.038489025086164474
v -0.006231306120753288 0.05054418742656708 -0.03683820366859436
v -3.1713119824416935e-05 0.051215603947639465 -0.03674166649580002
v -0.0029226993210613728 0.051071226596832275 -0.036760833114385605
v -3.169672345393337e-05 0.05123818293213844 -0.03672969713807106
v -0.002925122855231166 0.051093678921461105 -0.03674887865781784
v -0.0062365224584937096 0.05056619271636009 -0.03682631626725197
v 0.008957535028457642 0.0497804619371891 -0.03697076812386513
v 0.006167434621602297 0.05054207891225815 -0.03685121238231659
v 0.008961508050560951 0.04979189857840538 -0.03696635365486145
v 0.00617268355563283 0.05056408420205116 -0.03683933615684509
v 0.008965138345956802 0.04980182647705078 -0.03695899248123169
v 0.002859177067875862 0.05107024312019348 -0.0367668978869915
v 0.002861633663997054 0.05109269544482231 -0.036754950881004333
v 0.017836572602391243 0.045010149478912354 -0.037726715207099915
v 0.0157870315015316 0.046489689499139786 -0.03749522194266319
v 0.013611158356070518 0.04778384417295456 -0.03728925436735153
v 0.011328940279781818 0.04888128861784935 -0.03711344301700592
v 0.024483133107423782 0.03748103231191635 -0.038871269673109055
v 0.023078477010130882 0.03957344591617584 -0.03855198621749878
v 0.021497415378689766 0.04153655469417572 -0.03825535252690315
v 0.019744710996747017 0.04335461184382439 -0.037980347871780396
v 0.024493955075740814 0.03748703747987747 -0.03886769339442253
v 0.0230926014482975 0.03958363085985184 -0.038547638803720474
v 0.021510427817702293 0.04154735431075096 -0.03825090080499649
v 0.01975615881383419 0.04336638003587723 -0.037975750863552094
v 0.017847029492259026 0.045022621750831604 -0.03772201016545296
v 0.015796631574630737 0.04650300368666649 -0.03749038651585579
v 0.013619436882436275 0.04779846966266632 -0.03728421404957771
v 0.011336272582411766 0.04889685660600662 -0.03710826113820076
v 0.024503840133547783 0.03749201074242592 -0.038861099630594254
v 0.023105381056666374 0.03959103301167488 -0.03853759169578552
v 0.021521922200918198 0.0415559858083725 -0.0382409431040287
v 0.019766738638281822 0.043375637382268906 -0.03796595335006714
v 0.017856314778327942 0.045032817870378494 -0.03771216794848442
v 0.0158047154545784 0.04651426896452904 -0.037480246275663376
v 0.0136267663910985 0.047810446470975876 -0.037273701280355453
v 0.011342206969857216 0.04890972375869751 -0.03709735721349716
v 0.02610429935157299 0.03444502130150795 -0.03932961821556091
v 0.028568869456648827 0.022953443229198456 -0.041092969477176666
v 0.028359148651361465 0.02638055942952633 -0.04056762531399727
v 0.026082240045070648 0.03443661332130432 -0.03933939337730408
v 0.027511874213814735 0.030490640550851822 -0.039945490658283234
v 0.028335189446806908 0.026378946378827095 -0.04057635739445686
v 0.02854473516345024 0.022954721003770828 -0.041101258248090744
v 0.02753514051437378 0.030495725572109222 -0.03993622586131096
v -0.024523308500647545 -0.033637721091508865 -0.01497608982026577
v -0.024732859805226326 -0.03384390473365784 -0.013630007393658161
v -0.02534462697803974 -0.034030694514513016 -0.012409672141075134
v -0.030263302847743034 -0.037752628326416016 0.011891239322721958
v 2.873912853829097e-05 -0.04142411798238754 0.035869453102350235
v 0.030271636322140694 -0.03776291757822037 0.011827713809907436
v 0.030984874814748764 -0.03673602268099785 0.005206940695643425
v 0.030382590368390083 -0.03582247719168663 -0.0008363155066035688
v -0.028487244620919228 -0.03488123044371605 -0.006852056365460157
v -0.030400177463889122 -0.035812146961688995 -0.0007725300383754075
v -0.03099008835852146 -0.0367254912853241 0.00527197727933526
v -0.028219405561685562 -0.03867841884493828 0.01792878471314907
v -0.024957383051514626 -0.039520666003227234 0.023418447002768517
v -0.020618058741092682 -0.0402430035173893 0.028123237192630768
v -0.015388762578368187 -0.040814246982336044 0.03184004873037338
v -0.00949524249881506 -0.04120974242687225 0.03440842777490616
v -0.0031919232569634914 -0.041412413120269775 0.03571749106049538
v 0.009549705311655998 -0.04121297970414162 0.03438844159245491
v 0.0032490792218595743 -0.04141350835561752 0.03571073338389397
v 0.015437955968081951 -0.04081948846578598 0.03180770203471184
v 0.020659634843468666 -0.0402500182390213 0.028079921379685402
v 0.02498931996524334 -0.03952915221452713 0.023366034030914307
v 0.028240099549293518 -0.038688015192747116 0.017869535833597183
v 0.028457218781113625 -0.03489090874791145 -0.006911814212799072
v 0.025303233414888382 -0.03403929993510246 -0.012462821789085865
v 0.024688970297574997 -0.03385230526328087 -0.013681870885193348
v 0.024476662278175354 -0.03364604711532593 -0.01502751000225544
v 0.0010579685913398862 0.0340673066675663 0.05149510130286217
v 0.0009238304919563234 0.03357309848070145 0.05141951143741608
v 0.0005576856783591211 0.0332113578915596 0.051364459097385406
v 5.7642129831947386e-05 0.03307901322841644 0.05134468898177147
v 5.865368075319566e-05 0.03292755410075188 0.052333150058984756
v -0.00044231381616555154 0.03321152925491333 0.051365505903959274
v -0.0008082193089649081 0.033573392778635025 0.051421329379081726
v -0.0009420303977094591 0.03406764939427376 0.0514971986413002
v -0.0030285953544080257 0.04046739637851715 -0.010071944445371628
v 0.0030174830462783575 0.040466368198394775 -0.010078289546072483
v -2.0357422272354597e-06 0.039939768612384796 -0.006635039113461971
v -0.014320148155093193 0.03294301778078079 0.039058443158864975
v -0.0268055722117424 0.03594987094402313 0.019461888819932938
v -0.026811689138412476 0.036865610629320145 0.013485562056303024
v -0.023328403010964394 0.03640715032815933 0.01647007465362549
v 0.026848740875720978 0.03685649111866951 0.013429250568151474
v 0.026854855939745903 0.0359407514333725 0.019405579194426537
v 0.02337157167494297 0.03639921173453331 0.016421066597104073
v 0.014363315887749195 0.03986334428191185 -0.006167301908135414
v 0.012764662504196167 0.0413924939930439 0.030073508620262146
v 0.00886172242462635 0.04094453901052475 0.033005401492118835
v 0.010914793238043785 0.04164249822497368 0.03174712508916855
v 0.004303319845348597 0.04067293927073479 0.03478775918483734
v 0.006644346751272678 0.04127933830022812 0.034126412123441696
v 0.008861886337399483 0.04143876954913139 0.03308113291859627
v -0.0005724697257392108 0.04059784114360809 0.03528839349746704
v 0.0018829021137207747 0.04110436141490936 0.03527863696217537
v 0.004303483292460442 0.04116717353463173 0.034863490611314774
v -0.005404031369835138 0.04072481393814087 0.034470170736312866
v -0.0030164059717208147 0.04113054275512695 0.03511834889650345
v -0.0005723062786273658 0.041092075407505035 0.035364121198654175
v -0.00983303040266037 0.0410444401204586 0.03239377588033676
v -0.007690218277275562 0.04135594144463539 0.033657435327768326
v -0.005403867922723293 0.04121904820203781 0.0345458984375
v -0.013530988246202469 0.04153301194310188 0.029213210567831993
v -0.011791899800300598 0.04176383838057518 0.031004244461655617
v -0.009832867421209812 0.04153867065906525 0.032469507306814194
v -0.016223642975091934 0.04215429723262787 0.02516435645520687
v -0.015017247758805752 0.04232398420572281 0.027355549857020378
v -0.013530824333429337 0.04202724248170853 0.029288940131664276
v -0.017711294814944267 0.042862217873334885 0.020547503605484962
v -0.017127051949501038 0.04299483448266983 0.022981960326433182
v -0.016223479062318802 0.04264852777123451 0.025240087881684303
v -0.017883609980344772 0.04360426962375641 0.015705058351159096
v -0.017964839935302734 0.043726637959480286 0.018207844346761703
v -0.017711130902171135 0.04335644841194153 0.020623233169317245
v -0.016727810725569725 0.044325415045022964 0.010996166616678238
v -0.017468472942709923 0.044465113431215286 0.013387277722358704
v -0.01788344606757164 0.04409850016236305 0.015780789777636528
v -0.01432961318641901 0.04497217759490013 0.006770063191652298
v -0.015674768015742302 0.04515549913048744 0.008877777494490147
v -0.016727646812796593 0.04481964930891991 0.011071897111833096
v -0.010866884142160416 0.045496582984924316 0.0033401786349713802
v -0.012716753408312798 0.045746587216854095 0.0050137946382164955
v -0.014329450204968452 0.045466408133506775 0.006845792755484581
v -0.006596438121050596 0.045859742909669876 0.0009608928812667727
v -0.008813814260065556 0.046194542199373245 0.0020819013006985188
v -0.010866721160709858 0.04599081724882126 0.003415908431634307
v -0.0018349934834986925 0.04603471979498863 -0.0001913327578222379
v -0.0042554112151265144 0.04646614193916321 0.0002995444228872657
v -0.006596274673938751 0.04635397344827652 0.0010366227943450212
v 0.003064314601942897 0.04600853845477104 -3.104608185822144e-05
v 0.0006203784723766148 0.0465412400662899 -0.00020108850731048733
v -0.0018348299199715257 0.046528954058885574 -0.0001156028374680318
v 0.007738126907497644 0.045783139765262604 0.001429868396371603
v 0.0054519400000572205 0.046414267271757126 0.0006171332788653672
v 0.0030644782818853855 0.046502772718667984 4.468383122002706e-05
v 0.011839807964861393 0.045375242829322815 0.004083059728145599
v 0.00988093949854374 0.04609464108943939 0.002693526679649949
v 0.0077382903546094894 0.046277374029159546 0.0015055983094498515
v 0.015065155923366547 0.044815097004175186 0.007731753867119551
v 0.013578897342085838 0.04560606926679611 0.005874093621969223
v 0.011839971877634525 0.04586947709321976 0.00415878975763917
v 0.017174961045384407 0.044144246727228165 0.01210534293204546
v 0.016271552070975304 0.044984783977270126 0.009922945871949196
v 0.015065319836139679 0.04530933126807213 0.007807483896613121
v 0.018012747168540955 0.04341244325041771 0.016879457980394363
v 0.017759203910827637 0.04427686333656311 0.014539799652993679
v 0.01717512495815754 0.04463847726583481 0.012181073427200317
v 0.017516382038593292 0.04267396777868271 0.021700026467442513
v 0.017931519076228142 0.043534811586141586 0.01938224397599697
v 0.018012911081314087 0.04390667751431465 0.016955187544226646
v 0.01572267711162567 0.04198358207941055 0.026209525763988495
v 0.016775717958807945 0.04281366616487503 0.024091137573122978
v 0.017516544088721275 0.04316819831728935 0.021775756031274796
v 0.012764825485646725 0.04188672453165054 0.03014923818409443
v 0.01437752228230238 0.042166903614997864 0.028317240998148918
v 0.015722839161753654 0.0424778126180172 0.026285255327820778
v -0.008352064527571201 0.04814745485782623 -0.007363073993474245
v -0.007386977318674326 0.048245619982481 -0.008005808107554913
v -0.008919109590351582 0.04817233607172966 -0.007524224929511547
v -0.019086984917521477 0.047205787152051926 -0.0011943371500819921
v -0.022851871326565742 0.04649047553539276 0.00348210078664124
v -0.02395017445087433 0.04569833353161812 0.008654187433421612
v -0.0065919761545956135 0.048277758061885834 -0.008217261172831059
v -0.005430932622402906 0.04826553910970688 -0.008140034973621368
v -0.003025979734957218 0.04837510362267494 -0.008860267698764801
v -0.004074071068316698 0.04814672842621803 -0.007367563433945179
v 0.003020098665729165 0.048374075442552567 -0.008866612799465656
v -0.025305449962615967 0.04557998105883598 0.009429505094885826
v -0.02546965703368187 0.04566586762666702 0.008869337849318981
v -0.025953684002161026 0.04543381929397583 0.010384789668023586
v -0.020241575315594673 0.04513656720519066 0.012312410399317741
v -0.021023130044341087 0.044931311160326004 0.013653656467795372
v -0.017603306099772453 0.0434662401676178 0.02320770174264908
v -0.00913362018764019 0.04794219881296158 -0.006021828856319189
v -0.014363783411681652 0.047775935381650925 -0.004925476387143135
v -0.00913203600794077 0.0477050319314003 -0.004474037326872349
v -0.008347737602889538 0.047499511390924454 -0.0031344350427389145
v -0.02394426241517067 0.04481322318315506 0.014430617913603783
v -0.025301123037934303 0.044932037591934204 0.013658146373927593
v -0.026809073984622955 0.044773317873477936 0.014697238802909851
v -0.026085421442985535 0.04513756185770035 0.01231854222714901
v -0.026165956631302834 0.04531341418623924 0.01117105595767498
v -0.018754778429865837 0.0413786843419075 0.03683410957455635
v -0.014317532069981098 0.04085072502493858 0.0402701199054718
v -0.01770916022360325 0.041300997138023376 0.03733886405825615
v -0.016143303364515305 0.04130072891712189 0.03733722120523453
v -0.013070500455796719 0.0462944321334362 0.004740421194583178
v -0.0210274588316679 0.04557925462722778 0.00942501612007618
v -0.016110680997371674 0.04568692296743393 0.0087117375805974
v -0.02024315856397152 0.04537373036146164 0.010764620266854763
v -0.017954211682081223 0.04497735947370529 0.01334650069475174
v -0.022384317591786385 0.04569806903600693 0.00865254458039999
v -0.006990875583142042 0.04738069698214531 -0.0023619632702320814
v -0.009059146046638489 0.046754829585552216 0.0017270873067900538
v -0.005425021052360535 0.04738043248653412 -0.0023636063560843468
v -0.004374121315777302 0.047033969312906265 -0.00010478034528205171
v -0.004069743677973747 0.047498784959316254 -0.0031389242503792048
v 0.000637106946669519 0.0471111536026001 -0.0006193199078552425
v -0.0032881880179047585 0.04770404100418091 -0.004480169620364904
v -0.0032897719647735357 0.04794120416045189 -0.006027961149811745
v -0.01846436597406864 0.04421836882829666 0.018300972878932953
v -0.019337506964802742 0.04146695137023926 0.03625929728150368
v -0.019850317388772964 0.041625332087278366 0.035226788371801376
v -0.02282281033694744 0.04213907569646835 0.03188037499785423
v -0.01985190249979496 0.04186249524354935 0.03367899730801582
v -0.02545161545276642 0.042964573949575424 0.026498641818761826
v -0.019070347771048546 0.042067751288414 0.03233775123953819
v -0.01771507039666176 0.042186103761196136 0.031562432646751404
v -0.02680295705795288 0.04385758191347122 0.020673565566539764
v -0.022378407418727875 0.04481295868754387 0.014428975060582161
v -0.0031006992794573307 0.0415501594543457 0.035681214183568954
v 0.0033365872222930193 0.040917739272117615 0.03979466110467911
v 0.0019347007619217038 0.04152325168251991 0.03584595397114754
v 0.0041181426495313644 0.04112299531698227 0.038453418761491776
v 0.006828407756984234 0.04170309007167816 0.03466172143816948
v 0.005473420489579439 0.041241347789764404 0.03767810016870499
v 0.011217477731406689 0.042076338082551956 0.03221634402871132
v -0.014788025990128517 0.04141908138990402 0.03656190261244774
v -0.008867550641298294 0.04045247659087181 0.04285743460059166
v -0.014006471261382103 0.04162433743476868 0.03522065654397011
v 0.025518056005239487 0.0429559089243412 0.02644515596330166
v 0.026002082973718643 0.043187957257032394 0.024929704144597054
v 0.025353848934173584 0.04304179921746254 0.02588498778641224
v -0.015434897504746914 0.04277675226330757 0.027702780440449715
v -0.016149215400218964 0.042185839265584946 0.03156078979372978
v -0.012119957245886326 0.042201049625873566 0.03145282715559006
v -0.014792353846132755 0.0420670248568058 0.032333262264728546
v -0.007904339581727982 0.041781820356845856 0.03417971730232239
v -0.01400805450975895 0.04186150059103966 0.033672865480184555
v 0.0033381711691617966 0.040680576115846634 0.04134245589375496
v -0.0029716994613409042 0.04024770110845566 0.04418110474944115
v 0.004122470039874315 0.04047505185008049 0.04268205538392067
v 0.003074378939345479 0.04024667665362358 0.044174760580062866
v 0.005479331593960524 0.040356237441301346 0.043454527854919434
v 0.006640375126153231 0.04034402221441269 0.04353175312280655
v 0.023992661386728287 0.043808553367853165 0.020883874967694283
v 0.02534952200949192 0.04368974268436432 0.021656347438693047
v 0.026857472956180573 0.04384845867753029 0.020617254078388214
v 0.026133820414543152 0.043484218418598175 0.022995950654149055
v 0.02621435560286045 0.04330836609005928 0.024143436923623085
v 0.016723034903407097 0.04551146551966667 0.009785938076674938
v 0.021071529015898705 0.04369046911597252 0.021660836413502693
v 0.022426806390285492 0.043808821588754654 0.020885517820715904
v 0.02290027029812336 0.04213130474090576 0.03183239325881004
v 0.023998573422431946 0.042923446744680405 0.026660306379199028
v 0.019135385751724243 0.0414159931242466 0.03650883212685585
v 0.022432716563344002 0.042923711240291595 0.02666194923222065
v 0.021075857803225517 0.04304252564907074 0.025889476761221886
v 0.008396136574447155 0.04112226888537407 0.03844892978668213
v 0.009180434979498386 0.040916744619607925 0.03978852927684784
v 0.01441218238323927 0.0408458411693573 0.04023997113108635
v 0.009182019159197807 0.040679581463336945 0.04133632034063339
v 0.008967508561909199 0.04044944420456886 0.04283871874213219
v 0.008400464430451393 0.04047432541847229 0.04267756640911102
v 0.007435376290231943 0.04037616029381752 0.04332030192017555
v 0.01938590593636036 0.04715482518076897 -0.000944803818129003
v 0.01989871822297573 0.04699644818902016 8.770394924795255e-05
v 0.02287120930850506 0.04648270457983017 0.003434118814766407
v 0.019900301471352577 0.046759285032749176 0.0016354953404515982
v 0.025500014424324036 0.0456572063267231 0.008815850131213665
v 0.019118746742606163 0.04655402526259422 0.002976741874590516
v 0.017763469368219376 0.046435676515102386 0.0037520595360547304
v 0.018803177401423454 0.04724309593439102 -0.0015196166932582855
v 0.014365931041538715 0.04777105525135994 -0.004955625161528587
v 0.017757559195160866 0.047320783138275146 -0.002024370012804866
v 0.016191702336072922 0.047321051359176636 -0.0020227269269526005
v 0.008915949612855911 0.04816930368542671 -0.00754294078797102
v 0.017241207882761955 0.04328003525733948 0.024347689002752304
v 0.02028997428715229 0.043485213071107864 0.023002082481980324
v 0.018429113551974297 0.04402121528983116 0.01950799487531185
v 0.01825200952589512 0.044783879071474075 0.014531037770211697
v 0.026851356029510498 0.0447641983628273 0.0146409273147583
v 0.01619761437177658 0.04643594101071358 0.0037537028547376394
v 0.013955583795905113 0.04615000635385513 0.005624616984277964
v 0.014840752817690372 0.04655475541949272 0.0029812310822308064
v 0.0101549057289958 0.04665215313434601 0.002355701057240367
v 0.014056453481316566 0.04676027595996857 0.0016416278667747974
v 0.0056028785184025764 0.04698065668344498 0.00022163191169966012
v 0.01405487023293972 0.046997442841529846 9.383649012306705e-05
v 0.014836424961686134 0.0472026988863945 -0.0012474090326577425
v 0.007039274554699659 0.041241079568862915 0.037676457315683365
v 0.014776392839848995 0.04261530935764313 0.028691185638308525
v 0.020291557535529137 0.043248046189546585 0.024549873545765877
v 0.0030717633198946714 0.03233896568417549 0.04296308383345604
v -0.002974315080791712 0.03233999386429787 0.04296942800283432
v 0.019486842676997185 0.033948905766010284 0.03572198748588562
v 0.014678463339805603 0.04028744250535965 0.04058243706822395
v 0.014676175080239773 0.033368200063705444 0.03952222317457199
v 0.009132961742579937 0.039883702993392944 0.04322931170463562
v 0.009130672551691532 0.03296446055173874 0.04216909408569336
v 0.003130699973553419 0.03967718034982681 0.044590096920728683
v 0.0031284114811569452 0.03275793790817261 0.04352987930178642
v -0.0030273424927145243 0.03967822715640068 0.044596556574106216
v -0.003029630985110998 0.032758984714746475 0.043536342680454254
v -0.009032376110553741 0.03988679125905037 0.04324837401509285
v -0.009034665301442146 0.032967548817396164 0.04218815639615059
v -0.01458328403532505 0.040292415767908096 0.040613144636154175
v -0.01458557229489088 0.03337317332625389 0.03955293074250221
v -0.01940171979367733 0.04087476059794426 0.03682301566004753
v -0.019404007121920586 0.033955518156290054 0.03576279804110527
v -0.02324606664478779 0.041604623198509216 0.03206803649663925
v -0.023248355835676193 0.03468538075685501 0.03100781887769699
v -0.025923551991581917 0.042445410043001175 0.026586642488837242
v -0.02592584118247032 0.03552616760134697 0.02552642486989498
v -0.027299918234348297 0.043354954570531845 0.02065369300544262
v -0.027302207425236702 0.03643571212887764 0.019593477249145508
v -0.027306148782372475 0.04428764805197716 0.01456669345498085
v -0.02730843611061573 0.03736840561032295 0.013506476767361164
v -0.02594192698597908 0.04519672691822052 0.00863086897879839
v -0.025944216176867485 0.038277484476566315 0.007570652756839991
v -0.023275665938854218 0.046036604791879654 0.0031438677106052637
v -0.023277955129742622 0.03911736235022545 0.0020836512558162212
v -0.019441058859229088 0.04676516354084015 -0.0016191694885492325
v -0.019443348050117493 0.039845921099185944 -0.002679385943338275
v -0.014630391262471676 0.04734587296843529 -0.005419405177235603
v -0.01463268045336008 0.04042663052678108 -0.0064796218648552895
v -0.00908488966524601 0.047749608755111694 -0.008066277019679546
v -0.00908717792481184 0.04083036631345749 -0.009126493707299232
v -0.003082627896219492 0.047956135123968124 -0.00942706223577261
v -0.0030849166214466095 0.04103689268231392 -0.010487277992069721
v 0.0030754145700484514 0.04795508831739426 -0.009433523751795292
v 0.003073125844821334 0.04103584587574005 -0.010493740439414978
v 0.009080448187887669 0.04774652421474457 -0.008085339330136776
v 0.009078159928321838 0.040827278047800064 -0.009145556017756462
v 0.014631356112658978 0.04734089970588684 -0.005450112745165825
v 0.014629066921770573 0.04042165353894234 -0.006510328967124224
v 0.019449790939688683 0.04675855487585068 -0.0016599815571680665
v 0.019447501748800278 0.039839308708906174 -0.002720198128372431
v 0.02329413965344429 0.04602868854999542 0.0030949972569942474
v 0.023291850462555885 0.03910944610834122 0.002034780802205205
v 0.02597162500023842 0.04518790543079376 0.008576391264796257
v 0.025969335809350014 0.03826866298913956 0.007516174577176571
v 0.0273479912430048 0.04427836090326309 0.014509339816868305
v 0.027345702052116394 0.03735911846160889 0.013449123129248619
v 0.027354219928383827 0.04334566369652748 0.02059634029865265
v 0.027351930737495422 0.036426421254873276 0.019536122679710388
v 0.025989999994635582 0.04243658483028412 0.026532163843512535
v 0.025987710803747177 0.03551734238862991 0.025471948087215424
v 0.02332373894751072 0.04159671068191528 0.03201916441321373
v 0.023321449756622314 0.03467746451497078 0.03095894865691662
v 0.01948913186788559 0.04086815193295479 0.03678220137953758
v 0.014534053392708302 0.04063021391630173 0.03174329549074173
v 0.014532092027366161 0.03469943627715111 0.030834538862109184
v 0.010291662067174911 0.040137503296136856 0.034967996180057526
v 0.010289700701832771 0.03420672565698624 0.03405924141407013
v 0.005349526647478342 0.039828162640333176 0.036997515708208084
v 0.0053475648164749146 0.033897385001182556 0.03608876094222069
v 4.44459255959373e-05 0.039723265916109085 0.03769354522228241
v 4.2484225559746847e-05 0.033792488276958466 0.03678479045629501
v -0.0052620479837059975 0.03982996568083763 0.03700865060091019
v -0.005264009814709425 0.03389918804168701 0.03609989583492279
v -0.010208326391875744 0.040140990167856216 0.03498950973153114
v -0.010210288688540459 0.0342102125287056 0.03408075496554375
v -0.014457308687269688 0.04063514247536659 0.03177371993660927
v -0.014459270983934402 0.03470436483621597 0.030864963307976723
v -0.017719432711601257 0.04127874597907066 0.02758043259382248
v -0.017721395939588547 0.035347968339920044 0.026671675965189934
v -0.019772391766309738 0.04202794283628464 0.02269541285932064
v -0.01977435313165188 0.03609716519713402 0.021786656230688095
v -0.02047627978026867 0.042831674218177795 0.017451569437980652
v -0.02047824114561081 0.036900896579027176 0.016542812809348106
v -0.019783126190304756 0.04363517090678215 0.012206259183585644
v -0.019785087555646896 0.03770439326763153 0.011297502554953098
v -0.017740169540047646 0.04438367113471031 0.007316942326724529
v -0.017742132768034935 0.03845289349555969 0.006408185698091984
v -0.014486635103821754 0.04502616822719574 0.003116817446425557
v -0.014488596469163895 0.03909539058804512 0.002208060584962368
v -0.010244243778288364 0.04551887884736061 -0.00010788370855152607
v -0.01024620607495308 0.03958810120820999 -0.0010166404535993934
v -0.005302108358591795 0.04582821950316429 -0.0021374025382101536
v -0.0053040701895952225 0.03989744186401367 -0.003046159166842699
v 2.9723544230364496e-06 0.04593311622738838 -0.0028334332164376974
v 1.010652113109245e-06 0.04000233858823776 -0.003742189845070243
v 0.0053094662725925446 0.045826416462659836 -0.002148538362234831
v 0.005307504441589117 0.039895638823509216 -0.0030572949908673763
v 0.010255744680762291 0.04551539197564125 -0.00012939641601406038
v 0.01025378331542015 0.03958461433649063 -0.0010381530737504363
v 0.014504726976156235 0.04502124339342117 0.0030863936990499496
v 0.014502765610814095 0.039090462028980255 0.002177637070417404
v 0.01776685193181038 0.044377636164426804 0.007279681041836739
v 0.01776489056646824 0.038446858525276184 0.006370924413204193
v 0.01981980912387371 0.04362843930721283 0.012164699845016003
v 0.01981784775853157 0.03769766166806221 0.011255943216383457
v 0.02052369900047779 0.04282470792531967 0.017408544197678566
v 0.0205217357724905 0.03689393028616905 0.01649978756904602
v 0.01983054354786873 0.04202121123671532 0.022653853520751
v 0.01982858218252659 0.0360904335975647 0.021745096892118454
v 0.017787588760256767 0.041272711008787155 0.027543172240257263
v 0.017785627394914627 0.035341933369636536 0.02663441374897957
v -0.01116956863552332 0.04506274312734604 0.0028709599282592535
v -0.006780499126762152 0.04543599113821983 0.00042558208224363625
v -0.0018867920152842999 0.04561582952737808 -0.0007586509454995394
v 2.9723544230364496e-06 0.04593311622738838 -0.0028334332164376974
v 0.003148607909679413 0.04558892175555229 -0.0005939097027294338
v 0.007952248677611351 0.04535726085305214 0.0009075857233256102
v 0.01216786541044712 0.04493803158402443 0.003634476801380515
v 0.015482806600630283 0.044362328946590424 0.007384522818028927
v 0.017651215195655823 0.0436728410422802 0.011879601515829563
v 0.01851227506995201 0.042920712381601334 0.016786331310868263
v 0.02052369900047779 0.04282470792531967 0.017408544197678566
v 0.018002120777964592 0.0421617217361927 0.021740803495049477
v 0.016158590093255043 0.041452158242464066 0.02637556567788124
v 0.013118409551680088 0.04084464907646179 0.030346881598234177
v 0.009107055142521858 0.04038425162434578 0.03336021676659584
v 0.004422029945999384 0.04010511189699173 0.035192083567380905
v -0.0005891982582397759 0.0400279276072979 0.03570662438869476
v 4.44459255959373e-05 0.039723265916109085 0.03769354522228241
v -0.005554969888180494 0.04015842452645302 0.034865669906139374
v -0.01010699663311243 0.04048692807555199 0.03273160383105278
v -0.013907674700021744 0.040989071130752563 0.02946268580853939
v -0.016675125807523727 0.04162761569023132 0.025301365181803703
v -0.0182041022926569 0.04235520213842392 0.020556265488266945
v -0.018381204456090927 0.043117865920066833 0.015579309314489365
v -0.02047627978026867 0.042831674218177795 0.017451569437980652
v -0.017193298786878586 0.04385904595255852 0.010739614255726337
v -0.0147284846752882 0.04452377185225487 0.006396118551492691
v 0.005054894834756851 0.03762014955282211 0.03886357694864273
v 0.004615673329681158 0.03750479966402054 0.03961733728647232
v 0.0046165636740624905 0.03737151622772217 0.04048717021942139
v 0.0050573269836604595 0.037256017327308655 0.04124000295996666
v 0.005819860380142927 0.03718924522399902 0.04167411848902702
v 0.006699844263494015 0.037189096212387085 0.041673194617033005
v 0.007461488246917725 0.037255607545375824 0.0412374809384346
v 0.00790070928633213 0.0373709574341774 0.04048372432589531
v 0.007899818941950798 0.03750424087047577 0.039613887667655945
v 0.007459056098014116 0.03761974349617958 0.03886105492711067
v 0.006696522235870361 0.037686511874198914 0.03842693939805031
v 0.005816538352519274 0.03768666088581085 0.03842786327004433
v 0.00413901824504137 0.037116944789886475 0.04214960336685181
v 0.005484666209667921 0.036999113857746124 0.04291569069027901
v 0.007037579547613859 0.036998849362134933 0.04291405901312828
v 0.008381656371057034 0.03711622208356857 0.042145151644945145
v 0.009156753309071064 0.03731978312134743 0.04081498831510544
v 0.009155182167887688 0.03755498677492142 0.0392799898982048
v 0.008377364836633205 0.03775881230831146 0.037951454520225525
v 0.007031716872006655 0.03787664324045181 0.037185367196798325
v 0.005478803534060717 0.037876907736063004 0.03718699887394905
v 0.004134726244956255 0.037759535014629364 0.037955909967422485
v 0.003359630238264799 0.03755597397685051 0.03928606957197189
v 0.0033612011466175318 0.03732077032327652 0.04082106798887253
v 0.004135829862207174 0.04109559953212738 0.038467083126306534
v 0.0033607338555157185 0.040892038494348526 0.03979724645614624
v 0.0033623045310378075 0.040656834840774536 0.041332244873046875
v 0.004140121396631002 0.04045300930738449 0.042660780251026154
v 0.005485769361257553 0.04033517837524414 0.043426867574453354
v 0.007038682699203491 0.04033491387963295 0.04342523589730263
v 0.008382759988307953 0.04045229032635689 0.04265632480382919
v 0.009157855994999409 0.04065585136413574 0.041326165199279785
v 0.009156285785138607 0.04089105501770973 0.03979116305708885
v 0.00837846752256155 0.04109487682580948 0.03846263140439987
v 0.007032820489257574 0.04121270775794983 0.03769654408097267
v 0.005479907151311636 0.04121297225356102 0.0376981757581234
v 0.007041934411972761 0.0403454452753067 0.04343906044960022
v 0.02200828120112419 0.04018762335181236 0.022070996463298798
v 0.021569060161709785 0.04007227346301079 0.022824754938483238
v 0.021569950506091118 0.03993899002671242 0.023694587871432304
v 0.022010713815689087 0.039823491126298904 0.024447422474622726
v 0.022773245349526405 0.03975671902298927 0.02488153986632824
v 0.02365323156118393 0.039756570011377335 0.02488061599433422
v 0.024414874613285065 0.039823081344366074 0.024444900453090668
v 0.02485409565269947 0.03993843123316765 0.023691141977906227
v 0.024853205308318138 0.04007171466946602 0.02282130904495716
v 0.02441244199872017 0.04018721356987953 0.02206847444176674
v 0.02364991046488285 0.04025398567318916 0.021634357050061226
v 0.022769924253225327 0.0402541346848011 0.021635280922055244
v 0.023990966379642487 0.03956632316112518 0.026121478527784348
v 0.025335043668746948 0.03968369588255882 0.025352569296956062
v 0.02611013874411583 0.03988725692033768 0.024022405967116356
v 0.026108568534255028 0.04012246057391167 0.02248740941286087
v 0.02533075213432312 0.04032628610730171 0.02115887589752674
v 0.023985104635357857 0.04044411703944206 0.02039278857409954
v 0.02243218943476677 0.04044438153505325 0.020394418388605118
v 0.021088112145662308 0.040327008813619614 0.021163327619433403
v 0.020313017070293427 0.04012344777584076 0.02249349094927311
v 0.020314587280154228 0.03988824412226677 0.024028489366173744
v 0.021092403680086136 0.039684418588876724 0.025357021018862724
v 0.02243805304169655 0.039566587656736374 0.026123108342289925
v 0.0210892166942358 0.04366307333111763 0.02167450450360775
v 0.02031411975622177 0.043459512293338776 0.023004665970802307
v 0.020315691828727722 0.043224308639764786 0.024539664387702942
v 0.02109350822865963 0.04302048310637474 0.025868196040391922
v 0.022439155727624893 0.04290265217423439 0.02663428522646427
v 0.02399206906557083 0.0429023876786232 0.026632655411958694
v 0.025336146354675293 0.04301976040005684 0.02586374431848526
v 0.026111243292689323 0.04322332143783569 0.024533582851290703
v 0.026109671220183372 0.04345852509140968 0.022998584434390068
v 0.025331854820251465 0.04366235062479973 0.021670052781701088
v 0.0239862073212862 0.04378018155694008 0.02090396359562874
v 0.022433293983340263 0.04378044605255127 0.020905593410134315
v 0.026123324409127235 0.04323519021272659 0.024538662284612656
v 0.01577317714691162 0.043699853122234344 -0.0008372485754080117
v 0.01533395703881979 0.04358450323343277 -8.349092968273908e-05
v 0.015334847383201122 0.0434512197971344 0.0007863427745178342
v 0.015775609761476517 0.043335720896720886 0.0015391770284622908
v 0.016538143157958984 0.043268948793411255 0.0019732932560145855
v 0.01741812750697136 0.043268799781799316 0.0019723698496818542
v 0.018179770559072495 0.043335311114788055 0.0015366540756076574
v 0.0186189915984869 0.04345066100358963 0.0007828964153304696
v 0.018618101254105568 0.043583944439888 -8.69373106979765e-05
v 0.018177339807152748 0.043699443340301514 -0.000839771528262645
v 0.01741480641067028 0.043766215443611145 -0.0012738876976072788
v 0.016534820199012756 0.043766364455223083 -0.0012729642912745476
v 0.014079484157264233 0.04340047389268875 0.0011202432215213776
v 0.014857301488518715 0.043196648359298706 0.0024487748742103577
v 0.01620294898748398 0.043078817427158356 0.0032148631289601326
v 0.017755862325429916 0.043078552931547165 0.003213233547285199
v 0.019099939614534378 0.043195925652980804 0.0024443226866424084
v 0.01987503655254841 0.04339948669075966 0.001114161335863173
v 0.019873464480042458 0.04363469034433365 -0.0004208377213217318
v 0.01909564808011055 0.043838515877723694 -0.0017493703635409474
v 0.017750000581145287 0.043956346809864044 -0.0025154578033834696
v 0.0161970853805542 0.043956611305475235 -0.0025138279888778925
v 0.014853009954094887 0.043839238584041595 -0.0017449181759729981
v 0.014077913016080856 0.04363567754626274 -0.0004147558647673577
v 0.014854113571345806 0.04717530310153961 -0.001233742106705904
v 0.014079016633331776 0.04697174206376076 9.642020449973643e-05
v 0.014080587774515152 0.04673653841018677 0.0016314192907884717
v 0.014858405105769634 0.04653271287679672 0.0029599510598927736
v 0.016204051673412323 0.04641488194465637 0.0037260393146425486
v 0.01775696687400341 0.04641461744904518 0.003724409732967615
v 0.019101044163107872 0.04653199017047882 0.0029554988723248243
v 0.019876139238476753 0.046735551208257675 0.0016253374051302671
v 0.01987456902861595 0.046970754861831665 9.033834794536233e-05
v 0.019096752628684044 0.04717458039522171 -0.0012381942942738533
v 0.01775110326707363 0.04729241132736206 -0.0020042816177010536
v 0.016198189929127693 0.04729267582297325 -0.00200265203602612
v 0.019105585291981697 0.047188274562358856 -0.0012450463837012649
v -0.007415312342345715 0.04464460909366608 -0.006952913943678141
v -0.00785453338176012 0.0445292592048645 -0.006199155934154987
v -0.007853643037378788 0.04439597576856613 -0.005329322535544634
v -0.007412880193442106 0.04428047686815262 -0.004576487932354212
v -0.006650346331298351 0.04421370476484299 -0.004142371937632561
v -0.005770362447947264 0.04421355575323105 -0.004143295343965292
v -0.005008718930184841 0.04428006708621979 -0.004579010885208845
v -0.004569497425109148 0.04439541697502136 -0.0053327688947319984
v -0.00457038776949048 0.04452870041131973 -0.006202602293342352
v -0.0050111510790884495 0.044644199311733246 -0.006955436896532774
v -0.0057736849412322044 0.04471097141504288 -0.007389552891254425
v -0.006653668358922005 0.044711120426654816 -0.007388629484921694
v -0.008331188932061195 0.04414140433073044 -0.0036668891552835703
v -0.006985540967434645 0.04402357339859009 -0.00290080183185637
v -0.005432627629488707 0.0440233089029789 -0.002902431646361947
v -0.004088550340384245 0.04414068162441254 -0.0036713415756821632
v -0.0033134545665234327 0.04434424266219139 -0.005001503974199295
v -0.0033150252420455217 0.04457944631576538 -0.006536502856761217
v -0.00409284234046936 0.044783271849155426 -0.00786503590643406
v -0.005438490305095911 0.044901102781295776 -0.00863112322986126
v -0.006991403643041849 0.04490136727690697 -0.008629493415355682
v -0.008335480466485023 0.04478399455547333 -0.007860583253204823
v -0.009110577404499054 0.04458043351769447 -0.006530420854687691
v -0.009109006263315678 0.04434522986412048 -0.004995421972125769
v -0.008334376849234104 0.048120059072971344 -0.00734940730035305
v -0.009109473787248135 0.04791649803519249 -0.006019244901835918
v -0.009107902646064758 0.0476812943816185 -0.004484246019273996
v -0.008330085314810276 0.047477468848228455 -0.003155713202431798
v -0.006984437815845013 0.047359637916088104 -0.0023896258790045977
v -0.005431524012237787 0.04735937342047691 -0.002391255460679531
v -0.004087447188794613 0.04747674986720085 -0.0031601653899997473
v -0.0033123509492725134 0.04768030717968941 -0.004490327555686235
v -0.003313921857625246 0.047915514558553696 -0.006025326903909445
v -0.004091738723218441 0.04811933636665344 -0.0073538594879209995
v -0.005437386687844992 0.04823716729879379 -0.008119947277009487
v -0.00699030002579093 0.048237431794404984 -0.00811831746250391
v -0.0069935438223183155 0.048251617699861526 -0.008128354325890541
v -0.02436869964003563 0.04207713529467583 0.00983966700732708
v -0.024807920679450035 0.04196178540587425 0.01059342548251152
v -0.024807030335068703 0.04182850196957588 0.011463257484138012
v -0.024366267025470734 0.04171300306916237 0.012216092087328434
v -0.023603733628988266 0.04164623096585274 0.012650209479033947
v -0.022723747417330742 0.0416460819542408 0.012649285607039928
v -0.021962106227874756 0.04171259328722954 0.0122135691344738
v -0.02152288518846035 0.04182794317603111 0.01145981065928936
v -0.021523775532841682 0.04196122661232948 0.010589978657662868
v -0.021964536979794502 0.042076729238033295 0.009837144054472446
v -0.02272707037627697 0.04214349761605263 0.009403027594089508
v -0.023607056587934494 0.042143646627664566 0.009403951466083527
v -0.022386014461517334 0.04145583510398865 0.01389014907181263
v -0.021041937172412872 0.041573211550712585 0.01312123890966177
v -0.020266840234398842 0.04177676886320114 0.011791076511144638
v -0.020268412306904793 0.04201197624206543 0.010256078094244003
v -0.0210462287068367 0.042215798050165176 0.008927546441555023
v -0.022391876205801964 0.04233362898230553 0.008161458186805248
v -0.02394479140639305 0.04233389347791672 0.00816308706998825
v -0.025288866832852364 0.04221652075648308 0.008931998163461685
v -0.026063963770866394 0.042012959718704224 0.010262159630656242
v -0.026062393561005592 0.041777756065130234 0.011797158047556877
v -0.025284575298428535 0.04157393053174019 0.013125690631568432
v -0.023938927799463272 0.04145609959959984 0.013891778886318207
v -0.02528776414692402 0.045552585273981094 0.009443174116313457
v -0.0260628592222929 0.04534902423620224 0.01077333651483059
v -0.0260612890124321 0.04511382058262825 0.01230833400040865
v -0.02528347261250019 0.044909995049238205 0.013636866584420204
v -0.023937825113534927 0.044792164117097855 0.014402954839169979
v -0.02238490991294384 0.04479190334677696 0.014401325024664402
v -0.02104083262383938 0.0449092760682106 0.013632414862513542
v -0.020265737548470497 0.045112837105989456 0.01230225246399641
v -0.0202673077583313 0.045348040759563446 0.010767254047095776
v -0.021045124158263206 0.04555186629295349 0.009438722394406796
v -0.02239077351987362 0.04566969349980354 0.00867263413965702
v -0.023943686857819557 0.045669957995414734 0.008674263022840023
v -0.026074932888150215 0.045361876487731934 0.010772043839097023
v -0.01813359558582306 0.038564905524253845 0.032747913151979446
v -0.018572816625237465 0.03844955563545227 0.03350166976451874
v -0.018571926280856133 0.0383162721991539 0.034371502697467804
v -0.018131162971258163 0.03820077329874039 0.035124339163303375
v -0.017368629574775696 0.038134001195430756 0.03555845469236374
v -0.01648864522576332 0.03813385218381882 0.03555753082036972
v -0.015727002173662186 0.038200363516807556 0.035121817141771317
v -0.01528778113424778 0.03831571340560913 0.03436805680394173
v -0.015288671478629112 0.0384489968419075 0.03349822387099266
v -0.01572943478822708 0.03856449946761131 0.03274539113044739
v -0.0164919663220644 0.038631267845630646 0.032311271876096725
v -0.017371952533721924 0.038631416857242584 0.032312195748090744
v -0.014033308252692223 0.03849974647164345 0.03316432237625122
v -0.014811125583946705 0.038703568279743195 0.03183579072356224
v -0.016156772151589394 0.038821399211883545 0.03106970340013504
v -0.01770968735218048 0.038821663707494736 0.031071333214640617
v -0.019053764641284943 0.038704290986061096 0.0318402424454689
v -0.019828859716653824 0.03850072994828224 0.03317040577530861
v -0.019827289506793022 0.03826552629470825 0.034705404192209244
v -0.019049473106861115 0.03806170076131821 0.036033935844898224
v -0.017703823745250702 0.037943869829177856 0.036800023168325424
v -0.016150910407304764 0.037943605333566666 0.036798395216464996
v -0.014806834049522877 0.038060981780290604 0.03602948412299156
v -0.014031737111508846 0.03826453909277916 0.034699324518442154
v -0.01905266009271145 0.04204035550355911 0.03235141932964325
v -0.01982775703072548 0.04183679446578026 0.033681582659482956
v -0.019826184958219528 0.04160159081220627 0.03521658107638359
v -0.01904836855828762 0.04139776527881622 0.03654511272907257
v -0.017702721059322357 0.04127993434667587 0.03731120005249977
v -0.01614980585873127 0.04127967357635498 0.03730957210063934
v -0.014805730432271957 0.04139704629778862 0.03654066100716591
v -0.014030633494257927 0.041600607335567474 0.0352104976773262
v -0.014032204635441303 0.041835810989141464 0.03367549926042557
v -0.014810021966695786 0.04203963652253151 0.03234696760773659
v -0.01615566946566105 0.04215746372938156 0.03158088028430939
v -0.017708582803606987 0.04215772822499275 0.031582508236169815
v -0.019057193771004677 0.04140878841280937 0.03655575215816498
v 4.2484225559746847e-05 0.033792488276958466 0.03678479045629501
v 4.2826522985706106e-05 0.03322252631187439 0.037203289568424225
v -0.02047824114561081 0.036900896579027176 0.016542812809348106
v -0.020978404209017754 0.0364067517220974 0.016467608511447906
v 1.010652113109245e-06 0.04000233858823776 -0.003742189845070243
v 0.0205217357724905 0.03689393028616905 0.01649978756904602
v 0.02102157101035118 0.036399610340595245 0.016423532739281654
v -0.009039037860929966 -0.011697303503751755 -0.04959243908524513
v -0.008561776019632816 -0.008712293580174446 -0.04610052704811096
v -0.008564811199903488 -0.008257914334535599 -0.04906591400504112
v -0.006792118307203054 -0.005713893100619316 -0.045642901211977005
v -0.006795153021812439 -0.005259513854980469 -0.048608288168907166
v -0.003996442537754774 -0.0036129620857536793 -0.04532384127378464
v -0.003999476786702871 -0.0031585830729454756 -0.0482892282307148
v -0.0006003657472319901 -0.0027293458115309477 -0.045191921293735504
v -0.0006034004036337137 -0.002274966798722744 -0.048157308250665665
v 0.0028790899086743593 -0.0031975689344108105 -0.04526722803711891
v 0.002876055194064975 -0.0027431899216026068 -0.04823261499404907
v 0.005912208929657936 -0.004946349188685417 -0.045538291335105896
v 0.005909174680709839 -0.004491970408707857 -0.048503678292036057
v 0.00803722720593214 -0.007709447294473648 -0.04596384987235069
v 0.008034192025661469 -0.007255068048834801 -0.04892923682928085
v 0.008930628187954426 -0.011066209524869919 -0.04647911339998245
v 0.008927593939006329 -0.010611831210553646 -0.04944450035691261
v 0.008456401526927948 -0.01450559962540865 -0.04700563848018646
v 0.008453366346657276 -0.014051220379769802 -0.04997102543711662
v 0.006686743348836899 -0.017503999173641205 -0.04746326431632042
v 0.006683708634227514 -0.017049619928002357 -0.05042865127325058
v 0.003891067346557975 -0.019604932516813278 -0.04778232425451279
v 0.0038880326319485903 -0.01915055327117443 -0.05074771121144295
v 0.0004949907306581736 -0.020488547161221504 -0.04791424050927162
v 0.0004919560742564499 -0.020034167915582657 -0.05087963119149208
v -0.002984464867040515 -0.020020322874188423 -0.04783893749117851
v -0.0029874995816498995 -0.019565945491194725 -0.05080432444810867
v -0.006017584353685379 -0.018271544948220253 -0.04756787046790123
v -0.006020618602633476 -0.017817165702581406 -0.05053325742483139
v -0.008142601698637009 -0.015508445911109447 -0.04714231565594673
v -0.00814563687890768 -0.0150540666654706 -0.05010770261287689
v -0.009036003611981869 -0.012151682749390602 -0.04662705212831497
v -0.0031578110065311193 -0.01615622267127037 -0.05078752338886261
v -0.0056897415779531 -0.017371291294693947 -0.05097111314535141
v -0.005189436487853527 -0.014150254428386688 -0.050478074699640274
v -0.0076967026107013226 -0.014761697500944138 -0.05056919902563095
v -0.006045105401426554 -0.011440660804510117 -0.050062015652656555
v -0.008540471084415913 -0.011591421440243721 -0.05008256062865257
v -0.005528794601559639 -0.008648179471492767 -0.0496346578001976
v -0.008092589676380157 -0.008343109861016273 -0.049585290253162384
v -0.0037587848491966724 -0.006412531714886427 -0.04929390549659729
v 0.005846002139151096 -0.012144212611019611 -0.05018198490142822
v 0.007980134338140488 -0.013814564794301987 -0.05044011399149895
v 0.004668629728257656 -0.014733517542481422 -0.05057753622531891
v 0.0063087898306548595 -0.016646387055516243 -0.0508723184466362
v 0.0024088493082672358 -0.016485579311847687 -0.05084368586540222
v 0.0036684293299913406 -0.018630601465702057 -0.051173653453588486
v -0.00041565063293091953 -0.016999023035168648 -0.05091946944594383
v 0.0004610237665474415 -0.0194651260972023 -0.051298242062330246
v -0.0028251290787011385 -0.01902291551232338 -0.05122711881995201
v -0.006421245634555817 -0.0055112880654633045 -0.04915308579802513
v -0.0037808853667229414 -0.003527074819430709 -0.048851750791072845
v -0.0011405639816075563 -0.005245878826826811 -0.04911782220005989
v -0.0005734796286560595 -0.002692548558115959 -0.048727162182331085
v 0.0017260651802644134 -0.005415485240519047 -0.04914674535393715
v 0.0027126730419695377 -0.0031347600743174553 -0.04879828542470932
v 0.004184392746537924 -0.0068824985064566135 -0.0493740476667881
v 0.005577285774052143 -0.004786383360624313 -0.04905429109930992
v 0.0056712450459599495 -0.00931084156036377 -0.04974765703082085
v 0.0075842468068003654 -0.007395976688712835 -0.04945620521903038
v 0.008428014814853668 -0.01056625321507454 -0.04994284361600876
v -0.006040047854185104 -0.01219795923680067 -0.04511969909071922
v -0.00552373705431819 -0.009405477903783321 -0.04469234496355057
v -0.0037537270691245794 -0.007169830612838268 -0.044351592659950256
v -0.0011355063179507852 -0.006003177259117365 -0.04417550936341286
v 0.0017311229603365064 -0.006172784138470888 -0.04420442879199982
v 0.004189450293779373 -0.007639797404408455 -0.04443173483014107
v 0.005676302593201399 -0.010068139992654324 -0.04480534419417381
v 0.005851060152053833 -0.012901511043310165 -0.04523967206478119
v 0.004673687741160393 -0.015490816906094551 -0.04563521966338158
v 0.002413906855508685 -0.017242878675460815 -0.04590137302875519
v -0.000410592881962657 -0.017756322398781776 -0.0459771566092968
v -0.00315275345928967 -0.0169135220348835 -0.045845210552215576
v -0.00518437847495079 -0.014907552860677242 -0.04553576186299324
v 0.0014872965402901173 -0.013691864907741547 -0.04535631090402603
v 0.0016423447523266077 -0.013827488757669926 -0.045377250760793686
v -0.0013744885800406337 -0.013468644581735134 -0.04531918093562126
v -0.0015295367920771241 -0.013333022594451904 -0.04529824107885361
v 0.0012064870679751039 -0.010009536519646645 -0.04479179158806801
v -0.001928795361891389 -0.013357143849134445 -0.04530152678489685
v -0.0020660243462771177 -0.013510423712432384 -0.04532487317919731
v 0.001845235121436417 -0.013868301175534725 -0.04538371413946152
v -0.0021073443349450827 -0.013710979372262955 -0.04535556212067604
v -0.0020416832994669676 -0.013905072584748268 -0.045385368168354034
v -0.0018866349710151553 -0.014040694572031498 -0.04540630802512169
v -0.001683744601905346 -0.014081506989896297 -0.04541277140378952
v -0.0022811726666986942 -0.010022187605500221 -0.04479015991091728
v -0.002322492655366659 -0.010222743265330791 -0.04482084885239601
v -0.002256831619888544 -0.01041683554649353 -0.044850654900074005
v -0.0021017834078520536 -0.01055245753377676 -0.04487159475684166
v -0.0017324271611869335 -0.013292210176587105 -0.045291777700185776
v -0.0018988929223269224 -0.01059326995164156 -0.04487805441021919
v 0.0014216353883966804 -0.013497773557901382 -0.04532650485634804
v -0.0014873765176162124 -0.014016573317348957 -0.045403022319078445
v -0.0017025248380377889 -0.01052833627909422 -0.044868309050798416
v -0.001350147183984518 -0.013863292522728443 -0.045379675924777985
v -0.0013088274281471968 -0.013662736862897873 -0.045348986983299255
v 0.0014629552606493235 -0.013297216035425663 -0.04529581591486931
v 0.0016001845942810178 -0.013143935240805149 -0.04527246952056885
v 0.001826455001719296 -0.010315130464732647 -0.044839248061180115
v 0.0019636841025203466 -0.010161847807466984 -0.044815901666879654
v 0.0020050040911883116 -0.009961292147636414 -0.04478521645069122
v 0.0012721482198685408 -0.010203629732131958 -0.044821597635746
v 0.0014271964319050312 -0.010339251719415188 -0.04484253749251366
v 0.0017965525621548295 -0.013079001568257809 -0.04526272043585777
v 0.0016300868010148406 -0.010380064137279987 -0.04484899714589119
v 0.0019994431640952826 -0.013119813986122608 -0.045269180089235306
v 0.002154491376131773 -0.013255435973405838 -0.04529011994600296
v 0.002220152411609888 -0.013449529185891151 -0.04531992971897125
v 0.002178832422941923 -0.013650084845721722 -0.04535061866044998
v 0.0020416034385561943 -0.013803365640342236 -0.04537396505475044
v 0.0019393429392948747 -0.0097671989351511 -0.04475540667772293
v 0.0017842946108430624 -0.00963157694786787 -0.044734466820955276
v 0.001581404241733253 -0.00959076453000307 -0.044728007167577744
v 0.0013850361574441195 -0.009655698202550411 -0.04473775625228882
v -0.0015652955044060946 -0.01037505641579628 -0.044844962656497955
v -0.0015239757485687733 -0.01017450075596571 -0.044814273715019226
v 0.001247806940227747 -0.009808978997170925 -0.04476110264658928
v -0.0015896369004622102 -0.009980407543480396 -0.044784463942050934
v -0.0021439436823129654 -0.009868906810879707 -0.04476681351661682
v -0.00194757548160851 -0.009803973138332367 -0.044757064431905746
v -0.0017446851124987006 -0.009844785556197166 -0.04476352408528328
v -0.0013795463601127267 -0.012711345218122005 -0.050261493772268295
v -0.0015345945721492171 -0.012575723230838776 -0.05024055391550064
v -0.0017374849412590265 -0.012534910812973976 -0.05023409053683281
v -0.001933853141963482 -0.012599844485521317 -0.050243839621543884
v -0.0020710821263492107 -0.01275312528014183 -0.050267186015844345
v -0.0021124021150171757 -0.0129536809399724 -0.050297874957323074
v -0.0020467410795390606 -0.013147774152457714 -0.05032768473029137
v -0.0018916927510872483 -0.013283396139740944 -0.05034862086176872
v -0.001688802381977439 -0.013324208557605743 -0.050355084240436554
v -0.0014924342976883054 -0.013259274885058403 -0.05034533515572548
v -0.001355204964056611 -0.013105994090437889 -0.05032198876142502
v -0.0013138852082192898 -0.012905438430607319 -0.05029129981994629
v -0.0017131436616182327 -0.01292955968528986 -0.05029458925127983
v 0.00214943359605968 -0.012498137541115284 -0.05023243650794029
v 0.0019943853840231895 -0.012362515553832054 -0.05021149665117264
v 0.0017914947820827365 -0.012321703135967255 -0.050205033272504807
v 0.0015951268142089248 -0.012386636808514595 -0.05021478235721588
v 0.0014578974805772305 -0.012539916671812534 -0.05023812875151634
v 0.0014165776083245873 -0.012740474194288254 -0.05026881769299507
v 0.0014822387602180243 -0.012934565544128418 -0.050298623740673065
v 0.0016372869722545147 -0.013070189394056797 -0.05031956359744072
v 0.001840177457779646 -0.013111001811921597 -0.05032602697610855
v 0.0020365456584841013 -0.013046066276729107 -0.050316277891397476
v 0.00217377464286983 -0.012892786413431168 -0.050292931497097015
v 0.002215094631537795 -0.012692229822278023 -0.050262242555618286
v 0.0018158361781388521 -0.012716351076960564 -0.05026552826166153
v 0.0019342852756381035 -0.009009900502860546 -0.049697719514369965
v 0.0017792369471862912 -0.008874278515577316 -0.04967677965760231
v 0.00157634646166116 -0.008833466097712517 -0.04967032000422478
v 0.0013799784937873483 -0.008898399770259857 -0.04968006908893585
v 0.001242749160155654 -0.009051680564880371 -0.04970341548323631
v 0.0012014292879030108 -0.00925223808735609 -0.04973410442471504
v 0.0012670904397964478 -0.009446331299841404 -0.049763910472393036
v 0.0014221386518329382 -0.009581953287124634 -0.04978485032916069
v 0.0016250291373580694 -0.009622765704989433 -0.04979131370782852
v 0.001821397221647203 -0.009557832032442093 -0.04978156462311745
v 0.0019586263224482536 -0.00940454937517643 -0.049758218228816986
v 0.0019999463111162186 -0.00920399371534586 -0.04972752928733826
v 0.0016006878577172756 -0.0092281149700284 -0.0497308149933815
v -0.0015946946805343032 -0.009223109111189842 -0.04972677677869797
v -0.0017497428925707936 -0.009087487123906612 -0.04970584064722061
v -0.001952633261680603 -0.009046673774719238 -0.04969937726855278
v -0.0021490014623850584 -0.009111608378589153 -0.049709126353263855
v -0.0022862304467707872 -0.009264888241887093 -0.049732472747564316
v -0.002327550435438752 -0.009465443901717663 -0.049763161689043045
v -0.002261889399960637 -0.009659537114202976 -0.04979296773672104
v -0.0021068411879241467 -0.009795159101486206 -0.04981390759348869
v -0.0019039507023990154 -0.009835971519351006 -0.049820370972156525
v -0.0017075826181098819 -0.009771037846803665 -0.04981062188744545
v -0.0015703532844781876 -0.009617757052183151 -0.04978727549314499
v -0.0015290335286408663 -0.009417201392352581 -0.04975658655166626
v -0.0019282919820398092 -0.009441322647035122 -0.0497598722577095
v -0.018039537593722343 0.021698947995901108 -0.0394076444208622
v -0.019039448350667953 0.021963976323604584 -0.03936601057648659
v -0.019043590873479843 0.009442174807190895 -0.04128469154238701
v 0.024192187935113907 -0.01614166796207428 -0.0452490858733654
v -0.024102285504341125 -0.016850095242261887 -0.04530821368098259
v -0.02429678663611412 -0.017566699534654617 -0.045417819172143936
v -0.019052451476454735 -0.017345186322927475 -0.04538924619555473
v -0.007845624350011349 0.003311797045171261 -0.042235493659973145
v -0.007845199666917324 0.004596799146384001 -0.04203859716653824
v -0.009320198558270931 0.004597049672156572 -0.04203704744577408
v -0.0180549044162035 -0.024758830666542053 -0.046526242047548294
v -0.01905481517314911 -0.024493804201483727 -0.046484608203172684
v -0.01905614510178566 -0.02851482294499874 -0.0471007376909256
v -0.016054252162575722 -0.02278224565088749 -0.046225421130657196
v -0.016322528943419456 -0.023770662024617195 -0.04637659713625908
v -0.012429531663656235 -0.02362305484712124 -0.04635796323418617
v -0.012427455745637417 -0.01734631136059761 -0.04539619758725166
v -0.01705368608236313 -0.021070005372166634 -0.04596203565597534
v -0.016321875154972076 -0.021793736144900322 -0.04607367888092995
v -0.01805359683930874 -0.020804977044463158 -0.04592040181159973
v -0.019053682684898376 -0.021069666370749474 -0.04595993459224701
v -0.01978662796318531 -0.023770073428750038 -0.04637296497821808
v -0.020054249092936516 -0.02278156578540802 -0.04622122272849083
v -0.01978597417473793 -0.021793147549033165 -0.04607004299759865
v -0.01705481857061386 -0.024494143202900887 -0.04648670554161072
v -0.012431150302290916 -0.028515947982668877 -0.04710768908262253
v 0.013320453464984894 -0.023627430200576782 -0.046384986490011215
v 0.016213351860642433 -0.023776192218065262 -0.04641074314713478
v 0.015945730730891228 -0.022787684574723244 -0.04625900089740753
v 0.017946382984519005 -0.02081109583377838 -0.045958179980516434
v 0.018946293741464615 -0.021076124161481857 -0.045999813824892044
v 0.024191712960600853 -0.017574939876794815 -0.04546870291233063
v 0.013322530314326286 -0.017350688576698303 -0.045423220843076706
v 0.016946297138929367 -0.021075785160064697 -0.04599771648645401
v 0.016214007511734962 -0.02179926633834839 -0.04610782116651535
v 0.019678104668855667 -0.021799854934215546 -0.04611145704984665
v 0.019945727661252022 -0.022788364440202713 -0.0462631992995739
v 0.019677450880408287 -0.023776782676577568 -0.04641437530517578
v 0.018945161253213882 -0.02450026199221611 -0.04652448371052742
v 0.013318835757672787 -0.02852032519876957 -0.04713471233844757
v 0.017945073544979095 -0.024764949455857277 -0.046564020216464996
v 0.016945164650678635 -0.02449992299079895 -0.046522386372089386
v -0.008794382214546204 0.0070681204088032246 -0.041658949106931686
v -0.0078447749838233 0.005881801247596741 -0.04184170067310333
v -0.007794294971972704 0.0073328083381056786 -0.04161941632628441
v -0.007576499134302139 0.0068702176213264465 -0.04169052094221115
v -0.007062005344778299 0.00805628765374422 -0.04150930792093277
v -0.006844209041446447 0.007593700662255287 -0.04158041253685951
v -0.006793729495257139 0.009044704027473927 -0.04135813191533089
v -0.009314215742051601 0.022685930132865906 -0.03926533833146095
v -0.009793161414563656 0.010757283307611942 -0.0410926453769207
v -0.008793074637651443 0.011021970771253109 -0.04105311259627342
v -3.9221125916810706e-05 0.022684354335069656 -0.039275072515010834
v -0.005844122264534235 0.007858388125896454 -0.041540879756212234
v -4.36022637586575e-05 0.009438944980502129 -0.04130462929606438
v -0.007061351090669632 0.010033215396106243 -0.04120638966560364
v -0.007793162018060684 0.010756943374872208 -0.04109474644064903
v -0.012418595142662525 0.009441048838198185 -0.04129164293408394
v -0.01079372689127922 0.009045383892953396 -0.04135393351316452
v -0.01052545104175806 0.0100338039919734 -0.04120275378227234
v -0.01052610483020544 0.008056876249611378 -0.04150567203760147
v -0.012420197017490864 0.004597576800733805 -0.04203379526734352
v -0.009794293902814388 0.007333148270845413 -0.041617318987846375
v -4.4125383283244446e-05 0.00785740278661251 -0.04154696688055992
v 0.005755871068686247 0.007856416516005993 -0.04155305027961731
v 0.006706263404339552 0.009042409248650074 -0.04137229919433594
v 0.006973884999752045 0.00805390253663063 -0.04152403771877289
v 0.006755783222615719 0.0075913891196250916 -0.04159468412399292
v 0.007705695927143097 0.007330173626542091 -0.04163568094372749
v 0.007487594150006771 0.006867656949907541 -0.041706331074237823
v 0.008705608546733856 0.00706514623016119 -0.041677314788103104
v 0.007755216211080551 0.0058791497722268105 -0.041858069598674774
v 0.007754791062325239 0.0045941476710140705 -0.04205496609210968
v 0.009706827811896801 0.010753968730568886 -0.04111310839653015
v 0.010438638739287853 0.010030240751802921 -0.041224755346775055
v 0.013331389985978603 0.009436671622097492 -0.04131866618990898
v 0.010706260800361633 0.009041729383170605 -0.041376493871212006
v 0.013329788111150265 0.004593200050294399 -0.042060818523168564
v 0.010437984950840473 0.008053313009440899 -0.04152767360210419
v 0.009705695323646069 0.007329833693802357 -0.041637782007455826
v 0.008706916123628616 0.011018996126949787 -0.04107147827744484
v 0.013164940290153027 0.022682109847664833 -0.03928893059492111
v 0.007706828881055117 0.01075430866330862 -0.04111101105809212
v 0.006974539253860712 0.010030829347670078 -0.041221119463443756
v -0.005846280138939619 0.001334529952146113 -0.04254051297903061
v -0.006332482676953077 0.00041331254760734737 -0.042681168764829636
v -0.005332570988684893 0.00014828484563622624 -0.042722802609205246
v -4.628325768862851e-05 0.0013335441472008824 -0.042546596378088
v 0.008485467173159122 0.002111028414219618 -0.04243619740009308
v 0.009407346136868 0.001996399834752083 -0.04245470464229584
v 0.013326846063137054 -0.0043029701337218285 -0.04342395439743996
v 0.010277914814651012 -0.0010727760381996632 -0.0429258793592453
v 0.009961958974599838 -0.001646732329390943 -0.04301350191235542
v -4.667559915105812e-05 0.00014738641039002687 -0.042728349566459656
v 0.005239219404757023 0.00014648796059191227 -0.042733896523714066
v 0.005753713194280863 0.001332558342255652 -0.042552683502435684
v 0.0062393066473305225 0.000411175744375214 -0.04269436374306679
v 0.0067538004368543625 0.0015972461551427841 -0.042513150721788406
v 0.0069715967401862144 0.001134658930823207 -0.04258425533771515
v 0.007486090064048767 0.00232072570361197 -0.04240304231643677
v 0.010177270509302616 0.0014823689125478268 -0.04253425821661949
v 0.010629064403474331 0.0006798755493946373 -0.04265768453478813
v 0.01066521368920803 -0.00023786621750332415 -0.04279834404587746
v 0.007610608823597431 0.0018015130190178752 -0.042482730001211166
v 0.007754365913569927 0.0033091455698013306 -0.042251862585544586
v -0.019048135727643967 -0.004297467414289713 -0.043389979749917984
v -0.024296311661601067 -0.016133427619934082 -0.04519820213317871
v -0.019771261140704155 0.02268770895898342 -0.03925436735153198
v -0.024089206010103226 0.02268844284117222 -0.039249833673238754
v -0.024283234030008316 0.023405108600854874 -0.039139822125434875
v -0.02003888227045536 0.02367621473968029 -0.03910262510180473
v -0.015124191530048847 0.03838159143924713 -0.03685438632965088
v -0.01703629083931446 0.03152139112353325 -0.03790359944105148
v -0.017035942524671555 0.03257187455892563 -0.03774263709783554
v -0.016545496881008148 0.03562631458044052 -0.03727511689066887
v -0.019770607352256775 0.024664634838700294 -0.03895144537091255
v -0.019538450986146927 0.02498374506831169 -0.03890278935432434
v -0.017683301120996475 0.028026755899190903 -0.03843841329216957
v -0.012911152094602585 0.04056800901889801 -0.036521632224321365
v -0.01012300606817007 0.04197154939174652 -0.03630942106246948
v -0.007032678462564945 0.042454808950424194 -0.03623853623867035
v 0.006967314053326845 0.04245242848992348 -0.03625322878360748
v 0.0006937051075510681 0.04664880037307739 -0.03560381010174751
v -3.2682117307558656e-05 0.042453616857528687 -0.036245882511138916
v -3.1357965781353414e-05 0.046456895768642426 -0.03563247248530388
v -0.0007562940591014922 0.04664904624223709 -0.03560228645801544
v 0.019961094483733177 0.023669416084885597 -0.0391446016728878
v 0.019693471491336823 0.024657927453517914 -0.03899285942316055
v 0.024204792454838753 0.02196359634399414 -0.03941032290458679
v 0.024010764434933662 0.022680265828967094 -0.03930031135678291
v 0.019692817702889442 0.02268099971115589 -0.039295777678489685
v 0.024205265566706657 0.023396866396069527 -0.03919070586562157
v 0.01005732174962759 0.041968122124671936 -0.03633059933781624
v 0.012844539247453213 0.04056363180279732 -0.03654865920543671
v 0.015056132338941097 0.03837646171450615 -0.036886055022478104
v 0.0164756141602993 0.03562070429325104 -0.03730976954102516
v 0.016964038833975792 0.032566096633672714 -0.03777831792831421
v 0.018960528075695038 0.02195751667022705 -0.039405886083841324
v 0.01796044036746025 0.021692829206585884 -0.0394454225897789
v 0.017161192372441292 0.02185770869255066 -0.03941933810710907
v 0.015206110663712025 0.022473642602562904 -0.03932296112179756
v 0.016963692381978035 0.031515613198280334 -0.03793928027153015
v 0.017608391121029854 0.02802075631916523 -0.03847544640302658
v 0.019461527466773987 0.02497711591422558 -0.03894371539354324
v 0.023997686803340912 -0.01685827039182186 -0.04535869136452675
v -0.01724017970263958 0.021863555535674095 -0.039383240044116974
v -0.012414214201271534 0.022686457261443138 -0.039262086153030396
v -0.01324338186532259 0.02268659882247448 -0.039261214435100555
v -0.015284691005945206 0.022478824481368065 -0.03929096460342407
v -0.009327457286417484 -0.017346838489174843 -0.04539944976568222
v -0.00976821593940258 -0.01634042337536812 -0.04524478688836098
v -5.4538759286515415e-05 -0.02362515777349472 -0.04637094959616661
v -0.0017868755385279655 -0.022348526865243912 -0.046173565089702606
v -0.009329533204436302 -0.02362358197569847 -0.04636121913790703
v -0.005070267245173454 -0.021253148093819618 -0.04600236192345619
v -0.007827110588550568 -0.019177882000803947 -0.04568155109882355
v 0.009663956239819527 -0.016343725845217705 -0.04526517912745476
v 0.007720974273979664 -0.019180525094270706 -0.04569786787033081
v 0.004962758161127567 -0.021254852414131165 -0.046012889593839645
v 0.001678642351180315 -0.02234911546111107 -0.046177200973033905
v 0.009852512739598751 -0.0022911131381988525 -0.043112125247716904
v 0.009851847775280476 -0.004302379675209522 -0.04342030733823776
v 0.009848138317465782 -0.01551568042486906 -0.045138489454984665
v -0.0070642936043441296 0.0011370446300134063 -0.04256952553987503
v -0.006846191827207804 0.0015995576977729797 -0.042498879134655
v -0.007702865172177553 0.0018041158327832818 -0.0424666590988636
v -0.007578002754598856 0.0023232861422002316 -0.042387235909700394
v -0.008577518165111542 0.002113928785547614 -0.04241828992962837
v -0.009499473497271538 0.0019996133632957935 -0.04243486374616623
v -0.010269737802445889 0.0014858442591503263 -0.04251280054450035
v -0.01072206161916256 0.0006835045642219484 -0.04263527691364288
v -0.009951850399374962 -0.0155123146250844 -0.045117709785699844
v -0.009948140941560268 -0.004299014341086149 -0.04339952766895294
v -0.012423139996826649 -0.004298593383282423 -0.043396931141614914
v -0.009947475977241993 -0.002287747571244836 -0.04309134930372238
v -0.010758818127214909 -0.0002342247753404081 -0.04277586191892624
v -0.010372072458267212 -0.001069266116246581 -0.04290420934557915
v -0.010056495666503906 -0.0016433298587799072 -0.042992495000362396
v -0.019045192748308182 0.004598702769726515 -0.04202684387564659
v -0.02428370900452137 0.021971838548779488 -0.0393594391644001
v -0.01405065692961216 -0.011909485794603825 -0.044561464339494705
v -0.01431893277913332 -0.012897903099656105 -0.04471264407038689
v -0.01505122147500515 -0.013621385209262371 -0.04482274875044823
v -0.016051309183239937 -0.013886074535548687 -0.0448622852563858
v -0.017051221802830696 -0.013621045276522636 -0.04482065141201019
v -0.01778237707912922 -0.01092038955539465 -0.044406089931726456
v -0.018050653859972954 -0.011908805929124355 -0.04455726593732834
v -0.0177830308675766 -0.012897314503788948 -0.04470900818705559
v -0.01431827899068594 -0.010920978151261806 -0.044409722089767456
v -0.017050089314579964 -0.010196908377110958 -0.04429598152637482
v -0.016050001606345177 -0.009932219982147217 -0.04425644502043724
v -0.015050088986754417 -0.010197248309850693 -0.04429807886481285
v -0.009331151843070984 -0.02851647511124611 -0.047110941261053085
v -5.615716509055346e-05 -0.028518052771687508 -0.047120675444602966
v 0.027839859947562218 0.02162339724600315 -0.04148951545357704
v 0.028058446943759918 0.022097008302807808 -0.04141716659069061
v 0.028055353090167046 0.012742014601826668 -0.04285060614347458
v -0.02792234905064106 0.024351147934794426 -0.04101448506116867
v -0.028125185519456863 0.023921452462673187 -0.04108011722564697
v -0.027434658259153366 0.029172630980610847 -0.04027619957923889
v -0.02555340901017189 -0.013828654773533344 -0.04686710610985756
v -0.026928529143333435 -0.014192601665854454 -0.046921465545892715
v -0.01805267669260502 -0.011605885811150074 -0.04653419181704521
v -0.02691700868308544 0.020637746900320053 -0.04158450663089752
v -0.007838280871510506 0.007321453187614679 -0.04364445433020592
v -0.008146798238158226 0.006184771656990051 -0.043818309903144836
v 0.024082964286208153 0.020629078149795532 -0.041638027876615524
v 0.025457842275500298 0.02026466280221939 -0.04169527068734169
v 0.028051966801285744 0.002501534763723612 -0.044419728219509125
v -0.02814461663365364 0.012751566246151924 -0.04279163107275963
v -0.028141522780060768 0.022106559947133064 -0.04135819151997566
v -0.02792324870824814 0.021632874384522438 -0.0414309948682785
v 0.02682144194841385 -0.014201737940311432 -0.04697787016630173
v 0.028048578649759293 -0.007738946937024593 -0.04598885029554367
v 0.027827681973576546 -0.015196866355836391 -0.047131381928920746
v 0.028045956045389175 -0.015670550987124443 -0.04720418527722359
v 0.027826782315969467 -0.017915140837430954 -0.04754789546132088
v 0.028045369312167168 -0.017441529780626297 -0.04747555032372475
v 0.02804519236087799 -0.01797942817211151 -0.04755796864628792
v 0.026832962408661842 0.020628610625863075 -0.041640911251306534
v -0.006996146868914366 0.008153454400599003 -0.0435178317129612
v -0.025542128831148148 0.020273331552743912 -0.041641753166913986
v -0.005846046842634678 0.0084578488022089 -0.04347236827015877
v 0.000908190559130162 0.050747379660606384 -0.036999356001615524
v 0.00622054748237133 0.05006563290953636 -0.03710925579071045
v 0.0013428708771243691 0.050546951591968536 -0.03703051060438156
v 0.0023491112515330315 0.049551818519830704 -0.03718402236700058
v 0.0013413135893642902 0.04583876207470894 -0.0377519354224205
v 0.022708741948008537 0.022983407601714134 -0.04127587378025055
v 0.023076724261045456 0.021624205633997917 -0.041484516113996506
v -0.01605333387851715 -0.01358315534889698 -0.046839211136102676
v -0.01505324523895979 -0.01331846509128809 -0.0467996746301651
v -0.014320955611765385 -0.012594983913004398 -0.04668956995010376
v -0.024167010560631752 0.020637279376387596 -0.04158739373087883
v 0.006903844885528088 0.008151091635227203 -0.043532419949769974
v 0.005753946024924517 0.00845587719231844 -0.04348453879356384
v 0.028043312951922417 0.02391190454363823 -0.04113905876874924
v 0.027840759605169296 0.02434166893362999 -0.04107300192117691
v 0.027356257662177086 0.029163317754864693 -0.04033369570970535
v 0.0268345195800066 0.025336802005767822 -0.04091949015855789
v 0.025279954075813293 0.03503444418311119 -0.03943195194005966
v 0.025459639728069305 0.025701211765408516 -0.04086224362254143
v 0.021933937445282936 0.040301479399204254 -0.03862147405743599
v 0.02408452145755291 0.02533726952970028 -0.040916603058576584
v 0.01748599112033844 0.04470030218362808 -0.037942901253700256
v 0.012159159407019615 0.04801034927368164 -0.037430260330438614
v 0.0027170914690941572 0.048192624002695084 -0.037392668426036835
v 0.0023482120595872402 0.04683355242013931 -0.03760053589940071
v 0.023077623918652534 0.024342479184269905 -0.041068002581596375
v -0.0014086848823353648 0.045839227735996246 -0.037749048322439194
v 0.008053192868828773 0.006182018201798201 -0.04383531212806702
v -0.0024149250239133835 0.04683436080813408 -0.037595536559820175
v 0.0077454280108213425 0.007318804506212473 -0.043660808354616165
v -0.002782905474305153 0.04819355905056 -0.03738689422607422
v -0.006285122130066156 0.05006776005029678 -0.03709613159298897
v -0.0009723146795295179 0.05074770003557205 -0.03699738159775734
v -0.001407127594575286 0.05054742097854614 -0.03702762722969055
v -0.028154777362942696 -0.017969874665141106 -0.04749899357557297
v -0.02815460041165352 -0.01743197627365589 -0.0474165715277195
v -0.02793632633984089 -0.017905661836266518 -0.04748937860131264
v -0.023160111159086227 0.021632065996527672 -0.04143599420785904
v -0.02279123105108738 0.02299114130437374 -0.041228123009204865
v -0.02315921150147915 0.02435033768415451 -0.04101948067545891
v -0.028158165514469147 -0.028210356831550598 -0.04906811565160751
v 0.023064544424414635 -0.015196056105196476 -0.04712638258934021
v 0.026819884777069092 -0.01890992745757103 -0.04769929498434067
v 0.02804180420935154 -0.028219908475875854 -0.049127090722322464
v 0.025444764643907547 -0.019273873418569565 -0.047753654420375824
v -0.002414026064798236 0.04955263063311577 -0.03717902675271034
v -0.012225092388689518 0.04801449179649353 -0.03740467131137848
v -0.02200496941804886 0.04030894860625267 -0.03857536241412163
v -0.024165451526641846 0.025345470756292343 -0.04086596891283989
v -0.025354469195008278 0.035043053328990936 -0.0393788181245327
v -0.02554032951593399 0.025709880515933037 -0.040808726102113724
v -0.026915451511740685 0.02534593641757965 -0.04086308553814888
v -0.017554113641381264 0.04470625892281532 -0.03790612891316414
v -0.028148002922534943 0.0025110868737101555 -0.044360753148794174
v -0.00814764853566885 0.003614767687395215 -0.04421210661530495
v -0.028151391074061394 -0.007729394361376762 -0.04592987149953842
v -0.007839882746338844 0.0024779816158115864 -0.0443866066634655
v -0.01605202443897724 -0.00962930079549551 -0.046233370900154114
v 0.025446562096476555 -0.013837323524057865 -0.04692062735557556
v 0.02407144382596016 -0.014201270416378975 -0.04697498679161072
v 0.0077438256703317165 0.0024753327015787363 -0.04440296068787575
v 0.006901692133396864 0.0016433283453807235 -0.04452958330512047
v -0.024180088192224503 -0.01890125870704651 -0.047645773738622665
v -0.01705324463546276 -0.013318125158548355 -0.046797577291727066
v -0.014052679762244225 -0.011606565676629543 -0.04653839021921158
v -0.014320301823318005 -0.0106180589646101 -0.04638664796948433
v -0.01705211214721203 -0.009893988259136677 -0.04627290740609169
v -0.017784399911761284 -0.010617469437420368 -0.04638301581144333
v 0.008052343502640724 0.0036120142322033644 -0.04422910511493683
v 0.022695664316415787 -0.01655513048171997 -0.047334253787994385
v -0.02793542668223381 -0.01518738828599453 -0.047072865068912506
v -0.02815401367843151 -0.015660999342799187 -0.047145210206508636
v -3.3806103601818904e-05 0.045474812388420105 -0.03780629485845566
v -0.023173188790678978 -0.017906472086906433 -0.047494374215602875
v -0.02280430868268013 -0.016547396779060364 -0.047286506742239
v -0.017785055562853813 -0.012594395317137241 -0.04668593406677246
v -0.02317229099571705 -0.01518819760531187 -0.047077860683202744
v -0.024178531020879745 -0.014193069189786911 -0.04692435264587402
v -0.005848401226103306 0.0013409092789515853 -0.04456287622451782
v -0.0069982996210455894 0.0016456908779218793 -0.04451499879360199
v -0.015052112750709057 -0.009894328191876411 -0.046275004744529724
v -0.025555206462740898 -0.019265204668045044 -0.04770013317465782
v -0.026930086314678192 -0.018900791183114052 -0.04764288663864136
v 0.024069886654615402 -0.018909459933638573 -0.04769640788435936
v 0.023063646629452705 -0.01791433058679104 -0.04754289612174034
v 0.005751592107117176 0.0013389375526458025 -0.044575050473213196
v -0.007061259355396032 0.0006826655589975417 -0.03960413858294487
v -0.007699830457568169 0.0013497367035597563 -0.03950127214193344
v -0.008574483916163445 0.0016595495399087667 -0.03945290297269821
v -0.009496438317000866 0.001545234234072268 -0.03946947678923607
v -0.010266702622175217 0.0010314651299268007 -0.03954741358757019
v -0.010719027370214462 0.00022912543499842286 -0.03966988995671272
v -0.010755783878266811 -0.0006886039045639336 -0.03981047496199608
v -0.010369038209319115 -0.0015236452454701066 -0.03993882238864899
v 0.010280949994921684 -0.0015271550510078669 -0.03996049240231514
v 0.010668247938156128 -0.0006922453176230192 -0.039832957088947296
v 0.010632098652422428 0.0002254964056191966 -0.03969229385256767
v 0.010180304758250713 0.0010279897833243012 -0.03956886753439903
v 0.009410380385816097 0.0015420205891132355 -0.03948931768536568
v 0.008488502353429794 0.0016566494014114141 -0.03947081044316292
v 0.007613643538206816 0.0013471338897943497 -0.03951733931899071
v 0.006974630989134312 0.0006802798598073423 -0.03961886838078499
v 0.016962554305791855 0.02165493741631508 -0.03742686286568642
v 0.017163215205073357 0.021554788574576378 -0.0374424122273922
v 0.017963476479053497 0.021238449960947037 -0.03648003563284874
v 0.016963565722107887 0.021503478288650513 -0.03643840178847313
v 0.016231754794716835 0.02222721092402935 -0.036326758563518524
v 0.016230743378400803 0.022378670051693916 -0.03731521964073181
v 0.01596413180232048 0.02321571670472622 -0.036175016313791275
v 0.015963120386004448 0.023367177695035934 -0.03716347739100456
v 0.016232408583164215 0.024204136803746223 -0.036023836582899094
v 0.016231397166848183 0.02435559593141079 -0.03701229766011238
v 0.01696469821035862 0.024927616119384766 -0.035913728177547455
v 0.016963686794042587 0.02507907710969448 -0.03690219298005104
v 0.017964784055948257 0.02519230544567108 -0.03587419539690018
v 0.017963772639632225 0.025343764573335648 -0.036862656474113464
v 0.018964694812893867 0.024927277117967606 -0.03591582924127579
v 0.018963683396577835 0.02507873624563217 -0.036904290318489075
v 0.01946355029940605 0.024674197658896446 -0.03696678951382637
v 0.01969650760293007 0.024203548207879066 -0.03602747246623039
v 0.019964128732681274 0.02321503683924675 -0.03617921471595764
v 0.01969585381448269 0.022226620465517044 -0.036330390721559525
v 0.018963562324643135 0.021503137424588203 -0.03644049912691116
v -0.017238156870007515 0.021560635417699814 -0.0374063141644001
v -0.018036503344774246 0.02124456875026226 -0.03644225746393204
v -0.01703641749918461 0.021509256213903427 -0.03640272095799446
v -0.019036293029785156 0.025085195899009705 -0.03686441108584404
v -0.019536428153514862 0.02468082681298256 -0.03692585974931717
v -0.01976757124066353 0.024210255593061447 -0.03598605841398239
v -0.019035281613469124 0.02493373490869999 -0.03587595000863075
v -0.018035193905234337 0.025198424234986305 -0.035836417227983475
v -0.01803620532155037 0.02534988336265087 -0.03682487830519676
v -0.017035285010933876 0.02493339590728283 -0.035878051072359085
v -0.01703629642724991 0.025084855034947395 -0.03686651214957237
v -0.016303472220897675 0.02420966699719429 -0.03598969429731369
v -0.016304485499858856 0.024361126124858856 -0.03697815537452698
v -0.01603585109114647 0.023221155628561974 -0.03614143654704094
v -0.0160368625074625 0.02337261661887169 -0.03712989762425423
v -0.016304127871990204 0.022232741117477417 -0.03629261255264282
v -0.016305139288306236 0.022384200245141983 -0.03728107362985611
v -0.01703742891550064 0.021660717204213142 -0.03739118203520775
v -0.019036414101719856 0.021509597077965736 -0.03640062361955643
v -0.01976822502911091 0.022233329713344574 -0.03628897666931152
v -0.020035848021507263 0.023221835494041443 -0.03613723814487457
v -0.0012875651009380817 0.04727976769208908 -0.03621327131986618
v -0.0007570020970888436 0.04675506800413132 -0.03629421070218086
v -3.2066051062429324e-05 0.04656291753053665 -0.0363243967294693
v 0.0006929970695637167 0.04675482213497162 -0.03629573434591293
v 0.001223907107487321 0.047279343008995056 -0.03621590510010719
v 0.0014184071915224195 0.04799594730138779 -0.03610629960894585
v 0.0012243811506778002 0.04871261492371559 -0.03599628806114197
v 0.000693818146828562 0.049237318336963654 -0.035915348678827286
v -3.111789555987343e-05 0.04942946508526802 -0.03588516265153885
v -0.0007561809616163373 0.04923756420612335 -0.035913825035095215
v -0.0012870910577476025 0.048713043332099915 -0.035993654280900955
v -0.001481591141782701 0.047996439039707184 -0.036103256046772
v -3.111789555987343e-05 0.04942946508526802 -0.03588516265153885
v -3.195652971044183e-05 0.05082586780190468 -0.036910492926836014
v -3.2066051062429324e-05 0.04656291753053665 -0.0363243967294693
v -3.3806103601818904e-05 0.045474812388420105 -0.03780629485845566
v -0.024828404188156128 -0.017985200509428978 -0.0461895726621151
v -0.024297494441270828 -0.01746067777276039 -0.04610974341630936
v -0.024102993309497833 -0.01674407348036766 -0.04600014165043831
v -0.024297019466757774 -0.016027405858039856 -0.04589012637734413
v -0.024827582761645317 -0.01550270151346922 -0.04580918699502945
v -0.025552518665790558 -0.015310554765164852 -0.04577900096774101
v -0.026277583092451096 -0.015502454712986946 -0.04580766335129738
v -0.026808492839336395 -0.016026977449655533 -0.04588749259710312
v -0.02700299210846424 -0.016743579879403114 -0.045997098088264465
v -0.0268089659512043 -0.017460251227021217 -0.046107109636068344
v -0.026278404518961906 -0.01798495464026928 -0.046188052743673325
v -0.025553466752171516 -0.018177099525928497 -0.04621823504567146
v -0.028229231014847755 -0.016557833179831505 -0.04720667749643326
v -0.024815326556563377 0.02155333384871483 -0.04013119265437126
v -0.024284416809678078 0.022077860310673714 -0.04005136340856552
v -0.024089915677905083 0.022794464603066444 -0.039941757917404175
v -0.024283941835165024 0.0235111303627491 -0.039831746369600296
v -0.024814505130052567 0.02403583563864231 -0.039750806987285614
v -0.025539441034197807 0.02422798052430153 -0.03972062095999718
v -0.026264503598213196 0.02403608337044716 -0.03974928334355354
v -0.026795413345098495 0.023511556908488274 -0.03982911258935928
v -0.02698991447687149 0.02279495634138584 -0.03993871435523033
v -0.02679588831961155 0.022078286856412888 -0.04004872962832451
v -0.026265325024724007 0.021553581580519676 -0.04012966901063919
v -0.025540389120578766 0.02136143669486046 -0.04015985503792763
v -0.028216153383255005 0.02298070304095745 -0.04114829748868942
v 0.024191005155444145 -0.01746891811490059 -0.04616062715649605
v 0.024721568450331688 -0.0179936233907938 -0.04624157026410103
v 0.02544650435447693 -0.018185768276453018 -0.04627175256609917
v 0.026171568781137466 -0.0179938692599535 -0.0462430939078331
v 0.026702478528022766 -0.017469346523284912 -0.04616326466202736
v 0.026896977797150612 -0.01675274223089218 -0.04605365917086601
v 0.02670295163989067 -0.016036072745919228 -0.045943647623062134
v 0.026172388345003128 -0.015511369332671165 -0.04586270451545715
v 0.025447452440857887 -0.015319222584366798 -0.045832522213459015
v 0.0247223898768425 -0.015511123463511467 -0.04586118459701538
v 0.0241914801299572 -0.016035646200180054 -0.04594101384282112
v 0.023996978998184204 -0.016752248629927635 -0.04605061560869217
v 0.0281207375228405 -0.016567412763834 -0.047265809029340744
v 0.024204084649682045 0.022069618105888367 -0.04010224714875221
v 0.02473464608192444 0.021544912829995155 -0.04018319025635719
v 0.02545958198606968 0.021352767944335938 -0.04021337255835533
v 0.026184646412730217 0.021544666960835457 -0.040184710174798965
v 0.026715556159615517 0.022069191560149193 -0.040104884654283524
v 0.026910055428743362 0.022785795852541924 -0.03999527916312218
v 0.02671602927148342 0.02350246161222458 -0.0398852676153183
v 0.026185467839241028 0.02402716688811779 -0.03980432450771332
v 0.025460530072450638 0.024219311773777008 -0.03977414220571518
v 0.02473546750843525 0.024027414619922638 -0.039802804589271545
v 0.02420455776154995 0.023502888157963753 -0.03988263010978699
v 0.024010056629776955 0.02278628759086132 -0.039992235600948334
v 0.02813381515443325 0.022971125319600105 -0.04120742902159691
v 0.007753496523946524 0.00613663112744689 -0.04353845492005348
v 0.0077526462264359 0.00356662692502141 -0.04393225163221359
v -0.005845841486006975 0.00811586994677782 -0.04322126507759094
v -4.4125383283244446e-05 0.00785740278661251 -0.04154696688055992
v 0.005754151847213507 0.00811389833688736 -0.043233439326286316
v -0.00784649420529604 0.00613928260281682 -0.04352208599448204
v -0.007847344502806664 0.003569278633221984 -0.04391587898135185
v 0.005751993972808123 0.0015900398138910532 -0.04423306882381439
v -4.628325768862851e-05 0.0013335441472008824 -0.042546596378088
v -0.005847999360412359 0.0015920114237815142 -0.04422089830040932
v 0.007485874462872744 0.007125138305127621 -0.04338671639561653
v 0.006754063535481691 0.007848870940506458 -0.04327506944537163
v -0.0075797224417328835 0.002580767497420311 -0.0440676212310791
v -0.006847911514341831 0.001857039169408381 -0.04417926445603371
v 0.006752080749720335 0.0018547276267781854 -0.044193536043167114
v 0.007484370842576027 0.0025782070588320494 -0.044083427637815475
v -0.006845928728580475 0.007851182483136654 -0.04326079785823822
v -0.0075782183557748795 0.007127698976546526 -0.04337090626358986
v 0.006977573502808809 0.009576450102031231 -0.038255732506513596
v 0.007709863595664501 0.010299929417669773 -0.03814562410116196
v 0.008709950372576714 0.010564617812633514 -0.03810609132051468
v 0.009709862992167473 0.010299589484930038 -0.03814772143959999
v 0.01044167298823595 0.009575861506164074 -0.038259368389844894
v 0.010709295980632305 0.008587350137531757 -0.038411106914281845
v 0.01044101919978857 0.007598934229463339 -0.038562286645174026
v 0.009708729572594166 0.006875454448163509 -0.038672395050525665
v 0.008708642795681953 0.006610766984522343 -0.03871192783117294
v 0.0077087306417524815 0.006875794380903244 -0.03867029398679733
v 0.006976919714361429 0.007599522825330496 -0.03855865076184273
v 0.0067092981189489365 0.008588030003011227 -0.03840690851211548
v 0.007821789011359215 0.00909443199634552 -0.038330454379320145
v 0.007684296928346157 0.008587864227592945 -0.038407932966947556
v 0.007821453735232353 0.008081254549324512 -0.038485702127218246
v 0.008196506649255753 0.00771034462377429 -0.03854291886091232
v 0.008708961308002472 0.00757451681420207 -0.038564253598451614
v 0.009221506305038929 0.007710170466452837 -0.03854399174451828
v 0.009596805088222027 0.008080952800810337 -0.03848756477236748
v 0.00973429623991251 0.008587515912950039 -0.038410086184740067
v 0.009597140364348888 0.009094130247831345 -0.038332317024469376
v 0.009222086519002914 0.00946503970772028 -0.0382751002907753
v 0.008709631860256195 0.0096008675172925 -0.03825376182794571
v 0.008197086863219738 0.009465213865041733 -0.038274023681879044
v -0.010522415861487389 0.009579424746334553 -0.03823736682534218
v -0.009790127165615559 0.010302904061973095 -0.03812725841999054
v -0.008790039457380772 0.010567591525614262 -0.03808772563934326
v -0.007790127769112587 0.01030256412923336 -0.03812935948371887
v -0.007058316376060247 0.009578836150467396 -0.03824100270867348
v -0.006790694780647755 0.00859032478183508 -0.038392744958400726
v -0.007058970630168915 0.007601908873766661 -0.03854392096400261
v -0.007791260257363319 0.006878429092466831 -0.03865402936935425
v -0.008791347034275532 0.006613741163164377 -0.038693562150001526
v -0.009791259653866291 0.006878769025206566 -0.038651932030916214
v -0.010523069649934769 0.007602497469633818 -0.03854028508067131
v -0.010790692642331123 0.008591004647314548 -0.03838854655623436
v -0.009678125381469727 0.009327900595963001 -0.03827677294611931
v -0.00981561653316021 0.0088213374838233 -0.03835425153374672
v -0.009678460657596588 0.008314726874232292 -0.03843201696872711
v -0.009303407743573189 0.007943813689053059 -0.03848923370242119
v -0.008790952153503895 0.00780798913910985 -0.03851057216525078
v -0.008278407156467438 0.007943639531731606 -0.038490310311317444
v -0.007903109304606915 0.008314425125718117 -0.03843387961387634
v -0.007765617687255144 0.008820988237857819 -0.03835640102624893
v -0.007902774028480053 0.009327598847448826 -0.03827863559126854
v -0.008277826942503452 0.00969851203262806 -0.038221415132284164
v -0.008790282532572746 0.009834337048232555 -0.03820008039474487
v -0.009302826598286629 0.009698686189949512 -0.03822034224867821
v 0.017451921477913857 0.0240929014980793 -0.03604213148355484
v 0.01707662269473076 0.02372211590409279 -0.03609856218099594
v 0.016939131543040276 0.023215550929307938 -0.03617604076862335
v 0.017076287418603897 0.022708941251039505 -0.036253806203603745
v 0.017451340332627296 0.022338028997182846 -0.03631102293729782
v 0.017963794991374016 0.022202203050255775 -0.03633236140012741
v 0.018476340919733047 0.02233785390853882 -0.03631209954619408
v 0.018851637840270996 0.02270863950252533 -0.036255668848752975
v 0.01898912899196148 0.02321520261466503 -0.036178190261125565
v 0.018851973116397858 0.023721814155578613 -0.03610042482614517
v 0.01847692020237446 0.024092726409435272 -0.0360432043671608
v 0.01796446554362774 0.024228554219007492 -0.036021869629621506
v -0.018548060208559036 0.024099020287394524 -0.03600435331463814
v -0.018923357129096985 0.023728234693408012 -0.03606078401207924
v -0.019060848280787468 0.02322166971862316 -0.03613826259970665
v -0.018923692405223846 0.02271506004035473 -0.03621602803468704
v -0.018548639491200447 0.02234414778649807 -0.03627324476838112
v -0.01803618296980858 0.022208321839571 -0.03629458323121071
v -0.017523638904094696 0.022343972697854042 -0.036274321377277374
v -0.017148341983556747 0.022714758291840553 -0.03621789067983627
v -0.017010850831866264 0.023221321403980255 -0.03614041209220886
v -0.017148006707429886 0.023727932944893837 -0.03606264665722847
v -0.017523059621453285 0.024098845198750496 -0.036005426198244095
v -0.018035514280200005 0.024234673008322716 -0.0359840914607048
v 0.01621704176068306 -0.022253645583987236 -0.04314243420958519
v 0.016949331387877464 -0.021530164405703545 -0.04303232580423355
v 0.017949417233467102 -0.02126547507941723 -0.04299279302358627
v 0.018949327990412712 -0.021530503407120705 -0.043034426867961884
v 0.019681140780448914 -0.022254234179854393 -0.04314607009291649
v 0.01994876191020012 -0.02324274368584156 -0.04329781234264374
v 0.019680486992001534 -0.024231160059571266 -0.04344898834824562
v 0.01894819550216198 -0.024954641237854958 -0.04355909675359726
v 0.017948109656572342 -0.025219328701496124 -0.043598633259534836
v 0.016948198899626732 -0.024954302236437798 -0.043556999415159225
v 0.01621638797223568 -0.02423057146370411 -0.04344535619020462
v 0.015948764979839325 -0.02324206382036209 -0.04329361394047737
v 0.017061255872249603 -0.02273566462099552 -0.04321715980768204
v 0.01692376472055912 -0.023242229595780373 -0.04329463839530945
v 0.01706092059612274 -0.023748839274048805 -0.04337240383028984
v 0.01743597351014614 -0.024119751527905464 -0.04342962056398392
v 0.01794842816889286 -0.024255577474832535 -0.04345095902681351
v 0.018460974097251892 -0.024119924753904343 -0.04343069717288017
v 0.01883627101778984 -0.02374914102256298 -0.04337426647543907
v 0.018973762169480324 -0.02324257791042328 -0.04329678788781166
v 0.018836606293916702 -0.022735966369509697 -0.04321902245283127
v 0.018461553379893303 -0.022365054115653038 -0.04316180199384689
v 0.017949098721146584 -0.022229228168725967 -0.0431404672563076
v 0.0174365546554327 -0.02236488088965416 -0.043160729110240936
v -0.019782938063144684 -0.022247526794672012 -0.04310465604066849
v -0.01905064843595028 -0.02152404375374317 -0.04299454763531685
v -0.018050560727715492 -0.021259356290102005 -0.04295501485466957
v -0.01705065183341503 -0.02152438461780548 -0.04299664869904518
v -0.01631883904337883 -0.02224811539053917 -0.043108291923999786
v -0.016051217913627625 -0.023236623033881187 -0.043260034173727036
v -0.01631949283182621 -0.024225041270256042 -0.04341121017932892
v -0.017051784321665764 -0.024948522448539734 -0.04352131858468056
v -0.018051868304610252 -0.0252132099121809 -0.043560851365327835
v -0.01905178092420101 -0.024948183447122574 -0.04351922124624252
v -0.019783591851592064 -0.024224452674388885 -0.04340757429599762
v -0.02005121484398842 -0.023235943168401718 -0.04325583577156067
v -0.01893872395157814 -0.022729545831680298 -0.04317937791347504
v -0.019076215103268623 -0.02323610894382 -0.043256860226392746
v -0.018939059227705002 -0.02374272048473358 -0.04333462566137314
v -0.018564006313681602 -0.02411363273859024 -0.043391842395067215
v -0.018051549792289734 -0.02424945868551731 -0.043413180857896805
v -0.01753900572657585 -0.02411380596458912 -0.04339291900396347
v -0.017163708806037903 -0.023743022233247757 -0.04333648830652237
v -0.01702621765434742 -0.023236459121108055 -0.04325900971889496
v -0.01716337352991104 -0.022729847580194473 -0.043181244283914566
v -0.01753842644393444 -0.022358935326337814 -0.04312402382493019
v -0.01805087924003601 -0.022223107516765594 -0.0431026890873909
v -0.018563425168395042 -0.022358762100338936 -0.043122950941324234
v 0.0169657152146101 0.031212694942951202 -0.03596235439181328
v 0.016966063529253006 0.03226317837834358 -0.035801392048597336
v -0.01703391969203949 0.0322689563035965 -0.03576571121811867
v -0.017034268006682396 0.031218472868204117 -0.03592667356133461
v -0.013241359032690525 0.0223836787045002 -0.03728428855538368
v -3.9221125916810706e-05 0.022684354335069656 -0.039275072515010834
v 0.013166963122785091 0.022379189729690552 -0.03731200098991394
v -0.007030655164271593 0.042151886969804764 -0.034261610358953476
v -3.2682117307558656e-05 0.042453616857528687 -0.036245882511138916
v 0.006969337351620197 0.042149510234594345 -0.03427630290389061
v 0.01761041395366192 0.027717838063836098 -0.03649852052330971
v 0.016477636992931366 0.03531778231263161 -0.03533283993601799
v 0.015058155171573162 0.03807354345917702 -0.03490912914276123
v 0.012846562080085278 0.040260713547468185 -0.03457173332571983
v 0.015208134427666664 0.022170722484588623 -0.03734603524208069
v -0.015282668173313141 0.022175906226038933 -0.0373140387237072
v -0.01768127828836441 0.02772383578121662 -0.0364614874124527
v 0.010059344582259655 0.041665200144052505 -0.034353673458099365
v -0.010120983235538006 0.04166863113641739 -0.03433249518275261
v -0.01290912926197052 0.04026509076356888 -0.034544702619314194
v -0.016543474048376083 0.03532339632511139 -0.035298191010951996
v -0.015122168697416782 0.038078673183918 -0.034877460449934006
v -0.018040582537651062 0.02393043227493763 -0.040766023099422455
v -0.017347145825624466 0.024252895265817642 -0.040231022983789444
v -0.017639871686697006 0.024542389437556267 -0.04018636792898178
v -0.017240099608898163 0.023857491090893745 -0.040291719138622284
v -0.018439872190356255 0.02454252541065216 -0.04018552601337433
v -0.018732786178588867 0.024253129959106445 -0.040229570120573044
v -0.01803983561694622 0.024648400023579597 -0.04016971215605736
v -0.01873304694890976 0.023462360724806786 -0.040350738912820816
v -0.018440324813127518 0.02317287027835846 -0.04039539396762848
v -0.01884009689092636 0.023857763037085533 -0.040290042757987976
v -0.01764032430946827 0.023172734305262566 -0.04039623588323593
v -0.017347408458590508 0.023462124168872833 -0.040352191776037216
v -0.018040359020233154 0.02306685782968998 -0.0404120497405529
v -0.017236078158020973 0.02325543947517872 -0.036362580955028534
v -0.017343126237392426 0.023650841787457466 -0.036301884800195694
v -0.017635850235819817 0.02394033595919609 -0.03625722602009773
v -0.01803581416606903 0.02404634840786457 -0.03624057397246361
v -0.018435850739479065 0.023940471932291985 -0.03625638782978058
v -0.018728764727711678 0.02365107648074627 -0.036300431936979294
v -0.01883607544004917 0.023255711421370506 -0.03636090084910393
v -0.01872902736067772 0.02286030724644661 -0.03642159700393677
v -0.018436303362250328 0.022570816799998283 -0.03646625578403473
v -0.018036337569355965 0.022464806213974953 -0.036482907831668854
v -0.01763630285859108 0.02257068082690239 -0.03646709397435188
v -0.017343387007713318 0.022860072553157806 -0.03642304986715317
v 0.017959395423531532 0.023924313485622406 -0.04080380126833916
v 0.01865283213555813 0.02424677461385727 -0.040268801152706146
v 0.018360108137130737 0.024536270648241043 -0.04022414609789848
v 0.01875988021492958 0.02385137230157852 -0.040329497307538986
v 0.01756010763347149 0.024536406621336937 -0.04022330418229103
v 0.017267191782593727 0.02424701116979122 -0.040267348289489746
v 0.017960142344236374 0.024642281234264374 -0.04020749032497406
v 0.017266931012272835 0.023456241935491562 -0.04038851708173752
v 0.017559655010700226 0.023166751489043236 -0.04043317213654518
v 0.017159882932901382 0.02385164424777031 -0.04032782092690468
v 0.018359655514359474 0.023166615515947342 -0.040434014052152634
v 0.018652569502592087 0.02345600537955761 -0.04038996994495392
v 0.01795961894094944 0.023060739040374756 -0.040449827909469604
v 0.01876390166580677 0.023249320685863495 -0.036400359123945236
v 0.01865685172379017 0.023644722998142242 -0.036339662969112396
v 0.018364129588007927 0.023934217169880867 -0.036295004189014435
v 0.017964163795113564 0.024040229618549347 -0.03627835214138031
v 0.01756412908434868 0.02393435314297676 -0.03629416599869728
v 0.017271213233470917 0.023644957691431046 -0.036338210105895996
v 0.017163904383778572 0.023249592632055283 -0.03639867901802063
v 0.017270950600504875 0.022854188457131386 -0.03645937517285347
v 0.017563676461577415 0.02256469801068306 -0.03650403395295143
v 0.01796364039182663 0.02245868742465973 -0.036520686000585556
v 0.018363676965236664 0.022564562037587166 -0.036504872143268585
v 0.018656590953469276 0.022853953763842583 -0.03646083176136017
v 0.008704561740159988 0.009296626783907413 -0.04303569719195366
v 0.009397998452186584 0.009619091637432575 -0.04250069707632065
v 0.009105274453759193 0.009908583015203476 -0.04245603829622269
v 0.009505047462880611 0.00922368559986353 -0.04256139323115349
v 0.00830527488142252 0.00990871898829937 -0.04245520010590553
v 0.008012359030544758 0.009619327262043953 -0.04249924048781395
v 0.008705309592187405 0.010014594532549381 -0.04243938624858856
v 0.008012097328901291 0.008828554302453995 -0.04262040928006172
v 0.008304821327328682 0.008539063856005669 -0.04266506806015968
v 0.007905049249529839 0.009223957546055317 -0.04255971312522888
v 0.00910482183098793 0.008538927882909775 -0.04266590625047684
v 0.009397736750543118 0.008828318677842617 -0.04262186586856842
v 0.00870478618890047 0.008433052338659763 -0.04268172010779381
v 0.009509067982435226 0.008621633052825928 -0.03863225132226944
v 0.009402019903063774 0.009017039090394974 -0.0385715551674366
v 0.009109295904636383 0.009306530468165874 -0.03852690011262894
v 0.008709331043064594 0.00941254198551178 -0.038510244339704514
v 0.008309295400977135 0.009306666441261768 -0.038526058197021484
v 0.008016380481421947 0.009017274715006351 -0.0385701023042202
v 0.007909069769084454 0.008621904999017715 -0.03863057494163513
v 0.00801611877977848 0.008226501755416393 -0.03869127109646797
v 0.008308842778205872 0.007937011308968067 -0.038735926151275635
v 0.00870880763977766 0.007830999791622162 -0.03875258192420006
v 0.009108842350542545 0.007936875335872173 -0.03873676806688309
v 0.009401758201420307 0.008226266130805016 -0.03869272395968437
v -0.008795351721346378 0.009530099108815193 -0.04298201575875282
v -0.008101915009319782 0.009852561168372631 -0.04244701564311981
v -0.008394639007747173 0.010142051614820957 -0.04240235686302185
v -0.00799486692994833 0.009457157924771309 -0.04250771179795265
v -0.009194639511406422 0.010142187587916851 -0.0424015186727047
v -0.009487554430961609 0.009852796792984009 -0.04244555905461311
v -0.008794603869318962 0.010248063132166862 -0.042385704815387726
v -0.009487816132605076 0.009062026627361774 -0.042566727846860886
v -0.009195092134177685 0.00877253245562315 -0.04261138662695885
v -0.009594865143299103 0.009457429870963097 -0.042506031692028046
v -0.008395092561841011 0.008772396482527256 -0.042612224817276
v -0.00810217671096325 0.009061791934072971 -0.042568180710077286
v -0.008795127272605896 0.008666524663567543 -0.04262803867459297
v -0.00799084547907114 0.008855105377733707 -0.038578569889068604
v -0.008097894489765167 0.00925050862133503 -0.038517873734235764
v -0.008390618488192558 0.009539999067783356 -0.0384732149541378
v -0.008790583349764347 0.009646010585129261 -0.03845656290650368
v -0.009190618060529232 0.00954013504087925 -0.03847237676382065
v -0.009483533911406994 0.009250744245946407 -0.03851642087101936
v -0.009590843692421913 0.008855377323925495 -0.038576889783144
v -0.00948379561305046 0.008459974080324173 -0.03863758593797684
v -0.00919107161462307 0.008170479908585548 -0.0386822447180748
v -0.008791106753051281 0.008064472116529942 -0.03869889676570892
v -0.008391071110963821 0.008170343935489655 -0.03868308290839195
v -0.008098156191408634 0.008459738455712795 -0.038639042526483536
v 0.008701619692146778 0.0004004562215413898 -0.04439883306622505
v 0.009395056404173374 0.0007229180773720145 -0.04386383295059204
v 0.009102332405745983 0.001012412365525961 -0.04381917417049408
v 0.009502104483544827 0.00032751518301665783 -0.04392452910542488
v 0.008302331902086735 0.0010125483386218548 -0.043818335980176926
v 0.008009416982531548 0.0007231535855680704 -0.04386238008737564
v 0.008702367544174194 0.0011184205068275332 -0.043802522122859955
v 0.00800915528088808 -6.761577242286876e-05 -0.043983545154333115
v 0.008301879279315472 -0.00035710641532205045 -0.044028203934431076
v 0.007902106270194054 0.00032778712920844555 -0.043922848999500275
v 0.009101878851652145 -0.0003572423884179443 -0.04402904212474823
v 0.009394794702529907 -6.785128789488226e-05 -0.04398500174283981
v 0.00870184414088726 -0.0004631182237062603 -0.0440448559820652
v 0.009506125934422016 -0.000274537451332435 -0.03999538719654083
v 0.00939907692372799 0.00012086544302292168 -0.03993469104170799
v 0.009106352925300598 0.00041035976028069854 -0.03989003598690033
v 0.00870638806372881 0.0005163679015822709 -0.039873380213975906
v 0.008306353352963924 0.0004104957333765924 -0.03988919407129288
v 0.008013437502086163 0.0001211009657708928 -0.03993323817849159
v 0.007906127721071243 -0.0002742655051406473 -0.039993710815906525
v 0.008013175800442696 -0.0006696684285998344 -0.040054406970739365
v 0.008305899798870087 -0.0009591590496711433 -0.04009906202554703
v 0.008705864660441875 -0.0010651708580553532 -0.04011571779847145
v 0.009105900302529335 -0.0009592950227670372 -0.04009990394115448
v 0.009398815222084522 -0.0006699039367958903 -0.040055859833955765
v 0.009594197385013103 0.00019795603293459862 -0.03969545289874077
v 0.009219144470989704 0.0005688692326657474 -0.03963823616504669
v 0.00870668888092041 0.0007046937826089561 -0.0396168977022171
v 0.008194144815206528 0.0005690434481948614 -0.039637159556150436
v 0.00781884603202343 0.00019825779600068927 -0.03969359025359154
v 0.0076813544146716595 -0.00030830572359263897 -0.03977106884121895
v 0.007818510755896568 -0.0008149159257300198 -0.03984883800148964
v 0.008193563669919968 -0.0011858291691169143 -0.039906054735183716
v 0.008706019259989262 -0.001321653719060123 -0.03992738947272301
v 0.009218564257025719 -0.0011860033264383674 -0.03990713134407997
v 0.009593862108886242 -0.0008152176742441952 -0.03985070064663887
v 0.009731353260576725 -0.000308654154650867 -0.03977322205901146
v -0.008798371069133282 0.0004034306912217289 -0.044380467385053635
v -0.008104934357106686 0.0007258925470523536 -0.043845467269420624
v -0.008397658355534077 0.001015386893413961 -0.04380080848932266
v -0.007997885346412659 0.00033048965269699693 -0.043906163424253464
v -0.00919765792787075 0.0010155228665098548 -0.04379997029900551
v -0.009490573778748512 0.0007261280552484095 -0.043844014406204224
v -0.008797623217105865 0.0011213950347155333 -0.04378415644168854
v -0.00949083548039198 -6.464130274252966e-05 -0.043965183198451996
v -0.009198111481964588 -0.00035413194564171135 -0.04400983825325966
v -0.009597883559763432 0.00033076159888878465 -0.043904487043619156
v -0.00839811097830534 -0.0003542679187376052 -0.04401068016886711
v -0.008105195127427578 -6.487681821454316e-05 -0.043966636061668396
v -0.008798145689070225 -0.0004601437540259212 -0.04402649402618408
v -0.007993864826858044 -0.0002715629816520959 -0.039977025240659714
v -0.008100912906229496 0.00012383991270326078 -0.039916329085826874
v -0.008393636904656887 0.00041333422996103764 -0.03987167030572891
v -0.008793601766228676 0.00051934237126261 -0.03985501825809479
v -0.009193637408316135 0.0004134702030569315 -0.03987082839012146
v -0.009486552327871323 0.0001240754354512319 -0.039914872497320175
v -0.009593863040208817 -0.0002712910354603082 -0.03997534513473511
v -0.00948681402951479 -0.0006666939589194953 -0.04003604128956795
v -0.009194090031087399 -0.0009561845799908042 -0.04008070006966591
v -0.00879412516951561 -0.001062196446582675 -0.040097352117300034
v -0.008394090458750725 -0.0009563205530866981 -0.04008153825998306
v -0.008101174607872963 -0.0006669294671155512 -0.04003749415278435
v -0.007905792444944382 0.00020093050261493772 -0.03967708721756935
v -0.008280845358967781 0.0005718437023460865 -0.039619870483875275
v -0.008793300949037075 0.0007076682522892952 -0.03959853574633598
v -0.009305845946073532 0.0005720179178752005 -0.03961879387497902
v -0.009681143797934055 0.00020123226568102837 -0.03967522457242012
v -0.009818634949624538 -0.00030533125391229987 -0.03975270316004753
v -0.009681479074060917 -0.0008119414560496807 -0.03983047232031822
v -0.009306426160037518 -0.0011828546412289143 -0.0398876890540123
v -0.008793971501290798 -0.001318679191172123 -0.03990902751684189
v -0.008281426504254341 -0.0011830289149656892 -0.039888765662908554
v -0.007906127721071243 -0.0008122432045638561 -0.03983233496546745
v -0.00776863656938076 -0.00030567971407435834 -0.03975485637784004
v -0.018055949360132217 -0.02252734825015068 -0.04788462072610855
v -0.01736251264810562 -0.022204885259270668 -0.04734962061047554
v -0.01765523850917816 -0.021915392950177193 -0.04730496555566788
v -0.017255466431379318 -0.022600289434194565 -0.04741031676530838
v -0.01845523901283741 -0.0219152569770813 -0.047304123640060425
v -0.018748153001070023 -0.022204648703336716 -0.04734816774725914
v -0.018055202439427376 -0.021809382364153862 -0.047288309782743454
v -0.018748413771390915 -0.022995421662926674 -0.04746933653950691
v -0.018455691635608673 -0.023284912109375 -0.047513991594314575
v -0.018855463713407516 -0.022600017488002777 -0.04740864038467407
v -0.017655691131949425 -0.023285048082470894 -0.04751483350992203
v -0.017362775281071663 -0.022995656356215477 -0.04747078940272331
v -0.01805572584271431 -0.02339092269539833 -0.047530647367239
v -0.01725144498050213 -0.02320234104990959 -0.04348117858171463
v -0.01735849305987358 -0.022806936874985695 -0.04342048242688179
v -0.017651217058300972 -0.02251744642853737 -0.04337582364678383
v -0.018051180988550186 -0.02241143397986889 -0.043359171599149704
v -0.01845121756196022 -0.022517310455441475 -0.043374985456466675
v -0.018744131550192833 -0.022806702181696892 -0.04341902583837509
v -0.018851442262530327 -0.023202069103717804 -0.043479498475790024
v -0.018744394183158875 -0.0235974732786417 -0.043540194630622864
v -0.018451670184731483 -0.023886965587735176 -0.043584853410720825
v -0.01805170439183712 -0.023992976173758507 -0.04360150545835495
v -0.017651669681072235 -0.02388710156083107 -0.04358569160103798
v -0.017358753830194473 -0.023597709834575653 -0.043541647493839264
v 0.017944028601050377 -0.022533467039465904 -0.04792239889502525
v 0.018637465313076973 -0.02221100404858589 -0.04738739877939224
v 0.018344741314649582 -0.021921511739492416 -0.04734274372458458
v 0.018744515255093575 -0.02260640822350979 -0.04744809493422508
v 0.017544742673635483 -0.021921375766396523 -0.04734190180897713
v 0.01725182496011257 -0.02221076935529709 -0.04738594591617584
v 0.01794477552175522 -0.021815501153469086 -0.047326087951660156
v 0.01725156418979168 -0.023001540452241898 -0.047507114708423615
v 0.01754428818821907 -0.023291030898690224 -0.04755176976323128
v 0.017144516110420227 -0.022606136277318 -0.047446418553590775
v 0.01834428869187832 -0.023291166871786118 -0.04755261167883873
v 0.01863720268011093 -0.0230017751455307 -0.047508567571640015
v 0.017944252118468285 -0.023397041484713554 -0.0475684255361557
v 0.018748534843325615 -0.023208459839224815 -0.04351895675063133
v 0.018641484901309013 -0.022813057526946068 -0.04345826059579849
v 0.01834876276552677 -0.022523565217852592 -0.04341360181570053
v 0.017948796972632408 -0.022417552769184113 -0.043396949768066406
v 0.017548762261867523 -0.0225234292447567 -0.04341276362538338
v 0.01725584641098976 -0.022812820971012115 -0.04345680773258209
v 0.017148537561297417 -0.023208187893033028 -0.043517276644706726
v 0.01725558377802372 -0.023603592067956924 -0.043577972799539566
v 0.01754830963909626 -0.0238930843770504 -0.04362263157963753
v 0.017948273569345474 -0.02399909496307373 -0.04363928362727165
v 0.01834831014275551 -0.023893220350146294 -0.04362346976995468
v 0.01864122413098812 -0.023603828623890877 -0.043579429388046265
v -0.009765181690454483 -0.016794802621006966 -0.04227939993143082
v -0.007824075408279896 -0.019632261246442795 -0.04271616414189339
v -0.00506723253056407 -0.021707527339458466 -0.04303697496652603
v -0.001783840823918581 -0.02280290611088276 -0.04320817440748215
v 0.0016816769493743777 -0.022803494706749916 -0.043211814016103745
v 0.004965792875736952 -0.021709231659770012 -0.043047502636909485
v 0.007724008522927761 -0.019634904339909554 -0.04273248091340065
v 0.009666991420090199 -0.016798105090856552 -0.0422997921705246
v 0.009851173497736454 -0.015970058739185333 -0.042173102498054504
v 0.009855546988546848 -0.0027454921510070562 -0.04014673829078674
v -0.005329536274075508 -0.00030609426903538406 -0.039757415652275085
v -4.667559915105812e-05 0.00014738641039002687 -0.042728349566459656
v 0.005242254119366407 -0.00030789116863161325 -0.039768509566783905
v -0.00994881521910429 -0.015966694802045822 -0.042152322828769684
v -0.009944441728293896 -0.002742126816883683 -0.04012595862150192
v -0.010053461417555809 -0.002097708871588111 -0.04002710431814194
v -0.006329447962343693 -4.1066567064262927e-05 -0.039715781807899475
v 0.006242341361939907 -4.320339212426916e-05 -0.03972897678613663
v 0.009964993223547935 -0.0021011114586144686 -0.04004811495542526
v 0.02826056070625782 0.022709835320711136 -0.03950246423482895
v 0.02825894206762314 0.02295217104256153 -0.04108400270342827
v 0.02755146101117134 0.02917698584496975 -0.040129467844963074
v 0.027553079649806023 0.028934650123119354 -0.038547925651073456
v 0.0254603773355484 0.035089898854494095 -0.03922130540013313
v 0.025461995974183083 0.03484756126999855 -0.037639763206243515
v 0.022090544924139977 0.04039442539215088 -0.03840505704283714
v 0.022092163562774658 0.040152087807655334 -0.036823514848947525
v 0.0176109429448843 0.04482455924153328 -0.0377216562628746
v 0.017612561583518982 0.044582221657037735 -0.036140114068984985
v 0.01224619708955288 0.048158157616853714 -0.03720536455512047
v 0.012247815728187561 0.04791582003235817 -0.03562382236123085
v 0.006265317555516958 0.05022807419300079 -0.036882076412439346
v 0.00626693619415164 0.04998573660850525 -0.03530053421854973
v -3.178921542712487e-05 0.05093050003051758 -0.036768000572919846
v -3.017073504452128e-05 0.050688162446022034 -0.03518645837903023
v -0.006329359952360392 0.05023021250963211 -0.0368688590824604
v -0.006327741779386997 0.049987878650426865 -0.035287316888570786
v -0.012311608530580997 0.04816232994198799 -0.03717959299683571
v -0.012309989891946316 0.04791999235749245 -0.03559805452823639
v -0.017678558826446533 0.0448305569589138 -0.03768462315201759
v -0.01767694018781185 0.04458822309970856 -0.036103080958127975
v -0.02216109074652195 0.040401946753263474 -0.038358621299266815
v -0.022159472107887268 0.04015960916876793 -0.0367770791053772
v -0.025534432381391525 0.035098567605018616 -0.03916779160499573
v -0.025532813742756844 0.03485623002052307 -0.03758624941110611
v -0.0276294257491827 0.029186364263296127 -0.04007156193256378
v -0.02762780897319317 0.028944028541445732 -0.038490019738674164
v -0.028341026976704597 0.02296179160475731 -0.04102460667490959
v -0.028339408338069916 0.022719455882906914 -0.03944306820631027
v -0.028354575857520103 -0.018000133335590363 -0.04730109125375748
v -0.028357962146401405 -0.028240613639354706 -0.04887021332979202
v -0.028356343507766724 -0.0284829493612051 -0.047288671135902405
v -0.0283444132655859 0.012721308507025242 -0.04259372875094414
v -0.02834780141711235 0.002480829134583473 -0.044162850826978683
v -0.028351187705993652 -0.007759652566164732 -0.04573196917772293
v 0.02824200689792633 -0.028250234201550484 -0.0489296093583107
v 0.028243625536561012 -0.02849256992340088 -0.04734806716442108
v 0.028255555778741837 0.012711688876152039 -0.042653124779462814
v 0.028245393186807632 -0.01800975389778614 -0.047360487282276154
v 0.028248781338334084 -0.0077692726626992226 -0.04579136520624161
v 0.028252167627215385 0.002471208805218339 -0.04422224685549736
v -3.017073504452128e-05 0.050688162446022034 -0.03518645837903023
v -3.0033816074137576e-05 0.050460174679756165 -0.03501905873417854
v -3.178921542712487e-05 0.05093050003051758 -0.036768000572919846
v -3.195652971044183e-05 0.05082586780190468 -0.036910492926836014
v -0.001683811191469431 -0.013330342248082161 -0.026581743732094765
v -0.0015465818578377366 -0.013177062384784222 -0.026558397337794304
v -0.0019045205553993583 -0.013000627979636192 -0.026530995965003967
v -0.0015052621020004153 -0.012976506724953651 -0.026527708396315575
v -0.0015709232538938522 -0.012782413512468338 -0.02649790048599243
v -0.0022381178569048643 -0.013218841515481472 -0.026564091444015503
v -0.002083069644868374 -0.013354463502764702 -0.026585031300783157
v -0.0018801792757585645 -0.013395275920629501 -0.02659149281680584
v -0.0021252299193292856 -0.012670912779867649 -0.02648024819791317
v -0.002262459136545658 -0.012824193574488163 -0.02650359459221363
v -0.002303779125213623 -0.013024749234318733 -0.02653428353369236
v -0.0017259714659303427 -0.012646791525185108 -0.026476960629224777
v -0.001928861835040152 -0.012605979107320309 -0.026470500975847244
v 0.001845168648287654 -0.013117136433720589 -0.026552686467766762
v 0.0019823978655040264 -0.012963853776454926 -0.02652933821082115
v 0.0016244592843577266 -0.012787419371306896 -0.026501938700675964
v 0.0020237176213413477 -0.012763298116624355 -0.02649865113198757
v 0.0019580565858632326 -0.012569204904139042 -0.02646884322166443
v 0.0012908618664368987 -0.0130056357011199 -0.0265350341796875
v 0.0014459100784733891 -0.01314125768840313 -0.026555974036455154
v 0.0016488005639985204 -0.013182070106267929 -0.026562433689832687
v 0.0014037499204277992 -0.012457704171538353 -0.026451190933585167
v 0.001266520586796105 -0.012610984966158867 -0.026474537327885628
v 0.0012252007145434618 -0.012811542488634586 -0.026505226269364357
v 0.0018030083738267422 -0.012433582916855812 -0.026447903364896774
v 0.001600117888301611 -0.012392770498991013 -0.026441441848874092
v 0.0020603169687092304 -0.016605371609330177 -0.02708739973604679
v 0.002197546185925603 -0.016452090814709663 -0.02706405334174633
v 0.001839607604779303 -0.01627565547823906 -0.027036651968955994
v 0.002238865941762924 -0.01625153422355652 -0.0270333644002676
v 0.002173204906284809 -0.016057441011071205 -0.027003556489944458
v 0.001506010303273797 -0.016493869945406914 -0.02706974744796753
v 0.0016610585153102875 -0.016629494726657867 -0.027090687304735184
v 0.0018639488844200969 -0.016670307144522667 -0.027097148820757866
v 0.0016188982408493757 -0.01594594120979309 -0.026985906064510345
v 0.0014816689072176814 -0.016099222004413605 -0.027009252458810806
v 0.0014403490349650383 -0.01629977859556675 -0.027039939537644386
v 0.0020181566942483187 -0.01592181995511055 -0.026982618495821953
v 0.0018152663251385093 -0.01588100753724575 -0.02697615697979927
v -0.0014686628710478544 -0.0168185792863369 -0.027116457000374794
v -0.00133143353741616 -0.016665298491716385 -0.027093110606074333
v -0.0016893722349777818 -0.01648886501789093 -0.027065711095929146
v -0.001290113665163517 -0.01646474376320839 -0.027062423527240753
v -0.0013557749334722757 -0.016270650550723076 -0.02703261561691761
v -0.002022969536483288 -0.016707079485058784 -0.027098804712295532
v -0.0018679213244467974 -0.01684270054101944 -0.027119744569063187
v -0.001665030955336988 -0.01688351295888424 -0.02712620608508587
v -0.0019100815989077091 -0.016159148886799812 -0.02701496332883835
v -0.0020473108161240816 -0.016312429681420326 -0.02703830972313881
v -0.0020886308047920465 -0.01651298627257347 -0.02706899866461754
v -0.0015108231455087662 -0.01613502763211727 -0.027011675760149956
v -0.0017137135146185756 -0.016094215214252472 -0.027005214244127274
v -0.002305700909346342 -0.012736975215375423 -0.028412362560629845
v -0.002264380920678377 -0.012536419555544853 -0.028381673619151115
v -0.0021271519362926483 -0.01238313876092434 -0.028358327224850655
v -0.001930783735588193 -0.012318205088376999 -0.02834857814013958
v -0.0017278933664783835 -0.012359017506241798 -0.028355039656162262
v -0.001572845154441893 -0.012494639493525028 -0.028375979512929916
v -0.0015071840025484562 -0.012688732706010342 -0.02840578742325306
v -0.0015485038748010993 -0.012889288365840912 -0.02843647450208664
v -0.0016857330920174718 -0.013042569160461426 -0.0284598208963871
v -0.0018821011763066053 -0.013107502833008766 -0.028469569981098175
v -0.0020849916618317366 -0.013066690415143967 -0.028463108465075493
v -0.002240039873868227 -0.012931068427860737 -0.02844216860830784
v 0.001223278813995421 -0.012523769401013851 -0.028383303433656693
v 0.001264598686248064 -0.012323211878538132 -0.028352616354823112
v 0.0014018279034644365 -0.012169931083917618 -0.02832926996052265
v 0.00159819598775357 -0.012104997411370277 -0.028319520875811577
v 0.0018010863568633795 -0.012145809829235077 -0.02832598239183426
v 0.0019561348017305136 -0.012281431816518307 -0.028346922248601913
v 0.0020217958372086287 -0.01247552502900362 -0.028376728296279907
v 0.0019804758485406637 -0.01267608068883419 -0.028407417237758636
v 0.001843246747739613 -0.012829363346099854 -0.028430763632059097
v 0.0016468785470351577 -0.012894297018647194 -0.028440512716770172
v 0.0014439881779253483 -0.012853484600782394 -0.02843405120074749
v 0.0012889399658888578 -0.01271786168217659 -0.028413111343979836
v 0.0014384271344169974 -0.016012005507946014 -0.02891801856458187
v 0.0014797470066696405 -0.01581144891679287 -0.028887329623103142
v 0.001616976223886013 -0.015658168122172356 -0.02886398322880268
v 0.0018133443081751466 -0.015593234449625015 -0.028854234144091606
v 0.0020162349101155996 -0.015634046867489815 -0.02886069566011429
v 0.00217128312215209 -0.01576966792345047 -0.028881635516881943
v 0.002236944157630205 -0.015963761135935783 -0.028911443427205086
v 0.0021956241689622402 -0.016164317727088928 -0.028942132368683815
v 0.0020583949517458677 -0.016317598521709442 -0.028965478762984276
v 0.0018620268674567342 -0.016382534056901932 -0.0289752259850502
v 0.0016591364983469248 -0.016341721639037132 -0.02896876633167267
v 0.0015040882863104343 -0.01620609685778618 -0.028947826474905014
v -0.0020905525889247656 -0.016225211322307587 -0.028947075828909874
v -0.0020492326002568007 -0.01602465659379959 -0.028916386887431145
v -0.0019120036158710718 -0.015871375799179077 -0.028893040493130684
v -0.0017156354151666164 -0.015806442126631737 -0.02888329327106476
v -0.001512745046056807 -0.015847254544496536 -0.02888975292444229
v -0.0013576968340203166 -0.01598287746310234 -0.028910692781209946
v -0.0012920356821268797 -0.016176968812942505 -0.02894050069153309
v -0.001333355437964201 -0.01637752540409565 -0.028971189633011818
v -0.0014705847715958953 -0.016530806198716164 -0.02899453602731228
v -0.0016669528558850288 -0.016595739871263504 -0.029004285112023354
v -0.0018698432249948382 -0.016554927453398705 -0.02899782359600067
v -0.0020248915534466505 -0.0164193045347929 -0.028976883739233017
v 0.003992431331425905 -0.0163352582603693 -0.02897016331553459
v 0.004457279574126005 -0.014079000800848007 -0.028624918311834335
v 0.003718591993674636 -0.011895456351339817 -0.028289582580327988
v 0.00244860234670341 -0.018059663474559784 -0.0292328093200922
v -0.0037873489782214165 -0.01680527999997139 -0.029034221544861794
v -0.002043055836111307 -0.018331032246351242 -0.02926979400217533
v 0.00023946068540681154 -0.018790168687701225 -0.02934248186647892
v -0.004061188083142042 -0.012365479953587055 -0.02835364267230034
v -0.004526036325842142 -0.014621736481785774 -0.028698887676000595
v 0.0019742988515645266 -0.01036970503628254 -0.02805401012301445
v -0.002517359098419547 -0.010641073808073997 -0.02809099480509758
v -0.0003082175680901855 -0.009910568594932556 -0.02798132225871086
v -0.004529172088950872 -0.014152211137115955 -0.031763121485710144
v -0.0040643238462507725 -0.011895954608917236 -0.03141787648200989
v -0.0025204948615282774 -0.010171548463404179 -0.031155230477452278
v -0.0003113533603027463 -0.009441043250262737 -0.03104555793106556
v 0.0019711630884557962 -0.00990017969161272 -0.031118245795369148
v 0.0037154562305659056 -0.011425931006669998 -0.03135381639003754
v 0.004454143811017275 -0.013609475456178188 -0.031689152121543884
v 0.003989295102655888 -0.015865731984376907 -0.03203439712524414
v 0.00244546658359468 -0.01759013906121254 -0.0322970449924469
v 0.00023632487864233553 -0.018320642411708832 -0.03240671753883362
v -0.0020461915992200375 -0.01786150597035885 -0.03233402967453003
v -0.003790484741330147 -0.016335755586624146 -0.03209845721721649
v 0.007379883900284767 -0.014976922422647476 -0.031901679933071136
v -0.0047075203619897366 -0.019682502374053 -0.03261033445596695
v -0.0019167845603078604 -0.021058106794953346 -0.032823968678712845
v 0.0011988942278549075 -0.021192697808146477 -0.03284778073430061
v 0.004100786987692118 -0.0200630035251379 -0.032677650451660156
v 0.006287129130214453 -0.017864355817437172 -0.03234299272298813
v -0.002784905955195427 -0.006983104161918163 -0.030666401609778404
v -0.005385860800743103 -0.00868445448577404 -0.03092443384230137
v -0.007062037941068411 -0.011284305714070797 -0.03132108971476555
v -0.007523610722273588 -0.01433312427252531 -0.03178777918219566
v -0.0066907694563269615 -0.017303738743066788 -0.03224381059408188
v 0.007448582444339991 -0.013428562320768833 -0.03166449815034866
v 0.007190102711319923 -0.011899969540536404 -0.03143000975251198
v 0.005750600714236498 -0.009165526367723942 -0.03100954368710518
v 0.003310281317681074 -0.007246403489261866 -0.03071298450231552
v 0.00029109761817380786 -0.006474436726421118 -0.030591608956456184
v 0.007438466884195805 -0.01191396452486515 -0.04154912754893303
v 0.007369768340140581 -0.013462324626743793 -0.0417863093316555
v 0.006277013570070267 -0.016349757090210915 -0.04222762584686279
v 0.004090671427547932 -0.018548404797911644 -0.04256227985024452
v 0.0011887786677107215 -0.01967809908092022 -0.04273241013288498
v -0.0019269001204520464 -0.019543509930372238 -0.04270860180258751
v -0.004717635922133923 -0.018167903646826744 -0.042494963854551315
v -0.0067008850164711475 -0.01578914001584053 -0.042128439992666245
v -0.007533726282417774 -0.012818526476621628 -0.04167240858078003
v -0.007072153501212597 -0.009769707918167114 -0.041205719113349915
v -0.005395976360887289 -0.00716985622420907 -0.040809065103530884
v -0.002795021515339613 -0.005468505900353193 -0.04055103287100792
v 0.00028098211623728275 -0.004959838464856148 -0.0404762402176857
v 0.0033001659903675318 -0.005731805693358183 -0.04059761390089989
v 0.005740485154092312 -0.007650928571820259 -0.04089417681097984
v 0.007179987151175737 -0.010385371744632721 -0.041314639151096344
v 2.8494800062617287e-05 -0.041400499641895294 0.03563280031085014
v -0.030752593651413918 -0.03673788532614708 0.0052698347717523575
v 0.030747372657060623 -0.036748338490724564 0.005205296445637941
v 0.024206914007663727 -0.03068884275853634 -0.03432639688253403
v -0.02429305948317051 -0.030680600553750992 -0.03427550196647644
v -0.03730914369225502 -0.041485030204057693 0.0362650603055954
v -0.037672244012355804 -0.04128049686551094 0.034931015223264694
v -0.039467185735702515 -0.042037490755319595 0.03987522050738335
v 0.03360927477478981 -0.031044594943523407 -0.03202497214078903
v 0.03262000530958176 -0.030894743278622627 -0.033000800758600235
v 0.03225690871477127 -0.030690211802721024 -0.03433484584093094
v 0.032617274671792984 -0.03048580139875412 -0.03566965088248253
v 0.033604543656110764 -0.03033628687262535 -0.036647554486989975
v 0.037192851305007935 -0.02858619950711727 -0.0480768196284771
v 0.03494223952293396 -0.02849450334906578 -0.048670388758182526
v 0.03495417535305023 -0.030281728133559227 -0.03700653091073036
v -0.03505771979689598 -0.028482606634497643 -0.048596933484077454
v -0.033695418387651443 -0.030324848368763924 -0.036576926708221436
v -0.03270615264773369 -0.030474700033664703 -0.03560109809041023
v -0.032343052327632904 -0.030679231509566307 -0.03426705300807953
v 0.034959640353918076 -0.031099611893296242 -0.031668830662965775
v -0.03227224573493004 -0.04128141701221466 0.034925349056720734
v -0.032635342329740524 -0.04107688367366791 0.03359130397439003
v -0.03362460806965828 -0.04092703387141228 0.03261547163128853
v -0.034974973648786545 -0.04087201505899429 0.03225933387875557
v 0.0363045409321785 -0.03033674694597721 -0.036650385707616806
v 0.03729381039738655 -0.03048659674823284 -0.0356745570898056
v 0.039446789771318436 -0.02917683683335781 -0.044227030128240585
v 0.03765690699219704 -0.030691130086779594 -0.0343405120074749
v 0.037364616990089417 -0.041088782250881195 0.03351784497499466
v 0.0377277173101902 -0.04129331186413765 0.03485189005732536
v -0.036319877952337265 -0.041634880006313324 0.0372408889234066
v -0.03504578396677971 -0.03026983141899109 -0.03693307191133499
v 0.03884163126349449 -0.028835950419306755 -0.04645043984055519
v 0.032327715307474136 -0.04129239544272423 0.034857556223869324
v 0.03268808498978615 -0.041087985038757324 0.03352275490760803
v -0.035040322691202164 -0.031087713316082954 -0.0315953753888607
v -0.039553169161081314 -0.029163409024477005 -0.044144127517938614
v -0.036395419389009476 -0.030324390158057213 -0.036574095487594604
v -0.03895255923271179 -0.028822727501392365 -0.0463688038289547
v -0.03730710968375206 -0.0285735372453928 -0.047998640686273575
v -0.03263261169195175 -0.041485823690891266 0.036260154098272324
v -0.03886202350258827 -0.04237837716937065 0.04209863021969795
v -0.037213243544101715 -0.042628128081560135 0.04372501000761986
v -0.034969512373209 -0.04168989881873131 0.03759703040122986
v -0.03496263548731804 -0.042719826102256775 0.044318582862615585
v -0.03361988067626953 -0.041635338217020035 0.03723805770277977
v 0.03367535024881363 -0.040938470512628555 0.03254484757781029
v 0.035024985671043396 -0.04088391363620758 0.0321858748793602
v -0.037379954010248184 -0.03088284656405449 -0.032927341759204865
v -0.03774305060505867 -0.030678313225507736 -0.03426138684153557
v -0.03738268464803696 -0.030473904684185982 -0.03559619188308716
v 0.036309272050857544 -0.031045053154230118 -0.03202780336141586
v 0.037296541035175323 -0.03089553862810135 -0.03300570696592331
v -0.032703422009944916 -0.03088364005088806 -0.03293224796652794
v -0.0336906872689724 -0.03103315643966198 -0.03195434808731079
v -0.03632460907101631 -0.04092657193541527 0.03261830657720566
v -0.03731187805533409 -0.041076090186834335 0.033596210181713104
v -0.03639068827033043 -0.03103269636631012 -0.03195151314139366
v 0.039532773196697235 -0.04205091670155525 0.03979231417179108
v 0.03736734762787819 -0.04149772226810455 0.03618669509887695
v 0.03893216326832771 -0.04239160194993019 0.04201699048280716
v 0.03638008236885071 -0.04164723679423332 0.0371645987033844
v 0.03728671744465828 -0.042640794068574905 0.043646831065416336
v 0.03503044694662094 -0.041701797395944595 0.03752357140183449
v 0.0350373275578022 -0.04273172467947006 0.044245123863220215
v 0.033680081367492676 -0.04164677858352661 0.03716743364930153
v 0.03269081562757492 -0.04149692878127098 0.036191605031490326
v 0.03637535125017166 -0.040938928723335266 0.032542016357183456
v -0.036321185529232025 -0.04558873549103737 0.03663505241274834
v -0.03497081995010376 -0.045643750578165054 0.036991190165281296
v -0.03886333107948303 -0.046332232654094696 0.04149278998374939
v -0.03505902737379074 -0.03243646025657654 -0.04920276999473572
v -0.031699031591415405 -0.0324370302259922 -0.04920629784464836
v -0.03168799355626106 -0.034089457243680954 -0.03842217102646828
v -0.004450534470379353 -0.04569437727332115 0.037255704402923584
v -0.003848062828183174 -0.046033747494220734 0.03946923092007637
v -0.013218414969742298 -0.04600943624973297 0.03933079540729523
v 0.022578079253435135 -0.03498169034719467 -0.03271637111902237
v 0.024219529703259468 -0.035230331122875214 -0.03109721466898918
v 0.013209243305027485 -0.03518456965684891 -0.03137211129069328
v -0.022666839882731438 -0.0342954620718956 -0.03709720820188522
v -0.02430829033255577 -0.03404682129621506 -0.03871636092662811
v -0.013298003934323788 -0.034092582762241364 -0.03844146803021431
v 0.03736604005098343 -0.0454515777528286 0.03558085858821869
v 0.03772640973329544 -0.045247167348861694 0.0342460498213768
v 0.03762155771255493 -0.0460180789232254 0.039277441799640656
v 0.03268950805068016 -0.04545078054070473 0.03558576479554176
v 0.033678773790597916 -0.045600634068250656 0.036561593413352966
v 0.03167156130075455 -0.04601706936955452 0.03928368538618088
v 0.03760213404893875 -0.04311005026102066 0.020298955962061882
v 0.037363309413194656 -0.04504263401031494 0.032912008464336395
v 0.032326407730579376 -0.04524625092744827 0.03425171971321106
v 0.03165213763713837 -0.04310904070734978 0.020305199548602104
v 0.03268677741289139 -0.04504184052348137 0.03291691467165947
v 0.0363740436732769 -0.04489278420805931 0.031936176121234894
v 0.035023678094148636 -0.044837769120931625 0.031580034643411636
v 0.03367404267191887 -0.0448923259973526 0.03193901106715202
v 0.03502913936972618 -0.04565564915537834 0.036917734891176224
v 0.03637877479195595 -0.04560109227895737 0.036558762192726135
v 0.03754196688532829 -0.034101225435733795 -0.03849481791257858
v 0.03765559941530228 -0.03464498370885849 -0.03494634851813316
v 0.03729250282049179 -0.03444045037031174 -0.036280397325754166
v 0.033603236079216 -0.034290142357349396 -0.03725339099764824
v 0.03159197047352791 -0.034100212156772614 -0.03848857432603836
v 0.03495286777615547 -0.03423558175563812 -0.037612367421388626
v 0.03630323335528374 -0.03429060056805611 -0.03725622594356537
v 0.032615967094898224 -0.034439656883478165 -0.03627548739314079
v 0.03225560113787651 -0.03464406728744507 -0.0349406823515892
v 0.03159923478960991 -0.03518769517540932 -0.031391408294439316
v 0.032618697732686996 -0.03484859690070152 -0.0336066372692585
v 0.03360796719789505 -0.03499844670295715 -0.032630808651447296
v 0.034958332777023315 -0.03505346551537514 -0.03227467089891434
v 0.036307964473962784 -0.03499890863895416 -0.032633643597364426
v 0.037549231201410294 -0.0351887047290802 -0.031397655606269836
v 0.03729523345828056 -0.034849394112825394 -0.033611543476581573
v -0.028788289055228233 -0.03404605761170387 -0.038711659610271454
v -0.030426423996686935 -0.034294143319129944 -0.037089064717292786
v -0.03102436289191246 -0.03463330864906311 -0.03487427905201912
v -0.03168073296546936 -0.03517693653702736 -0.03132500499486923
v -0.02532903291285038 -0.032438114285469055 -0.0492129810154438
v -0.026548895984888077 -0.03395553305745125 -0.03930729255080223
v -0.013309040106832981 -0.03244015574455261 -0.049225594848394394
v -0.01327414158731699 -0.03766551986336708 -0.015123625285923481
v -0.02430044114589691 -0.03522208333015442 -0.031046297401189804
v -0.013290741480886936 -0.03518006205558777 -0.031344301998615265
v -0.02266230806708336 -0.034974001348018646 -0.03266889601945877
v -0.022064367309212685 -0.03463483229279518 -0.03488368168473244
v -0.028780439868569374 -0.03522132337093353 -0.031041596084833145
v -0.02653983235359192 -0.03531261160969734 -0.030450664460659027
v -0.02529413439333439 -0.037663474678993225 -0.015111011452972889
v -0.030421892181038857 -0.03497268259525299 -0.03266075253486633
v -0.031664133071899414 -0.03766239434480667 -0.015104327350854874
v 0.031580936163663864 -0.03244778513908386 -0.049272701144218445
v 0.026451073586940765 -0.03396454080939293 -0.03936291113495827
v 0.01319094467908144 -0.03244465962052345 -0.04925340414047241
v 0.02421168051660061 -0.034055065363645554 -0.03876727819442749
v 0.013201980851590633 -0.034097086638212204 -0.03846927732229233
v 0.022573547437787056 -0.034303151071071625 -0.03714468330144882
v 0.021975606679916382 -0.03464231640100479 -0.03492989391088486
v 0.030337663367390633 -0.03498300909996033 -0.03272451460361481
v 0.030935602262616158 -0.03464384004473686 -0.034939296543598175
v 0.030333131551742554 -0.03430446982383728 -0.03715282678604126
v 0.02869167923927307 -0.03405582904815674 -0.03877197951078415
v 0.02869952842593193 -0.0352310948073864 -0.03110191598534584
v 0.031615834683179855 -0.03767314925789833 -0.015170733444392681
v 0.026460135355591774 -0.03532161936163902 -0.030506283044815063
v 0.013225843198597431 -0.03767002373933792 -0.0151514345780015
v -0.003852594643831253 -0.04535520821809769 0.03504091873764992
v 0.003906989004462957 -0.04535652697086334 0.03503277525305748
v 0.013262148015201092 -0.04310591518878937 0.020324498414993286
v 0.004509460646659136 -0.04569590091705322 0.037246301770210266
v 0.013281569816172123 -0.04601394385099411 0.03930298611521721
v 0.003911520354449749 -0.04603506997227669 0.03946108743548393
v 0.0022655371576547623 -0.0451078861951828 0.03341362252831459
v 2.493123793101404e-05 -0.04501659795641899 0.032822687178850174
v -0.01323783677071333 -0.04310141131281853 0.020352307707071304
v -0.002214460400864482 -0.045107126235961914 0.03341832384467125
v 0.0022733863443136215 -0.04628315195441246 0.0410836823284626
v 0.013286030851304531 -0.046681880950927734 0.04366210848093033
v 3.399473280296661e-05 -0.04637368023395538 0.041679318994283676
v -0.01321395393460989 -0.046677377074956894 0.04368991777300835
v -0.0022066112142056227 -0.046282391995191574 0.04108838364481926
v -0.033008430153131485 -0.040012817829847336 0.00023804370721336454
v -0.03524782136082649 -0.04010334238409996 0.0008336759055964649
v -0.0395241305232048 -0.03766105696558952 -0.015096078626811504
v -0.036885954439640045 -0.04035142809152603 0.0024562720209360123
v -0.03748389706015587 -0.040690597146749496 0.004671059083193541
v -0.039487823843955994 -0.04309694841504097 0.02037985436618328
v -0.036881424486637115 -0.04102996736764908 0.006884586066007614
v -0.03523997217416763 -0.04127860814332962 0.008503740653395653
v -0.031627826392650604 -0.04309828579425812 0.020371606573462486
v -0.03299936652183533 -0.04136989638209343 0.009094671346247196
v -0.03075997531414032 -0.041279371827840805 0.008499039337038994
v -0.025257829576730728 -0.04309936612844467 0.020364921540021896
v -0.03076782450079918 -0.040104106068611145 0.0008289746474474669
v -0.029126374050974846 -0.04035274684429169 0.0024481292348355055
v -0.028523901477456093 -0.04069212079048157 0.004661656450480223
v -0.029121842235326767 -0.041031286120414734 0.006876443047076464
v 0.028516065329313278 -0.040701813995838165 0.004601798485964537
v 0.029114006087183952 -0.0403626449406147 0.002387011656537652
v 0.030752139165997505 -0.04011456295847893 0.0007644154829904437
v 0.03299153223633766 -0.040024034678936005 0.00016878328460734338
v 0.03523213416337967 -0.040115322917699814 0.0007597141666337848
v 0.02911853790283203 -0.04104118421673775 0.00681532546877861
v 0.030759988352656364 -0.04128982871770859 0.008434480056166649
v 0.03300059586763382 -0.0413811169564724 0.009025410749018192
v 0.03523998335003853 -0.041290588676929474 0.00842977873980999
v 0.03687358647584915 -0.040363963693380356 0.0023788688704371452
v 0.03756583109498024 -0.037674158811569214 -0.015176977030932903
v 0.0374760627746582 -0.040703337639570236 0.004592395853251219
v 0.03687812015414238 -0.0410425029695034 0.006807182915508747
v 0.037191543728113174 -0.03254005312919617 -0.04868265986442566
v 0.03884032368659973 -0.03278980404138565 -0.047056280076503754
v 0.0394592322409153 -0.035189028829336166 -0.03139965981245041
v 0.0394519679248333 -0.03410154953598976 -0.038496822118759155
v 0.039445482194423676 -0.03313069045543671 -0.04483287036418915
v 0.0349409319460392 -0.032448358833789825 -0.04927622899413109
v -0.03954799100756645 -0.034088119864463806 -0.038413919508457184
v -0.039554476737976074 -0.03311726450920105 -0.044749967753887177
v -0.03895386680960655 -0.03277658298611641 -0.04697464406490326
v -0.03730841726064682 -0.032527390867471695 -0.04860447719693184
v -0.03263391926884651 -0.04543967917561531 0.03565431758761406
v -0.0322735533118248 -0.04523526877164841 0.03431950882077217
v -0.03160840645432472 -0.04600631073117256 0.03935009241104126
v -0.03362118825316429 -0.04558919370174408 0.03663221746683121
v -0.03731045126914978 -0.04543888568878174 0.035659223794937134
v -0.039468493312597275 -0.04599134624004364 0.039269380271434784
v -0.037673551589250565 -0.045234352350234985 0.03432517498731613
v -0.03731318563222885 -0.04502994194626808 0.03299037367105484
v -0.032636649906635284 -0.04503073915839195 0.03298546373844147
v -0.03362591937184334 -0.044880885630846024 0.032009635120630264
v -0.0349762849509716 -0.04482587054371834 0.03165349364280701
v -0.03632591664791107 -0.04488042742013931 0.032012470066547394
v 0.03503601998090744 -0.04668557643890381 0.04363928362727165
v 0.031676020473241806 -0.046685006469488144 0.043642811477184296
v 0.039531465619802475 -0.0460047721862793 0.03918647766113281
v 0.03893085569143295 -0.04634545370936394 0.041411153972148895
v 0.03728540986776352 -0.04659464582800865 0.04304099455475807
v -0.035041630268096924 -0.03504156693816185 -0.03220121189951897
v -0.03369199484586716 -0.034987010061740875 -0.032560184597969055
v -0.03270746022462845 -0.03442855179309845 -0.036206938326358795
v -0.032344359904527664 -0.0346330851316452 -0.03487289324402809
v -0.032704729586839676 -0.034837495535612106 -0.0335380882024765
v -0.036396726965904236 -0.03427824378013611 -0.03717993199825287
v -0.03504709154367447 -0.034223683178424835 -0.037538908421993256
v -0.033696725964546204 -0.03427870199084282 -0.03718276694417
v -0.03738399222493172 -0.03442775830626488 -0.03620203211903572
v -0.03774436190724373 -0.03463216871023178 -0.03486722707748413
v -0.03954072669148445 -0.03517560288310051 -0.03131675720214844
v -0.037381261587142944 -0.034836698323488235 -0.03353317826986313
v -0.03639199584722519 -0.034986551851034164 -0.032557349652051926
v 0.039475832134485245 -0.03767448663711548 -0.015178981237113476
v 0.039512135088443756 -0.04311037436127663 0.02029695175588131
v -0.025238407775759697 -0.046007394790649414 0.03934340924024582
v -0.037214551120996475 -0.04658198356628418 0.043119173496961594
v -0.0349639430642128 -0.04667367786169052 0.04371274262666702
v -0.031603943556547165 -0.046674251556396484 0.04370921850204468
v -0.025233948603272438 -0.04667533189058304 0.04370253160595894
v 0.03994564339518547 -0.03263654559850693 -0.0447576642036438
v 0.039946626871824265 -0.02967115491628647 -0.0443032868206501
v 0.04003162682056427 -0.04551062732934952 0.03926168382167816
v 0.040032606571912766 -0.04254523664712906 0.03971606120467186
v -0.0350593701004982 -0.03186649829149246 -0.04962127283215523
v -0.035058390349149704 -0.028901107609272003 -0.04916689544916153
v 0.03494058921933174 -0.03187839686870575 -0.0496947318315506
v 0.034941572695970535 -0.02891300618648529 -0.0492403544485569
v -0.039968326687812805 -0.04549702629446983 0.039345633238554
v -0.03996734693646431 -0.04253163933753967 0.039800014346838
v -0.040054310113191605 -0.03262294828891754 -0.04467371106147766
v -0.04005332663655281 -0.029657557606697083 -0.04421933367848396
v 0.035036686807870865 -0.0462670736014843 0.04420924186706543
v 0.03503767028450966 -0.04330168291926384 0.044663622975349426
v -0.034963272511959076 -0.04625517502427101 0.0442827008664608
v -0.03496229276061058 -0.04328978806734085 0.0447370782494545
v 0.03753601014614105 -0.04616604000329971 0.043544478714466095
v 0.03753698989748955 -0.043200649321079254 0.04399885609745979
v 0.0393642857670784 -0.04588916152715683 0.04173354431986809
v 0.039365265518426895 -0.04292377084493637 0.042187921702861786
v -0.03755869343876839 -0.03196753188967705 -0.048956502228975296
v -0.03755770996212959 -0.02900214120745659 -0.0485021248459816
v -0.039386969059705734 -0.03224441036581993 -0.04714557155966759
v -0.03938598558306694 -0.02927902154624462 -0.04669119045138359
v 0.03927324339747429 -0.03225778043270111 -0.047228116542100906
v 0.03927422687411308 -0.0292923916131258 -0.04677373915910721
v 0.03744126856327057 -0.031980279833078384 -0.0490352101624012
v 0.037442248314619064 -0.029014889150857925 -0.0485808290541172
v -0.039295926690101624 -0.04587579146027565 0.04181608930230141
v -0.03929494693875313 -0.04291040077805519 0.0422704704105854
v -0.0374639518558979 -0.046153292059898376 0.0436231829226017
v -0.03746296837925911 -0.04318790137767792 0.0440775603055954
v -0.02429363876581192 -0.03243017941713333 -0.034543585032224655
v -0.02459394372999668 -0.0326005220413208 -0.033431246876716614
v -0.02459621988236904 -0.0322597362101078 -0.03565528988838196
v -0.02542060799896717 -0.03213486075401306 -0.03646848350763321
v -0.02654591202735901 -0.03208901360630989 -0.036765266209840775
v -0.02767060697078705 -0.03213447704911232 -0.036466121673583984
v -0.028493329882621765 -0.03225907310843468 -0.03565119951963425
v -0.028793634846806526 -0.03242941573262215 -0.034538861364126205
v -0.028491053730249405 -0.032599858939647675 -0.0334271565079689
v -0.027666663751006126 -0.032724734395742416 -0.03261396661400795
v -0.02654135972261429 -0.03277058154344559 -0.032317180186510086
v -0.02541666477918625 -0.03272511810064316 -0.032616328448057175
v 0.024206336587667465 -0.03243842348456383 -0.03459447994828224
v 0.024506641551852226 -0.03226808086037636 -0.03570681810379028
v 0.024508917704224586 -0.032608866691589355 -0.03348277509212494
v 0.025333305820822716 -0.0327337421476841 -0.032669585198163986
v 0.026458609849214554 -0.03277958929538727 -0.03237279877066612
v 0.027583304792642593 -0.03273412585258484 -0.03267194703221321
v 0.02840602770447731 -0.03260952979326248 -0.03348686546087265
v 0.02870633266866207 -0.03243918716907501 -0.03459920361638069
v 0.02840375155210495 -0.032268743962049484 -0.035710908472537994
v 0.02757936157286167 -0.03214386850595474 -0.03652409836649895
v 0.026454057544469833 -0.03209802135825157 -0.03682088479399681
v 0.025329362601041794 -0.0321434885263443 -0.03652174025774002
v 2.791609767882619e-05 -0.04315008223056793 0.03536471724510193
v 0.0011532203061506152 -0.0431959293782711 0.035661499947309494
v -0.001096778316423297 -0.04319554567337036 0.03566386178135872
v -0.0019195020431652665 -0.04332014173269272 0.03647878021001816
v -0.002219806658104062 -0.04349048435688019 0.0375911183655262
v -0.0019172260072082281 -0.043660927563905716 0.0387028232216835
v -0.0010928361443802714 -0.04378580302000046 0.03951601684093475
v 3.246807318646461e-05 -0.04383165016770363 0.03981279954314232
v 0.0011571624781936407 -0.0437861867249012 0.03951365500688553
v 0.0019798860885202885 -0.04366159066557884 0.03869873285293579
v 0.002280190819874406 -0.04349124804139137 0.03758639842271805
v 0.001977610168978572 -0.043320804834365845 0.036474693566560745
v 2.791609767882619e-05 -0.04315008223056793 0.03536471724510193
v 2.493123793101404e-05 -0.04501659795641899 0.032822687178850174
v 3.246807318646461e-05 -0.04383165016770363 0.03981279954314232
v 3.399473280296661e-05 -0.04637368023395538 0.041679318994283676
v -0.03075317293405533 -0.03848746791481972 0.0050017512403428555
v -0.03105347603559494 -0.03865780681371689 0.006114088464528322
v -0.0310557521879673 -0.03831702470779419 0.00389004684984684
v -0.03188014030456543 -0.03819214552640915 0.0030768553260713816
v -0.03300544619560242 -0.03814629837870598 0.0027800709940493107
v -0.03413014113903046 -0.038191765546798706 0.0030792164616286755
v -0.03495286405086517 -0.03831636160612106 0.00389413652010262
v -0.035253170877695084 -0.038486700505018234 0.005006473511457443
v -0.03495058789849281 -0.03865714371204376 0.006118177901953459
v -0.034126199781894684 -0.038782019168138504 0.006931369658559561
v -0.0330008938908577 -0.03882787004113197 0.007228153757750988
v -0.03187619894742966 -0.038782402873039246 0.006929008290171623
v -0.03075317293405533 -0.03848746791481972 0.0050017512403428555
v -0.028523901477456093 -0.04069212079048157 0.004661656450480223
v 0.03074679523706436 -0.0384979210793972 0.004937212914228439
v 0.031047096475958824 -0.03832757845520973 0.00382487615570426
v 0.031049372628331184 -0.03866836428642273 0.006048917304724455
v 0.03187376260757446 -0.03879323974251747 0.006862109061330557
v 0.03299906849861145 -0.03883908689022064 0.007158893626183271
v 0.03412376344203949 -0.038793619722127914 0.006859747692942619
v 0.03494648635387421 -0.03866902366280556 0.006044827867299318
v 0.03524679318070412 -0.038498684763908386 0.0049324906431138515
v 0.034944210201501846 -0.03832824155688286 0.0038207864854484797
v 0.03411982208490372 -0.038203366100788116 0.0030075949616730213
v 0.03299451619386673 -0.038157518953084946 0.0027108106296509504
v 0.03186982125043869 -0.038202982395887375 0.003009956097230315
v 0.03524679318070412 -0.038498684763908386 0.0049324906431138515
v 0.0374760627746582 -0.040703337639570236 0.004592395853251219
v 0.006565826945006847 -0.015574232675135136 -0.046661607921123505
v 0.006568355485796928 -0.015952881425619125 -0.044190455228090286
v 0.006775237619876862 -0.01508798822760582 -0.04658731818199158
v 0.006849188823252916 -0.014970424585044384 -0.04404020309448242
v 0.006846659816801548 -0.01459177490323782 -0.04651135578751564
v -0.006952945608645678 -0.014589429832994938 -0.04649687558412552
v -0.006950416602194309 -0.014968078583478928 -0.044025719165802
v -0.006881851702928543 -0.015085666440427303 -0.046572986990213394
v -0.00667023379355669 -0.015950631350278854 -0.04417656362056732
v -0.006672762334346771 -0.015571982599794865 -0.04664771631360054
v 0.004426963161677122 -0.018255338072776794 -0.04454106464982033
v 0.004424434155225754 -0.01787668839097023 -0.047012217342853546
v 0.0015297947684302926 -0.019512411206960678 -0.044730715453624725
v 0.001527265878394246 -0.019133761525154114 -0.04720187187194824
v -0.0016340280417352915 -0.01951187290251255 -0.044727396219968796
v -0.001636556931771338 -0.019133223220705986 -0.04719855263829231
v -0.0045303646475076675 -0.018253814429044724 -0.04453166201710701
v -0.004532893653959036 -0.01787516660988331 -0.04700281843543053
v 0.006995061878114939 -0.015751073136925697 -0.047194983810186386
v 0.004714617505669594 -0.01820303685963154 -0.04756835848093033
v 0.0016293214866891503 -0.01954173855483532 -0.04777032509446144
v -0.0017399440985172987 -0.019541164860129356 -0.0477667897939682
v -0.004824354313313961 -0.018201416358351707 -0.04755834862589836
v -0.0071031758561730385 -0.015748675912618637 -0.047180186957120895
v -0.007364537101238966 -0.015140779316425323 -0.04708677530288696
v -0.007453635334968567 -0.014486136846244335 -0.04698637127876282
v -0.006964726373553276 -0.014560195617377758 -0.04650410637259483
v 0.006858434993773699 -0.014562545344233513 -0.046518612653017044
v 0.00734635628759861 -0.014488652348518372 -0.047001905739307404
v 0.007256824988871813 -0.015143264085054398 -0.04710211604833603
v -0.007453082595020533 -0.012814261950552464 -0.046730197966098785
v 0.007346909027546644 -0.0128167774528265 -0.04674572870135307
v 0.0063261603936553 -0.015507112257182598 -0.047156915068626404
v -0.006434113252907991 -0.015504943206906319 -0.04714352637529373
v -0.00435349065810442 -0.01768307387828827 -0.047479405999183655
v -0.0015705139376223087 -0.018869254738092422 -0.047664009034633636
v 0.0014603357994928956 -0.01886976882815361 -0.04766719043254852
v 0.004244097042828798 -0.017684536054730415 -0.04748842865228653
v 0.006329194642603397 -0.01596149057149887 -0.04419152811169624
v 0.004247131757438183 -0.018138915300369263 -0.04452303797006607
v 0.0014633705141022801 -0.019324148073792458 -0.044701799750328064
v -0.001567479339428246 -0.01932363212108612 -0.044698622077703476
v -0.0043504564091563225 -0.018137453123927116 -0.044514019042253494
v -0.006431078538298607 -0.015959322452545166 -0.04417813941836357
v -0.006670190021395683 -0.007795119658112526 -0.045456089079380035
v -0.006667661480605602 -0.00817376933991909 -0.04298493638634682
v -0.006879601161926985 -0.008281366899609566 -0.04553038254380226
v -0.006948494352400303 -0.009156227111816406 -0.04313518851995468
v -0.006951023358851671 -0.008777577430009842 -0.0456063412129879
v 0.006848582066595554 -0.008779923431575298 -0.04562082141637802
v 0.006851111073046923 -0.009158572182059288 -0.0431496687233448
v 0.00677748816087842 -0.008283687755465508 -0.045544713735580444
v 0.006570927798748016 -0.008176019415259361 -0.04299882799386978
v 0.006568399257957935 -0.007797370199114084 -0.045469980686903
v -0.004526269156485796 -0.005871315486729145 -0.042634326964616776
v -0.004528797697275877 -0.005492666270583868 -0.04510548338294029
v -0.001629100413993001 -0.004614242352545261 -0.04244467243552208
v -0.0016316293040290475 -0.004235593602061272 -0.044915828853845596
v 0.001534722396172583 -0.004614780191332102 -0.04244799166917801
v 0.0015321935061365366 -0.004236131440848112 -0.044919148087501526
v 0.004431059118360281 -0.005872837733477354 -0.042643725872039795
v 0.004428530111908913 -0.005494188982993364 -0.04511488229036331
v -0.006962822284549475 -0.008803298696875572 -0.04562199115753174
v -0.0074517312459647655 -0.00872923992574215 -0.04610425978899002
v -0.0073621999472379684 -0.008074628189206123 -0.0460040457546711
v -0.007100436836481094 -0.007466822396963835 -0.04591118171811104
v 0.006997800897806883 -0.00746921868994832 -0.04592597484588623
v 0.00725916214287281 -0.008077113889157772 -0.04601939022541046
v 0.007348260376602411 -0.008731755428016186 -0.04611979052424431
v 0.0068603395484387875 -0.008805647492408752 -0.04563649743795395
v -0.0048199924640357494 -0.005014857277274132 -0.045537807047367096
v -0.0017346965614706278 -0.0036761558149009943 -0.045335836708545685
v 0.001634569140151143 -0.003676728345453739 -0.045339375734329224
v 0.004718979354947805 -0.005016478709876537 -0.04554781690239906
v -0.007452284451574087 -0.010401114821434021 -0.04636043682694435
v 0.007347707636654377 -0.010403630323708057 -0.04637596756219864
v 0.00633177300915122 -0.008167330175638199 -0.04299725219607353
v 0.004251150414347649 -0.005989197641611099 -0.04266137257218361
v 0.0014681735774502158 -0.004803020041435957 -0.04247676953673363
v -0.0015626761596649885 -0.004802504554390907 -0.04247358813881874
v -0.004346437286585569 -0.0059877363964915276 -0.042652349919080734
v -0.006428500637412071 -0.008165162056684494 -0.04298385977745056
v -0.006431535352021456 -0.007710782345384359 -0.04594924673438072
v 0.006328738294541836 -0.007712951395660639 -0.04596263915300369
v 0.004248115699738264 -0.005534818861633539 -0.04562675952911377
v 0.001465138979256153 -0.00434864079579711 -0.04544215649366379
v -0.001565710874274373 -0.004348125774413347 -0.0454389750957489
v -0.004349472001194954 -0.00553335715085268 -0.045617736876010895
v -0.006236034911125898 0.008077949285507202 -0.04322667419910431
v -0.00636178208515048 0.0077911121770739555 -0.0415506586432457
v -0.006363501772284508 0.008048593997955322 -0.043231043964624405
v -0.006611257791519165 0.007965514436364174 -0.043243519961833954
v -0.006957091856747866 0.007782886736094952 -0.043271150439977646
v -0.007258526515215635 0.007279600016772747 -0.041628118604421616
v -0.007260246202349663 0.0075370813719928265 -0.043308503925800323
v -0.007509070448577404 0.0072375452145934105 -0.04335414618253708
v -0.007694003637880087 0.006895795464515686 -0.043406322598457336
v -0.007776457350701094 0.0063934545032680035 -0.041763368993997574
v -0.007807937450706959 0.006524954456835985 -0.043463028967380524
v -0.007778177037835121 0.006650935858488083 -0.04344375431537628
v -0.007809042930603027 0.0031835902482271194 -0.043975017964839935
v -0.007777645718306303 0.002800117013975978 -0.042313966900110245
v -0.0077793654054403305 0.003057598602026701 -0.04399435222148895
v -0.007695354055613279 0.002812714083120227 -0.044031962752342224
v -0.007510647177696228 0.0024708977434784174 -0.04408452659845352
v -0.007260301150381565 0.0019137957133352757 -0.042450305074453354
v -0.007262020837515593 0.002171277068555355 -0.04413069039583206
v -0.006959029007703066 0.0019253722857683897 -0.044168680906295776
v -0.0066133164800703526 0.0017426229314878583 -0.04419703781604767
v -0.006363895256072283 0.0014019785448908806 -0.042529646307229996
v -0.006238167639821768 0.0016300608403980732 -0.04421466961503029
v -0.00636561494320631 0.0016594600165262818 -0.044210031628608704
v 0.0061421869322657585 0.0016279565170407295 -0.044227659702301025
v 0.006271373480558395 0.0013998309150338173 -0.04254290461540222
v 0.006269653793424368 0.0016573123866692185 -0.04422329366207123
v 0.006517409812659025 0.0017403911333531141 -0.04421081766486168
v 0.006863243877887726 0.0019230229081586003 -0.04418318718671799
v 0.00716811791062355 0.0019113433081656694 -0.0424654446542263
v 0.007166398223489523 0.002168824663385749 -0.04414583370089531
v 0.0074152229353785515 0.002468360820785165 -0.044100191444158554
v 0.007600155659019947 0.0028101142961531878 -0.044048011302948
v 0.007686048746109009 0.0027974885888397694 -0.042330194264650345
v 0.007714089471846819 0.003180951811373234 -0.04399130865931511
v 0.007684329058974981 0.0030549701768904924 -0.04401057958602905
v 0.0077151949517428875 0.0065223160199820995 -0.0434793196618557
v 0.007687237113714218 0.006390825845301151 -0.041779596358537674
v 0.007685517426580191 0.006648307666182518 -0.04345998167991638
v 0.0076015060767531395 0.006893195677548647 -0.04342237487435341
v 0.007416799198836088 0.007235008291900158 -0.04336981102824211
v 0.00716989254578948 0.007277147378772497 -0.041643258184194565
v 0.00716817332431674 0.007534628733992577 -0.04332364350557327
v 0.006865181494504213 0.007780537474900484 -0.04328565672039986
v 0.006519468501210213 0.007963282987475395 -0.043257299810647964
v 0.006273486651480198 0.007788964547216892 -0.04156391695141792
v 0.006144319660961628 0.008075845427811146 -0.043239668011665344
v 0.00627176696434617 0.008046446368098259 -0.04324430227279663
v 0.006083452608436346 0.0019642484840005636 -0.044479575008153915
v 0.005751788150519133 0.0019320145947858691 -0.04448417201638222
v 0.007322725839912891 0.002969081047922373 -0.04432687535881996
v -0.007261455524712801 0.0026810436975210905 -0.0443560853600502
v -0.007418456487357616 0.002971586538478732 -0.04431140422821045
v -0.005848204717040062 0.001933986321091652 -0.04447200149297714
v -0.005846243351697922 0.00786476768553257 -0.04356324300169945
v 0.00575374998152256 0.007862796075642109 -0.04357541725039482
v -0.006179847754538059 0.001966332783922553 -0.04446670413017273
v -0.0064987242221832275 0.0020620094146579504 -0.04445171728730202
v -0.006792580243200064 0.0022173423785716295 -0.04442761465907097
v -0.006790806073695421 0.007581732701510191 -0.04360564425587654
v -0.00649684714153409 0.007736965548247099 -0.04358216002583504
v -0.00754679786041379 0.006184669677168131 -0.043818939477205276
v -0.00751509191468358 0.0032868310809135437 -0.044263001531362534
v -0.007547648157924414 0.0036146657075732946 -0.04421273618936539
v -0.006177907343953848 0.007832537405192852 -0.04356784373521805
v 0.006404269486665726 0.007734772749245167 -0.04359569773077965
v 0.007453193422406912 0.006182120181620121 -0.04383468255400658
v 0.006085393019020557 0.007830453105270863 -0.043580710887908936
v 0.007419569883495569 0.003284292761236429 -0.04427867382764816
v -0.007050123065710068 0.0024263649247586727 -0.0443953238427639
v -0.007514024619013071 0.00651249336078763 -0.0437687411904335
v -0.0074171810410916805 0.0068277050741016865 -0.043720543384552
v 0.006955668330192566 0.007370417471975088 -0.043652091175317764
v 0.007167000789195299 0.007115742191672325 -0.04369133338332176
v 0.007324001286178827 0.0068251993507146835 -0.043736010789871216
v 0.007452343124896288 0.0036121162120252848 -0.04422847554087639
v -0.007259987760335207 0.007118194364011288 -0.043676190078258514
v -0.007048487197607756 0.007372797932475805 -0.04363739490509033
v 0.006698125507682562 0.007579439785331488 -0.043619800359010696
v 0.007420636713504791 0.006509955041110516 -0.04378441348671913
v 0.007165533024817705 0.0026785917580127716 -0.04437122493982315
v 0.006954032462090254 0.002423984697088599 -0.04441002011299133
v 0.006696350872516632 0.00221504969522357 -0.044441770762205124
v 0.006402392406016588 0.0020598166156560183 -0.04446525499224663
v 0.007730544079095125 0.006154023576527834 -0.04365191236138344
v 0.007729694247245789 0.003584019374102354 -0.04404570907354355
v 0.007713152561336756 0.006159357260912657 -0.04368668422102928
v 0.007712302729487419 0.0035893532913178205 -0.04408048093318939
v 0.007665413897484541 0.006168775726109743 -0.043748047202825546
v 0.007664564065635204 0.0035987715236842632 -0.04414184391498566
v 0.0076032341457903385 0.006176007445901632 -0.043795108795166016
v 0.007602383848279715 0.0036060032434761524 -0.044188905507326126
v 0.007568021304905415 0.0061786421574652195 -0.04381223022937775
v 0.007567171007394791 0.0036086379550397396 -0.04420602321624756
v 0.005751779768615961 0.0017776588210836053 -0.04446716234087944
v 0.005751773715019226 0.0018150780815631151 -0.04447899013757706
v 0.006105836480855942 0.0018494842806831002 -0.044474080204963684
v 0.007532184477895498 0.0032586767338216305 -0.04425961151719093
v 0.0074288006871938705 0.0029221749864518642 -0.04431106522679329
v 0.00726099219173193 0.002612068084999919 -0.04435841366648674
v 0.007035207934677601 0.002340270671993494 -0.04439982771873474
v 0.006760125048458576 0.0021172245033085346 -0.044433724135160446
v 0.006446314975619316 0.0019515075255185366 -0.044458795338869095
v 0.005751855205744505 0.001652487670071423 -0.044375255703926086
v 0.0057518077082931995 0.0017090204637497663 -0.04442944750189781
v 0.006124858278781176 0.0017452756874263287 -0.04442427307367325
v 0.006483596749603748 0.0018527713837102056 -0.044408168643713
v 0.006814236287027597 0.002027374692261219 -0.0443817563354969
v 0.007104071788489819 0.0022623823024332523 -0.04434604197740555
v 0.007341964635998011 0.002548755845054984 -0.044302403926849365
v 0.007518772501498461 0.0028754943050444126 -0.04425252228975296
v 0.007627701386809349 0.0032300420571118593 -0.044198304414749146
v 0.006137622520327568 0.00166748755145818 -0.04433774575591087
v 0.006508561782538891 0.001778637757524848 -0.04432109370827675
v 0.006850447040051222 0.001959182322025299 -0.04429377615451813
v 0.007150139659643173 0.002202178817242384 -0.04425685107707977
v 0.00739612290635705 0.002498294459655881 -0.0442117303609848
v 0.007578944321721792 0.002836144994944334 -0.0441601499915123
v 0.007691577542573214 0.003202748019248247 -0.044104091823101044
v 0.005751885008066893 0.0016300008865073323 -0.044343091547489166
v 0.007533266209065914 0.006528615020215511 -0.0437585674226284
v 0.006107850465923548 0.007938288152217865 -0.04354110732674599
v 0.0064482614398002625 0.007836150005459785 -0.04355710744857788
v 0.006761961616575718 0.007670325692743063 -0.04358283802866936
v 0.007036897353827953 0.007447189651429653 -0.043617308139801025
v 0.007262501399964094 0.007175311911851168 -0.04365919902920723
v 0.0074301050044596195 0.006865147966891527 -0.043706897646188736
v 0.007628795225173235 0.006537517532706261 -0.04369150847196579
v 0.00752010103315115 0.006892099045217037 -0.04363706707954407
v 0.00734350923448801 0.007218897342681885 -0.043586812913417816
v 0.007105805911123753 0.007505355402827263 -0.04354267567396164
v 0.006816125940531492 0.00774045754224062 -0.043506354093551636
v 0.0064856018871068954 0.007915177382528782 -0.04347924515604973
v 0.006126934662461281 0.008022790774703026 -0.04346238821744919
v 0.00575381051748991 0.007972818799316883 -0.04353545606136322
v 0.0057538398541510105 0.00800498016178608 -0.043512966483831406
v 0.005753908306360245 0.00805917289108038 -0.04345643147826195
v 0.0057539865374565125 0.008096889592707157 -0.043387796729803085
v 0.007692679762840271 0.006535304244607687 -0.043593451380729675
v 0.007580289151519537 0.006901949178427458 -0.04353715479373932
v 0.007397691253572702 0.0072398618794977665 -0.043485190719366074
v 0.007151904050260782 0.007536057382822037 -0.043439555913209915
v 0.006852372083812952 0.007779159117490053 -0.04340199753642082
v 0.006510606501251459 0.007959820330142975 -0.043373968452215195
v 0.006139740813523531 0.008071096614003181 -0.04335653781890869
v 0.005754027981311083 0.00810871459543705 -0.043350376188755035
v -0.005848108325153589 0.0016319724963977933 -0.04433092102408409
v -0.005848138127475977 0.001654459279961884 -0.04436308145523071
v -0.005848185624927282 0.0017109920736402273 -0.04441727697849274
v -0.0058482130989432335 0.0017796304309740663 -0.044454991817474365
v -0.0058482191525399685 0.001817049691453576 -0.04446681588888168
v -0.005845965351909399 0.00811068620532751 -0.04333820566534996
v -0.005846006330102682 0.008098861202597618 -0.04337562248110771
v -0.005846085026860237 0.00806114450097084 -0.043444257229566574
v -0.005846153479069471 0.00800695177167654 -0.04350079596042633
v -0.005846182815730572 0.007974790409207344 -0.04352328181266785
v -0.0076976073905825615 0.0036086037289351225 -0.044172849506139755
v -0.007662429939955473 0.0036112265661358833 -0.04419004172086716
v -0.0076276748441159725 0.003261253470554948 -0.0442437045276165
v -0.006202259100973606 0.0018515762640163302 -0.04446116462349892
v -0.006542670074850321 0.0019537152256816626 -0.04444516450166702
v -0.006856370251625776 0.0021195390727370977 -0.044419433921575546
v -0.007131305988878012 0.0023426786065101624 -0.04438496008515358
v -0.0073569100350141525 0.0026145526207983494 -0.044343072921037674
v -0.007524513639509678 0.0029247167985886335 -0.04429537430405617
v -0.00780730415135622 0.0035919910296797752 -0.04406419396400452
v -0.0077596912160515785 0.003601393196731806 -0.04412565752863884
v -0.0077230725437402725 0.0032326511573046446 -0.044182196259498596
v -0.007614378351718187 0.002878066385164857 -0.04423664137721062
v -0.007437786553055048 0.0025512678548693657 -0.04428689554333687
v -0.00720008322969079 0.002264813520014286 -0.044331032782793045
v -0.00691040325909853 0.002029707422479987 -0.04436735063791275
v -0.006579878740012646 0.0018549917731434107 -0.044394463300704956
v -0.006221211515367031 0.001747374190017581 -0.044411320239305496
v -0.007786760106682777 0.003205379005521536 -0.04408784583210945
v -0.007674369495362043 0.00283873756416142 -0.04414414241909981
v -0.007491771597415209 0.002500824863091111 -0.04419610649347305
v -0.007245983928442001 0.0022046256344765425 -0.04424174502491951
v -0.006946451961994171 0.001961527392268181 -0.044279299676418304
v -0.006604686379432678 0.0017808665288612247 -0.04430733248591423
v -0.006233821157366037 0.0016695903614163399 -0.044324763119220734
v -0.007824624888598919 0.0035866631660610437 -0.04402938485145569
v -0.006200245115906 0.007940380834043026 -0.04352819174528122
v -0.007626593112945557 0.006531191524118185 -0.04374266043305397
v -0.007523209322243929 0.006867689546197653 -0.043691202998161316
v -0.007355400826781988 0.007177796680480242 -0.04364385828375816
v -0.007129616569727659 0.0074495975859463215 -0.04360244423151016
v -0.006854533683508635 0.0076726400293409824 -0.04356854781508446
v -0.0065407236106693745 0.007838357239961624 -0.04354347661137581
v -0.006219135131686926 0.008024889975786209 -0.04344943165779114
v -0.006577873602509499 0.007917397655546665 -0.04346553608775139
v -0.006908513605594635 0.007742790505290031 -0.04349195212125778
v -0.007198348641395569 0.007507786620408297 -0.043527666479349136
v -0.007436241954565048 0.00722140958532691 -0.04357130080461502
v -0.007613049820065498 0.006894670892506838 -0.043621186167001724
v -0.007721978239715099 0.006540127098560333 -0.04367540031671524
v -0.007661580108106136 0.006181230768561363 -0.043796248733997345
v -0.007696757558733225 0.006178607698529959 -0.043779052793979645
v -0.007758840918540955 0.006171397399157286 -0.04373186454176903
v -0.007806453853845596 0.006161995232105255 -0.043670400977134705
v -0.0062317028641700745 0.008073199540376663 -0.04334355518221855
v -0.006602642126381397 0.00796204898506403 -0.043360207229852676
v -0.006944526918232441 0.007781504187732935 -0.043387521058321
v -0.00724422000348568 0.007538503967225552 -0.04342444986104965
v -0.007490203250199556 0.007242392282932997 -0.04346957057714462
v -0.007673024665564299 0.0069045415148139 -0.043521150946617126
v -0.00778565788641572 0.006537934765219688 -0.04357720911502838
v -0.007823774591088295 0.00615666713565588 -0.043635591864585876
f 1 2 3
f 3 2 4
f 3 4 5
f 6 7 8
f 8 7 2
f 8 2 9
f 9 2 1
f 10 11 12
f 12 11 13
f 12 13 14
f 14 13 15
f 16 17 13
f 13 17 18
f 13 18 15
f 19 20 21
f 21 20 22
f 21 22 23
f 23 22 24
f 23 24 25
f 25 24 26
f 25 26 27
f 27 26 28
f 27 28 29
f 29 28 30
f 29 30 31
f 31 30 32
f 31 32 33
f 33 32 34
f 33 34 35
f 35 34 36
f 35 36 37
f 37 36 38
f 37 38 39
f 39 38 40
f 39 40 41
f 41 40 42
f 41 42 43
f 43 42 44
f 45 46 47
f 47 46 48
f 47 48 49
f 49 48 50
f 49 50 51
f 51 50 52
f 51 52 53
f 53 52 54
f 53 54 55
f 55 54 56
f 55 56 57
f 57 56 58
f 57 58 59
f 59 58 60
f 59 60 61
f 61 60 62
f 61 62 63
f 63 62 64
f 63 64 65
f 65 64 66
f 65 66 67
f 67 66 68
f 67 68 69
f 69 68 70
f 71 72 73
f 73 72 74
f 73 74 75
f 75 74 76
f 75 76 77
f 77 76 78
f 77 78 79
f 79 78 80
f 79 80 81
f 81 80 82
f 81 82 83
f 83 82 84
f 83 84 85
f 85 84 86
f 85 86 87
f 87 86 88
f 87 88 89
f 89 88 90
f 89 90 91
f 91 90 92
f 91 92 93
f 93 92 94
f 93 94 95
f 95 94 96
f 97 98 99
f 99 98 100
f 99 100 101
f 101 100 102
f 101 102 103
f 103 102 104
f 103 104 105
f 105 104 106
f 105 106 107
f 107 106 108
f 107 108 109
f 109 108 110
f 109 110 111
f 111 110 112
f 111 112 113
f 113 112 114
f 113 114 115
f 115 114 116
f 115 116 117
f 117 116 118
f 117 118 119
f 119 118 120
f 119 120 121
f 121 120 122
f 123 124 125
f 125 124 126
f 125 126 127
f 127 126 128
f 127 128 129
f 129 128 130
f 129 130 131
f 131 130 132
f 131 132 133
f 133 132 134
f 133 134 135
f 135 134 136
f 135 136 137
f 137 136 138
f 137 138 139
f 139 138 140
f 139 140 141
f 141 140 142
f 141 142 143
f 143 142 144
f 145 146 147
f 147 146 148
f 147 148 149
f 149 148 150
f 149 150 151
f 151 150 152
f 151 152 153
f 153 152 154
f 153 154 155
f 155 154 156
f 155 156 157
f 157 156 158
f 157 158 159
f 159 158 160
f 159 160 161
f 161 160 162
f 161 162 163
f 163 162 164
f 163 164 165
f 165 164 166
f 167 168 169
f 169 168 170
f 169 170 171
f 171 170 172
f 171 172 173
f 173 172 174
f 173 174 175
f 175 174 176
f 175 176 177
f 177 176 178
f 177 178 179
f 179 178 180
f 179 180 181
f 181 180 182
f 181 182 183
f 183 182 184
f 183 184 185
f 185 184 186
f 185 186 187
f 187 186 188
f 189 190 191
f 191 190 192
f 191 192 193
f 193 192 194
f 193 194 195
f 195 194 196
f 195 196 197
f 197 196 198
f 197 198 199
f 199 198 200
f 199 200 201
f 201 200 202
f 201 202 203
f 203 202 204
f 203 204 205
f 205 204 206
f 205 206 207
f 207 206 208
f 207 208 209
f 209 208 210
f 211 212 213
f 213 212 214
f 213 214 215
f 216 217 218
f 218 217 219
f 218 219 220
f 220 219 221
f 220 221 222
f 222 221 223
f 222 223 224
f 224 223 225
f 224 225 226
f 226 225 227
f 214 228 215
f 215 228 229
f 215 229 230
f 230 229 231
f 230 231 232
f 232 231 233
f 232 233 234
f 234 233 235
f 234 235 236
f 236 235 237
f 236 237 238
f 238 237 239
f 238 239 240
f 240 239 241
f 240 241 242
f 242 241 243
f 242 243 244
f 244 243 245
f 244 245 246
f 246 245 247
f 246 247 248
f 248 247 249
f 248 249 227
f 227 249 250
f 227 250 226
f 251 252 253
f 253 252 254
f 253 254 255
f 255 254 256
f 255 256 257
f 258 259 260
f 260 259 261
f 260 261 262
f 262 261 263
f 262 263 264
f 265 266 267
f 267 266 268
f 267 268 269
f 269 268 270
f 269 270 251
f 251 270 271
f 251 271 252
f 272 273 274
f 274 273 275
f 274 275 276
f 276 275 277
f 276 277 278
f 279 280 281
f 281 280 282
f 281 282 283
f 283 282 284
f 283 284 285
f 285 284 286
f 285 286 287
f 288 289 290
f 290 289 291
f 290 291 292
f 292 291 293
f 292 293 294
f 294 293 295
f 294 295 296
f 296 295 297
f 297 295 298
f 297 298 299
f 299 298 300
f 299 300 301
f 301 300 302
f 301 302 303
f 256 304 257
f 257 304 305
f 257 305 306
f 306 305 307
f 306 307 308
f 308 307 309
f 308 309 310
f 310 309 311
f 310 311 312
f 312 311 313
f 312 313 314
f 314 313 315
f 314 315 316
f 316 315 317
f 316 317 279
f 279 317 318
f 279 318 280
f 319 320 321
f 321 320 322
f 321 322 323
f 323 322 324
f 323 324 258
f 258 324 325
f 258 325 259
f 286 326 287
f 287 326 327
f 287 327 302
f 302 327 328
f 302 328 303
f 263 329 264
f 264 329 330
f 264 330 331
f 331 330 332
f 331 332 333
f 333 332 334
f 333 334 335
f 335 334 336
f 335 336 337
f 337 336 338
f 337 338 339
f 339 338 340
f 339 340 265
f 265 340 341
f 265 341 266
f 277 342 278
f 278 342 343
f 278 343 344
f 344 343 345
f 344 345 346
f 346 345 347
f 346 347 348
f 348 347 349
f 348 349 350
f 350 349 351
f 350 351 352
f 352 351 353
f 352 353 354
f 354 353 355
f 354 355 356
f 357 358 359
f 359 358 360
f 359 360 361
f 361 360 362
f 361 362 363
f 363 362 364
f 363 364 365
f 365 364 366
f 365 366 367
f 367 366 368
f 367 368 369
f 369 368 370
f 369 370 371
f 371 370 372
f 371 372 272
f 272 372 373
f 272 373 273
f 288 374 289
f 289 374 375
f 289 375 357
f 357 375 376
f 357 376 358
f 355 377 356
f 356 377 378
f 356 378 379
f 379 378 380
f 379 380 381
f 381 380 382
f 381 382 383
f 383 382 384
f 383 384 385
f 385 384 386
f 385 386 319
f 319 386 387
f 319 387 320
f 388 389 390
f 388 390 391
f 391 390 392
f 391 392 393
f 393 392 394
f 393 394 395
f 395 394 396
f 395 396 397
f 397 396 398
f 397 398 399
f 399 398 400
f 399 400 401
f 401 400 402
f 401 402 403
f 403 402 404
f 403 404 405
f 405 404 406
f 405 406 407
f 407 406 408
f 407 408 409
f 409 408 410
f 409 410 389
f 389 410 411
f 389 411 390
f 412 413 414
f 414 413 415
f 414 415 416
f 416 415 417
f 416 417 418
f 418 417 419
f 418 419 420
f 420 419 421
f 420 421 422
f 422 421 423
f 423 421 424
f 423 424 425
f 425 424 426
f 425 426 427
f 427 426 428
f 427 428 429
f 429 428 430
f 429 430 431
f 431 430 432
f 431 432 433
f 433 432 434
f 433 434 412
f 412 434 435
f 412 435 413
f 436 437 438
f 438 437 439
f 439 437 440
f 439 440 441
f 441 440 442
f 441 442 443
f 443 442 444
f 443 444 445
f 445 444 446
f 445 446 447
f 447 446 448
f 447 448 449
f 438 450 436
f 436 450 451
f 436 451 452
f 452 451 453
f 452 453 454
f 454 453 455
f 454 455 456
f 456 455 457
f 456 457 458
f 458 457 449
f 458 449 459
f 459 449 448
f 460 461 462
f 462 461 463
f 462 463 464
f 464 463 465
f 464 465 466
f 466 465 467
f 467 465 468
f 467 468 469
f 469 468 470
f 469 470 471
f 471 470 472
f 471 472 473
f 473 472 474
f 473 474 475
f 475 474 476
f 475 476 477
f 477 476 478
f 477 478 479
f 479 478 480
f 479 480 481
f 481 480 482
f 481 482 460
f 460 482 483
f 460 483 461
f 484 485 486
f 486 485 487
f 486 487 488
f 488 487 489
f 488 489 490
f 490 489 491
f 490 491 492
f 492 491 493
f 492 493 494
f 494 493 495
f 494 495 496
f 496 495 497
f 496 497 498
f 498 497 499
f 498 499 500
f 500 499 501
f 500 501 502
f 502 501 503
f 502 503 504
f 504 503 505
f 504 505 506
f 506 505 507
f 506 507 484
f 484 507 485
f 508 509 510
f 510 509 511
f 511 509 512
f 511 512 513
f 513 512 514
f 513 514 515
f 515 514 516
f 515 516 517
f 517 516 518
f 517 518 519
f 519 518 520
f 519 520 521
f 520 522 521
f 521 522 523
f 521 523 524
f 524 523 525
f 524 525 526
f 526 525 527
f 526 527 528
f 528 527 529
f 528 529 530
f 530 529 508
f 530 508 531
f 531 508 510
f 532 533 534
f 535 536 537
f 537 536 538
f 534 533 539
f 540 541 542
f 543 544 540
f 541 545 542
f 542 545 546
f 542 546 547
f 547 548 542
f 542 548 549
f 542 549 550
f 550 551 542
f 542 551 552
f 542 552 553
f 553 554 542
f 542 554 555
f 542 555 556
f 557 558 559
f 559 558 560
f 557 561 558
f 558 561 562
f 558 562 563
f 563 564 558
f 558 564 565
f 558 565 566
f 566 567 558
f 558 567 568
f 558 568 569
f 569 570 558
f 558 570 571
f 558 571 572
f 573 574 575
f 533 576 539
f 539 576 577
f 539 577 575
f 575 577 578
f 575 578 573
f 574 579 580
f 580 579 581
f 580 581 582
f 574 580 575
f 575 580 583
f 575 583 584
f 584 583 585
f 584 585 586
f 586 585 587
f 586 587 588
f 588 587 589
f 588 589 590
f 590 589 591
f 590 591 592
f 592 591 593
f 592 593 594
f 594 593 595
f 594 595 596
f 596 595 597
f 596 597 598
f 598 597 558
f 598 558 599
f 599 558 572
f 599 572 600
f 540 542 543
f 543 542 601
f 543 601 602
f 602 601 603
f 602 603 604
f 604 603 605
f 604 605 606
f 606 605 607
f 606 607 608
f 608 607 609
f 608 609 610
f 610 609 611
f 610 611 612
f 612 611 613
f 612 613 614
f 614 613 615
f 614 615 616
f 616 615 536
f 616 536 534
f 534 536 535
f 534 535 532
f 617 618 619
f 619 618 620
f 619 620 621
f 622 623 624
f 625 626 627
f 628 624 629
f 629 624 630
f 629 630 631
f 631 630 632
f 631 632 633
f 633 632 634
f 633 634 635
f 635 634 636
f 637 638 639
f 639 638 640
f 626 641 627
f 627 641 642
f 627 642 643
f 644 645 646
f 647 648 649
f 649 648 650
f 649 650 651
f 651 650 652
f 651 652 653
f 653 652 654
f 653 654 655
f 655 654 656
f 655 656 657
f 649 658 659
f 659 660 649
f 649 660 661
f 649 661 647
f 647 661 662
f 647 662 663
f 664 665 666
f 666 665 667
f 666 667 668
f 669 670 627
f 627 670 671
f 627 671 625
f 672 673 674
f 673 675 674
f 674 675 676
f 674 676 677
f 678 679 680
f 680 679 681
f 680 681 649
f 649 681 682
f 649 682 658
f 628 683 624
f 624 683 684
f 624 684 622
f 622 684 685
f 622 685 662
f 662 685 686
f 662 686 663
f 623 687 624
f 624 687 688
f 624 688 689
f 690 691 692
f 693 694 674
f 695 696 697
f 697 696 698
f 697 698 699
f 689 700 624
f 624 700 690
f 624 690 701
f 701 690 692
f 668 702 666
f 666 702 703
f 666 703 634
f 634 703 704
f 634 704 636
f 643 705 627
f 627 705 706
f 627 706 639
f 706 707 639
f 639 707 708
f 639 708 709
f 645 710 646
f 646 710 711
f 646 711 712
f 709 713 639
f 639 713 714
f 639 714 637
f 620 538 621
f 621 538 536
f 621 536 715
f 715 536 615
f 715 615 716
f 716 615 613
f 716 613 717
f 717 613 611
f 717 611 718
f 718 611 609
f 718 609 719
f 719 609 607
f 719 607 720
f 720 607 605
f 720 605 721
f 721 605 603
f 721 603 722
f 722 603 601
f 722 601 723
f 723 601 542
f 723 542 627
f 627 542 556
f 627 556 669
f 674 694 646
f 646 694 724
f 646 724 644
f 657 725 655
f 655 725 726
f 655 726 697
f 697 726 727
f 697 727 695
f 640 728 639
f 639 728 729
f 639 729 666
f 666 729 730
f 666 730 664
f 677 731 674
f 674 731 732
f 674 732 693
f 712 733 646
f 646 733 734
f 646 734 735
f 699 736 697
f 697 736 737
f 697 737 674
f 674 737 738
f 674 738 672
f 582 618 580
f 580 618 617
f 580 617 583
f 583 617 739
f 583 739 585
f 585 739 740
f 585 740 587
f 587 740 741
f 587 741 589
f 589 741 742
f 589 742 591
f 591 742 743
f 591 743 593
f 593 743 744
f 593 744 595
f 595 744 745
f 595 745 597
f 597 745 746
f 597 746 558
f 558 746 747
f 558 747 560
f 560 747 646
f 560 646 748
f 748 646 735
f 690 700 749
f 749 700 750
f 751 682 752
f 752 682 681
f 660 659 290
f 290 659 288
f 299 301 687
f 687 301 688
f 753 754 755
f 756 757 754
f 754 757 758
f 754 758 755
f 759 760 756
f 756 760 761
f 756 761 757
f 762 763 759
f 759 763 764
f 759 764 760
f 765 766 762
f 762 766 767
f 762 767 763
f 768 769 765
f 765 769 770
f 765 770 766
f 771 772 768
f 768 772 773
f 768 773 769
f 774 775 771
f 771 775 776
f 771 776 772
f 777 778 774
f 774 778 779
f 774 779 775
f 780 781 777
f 777 781 782
f 777 782 778
f 783 784 780
f 780 784 785
f 780 785 781
f 786 787 783
f 783 787 788
f 783 788 784
f 789 790 786
f 786 790 791
f 786 791 787
f 792 793 789
f 789 793 794
f 789 794 790
f 795 796 792
f 792 796 797
f 792 797 793
f 798 799 795
f 795 799 800
f 795 800 796
f 801 802 798
f 798 802 803
f 798 803 799
f 804 805 801
f 801 805 806
f 801 806 802
f 807 808 804
f 804 808 809
f 804 809 805
f 810 811 807
f 807 811 812
f 807 812 808
f 813 814 810
f 810 814 815
f 810 815 811
f 816 817 813
f 813 817 818
f 813 818 814
f 755 819 753
f 753 819 820
f 753 820 816
f 816 820 821
f 816 821 817
f 686 822 823
f 823 822 824
f 825 826 827
f 827 826 828
f 827 828 829
f 829 828 830
f 829 830 822
f 822 830 831
f 822 831 824
f 832 833 834
f 834 833 835
f 834 835 827
f 827 835 836
f 827 836 825
f 837 838 839
f 839 838 840
f 839 840 841
f 837 842 838
f 838 842 843
f 838 843 844
f 845 846 847
f 847 846 848
f 848 849 847
f 847 849 850
f 847 850 840
f 840 850 851
f 840 851 841
f 852 853 854
f 852 854 855
f 854 856 855
f 855 856 857
f 855 857 858
f 858 859 855
f 855 859 860
f 855 860 845
f 845 860 861
f 845 861 846
f 862 863 864
f 864 863 865
f 866 867 868
f 868 867 869
f 870 871 872
f 873 874 872
f 872 874 875
f 872 875 870
f 871 876 872
f 872 876 877
f 872 877 878
f 879 880 881
f 881 880 882
f 881 882 883
f 883 882 884
f 883 884 885
f 873 872 886
f 886 872 887
f 886 887 888
f 888 887 889
f 888 889 890
f 891 892 889
f 889 892 893
f 889 893 890
f 894 895 896
f 896 895 897
f 896 897 891
f 891 897 898
f 891 898 892
f 894 896 899
f 899 896 900
f 899 900 901
f 901 900 902
f 902 900 903
f 902 903 904
f 905 906 907
f 907 906 908
f 907 908 909
f 909 908 910
f 909 910 911
f 912 913 914
f 914 913 915
f 915 916 914
f 914 916 917
f 914 917 903
f 903 917 918
f 903 918 904
f 911 912 909
f 909 912 914
f 909 914 919
f 919 914 920
f 919 920 921
f 921 920 922
f 923 924 925
f 925 924 926
f 925 926 920
f 920 926 927
f 920 927 922
f 869 867 928
f 928 929 869
f 869 929 930
f 869 930 925
f 925 930 931
f 925 931 923
f 865 863 932
f 932 863 933
f 934 935 936
f 936 935 937
f 936 937 863
f 863 937 938
f 863 938 933
f 878 879 872
f 872 879 881
f 872 881 939
f 939 881 940
f 939 940 941
f 941 942 939
f 939 942 943
f 939 943 936
f 936 943 944
f 936 944 934
f 945 946 947
f 947 946 948
f 947 948 949
f 949 948 950
f 949 950 951
f 951 950 952
f 951 952 953
f 953 952 954
f 953 954 955
f 955 954 956
f 955 956 957
f 957 956 958
f 957 958 959
f 959 958 960
f 959 960 961
f 961 960 962
f 961 962 963
f 963 962 964
f 963 964 965
f 965 964 966
f 965 966 967
f 967 966 968
f 967 968 969
f 969 968 970
f 969 970 971
f 971 970 972
f 971 972 973
f 973 972 974
f 973 974 975
f 975 974 976
f 975 976 977
f 977 976 978
f 977 978 979
f 979 978 980
f 979 980 981
f 981 980 982
f 981 982 983
f 983 982 984
f 983 984 985
f 985 984 986
f 985 986 987
f 987 986 988
f 987 988 989
f 989 988 990
f 989 990 991
f 991 990 992
f 991 992 945
f 945 992 946
f 993 994 995
f 995 994 996
f 995 996 997
f 997 996 998
f 997 998 999
f 999 998 1000
f 999 1000 1001
f 1001 1000 1002
f 1001 1002 1003
f 1003 1002 1004
f 1003 1004 1005
f 1005 1004 1006
f 1005 1006 1007
f 1007 1006 1008
f 1007 1008 1009
f 1009 1008 1010
f 1009 1010 1011
f 1011 1010 1012
f 1011 1012 1013
f 1013 1012 1014
f 1013 1014 1015
f 1015 1014 1016
f 1015 1016 1017
f 1017 1016 1018
f 1019 1020 1021
f 1022 1023 1024
f 1024 1023 1025
f 1024 1025 1026
f 1022 1027 1023
f 1023 1027 1028
f 1023 1028 1019
f 1025 1029 1030
f 1030 1031 1025
f 1025 1031 1032
f 1025 1032 1026
f 1033 1034 1035
f 1035 1034 1036
f 1035 1036 1037
f 1038 1039 1040
f 1040 1039 1041
f 1041 1042 1040
f 1040 1042 1043
f 1040 1043 1035
f 1035 1043 1044
f 1035 1044 1033
f 1019 1021 1023
f 1023 1021 1045
f 1023 1045 1046
f 1045 1047 1046
f 1046 1047 1048
f 1046 1048 1049
f 1048 1050 1049
f 1049 1050 1051
f 1049 1051 1052
f 1051 1053 1052
f 1052 1053 1054
f 1052 1054 1055
f 1054 1056 1055
f 1055 1056 1057
f 1055 1057 1058
f 1058 1057 1059
f 1058 1059 1060
f 1060 1059 1061
f 1060 1061 1062
f 1062 1061 1063
f 1064 1065 1066
f 1066 1065 1067
f 1066 1067 1068
f 1068 1067 1069
f 1068 1069 1070
f 1070 1069 1071
f 1070 1071 1072
f 1072 1071 1073
f 1072 1073 1063
f 1063 1073 1074
f 1063 1074 1062
f 1064 1075 1065
f 1065 1075 1076
f 1065 1076 1077
f 1077 1076 1078
f 1078 1076 1079
f 1078 1079 1080
f 1080 1079 1081
f 1080 1081 1082
f 1082 1081 1083
f 1082 1083 1084
f 1083 1085 1084
f 1084 1085 1086
f 1084 1086 1087
f 1087 1086 1088
f 1087 1088 1089
f 1090 1091 1092
f 1092 1091 1093
f 1092 1093 1088
f 1088 1093 1094
f 1088 1094 1089
f 1092 1095 1090
f 1090 1095 1096
f 1090 1096 1097
f 1096 1098 1097
f 1097 1098 1099
f 1097 1099 1100
f 1099 1101 1100
f 1100 1101 1102
f 1100 1102 1103
f 1102 1104 1103
f 1103 1104 1105
f 1103 1105 1106
f 1107 1038 1108
f 1108 1038 1040
f 1108 1040 1109
f 1109 1040 1106
f 1109 1106 1110
f 1110 1106 1105
f 1023 1111 1025
f 1052 1112 1049
f 1074 1073 1113
f 1113 1073 1071
f 1080 1114 1078
f 1089 1094 1115
f 885 884 1116
f 1117 1118 1119
f 1120 1121 1122
f 1123 1124 1125
f 1126 1127 1128
f 1129 1130 1131
f 1131 1130 1132
f 1132 1130 1127
f 1127 1130 1133
f 1127 1133 1128
f 1082 1134 1135
f 1082 1135 1080
f 1080 1135 1136
f 1080 1136 1114
f 1114 1136 1137
f 1114 1137 1138
f 1138 1137 1139
f 1138 1139 1128
f 1128 1139 1140
f 1128 1140 1126
f 1131 1141 1129
f 1129 1141 1142
f 1129 1142 1134
f 1134 1142 1143
f 1134 1143 1135
f 1125 1124 1144
f 1144 1124 1145
f 1144 1145 1146
f 1147 1148 1149
f 1149 1148 1150
f 1149 1150 1151
f 1151 1150 1152
f 1151 1152 1077
f 1077 1152 1153
f 1153 1154 1077
f 1077 1154 1155
f 1077 1155 1065
f 1065 1155 1156
f 1115 1157 1158
f 1159 1160 1130
f 1130 1160 1161
f 1130 1161 1162
f 1163 1164 1165
f 1165 1164 1166
f 1165 1166 1167
f 1157 1115 1168
f 1168 1115 1169
f 1168 1169 1170
f 1166 1171 1167
f 1167 1171 1170
f 1167 1170 1172
f 1172 1170 1169
f 1172 1169 1173
f 1173 1169 1174
f 1173 1174 1175
f 1175 1174 1176
f 1176 1174 1177
f 1176 1177 1178
f 1179 1180 1181
f 1182 1183 1184
f 1184 1183 1185
f 1186 1187 1188
f 1185 1189 1184
f 1184 1189 1190
f 1184 1190 1191
f 1181 1192 1179
f 1179 1192 1193
f 1179 1193 1194
f 1194 1193 1195
f 1194 1195 1196
f 1196 1195 1191
f 1196 1191 1197
f 1197 1191 1190
f 1177 1198 1178
f 1178 1198 1199
f 1178 1199 1200
f 1200 1199 1188
f 1200 1188 1201
f 1201 1188 1187
f 1201 1187 1182
f 1182 1187 1202
f 1182 1202 1183
f 1203 1204 1184
f 1184 1204 1205
f 1206 1207 1191
f 1191 1207 1208
f 1191 1208 1184
f 1184 1208 1209
f 1184 1209 1203
f 1204 1210 1205
f 1205 1210 1211
f 1205 1211 1122
f 1122 1211 1212
f 1122 1212 1120
f 1213 1214 1215
f 1213 1215 1216
f 1217 1218 1219
f 1220 1221 1222
f 1222 1221 1223
f 1222 1223 1224
f 1224 1223 1205
f 1224 1205 1225
f 1225 1205 1122
f 1226 1227 1228
f 1228 1227 1217
f 1228 1217 1229
f 1229 1217 1219
f 1122 1230 1225
f 1225 1230 1231
f 1225 1231 1232
f 1231 1233 1232
f 1232 1233 1234
f 1232 1234 1218
f 1218 1234 1235
f 1218 1235 1219
f 1236 1237 1215
f 1238 1239 1240
f 1240 1239 1241
f 1237 1242 1215
f 1215 1242 1243
f 1215 1243 1244
f 1220 1216 1221
f 1221 1216 1215
f 1221 1215 1245
f 1245 1215 1244
f 1246 1247 1248
f 1248 1247 1240
f 1248 1240 1249
f 1244 1250 1245
f 1245 1250 1251
f 1245 1251 1241
f 1241 1251 1252
f 1241 1252 1240
f 1240 1252 1253
f 1240 1253 1249
f 1254 1255 1238
f 1060 1256 1257
f 1257 1258 1060
f 1060 1258 1254
f 1060 1254 1058
f 1259 1255 1260
f 1260 1255 1254
f 1260 1254 1261
f 1261 1254 1258
f 1259 1262 1255
f 1255 1262 1263
f 1255 1263 1264
f 1264 1263 1265
f 1264 1265 1117
f 1117 1265 1266
f 1117 1266 1118
f 1267 1268 1269
f 1269 1268 1270
f 1269 1270 1117
f 1228 906 905
f 1214 1226 1215
f 1215 1226 1228
f 1215 1228 1271
f 1271 1228 905
f 1271 1272 1215
f 1215 1272 1273
f 1215 1273 1274
f 1274 1275 1215
f 1215 1275 1247
f 1215 1247 1236
f 1236 1247 1246
f 1180 1186 1181
f 1181 1186 1188
f 1181 1188 1276
f 1276 1188 1199
f 1276 1199 1277
f 1277 1199 1116
f 1199 1278 1279
f 1279 1280 1199
f 1199 1280 1281
f 1199 1281 1116
f 1116 1281 1282
f 1116 1282 885
f 1283 1284 1285
f 1284 1286 1285
f 1285 1286 1287
f 1285 1287 1288
f 1288 1287 1289
f 1288 1289 1290
f 1035 1291 1040
f 1040 1291 1288
f 1040 1288 1106
f 1106 1288 1290
f 1290 1292 1106
f 1106 1292 1293
f 1106 1293 1103
f 1293 1294 1103
f 1103 1294 1295
f 1103 1295 1100
f 1100 1295 1296
f 1100 1296 1297
f 1285 1091 1090
f 1297 1283 1100
f 1100 1283 1285
f 1100 1285 1097
f 1097 1285 1090
f 1158 1159 1115
f 1115 1159 1130
f 1115 1130 1089
f 1089 1130 1129
f 1089 1129 1087
f 1087 1129 1134
f 1087 1134 1084
f 1084 1134 1082
f 1156 1123 1065
f 1065 1123 1125
f 1065 1125 1067
f 1067 1125 1144
f 1067 1144 1069
f 1069 1144 1298
f 1069 1298 1071
f 1071 1298 1299
f 1071 1299 1113
f 1113 1299 1300
f 1113 1300 1074
f 1074 1300 1062
f 1112 1052 1254
f 1254 1052 1055
f 1254 1055 1058
f 1111 1023 1301
f 1301 1023 1046
f 1301 1046 1302
f 1303 1304 1254
f 1254 1304 1305
f 1254 1305 1112
f 1112 1305 1306
f 1112 1306 1307
f 1307 1308 1112
f 1112 1308 1302
f 1112 1302 1049
f 1049 1302 1046
f 1309 1301 1310
f 1310 1301 1302
f 1310 1302 1311
f 1311 1302 1308
f 1309 1312 1301
f 1301 1312 1313
f 1301 1313 1314
f 1275 1029 1247
f 1247 1029 1025
f 1247 1025 1240
f 1240 1025 1111
f 1240 1111 1238
f 1238 1111 1301
f 1238 1301 1254
f 1254 1301 1314
f 1254 1314 1303
f 1256 1060 1119
f 1119 1060 1062
f 1119 1062 1117
f 1117 1062 1300
f 1117 1300 1269
f 1269 1300 1299
f 1269 1299 1267
f 1267 1299 1315
f 1267 1315 1316
f 1317 1298 1318
f 1318 1298 1144
f 1318 1144 1319
f 1319 1144 1320
f 1317 1321 1298
f 1298 1321 1322
f 1298 1322 1299
f 1299 1322 1323
f 1315 1324 1144
f 1144 1324 1325
f 1144 1325 1320
f 1323 1326 1299
f 1299 1326 1327
f 1299 1327 1315
f 1315 1327 1328
f 1315 1328 1324
f 1146 1147 1144
f 1144 1147 1149
f 1144 1149 1315
f 1315 1149 1329
f 1315 1329 1316
f 1316 1329 1330
f 1077 1078 1151
f 1151 1078 1114
f 1151 1114 1149
f 1149 1114 1138
f 1149 1138 1329
f 1329 1138 1128
f 1329 1128 1330
f 1330 1128 1133
f 1330 1133 1331
f 1331 1133 1130
f 1331 1130 1165
f 1165 1130 1162
f 1165 1162 1163
f 1332 1333 1174
f 1333 1334 1174
f 1174 1334 1335
f 1174 1335 1177
f 1177 1335 1336
f 1177 1336 1337
f 1291 1338 1339
f 1278 1199 1037
f 1037 1199 1198
f 1037 1198 1035
f 1035 1198 1177
f 1035 1177 1291
f 1291 1177 1337
f 1291 1337 1338
f 1339 1340 1291
f 1291 1340 1341
f 1291 1341 1288
f 1288 1341 1342
f 1288 1342 1343
f 1094 1093 1115
f 1115 1093 1091
f 1115 1091 1169
f 1169 1091 1285
f 1169 1285 1174
f 1174 1285 1288
f 1174 1288 1332
f 1332 1288 1343
f 1218 1344 1232
f 1232 1344 1345
f 1232 1345 1225
f 1225 1345 1346
f 1225 1346 1224
f 1224 1346 1347
f 1224 1347 1222
f 1222 1347 1348
f 1222 1348 1220
f 1220 1348 1349
f 1220 1349 1216
f 1216 1349 1350
f 1216 1350 1213
f 1213 1350 1351
f 1213 1351 1214
f 1214 1351 1352
f 1214 1352 1226
f 1226 1352 1353
f 1226 1353 1227
f 1227 1353 1354
f 1227 1354 1217
f 1217 1354 1355
f 1217 1355 1218
f 1218 1355 1344
f 1352 312 1353
f 1353 312 314
f 1353 314 1354
f 1354 314 316
f 1354 316 1355
f 1355 316 279
f 1355 279 1344
f 1344 279 281
f 1344 281 1345
f 281 283 1345
f 1345 283 285
f 1345 285 1346
f 1346 285 1356
f 1346 1356 1347
f 1347 1356 1357
f 1347 1357 1348
f 1348 1357 1358
f 1348 1358 1349
f 1349 1358 1359
f 1349 1359 1350
f 1350 1359 1360
f 1350 1360 1351
f 1351 1360 1361
f 1351 1361 1352
f 1352 1361 1362
f 1352 1362 312
f 1132 1363 1131
f 1131 1363 1364
f 1131 1364 1141
f 1141 1364 1365
f 1141 1365 1142
f 1142 1365 1366
f 1142 1366 1143
f 1143 1366 1367
f 1143 1367 1135
f 1135 1367 1368
f 1135 1368 1136
f 1136 1368 1369
f 1136 1369 1137
f 1137 1369 1370
f 1137 1370 1139
f 1139 1370 1371
f 1139 1371 1140
f 1140 1371 1372
f 1140 1372 1126
f 1126 1372 1373
f 1126 1373 1127
f 1127 1373 1374
f 1127 1374 1132
f 1132 1374 1363
f 1365 350 1366
f 1366 350 352
f 1366 352 1367
f 1367 352 354
f 1367 354 1368
f 1368 354 356
f 1368 356 1369
f 1369 356 379
f 1369 379 1370
f 379 381 1370
f 1370 381 383
f 1370 383 1371
f 1371 383 1375
f 1371 1375 1372
f 1372 1375 1376
f 1372 1376 1373
f 1373 1376 1377
f 1373 1377 1374
f 1374 1377 1378
f 1374 1378 1363
f 1363 1378 1379
f 1363 1379 1364
f 1364 1379 1380
f 1364 1380 1365
f 1365 1380 1381
f 1365 1381 350
f 1309 1382 1312
f 1312 1382 1383
f 1312 1383 1313
f 1313 1383 1384
f 1313 1384 1314
f 1314 1384 1385
f 1314 1385 1303
f 1303 1385 1386
f 1303 1386 1304
f 1304 1386 1387
f 1304 1387 1305
f 1305 1387 1388
f 1305 1388 1306
f 1306 1388 1389
f 1306 1389 1307
f 1307 1389 1390
f 1307 1390 1308
f 1308 1390 1391
f 1308 1391 1311
f 1311 1391 1392
f 1311 1392 1310
f 1310 1392 1393
f 1310 1393 1309
f 1309 1393 1382
f 1388 265 1389
f 1389 265 267
f 1389 267 1390
f 1390 267 269
f 1390 269 1394
f 1394 269 1395
f 1394 1395 1392
f 1392 1395 253
f 1392 253 1393
f 253 255 1393
f 1393 255 257
f 1393 257 1382
f 1382 257 1396
f 1382 1396 1383
f 1383 1396 1397
f 1383 1397 1384
f 1384 1397 1398
f 1384 1398 1399
f 1399 1398 1400
f 1399 1400 1386
f 1386 1400 1401
f 1386 1401 1387
f 1387 1401 1402
f 1387 1402 1388
f 1388 1402 1403
f 1388 1403 265
f 1404 1405 1406
f 1406 1405 1407
f 1406 1407 1408
f 1409 1410 1404
f 1404 1410 1411
f 1404 1411 1405
f 1412 1206 1409
f 1409 1206 1413
f 1409 1413 1410
f 1408 1414 1406
f 1406 1414 1121
f 1406 1121 1415
f 1415 1121 1120
f 1415 1120 1416
f 1416 1120 1212
f 1416 1212 1417
f 1417 1212 1211
f 1417 1211 1418
f 1418 1211 1210
f 1418 1210 1419
f 1419 1210 1204
f 1419 1204 1420
f 1420 1204 1203
f 1420 1203 1421
f 1421 1203 1209
f 1421 1209 1422
f 1422 1209 1208
f 1422 1208 1412
f 1412 1208 1207
f 1412 1207 1206
f 1412 289 1422
f 1422 289 1423
f 1422 1423 1421
f 1421 1423 1424
f 1421 1424 1420
f 1420 1424 1425
f 1420 1425 1426
f 1426 1425 1427
f 1426 1427 1418
f 1418 1427 1428
f 1418 1428 1417
f 1417 1428 1429
f 1417 1429 1416
f 1429 1430 1416
f 1416 1430 302
f 1416 302 1415
f 1415 302 300
f 1415 300 1406
f 1406 300 298
f 1406 298 1404
f 1404 298 1431
f 1404 1431 1409
f 1409 1431 293
f 1409 293 1412
f 1412 293 291
f 1412 291 289
f 1292 1432 1293
f 1293 1432 1433
f 1293 1433 1294
f 1294 1433 1434
f 1294 1434 1295
f 1295 1434 1435
f 1295 1435 1296
f 1296 1435 1436
f 1296 1436 1297
f 1297 1436 1437
f 1297 1437 1283
f 1283 1437 1438
f 1283 1438 1284
f 1284 1438 1439
f 1284 1439 1286
f 1286 1439 1440
f 1286 1440 1287
f 1287 1440 1441
f 1287 1441 1289
f 1289 1441 1442
f 1289 1442 1290
f 1290 1442 1443
f 1290 1443 1292
f 1292 1443 1432
f 1437 278 1438
f 1438 278 1444
f 1438 1444 1439
f 1439 1444 1445
f 1439 1445 1440
f 1440 1445 1446
f 1440 1446 1447
f 1447 1446 1448
f 1447 1448 1442
f 1442 1448 1449
f 1442 1449 1443
f 1443 1449 1450
f 1443 1450 1432
f 1450 1451 1432
f 1432 1451 367
f 1432 367 1433
f 1433 367 369
f 1433 369 1434
f 1434 369 371
f 1434 371 1452
f 1452 371 1453
f 1452 1453 1436
f 1436 1453 274
f 1436 274 1437
f 1437 274 276
f 1437 276 278
f 1147 1454 1148
f 1148 1454 1455
f 1148 1455 1150
f 1150 1455 1456
f 1150 1456 1152
f 1152 1456 1457
f 1152 1457 1153
f 1153 1457 1458
f 1153 1458 1154
f 1154 1458 1459
f 1154 1459 1155
f 1155 1459 1460
f 1155 1460 1156
f 1156 1460 1461
f 1156 1461 1123
f 1123 1461 1462
f 1123 1462 1124
f 1124 1462 1463
f 1124 1463 1145
f 1145 1463 1464
f 1145 1464 1146
f 1146 1464 1465
f 1146 1465 1147
f 1147 1465 1454
f 1457 319 1458
f 1458 319 321
f 1458 321 1459
f 1459 321 323
f 1459 323 1466
f 1466 323 1467
f 1466 1467 1461
f 1461 1467 260
f 1461 260 1462
f 260 262 1462
f 1462 262 264
f 1462 264 1463
f 1463 264 1468
f 1463 1468 1464
f 1464 1468 1469
f 1464 1469 1465
f 1465 1469 1470
f 1465 1470 1454
f 1454 1470 1471
f 1454 1471 1455
f 1455 1471 1472
f 1455 1472 1456
f 1456 1472 1473
f 1456 1473 1457
f 1457 1473 1474
f 1457 1474 319
f 1171 528 1170
f 1170 528 530
f 1170 530 1168
f 1168 530 531
f 1168 531 1157
f 1157 531 510
f 1157 510 1158
f 1158 510 511
f 1158 511 1159
f 1159 511 513
f 1159 513 1160
f 1160 513 515
f 1160 515 1161
f 1161 515 517
f 1161 517 1162
f 1162 517 519
f 1162 519 1163
f 1163 519 521
f 1163 521 1164
f 1164 521 524
f 1164 524 1166
f 1166 524 526
f 1166 526 1171
f 1171 526 528
f 1327 391 1328
f 1328 391 393
f 1328 393 1324
f 1324 393 395
f 1324 395 1325
f 1325 395 397
f 1325 397 1320
f 1320 397 399
f 1320 399 1319
f 1319 399 401
f 1319 401 1318
f 1318 401 403
f 1318 403 1317
f 1317 403 405
f 1317 405 1321
f 1321 405 407
f 1321 407 1322
f 1322 407 409
f 1322 409 1323
f 1323 409 389
f 1323 389 1326
f 1326 389 388
f 1326 388 1327
f 1327 388 391
f 1259 429 1262
f 1262 429 431
f 1262 431 1263
f 1263 431 433
f 1263 433 1265
f 1265 433 412
f 1265 412 1266
f 1266 412 414
f 1266 414 1118
f 1118 414 416
f 1118 416 1119
f 1119 416 418
f 1119 418 1256
f 1256 418 420
f 1256 420 1257
f 1257 420 422
f 1257 422 1258
f 1258 422 423
f 1258 423 1261
f 1261 423 425
f 1261 425 1260
f 1260 425 427
f 1260 427 1259
f 1259 427 429
f 1237 443 1242
f 1242 443 445
f 1242 445 1243
f 1243 445 447
f 1243 447 1244
f 1244 447 449
f 1244 449 1250
f 1250 449 457
f 1250 457 1251
f 1251 457 455
f 1251 455 1252
f 1252 455 453
f 1252 453 1253
f 1253 453 451
f 1253 451 1249
f 1249 451 450
f 1249 450 1248
f 1248 450 438
f 1248 438 1246
f 1246 438 439
f 1246 439 1236
f 1236 439 441
f 1236 441 1237
f 1237 441 443
f 1194 475 1179
f 1179 475 477
f 1179 477 1180
f 1180 477 479
f 1180 479 1186
f 1186 479 481
f 1186 481 1187
f 1187 481 460
f 1187 460 1202
f 1202 460 462
f 1202 462 1183
f 1183 462 464
f 1183 464 1185
f 1185 464 466
f 1185 466 1189
f 1189 466 467
f 1189 467 1190
f 1190 467 469
f 1190 469 1197
f 1197 469 471
f 1197 471 1196
f 1196 471 473
f 1196 473 1194
f 1194 473 475
f 1338 502 1339
f 1339 502 504
f 1339 504 1340
f 1340 504 506
f 1340 506 1341
f 1341 506 484
f 1341 484 1342
f 1342 484 486
f 1342 486 1343
f 1343 486 488
f 1343 488 1332
f 1332 488 490
f 1332 490 1333
f 1333 490 492
f 1333 492 1334
f 1334 492 494
f 1334 494 1335
f 1335 494 496
f 1335 496 1336
f 1336 496 498
f 1336 498 1337
f 1337 498 500
f 1337 500 1338
f 1338 500 502
f 1475 1476 1477
f 1477 1476 1478
f 1477 1478 1479
f 1479 1478 1480
f 1479 1480 1481
f 1481 1480 1482
f 1481 1482 1483
f 1483 1482 1484
f 1483 1484 1485
f 1485 1484 1486
f 1485 1486 1487
f 1487 1486 1488
f 1487 1488 1489
f 1489 1488 1490
f 1489 1490 1491
f 1491 1490 1492
f 1491 1492 1493
f 1493 1492 1494
f 1493 1494 1495
f 1495 1494 1496
f 1495 1496 1497
f 1497 1496 1498
f 1497 1498 1499
f 1499 1498 1500
f 1499 1500 1501
f 1501 1500 1502
f 1501 1502 1503
f 1503 1502 1504
f 1503 1504 1505
f 1505 1504 1506
f 1505 1506 1507
f 1507 1506 1508
f 1507 1508 1509
f 1509 1508 1510
f 1509 1510 1511
f 1511 1510 1512
f 1511 1512 1513
f 1513 1512 1514
f 1513 1514 1515
f 1515 1514 1516
f 1515 1516 1517
f 1517 1516 1518
f 1517 1518 1519
f 1519 1518 1520
f 1519 1520 1521
f 1521 1520 1522
f 1521 1522 1523
f 1523 1522 1524
f 1523 1524 1525
f 1525 1524 1526
f 1525 1526 1527
f 1527 1526 1528
f 1527 1528 1529
f 1529 1528 1530
f 1529 1530 1531
f 1531 1530 1532
f 1533 1534 1535
f 1535 1534 1536
f 1535 1536 1537
f 1538 1539 1521
f 1529 1531 1540
f 1540 1531 1541
f 1540 1541 1542
f 1543 1544 1505
f 1489 1545 1546
f 1541 1547 1542
f 1542 1547 1548
f 1542 1548 1549
f 1549 1548 1550
f 1549 1550 1551
f 1551 1550 1552
f 1551 1552 1553
f 1553 1552 1554
f 1553 1554 1555
f 1501 1503 1556
f 1505 1544 1503
f 1503 1544 1557
f 1503 1557 1556
f 1521 1539 1519
f 1519 1539 1558
f 1519 1558 1517
f 1559 1560 1561
f 1489 1546 1487
f 1487 1546 1562
f 1487 1562 1485
f 1485 1562 1563
f 1485 1563 1564
f 1481 1565 1479
f 1479 1565 1477
f 1540 1566 1529
f 1529 1566 1567
f 1529 1567 1527
f 1527 1567 1568
f 1527 1568 1569
f 1499 1501 1570
f 1570 1571 1499
f 1499 1571 1572
f 1499 1572 1497
f 1497 1572 1573
f 1497 1573 1495
f 1495 1573 1574
f 1495 1574 1575
f 1565 1576 1577
f 1558 1578 1517
f 1517 1578 1579
f 1517 1579 1515
f 1515 1579 1580
f 1515 1580 1581
f 1556 1582 1501
f 1501 1582 1583
f 1501 1583 1584
f 1545 1489 1561
f 1561 1489 1491
f 1561 1491 1559
f 1585 1481 1586
f 1586 1481 1483
f 1586 1483 1587
f 1587 1483 1485
f 1587 1485 1588
f 1588 1485 1564
f 1477 1565 1475
f 1475 1565 1577
f 1475 1577 1589
f 1590 1538 1591
f 1591 1538 1521
f 1591 1521 1592
f 1592 1521 1523
f 1592 1523 1593
f 1593 1523 1525
f 1593 1525 1594
f 1594 1525 1527
f 1594 1527 1595
f 1595 1527 1569
f 1596 1543 1597
f 1597 1543 1505
f 1597 1505 1598
f 1598 1505 1507
f 1598 1507 1599
f 1599 1507 1509
f 1599 1509 1600
f 1600 1509 1511
f 1600 1511 1601
f 1601 1511 1513
f 1601 1513 1602
f 1602 1513 1515
f 1602 1515 1603
f 1603 1515 1581
f 1604 1570 1605
f 1605 1570 1501
f 1605 1501 1606
f 1606 1501 1584
f 1575 1607 1495
f 1495 1607 1608
f 1495 1608 1493
f 1493 1608 1609
f 1493 1609 1491
f 1491 1609 1610
f 1491 1610 1559
f 1533 1565 1534
f 1534 1565 1481
f 1534 1481 1611
f 1611 1481 1585
f 1531 1532 1612
f 1531 1612 1541
f 1541 1612 1613
f 1541 1613 1547
f 1547 1613 1614
f 1547 1614 1548
f 1576 1615 1616
f 1576 1616 1577
f 1577 1616 1617
f 1577 1617 1589
f 1589 1617 1476
f 1589 1476 1475
f 1576 1565 1615
f 1615 1565 680
f 1615 680 649
f 1550 1548 701
f 701 1548 1614
f 701 1614 624
f 660 290 661
f 661 290 292
f 661 292 662
f 662 292 294
f 662 294 622
f 622 294 296
f 622 296 623
f 623 296 297
f 623 297 687
f 687 297 299
f 1618 1619 1620
f 1620 1619 1621
f 838 844 1622
f 1622 844 1623
f 1532 634 1612
f 1612 634 632
f 1612 632 1613
f 1613 632 630
f 1613 630 1614
f 1614 630 624
f 1476 655 1478
f 1478 655 697
f 1478 697 1480
f 1480 697 674
f 1480 674 1482
f 1482 674 646
f 1482 646 1484
f 1484 646 747
f 1484 747 1486
f 1486 747 746
f 1486 746 1488
f 1488 746 745
f 1488 745 1490
f 1490 745 744
f 1490 744 1492
f 1492 744 743
f 1492 743 1494
f 1494 743 742
f 1494 742 1496
f 1496 742 741
f 1496 741 1498
f 1498 741 740
f 1498 740 1500
f 1500 740 739
f 1500 739 1502
f 1502 739 617
f 1502 617 1624
f 1624 617 1625
f 1624 1625 1506
f 1506 1625 621
f 1506 621 1508
f 1508 621 715
f 1508 715 1510
f 1510 715 716
f 1510 716 1512
f 1512 716 717
f 1512 717 1514
f 1514 717 718
f 1514 718 1516
f 1516 718 719
f 1516 719 1518
f 1518 719 720
f 1518 720 1520
f 1520 720 721
f 1520 721 1522
f 1522 721 722
f 1522 722 1524
f 1524 722 723
f 1524 723 1526
f 1526 723 627
f 1526 627 1528
f 1528 627 639
f 1528 639 1530
f 1530 639 666
f 1530 666 1532
f 1532 666 634
f 1615 649 1616
f 1616 649 651
f 1616 651 1617
f 1617 651 653
f 1617 653 1476
f 1476 653 655
f 1626 1627 1628
f 1629 1630 1631
f 1631 1632 1629
f 1629 1632 1633
f 1629 1633 1628
f 1628 1633 1634
f 1628 1634 1626
f 822 686 1635
f 1635 1636 822
f 822 1636 1637
f 822 1637 1638
f 1630 1629 1638
f 1638 1629 1639
f 1638 1639 822
f 1640 1641 1642
f 1641 1643 1642
f 1642 1643 1644
f 1642 1644 1645
f 1645 1644 1646
f 1645 1646 1647
f 1648 1649 1642
f 1642 1649 1650
f 1642 1650 1640
f 1651 1652 1653
f 1653 1652 1654
f 1653 1654 1648
f 1648 1654 1655
f 1648 1655 1649
f 1651 1653 1656
f 1656 1653 1657
f 1656 1657 1658
f 1621 1659 1620
f 1620 1659 1660
f 1660 1661 1620
f 1620 1661 1662
f 1620 1662 1657
f 1657 1662 1663
f 1657 1663 1658
f 1664 1665 1666
f 1667 1665 1664
f 1664 1668 1669
f 1670 1668 1664
f 1666 1670 1664
f 1664 1671 1672
f 1673 1671 1664
f 1669 1673 1664
f 1664 1674 1675
f 1676 1674 1664
f 1672 1676 1664
f 1675 1667 1664
f 1667 1677 1665
f 1665 1677 1678
f 1665 1678 1666
f 1666 1678 1679
f 1666 1679 1670
f 1670 1679 1680
f 1670 1680 1668
f 1668 1680 1681
f 1668 1681 1669
f 1669 1681 1682
f 1669 1682 1673
f 1673 1682 1683
f 1673 1683 1671
f 1671 1683 1684
f 1671 1684 1672
f 1672 1684 1685
f 1672 1685 1676
f 1676 1685 1686
f 1676 1686 1674
f 1674 1686 1687
f 1674 1687 1675
f 1675 1687 1688
f 1675 1688 1667
f 1667 1688 1677
f 121 1680 1679
f 121 1689 1680
f 1680 1689 97
f 1680 97 1681
f 1681 97 99
f 1681 99 1682
f 1682 99 101
f 1682 101 1683
f 1683 101 103
f 1683 103 1684
f 1684 103 105
f 1684 105 1685
f 1685 105 107
f 1685 107 1686
f 1686 107 109
f 1686 109 1687
f 1687 109 111
f 1687 111 1688
f 1688 111 113
f 1688 113 1677
f 1677 113 115
f 1677 115 1678
f 1678 115 117
f 1678 117 1679
f 1679 117 119
f 1679 119 121
f 1690 1691 1692
f 1693 1691 1690
f 1690 1694 1695
f 1696 1694 1690
f 1692 1696 1690
f 1690 1697 1698
f 1699 1697 1690
f 1695 1699 1690
f 1690 1700 1701
f 1702 1700 1690
f 1698 1702 1690
f 1701 1693 1690
f 1693 1703 1691
f 1691 1703 1704
f 1691 1704 1692
f 1692 1704 1705
f 1692 1705 1696
f 1696 1705 1706
f 1696 1706 1694
f 1694 1706 1707
f 1694 1707 1695
f 1695 1707 1708
f 1695 1708 1699
f 1699 1708 1709
f 1699 1709 1697
f 1697 1709 1710
f 1697 1710 1698
f 1698 1710 1711
f 1698 1711 1702
f 1702 1711 1712
f 1702 1712 1700
f 1700 1712 1713
f 1700 1713 1701
f 1701 1713 1714
f 1701 1714 1693
f 1693 1714 1703
f 1017 1712 1711
f 1017 1715 1712
f 1712 1715 993
f 1712 993 1713
f 1713 993 995
f 1713 995 1714
f 1714 995 997
f 1714 997 1703
f 1703 997 999
f 1703 999 1704
f 1704 999 1001
f 1704 1001 1705
f 1705 1001 1003
f 1705 1003 1706
f 1706 1003 1005
f 1706 1005 1707
f 1707 1005 1007
f 1707 1007 1708
f 1708 1007 1009
f 1708 1009 1709
f 1709 1009 1011
f 1709 1011 1710
f 1710 1011 1013
f 1710 1013 1711
f 1711 1013 1015
f 1711 1015 1017
f 1716 1717 1718
f 1719 1717 1716
f 1716 1720 1721
f 1722 1720 1716
f 1718 1722 1716
f 1716 1723 1724
f 1725 1723 1716
f 1721 1725 1716
f 1716 1726 1727
f 1728 1726 1716
f 1724 1728 1716
f 1727 1719 1716
f 1719 1729 1717
f 1717 1729 1730
f 1717 1730 1718
f 1718 1730 1731
f 1718 1731 1732
f 1732 1731 1733
f 1732 1733 1720
f 1720 1733 1734
f 1720 1734 1721
f 1721 1734 1735
f 1721 1735 1725
f 1725 1735 1736
f 1725 1736 1723
f 1723 1736 1737
f 1723 1737 1724
f 1724 1737 1738
f 1724 1738 1739
f 1739 1738 1740
f 1739 1740 1726
f 1726 1740 1741
f 1726 1741 1727
f 1727 1741 1742
f 1727 1742 1719
f 1719 1742 1729
f 69 1743 1738
f 69 1744 1743
f 1743 1744 45
f 1743 45 1741
f 1741 45 47
f 1741 47 1742
f 1742 47 49
f 1742 49 1729
f 1729 49 51
f 1729 51 1730
f 1730 51 53
f 1730 53 1731
f 1731 53 55
f 1731 55 1745
f 1745 55 1746
f 1745 1746 1734
f 1734 1746 59
f 1734 59 1735
f 1735 59 61
f 1735 61 1736
f 1736 61 63
f 1736 63 1737
f 1737 63 65
f 1737 65 1738
f 1738 65 67
f 1738 67 69
f 1747 1748 1749
f 1750 1748 1747
f 1747 1751 1752
f 1753 1751 1747
f 1749 1753 1747
f 1747 1754 1755
f 1756 1754 1747
f 1752 1756 1747
f 1747 1757 1758
f 1759 1757 1747
f 1755 1759 1747
f 1758 1750 1747
f 1750 1760 1748
f 1748 1760 1761
f 1748 1761 1749
f 1749 1761 1762
f 1749 1762 1763
f 1763 1762 1764
f 1763 1764 1751
f 1751 1764 1765
f 1751 1765 1752
f 1752 1765 1766
f 1752 1766 1756
f 1756 1766 1767
f 1756 1767 1754
f 1754 1767 1768
f 1754 1768 1755
f 1755 1768 1769
f 1755 1769 1770
f 1770 1769 1771
f 1770 1771 1757
f 1757 1771 1772
f 1757 1772 1758
f 1758 1772 1773
f 1758 1773 1750
f 1750 1773 1760
f 43 1774 1762
f 43 1775 1774
f 1774 1775 19
f 1774 19 1765
f 1765 19 21
f 1765 21 1766
f 1766 21 23
f 1766 23 1767
f 1767 23 25
f 1767 25 1768
f 1768 25 27
f 1768 27 1769
f 1769 27 29
f 1769 29 1776
f 1776 29 1777
f 1776 1777 1772
f 1772 1777 33
f 1772 33 1773
f 1773 33 35
f 1773 35 1760
f 1760 35 37
f 1760 37 1761
f 1761 37 39
f 1761 39 1762
f 1762 39 41
f 1762 41 43
f 1778 1779 1780
f 1781 1779 1778
f 1778 1782 1783
f 1784 1782 1778
f 1780 1784 1778
f 1778 1785 1786
f 1787 1785 1778
f 1783 1787 1778
f 1778 1788 1789
f 1790 1788 1778
f 1786 1790 1778
f 1789 1781 1778
f 1781 1791 1779
f 1779 1791 1792
f 1779 1792 1780
f 1780 1792 1793
f 1780 1793 1784
f 1784 1793 1794
f 1784 1794 1782
f 1782 1794 1795
f 1782 1795 1783
f 1783 1795 1796
f 1783 1796 1797
f 1797 1796 1798
f 1797 1798 1785
f 1785 1798 1799
f 1785 1799 1786
f 1786 1799 1800
f 1786 1800 1790
f 1790 1800 1801
f 1790 1801 1788
f 1788 1801 1802
f 1788 1802 1789
f 1789 1802 1803
f 1789 1803 1781
f 1781 1803 1791
f 95 1804 1796
f 95 1805 1804
f 1804 1805 71
f 1804 71 1799
f 1799 71 73
f 1799 73 1800
f 1800 73 75
f 1800 75 1801
f 1801 75 77
f 1801 77 1802
f 1802 77 79
f 1802 79 1803
f 1803 79 81
f 1803 81 1791
f 1791 81 1806
f 1791 1806 1792
f 1792 1806 85
f 1792 85 1793
f 1793 85 87
f 1793 87 1794
f 1794 87 89
f 1794 89 1795
f 1795 89 91
f 1795 91 1796
f 1796 91 93
f 1796 93 95
f 1807 1808 1647
f 1647 1808 1809
f 1809 1808 1810
f 1809 1810 1811
f 1811 1810 1812
f 1811 1812 1813
f 1813 1812 1814
f 1813 1814 1815
f 1815 1814 1816
f 1815 1816 1817
f 1817 1816 1818
f 1817 1818 1819
f 1819 1818 1820
f 1820 1818 1821
f 1820 1821 1822
f 1822 1821 1823
f 1822 1823 1824
f 1824 1823 1825
f 1824 1825 1826
f 1826 1825 1827
f 1826 1827 1828
f 1828 1827 1829
f 1828 1829 1830
f 1829 1831 1830
f 1830 1831 1832
f 1830 1832 1833
f 1834 1835 1836
f 1836 1835 1837
f 1836 1837 1838
f 1838 1837 1839
f 1838 1839 1840
f 1840 1839 1833
f 1840 1833 1841
f 1841 1833 1832
f 1842 560 748
f 1843 1842 1844
f 1640 1845 1641
f 1641 1845 1846
f 1641 1846 1643
f 1643 1846 1847
f 1643 1847 1644
f 1644 1847 1807
f 1644 1807 1646
f 1646 1807 1647
f 1842 748 1844
f 1844 748 735
f 1844 735 1848
f 1848 735 734
f 1848 734 1849
f 1849 734 733
f 1849 733 1850
f 1850 733 712
f 1850 712 1851
f 1851 712 711
f 1851 711 1852
f 1852 711 710
f 1852 710 1853
f 1853 710 645
f 1853 645 1854
f 1854 645 644
f 1854 644 1855
f 1855 644 724
f 1855 724 1856
f 1856 724 694
f 1856 694 1857
f 1857 694 693
f 1857 693 1858
f 1858 693 732
f 1858 732 1859
f 1859 732 731
f 1859 731 1860
f 1860 731 677
f 1860 677 1861
f 1861 677 676
f 1861 676 1862
f 1862 676 675
f 1862 675 1863
f 675 673 1863
f 1863 673 672
f 1863 672 1864
f 1864 672 738
f 1864 738 1865
f 1865 738 737
f 1865 737 1866
f 1866 737 736
f 1866 736 1867
f 1867 736 699
f 1867 699 1868
f 1868 699 698
f 1868 698 1869
f 698 696 1869
f 1869 696 695
f 1869 695 1870
f 1870 695 727
f 1870 727 1871
f 1871 727 726
f 1871 726 1872
f 1872 726 725
f 1872 725 1873
f 1873 725 657
f 1873 657 1874
f 657 656 1874
f 1874 656 654
f 1874 654 1875
f 1875 654 652
f 1875 652 1876
f 1876 652 650
f 1876 650 1877
f 1878 1879 1880
f 1880 1879 1881
f 1880 1881 1877
f 1877 1881 1882
f 1877 1882 1876
f 1876 1882 1883
f 1876 1883 1875
f 1875 1883 1884
f 1875 1884 1874
f 1874 1884 1885
f 1874 1885 1873
f 1873 1885 1886
f 1873 1886 1872
f 1872 1886 1887
f 1872 1887 1871
f 1871 1887 1888
f 1871 1888 1870
f 1870 1888 1889
f 1870 1889 1869
f 1869 1889 1890
f 1869 1890 1868
f 1868 1890 1891
f 1868 1891 1867
f 1867 1891 1892
f 1867 1892 1866
f 1866 1892 1893
f 1866 1893 1865
f 1865 1893 1894
f 1865 1894 1864
f 1864 1894 1895
f 1864 1895 1863
f 1863 1895 1896
f 1863 1896 1862
f 1862 1896 1897
f 1862 1897 1861
f 1861 1897 1898
f 1861 1898 1860
f 1860 1898 1899
f 1860 1899 1859
f 1859 1899 1900
f 1859 1900 1858
f 1858 1900 1901
f 1858 1901 1857
f 1857 1901 1902
f 1857 1902 1856
f 1856 1902 1903
f 1856 1903 1855
f 1855 1903 1904
f 1855 1904 1854
f 1854 1904 1905
f 1854 1905 1853
f 1853 1905 1906
f 1853 1906 1852
f 1852 1906 1907
f 1852 1907 1851
f 1851 1907 1908
f 1851 1908 1850
f 1850 1908 1909
f 1850 1909 1849
f 1849 1909 1910
f 1849 1910 1848
f 1848 1910 1911
f 1848 1911 1844
f 1844 1911 1912
f 1844 1912 1843
f 1843 1912 1913
f 1640 1913 1845
f 1845 1913 1912
f 1845 1912 1846
f 1846 1912 1911
f 1846 1911 1847
f 1847 1911 1910
f 1847 1910 1807
f 1807 1910 1909
f 1807 1909 1808
f 1808 1909 1908
f 1808 1908 1810
f 1810 1908 1907
f 1810 1907 1812
f 1812 1907 1906
f 1812 1906 1814
f 1814 1906 1905
f 1814 1905 1816
f 1816 1905 1904
f 1816 1904 1818
f 1818 1904 1903
f 1818 1903 1821
f 1821 1903 1902
f 1821 1902 1823
f 1823 1902 1901
f 1823 1901 1825
f 1825 1901 1900
f 1825 1900 1827
f 1827 1900 1899
f 1827 1899 1829
f 1829 1899 1898
f 1829 1898 1831
f 1831 1898 1897
f 1831 1897 1832
f 1832 1897 1896
f 1832 1896 1841
f 1841 1896 1895
f 1841 1895 1840
f 1840 1895 1894
f 1840 1894 1838
f 1838 1894 1893
f 1838 1893 1836
f 1836 1893 1892
f 1836 1892 1834
f 1834 1892 1891
f 1834 1891 1914
f 1914 1891 1890
f 1914 1890 1915
f 1915 1890 1889
f 1915 1889 1916
f 1916 1889 1888
f 1916 1888 1917
f 1917 1888 1887
f 1917 1887 1918
f 1918 1887 1886
f 1918 1886 1919
f 1919 1886 1885
f 1919 1885 1920
f 1920 1885 1884
f 1920 1884 1921
f 1921 1884 1883
f 1921 1883 1922
f 1922 1883 1882
f 1922 1882 1923
f 1923 1882 1881
f 1923 1881 1924
f 1924 1881 1879
f 1924 1879 686
f 1878 686 1879
f 650 648 1877
f 1877 648 647
f 1877 647 1880
f 1880 647 663
f 1880 663 1878
f 1878 663 686
f 686 823 1924
f 1924 823 824
f 1924 824 1923
f 1923 824 831
f 1923 831 1922
f 1922 831 830
f 1922 830 1921
f 1921 830 828
f 1921 828 1920
f 1920 828 826
f 1920 826 1919
f 1919 826 825
f 1919 825 1918
f 1918 825 836
f 1918 836 1917
f 1917 836 835
f 1917 835 1916
f 1916 835 833
f 1916 833 1915
f 1915 833 832
f 1915 832 1914
f 1914 832 1925
f 1914 1925 1834
f 1834 1925 1926
f 1834 1926 1835
f 1843 1913 1927
f 1928 1929 1930
f 1621 1931 1932
f 560 1933 559
f 559 1933 1934
f 559 1934 557
f 557 1934 1935
f 557 1935 561
f 561 1935 1936
f 561 1936 562
f 562 1936 1937
f 562 1937 563
f 563 1937 1938
f 563 1938 564
f 564 1938 1939
f 564 1939 565
f 565 1939 1940
f 565 1940 566
f 566 1940 1941
f 566 1941 567
f 567 1941 1942
f 567 1942 568
f 568 1942 1943
f 568 1943 569
f 569 1943 1944
f 569 1944 570
f 570 1944 1930
f 570 1930 571
f 571 1930 1929
f 571 1929 572
f 560 1842 1933
f 1933 1842 1945
f 1933 1945 1934
f 1934 1945 1946
f 1934 1946 1935
f 1935 1946 1947
f 1935 1947 1936
f 1936 1947 1948
f 1936 1948 1937
f 1937 1948 1949
f 1937 1949 1938
f 1938 1949 1950
f 1938 1950 1939
f 1939 1950 1951
f 1939 1951 1940
f 1940 1951 1952
f 1940 1952 1941
f 1941 1952 1953
f 1941 1953 1942
f 1942 1953 1954
f 1942 1954 1943
f 1943 1954 1955
f 1943 1955 1944
f 1944 1955 1956
f 1944 1956 1930
f 1930 1956 1957
f 1930 1957 1928
f 1928 1957 1958
f 1842 1843 1945
f 1945 1843 1927
f 1945 1927 1946
f 1946 1927 1959
f 1946 1959 1947
f 1947 1959 1960
f 1947 1960 1948
f 1948 1960 1961
f 1948 1961 1949
f 1949 1961 1962
f 1949 1962 1950
f 1950 1962 1963
f 1950 1963 1951
f 1951 1963 1964
f 1951 1964 1952
f 1952 1964 1965
f 1952 1965 1953
f 1953 1965 1966
f 1953 1966 1954
f 1954 1966 1967
f 1954 1967 1955
f 1955 1967 1968
f 1955 1968 1956
f 1956 1968 1969
f 1956 1969 1957
f 1957 1969 1932
f 1957 1932 1958
f 1958 1932 1931
f 1621 1932 1659
f 1659 1932 1969
f 1659 1969 1660
f 1660 1969 1968
f 1660 1968 1661
f 1661 1968 1967
f 1661 1967 1662
f 1662 1967 1966
f 1662 1966 1663
f 1663 1966 1965
f 1663 1965 1658
f 1658 1965 1964
f 1658 1964 1656
f 1656 1964 1963
f 1656 1963 1651
f 1651 1963 1962
f 1651 1962 1652
f 1652 1962 1961
f 1652 1961 1654
f 1654 1961 1960
f 1654 1960 1655
f 1655 1960 1959
f 1655 1959 1649
f 1649 1959 1927
f 1649 1927 1650
f 1650 1927 1913
f 1650 1913 1640
f 1621 1619 1931
f 1931 1619 1970
f 1931 1970 1958
f 1958 1970 1928
f 1928 1970 1971
f 1928 1971 1929
f 1929 1971 600
f 1929 600 572
f 1972 540 1973
f 1973 540 544
f 1972 1973 1974
f 1974 1973 1975
f 1974 1975 1976
f 1976 1975 1977
f 1977 1975 1623
f 1977 1623 844
f 686 1978 1979
f 1634 1980 1981
f 1982 1983 1984
f 1985 1986 1982
f 1987 1988 1989
f 1990 1991 1987
f 1992 1993 1994
f 1995 1996 1997
f 1985 1998 1986
f 1986 1998 1627
f 1986 1627 1999
f 1995 1997 2000
f 2000 1997 2001
f 2000 2001 2002
f 2002 2001 2003
f 2002 2003 2004
f 2004 2003 1991
f 2004 1991 2005
f 2005 1991 1990
f 2005 1990 2006
f 2007 2008 2009
f 2009 2008 2010
f 2009 2010 2011
f 2011 2010 2012
f 2011 2012 2013
f 2014 2015 2007
f 2007 2015 2016
f 2007 2016 2008
f 2017 2018 2019
f 2019 2018 2020
f 2019 2020 2014
f 2014 2020 2021
f 2014 2021 2015
f 2022 2023 2024
f 2024 2023 2025
f 2024 2025 2026
f 2026 2025 2027
f 2026 2027 2017
f 2017 2027 2028
f 2017 2028 2018
f 2029 859 858
f 2030 2029 2031
f 2029 858 2031
f 2031 858 857
f 2031 857 2032
f 2032 857 856
f 2032 856 2033
f 2033 856 854
f 2033 854 2034
f 2034 854 853
f 2034 853 2022
f 2022 853 2035
f 2022 2035 2023
f 1994 2030 1992
f 1992 2030 2031
f 1992 2031 2036
f 2036 2031 2032
f 2036 2032 2037
f 2037 2032 2033
f 2037 2033 2038
f 2038 2033 2034
f 2038 2034 2039
f 2039 2034 2022
f 2039 2022 2040
f 2040 2022 2024
f 2040 2024 2041
f 2041 2024 2026
f 2041 2026 2042
f 2042 2026 2017
f 2042 2017 2043
f 2043 2017 2019
f 2043 2019 2044
f 2044 2019 2014
f 2044 2014 2045
f 2045 2014 2007
f 2045 2007 2046
f 2046 2007 2009
f 2046 2009 2047
f 2047 2009 2011
f 2047 2011 2048
f 2048 2011 2013
f 2048 2013 2049
f 1993 1992 2050
f 2050 1992 2036
f 2050 2036 2051
f 2051 2036 2037
f 2051 2037 2052
f 2052 2037 2038
f 2052 2038 2053
f 2053 2038 2039
f 2053 2039 2054
f 2054 2039 2040
f 2054 2040 2055
f 2055 2040 2041
f 2055 2041 2056
f 2056 2041 2042
f 2056 2042 2057
f 2057 2042 2043
f 2057 2043 2058
f 2058 2043 2044
f 2058 2044 2059
f 2059 2044 2045
f 2059 2045 2060
f 2060 2045 2046
f 2060 2046 2061
f 2061 2046 2047
f 2061 2047 2062
f 2062 2047 2048
f 2062 2048 2063
f 2063 2048 2049
f 2063 2049 2064
f 2064 714 2063
f 2063 714 713
f 2063 713 2062
f 2062 713 709
f 2062 709 2061
f 2061 709 708
f 2061 708 2060
f 2060 708 707
f 2060 707 2059
f 2059 707 706
f 2059 706 2058
f 2058 706 705
f 2058 705 2057
f 2057 705 643
f 2057 643 2056
f 2056 643 642
f 2056 642 2055
f 2055 642 641
f 2055 641 2054
f 2054 641 626
f 2054 626 2053
f 2053 626 625
f 2053 625 2052
f 2052 625 671
f 2052 671 2051
f 2051 671 670
f 2051 670 2050
f 2050 670 669
f 2050 669 1993
f 1993 669 556
f 1993 556 1994
f 640 638 2064
f 2064 638 637
f 2064 637 714
f 1987 1991 1988
f 1988 1991 2003
f 1988 2003 2065
f 2065 2003 2001
f 2065 2001 2066
f 2066 2001 1997
f 2066 1997 2067
f 2067 1997 1996
f 2067 1996 2068
f 1989 1988 2069
f 2069 1988 2065
f 2069 2065 2070
f 2070 2065 2066
f 2070 2066 2071
f 2071 2066 2067
f 2071 2067 2072
f 2072 2067 2068
f 2072 2068 2073
f 2012 2006 2013
f 2013 2006 1990
f 2013 1990 2049
f 2049 1990 1987
f 2049 1987 2064
f 2064 1987 1989
f 2064 1989 640
f 640 1989 2069
f 640 2069 728
f 728 2069 2070
f 728 2070 729
f 729 2070 2071
f 729 2071 730
f 730 2071 2072
f 730 2072 664
f 664 2072 2073
f 668 667 2073
f 2073 667 665
f 2073 665 664
f 1999 1627 1981
f 1981 1627 1626
f 1981 1626 1634
f 1982 1986 1983
f 1983 1986 1999
f 1983 1999 2074
f 2074 1999 1981
f 2074 1981 2075
f 2075 1981 1980
f 2075 1980 2076
f 1984 1983 2077
f 2077 1983 2074
f 2077 2074 2078
f 2078 2074 2075
f 2078 2075 2079
f 2079 2075 2076
f 2079 2076 2080
f 1995 1998 1996
f 1996 1998 1985
f 1996 1985 2068
f 2068 1985 1982
f 2068 1982 2073
f 2073 1982 1984
f 2073 1984 668
f 668 1984 2077
f 668 2077 702
f 702 2077 2078
f 702 2078 703
f 703 2078 2079
f 703 2079 704
f 704 2079 2080
f 633 635 2080
f 2080 635 636
f 2080 636 704
f 1633 1632 2081
f 2081 1632 2082
f 2081 2082 2083
f 2083 2082 2084
f 2083 2084 2085
f 2085 2084 2086
f 2087 1630 1638
f 1632 1631 2082
f 2082 1631 2088
f 2082 2088 2084
f 2084 2088 2089
f 2084 2089 2086
f 2086 2089 2090
f 1634 1633 1980
f 1980 1633 2081
f 1980 2081 2076
f 2076 2081 2083
f 2076 2083 2080
f 2080 2083 2085
f 2080 2085 633
f 633 2085 2086
f 633 2086 631
f 631 2086 2090
f 683 628 2090
f 2090 628 629
f 2090 629 631
f 2091 1979 2092
f 2092 1979 2093
f 2092 2093 2094
f 2094 2093 2095
f 2094 2095 2096
f 2096 2095 2097
f 2096 2097 2087
f 1979 1978 2093
f 2093 1978 2098
f 2093 2098 2095
f 2095 2098 2099
f 2095 2099 2097
f 2091 686 1979
f 2087 1638 2096
f 2096 1638 1637
f 2096 1637 2094
f 2094 1637 1636
f 2094 1636 2092
f 2092 1636 1635
f 2092 1635 2091
f 2091 1635 686
f 1631 1630 2088
f 2088 1630 2087
f 2088 2087 2089
f 2089 2087 2097
f 2089 2097 2090
f 2090 2097 2099
f 2090 2099 683
f 683 2099 2098
f 683 2098 684
f 684 2098 1978
f 684 1978 685
f 685 1978 686
f 1994 556 555
f 2030 1994 2100
f 1994 555 2100
f 2100 555 554
f 2100 554 2101
f 2101 554 553
f 2101 553 2102
f 2102 553 552
f 2102 552 2103
f 2103 552 551
f 2103 551 2104
f 2104 551 550
f 2104 550 2105
f 2105 550 549
f 2105 549 2106
f 2106 549 548
f 2106 548 2107
f 2107 548 547
f 2107 547 2108
f 2108 547 546
f 2108 546 2109
f 2109 546 545
f 2109 545 2110
f 2110 545 541
f 2110 541 2111
f 2111 2112 2110
f 2110 2112 2113
f 2110 2113 2109
f 2109 2113 2114
f 2109 2114 2108
f 2108 2114 2115
f 2108 2115 2107
f 2107 2115 2116
f 2107 2116 2106
f 2106 2116 2117
f 2106 2117 2105
f 2105 2117 2118
f 2105 2118 2104
f 2104 2118 2119
f 2104 2119 2103
f 2103 2119 2120
f 2103 2120 2102
f 2102 2120 2121
f 2102 2121 2101
f 2101 2121 2122
f 2101 2122 2100
f 2100 2122 2123
f 2100 2123 2030
f 2030 2123 2029
f 2112 2124 2113
f 2113 2124 2125
f 2113 2125 2114
f 2114 2125 2126
f 2114 2126 2115
f 2115 2126 2127
f 2115 2127 2116
f 2116 2127 2128
f 2116 2128 2117
f 2117 2128 2129
f 2117 2129 2118
f 2118 2129 2130
f 2118 2130 2119
f 2119 2130 2131
f 2119 2131 2120
f 2120 2131 2132
f 2120 2132 2121
f 2121 2132 2133
f 2121 2133 2122
f 2122 2133 2134
f 2122 2134 2123
f 2123 2134 2135
f 2123 2135 2029
f 2029 2135 859
f 541 540 2111
f 2111 540 1972
f 2111 1972 2112
f 2112 1972 1974
f 2112 1974 2124
f 2124 1974 1976
f 2124 1976 1977
f 859 2135 860
f 860 2135 2134
f 860 2134 861
f 861 2134 2133
f 861 2133 846
f 846 2133 2132
f 846 2132 848
f 848 2132 2131
f 848 2131 849
f 849 2131 2130
f 849 2130 850
f 850 2130 2129
f 850 2129 851
f 851 2129 2128
f 851 2128 841
f 841 2128 2127
f 841 2127 839
f 839 2127 2126
f 839 2126 837
f 837 2126 2125
f 837 2125 842
f 842 2125 2124
f 842 2124 843
f 843 2124 1977
f 843 1977 844
f 12 2136 10
f 10 2136 228
f 10 228 214
f 2137 3 220
f 220 3 5
f 220 5 218
f 2138 2139 2140
f 2140 2139 2141
f 2140 2141 2142
f 2142 2141 2143
f 2142 2143 2144
f 2144 2143 2145
f 2144 2145 2146
f 2146 2145 2147
f 2146 2147 2148
f 2148 2147 2149
f 2148 2149 2150
f 2150 2149 2151
f 2150 2151 2152
f 2152 2151 2153
f 2152 2153 2154
f 2154 2153 2155
f 2154 2155 2156
f 2156 2155 2157
f 2156 2157 2158
f 2158 2157 2159
f 229 228 2136
f 2160 2161 245
f 2162 247 2163
f 2163 247 245
f 2163 245 2164
f 2164 245 2161
f 2160 245 2165
f 2165 245 243
f 2165 243 2166
f 2166 243 241
f 2166 241 2167
f 239 2168 241
f 241 2168 2169
f 241 2169 2167
f 237 2170 239
f 239 2170 2171
f 239 2171 2168
f 2172 2173 237
f 237 2173 2174
f 237 2174 2170
f 235 2175 2176
f 235 2176 237
f 237 2176 2177
f 237 2177 2172
f 233 2178 2179
f 2179 2180 233
f 233 2180 2181
f 233 2181 235
f 235 2181 2182
f 235 2182 2175
f 2136 2183 229
f 229 2183 2184
f 229 2184 231
f 231 2184 2185
f 231 2185 233
f 233 2185 2186
f 233 2186 2178
f 222 2187 220
f 220 2187 2137
f 2188 2189 226
f 226 2189 2190
f 226 2190 224
f 224 2190 2191
f 224 2191 222
f 222 2191 2192
f 222 2192 2187
f 2188 226 2193
f 2193 226 250
f 2193 250 2194
f 2195 2196 249
f 249 2196 2197
f 249 2197 250
f 250 2197 2198
f 250 2198 2194
f 2162 2199 247
f 247 2199 2200
f 247 2200 249
f 249 2200 2201
f 249 2201 2195
f 2202 2203 2204
f 2205 2203 2202
f 2202 2206 2207
f 2208 2206 2202
f 2204 2208 2202
f 2202 2209 2210
f 2211 2209 2202
f 2207 2211 2202
f 2202 2212 2213
f 2214 2212 2202
f 2210 2214 2202
f 2213 2205 2202
f 2205 2215 2203
f 2203 2215 2216
f 2203 2216 2204
f 2204 2216 2217
f 2204 2217 2208
f 2208 2217 2218
f 2208 2218 2206
f 2206 2218 2219
f 2206 2219 2207
f 2207 2219 2220
f 2207 2220 2211
f 2211 2220 2221
f 2211 2221 2209
f 2209 2221 2222
f 2209 2222 2210
f 2210 2222 2223
f 2210 2223 2214
f 2214 2223 2224
f 2214 2224 2212
f 2212 2224 2225
f 2212 2225 2213
f 2213 2225 2226
f 2213 2226 2205
f 2205 2226 2215
f 2219 187 2220
f 2220 187 2227
f 2220 2227 2221
f 2221 2227 167
f 2221 167 2222
f 2222 167 2223
f 2223 167 169
f 2223 169 2224
f 2224 169 171
f 2224 171 2225
f 2225 171 173
f 2225 173 2226
f 2226 173 175
f 2226 175 2215
f 2215 175 177
f 2215 177 2216
f 2216 177 179
f 2216 179 2217
f 2217 179 181
f 2217 181 2218
f 2218 181 183
f 2218 183 2219
f 2219 183 185
f 2219 185 187
f 2228 2229 2230
f 2231 2229 2228
f 2228 2232 2233
f 2234 2232 2228
f 2230 2234 2228
f 2228 2235 2236
f 2237 2235 2228
f 2233 2237 2228
f 2228 2238 2239
f 2240 2238 2228
f 2236 2240 2228
f 2239 2231 2228
f 2231 2241 2229
f 2229 2241 2242
f 2229 2242 2230
f 2230 2242 2243
f 2230 2243 2234
f 2234 2243 2244
f 2234 2244 2232
f 2232 2244 2245
f 2232 2245 2233
f 2233 2245 2246
f 2233 2246 2237
f 2237 2246 2247
f 2237 2247 2235
f 2235 2247 2248
f 2235 2248 2236
f 2236 2248 2249
f 2236 2249 2240
f 2240 2249 2250
f 2240 2250 2238
f 2238 2250 2251
f 2238 2251 2239
f 2239 2251 2252
f 2239 2252 2231
f 2231 2252 2241
f 2245 165 2246
f 2246 165 2253
f 2246 2253 2247
f 2247 2253 145
f 2247 145 2248
f 2248 145 2249
f 2249 145 147
f 2249 147 2250
f 2250 147 149
f 2250 149 2251
f 2251 149 151
f 2251 151 2252
f 2252 151 153
f 2252 153 2241
f 2241 153 155
f 2241 155 2242
f 2242 155 157
f 2242 157 2243
f 2243 157 159
f 2243 159 2244
f 2244 159 161
f 2244 161 2245
f 2245 161 163
f 2245 163 165
f 2254 2255 2256
f 2257 2255 2254
f 2254 2258 2259
f 2260 2258 2254
f 2256 2260 2254
f 2254 2261 2262
f 2263 2261 2254
f 2259 2263 2254
f 2254 2264 2265
f 2266 2264 2254
f 2262 2266 2254
f 2265 2257 2254
f 2257 2267 2255
f 2255 2267 2268
f 2255 2268 2256
f 2256 2268 2269
f 2256 2269 2260
f 2260 2269 2270
f 2260 2270 2258
f 2258 2270 2271
f 2258 2271 2259
f 2259 2271 2272
f 2259 2272 2263
f 2263 2272 2273
f 2263 2273 2261
f 2261 2273 2274
f 2261 2274 2262
f 2262 2274 2275
f 2262 2275 2266
f 2266 2275 2276
f 2266 2276 2264
f 2264 2276 2277
f 2264 2277 2265
f 2265 2277 2278
f 2265 2278 2257
f 2257 2278 2267
f 2277 209 2278
f 2278 209 2279
f 2278 2279 2267
f 2267 2279 189
f 2267 189 2268
f 2268 189 2269
f 2269 189 191
f 2269 191 2270
f 2270 191 193
f 2270 193 2271
f 2271 193 195
f 2271 195 2272
f 2272 195 197
f 2272 197 2273
f 2273 197 199
f 2273 199 2274
f 2274 199 201
f 2274 201 2275
f 2275 201 203
f 2275 203 2276
f 2276 203 205
f 2276 205 2277
f 2277 205 207
f 2277 207 209
f 2280 2281 2282
f 2283 2281 2280
f 2280 2284 2285
f 2286 2284 2280
f 2282 2286 2280
f 2280 2287 2288
f 2289 2287 2280
f 2285 2289 2280
f 2280 2290 2291
f 2292 2290 2280
f 2288 2292 2280
f 2291 2283 2280
f 2283 2293 2281
f 2281 2293 2294
f 2281 2294 2282
f 2282 2294 2295
f 2282 2295 2286
f 2286 2295 2296
f 2286 2296 2284
f 2284 2296 2297
f 2284 2297 2285
f 2285 2297 2298
f 2285 2298 2289
f 2289 2298 2299
f 2289 2299 2287
f 2287 2299 2300
f 2287 2300 2288
f 2288 2300 2301
f 2288 2301 2292
f 2292 2301 2302
f 2292 2302 2290
f 2290 2302 2303
f 2290 2303 2291
f 2291 2303 2304
f 2291 2304 2283
f 2283 2304 2293
f 2303 2158 2304
f 2304 2158 2305
f 2304 2305 2293
f 2293 2305 2138
f 2293 2138 2294
f 2294 2138 2295
f 2295 2138 2140
f 2295 2140 2296
f 2296 2140 2142
f 2296 2142 2297
f 2297 2142 2144
f 2297 2144 2298
f 2298 2144 2146
f 2298 2146 2299
f 2299 2146 2148
f 2299 2148 2300
f 2300 2148 2150
f 2300 2150 2301
f 2301 2150 2152
f 2301 2152 2302
f 2302 2152 2154
f 2302 2154 2303
f 2303 2154 2156
f 2303 2156 2158
f 2306 2307 2308
f 2309 2307 2306
f 2306 2310 2311
f 2312 2310 2306
f 2308 2312 2306
f 2306 2313 2314
f 2315 2313 2306
f 2311 2315 2306
f 2306 2316 2317
f 2318 2316 2306
f 2314 2318 2306
f 2317 2309 2306
f 2309 2319 2307
f 2307 2319 2320
f 2307 2320 2308
f 2308 2320 2321
f 2308 2321 2322
f 2322 2321 2323
f 2322 2323 2310
f 2310 2323 2324
f 2310 2324 2311
f 2311 2324 2325
f 2311 2325 2315
f 2315 2325 2326
f 2315 2326 2313
f 2313 2326 2327
f 2313 2327 2314
f 2314 2327 2328
f 2314 2328 2329
f 2329 2328 2330
f 2329 2330 2316
f 2316 2330 2331
f 2316 2331 2317
f 2317 2331 2332
f 2317 2332 2309
f 2309 2332 2319
f 2327 143 2328
f 2328 143 2333
f 2328 2333 2334
f 2334 2333 123
f 2334 123 2331
f 2331 123 2332
f 2332 123 125
f 2332 125 2319
f 2319 125 127
f 2319 127 2320
f 2320 127 129
f 2320 129 2321
f 2321 129 131
f 2321 131 2335
f 2335 131 2336
f 2335 2336 2324
f 2324 2336 135
f 2324 135 2325
f 2325 135 137
f 2325 137 2326
f 2326 137 139
f 2326 139 2327
f 2327 139 141
f 2327 141 143
f 2 2337 4
f 4 2337 2338
f 4 2338 2339
f 2339 2338 838
f 2339 838 1622
f 2338 2337 2340
f 838 2338 2341
f 2341 2338 2340
f 2341 2340 2342
f 2342 2340 2343
f 2342 2343 2344
f 2344 2343 2345
f 2344 2345 2346
f 2346 2345 2347
f 2347 2345 2348
f 2347 2348 2349
f 838 2341 840
f 840 2341 2342
f 840 2342 847
f 847 2342 2344
f 847 2344 845
f 845 2344 2346
f 845 2346 855
f 855 2346 2347
f 855 2347 852
f 852 2347 2349
f 852 2349 853
f 2035 853 2349
f 2350 2351 2352
f 2350 2352 2353
f 2353 2352 2354
f 2353 2354 2355
f 2355 2354 2356
f 2355 2356 2357
f 2357 2356 2358
f 2357 2358 2359
f 2349 2348 2360
f 2028 2027 2361
f 2361 2027 2025
f 2361 2025 2349
f 2349 2025 2023
f 2349 2023 2035
f 2016 2015 2362
f 2362 2015 2021
f 2362 2021 2363
f 2363 2021 2020
f 2363 2020 2361
f 2361 2020 2018
f 2361 2018 2028
f 2364 2012 2010
f 2364 2010 2362
f 2362 2010 2008
f 2362 2008 2016
f 2349 2360 2361
f 2361 2360 2365
f 2361 2365 2363
f 2363 2365 2366
f 2363 2366 2362
f 2362 2366 2359
f 2362 2359 2364
f 2364 2359 2358
f 2364 2358 2012
f 2004 2005 2358
f 2358 2005 2006
f 2358 2006 2012
f 2004 2358 2002
f 2002 2358 2356
f 2002 2356 2000
f 2000 2356 2354
f 2000 2354 1995
f 1995 2354 2352
f 1995 2352 1998
f 1998 2352 2351
f 1998 2351 1627
f 2351 2350 2367
f 1627 2351 2368
f 2368 2351 2367
f 2368 2367 2369
f 2369 2367 2370
f 2369 2370 2371
f 2371 2370 2372
f 2371 2372 2373
f 1627 2368 1628
f 1628 2368 2369
f 1628 2369 1629
f 1629 2369 2371
f 1629 2371 1639
f 1639 2371 2373
f 1639 2373 822
f 822 2373 2374
f 2373 2372 2375
f 2373 2375 2374
f 2374 2375 2376
f 2374 2376 2377
f 2377 2376 2378
f 2378 2376 2379
f 2378 2379 2380
f 822 2374 829
f 829 2374 2377
f 829 2377 827
f 827 2377 2378
f 827 2378 834
f 834 2378 2380
f 834 2380 832
f 1926 1925 2381
f 1809 1811 2382
f 2383 2384 2385
f 2383 2385 2386
f 2386 2385 2387
f 2386 2387 2388
f 2387 2389 2388
f 2388 2389 2390
f 2388 2390 2391
f 2391 2390 2392
f 2391 2392 2393
f 2393 2392 2381
f 2393 2381 2394
f 1647 1809 2395
f 2395 1809 2382
f 2395 2382 2396
f 2396 2382 2397
f 2383 2397 2384
f 2384 2397 2382
f 2384 2382 1813
f 1813 2382 1811
f 1813 1815 2384
f 2384 1815 1817
f 2384 1817 2385
f 2385 1817 1819
f 2385 1819 1820
f 1820 1822 2385
f 2385 1822 1824
f 2385 1824 2387
f 2387 1824 1826
f 1826 1828 2387
f 2387 1828 1830
f 2387 1830 2389
f 2389 1830 1833
f 2389 1833 2390
f 2390 1833 1839
f 2390 1839 2392
f 2392 1839 1837
f 2392 1837 2381
f 2381 1837 1835
f 2381 1835 1926
f 2379 2394 2380
f 2380 2394 2381
f 2380 2381 832
f 832 2381 1925
f 2395 2396 2398
f 1647 2395 2399
f 2399 2395 2398
f 2399 2398 2400
f 2400 2398 2401
f 2400 2401 2402
f 2402 2401 2403
f 2402 2403 2404
f 2404 2403 2405
f 2405 2403 2406
f 2405 2406 2407
f 1647 2399 1645
f 1645 2399 2400
f 1645 2400 1642
f 1642 2400 2402
f 1642 2402 1648
f 1648 2402 2404
f 1648 2404 1653
f 1653 2404 2405
f 1653 2405 1657
f 1657 2405 2407
f 1657 2407 1620
f 1620 2407 1618
f 1618 2407 2408
f 2408 2407 11
f 11 2407 2406
f 11 2406 13
f 2409 1182 2410
f 2410 1182 1184
f 2410 1184 2411
f 2411 1184 1205
f 2411 1205 2412
f 2412 1205 1223
f 2412 1223 2413
f 1223 1221 2413
f 2413 1221 1245
f 2413 1245 2414
f 2414 1245 1241
f 2414 1241 2415
f 2415 1241 1239
f 2415 1239 2416
f 2416 1239 1238
f 2416 1238 2417
f 2417 1238 1255
f 2417 1255 2418
f 2418 1255 1264
f 2418 1264 2419
f 2419 1264 1117
f 2419 1117 2420
f 2420 1117 1270
f 2420 1270 2421
f 2421 1270 1268
f 2421 1268 2422
f 2422 1268 1267
f 2422 1267 2423
f 2423 1267 1316
f 2423 1316 2424
f 2424 1316 1330
f 2424 1330 2425
f 2425 1330 1331
f 2425 1331 2426
f 2426 1331 1165
f 2426 1165 2427
f 2427 1165 1167
f 2427 1167 2428
f 2428 1167 1172
f 2428 1172 2429
f 2429 1172 1173
f 2429 1173 2430
f 2430 1173 1175
f 2430 1175 2431
f 2431 1175 1176
f 2431 1176 2432
f 2432 1176 1178
f 2432 1178 2433
f 2433 1178 1200
f 2433 1200 2409
f 2409 1200 1201
f 2409 1201 1182
f 768 2430 771
f 771 2430 2431
f 771 2431 774
f 774 2431 2432
f 774 2432 777
f 777 2432 2433
f 777 2433 780
f 780 2433 2409
f 780 2409 783
f 783 2409 2410
f 783 2410 786
f 786 2410 2411
f 786 2411 789
f 789 2411 2412
f 789 2412 792
f 792 2412 2413
f 792 2413 795
f 795 2413 2414
f 795 2414 798
f 798 2414 2415
f 798 2415 801
f 2415 2416 801
f 801 2416 2417
f 801 2417 804
f 804 2417 2418
f 804 2418 807
f 807 2418 2419
f 807 2419 810
f 810 2419 2420
f 810 2420 813
f 813 2420 2421
f 813 2421 816
f 816 2421 2422
f 816 2422 753
f 753 2422 2423
f 753 2423 754
f 754 2423 2424
f 754 2424 756
f 756 2424 2425
f 756 2425 759
f 759 2425 2426
f 759 2426 762
f 762 2426 2427
f 762 2427 765
f 765 2427 2428
f 765 2428 768
f 768 2428 2429
f 768 2429 2430
f 2434 2435 888
f 888 2435 886
f 2436 2437 2438
f 2439 2440 2441
f 2442 2443 2444
f 2444 2443 2445
f 2444 2445 2446
f 2446 2445 2447
f 2447 2445 2448
f 2448 2445 2449
f 2448 2449 2450
f 2451 2452 2450
f 2439 2453 2454
f 2454 2453 2455
f 2454 2455 2452
f 2441 2440 2456
f 2456 2440 2457
f 2456 2457 2436
f 2438 2437 2458
f 2458 2437 2459
f 2458 2459 2460
f 2459 904 918
f 918 917 2461
f 2461 2462 918
f 918 2462 2463
f 918 2463 2459
f 2459 2463 2464
f 2459 2464 2460
f 873 886 2465
f 2465 886 2466
f 2467 2468 2435
f 2468 2469 2435
f 2435 2469 2470
f 2435 2470 886
f 886 2470 2471
f 886 2471 2466
f 2472 2473 2474
f 2474 2473 2475
f 2474 2475 2476
f 2442 2476 2443
f 2443 2476 2475
f 2443 2475 2445
f 2445 2475 2477
f 2445 2477 2449
f 2449 2477 2478
f 2472 2467 2473
f 2473 2467 2435
f 2473 2435 2475
f 2475 2435 2434
f 2475 2434 2477
f 2477 2434 2479
f 2477 2479 2478
f 2478 2479 2480
f 2436 2457 2437
f 2437 2457 2481
f 2437 2481 2459
f 2459 2481 902
f 2459 902 904
f 2482 899 901
f 2439 2454 2440
f 2440 2454 2483
f 2440 2483 2457
f 2457 2483 2482
f 2457 2482 2481
f 2481 2482 901
f 2481 901 902
f 2484 895 894
f 2452 2451 2454
f 2454 2451 2485
f 2454 2485 2483
f 2483 2485 2484
f 2483 2484 2482
f 2482 2484 894
f 2482 894 899
f 2450 2449 2451
f 2451 2449 2478
f 2451 2478 2485
f 2485 2478 2480
f 2485 2480 2484
f 2484 2480 897
f 2484 897 895
f 888 890 2434
f 2434 890 893
f 2434 893 2479
f 2479 893 892
f 2479 892 2480
f 2480 892 898
f 2480 898 897
f 913 2462 2461
f 912 2486 913
f 1219 2487 1229
f 1229 2487 2488
f 911 910 2489
f 2489 910 908
f 2489 908 2490
f 2490 908 906
f 2490 906 2488
f 2488 906 1228
f 2488 1228 1229
f 2486 912 2491
f 2491 912 911
f 2491 911 2492
f 2462 913 2463
f 917 916 2461
f 2461 916 915
f 2461 915 913
f 911 2489 2492
f 2492 2489 2490
f 2492 2490 2493
f 2493 2490 2488
f 2493 2488 2494
f 2494 2488 2487
f 2494 2487 2495
f 913 2486 2463
f 2463 2486 2491
f 2463 2491 2464
f 2464 2491 2492
f 2464 2492 2460
f 2460 2492 2493
f 2460 2493 2458
f 2458 2493 2494
f 2458 2494 2438
f 2438 2494 2495
f 2438 2495 2436
f 2496 2455 2453
f 2497 2496 2498
f 1230 2497 2499
f 1230 2499 1231
f 1231 2499 2500
f 1231 2500 1233
f 1233 2500 2501
f 1233 2501 1234
f 1234 2501 2502
f 1234 2502 1235
f 2496 2453 2498
f 2498 2453 2439
f 2498 2439 2503
f 2503 2439 2441
f 2503 2441 2504
f 2504 2441 2456
f 2504 2456 2505
f 2505 2456 2436
f 2505 2436 2495
f 2497 2498 2499
f 2499 2498 2503
f 2499 2503 2500
f 2500 2503 2504
f 2500 2504 2501
f 2501 2504 2505
f 2501 2505 2502
f 2502 2505 2495
f 2502 2495 1235
f 1235 2495 2487
f 1235 2487 1219
f 1206 1191 1413
f 1413 1191 2506
f 2507 1122 1121
f 1407 2508 1408
f 1408 2508 2507
f 1408 2507 1414
f 1414 2507 1121
f 1407 1405 2508
f 2508 1405 1411
f 2508 1411 2506
f 2506 1411 1410
f 2506 1410 1413
f 1230 1122 2497
f 2497 1122 2507
f 2497 2507 2496
f 2496 2507 2509
f 2509 2507 2508
f 2509 2508 2510
f 2510 2508 2506
f 2510 2506 2511
f 2447 2448 2511
f 2511 2448 2512
f 2511 2512 2510
f 2510 2512 2452
f 2510 2452 2509
f 2509 2452 2455
f 2509 2455 2496
f 2446 2447 2513
f 2513 2447 2511
f 2513 2511 2514
f 2514 2511 2506
f 2514 2506 1195
f 1195 2506 1191
f 2514 1195 1193
f 2513 2514 2515
f 2446 2513 2516
f 2514 1193 2515
f 2515 1193 1192
f 2515 1192 2517
f 2517 1192 1181
f 2517 1181 2518
f 2518 1181 1276
f 2518 1276 2519
f 2519 1276 1277
f 2519 1277 2520
f 2513 2515 2516
f 2516 2515 2517
f 2516 2517 2521
f 2521 2517 2518
f 2521 2518 2522
f 2522 2518 2519
f 2522 2519 2523
f 2523 2519 2520
f 2523 2520 2524
f 2446 2516 2444
f 2444 2516 2521
f 2444 2521 2442
f 2442 2521 2522
f 2442 2522 2476
f 2476 2522 2523
f 2476 2523 2474
f 2474 2523 2524
f 2474 2524 2472
f 880 2525 2526
f 2525 880 879
f 877 876 2527
f 874 873 2465
f 2520 1277 1116
f 874 2465 875
f 875 2465 870
f 870 2465 2466
f 870 2466 871
f 2520 1116 2528
f 2528 1116 884
f 2528 884 2526
f 2526 884 882
f 2526 882 880
f 871 2466 876
f 876 2466 2471
f 876 2471 2527
f 2527 2471 2470
f 2527 2470 2529
f 2529 2470 2469
f 2529 2469 2530
f 2530 2469 2468
f 2530 2468 2531
f 2531 2468 2467
f 2531 2467 2532
f 2532 2467 2472
f 2532 2472 2524
f 877 2527 878
f 878 2527 2529
f 878 2529 879
f 879 2529 2530
f 879 2530 2525
f 2525 2530 2531
f 2525 2531 2526
f 2526 2531 2532
f 2526 2532 2528
f 2528 2532 2524
f 2528 2524 2520
f 863 862 2253
f 2533 168 863
f 863 168 167
f 863 167 2227
f 212 211 862
f 862 211 2534
f 862 2534 2253
f 2253 2534 146
f 2253 146 145
f 165 166 2253
f 2253 166 2535
f 2253 2535 863
f 863 2535 2536
f 863 2536 2533
f 2138 2305 869
f 124 123 891
f 891 123 2537
f 891 2537 896
f 896 2537 143
f 143 144 896
f 896 144 2538
f 896 2538 900
f 900 2538 2539
f 900 2539 903
f 903 2539 2540
f 903 2540 914
f 914 2540 2541
f 914 2541 920
f 920 2541 2542
f 920 2542 925
f 925 2542 2543
f 925 2543 869
f 869 2543 2139
f 869 2139 2138
f 2227 187 863
f 863 187 188
f 863 188 936
f 936 188 2544
f 936 2544 939
f 939 2544 2545
f 939 2545 872
f 872 2545 2546
f 872 2546 887
f 887 2546 2547
f 887 2547 889
f 889 2547 2548
f 889 2548 891
f 891 2548 2549
f 891 2549 124
f 2279 868 869
f 209 210 2279
f 2279 210 2550
f 2279 2550 868
f 868 2550 217
f 868 217 216
f 2305 2158 869
f 869 2158 2159
f 869 2159 2551
f 2551 2552 869
f 869 2552 2553
f 869 2553 2279
f 2279 2553 190
f 2279 190 189
f 1282 1281 2554
f 1279 1278 2555
f 2555 1278 1037
f 2555 1037 2556
f 1280 1279 2557
f 885 1282 883
f 883 1282 2554
f 883 2554 881
f 881 2554 940
f 1281 1280 2554
f 2554 1280 2557
f 2554 2557 940
f 940 2557 2558
f 940 2558 941
f 941 2558 2559
f 944 943 2559
f 2559 943 942
f 2559 942 941
f 2559 2560 944
f 944 2560 2561
f 944 2561 934
f 934 2561 2562
f 934 2562 935
f 1037 1036 2556
f 2556 1036 1034
f 2556 1034 2563
f 2563 1034 1033
f 2563 1033 2564
f 2564 1033 1044
f 2564 1044 2565
f 2565 1044 1043
f 2565 1043 2566
f 2566 1043 1042
f 2566 1042 2567
f 2567 1042 1041
f 2567 1041 2568
f 2568 1041 1039
f 2568 1039 2569
f 2569 1039 1038
f 2569 1038 2570
f 1279 2555 2557
f 2557 2555 2556
f 2557 2556 2558
f 2558 2556 2563
f 2558 2563 2559
f 2559 2563 2564
f 2559 2564 2560
f 2560 2564 2565
f 2560 2565 2561
f 2561 2565 2566
f 2561 2566 2562
f 2562 2566 2567
f 2562 2567 2571
f 2571 2567 2568
f 2571 2568 2572
f 2572 2568 2569
f 2572 2569 2573
f 2573 2569 2570
f 2573 2570 2574
f 935 2562 937
f 937 2562 2571
f 937 2571 938
f 938 2571 2572
f 938 2572 933
f 933 2572 2573
f 933 2573 932
f 932 2573 2574
f 932 2574 865
f 1038 1107 2570
f 2570 1107 2575
f 2570 2575 2574
f 2574 2575 864
f 2574 864 865
f 1271 905 907
f 1271 907 1272
f 1272 2576 1273
f 1273 2576 2577
f 1273 2577 1274
f 1274 2578 1275
f 1275 2578 2579
f 1275 2579 1029
f 1272 907 2576
f 2576 907 909
f 2576 909 2577
f 909 919 2577
f 2577 919 921
f 2577 921 2580
f 2580 921 922
f 2580 922 2581
f 2581 922 927
f 2581 927 2582
f 927 926 2582
f 2582 926 924
f 2582 924 2583
f 2583 924 923
f 931 2584 923
f 923 2584 2585
f 923 2585 2583
f 931 930 2584
f 2584 930 929
f 2584 929 2586
f 2586 929 928
f 2586 928 2587
f 2587 928 867
f 2587 867 2588
f 1274 2577 2578
f 2578 2577 2580
f 2578 2580 2579
f 2579 2580 2581
f 2579 2581 2589
f 2589 2581 2582
f 2589 2582 2590
f 2590 2582 2583
f 2590 2583 2591
f 2591 2583 2585
f 2591 2585 2592
f 2592 2585 2584
f 2592 2584 2593
f 2593 2584 2586
f 2593 2586 2594
f 2594 2586 2587
f 2594 2587 2595
f 2595 2587 2588
f 2595 2588 2596
f 1029 2579 1030
f 1030 2579 2589
f 1030 2589 1031
f 1031 2589 2590
f 1031 2590 1032
f 1032 2590 2591
f 1032 2591 1026
f 1026 2591 2592
f 1026 2592 1024
f 1024 2592 2593
f 1024 2593 1022
f 1022 2593 2594
f 1022 2594 1027
f 1027 2594 2595
f 1027 2595 1028
f 1028 2595 2596
f 1028 2596 1019
f 867 866 2588
f 2588 866 2597
f 2588 2597 2596
f 2596 2597 1020
f 2596 1020 1019
f 2598 2599 2600
f 2600 2599 2601
f 2600 2601 2602
f 2602 2601 2603
f 2602 2603 2604
f 2604 2603 2605
f 2604 2605 2606
f 2606 2605 2607
f 2606 2607 2608
f 2608 2607 2609
f 2608 2609 2610
f 2610 2609 2611
f 2610 2611 2612
f 2612 2611 2613
f 2612 2613 2614
f 2614 2613 2615
f 2614 2615 2616
f 2616 2615 2617
f 2616 2617 2618
f 2618 2617 2619
f 2618 2619 2620
f 2620 2619 2621
f 2620 2621 2622
f 2622 2621 2623
f 2622 2623 2624
f 2624 2623 2625
f 2624 2625 2626
f 2626 2625 2627
f 2626 2627 2628
f 2628 2627 2629
f 2628 2629 2630
f 2630 2629 2631
f 2630 2631 2632
f 2632 2631 2633
f 2632 2633 2634
f 2634 2633 2635
f 2634 2635 2636
f 2636 2635 2637
f 2636 2637 2638
f 2638 2637 2639
f 2638 2639 2640
f 2640 2639 2641
f 2640 2641 2642
f 2642 2641 2643
f 2642 2643 2644
f 2644 2643 2645
f 2644 2645 2598
f 2598 2645 2599
f 2618 2620 2646
f 2646 2620 2622
f 2646 2622 2647
f 2647 2622 2624
f 2647 2624 2648
f 2648 2624 2626
f 2648 2626 2649
f 2649 2626 2628
f 2649 2628 2650
f 2650 2628 2630
f 2650 2630 2651
f 2651 2630 2632
f 2651 2632 2652
f 2652 2632 2634
f 2652 2634 2653
f 2653 2634 2636
f 2653 2636 2654
f 2654 2636 2638
f 2654 2638 2655
f 2655 2638 2640
f 2655 2640 2656
f 2656 2640 2642
f 2656 2642 2657
f 2657 2642 2644
f 2657 2644 2658
f 2658 2644 2598
f 2658 2598 2659
f 2659 2598 2600
f 2659 2600 2660
f 2660 2600 2602
f 2660 2602 2661
f 2661 2602 2604
f 2661 2604 2662
f 2662 2604 2606
f 2662 2606 2663
f 2663 2606 2608
f 2663 2608 2664
f 2664 2608 2610
f 2664 2610 2665
f 2665 2610 2612
f 2665 2612 2666
f 2666 2612 2614
f 2666 2614 2667
f 2667 2614 2616
f 2667 2616 2668
f 2668 2616 2618
f 2668 2618 2646
f 1536 376 1537
f 1537 376 375
f 1537 375 752
f 752 375 751
f 1553 327 1551
f 1551 327 326
f 749 750 1555
f 1555 750 328
f 1555 328 1553
f 1553 328 327
f 1587 366 1586
f 1586 366 364
f 1586 364 1585
f 1585 364 362
f 1585 362 1611
f 1611 362 360
f 1611 360 1534
f 1534 360 358
f 1534 358 1536
f 1536 358 376
f 1564 370 368
f 1564 368 1588
f 1588 368 366
f 1588 366 1587
f 1561 277 1545
f 1545 277 275
f 1545 275 1546
f 1546 275 273
f 1546 273 1562
f 1562 273 373
f 1562 373 1563
f 1563 373 372
f 1563 372 1564
f 1564 372 370
f 1559 343 342
f 1559 342 1560
f 1560 342 277
f 1560 277 1561
f 1608 349 1609
f 1609 349 347
f 1609 347 1610
f 1610 347 345
f 1610 345 1559
f 1559 345 343
f 1575 353 351
f 1575 351 1607
f 1607 351 349
f 1607 349 1608
f 1570 382 1571
f 1571 382 380
f 1571 380 1572
f 1572 380 378
f 1572 378 1573
f 1573 378 377
f 1573 377 1574
f 1574 377 355
f 1574 355 1575
f 1575 355 353
f 1605 386 384
f 1605 384 1604
f 1604 384 382
f 1604 382 1570
f 1606 387 1605
f 1605 387 386
f 1583 322 320
f 1583 320 1584
f 1584 320 387
f 1584 387 1606
f 1543 263 1544
f 1544 263 261
f 1544 261 1557
f 1557 261 259
f 1557 259 1556
f 1556 259 325
f 1556 325 1582
f 1582 325 324
f 1582 324 1583
f 1583 324 322
f 1597 330 329
f 1597 329 1596
f 1596 329 263
f 1596 263 1543
f 1603 341 1602
f 1602 341 340
f 1602 340 1601
f 1601 340 338
f 1601 338 1600
f 1600 338 336
f 1600 336 1599
f 1599 336 334
f 1599 334 1598
f 1598 334 332
f 1598 332 1597
f 1597 332 330
f 1580 268 266
f 1580 266 1581
f 1581 266 341
f 1581 341 1603
f 1538 256 1539
f 1539 256 254
f 1539 254 1558
f 1558 254 252
f 1558 252 1578
f 1578 252 271
f 1578 271 1579
f 1579 271 270
f 1579 270 1580
f 1580 270 268
f 1591 305 304
f 1591 304 1590
f 1590 304 256
f 1590 256 1538
f 1594 311 1593
f 1593 311 309
f 1593 309 1592
f 1592 309 307
f 1592 307 1591
f 1591 307 305
f 1569 315 313
f 1569 313 1595
f 1595 313 311
f 1595 311 1594
f 1542 284 1540
f 1540 284 282
f 1540 282 1566
f 1566 282 280
f 1566 280 1567
f 1567 280 318
f 1567 318 1568
f 1568 318 317
f 1568 317 1569
f 1569 317 315
f 1551 326 286
f 1551 286 1549
f 1549 286 284
f 1549 284 1542
f 688 301 303
f 328 750 700
f 328 700 303
f 303 700 689
f 303 689 688
f 751 375 682
f 682 375 374
f 682 374 658
f 658 374 288
f 658 288 659
f 1537 752 681
f 1537 681 1535
f 681 679 1535
f 1535 679 678
f 1535 678 1533
f 1533 678 680
f 1533 680 1565
f 749 1555 690
f 690 1555 1554
f 690 1554 691
f 691 1554 1552
f 691 1552 692
f 692 1552 1550
f 692 1550 701
f 2657 2658 791
f 791 790 2657
f 2657 790 794
f 2657 794 2656
f 794 793 2656
f 2656 793 797
f 2656 797 2655
f 797 796 2655
f 2655 796 800
f 2655 800 2654
f 800 799 2654
f 2654 799 803
f 2654 803 2653
f 803 802 2653
f 2653 802 806
f 2653 806 2652
f 806 805 2652
f 2652 805 809
f 2652 809 2651
f 809 808 2651
f 2651 808 812
f 2651 812 2650
f 812 811 2650
f 2650 811 815
f 2650 815 2649
f 815 814 2649
f 2649 814 818
f 2649 818 2648
f 818 817 2648
f 2648 817 821
f 2648 821 2647
f 821 820 2647
f 2647 820 819
f 2647 819 2646
f 819 755 2646
f 2646 755 758
f 2646 758 2668
f 758 757 2668
f 2668 757 761
f 2668 761 2667
f 761 760 2667
f 2667 760 764
f 2667 764 2666
f 764 763 2666
f 2666 763 767
f 2666 767 2665
f 767 766 2665
f 2665 766 770
f 2665 770 2664
f 770 769 2664
f 2664 769 773
f 2664 773 2663
f 773 772 2663
f 2663 772 776
f 2663 776 2662
f 776 775 2662
f 2662 775 779
f 2662 779 2661
f 779 778 2661
f 2661 778 782
f 2661 782 2660
f 782 781 2660
f 2660 781 785
f 2660 785 2659
f 785 784 2659
f 2659 784 788
f 2659 788 2658
f 2658 788 787
f 2658 787 791
f 2601 973 2603
f 2603 973 975
f 2603 975 2605
f 2605 975 977
f 2605 977 2607
f 2607 977 979
f 2607 979 2609
f 2609 979 981
f 2609 981 2669
f 2669 981 2670
f 2669 2670 2613
f 2613 2670 985
f 2613 985 2615
f 2615 985 987
f 2615 987 2617
f 2617 987 989
f 2617 989 2619
f 2619 989 991
f 2619 991 2621
f 2621 991 945
f 2621 945 2671
f 2671 945 2672
f 2671 2672 2625
f 2625 2672 949
f 2625 949 2627
f 2627 949 951
f 2627 951 2629
f 2629 951 953
f 2629 953 2631
f 2631 953 955
f 2631 955 2633
f 2633 955 957
f 2633 957 2673
f 2673 957 2674
f 2673 2674 2637
f 2637 2674 961
f 2637 961 2639
f 2639 961 963
f 2639 963 2641
f 2641 963 965
f 2641 965 2643
f 2643 965 967
f 2643 967 2645
f 2645 967 969
f 2645 969 2599
f 2599 969 971
f 2599 971 2601
f 2601 971 973
f 18 2675 2676
f 18 2676 15
f 15 2676 2677
f 15 2677 14
f 14 2677 2136
f 14 2136 12
f 2678 2679 2680
f 2681 2682 2678
f 2682 2681 2683
f 2684 2685 2686
f 2183 2687 2688
f 2183 2688 2184
f 2184 2688 2689
f 2184 2689 2185
f 2185 2689 2690
f 2185 2690 2186
f 2186 2690 2691
f 2186 2691 2178
f 2691 2692 2693
f 2691 2694 2695
f 2685 2684 2696
f 2696 2697 2698
f 2696 2699 2700
f 2700 2699 2701
f 2700 2701 2683
f 2183 2136 2687
f 2687 2136 2677
f 2687 2677 2676
f 2179 2178 2686
f 2686 2178 2691
f 2686 2691 2684
f 2684 2691 2695
f 2684 2695 2696
f 2696 2695 2694
f 2696 2694 2697
f 2697 2694 2691
f 2697 2691 2698
f 2698 2691 2693
f 2698 2693 2696
f 2696 2693 2692
f 2696 2692 2699
f 2699 2692 2691
f 2699 2691 2701
f 2701 2691 2690
f 2701 2690 2683
f 2683 2690 2689
f 2683 2689 2682
f 2682 2689 2688
f 2682 2688 2678
f 2678 2688 2687
f 2678 2687 2679
f 2679 2687 2676
f 2679 2676 2675
f 2702 2703 2704
f 2704 2703 2705
f 2704 2705 2706
f 2706 2705 2707
f 2706 2707 2708
f 2708 2707 2709
f 2708 2709 2710
f 2710 2709 2711
f 2710 2711 2712
f 2712 2711 2713
f 2712 2713 2714
f 2714 2713 2715
f 2685 2696 2716
f 2686 2685 2717
f 2717 2685 2716
f 2717 2716 2718
f 2718 2716 2719
f 2718 2719 2720
f 2720 2719 2721
f 2720 2721 2722
f 2722 2721 2723
f 2722 2723 2702
f 2702 2723 2724
f 2702 2724 2703
f 2179 2686 2725
f 2179 2725 2180
f 2180 2725 2726
f 2180 2726 2181
f 2181 2726 2727
f 2181 2727 2182
f 2182 2727 2175
f 2175 2727 2728
f 2175 2728 2176
f 2176 2728 2729
f 2176 2729 2177
f 2177 2729 2730
f 2177 2730 2172
f 2172 2730 2731
f 2172 2731 2173
f 2686 2717 2725
f 2725 2717 2718
f 2725 2718 2726
f 2726 2718 2720
f 2726 2720 2727
f 2727 2720 2722
f 2727 2722 2728
f 2728 2722 2702
f 2728 2702 2729
f 2729 2702 2704
f 2729 2704 2730
f 2730 2704 2706
f 2730 2706 2731
f 2731 2706 2708
f 2731 2708 2732
f 2732 2708 2710
f 2732 2710 2733
f 2733 2710 2712
f 2733 2712 2734
f 2734 2712 2714
f 2734 2714 2735
f 2173 2731 2174
f 2174 2731 2732
f 2174 2732 2170
f 2170 2732 2733
f 2170 2733 2171
f 2171 2733 2734
f 2171 2734 2168
f 2168 2734 2735
f 2168 2735 2169
f 2736 2737 2738
f 2739 2167 2169
f 2165 2166 2740
f 2740 2166 2741
f 2740 2741 2738
f 2738 2741 2742
f 2738 2742 2736
f 2736 2742 2743
f 2169 2735 2739
f 2739 2735 2714
f 2739 2714 2744
f 2166 2167 2741
f 2741 2167 2739
f 2741 2739 2742
f 2742 2739 2744
f 2742 2744 2743
f 2743 2744 2714
f 2743 2714 2715
f 2165 2745 2746
f 2165 2746 2160
f 2160 2746 2747
f 2160 2747 2161
f 2748 2749 2750
f 2751 2752 2749
f 2749 2748 2751
f 2751 2748 2753
f 2751 2753 2754
f 2754 2753 2755
f 2754 2755 2737
f 2164 2161 2750
f 2750 2161 2747
f 2750 2747 2748
f 2748 2747 2746
f 2748 2746 2753
f 2753 2746 2745
f 2753 2745 2755
f 2756 2757 2758
f 2759 2760 2761
f 2761 2760 2762
f 2761 2762 2763
f 2763 2762 2764
f 2763 2764 2765
f 2765 2764 2766
f 2765 2766 2767
f 2749 2752 2768
f 2750 2749 2769
f 2769 2749 2768
f 2769 2768 2770
f 2770 2768 2771
f 2770 2771 2772
f 2772 2771 2773
f 2772 2773 2774
f 2774 2773 2775
f 2774 2775 2759
f 2759 2775 2776
f 2759 2776 2760
f 2750 2769 2777
f 2777 2769 2770
f 2777 2770 2778
f 2778 2770 2772
f 2778 2772 2779
f 2779 2772 2774
f 2779 2774 2780
f 2780 2774 2759
f 2780 2759 2781
f 2781 2759 2761
f 2781 2761 2782
f 2782 2761 2763
f 2782 2763 2783
f 2783 2763 2765
f 2783 2765 2784
f 2784 2765 2767
f 2784 2767 2785
f 2194 2198 2785
f 2785 2198 2197
f 2785 2197 2784
f 2784 2197 2196
f 2784 2196 2783
f 2783 2196 2195
f 2783 2195 2782
f 2782 2195 2201
f 2782 2201 2781
f 2781 2201 2200
f 2781 2200 2780
f 2780 2200 2199
f 2780 2199 2779
f 2779 2199 2162
f 2779 2162 2778
f 2778 2162 2163
f 2778 2163 2777
f 2777 2163 2164
f 2777 2164 2750
f 2766 2786 2767
f 2767 2786 2787
f 2767 2787 2785
f 2785 2787 2788
f 2785 2788 2194
f 2194 2788 2193
f 2188 2193 2789
f 2789 2193 2788
f 2789 2788 2758
f 2758 2788 2787
f 2758 2787 2756
f 2756 2787 2786
f 2790 2791 2792
f 2791 2790 2793
f 2794 2793 2795
f 2789 2796 2188
f 2188 2796 2189
f 2190 2797 2798
f 2190 2798 2191
f 2191 2798 2799
f 2191 2799 2192
f 2192 2799 2800
f 2192 2800 2187
f 2801 2802 2794
f 2794 2802 2803
f 2804 2758 2757
f 2805 2806 2757
f 2804 2757 2807
f 2808 2809 2796
f 2810 2796 2811
f 2811 2796 2812
f 2137 2187 2803
f 2803 2187 2800
f 2803 2800 2794
f 2794 2800 2799
f 2794 2799 2793
f 2793 2799 2798
f 2793 2798 2791
f 2791 2798 2797
f 2791 2797 2792
f 2190 2189 2797
f 2797 2189 2796
f 2797 2796 2792
f 2792 2796 2810
f 2792 2810 2813
f 2813 2810 2811
f 2813 2811 2757
f 2757 2811 2812
f 2757 2812 2805
f 2805 2812 2796
f 2805 2796 2806
f 2806 2796 2809
f 2806 2809 2757
f 2757 2809 2808
f 2757 2808 2807
f 2807 2808 2796
f 2807 2796 2804
f 2804 2796 2789
f 2804 2789 2758
f 2801 8 9
f 2801 9 2802
f 2802 9 1
f 2802 1 2803
f 2803 1 3
f 2803 3 2137
f 2675 18 17
f 2675 17 2814
f 2814 17 16
f 2814 16 2815
f 2815 16 13
f 2815 13 2406
f 2675 2814 2679
f 2679 2814 2816
f 2679 2816 2680
f 2680 2816 2678
f 2678 2816 2817
f 2678 2817 2681
f 2681 2817 2683
f 2683 2817 2818
f 2683 2818 2700
f 2700 2818 2819
f 2700 2819 2696
f 2396 2820 2821
f 2821 2820 2822
f 2396 2821 2398
f 2398 2821 2823
f 2398 2823 2401
f 2401 2823 2824
f 2401 2824 2403
f 2406 2403 2815
f 2815 2403 2824
f 2815 2824 2814
f 2814 2824 2816
f 2816 2824 2823
f 2816 2823 2817
f 2817 2823 2821
f 2817 2821 2818
f 2818 2821 2822
f 2818 2822 2819
f 2705 2703 2825
f 2825 2703 2724
f 2825 2724 2826
f 2826 2724 2723
f 2826 2723 2827
f 2827 2723 2721
f 2827 2721 2828
f 2828 2721 2719
f 2828 2719 2819
f 2819 2719 2716
f 2819 2716 2696
f 2829 2715 2830
f 2830 2715 2713
f 2830 2713 2831
f 2831 2713 2711
f 2831 2711 2832
f 2832 2711 2709
f 2832 2709 2825
f 2825 2709 2707
f 2825 2707 2705
f 2833 2829 2834
f 2834 2829 2830
f 2834 2830 2835
f 2835 2830 2831
f 2835 2831 2836
f 2836 2831 2832
f 2836 2832 2837
f 2837 2832 2825
f 2837 2825 2838
f 2838 2825 2826
f 2838 2826 2839
f 2839 2826 2827
f 2839 2827 2840
f 2840 2827 2828
f 2840 2828 2822
f 2822 2828 2819
f 2841 2833 2842
f 2842 2833 2834
f 2842 2834 2843
f 2843 2834 2835
f 2843 2835 2844
f 2844 2835 2836
f 2844 2836 2845
f 2845 2836 2837
f 2845 2837 2846
f 2846 2837 2838
f 2846 2838 2847
f 2847 2838 2839
f 2847 2839 2848
f 2848 2839 2840
f 2848 2840 2820
f 2820 2840 2822
f 2379 2841 2394
f 2394 2841 2842
f 2394 2842 2393
f 2393 2842 2843
f 2393 2843 2391
f 2391 2843 2844
f 2391 2844 2388
f 2388 2844 2845
f 2388 2845 2386
f 2386 2845 2846
f 2386 2846 2383
f 2383 2846 2847
f 2383 2847 2397
f 2397 2847 2848
f 2397 2848 2396
f 2396 2848 2820
f 2849 2743 2715
f 2737 2736 2850
f 2850 2736 2851
f 2850 2851 2852
f 2852 2851 2853
f 2852 2853 2372
f 2372 2853 2375
f 2379 2376 2841
f 2841 2376 2854
f 2841 2854 2833
f 2833 2854 2849
f 2833 2849 2829
f 2829 2849 2715
f 2736 2743 2851
f 2851 2743 2849
f 2851 2849 2853
f 2853 2849 2854
f 2853 2854 2375
f 2375 2854 2376
f 2752 2751 2855
f 2855 2751 2856
f 2855 2856 2857
f 2857 2856 2858
f 2367 2350 2858
f 2858 2350 2859
f 2858 2859 2857
f 2754 2737 2860
f 2860 2737 2850
f 2860 2850 2861
f 2861 2850 2852
f 2861 2852 2370
f 2370 2852 2372
f 2751 2754 2856
f 2856 2754 2860
f 2856 2860 2858
f 2858 2860 2861
f 2858 2861 2367
f 2367 2861 2370
f 2762 2760 2862
f 2862 2760 2776
f 2862 2776 2863
f 2863 2776 2775
f 2863 2775 2864
f 2864 2775 2773
f 2864 2773 2865
f 2865 2773 2771
f 2865 2771 2855
f 2855 2771 2768
f 2855 2768 2752
f 2866 2757 2867
f 2867 2757 2756
f 2867 2756 2868
f 2868 2756 2786
f 2868 2786 2869
f 2869 2786 2766
f 2869 2766 2862
f 2862 2766 2764
f 2862 2764 2762
f 2870 2866 2871
f 2871 2866 2867
f 2871 2867 2872
f 2872 2867 2868
f 2872 2868 2873
f 2873 2868 2869
f 2873 2869 2874
f 2874 2869 2862
f 2874 2862 2875
f 2875 2862 2863
f 2875 2863 2876
f 2876 2863 2864
f 2876 2864 2877
f 2877 2864 2865
f 2877 2865 2857
f 2857 2865 2855
f 2878 2870 2879
f 2879 2870 2871
f 2879 2871 2880
f 2880 2871 2872
f 2880 2872 2881
f 2881 2872 2873
f 2881 2873 2882
f 2882 2873 2874
f 2882 2874 2883
f 2883 2874 2875
f 2883 2875 2884
f 2884 2875 2876
f 2884 2876 2885
f 2885 2876 2877
f 2885 2877 2859
f 2859 2877 2857
f 2348 2878 2360
f 2360 2878 2879
f 2360 2879 2365
f 2365 2879 2880
f 2365 2880 2366
f 2366 2880 2881
f 2366 2881 2359
f 2359 2881 2882
f 2359 2882 2357
f 2357 2882 2883
f 2357 2883 2355
f 2355 2883 2884
f 2355 2884 2353
f 2353 2884 2885
f 2353 2885 2350
f 2350 2885 2859
f 2870 2878 2886
f 2337 2887 2888
f 2813 2889 2792
f 2792 2889 2890
f 2792 2890 2790
f 2790 2890 2793
f 2793 2890 2891
f 2793 2891 2795
f 2795 2891 2794
f 2794 2891 2892
f 2794 2892 2801
f 2337 2888 2340
f 2340 2888 2893
f 2340 2893 2343
f 2343 2893 2886
f 2343 2886 2345
f 2345 2886 2878
f 2345 2878 2348
f 2813 2757 2889
f 2889 2757 2866
f 2889 2866 2870
f 2870 2886 2889
f 2889 2886 2893
f 2889 2893 2890
f 2890 2893 2888
f 2890 2888 2891
f 2891 2888 2887
f 2891 2887 2892
f 8 2801 2892
f 8 2892 6
f 6 2892 2887
f 6 2887 7
f 7 2887 2337
f 7 2337 2
f 1018 212 862
f 994 993 1715
f 2894 994 864
f 864 994 1715
f 864 1715 862
f 862 1715 1017
f 862 1017 1018
f 2894 864 2575
f 2894 2575 2895
f 2895 2575 1107
f 2895 1107 2896
f 46 45 1102
f 46 1102 2897
f 95 1076 2898
f 2898 1076 1075
f 2898 1075 71
f 2899 1053 44
f 44 1053 1051
f 19 2900 1051
f 1051 2900 43
f 1051 43 44
f 19 1051 20
f 20 1051 1050
f 20 1050 2901
f 2902 2896 1108
f 1108 2896 1107
f 1108 1109 2902
f 2902 1109 1110
f 2902 1110 2903
f 2903 1110 1105
f 2903 1105 70
f 70 1105 1104
f 70 1104 69
f 69 1104 1102
f 69 1102 2904
f 2904 1102 45
f 1102 1101 2897
f 2897 1101 1099
f 2897 1099 2905
f 1099 1098 2905
f 2905 1098 1096
f 2905 1096 2906
f 1096 1095 2906
f 2906 1095 1092
f 2906 1092 2907
f 1092 1088 2907
f 2907 1088 1086
f 2907 1086 2908
f 1086 1085 2908
f 2908 1085 1083
f 2908 1083 2909
f 95 96 1076
f 1076 96 2910
f 1076 2910 1079
f 1079 2910 2909
f 1079 2909 1081
f 1081 2909 1083
f 2911 2912 1075
f 1075 2912 72
f 1075 72 71
f 1075 1064 2911
f 2911 1064 1066
f 2911 1066 2913
f 1066 1068 2913
f 2913 1068 1070
f 2913 1070 2914
f 1070 1072 2914
f 2914 1072 1063
f 2914 1063 2915
f 1063 1061 2915
f 2915 1061 1059
f 2915 1059 2916
f 1059 1057 2916
f 2916 1057 1056
f 2916 1056 2899
f 2899 1056 1054
f 2899 1054 1053
f 1050 1048 2901
f 2901 1048 1047
f 2901 1047 2917
f 1020 2918 1021
f 1021 2918 2917
f 1021 2917 1045
f 1045 2917 1047
f 2918 1020 2597
f 2918 2597 2919
f 2919 2597 866
f 2919 866 2920
f 868 216 98
f 1689 121 122
f 98 97 868
f 868 97 1689
f 868 1689 866
f 866 1689 122
f 866 122 2920
f 537 2921 535
f 535 2921 2922
f 535 2922 532
f 532 2922 2923
f 532 2923 533
f 533 2923 576
f 576 2923 2924
f 576 2924 2925
f 2925 2924 578
f 578 2924 2926
f 578 2926 573
f 573 2926 2927
f 573 2927 574
f 2928 581 2927
f 2927 581 579
f 2927 579 574
f 620 2921 538
f 538 2921 537
f 2928 618 581
f 581 618 582
f 2927 2926 2928
f 2928 2926 2924
f 2928 2924 2923
f 620 618 2921
f 2921 618 2928
f 2921 2928 2922
f 2922 2928 2923
f 1423 289 2929
f 302 1430 2930
f 2930 1430 1429
f 2930 1429 1428
f 1428 2931 2930
f 2930 2931 1425
f 2930 1425 2929
f 2929 1425 1424
f 2929 1424 1423
f 1375 383 2932
f 2932 1379 1378
f 1380 1379 1381
f 1381 1379 2932
f 1381 2932 350
f 1378 1377 2932
f 2932 1377 1376
f 2932 1376 1375
f 278 2933 1444
f 1444 2933 1445
f 367 1451 2934
f 2934 1451 1450
f 2934 1450 2933
f 2933 1450 1449
f 1449 2935 2933
f 2933 2935 1446
f 2933 1446 1445
f 257 2936 1396
f 1396 2936 1397
f 265 1403 2937
f 2937 1403 1402
f 2937 1402 2936
f 1398 1397 2938
f 2938 1397 2936
f 2938 2936 1401
f 1401 2936 1402
f 1356 285 2939
f 2939 1360 1359
f 1361 1360 1362
f 1362 1360 2939
f 1362 2939 312
f 1359 1358 2939
f 2939 1358 1357
f 2939 1357 1356
f 2940 2941 2942
f 2943 2944 2941
f 2941 2944 2945
f 2941 2945 2942
f 2946 2947 2943
f 2943 2947 2948
f 2943 2948 2944
f 2949 2950 2946
f 2946 2950 2951
f 2946 2951 2947
f 2952 2953 2949
f 2949 2953 2954
f 2949 2954 2950
f 2955 2956 2952
f 2952 2956 2957
f 2952 2957 2953
f 2958 2959 2955
f 2955 2959 2960
f 2955 2960 2956
f 2961 2962 2958
f 2958 2962 2963
f 2958 2963 2959
f 2964 2965 2961
f 2961 2965 2966
f 2961 2966 2962
f 2967 2968 2964
f 2964 2968 2969
f 2964 2969 2965
f 2970 2971 2967
f 2967 2971 2972
f 2967 2972 2968
f 2973 2974 2970
f 2970 2974 2975
f 2970 2975 2971
f 2976 2977 2973
f 2973 2977 2978
f 2973 2978 2974
f 2979 2980 2976
f 2976 2980 2981
f 2976 2981 2977
f 2982 2983 2979
f 2979 2983 2984
f 2979 2984 2980
f 2985 2986 2982
f 2982 2986 2987
f 2982 2987 2983
f 2988 2989 2985
f 2985 2989 2990
f 2985 2990 2986
f 2991 2992 2988
f 2988 2992 2993
f 2988 2993 2989
f 2994 2995 2991
f 2991 2995 2996
f 2991 2996 2992
f 2997 2998 2994
f 2994 2998 2999
f 2994 2999 2995
f 3000 3001 2997
f 2997 3001 3002
f 2997 3002 2998
f 3003 3004 3000
f 3000 3004 3005
f 3000 3005 3001
f 2942 3006 2940
f 2940 3006 3007
f 2940 3007 3003
f 3003 3007 3008
f 3003 3008 3004
f 3009 3010 3011
f 3012 3013 3014
f 3015 3016 3017
f 3017 3016 3018
f 3017 3018 3019
f 3014 3013 3020
f 3020 3013 3021
f 3020 3021 3022
f 3023 3024 3025
f 3009 3011 3026
f 3026 3011 3027
f 3026 3027 3028
f 3028 3027 3012
f 3028 3012 3029
f 3030 3031 3032
f 3032 3031 3033
f 3032 3033 3034
f 3035 3036 3037
f 3037 3036 3038
f 3039 3040 3041
f 3041 3040 3042
f 3041 3042 3043
f 3014 3044 3012
f 3012 3044 3040
f 3012 3040 3029
f 3029 3040 3039
f 3029 3039 3045
f 3045 3039 3046
f 3045 3046 3047
f 3047 3046 3048
f 3047 3048 3049
f 3049 3048 3050
f 3049 3050 3051
f 3051 3050 3052
f 3023 3025 3042
f 3042 3025 3053
f 3042 3053 3043
f 3054 3055 3056
f 3056 3055 3057
f 3056 3057 3058
f 3058 3057 3059
f 3058 3059 3060
f 3032 3061 3030
f 3030 3061 3058
f 3030 3058 3062
f 3062 3058 3060
f 3063 3064 3065
f 3065 3064 3066
f 3065 3066 3067
f 3067 3066 3068
f 3067 3068 3069
f 3038 3036 3070
f 3070 3036 3071
f 3070 3071 3072
f 3073 3074 3075
f 3024 3062 3025
f 3025 3062 3060
f 3025 3060 3076
f 3076 3060 3077
f 3076 3077 3078
f 3078 3077 3079
f 3078 3079 3080
f 3080 3079 3081
f 3080 3081 3063
f 3063 3081 3072
f 3063 3072 3064
f 3064 3072 3071
f 3064 3071 3082
f 3082 3071 3083
f 3082 3083 3084
f 3084 3083 3085
f 3084 3085 3086
f 3086 3085 3087
f 3088 3089 3090
f 3090 3089 3091
f 3090 3091 3092
f 3093 3094 3095
f 3073 3075 3096
f 3096 3075 3097
f 3096 3097 3098
f 3098 3097 3099
f 3098 3099 3100
f 3100 3101 3098
f 3098 3101 3102
f 3098 3102 3103
f 3103 3102 3104
f 3103 3104 3105
f 3105 3104 3106
f 3105 3106 3107
f 3108 3109 3110
f 3110 3109 3111
f 3110 3111 3112
f 3112 3111 3113
f 3112 3113 3114
f 3115 3116 3117
f 3117 3116 3118
f 3018 3052 3019
f 3019 3052 3050
f 3019 3050 3119
f 3120 3121 3122
f 3122 3121 3094
f 3122 3094 3123
f 3123 3094 3093
f 3090 3124 3088
f 3088 3124 3112
f 3088 3112 3095
f 3095 3112 3114
f 3095 3114 3093
f 3093 3114 3125
f 3093 3125 3126
f 3126 3125 3127
f 3126 3127 3128
f 3128 3127 3129
f 3128 3129 3130
f 3130 3129 3131
f 3118 3116 3132
f 3132 3116 3119
f 3132 3119 3131
f 3131 3119 3050
f 3131 3050 3130
f 3068 3133 3069
f 3069 3133 3101
f 3069 3101 3134
f 3134 3101 3100
f 3134 3100 3120
f 3120 3100 3135
f 3120 3135 3121
f 264 3136 1468
f 1468 3136 1469
f 319 1474 3137
f 3137 1474 1473
f 3137 1473 3136
f 1470 1469 1471
f 1471 1469 3136
f 1471 3136 1472
f 1472 3136 1473
f 3138 3139 3140
f 3140 3139 3141
f 3140 3141 3142
f 3142 3141 3143
f 3142 3143 3144
f 3144 3143 3145
f 3144 3145 3146
f 3146 3145 3147
f 3146 3147 3148
f 3148 3147 3149
f 3148 3149 3150
f 3150 3149 3151
f 3150 3151 3152
f 3152 3151 3153
f 3152 3153 3154
f 3154 3153 3155
f 3154 3155 3156
f 3156 3155 3157
f 3156 3157 3158
f 3158 3157 3159
f 3158 3159 3160
f 3160 3159 3161
f 3160 3161 3162
f 3162 3161 3163
f 3162 3163 3164
f 3164 3163 3165
f 3164 3165 3166
f 3166 3165 3167
f 3166 3167 3168
f 3168 3167 3169
f 3168 3169 3170
f 3170 3169 3171
f 3170 3171 3172
f 3172 3171 3173
f 3172 3173 3174
f 3174 3173 3175
f 3174 3175 3176
f 3176 3175 3177
f 3176 3177 3178
f 3178 3177 3179
f 3178 3179 3180
f 3180 3179 3181
f 3180 3181 3182
f 3182 3181 3183
f 3182 3183 3184
f 3184 3183 3185
f 3184 3185 3186
f 3186 3185 3187
f 3186 3187 3188
f 3188 3187 3189
f 3188 3189 3190
f 3190 3189 3191
f 3190 3191 3192
f 3192 3191 3193
f 3192 3193 3138
f 3138 3193 3139
f 3194 3195 3196
f 3196 3195 3197
f 3196 3197 3198
f 3198 3197 3199
f 3198 3199 3200
f 3200 3199 3201
f 3200 3201 3202
f 3202 3201 3203
f 3202 3203 3204
f 3204 3203 3205
f 3204 3205 3206
f 3206 3205 3207
f 3206 3207 3208
f 3208 3207 3209
f 3208 3209 3210
f 3210 3209 3211
f 3210 3211 3212
f 3212 3211 3213
f 3212 3213 3214
f 3214 3213 3215
f 3214 3215 3216
f 3216 3215 3217
f 3216 3217 3218
f 3218 3217 3219
f 3218 3219 3220
f 3220 3219 3221
f 3220 3221 3222
f 3222 3221 3223
f 3222 3223 3224
f 3224 3223 3225
f 3224 3225 3226
f 3226 3225 3227
f 3226 3227 3228
f 3228 3227 3229
f 3228 3229 3230
f 3230 3229 3231
f 3230 3231 3232
f 3232 3231 3233
f 3232 3233 3234
f 3234 3233 3235
f 3234 3235 3236
f 3236 3235 3237
f 3236 3237 3238
f 3238 3237 3239
f 3238 3239 3240
f 3240 3239 3241
f 3240 3241 3194
f 3194 3241 3195
f 3216 3218 3242
f 3242 3218 3220
f 3242 3220 3243
f 3243 3220 3222
f 3243 3222 3244
f 3244 3222 3245
f 3244 3245 3246
f 3246 3245 3226
f 3246 3226 3247
f 3247 3226 3228
f 3247 3228 3248
f 3248 3228 3230
f 3248 3230 3249
f 3249 3230 3232
f 3249 3232 3250
f 3250 3232 3234
f 3250 3234 3251
f 3251 3234 3252
f 3251 3252 3253
f 3253 3252 3238
f 3253 3238 3254
f 3254 3238 3240
f 3254 3240 3255
f 3255 3240 3194
f 3255 3194 3256
f 3256 3194 3196
f 3256 3196 3257
f 3257 3196 3198
f 3257 3198 3258
f 3258 3198 3259
f 3258 3259 3260
f 3260 3259 3202
f 3260 3202 3261
f 3261 3202 3204
f 3261 3204 3262
f 3262 3204 3206
f 3262 3206 3263
f 3263 3206 3208
f 3263 3208 3264
f 3264 3208 3210
f 3264 3210 3265
f 3265 3210 3266
f 3265 3266 3267
f 3267 3266 3214
f 3267 3214 3268
f 3268 3214 3216
f 3268 3216 3242
f 396 3269 398
f 398 3269 3270
f 398 3270 400
f 400 3270 3271
f 400 3271 402
f 402 3271 3272
f 402 3272 404
f 404 3272 3273
f 404 3273 406
f 406 3273 3274
f 406 3274 408
f 408 3274 3275
f 408 3275 410
f 410 3275 3276
f 410 3276 411
f 411 3276 3277
f 411 3277 390
f 390 3277 3278
f 390 3278 392
f 392 3278 3279
f 392 3279 394
f 394 3279 3280
f 394 3280 396
f 396 3280 3269
f 3272 3281 3273
f 3273 3281 3282
f 3273 3282 3274
f 3274 3282 3283
f 3274 3283 3275
f 3275 3283 3284
f 3275 3284 3276
f 3276 3284 3285
f 3276 3285 3277
f 3277 3285 3286
f 3277 3286 3278
f 3278 3286 3287
f 3278 3287 3279
f 3279 3287 3288
f 3279 3288 3280
f 3280 3288 3289
f 3280 3289 3269
f 3269 3289 3290
f 3269 3290 3270
f 3270 3290 3291
f 3270 3291 3271
f 3271 3291 3292
f 3271 3292 3272
f 3272 3292 3281
f 3290 3293 3291
f 3291 3293 3294
f 3291 3294 3292
f 3292 3294 3295
f 3292 3295 3281
f 3281 3295 3296
f 3281 3296 3282
f 3282 3296 3297
f 3282 3297 3283
f 3283 3297 3298
f 3283 3298 3284
f 3284 3298 3299
f 3284 3299 3285
f 3285 3299 3300
f 3285 3300 3286
f 3286 3300 3301
f 3286 3301 3287
f 3287 3301 3302
f 3287 3302 3288
f 3288 3302 3303
f 3288 3303 3289
f 3289 3303 3304
f 3289 3304 3290
f 3290 3304 3293
f 3087 3298 3297
f 3087 3305 3298
f 3298 3305 3107
f 3298 3107 3299
f 3299 3107 3106
f 3299 3106 3300
f 3300 3106 3104
f 3300 3104 3301
f 3301 3104 3102
f 3301 3102 3302
f 3302 3102 3101
f 3302 3101 3303
f 3303 3101 3133
f 3303 3133 3304
f 3304 3133 3068
f 3304 3068 3293
f 3293 3068 3066
f 3293 3066 3294
f 3294 3066 3064
f 3294 3064 3295
f 3295 3064 3082
f 3295 3082 3296
f 3296 3082 3084
f 3296 3084 3297
f 3297 3084 3086
f 3297 3086 3087
f 434 3306 435
f 435 3306 3307
f 435 3307 413
f 413 3307 3308
f 413 3308 415
f 415 3308 3309
f 415 3309 417
f 417 3309 3310
f 417 3310 419
f 419 3310 3311
f 419 3311 421
f 421 3311 3312
f 421 3312 424
f 424 3312 3313
f 424 3313 426
f 426 3313 3314
f 426 3314 428
f 428 3314 3315
f 428 3315 430
f 430 3315 3316
f 430 3316 432
f 432 3316 3317
f 432 3317 434
f 434 3317 3306
f 3311 3318 3312
f 3312 3318 3319
f 3312 3319 3313
f 3313 3319 3320
f 3313 3320 3314
f 3314 3320 3321
f 3314 3321 3315
f 3315 3321 3322
f 3315 3322 3316
f 3316 3322 3323
f 3316 3323 3317
f 3317 3323 3324
f 3317 3324 3306
f 3306 3324 3325
f 3306 3325 3307
f 3307 3325 3326
f 3307 3326 3308
f 3308 3326 3327
f 3308 3327 3309
f 3309 3327 3328
f 3309 3328 3310
f 3310 3328 3329
f 3310 3329 3311
f 3311 3329 3318
f 3325 3330 3326
f 3326 3330 3331
f 3326 3331 3327
f 3327 3331 3332
f 3327 3332 3328
f 3328 3332 3333
f 3328 3333 3329
f 3329 3333 3334
f 3329 3334 3318
f 3318 3334 3335
f 3318 3335 3319
f 3319 3335 3336
f 3319 3336 3320
f 3320 3336 3337
f 3320 3337 3321
f 3321 3337 3338
f 3321 3338 3322
f 3322 3338 3339
f 3322 3339 3323
f 3323 3339 3340
f 3323 3340 3324
f 3324 3340 3341
f 3324 3341 3325
f 3325 3341 3330
f 3074 3337 3336
f 3074 3342 3337
f 3337 3342 3092
f 3337 3092 3338
f 3338 3092 3091
f 3338 3091 3339
f 3339 3091 3089
f 3339 3089 3340
f 3340 3089 3088
f 3340 3088 3341
f 3341 3088 3095
f 3341 3095 3330
f 3330 3095 3094
f 3330 3094 3331
f 3331 3094 3121
f 3331 3121 3332
f 3332 3121 3135
f 3332 3135 3333
f 3333 3135 3100
f 3333 3100 3334
f 3334 3100 3099
f 3334 3099 3335
f 3335 3099 3097
f 3335 3097 3336
f 3336 3097 3075
f 3336 3075 3074
f 448 3343 459
f 459 3343 3344
f 459 3344 458
f 458 3344 3345
f 458 3345 456
f 456 3345 3346
f 456 3346 454
f 454 3346 3347
f 454 3347 452
f 452 3347 3348
f 452 3348 436
f 436 3348 3349
f 436 3349 437
f 437 3349 3350
f 437 3350 440
f 440 3350 3351
f 440 3351 442
f 442 3351 3352
f 442 3352 444
f 444 3352 3353
f 444 3353 446
f 446 3353 3354
f 446 3354 448
f 448 3354 3343
f 3345 3355 3346
f 3346 3355 3356
f 3346 3356 3347
f 3347 3356 3357
f 3347 3357 3348
f 3348 3357 3358
f 3348 3358 3349
f 3349 3358 3359
f 3349 3359 3350
f 3350 3359 3360
f 3350 3360 3351
f 3351 3360 3361
f 3351 3361 3352
f 3352 3361 3362
f 3352 3362 3353
f 3353 3362 3363
f 3353 3363 3354
f 3354 3363 3364
f 3354 3364 3343
f 3343 3364 3365
f 3343 3365 3344
f 3344 3365 3366
f 3344 3366 3345
f 3345 3366 3355
f 3365 3367 3366
f 3366 3367 3368
f 3366 3368 3355
f 3355 3368 3369
f 3355 3369 3356
f 3356 3369 3370
f 3356 3370 3357
f 3357 3370 3371
f 3357 3371 3358
f 3358 3371 3372
f 3358 3372 3359
f 3359 3372 3373
f 3359 3373 3360
f 3360 3373 3374
f 3360 3374 3361
f 3361 3374 3375
f 3361 3375 3362
f 3362 3375 3376
f 3362 3376 3363
f 3363 3376 3377
f 3363 3377 3364
f 3364 3377 3378
f 3364 3378 3365
f 3365 3378 3367
f 3108 3376 3375
f 3108 3379 3376
f 3376 3379 3115
f 3376 3115 3377
f 3377 3115 3117
f 3377 3117 3378
f 3378 3117 3118
f 3378 3118 3367
f 3367 3118 3132
f 3367 3132 3368
f 3368 3132 3131
f 3368 3131 3369
f 3369 3131 3129
f 3369 3129 3370
f 3370 3129 3127
f 3370 3127 3371
f 3371 3127 3125
f 3371 3125 3372
f 3372 3125 3114
f 3372 3114 3373
f 3373 3114 3113
f 3373 3113 3374
f 3374 3113 3111
f 3374 3111 3375
f 3375 3111 3109
f 3375 3109 3108
f 480 3380 482
f 482 3380 3381
f 482 3381 483
f 483 3381 3382
f 483 3382 461
f 461 3382 3383
f 461 3383 463
f 463 3383 3384
f 463 3384 465
f 465 3384 3385
f 465 3385 468
f 468 3385 3386
f 468 3386 470
f 470 3386 3387
f 470 3387 472
f 472 3387 3388
f 472 3388 474
f 474 3388 3389
f 474 3389 476
f 476 3389 3390
f 476 3390 478
f 478 3390 3391
f 478 3391 480
f 480 3391 3380
f 3383 3392 3384
f 3384 3392 3393
f 3384 3393 3385
f 3385 3393 3394
f 3385 3394 3386
f 3386 3394 3395
f 3386 3395 3387
f 3387 3395 3396
f 3387 3396 3388
f 3388 3396 3397
f 3388 3397 3389
f 3389 3397 3398
f 3389 3398 3390
f 3390 3398 3399
f 3390 3399 3391
f 3391 3399 3400
f 3391 3400 3380
f 3380 3400 3401
f 3380 3401 3381
f 3381 3401 3402
f 3381 3402 3382
f 3382 3402 3403
f 3382 3403 3383
f 3383 3403 3392
f 3401 3404 3402
f 3402 3404 3405
f 3402 3405 3403
f 3403 3405 3406
f 3403 3406 3392
f 3392 3406 3407
f 3392 3407 3393
f 3393 3407 3408
f 3393 3408 3394
f 3394 3408 3409
f 3394 3409 3395
f 3395 3409 3410
f 3395 3410 3396
f 3396 3410 3411
f 3396 3411 3397
f 3397 3411 3412
f 3397 3412 3398
f 3398 3412 3413
f 3398 3413 3399
f 3399 3413 3414
f 3399 3414 3400
f 3400 3414 3415
f 3400 3415 3401
f 3401 3415 3404
f 3015 3415 3414
f 3015 3416 3415
f 3415 3416 3010
f 3415 3010 3404
f 3404 3010 3009
f 3404 3009 3405
f 3405 3009 3026
f 3405 3026 3406
f 3406 3026 3028
f 3406 3028 3407
f 3407 3028 3029
f 3407 3029 3408
f 3408 3029 3045
f 3408 3045 3409
f 3409 3045 3047
f 3409 3047 3410
f 3410 3047 3049
f 3410 3049 3411
f 3411 3049 3051
f 3411 3051 3412
f 3412 3051 3052
f 3412 3052 3413
f 3413 3052 3018
f 3413 3018 3414
f 3414 3018 3016
f 3414 3016 3015
f 507 3417 485
f 485 3417 3418
f 485 3418 487
f 487 3418 3419
f 487 3419 489
f 489 3419 3420
f 489 3420 491
f 491 3420 3421
f 491 3421 493
f 493 3421 3422
f 493 3422 495
f 495 3422 3423
f 495 3423 497
f 497 3423 3424
f 497 3424 499
f 499 3424 3425
f 499 3425 501
f 501 3425 3426
f 501 3426 503
f 503 3426 3427
f 503 3427 505
f 505 3427 3428
f 505 3428 507
f 507 3428 3417
f 3422 3429 3423
f 3423 3429 3430
f 3423 3430 3424
f 3424 3430 3431
f 3424 3431 3425
f 3425 3431 3432
f 3425 3432 3426
f 3426 3432 3433
f 3426 3433 3427
f 3427 3433 3434
f 3427 3434 3428
f 3428 3434 3435
f 3428 3435 3417
f 3417 3435 3436
f 3417 3436 3418
f 3418 3436 3437
f 3418 3437 3419
f 3419 3437 3438
f 3419 3438 3420
f 3420 3438 3439
f 3420 3439 3421
f 3421 3439 3440
f 3421 3440 3422
f 3422 3440 3429
f 3436 3441 3437
f 3437 3441 3442
f 3437 3442 3438
f 3438 3442 3443
f 3438 3443 3439
f 3439 3443 3444
f 3439 3444 3440
f 3440 3444 3445
f 3440 3445 3429
f 3429 3445 3446
f 3429 3446 3430
f 3430 3446 3447
f 3430 3447 3431
f 3431 3447 3448
f 3431 3448 3432
f 3432 3448 3449
f 3432 3449 3433
f 3433 3449 3450
f 3433 3450 3434
f 3434 3450 3451
f 3434 3451 3435
f 3435 3451 3452
f 3435 3452 3436
f 3436 3452 3441
f 3022 3442 3441
f 3022 3453 3442
f 3442 3453 3034
f 3442 3034 3443
f 3443 3034 3033
f 3443 3033 3444
f 3444 3033 3031
f 3444 3031 3445
f 3445 3031 3030
f 3445 3030 3446
f 3446 3030 3062
f 3446 3062 3447
f 3447 3062 3024
f 3447 3024 3448
f 3448 3024 3023
f 3448 3023 3449
f 3449 3023 3042
f 3449 3042 3450
f 3450 3042 3040
f 3450 3040 3451
f 3451 3040 3044
f 3451 3044 3452
f 3452 3044 3014
f 3452 3014 3441
f 3441 3014 3020
f 3441 3020 3022
f 508 3454 509
f 509 3454 3455
f 509 3455 512
f 512 3455 3456
f 512 3456 514
f 514 3456 3457
f 514 3457 516
f 516 3457 3458
f 516 3458 518
f 518 3458 3459
f 518 3459 520
f 520 3459 3460
f 520 3460 522
f 522 3460 3461
f 522 3461 523
f 523 3461 3462
f 523 3462 525
f 525 3462 3463
f 525 3463 527
f 527 3463 3464
f 527 3464 529
f 529 3464 3465
f 529 3465 508
f 508 3465 3454
f 3462 3466 3463
f 3463 3466 3467
f 3463 3467 3464
f 3464 3467 3468
f 3464 3468 3465
f 3465 3468 3469
f 3465 3469 3454
f 3454 3469 3470
f 3454 3470 3455
f 3455 3470 3471
f 3455 3471 3456
f 3456 3471 3472
f 3456 3472 3457
f 3457 3472 3473
f 3457 3473 3458
f 3458 3473 3474
f 3458 3474 3459
f 3459 3474 3475
f 3459 3475 3460
f 3460 3475 3476
f 3460 3476 3461
f 3461 3476 3477
f 3461 3477 3462
f 3462 3477 3466
f 3470 3478 3471
f 3471 3478 3479
f 3471 3479 3472
f 3472 3479 3480
f 3472 3480 3473
f 3473 3480 3481
f 3473 3481 3474
f 3474 3481 3482
f 3474 3482 3475
f 3475 3482 3483
f 3475 3483 3476
f 3476 3483 3484
f 3476 3484 3477
f 3477 3484 3485
f 3477 3485 3466
f 3466 3485 3486
f 3466 3486 3467
f 3467 3486 3487
f 3467 3487 3468
f 3468 3487 3488
f 3468 3488 3469
f 3469 3488 3489
f 3469 3489 3470
f 3470 3489 3478
f 3054 3481 3480
f 3054 3490 3481
f 3481 3490 3035
f 3481 3035 3482
f 3482 3035 3037
f 3482 3037 3483
f 3483 3037 3038
f 3483 3038 3484
f 3484 3038 3070
f 3484 3070 3485
f 3485 3070 3072
f 3485 3072 3486
f 3486 3072 3081
f 3486 3081 3487
f 3487 3081 3079
f 3487 3079 3488
f 3488 3079 3077
f 3488 3077 3489
f 3489 3077 3060
f 3489 3060 3478
f 3478 3060 3059
f 3478 3059 3479
f 3479 3059 3057
f 3479 3057 3480
f 3480 3057 3055
f 3480 3055 3054
f 3197 952 3199
f 3199 952 950
f 3199 950 3491
f 3491 950 3492
f 3491 3492 3203
f 3203 3492 946
f 3203 946 3205
f 3205 946 992
f 3205 992 3207
f 3207 992 990
f 3207 990 3209
f 3209 990 988
f 3209 988 3211
f 3211 988 986
f 3211 986 3493
f 3493 986 3494
f 3493 3494 3215
f 3215 3494 982
f 3215 982 3217
f 3217 982 980
f 3217 980 3219
f 3219 980 978
f 3219 978 3221
f 3221 978 976
f 3221 976 3223
f 3223 976 974
f 3223 974 3495
f 3495 974 972
f 3495 972 3227
f 3227 972 970
f 3227 970 3229
f 3229 970 968
f 3229 968 3231
f 3231 968 966
f 3231 966 3233
f 3233 966 964
f 3233 964 3235
f 3235 964 962
f 3235 962 3496
f 3496 962 3497
f 3496 3497 3239
f 3239 3497 958
f 3239 958 3241
f 3241 958 956
f 3241 956 3195
f 3195 956 954
f 3195 954 3197
f 3197 954 952
f 2941 3256 2943
f 2943 3256 3257
f 2943 3257 2946
f 2946 3257 3258
f 2946 3258 2949
f 2949 3258 3260
f 2949 3260 2952
f 2952 3260 3261
f 2952 3261 2955
f 2955 3261 3262
f 2955 3262 2958
f 2958 3262 3263
f 2958 3263 2961
f 2961 3263 3264
f 2961 3264 2964
f 2964 3264 3265
f 2964 3265 2967
f 2967 3265 3267
f 2967 3267 2970
f 2970 3267 3268
f 2970 3268 2973
f 2973 3268 3242
f 2973 3242 2976
f 2976 3242 3243
f 2976 3243 2979
f 2979 3243 3244
f 2979 3244 2982
f 2982 3244 3246
f 2982 3246 2985
f 2985 3246 3247
f 2985 3247 2988
f 2988 3247 3248
f 2988 3248 2991
f 2991 3248 3249
f 2991 3249 2994
f 2994 3249 3250
f 2994 3250 2997
f 2997 3250 3251
f 2997 3251 3000
f 3000 3251 3253
f 3000 3253 3003
f 3003 3253 3254
f 3003 3254 2940
f 2940 3254 3255
f 2940 3255 2941
f 2941 3255 3256
f 3046 3039 2978
f 2978 2977 3046
f 3046 2977 2981
f 3046 2981 3048
f 2981 2980 3048
f 3048 2980 2984
f 3048 2984 3050
f 2984 2983 3050
f 3050 2983 2987
f 3050 2987 3130
f 2987 2986 3130
f 3130 2986 2990
f 3130 2990 3128
f 2990 2989 3128
f 3128 2989 2993
f 3128 2993 3126
f 2993 2992 3126
f 3126 2992 2996
f 3126 2996 3093
f 2996 2995 3093
f 3093 2995 2999
f 3093 2999 3123
f 2999 2998 3123
f 3123 2998 3002
f 3123 3002 3122
f 3002 3001 3122
f 3122 3001 3005
f 3122 3005 3120
f 3005 3004 3120
f 3120 3004 3008
f 3120 3008 3134
f 3008 3007 3134
f 3134 3007 3006
f 3134 3006 3069
f 3006 2942 3069
f 3069 2942 2945
f 3069 2945 3067
f 2945 2944 3067
f 3067 2944 2948
f 3067 2948 3065
f 2948 2947 3065
f 3065 2947 2951
f 3065 2951 3063
f 2951 2950 3063
f 3063 2950 2954
f 3063 2954 3080
f 2954 2953 3080
f 3080 2953 2957
f 3080 2957 3078
f 2957 2956 3078
f 3078 2956 2960
f 3078 2960 3076
f 2960 2959 3076
f 3076 2959 2963
f 3076 2963 3025
f 2963 2962 3025
f 3025 2962 2966
f 3025 2966 3053
f 2966 2965 3053
f 3053 2965 2969
f 3053 2969 3043
f 2969 2968 3043
f 3043 2968 2972
f 3043 2972 3041
f 2972 2971 3041
f 3041 2971 2975
f 3041 2975 3039
f 3039 2975 2974
f 3039 2974 2978
f 3169 3416 3015
f 3169 3015 3171
f 3153 3151 3054
f 3036 3035 3151
f 3151 3035 3490
f 3151 3490 3054
f 3141 3305 3087
f 3141 3087 3143
f 3181 3179 3108
f 3116 3115 3179
f 3179 3115 3379
f 3179 3379 3108
f 3108 3110 3181
f 3181 3110 3112
f 3181 3112 3183
f 3183 3112 3124
f 3183 3124 3185
f 3185 3124 3090
f 3185 3090 3187
f 3187 3090 3092
f 3187 3092 3189
f 3189 3092 3342
f 3189 3342 3074
f 3015 3017 3171
f 3171 3017 3019
f 3171 3019 3173
f 3173 3019 3119
f 3173 3119 3175
f 3175 3119 3116
f 3175 3116 3177
f 3177 3116 3179
f 3022 3021 3161
f 3161 3021 3013
f 3161 3013 3163
f 3163 3013 3012
f 3163 3012 3165
f 3165 3012 3027
f 3165 3027 3167
f 3167 3027 3011
f 3167 3011 3169
f 3169 3011 3010
f 3169 3010 3416
f 3054 3056 3153
f 3153 3056 3058
f 3153 3058 3155
f 3155 3058 3061
f 3155 3061 3157
f 3157 3061 3032
f 3157 3032 3159
f 3159 3032 3034
f 3159 3034 3161
f 3161 3034 3453
f 3161 3453 3022
f 3087 3085 3143
f 3143 3085 3083
f 3143 3083 3145
f 3145 3083 3071
f 3145 3071 3147
f 3147 3071 3036
f 3147 3036 3149
f 3149 3036 3151
f 3074 3073 3189
f 3189 3073 3096
f 3189 3096 3191
f 3191 3096 3098
f 3191 3098 3193
f 3193 3098 3103
f 3193 3103 3139
f 3139 3103 3105
f 3139 3105 3141
f 3141 3105 3107
f 3141 3107 3305
f 3170 3172 289
f 289 3172 2929
f 2929 3172 3174
f 2929 3174 2930
f 3178 285 3176
f 3176 285 287
f 3176 287 3174
f 3174 287 302
f 3174 302 2930
f 3184 308 3182
f 3182 308 310
f 3182 310 3180
f 3180 310 312
f 3180 312 3178
f 3178 312 2939
f 3178 2939 285
f 3188 2936 3186
f 3186 2936 257
f 3186 257 3184
f 3184 257 306
f 3184 306 308
f 339 265 3188
f 3188 265 2937
f 3188 2937 2936
f 3188 3190 339
f 339 3190 3192
f 339 3192 337
f 337 3192 3138
f 337 3138 335
f 335 3138 3140
f 335 3140 333
f 333 3140 3142
f 333 3142 331
f 331 3142 264
f 264 3142 3144
f 264 3144 3136
f 3136 3144 3146
f 3136 3146 3137
f 3150 383 3148
f 3148 383 385
f 3148 385 3146
f 3146 385 319
f 3146 319 3137
f 3156 346 3154
f 3154 346 348
f 3154 348 3152
f 3152 348 350
f 3152 350 3150
f 3150 350 2932
f 3150 2932 383
f 3160 2933 3158
f 3158 2933 278
f 3158 278 3156
f 3156 278 344
f 3156 344 346
f 365 367 3160
f 3160 367 2934
f 3160 2934 2933
f 289 357 3170
f 3170 357 359
f 3170 359 3168
f 3168 359 361
f 3168 361 3166
f 3166 361 363
f 3166 363 3164
f 3164 363 365
f 3164 365 3162
f 3162 365 3160
f 3498 3499 3500
f 3500 3499 3501
f 3500 3501 3502
f 3502 3501 3503
f 3502 3503 3504
f 3504 3503 3505
f 3504 3505 3506
f 3506 3505 3507
f 3506 3507 3508
f 3508 3507 3509
f 3508 3509 3510
f 3510 3509 3511
f 3510 3511 3512
f 3512 3511 3513
f 3512 3513 3514
f 3514 3513 3515
f 3514 3515 3516
f 3516 3515 3517
f 3516 3517 3518
f 3518 3517 3519
f 3518 3519 3520
f 3520 3519 3521
f 3520 3521 3522
f 3522 3521 3523
f 3522 3523 3524
f 3524 3523 3525
f 3524 3525 3526
f 3526 3525 3527
f 3526 3527 3528
f 3528 3527 3529
f 3528 3529 3498
f 3498 3529 3499
f 3530 3531 3532
f 3532 3531 3533
f 3532 3533 3534
f 3534 3533 3535
f 3534 3535 3536
f 3536 3535 3537
f 3536 3537 3538
f 3539 3540 3541
f 3541 3540 3542
f 3541 3542 3543
f 3543 3542 3544
f 3543 3544 3545
f 3545 3544 3546
f 3545 3546 3530
f 3530 3546 3547
f 3530 3547 3531
f 3537 3548 3538
f 3538 3548 3549
f 3538 3549 3550
f 3550 3549 3551
f 3550 3551 3552
f 3552 3551 3553
f 3552 3553 3554
f 3554 3553 3555
f 3554 3555 3556
f 3556 3555 3557
f 3556 3557 3539
f 3539 3557 3558
f 3539 3558 3540
f 3514 3557 3512
f 3512 3557 3555
f 3512 3555 3510
f 3510 3555 3553
f 3510 3553 3508
f 3508 3553 3551
f 3508 3551 3506
f 3506 3551 3549
f 3506 3549 3504
f 3504 3549 3548
f 3504 3548 3502
f 3502 3548 3537
f 3502 3537 3500
f 3500 3537 3535
f 3500 3535 3498
f 3498 3535 3533
f 3498 3533 3528
f 3528 3533 3531
f 3528 3531 3526
f 3526 3531 3547
f 3526 3547 3524
f 3524 3547 3546
f 3524 3546 3522
f 3522 3546 3544
f 3522 3544 3520
f 3520 3544 3542
f 3520 3542 3518
f 3518 3542 3540
f 3518 3540 3516
f 3516 3540 3558
f 3516 3558 3514
f 3514 3558 3557
f 3559 3534 3560
f 3560 3534 3536
f 3560 3536 3561
f 3561 3536 3538
f 3561 3538 3562
f 3562 3538 3550
f 3562 3550 3563
f 3563 3550 3552
f 3563 3552 3564
f 3564 3552 3554
f 3564 3554 3565
f 3565 3554 3556
f 3565 3556 3566
f 3566 3556 3539
f 3566 3539 3567
f 3567 3539 3541
f 3567 3541 3568
f 3568 3541 3543
f 3568 3543 3569
f 3569 3543 3545
f 3569 3545 3570
f 3570 3545 3530
f 3570 3530 3571
f 3571 3530 3532
f 3571 3532 3559
f 3559 3532 3534
f 3572 3573 3569
f 3574 3575 3576
f 3560 3577 3559
f 3559 3577 3578
f 3559 3578 3571
f 3569 3573 3568
f 3568 3573 3579
f 3568 3579 3567
f 3578 3580 3571
f 3571 3580 3581
f 3571 3581 3570
f 3570 3581 3582
f 3570 3582 3583
f 3584 3585 3560
f 3560 3585 3586
f 3560 3586 3577
f 3577 3586 3587
f 3577 3587 3588
f 3588 3587 3589
f 3569 3570 3572
f 3572 3570 3583
f 3572 3583 3590
f 3590 3583 3591
f 3592 3576 3589
f 3589 3576 3575
f 3589 3575 3588
f 3591 3593 3590
f 3590 3593 3594
f 3590 3594 3595
f 3595 3594 3574
f 3595 3574 3596
f 3596 3574 3576
f 3597 3598 3565
f 3565 3598 3599
f 3565 3599 3564
f 3576 3600 3596
f 3596 3600 3601
f 3596 3601 3602
f 3602 3601 3603
f 3602 3603 3604
f 3604 3603 3597
f 3604 3597 3605
f 3605 3597 3565
f 3605 3565 3606
f 3606 3565 3566
f 3606 3566 3607
f 3607 3566 3567
f 3607 3567 3608
f 3608 3567 3579
f 3599 3609 3564
f 3564 3609 3610
f 3564 3610 3563
f 3563 3610 3611
f 3563 3611 3612
f 3592 3613 3576
f 3576 3613 3614
f 3576 3614 3615
f 3615 3614 3616
f 3584 3560 3617
f 3617 3560 3561
f 3617 3561 3618
f 3618 3561 3562
f 3618 3562 3619
f 3619 3562 3563
f 3619 3563 3616
f 3616 3563 3612
f 3616 3612 3615
f 3594 3620 3574
f 3574 3620 3621
f 3574 3621 3575
f 3575 3621 3622
f 3575 3622 3588
f 3588 3622 3623
f 3588 3623 3577
f 3577 3623 3624
f 3577 3624 3578
f 3578 3624 3625
f 3578 3625 3580
f 3580 3625 3626
f 3580 3626 3581
f 3581 3626 3627
f 3581 3627 3582
f 3582 3627 3628
f 3582 3628 3583
f 3583 3628 3629
f 3583 3629 3591
f 3591 3629 3630
f 3591 3630 3593
f 3593 3630 3631
f 3593 3631 3594
f 3594 3631 3620
f 3627 3626 3632
f 3632 3626 3625
f 3632 3625 3624
f 3630 3629 3632
f 3632 3629 3628
f 3632 3628 3627
f 3621 3620 3632
f 3632 3620 3631
f 3632 3631 3630
f 3624 3623 3632
f 3632 3623 3622
f 3632 3622 3621
f 3606 3633 3605
f 3605 3633 3634
f 3605 3634 3604
f 3604 3634 3635
f 3604 3635 3602
f 3602 3635 3636
f 3602 3636 3596
f 3596 3636 3637
f 3596 3637 3595
f 3595 3637 3638
f 3595 3638 3590
f 3590 3638 3639
f 3590 3639 3572
f 3572 3639 3640
f 3572 3640 3573
f 3573 3640 3641
f 3573 3641 3579
f 3579 3641 3642
f 3579 3642 3608
f 3608 3642 3643
f 3608 3643 3607
f 3607 3643 3644
f 3607 3644 3606
f 3606 3644 3633
f 3640 3639 3645
f 3645 3639 3638
f 3645 3638 3637
f 3643 3642 3645
f 3645 3642 3641
f 3645 3641 3640
f 3634 3633 3645
f 3645 3633 3644
f 3645 3644 3643
f 3637 3636 3645
f 3645 3636 3635
f 3645 3635 3634
f 3599 3646 3609
f 3609 3646 3647
f 3609 3647 3610
f 3610 3647 3648
f 3610 3648 3611
f 3611 3648 3649
f 3611 3649 3612
f 3612 3649 3650
f 3612 3650 3615
f 3615 3650 3651
f 3615 3651 3576
f 3576 3651 3652
f 3576 3652 3600
f 3600 3652 3653
f 3600 3653 3601
f 3601 3653 3654
f 3601 3654 3603
f 3603 3654 3655
f 3603 3655 3597
f 3597 3655 3656
f 3597 3656 3598
f 3598 3656 3657
f 3598 3657 3599
f 3599 3657 3646
f 3653 3652 3658
f 3658 3652 3651
f 3658 3651 3650
f 3656 3655 3658
f 3658 3655 3654
f 3658 3654 3653
f 3647 3646 3658
f 3658 3646 3657
f 3658 3657 3656
f 3650 3649 3658
f 3658 3649 3648
f 3658 3648 3647
f 3614 3659 3616
f 3616 3659 3660
f 3616 3660 3619
f 3619 3660 3661
f 3619 3661 3618
f 3618 3661 3662
f 3618 3662 3617
f 3617 3662 3663
f 3617 3663 3584
f 3584 3663 3664
f 3584 3664 3585
f 3585 3664 3665
f 3585 3665 3586
f 3586 3665 3666
f 3586 3666 3587
f 3587 3666 3667
f 3587 3667 3589
f 3589 3667 3668
f 3589 3668 3592
f 3592 3668 3669
f 3592 3669 3613
f 3613 3669 3670
f 3613 3670 3614
f 3614 3670 3659
f 3666 3665 3671
f 3671 3665 3664
f 3671 3664 3663
f 3669 3668 3671
f 3671 3668 3667
f 3671 3667 3666
f 3660 3659 3671
f 3671 3659 3670
f 3671 3670 3669
f 3663 3662 3671
f 3671 3662 3661
f 3671 3661 3660
f 3672 3673 3674
f 3675 190 2553
f 3676 3677 3678
f 3679 3680 3681
f 3682 3683 3684
f 3685 3686 3687
f 3688 3689 3690
f 3685 3687 3690
f 3689 3688 3691
f 3691 3688 3678
f 3691 3678 3692
f 3692 3678 3677
f 3692 3677 146
f 3684 3683 211
f 211 3683 3693
f 211 3693 2534
f 2534 3693 3694
f 2534 3694 146
f 146 3694 3695
f 146 3695 3692
f 3682 3684 3696
f 3696 3684 3697
f 3696 3697 3686
f 3698 3699 3700
f 3701 3702 3703
f 3701 3704 3705
f 3705 3704 3706
f 3703 3702 210
f 210 3702 3707
f 210 3707 2550
f 3707 3708 2550
f 2550 3708 3709
f 2550 3709 217
f 217 3709 3710
f 217 3710 3711
f 3711 3710 3712
f 3711 3712 3713
f 3714 3715 3716
f 3716 3715 3717
f 3716 3717 3718
f 3718 3717 3719
f 3718 3719 3720
f 3721 3722 3723
f 3721 3723 3724
f 3719 3725 3720
f 3720 3725 3726
f 3720 3726 3727
f 3727 3726 3724
f 3727 3724 3728
f 3728 3724 3723
f 3729 3730 3731
f 3730 3729 3732
f 3732 3729 3733
f 3732 3733 3734
f 3734 3733 3681
f 3734 3681 3714
f 3714 3681 3680
f 3714 3680 3715
f 3735 3736 3737
f 3737 3736 3738
f 3738 3736 3739
f 3738 3739 3740
f 3740 3739 3741
f 3740 3741 3742
f 3742 3741 3743
f 3742 3743 3744
f 3745 3746 3747
f 3747 3746 3748
f 3747 3748 3749
f 3749 3748 3750
f 3749 3750 3751
f 3752 3753 3754
f 3754 3753 3724
f 3725 3735 3726
f 3726 3735 3737
f 3726 3737 3724
f 3724 3737 3755
f 3724 3755 3754
f 3756 3757 3758
f 3756 3758 3759
f 3760 3761 3749
f 3762 3763 3764
f 3758 3765 3759
f 3759 3765 3766
f 3759 3766 3767
f 3767 3766 3768
f 3767 3768 3769
f 3769 3768 3770
f 3769 3770 3771
f 3761 3772 3749
f 3749 3772 3773
f 3749 3773 3762
f 3762 3773 3774
f 3762 3774 3763
f 3770 3775 3771
f 3771 3775 3760
f 3771 3760 3776
f 3776 3760 3749
f 3776 3749 3744
f 3744 3749 3751
f 3744 3751 3742
f 3777 166 3678
f 3678 166 3778
f 3678 3778 3676
f 3673 3779 3780
f 3780 3779 3781
f 3781 3779 3782
f 3781 3782 188
f 2547 2546 3783
f 3784 3785 2546
f 2546 3785 3786
f 2546 3786 3783
f 188 3782 2544
f 2544 3782 3787
f 2544 3787 2545
f 2545 3787 3788
f 2545 3788 2546
f 2546 3788 3789
f 2546 3789 3784
f 3783 3790 2547
f 2547 3790 3791
f 2547 3791 2548
f 2548 3791 2549
f 2549 3791 3792
f 2549 3792 124
f 3793 3794 3795
f 3795 3794 3796
f 3795 3796 3792
f 3792 3796 3797
f 3792 3797 124
f 3798 2139 3799
f 3799 2139 2543
f 2159 3800 3747
f 3747 3800 3801
f 3747 3801 3802
f 3802 3801 3798
f 3798 3801 3803
f 3798 3803 2139
f 144 3794 2538
f 2538 3794 3793
f 2538 3793 2539
f 2539 3793 3804
f 2539 3804 2540
f 2540 3804 3805
f 2540 3805 2541
f 2541 3805 3806
f 2541 3806 2542
f 2542 3806 3807
f 2542 3807 3808
f 3802 3809 3747
f 3747 3809 3810
f 3747 3810 3811
f 3752 3745 3753
f 3753 3745 3747
f 3753 3747 3812
f 3812 3747 3811
f 3808 3813 2542
f 2542 3813 3814
f 2542 3814 2543
f 2543 3814 3815
f 2543 3815 3799
f 3701 3703 3704
f 3704 3703 3816
f 3704 3816 3762
f 3672 3674 3817
f 3722 3721 3731
f 3731 3721 3818
f 3731 3818 3729
f 3729 3818 3819
f 3729 3819 3820
f 3688 3821 3822
f 3823 3824 3825
f 3825 3824 3826
f 3825 3826 3827
f 3828 3698 3704
f 3704 3698 3700
f 3704 3700 3706
f 3828 3829 3698
f 3698 3829 3830
f 3698 3830 3823
f 3823 3830 3831
f 3823 3831 3824
f 3764 3832 3762
f 3762 3832 3833
f 3762 3833 3704
f 3704 3833 3834
f 3704 3834 3828
f 3757 3756 3835
f 3835 3756 3836
f 3835 3836 3837
f 3837 3836 3838
f 3837 3838 3839
f 3839 3838 3679
f 3839 3679 3840
f 3840 3679 3681
f 3840 3681 3841
f 3841 3681 3733
f 3841 3733 3842
f 3843 3844 3845
f 3845 3844 3846
f 3842 3733 3847
f 3847 3733 3845
f 3847 3845 3848
f 3848 3845 3846
f 3848 3846 3849
f 3816 3675 3762
f 3762 3675 2553
f 3762 2553 3749
f 3749 2553 2552
f 3749 2552 3747
f 3747 2552 2551
f 3747 2551 2159
f 3820 3817 3729
f 3729 3817 3674
f 3729 3674 3733
f 3733 3674 3850
f 3733 3850 3845
f 3845 3850 3777
f 3780 3851 3673
f 3673 3851 168
f 3673 168 3674
f 3674 168 2533
f 3674 2533 3850
f 3850 2533 2536
f 3850 2536 3777
f 3777 2536 2535
f 3777 2535 166
f 3852 3853 3688
f 3688 3853 3854
f 3688 3854 3678
f 3678 3854 3855
f 3678 3855 3856
f 3857 3777 3858
f 3858 3777 3678
f 3858 3678 3859
f 3859 3678 3856
f 3822 3843 3688
f 3688 3843 3845
f 3688 3845 3852
f 3852 3845 3860
f 3857 3861 3777
f 3777 3861 3862
f 3777 3862 3845
f 3845 3862 3863
f 3845 3863 3860
f 3690 3687 3688
f 3688 3687 3825
f 3688 3825 3821
f 3821 3825 3827
f 3821 3827 3822
f 3686 3697 3687
f 3687 3697 3864
f 3687 3864 3825
f 3825 3864 3865
f 3825 3865 3823
f 3823 3865 3711
f 3823 3711 3698
f 3698 3711 3713
f 3698 3713 3699
f 3866 3867 3868
f 3869 3870 3871
f 3872 3873 3874
f 3875 3876 3877
f 3878 3879 3880
f 3881 3882 3883
f 3884 3885 3886
f 3886 3885 3887
f 3888 3889 3890
f 3880 3879 3868
f 3868 3879 3891
f 3868 3891 3866
f 3876 3875 3892
f 3892 3875 3893
f 3892 3893 3894
f 3895 3896 3897
f 3897 3896 3898
f 3899 3900 3901
f 3902 3903 3529
f 3529 3903 3904
f 3529 3904 3499
f 3499 3904 3501
f 3905 3906 3893
f 3893 3906 3907
f 3893 3907 3894
f 3908 3909 3910
f 3910 3909 3911
f 3910 3911 3912
f 3912 3911 3913
f 3912 3913 3914
f 3914 3913 3915
f 3914 3915 3916
f 3916 3915 3917
f 3898 3896 3918
f 3918 3896 3917
f 3918 3917 3919
f 3919 3917 3915
f 3919 3915 3899
f 3899 3915 3920
f 3899 3920 3900
f 3921 3922 3923
f 3923 3922 3924
f 3923 3924 3925
f 3926 3927 3928
f 3929 3930 3931
f 3905 3932 3906
f 3906 3932 3933
f 3906 3933 3934
f 3929 3931 3935
f 3511 3509 3936
f 3888 3890 3937
f 3937 3890 3938
f 3937 3938 3939
f 3928 3940 3926
f 3926 3940 3925
f 3926 3925 3941
f 3942 3943 3944
f 3944 3943 3945
f 3944 3945 3871
f 3871 3945 3946
f 3871 3946 3869
f 3924 3906 3925
f 3925 3906 3934
f 3925 3934 3941
f 3941 3934 3943
f 3941 3943 3947
f 3947 3943 3942
f 3883 3875 3881
f 3881 3875 3877
f 3881 3877 3948
f 3948 3877 3949
f 3948 3949 3950
f 3950 3949 3951
f 3950 3951 3952
f 3953 3954 3955
f 3955 3954 3956
f 3957 3958 3902
f 3904 3959 3501
f 3501 3959 3960
f 3501 3960 3503
f 3952 3961 3950
f 3950 3961 3962
f 3950 3962 3874
f 3884 3953 3885
f 3885 3953 3955
f 3885 3955 3880
f 3880 3955 3963
f 3880 3963 3922
f 3964 3515 3936
f 3936 3515 3513
f 3936 3513 3511
f 3874 3873 3950
f 3950 3873 3965
f 3950 3965 3966
f 3921 3967 3922
f 3922 3967 3899
f 3922 3899 3880
f 3880 3899 3901
f 3880 3901 3878
f 3957 3968 3958
f 3958 3968 3969
f 3958 3969 3970
f 3970 3969 3971
f 3970 3971 3874
f 3874 3971 3972
f 3874 3972 3872
f 3902 3529 3957
f 3957 3529 3527
f 3957 3527 3525
f 3523 3521 3938
f 3973 3503 3974
f 3974 3503 3960
f 3974 3960 3951
f 3951 3960 3975
f 3951 3975 3952
f 3525 3523 3957
f 3957 3523 3938
f 3957 3938 3976
f 3976 3938 3935
f 3976 3935 3977
f 3977 3935 3931
f 3939 3938 3978
f 3978 3938 3521
f 3978 3521 3979
f 3979 3521 3519
f 3979 3519 3964
f 3964 3519 3517
f 3964 3517 3515
f 3954 3936 3956
f 3956 3936 3509
f 3956 3509 3980
f 3980 3509 3507
f 3980 3507 3973
f 3973 3507 3505
f 3973 3505 3503
f 3981 3835 3837
f 3981 3837 3982
f 3982 3837 3839
f 3982 3839 3983
f 3983 3839 3840
f 3983 3840 3984
f 3984 3840 3841
f 3984 3841 3985
f 3985 3841 3842
f 3985 3842 3986
f 3986 3842 3847
f 3986 3847 3987
f 3987 3847 3848
f 3987 3848 3988
f 3989 3763 3774
f 3989 3774 3990
f 3990 3774 3773
f 3990 3773 3991
f 3991 3773 3772
f 3991 3772 3992
f 3992 3772 3761
f 3992 3761 3993
f 3993 3761 3760
f 3993 3760 3994
f 3994 3760 3775
f 3994 3775 3995
f 3995 3775 3770
f 3995 3770 3996
f 3997 3998 3999
f 3999 4000 3997
f 3997 4000 4001
f 3997 4001 4002
f 4002 4001 4003
f 4002 4003 4004
f 4004 4003 4005
f 4004 4005 4006
f 4006 4005 4007
f 4006 4007 4008
f 4008 4007 4009
f 4008 4009 4010
f 4010 4009 4011
f 4010 4011 4012
f 4012 4011 4013
f 4013 4011 4014
f 4013 4014 3815
f 3815 4014 3799
f 3799 4014 4015
f 3799 4015 3798
f 3798 4015 4016
f 3798 4016 3802
f 3802 4016 4017
f 3802 4017 3809
f 3809 4017 3999
f 3809 3999 3810
f 3810 3999 3998
f 3810 3998 3811
f 3817 4018 4019
f 4019 4018 4020
f 4021 4022 4023
f 4023 4024 4021
f 4021 4024 4025
f 4021 4025 4026
f 4026 4025 4027
f 4026 4027 4028
f 4028 4027 4029
f 4028 4029 4030
f 4030 4029 4031
f 4030 4031 4032
f 4032 4031 4033
f 4032 4033 4034
f 4034 4033 4020
f 4034 4020 4035
f 4035 4020 4018
f 3817 4019 3672
f 3672 4019 4036
f 3672 4036 3673
f 3673 4036 4037
f 3673 4037 3779
f 3779 4037 4038
f 3779 4038 3782
f 3782 4038 4023
f 3782 4023 3787
f 3787 4023 4022
f 3787 4022 3788
f 4039 124 4040
f 4040 124 3797
f 4040 3797 4041
f 4041 3797 3796
f 4041 3796 4042
f 3796 3794 4042
f 4042 3794 144
f 4042 144 4043
f 4043 144 142
f 4043 142 4044
f 4044 142 140
f 4044 140 4045
f 4045 140 138
f 4045 138 4046
f 4046 138 136
f 4046 136 4047
f 4047 136 134
f 4047 134 4048
f 4048 134 132
f 4048 132 4049
f 4049 132 130
f 4049 130 4050
f 4050 130 128
f 4050 128 4039
f 4039 128 126
f 4039 126 124
f 4051 4048 3927
f 3927 4052 4051
f 4051 4052 3895
f 4051 3895 4046
f 4046 3895 3897
f 4046 3897 4045
f 4045 3897 3898
f 4045 3898 4044
f 4044 3898 3918
f 4044 3918 4043
f 4043 3918 3919
f 4043 3919 4042
f 4042 3919 3899
f 4042 3899 4053
f 4053 3899 4054
f 4053 4054 4040
f 4040 4054 3921
f 4040 3921 4039
f 4039 3921 3923
f 4039 3923 4050
f 4050 3923 3925
f 4050 3925 4049
f 4049 3925 3940
f 4049 3940 4048
f 4048 3940 3928
f 4048 3928 3927
f 4055 146 4056
f 4056 146 3677
f 4056 3677 4057
f 4057 3677 3676
f 4057 3676 4058
f 3676 3778 4058
f 4058 3778 166
f 4058 166 4059
f 4059 166 164
f 4059 164 4060
f 4060 164 162
f 4060 162 4061
f 4061 162 160
f 4061 160 4062
f 4062 160 158
f 4062 158 4063
f 4063 158 156
f 4063 156 4064
f 4064 156 154
f 4064 154 4065
f 4065 154 152
f 4065 152 4066
f 4066 152 150
f 4066 150 4055
f 4055 150 148
f 4055 148 146
f 4063 4064 3930
f 3930 4067 4063
f 4063 4067 3966
f 4063 3966 4062
f 4062 3966 3965
f 4062 3965 4061
f 4061 3965 3873
f 4061 3873 4060
f 4060 3873 3872
f 4060 3872 4059
f 4059 3872 3972
f 4059 3972 4058
f 4058 3972 3971
f 4058 3971 4057
f 4057 3971 3969
f 4057 3969 4056
f 4056 3969 3968
f 4056 3968 4055
f 4055 3968 3957
f 4055 3957 4066
f 4066 3957 3976
f 4066 3976 4065
f 4065 3976 3977
f 4065 3977 4064
f 4064 3977 3931
f 4064 3931 3930
f 4068 168 4069
f 4069 168 3851
f 4069 3851 4070
f 4070 3851 3780
f 4070 3780 4071
f 3780 3781 4071
f 4071 3781 188
f 4071 188 4072
f 4072 188 186
f 4072 186 4073
f 4073 186 184
f 4073 184 4074
f 4074 184 182
f 4074 182 4075
f 4075 182 180
f 4075 180 4076
f 4076 180 178
f 4076 178 4077
f 4077 178 176
f 4077 176 4078
f 4078 176 174
f 4078 174 4079
f 4079 174 172
f 4079 172 4068
f 4068 172 170
f 4068 170 168
f 4076 4077 3882
f 3882 4080 4076
f 4076 4080 3870
f 4076 3870 4075
f 4075 3870 3869
f 4075 3869 4074
f 4074 3869 3946
f 4074 3946 4073
f 4073 3946 3945
f 4073 3945 4072
f 4072 3945 3943
f 4072 3943 4071
f 4071 3943 3934
f 4071 3934 4070
f 4070 3934 3933
f 4070 3933 4069
f 4069 3933 3932
f 4069 3932 4068
f 4068 3932 3905
f 4068 3905 4079
f 4079 3905 3893
f 4079 3893 4078
f 4078 3893 3875
f 4078 3875 4077
f 4077 3875 3883
f 4077 3883 3882
f 4081 210 4082
f 4082 210 208
f 4082 208 4083
f 4083 208 206
f 4083 206 4084
f 4084 206 204
f 4084 204 4085
f 4085 204 202
f 4085 202 4086
f 4086 202 200
f 4086 200 4087
f 4087 200 198
f 4087 198 4088
f 4088 198 196
f 4088 196 4089
f 4089 196 194
f 4089 194 4090
f 194 192 4090
f 4090 192 190
f 4090 190 4091
f 4091 190 3675
f 4091 3675 4092
f 4092 3675 3816
f 4092 3816 4081
f 4081 3816 3703
f 4081 3703 210
f 4086 4087 3887
f 3887 4093 4086
f 4086 4093 3889
f 4086 3889 4085
f 4085 3889 3888
f 4085 3888 4084
f 4084 3888 3937
f 4084 3937 4083
f 4083 3937 3939
f 4083 3939 4082
f 4082 3939 3978
f 4082 3978 4081
f 4081 3978 3979
f 4081 3979 4092
f 4092 3979 3964
f 4092 3964 4091
f 4091 3964 3936
f 4091 3936 4090
f 4090 3936 3954
f 4090 3954 4089
f 4089 3954 3953
f 4089 3953 4088
f 4088 3953 3884
f 4088 3884 4087
f 4087 3884 3886
f 4087 3886 3887
f 4094 2159 4095
f 4095 2159 2157
f 4095 2157 4096
f 4096 2157 2155
f 4096 2155 4097
f 4097 2155 2153
f 4097 2153 4098
f 4098 2153 2151
f 4098 2151 4099
f 4099 2151 2149
f 4099 2149 4100
f 4100 2149 2147
f 4100 2147 4101
f 4101 2147 2145
f 4101 2145 4102
f 4102 2145 2143
f 4102 2143 4103
f 2143 2141 4103
f 4103 2141 2139
f 4103 2139 4104
f 4104 2139 3803
f 4104 3803 4105
f 4105 3803 3801
f 4105 3801 4094
f 4094 3801 3800
f 4094 3800 2159
f 4099 4100 3908
f 3908 4106 4099
f 4099 4106 3867
f 4099 3867 4098
f 4098 3867 3866
f 4098 3866 4097
f 4097 3866 3891
f 4097 3891 4096
f 4096 3891 3879
f 4096 3879 4095
f 4095 3879 3878
f 4095 3878 4094
f 4094 3878 3901
f 4094 3901 4105
f 4105 3901 3900
f 4105 3900 4104
f 4104 3900 3920
f 4104 3920 4103
f 4103 3920 3915
f 4103 3915 4102
f 4102 3915 3913
f 4102 3913 4101
f 4101 3913 3911
f 4101 3911 4100
f 4100 3911 3909
f 4100 3909 3908
f 3858 3874 3857
f 3857 3874 3962
f 3857 3962 3861
f 3861 3962 3961
f 3861 3961 3862
f 3862 3961 3952
f 3862 3952 3863
f 3863 3952 3975
f 3863 3975 3860
f 3860 3975 3960
f 3860 3960 3852
f 3852 3960 3959
f 3852 3959 3853
f 3853 3959 3904
f 3853 3904 3854
f 3854 3904 3903
f 3854 3903 3855
f 3855 3903 3902
f 3855 3902 3856
f 3856 3902 3958
f 3856 3958 3859
f 3859 3958 3970
f 3859 3970 3858
f 3858 3970 3874
f 3743 4107 3744
f 3744 4107 4108
f 3744 4108 3776
f 3725 4109 4110
f 4110 4109 4111
f 4110 4111 3736
f 4112 3715 4113
f 4113 3715 3680
f 4113 3680 3679
f 3767 4114 4115
f 4115 4114 4116
f 4115 4116 3756
f 4107 3743 4117
f 4117 3743 3741
f 4117 3741 4118
f 4118 3741 3739
f 4118 3739 4111
f 4111 3739 3736
f 4113 3679 4119
f 4119 3679 3838
f 4119 3838 4120
f 4120 3838 3836
f 4120 3836 4116
f 4116 3836 3756
f 4114 3767 4121
f 4121 3767 3769
f 4121 3769 4122
f 4122 3769 3771
f 4122 3771 4108
f 4108 3771 3776
f 4109 3725 4123
f 4123 3725 3719
f 4123 3719 4124
f 4124 3719 3717
f 4124 3717 4112
f 4112 3717 3715
f 3737 4125 3755
f 3755 4125 4126
f 3755 4126 3754
f 3754 4126 4127
f 3754 4127 3752
f 3752 4127 4128
f 3752 4128 3745
f 3745 4128 4129
f 3745 4129 3746
f 3746 4129 4130
f 3746 4130 3748
f 3748 4130 4131
f 3748 4131 3750
f 3750 4131 4132
f 3750 4132 3751
f 3751 4132 4133
f 3751 4133 3742
f 3742 4133 4134
f 3742 4134 3740
f 3740 4134 4135
f 3740 4135 3738
f 3738 4135 4136
f 3738 4136 3737
f 3737 4136 4125
f 4137 4125 4138
f 4138 4125 4136
f 4138 4136 4139
f 4139 4136 4135
f 4139 4135 4140
f 4140 4135 4134
f 4140 4134 4141
f 4141 4134 4133
f 4141 4133 4142
f 4142 4133 4132
f 4142 4132 4143
f 4143 4132 4131
f 4143 4131 4144
f 4144 4131 4130
f 4144 4130 4145
f 4145 4130 4129
f 4145 4129 4146
f 4146 4129 4128
f 4146 4128 4147
f 4147 4128 4127
f 4147 4127 4148
f 4148 4127 4126
f 4148 4126 4137
f 4137 4126 4125
f 3730 4149 3731
f 3731 4149 4150
f 3731 4150 3722
f 3722 4150 4151
f 3722 4151 3723
f 3723 4151 4152
f 3723 4152 3728
f 3728 4152 4153
f 3728 4153 3727
f 3727 4153 4154
f 3727 4154 3720
f 3720 4154 4155
f 3720 4155 3718
f 3718 4155 4156
f 3718 4156 3716
f 3716 4156 4157
f 3716 4157 3714
f 3714 4157 4158
f 3714 4158 3734
f 3734 4158 4159
f 3734 4159 3732
f 3732 4159 4160
f 3732 4160 3730
f 3730 4160 4149
f 4161 4149 4162
f 4162 4149 4160
f 4162 4160 4163
f 4163 4160 4159
f 4163 4159 4164
f 4164 4159 4158
f 4164 4158 4165
f 4165 4158 4157
f 4165 4157 4166
f 4166 4157 4156
f 4166 4156 4167
f 4167 4156 4155
f 4167 4155 4168
f 4168 4155 4154
f 4168 4154 4169
f 4169 4154 4153
f 4169 4153 4170
f 4170 4153 4152
f 4170 4152 4171
f 4171 4152 4151
f 4171 4151 4172
f 4172 4151 4150
f 4172 4150 4161
f 4161 4150 4149
f 4173 4007 4174
f 4174 4007 4005
f 4174 4005 4175
f 4175 4005 4003
f 4175 4003 4176
f 4176 4003 4001
f 4176 4001 4177
f 4177 4001 4000
f 4177 4000 4178
f 4178 4000 3999
f 4178 3999 4179
f 4179 3999 4017
f 4179 4017 4180
f 4180 4017 4016
f 4180 4016 4181
f 4181 4016 4015
f 4181 4015 4182
f 4182 4015 4014
f 4182 4014 4183
f 4183 4014 4011
f 4183 4011 4184
f 4184 4011 4009
f 4184 4009 4173
f 4173 4009 4007
f 4185 4024 4186
f 4186 4024 4023
f 4186 4023 4187
f 4187 4023 4038
f 4187 4038 4188
f 4188 4038 4037
f 4188 4037 4189
f 4189 4037 4036
f 4189 4036 4190
f 4190 4036 4019
f 4190 4019 4191
f 4191 4019 4020
f 4191 4020 4192
f 4192 4020 4033
f 4192 4033 4193
f 4193 4033 4031
f 4193 4031 4194
f 4194 4031 4029
f 4194 4029 4195
f 4195 4029 4027
f 4195 4027 4196
f 4196 4027 4025
f 4196 4025 4185
f 4185 4025 4024
f 3700 4197 3706
f 3706 4197 4198
f 3706 4198 3705
f 3705 4198 4199
f 3705 4199 3701
f 3701 4199 4200
f 3701 4200 3702
f 3702 4200 4201
f 3702 4201 3707
f 3707 4201 4202
f 3707 4202 3708
f 3708 4202 4203
f 3708 4203 3709
f 3709 4203 4204
f 3709 4204 3710
f 3710 4204 4205
f 3710 4205 3712
f 3712 4205 4206
f 3712 4206 3713
f 3713 4206 4207
f 3713 4207 3699
f 3699 4207 4208
f 3699 4208 3700
f 3700 4208 4197
f 4209 4197 4210
f 4210 4197 4208
f 4210 4208 4211
f 4211 4208 4207
f 4211 4207 4212
f 4212 4207 4206
f 4212 4206 4213
f 4213 4206 4205
f 4213 4205 4214
f 4214 4205 4204
f 4214 4204 4215
f 4215 4204 4203
f 4215 4203 4216
f 4216 4203 4202
f 4216 4202 4217
f 4217 4202 4201
f 4217 4201 4218
f 4218 4201 4200
f 4218 4200 4219
f 4219 4200 4199
f 4219 4199 4220
f 4220 4199 4198
f 4220 4198 4209
f 4209 4198 4197
f 3694 4221 3695
f 3695 4221 4222
f 3695 4222 3692
f 3692 4222 4223
f 3692 4223 3691
f 3691 4223 4224
f 3691 4224 3689
f 3689 4224 4225
f 3689 4225 3690
f 3690 4225 4226
f 3690 4226 3685
f 3685 4226 4227
f 3685 4227 3686
f 3686 4227 4228
f 3686 4228 3696
f 3696 4228 4229
f 3696 4229 3682
f 3682 4229 4230
f 3682 4230 3683
f 3683 4230 4231
f 3683 4231 3693
f 3693 4231 4232
f 3693 4232 3694
f 3694 4232 4221
f 4233 4221 4234
f 4234 4221 4232
f 4234 4232 4235
f 4235 4232 4231
f 4235 4231 4236
f 4236 4231 4230
f 4236 4230 4237
f 4237 4230 4229
f 4237 4229 4238
f 4238 4229 4228
f 4238 4228 4239
f 4239 4228 4227
f 4239 4227 4240
f 4240 4227 4226
f 4240 4226 4241
f 4241 4226 4225
f 4241 4225 4242
f 4242 4225 4224
f 4242 4224 4243
f 4243 4224 4223
f 4243 4223 4244
f 4244 4223 4222
f 4244 4222 4233
f 4233 4222 4221
f 3813 3808 4245
f 4245 3808 4246
f 3785 3784 4247
f 4247 3784 4248
f 4249 3819 3818
f 3818 3721 4249
f 4249 3721 4250
f 4249 4250 4251
f 4251 4250 3753
f 3792 4252 4253
f 4253 4252 4254
f 4253 4254 3793
f 4012 4013 4255
f 4256 4257 4258
f 4259 3998 3997
f 4032 4034 4260
f 4260 4034 4035
f 4260 4035 4018
f 4028 4248 4026
f 4026 4248 4261
f 4026 4261 4021
f 4021 4261 4022
f 4249 4251 4004
f 4004 4251 4259
f 4004 4259 4002
f 4002 4259 3997
f 4247 4248 4252
f 4252 4248 4028
f 4252 4028 4254
f 4254 4028 4030
f 4254 4030 4262
f 4262 4030 4258
f 4252 4263 4247
f 4247 4263 4264
f 4247 4264 4265
f 4265 4264 4266
f 4260 4249 4032
f 4032 4249 4004
f 4032 4004 4030
f 4030 4004 4006
f 4030 4006 4258
f 4258 4006 4008
f 4012 4255 4010
f 4010 4255 4245
f 4010 4245 4008
f 4008 4245 4258
f 4258 4245 4246
f 4258 4246 4256
f 4267 4268 4269
f 4270 4268 4267
f 4267 4271 4272
f 4273 4271 4267
f 4269 4273 4267
f 4267 4274 4275
f 4276 4274 4267
f 4272 4276 4267
f 4267 4277 4278
f 4279 4277 4267
f 4275 4279 4267
f 4278 4270 4267
f 4270 4280 4268
f 4268 4280 4281
f 4268 4281 4269
f 4269 4281 4282
f 4269 4282 4273
f 4273 4282 4283
f 4273 4283 4271
f 4271 4283 4284
f 4271 4284 4272
f 4272 4284 4285
f 4272 4285 4276
f 4276 4285 4286
f 4276 4286 4274
f 4274 4286 4287
f 4274 4287 4275
f 4275 4287 4288
f 4275 4288 4279
f 4279 4288 4289
f 4279 4289 4277
f 4277 4289 4290
f 4277 4290 4278
f 4278 4290 4291
f 4278 4291 4270
f 4270 4291 4280
f 4281 4194 4282
f 4282 4194 4195
f 4282 4195 4283
f 4283 4195 4196
f 4283 4196 4284
f 4284 4196 4185
f 4284 4185 4285
f 4285 4185 4186
f 4285 4186 4286
f 4286 4186 4187
f 4286 4187 4287
f 4287 4187 4188
f 4287 4188 4288
f 4288 4188 4189
f 4288 4189 4289
f 4289 4189 4190
f 4289 4190 4290
f 4290 4190 4191
f 4290 4191 4291
f 4291 4191 4192
f 4291 4192 4280
f 4280 4192 4193
f 4280 4193 4281
f 4281 4193 4194
f 4292 4293 4294
f 4295 4293 4292
f 4292 4296 4297
f 4298 4296 4292
f 4294 4298 4292
f 4292 4299 4300
f 4301 4299 4292
f 4297 4301 4292
f 4292 4302 4303
f 4304 4302 4292
f 4300 4304 4292
f 4303 4295 4292
f 4295 4305 4293
f 4293 4305 4306
f 4293 4306 4294
f 4294 4306 4307
f 4294 4307 4298
f 4298 4307 4308
f 4298 4308 4296
f 4296 4308 4309
f 4296 4309 4297
f 4297 4309 4310
f 4297 4310 4301
f 4301 4310 4311
f 4301 4311 4299
f 4299 4311 4312
f 4299 4312 4300
f 4300 4312 4313
f 4300 4313 4304
f 4304 4313 4314
f 4304 4314 4302
f 4302 4314 4315
f 4302 4315 4303
f 4303 4315 4316
f 4303 4316 4295
f 4295 4316 4305
f 4306 4182 4307
f 4307 4182 4183
f 4307 4183 4308
f 4308 4183 4184
f 4308 4184 4309
f 4309 4184 4173
f 4309 4173 4310
f 4310 4173 4174
f 4310 4174 4311
f 4311 4174 4175
f 4311 4175 4312
f 4312 4175 4176
f 4312 4176 4313
f 4313 4176 4177
f 4313 4177 4314
f 4314 4177 4178
f 4314 4178 4315
f 4315 4178 4179
f 4315 4179 4316
f 4316 4179 4180
f 4316 4180 4305
f 4305 4180 4181
f 4305 4181 4306
f 4306 4181 4182
f 4317 4318 4319
f 4320 4318 4317
f 4317 4321 4322
f 4323 4321 4317
f 4319 4323 4317
f 4317 4324 4325
f 4326 4324 4317
f 4322 4326 4317
f 4317 4327 4328
f 4329 4327 4317
f 4325 4329 4317
f 4328 4320 4317
f 4320 4330 4318
f 4318 4330 4331
f 4318 4331 4319
f 4319 4331 4332
f 4319 4332 4323
f 4323 4332 4333
f 4323 4333 4321
f 4321 4333 4334
f 4321 4334 4322
f 4322 4334 4335
f 4322 4335 4326
f 4326 4335 4336
f 4326 4336 4324
f 4324 4336 4337
f 4324 4337 4325
f 4325 4337 4338
f 4325 4338 4329
f 4329 4338 4339
f 4329 4339 4327
f 4327 4339 4340
f 4327 4340 4328
f 4328 4340 4341
f 4328 4341 4320
f 4320 4341 4330
f 4331 4145 4332
f 4332 4145 4146
f 4332 4146 4333
f 4333 4146 4147
f 4333 4147 4334
f 4334 4147 4148
f 4334 4148 4335
f 4335 4148 4137
f 4335 4137 4336
f 4336 4137 4138
f 4336 4138 4337
f 4337 4138 4139
f 4337 4139 4338
f 4338 4139 4140
f 4338 4140 4339
f 4339 4140 4141
f 4339 4141 4340
f 4340 4141 4142
f 4340 4142 4341
f 4341 4142 4143
f 4341 4143 4330
f 4330 4143 4144
f 4330 4144 4331
f 4331 4144 4145
f 4342 4343 4344
f 4345 4343 4342
f 4342 4346 4347
f 4348 4346 4342
f 4344 4348 4342
f 4342 4349 4350
f 4351 4349 4342
f 4347 4351 4342
f 4342 4352 4353
f 4354 4352 4342
f 4350 4354 4342
f 4353 4345 4342
f 4345 4355 4343
f 4343 4355 4356
f 4343 4356 4344
f 4344 4356 4357
f 4344 4357 4348
f 4348 4357 4358
f 4348 4358 4346
f 4346 4358 4359
f 4346 4359 4347
f 4347 4359 4360
f 4347 4360 4351
f 4351 4360 4361
f 4351 4361 4349
f 4349 4361 4362
f 4349 4362 4350
f 4350 4362 4363
f 4350 4363 4354
f 4354 4363 4364
f 4354 4364 4352
f 4352 4364 4365
f 4352 4365 4353
f 4353 4365 4366
f 4353 4366 4345
f 4345 4366 4355
f 4356 4169 4357
f 4357 4169 4170
f 4357 4170 4358
f 4358 4170 4171
f 4358 4171 4359
f 4359 4171 4172
f 4359 4172 4360
f 4360 4172 4161
f 4360 4161 4361
f 4361 4161 4162
f 4361 4162 4362
f 4362 4162 4163
f 4362 4163 4363
f 4363 4163 4164
f 4363 4164 4364
f 4364 4164 4165
f 4364 4165 4365
f 4365 4165 4166
f 4365 4166 4366
f 4366 4166 4167
f 4366 4167 4355
f 4355 4167 4168
f 4355 4168 4356
f 4356 4168 4169
f 4367 4368 4369
f 4370 4368 4367
f 4367 4371 4372
f 4373 4371 4367
f 4369 4373 4367
f 4367 4374 4375
f 4376 4374 4367
f 4372 4376 4367
f 4367 4377 4378
f 4379 4377 4367
f 4375 4379 4367
f 4378 4370 4367
f 4370 4380 4368
f 4368 4380 4381
f 4368 4381 4369
f 4369 4381 4382
f 4369 4382 4373
f 4373 4382 4383
f 4373 4383 4371
f 4371 4383 4384
f 4371 4384 4372
f 4372 4384 4385
f 4372 4385 4376
f 4376 4385 4386
f 4376 4386 4374
f 4374 4386 4387
f 4374 4387 4375
f 4375 4387 4388
f 4375 4388 4379
f 4379 4388 4389
f 4379 4389 4377
f 4377 4389 4390
f 4377 4390 4378
f 4378 4390 4391
f 4378 4391 4370
f 4370 4391 4380
f 4381 4392 4382
f 4382 4392 4393
f 4382 4393 4383
f 4383 4393 4394
f 4383 4394 4384
f 4384 4394 4395
f 4384 4395 4385
f 4385 4395 4396
f 4385 4396 4386
f 4386 4396 4397
f 4386 4397 4387
f 4387 4397 4398
f 4387 4398 4388
f 4388 4398 4399
f 4388 4399 4389
f 4389 4399 4400
f 4389 4400 4390
f 4390 4400 4401
f 4390 4401 4391
f 4391 4401 4402
f 4391 4402 4380
f 4380 4402 4403
f 4380 4403 4381
f 4381 4403 4392
f 4404 4405 4406
f 4407 4405 4404
f 4404 4408 4409
f 4410 4408 4404
f 4406 4410 4404
f 4404 4411 4412
f 4413 4411 4404
f 4409 4413 4404
f 4404 4414 4415
f 4416 4414 4404
f 4412 4416 4404
f 4415 4407 4404
f 4407 4417 4405
f 4405 4417 4418
f 4405 4418 4406
f 4406 4418 4419
f 4406 4419 4410
f 4410 4419 4420
f 4410 4420 4408
f 4408 4420 4421
f 4408 4421 4409
f 4409 4421 4422
f 4409 4422 4413
f 4413 4422 4423
f 4413 4423 4411
f 4411 4423 4424
f 4411 4424 4412
f 4412 4424 4425
f 4412 4425 4416
f 4416 4425 4426
f 4416 4426 4414
f 4414 4426 4427
f 4414 4427 4415
f 4415 4427 4428
f 4415 4428 4407
f 4407 4428 4417
f 4418 4429 4419
f 4419 4429 4430
f 4419 4430 4420
f 4420 4430 4431
f 4420 4431 4421
f 4421 4431 4432
f 4421 4432 4422
f 4422 4432 4433
f 4422 4433 4423
f 4423 4433 4434
f 4423 4434 4424
f 4424 4434 4435
f 4424 4435 4425
f 4425 4435 4436
f 4425 4436 4426
f 4426 4436 4437
f 4426 4437 4427
f 4427 4437 4438
f 4427 4438 4428
f 4428 4438 4439
f 4428 4439 4417
f 4417 4439 4440
f 4417 4440 4418
f 4418 4440 4429
f 4441 4442 4443
f 4444 4442 4441
f 4441 4445 4446
f 4447 4445 4441
f 4443 4447 4441
f 4441 4448 4449
f 4450 4448 4441
f 4446 4450 4441
f 4441 4451 4452
f 4453 4451 4441
f 4449 4453 4441
f 4452 4444 4441
f 4444 4454 4442
f 4442 4454 4455
f 4442 4455 4443
f 4443 4455 4456
f 4443 4456 4447
f 4447 4456 4457
f 4447 4457 4445
f 4445 4457 4458
f 4445 4458 4446
f 4446 4458 4459
f 4446 4459 4450
f 4450 4459 4460
f 4450 4460 4448
f 4448 4460 4461
f 4448 4461 4449
f 4449 4461 4462
f 4449 4462 4453
f 4453 4462 4463
f 4453 4463 4451
f 4451 4463 4464
f 4451 4464 4452
f 4452 4464 4465
f 4452 4465 4444
f 4444 4465 4454
f 4455 4241 4456
f 4456 4241 4242
f 4456 4242 4457
f 4457 4242 4243
f 4457 4243 4458
f 4458 4243 4244
f 4458 4244 4459
f 4459 4244 4233
f 4459 4233 4460
f 4460 4233 4234
f 4460 4234 4461
f 4461 4234 4235
f 4461 4235 4462
f 4462 4235 4236
f 4462 4236 4463
f 4463 4236 4237
f 4463 4237 4464
f 4464 4237 4238
f 4464 4238 4465
f 4465 4238 4239
f 4465 4239 4454
f 4454 4239 4240
f 4454 4240 4455
f 4455 4240 4241
f 4466 4467 4468
f 4469 4467 4466
f 4466 4470 4471
f 4472 4470 4466
f 4468 4472 4466
f 4466 4473 4474
f 4475 4473 4466
f 4471 4475 4466
f 4466 4476 4477
f 4478 4476 4466
f 4474 4478 4466
f 4477 4469 4466
f 4469 4479 4467
f 4467 4479 4480
f 4467 4480 4468
f 4468 4480 4481
f 4468 4481 4472
f 4472 4481 4482
f 4472 4482 4470
f 4470 4482 4483
f 4470 4483 4471
f 4471 4483 4484
f 4471 4484 4475
f 4475 4484 4485
f 4475 4485 4473
f 4473 4485 4486
f 4473 4486 4474
f 4474 4486 4487
f 4474 4487 4478
f 4478 4487 4488
f 4478 4488 4476
f 4476 4488 4489
f 4476 4489 4477
f 4477 4489 4490
f 4477 4490 4469
f 4469 4490 4479
f 4480 4217 4481
f 4481 4217 4218
f 4481 4218 4482
f 4482 4218 4219
f 4482 4219 4483
f 4483 4219 4220
f 4483 4220 4484
f 4484 4220 4209
f 4484 4209 4485
f 4485 4209 4210
f 4485 4210 4486
f 4486 4210 4211
f 4486 4211 4487
f 4487 4211 4212
f 4487 4212 4488
f 4488 4212 4213
f 4488 4213 4489
f 4489 4213 4214
f 4489 4214 4490
f 4490 4214 4215
f 4490 4215 4479
f 4479 4215 4216
f 4479 4216 4480
f 4480 4216 4217
f 4013 3815 4255
f 4255 3815 3814
f 4255 3814 4245
f 4245 3814 3813
f 4246 3808 3807
f 4246 3807 4256
f 4256 3807 3806
f 4256 3806 4257
f 4257 3806 3805
f 4257 3805 4258
f 4258 3805 3804
f 4258 3804 4262
f 4262 3804 3793
f 4262 3793 4254
f 4252 3792 3791
f 4252 3791 4263
f 4263 3791 3790
f 4263 3790 4264
f 4264 3790 3783
f 4264 3783 4266
f 4266 3783 3786
f 4266 3786 4265
f 4265 3786 3785
f 4265 3785 4247
f 4248 3784 4261
f 4261 3784 3789
f 4261 3789 4022
f 4022 3789 3788
f 4018 3817 4260
f 4260 3817 3820
f 4260 3820 4249
f 4249 3820 3819
f 4251 3753 4259
f 4259 3753 3812
f 4259 3812 3998
f 3998 3812 3811
f 4491 3822 3827
f 4491 3827 4492
f 4492 3827 3826
f 4492 3826 4493
f 4493 3826 3824
f 4493 3824 4494
f 4494 3824 3831
f 4494 3831 4495
f 4495 3831 3830
f 4495 3830 4496
f 4496 3830 3829
f 4496 3829 4497
f 4497 3829 3828
f 4497 3828 4498
f 4499 3834 4500
f 4500 3834 3833
f 4500 3833 3832
f 3758 4501 4502
f 4502 4501 4503
f 4502 4503 3766
f 3843 4504 3844
f 3844 4504 4505
f 3844 4505 3846
f 3988 3848 4506
f 4506 3848 3849
f 4506 3849 4505
f 4505 3849 3846
f 4501 3758 4507
f 4507 3758 3757
f 4507 3757 3981
f 3981 3757 3835
f 3996 3770 4508
f 4508 3770 3768
f 4508 3768 4503
f 4503 3768 3766
f 4500 3832 4509
f 4509 3832 3764
f 4509 3764 3989
f 3989 3764 3763
f 3843 3822 4504
f 4504 3822 4491
f 3828 3834 4498
f 4498 3834 4499
f 4510 4511 4512
f 4510 4512 4513
f 4513 4512 4514
f 4513 4514 4515
f 4515 4514 4516
f 4515 4516 4517
f 4517 4516 4518
f 4517 4518 4519
f 4519 4518 4520
f 4519 4520 4521
f 4521 4520 4522
f 4521 4522 4523
f 4523 4522 4524
f 4523 4524 4525
f 4525 4524 4526
f 4525 4526 4527
f 4527 4526 4528
f 4527 4528 4529
f 4529 4528 4530
f 4529 4530 4531
f 4531 4530 4532
f 4531 4532 4533
f 4533 4532 4534
f 4533 4534 4535
f 4535 4534 4536
f 4535 4536 4537
f 4537 4536 4538
f 4537 4538 4539
f 4540 4541 4542
f 4538 4543 4539
f 4539 4543 4544
f 4539 4544 4542
f 4542 4544 4545
f 4542 4545 4540
f 3938 4546 217
f 217 4546 4547
f 217 4547 219
f 217 3711 3938
f 3938 3711 3865
f 3938 3865 3935
f 3865 3864 3935
f 3935 3864 3697
f 3935 3697 3684
f 4542 4541 213
f 213 4541 3935
f 213 3935 211
f 211 3935 3684
f 4548 4511 4510
f 4546 4549 4547
f 4547 4549 4550
f 4547 4550 4510
f 4510 4550 4551
f 4510 4551 4548
f 215 4539 213
f 213 4539 4542
f 221 4510 4513
f 221 4513 223
f 223 4513 4515
f 223 4515 225
f 225 4515 4517
f 225 4517 227
f 227 4517 4519
f 227 4519 248
f 248 4519 4521
f 248 4521 246
f 246 4521 4523
f 246 4523 244
f 244 4523 4552
f 244 4552 4553
f 4553 4552 4527
f 4553 4527 240
f 240 4527 4529
f 240 4529 238
f 238 4529 4531
f 238 4531 236
f 236 4531 4533
f 236 4533 234
f 234 4533 4535
f 234 4535 232
f 232 4535 4537
f 232 4537 230
f 230 4537 4539
f 230 4539 215
f 4510 221 4547
f 4547 221 219
f 4545 4067 4540
f 4540 4067 3930
f 4538 4080 3882
f 4538 3882 4543
f 3930 3929 4540
f 4540 3929 3935
f 4540 3935 4541
f 3882 3881 4543
f 4543 3881 3948
f 4543 3948 4544
f 4544 3948 3950
f 4544 3950 4545
f 4545 3950 3966
f 4545 3966 4067
f 4526 4554 3927
f 4511 4106 3908
f 4511 3908 4512
f 3927 3926 4526
f 4526 3926 3941
f 4526 3941 4528
f 4528 3941 3947
f 4528 3947 4530
f 4530 3947 3942
f 4530 3942 4532
f 4532 3942 3944
f 4532 3944 4534
f 4534 3944 3871
f 4534 3871 4536
f 4536 3871 3870
f 4536 3870 4538
f 4538 3870 4080
f 3908 3910 4512
f 4512 3910 3912
f 4512 3912 4514
f 4514 3912 3914
f 4514 3914 4516
f 4516 3914 3916
f 4516 3916 4518
f 4518 3916 3917
f 4518 3917 4520
f 4520 3917 3896
f 4520 3896 4522
f 4522 3896 3895
f 4522 3895 4554
f 4554 3895 4555
f 4554 4555 3927
f 3887 4550 4093
f 4093 4550 4549
f 4093 4549 3889
f 3887 3885 4550
f 4550 3885 3880
f 4550 3880 4551
f 4551 3880 3868
f 4551 3868 4548
f 4548 3868 3867
f 4548 3867 4511
f 4511 3867 4106
f 3889 4549 3890
f 3890 4549 4546
f 3890 4546 3938
f 4556 4557 4558
f 4558 4557 4559
f 4558 4559 4560
f 4561 4562 4558
f 4558 4562 4563
f 4558 4563 4556
f 4564 4565 4558
f 4558 4565 4566
f 4558 4566 4561
f 4560 4567 4558
f 4558 4567 4568
f 4558 4568 4564
f 4569 4570 4571
f 4571 4570 4572
f 4571 4572 4573
f 4574 4575 4571
f 4571 4575 4576
f 4571 4576 4569
f 4577 4578 4571
f 4571 4578 4579
f 4571 4579 4574
f 4573 4580 4571
f 4571 4580 4581
f 4571 4581 4577
f 4582 4583 4584
f 4584 4583 4585
f 4584 4585 4586
f 4587 4588 4584
f 4584 4588 4589
f 4584 4589 4582
f 4590 4591 4584
f 4584 4591 4592
f 4584 4592 4587
f 4586 4593 4584
f 4584 4593 4594
f 4584 4594 4590
f 4595 4596 4597
f 4597 4596 4598
f 4597 4598 4599
f 4600 4601 4597
f 4597 4601 4602
f 4597 4602 4595
f 4603 4604 4597
f 4597 4604 4605
f 4597 4605 4600
f 4599 4606 4597
f 4597 4606 4607
f 4597 4607 4603
f 4608 4565 4609
f 4609 4565 4564
f 4609 4564 4610
f 4610 4564 4568
f 4610 4568 4611
f 4611 4568 4567
f 4611 4567 4612
f 4612 4567 4560
f 4612 4560 4613
f 4613 4560 4559
f 4613 4559 4614
f 4614 4559 4557
f 4614 4557 4615
f 4615 4557 4556
f 4615 4556 4616
f 4616 4556 4563
f 4616 4563 4617
f 4617 4563 4562
f 4617 4562 4618
f 4618 4562 4561
f 4618 4561 4619
f 4619 4561 4566
f 4619 4566 4608
f 4608 4566 4565
f 4620 4578 4621
f 4621 4578 4577
f 4621 4577 4622
f 4622 4577 4581
f 4622 4581 4623
f 4623 4581 4580
f 4623 4580 4624
f 4624 4580 4573
f 4624 4573 4625
f 4625 4573 4572
f 4625 4572 4626
f 4626 4572 4570
f 4626 4570 4627
f 4627 4570 4569
f 4627 4569 4628
f 4628 4569 4576
f 4628 4576 4629
f 4629 4576 4575
f 4629 4575 4630
f 4630 4575 4574
f 4630 4574 4631
f 4631 4574 4579
f 4631 4579 4620
f 4620 4579 4578
f 4632 4591 4633
f 4633 4591 4590
f 4633 4590 4634
f 4634 4590 4594
f 4634 4594 4635
f 4635 4594 4593
f 4635 4593 4636
f 4636 4593 4586
f 4636 4586 4637
f 4637 4586 4585
f 4637 4585 4638
f 4638 4585 4583
f 4638 4583 4639
f 4639 4583 4582
f 4639 4582 4640
f 4640 4582 4589
f 4640 4589 4641
f 4641 4589 4588
f 4641 4588 4642
f 4642 4588 4587
f 4642 4587 4643
f 4643 4587 4592
f 4643 4592 4632
f 4632 4592 4591
f 4644 4604 4645
f 4645 4604 4603
f 4645 4603 4646
f 4646 4603 4607
f 4646 4607 4647
f 4647 4607 4606
f 4647 4606 4648
f 4648 4606 4599
f 4648 4599 4649
f 4649 4599 4598
f 4649 4598 4650
f 4650 4598 4596
f 4650 4596 4651
f 4651 4596 4595
f 4651 4595 4652
f 4652 4595 4602
f 4652 4602 4653
f 4653 4602 4601
f 4653 4601 4654
f 4654 4601 4600
f 4654 4600 4655
f 4655 4600 4605
f 4655 4605 4644
f 4644 4605 4604
f 4636 4637 4628
f 4656 4657 4637
f 4651 4641 4650
f 4650 4641 4642
f 4628 4637 4627
f 4627 4637 4657
f 4627 4657 4626
f 4626 4657 4658
f 4626 4658 4625
f 4640 4659 4639
f 4639 4659 4656
f 4639 4656 4638
f 4638 4656 4637
f 4660 4661 4654
f 4636 4628 4635
f 4635 4628 4629
f 4635 4629 4634
f 4640 4641 4659
f 4659 4641 4651
f 4659 4651 4662
f 4662 4651 4652
f 4662 4652 4661
f 4661 4652 4653
f 4661 4653 4654
f 4646 4663 4645
f 4645 4663 4664
f 4645 4664 4644
f 4644 4664 4660
f 4644 4660 4655
f 4655 4660 4654
f 4648 4649 4634
f 4648 4634 4614
f 4614 4634 4629
f 4614 4629 4630
f 4625 4658 4624
f 4624 4658 4665
f 4624 4665 4623
f 4642 4643 4650
f 4650 4643 4632
f 4650 4632 4649
f 4649 4632 4633
f 4649 4633 4634
f 4619 4663 4618
f 4618 4663 4646
f 4618 4646 4617
f 4617 4646 4647
f 4617 4647 4616
f 4616 4647 4648
f 4616 4648 4615
f 4615 4648 4614
f 4619 4608 4663
f 4663 4608 4609
f 4663 4609 4666
f 4609 4610 4666
f 4666 4610 4611
f 4666 4611 4667
f 4667 4611 4612
f 4667 4612 4665
f 4665 4612 4613
f 4630 4631 4614
f 4614 4631 4620
f 4614 4620 4613
f 4613 4620 4621
f 4613 4621 4665
f 4665 4621 4622
f 4665 4622 4623
f 4668 4663 4669
f 4669 4663 4666
f 4669 4666 4670
f 4670 4666 4667
f 4670 4667 4671
f 4671 4667 4665
f 4671 4665 4672
f 4672 4665 4658
f 4672 4658 4673
f 4673 4658 4657
f 4673 4657 4674
f 4674 4657 4656
f 4674 4656 4675
f 4675 4656 4659
f 4675 4659 4676
f 4676 4659 4662
f 4676 4662 4677
f 4677 4662 4661
f 4677 4661 4678
f 4678 4661 4660
f 4678 4660 4679
f 4679 4660 4664
f 4679 4664 4668
f 4668 4664 4663
f 4680 4674 4675
f 4679 4681 4678
f 4678 4681 4682
f 4678 4682 4677
f 4677 4682 4683
f 4677 4683 4676
f 4676 4683 4684
f 4676 4684 4675
f 4675 4684 4685
f 4675 4685 4680
f 4671 4686 4670
f 4670 4686 4687
f 4670 4687 4669
f 4669 4687 4688
f 4669 4688 4668
f 4668 4688 4689
f 4668 4689 4679
f 4679 4689 4690
f 4679 4690 4681
f 4680 4691 4674
f 4674 4691 4692
f 4674 4692 4673
f 4673 4692 4693
f 4673 4693 4672
f 4672 4693 4694
f 4672 4694 4671
f 4671 4694 4695
f 4671 4695 4686
f 4692 4691 4696
f 4696 4691 4697
f 4691 4680 4697
f 4697 4680 4685
f 4697 4685 4698
f 4698 4685 4684
f 4698 4684 4699
f 4699 4684 4683
f 4699 4683 4700
f 4700 4683 4682
f 4700 4682 4701
f 4701 4682 4681
f 4701 4681 4702
f 4702 4681 4690
f 4702 4690 4703
f 4703 4690 4689
f 4703 4689 4704
f 4704 4689 4688
f 4704 4688 4705
f 4705 4688 4687
f 4705 4687 4706
f 4706 4687 4686
f 4706 4686 4707
f 4707 4686 4695
f 4707 4695 4708
f 4708 4695 4694
f 4708 4694 4709
f 4709 4694 4693
f 4709 4693 4710
f 4710 4693 4692
f 4710 4692 4711
f 4711 4692 4696
f 4504 4491 4492
f 4504 4492 4505
f 4437 4436 4505
f 4400 4500 4401
f 4401 4500 4509
f 4401 4509 4402
f 4402 4509 3989
f 4402 3989 4403
f 4403 3989 3990
f 4403 3990 4392
f 4433 3986 4434
f 4434 3986 3987
f 4434 3987 4435
f 4435 3987 3988
f 4435 3988 4436
f 4436 3988 4506
f 4436 4506 4505
f 4438 4706 4439
f 4439 4706 4707
f 4439 4707 4708
f 4709 4710 4500
f 4500 4710 4711
f 4500 4711 4499
f 4711 4696 4499
f 4499 4696 4697
f 4499 4697 4498
f 4498 4697 4698
f 4498 4698 4497
f 4505 4492 4437
f 4437 4492 4704
f 4437 4704 4438
f 4438 4704 4705
f 4438 4705 4706
f 4440 4399 4398
f 3990 3991 4392
f 4392 3991 3992
f 4392 3992 4393
f 4393 3992 3993
f 4393 3993 4394
f 4394 3993 3994
f 4394 3994 4395
f 4395 3994 3995
f 4395 3995 4396
f 4396 3995 3996
f 4396 3996 4397
f 4399 4440 4400
f 4400 4440 4439
f 4400 4439 4500
f 4500 4439 4708
f 4500 4708 4709
f 4497 4698 4496
f 4496 4698 4699
f 4496 4699 4495
f 4495 4699 4700
f 4495 4700 4494
f 4494 4700 4701
f 4494 4701 4493
f 4493 4701 4702
f 4493 4702 4492
f 4492 4702 4703
f 4492 4703 4704
f 3996 4508 4397
f 4397 4508 4503
f 4397 4503 4398
f 4398 4503 4501
f 4398 4501 4440
f 4440 4501 4507
f 4440 4507 4429
f 4429 4507 3981
f 4429 3981 4430
f 4430 3981 3982
f 4430 3982 4431
f 4431 3982 3983
f 4431 3983 4432
f 4432 3983 3984
f 4432 3984 4433
f 4433 3984 3985
f 4433 3985 3986
f 216 218 5
f 10 214 212
f 2920 2895 2919
f 2919 2895 2896
f 96 4712 4713
f 4713 4712 72
f 2916 2899 4713
f 20 2901 4713
f 2919 70 2918
f 2918 70 4713
f 2918 4713 2917
f 2917 4713 2901
f 96 4713 2910
f 2910 4713 46
f 2910 46 2897
f 20 4713 4714
f 4714 4713 2899
f 4714 2899 44
f 2896 2902 2919
f 2919 2902 2903
f 2919 2903 70
f 2906 2907 2908
f 5 10 216
f 216 10 212
f 216 212 98
f 98 212 1018
f 98 1018 4715
f 4715 1018 4716
f 4715 4716 122
f 122 4716 994
f 122 994 2920
f 2920 994 2894
f 2920 2894 2895
f 2897 2905 2910
f 2910 2905 2906
f 2910 2906 2909
f 2909 2906 2908
f 72 2912 4713
f 4713 2912 2911
f 4713 2911 2913
f 2913 2914 4713
f 4713 2914 2915
f 4713 2915 2916
f 4717 4718 4719
f 4720 4721 1623
f 1623 4721 4722
f 1623 4722 1622
f 1622 4722 4723
f 1622 4723 4724
f 4725 4726 4727
f 2408 11 4728
f 4729 4730 1618
f 1618 4730 4731
f 1618 4731 1619
f 1973 544 4732
f 4724 4727 1622
f 1622 4727 4726
f 1622 4726 2339
f 2339 4726 4
f 4733 586 4734
f 4734 586 588
f 4734 588 4735
f 4735 588 590
f 4735 590 4736
f 4737 4738 4739
f 4739 4738 4740
f 4739 4741 4742
f 4717 4719 4743
f 2408 4728 1618
f 1618 4728 4744
f 1618 4744 4729
f 4737 4739 4727
f 4727 4739 4745
f 4727 4745 4725
f 4746 4747 612
f 4748 599 600
f 4749 4750 4751
f 4751 4750 4744
f 4751 4744 4752
f 4752 4744 4728
f 4720 1623 4732
f 4732 1623 1975
f 4732 1975 1973
f 4753 575 4733
f 4733 575 584
f 4733 584 586
f 4719 4754 4743
f 4743 4754 4755
f 4743 4755 4756
f 4756 4755 4757
f 4756 4757 4758
f 612 4747 610
f 610 4747 4759
f 610 4759 608
f 608 4759 4760
f 608 4760 606
f 4718 4761 4719
f 4719 4761 4762
f 4719 4762 4749
f 4749 4762 4763
f 4749 4763 4750
f 544 543 4732
f 4732 543 602
f 4732 602 4764
f 4764 602 604
f 4764 604 4765
f 4765 604 4740
f 4731 4766 1619
f 1619 4766 4767
f 1619 4767 1970
f 1970 4767 4748
f 1970 4748 1971
f 1971 4748 600
f 596 4768 594
f 594 4768 4736
f 594 4736 592
f 592 4736 590
f 4718 4769 4761
f 4761 4769 4768
f 4761 4768 4770
f 4770 4768 596
f 4770 596 4748
f 4748 596 598
f 4748 598 599
f 4739 4742 4771
f 4771 4742 4772
f 4771 4772 4773
f 4773 4772 4774
f 4773 4774 4775
f 4775 4774 4776
f 4775 4776 4777
f 4777 4776 4778
f 4777 4778 4779
f 4741 4739 4780
f 4780 4739 4740
f 4780 4740 4760
f 4760 4740 604
f 4760 604 606
f 4753 4758 575
f 575 4758 4757
f 575 4757 539
f 539 4757 4777
f 539 4777 534
f 534 4777 4779
f 534 4779 616
f 616 4779 4746
f 616 4746 614
f 614 4746 612
f 4781 4782 4783
f 4784 4785 4786
f 4787 4788 4789
f 4790 4791 4792
f 4793 4794 4795
f 4796 4797 4798
f 4799 4800 4801
f 4802 4797 4803
f 4799 4801 4804
f 4804 4801 4805
f 4804 4805 4806
f 4803 4807 4802
f 4802 4807 4808
f 4802 4808 4805
f 4805 4808 4809
f 4805 4809 4806
f 4800 4810 4798
f 4798 4810 4811
f 4798 4811 4796
f 4812 4813 4814
f 4815 4816 4817
f 4817 4816 4812
f 4817 4812 4818
f 4818 4812 4814
f 4815 4819 4816
f 4816 4819 4820
f 4816 4820 4821
f 4821 4820 4822
f 4821 4822 4823
f 4824 4825 4826
f 4826 4825 4827
f 4828 4829 4786
f 4786 4829 4830
f 4786 4830 4831
f 4786 4785 4828
f 4828 4785 4832
f 4828 4832 4833
f 4833 4832 4794
f 4794 4832 4834
f 4794 4834 4795
f 4835 4836 4837
f 4837 4836 4838
f 4837 4838 4795
f 4795 4838 4839
f 4795 4839 4793
f 4840 4841 4842
f 4830 4843 4831
f 4831 4843 4840
f 4831 4840 4844
f 4844 4840 4842
f 4845 4846 4847
f 4847 4846 4848
f 4847 4848 4849
f 4849 4848 4850
f 4849 4850 4792
f 4792 4850 4851
f 4792 4851 4790
f 4821 4852 4853
f 4821 4853 4816
f 4816 4853 4854
f 4816 4854 4855
f 4852 4821 4856
f 4856 4821 4857
f 4856 4857 4858
f 4858 4857 4791
f 4791 4857 4859
f 4791 4859 4792
f 4787 4789 4860
f 4861 4862 4863
f 4863 4862 4864
f 4863 4864 4865
f 4866 4867 4868
f 4868 4867 4869
f 4868 4869 4860
f 4865 4864 4870
f 4870 4864 4871
f 4870 4871 4872
f 4872 4871 4873
f 4872 4873 4874
f 4875 4876 4877
f 4876 4878 4877
f 4877 4878 4879
f 4877 4879 4880
f 4879 4881 4880
f 4880 4881 4882
f 4880 4882 4883
f 4882 4884 4883
f 4883 4884 4885
f 4883 4885 4886
f 4887 4844 4888
f 4888 4844 4842
f 4888 4842 4889
f 4889 4842 4886
f 4889 4886 4890
f 4890 4886 4885
f 4891 4862 4892
f 4892 4862 4859
f 4892 4859 4893
f 4893 4859 4857
f 4893 4857 4894
f 4894 4857 4895
f 4896 4897 4805
f 4805 4897 4898
f 4805 4898 4802
f 4802 4898 4899
f 4900 4901 4902
f 4902 4901 4802
f 4902 4802 4903
f 4903 4802 4899
f 4812 4904 4905
f 4906 4813 4907
f 4907 4813 4812
f 4907 4812 4908
f 4908 4812 4905
f 4904 4812 4909
f 4909 4812 4816
f 4909 4816 4845
f 4845 4816 4855
f 4845 4855 4846
f 4786 4910 4911
f 4911 4912 4786
f 4786 4912 4913
f 4786 4913 4784
f 4914 4915 4916
f 4783 4782 4916
f 4916 4782 4917
f 4916 4917 4914
f 4781 4783 4918
f 4918 4783 4919
f 4918 4919 4920
f 4920 4919 4880
f 4920 4880 4921
f 4922 4923 4883
f 4883 4923 4924
f 4883 4924 4880
f 4880 4924 4925
f 4880 4925 4921
f 4800 4798 4801
f 4801 4798 4926
f 4801 4926 4927
f 4928 4929 4930
f 4831 4931 4932
f 4933 4786 4934
f 4934 4786 4831
f 4934 4831 4935
f 4935 4831 4932
f 4936 4910 4937
f 4937 4910 4786
f 4937 4786 4938
f 4938 4786 4933
f 4936 4939 4910
f 4910 4939 4940
f 4910 4940 4941
f 4941 4940 4942
f 4941 4942 4943
f 4943 4931 4941
f 4941 4931 4831
f 4941 4831 4877
f 4877 4831 4844
f 4877 4844 4875
f 4875 4844 4887
f 4823 4824 4821
f 4821 4824 4826
f 4821 4826 4857
f 4857 4826 4901
f 4857 4901 4895
f 4895 4901 4900
f 4841 4836 4842
f 4842 4836 4835
f 4842 4835 4886
f 4886 4835 4868
f 4834 4847 4795
f 4795 4847 4849
f 4795 4849 4837
f 4837 4849 4792
f 4837 4792 4835
f 4835 4792 4859
f 4835 4859 4868
f 4868 4859 4862
f 4868 4862 4866
f 4866 4862 4861
f 4827 4813 4826
f 4826 4813 4906
f 4826 4906 4901
f 4901 4906 4944
f 4901 4944 4802
f 4802 4944 4945
f 4802 4945 4797
f 4797 4945 4928
f 4797 4928 4798
f 4798 4928 4930
f 4798 4930 4926
f 4860 4789 4868
f 4868 4789 4946
f 4868 4946 4886
f 4886 4946 4916
f 4886 4916 4883
f 4883 4916 4915
f 4883 4915 4922
f 4947 4783 4948
f 4948 4783 4916
f 4948 4916 4949
f 4949 4916 4946
f 4949 4946 4950
f 4950 4946 4789
f 4950 4789 4873
f 4873 4789 4788
f 4873 4788 4874
f 4891 4896 4862
f 4862 4896 4805
f 4862 4805 4864
f 4864 4805 4801
f 4864 4801 4871
f 4871 4801 4927
f 4951 4952 4953
f 4953 4952 4954
f 4955 4956 4957
f 4957 4956 4958
f 4959 4960 4961
f 4961 4960 4962
f 4963 4964 4965
f 4965 4964 4966
f 4722 4820 4723
f 4723 4820 4819
f 4723 4819 4724
f 4724 4819 4815
f 4724 4815 4727
f 4727 4815 4817
f 4727 4817 4737
f 4737 4817 4818
f 4737 4818 4738
f 4738 4818 4814
f 4738 4814 4740
f 4740 4814 4813
f 4740 4813 4765
f 4765 4813 4827
f 4765 4827 4764
f 4764 4827 4825
f 4764 4825 4732
f 4732 4825 4824
f 4732 4824 4720
f 4720 4824 4823
f 4720 4823 4721
f 4721 4823 4822
f 4721 4822 4722
f 4722 4822 4820
f 4746 4804 4747
f 4747 4804 4806
f 4747 4806 4759
f 4759 4806 4809
f 4759 4809 4760
f 4760 4809 4808
f 4760 4808 4780
f 4780 4808 4807
f 4780 4807 4741
f 4741 4807 4803
f 4741 4803 4742
f 4742 4803 4797
f 4742 4797 4772
f 4772 4797 4796
f 4772 4796 4774
f 4774 4796 4811
f 4774 4811 4776
f 4776 4811 4810
f 4776 4810 4778
f 4778 4810 4800
f 4778 4800 4779
f 4779 4800 4799
f 4779 4799 4746
f 4746 4799 4804
f 4718 4920 4769
f 4769 4920 4921
f 4769 4921 4768
f 4768 4921 4925
f 4768 4925 4736
f 4736 4925 4924
f 4736 4924 4735
f 4735 4924 4923
f 4735 4923 4734
f 4734 4923 4922
f 4734 4922 4733
f 4733 4922 4915
f 4733 4915 4753
f 4753 4915 4914
f 4753 4914 4758
f 4758 4914 4917
f 4758 4917 4756
f 4756 4917 4782
f 4756 4782 4743
f 4743 4782 4781
f 4743 4781 4717
f 4717 4781 4918
f 4717 4918 4718
f 4718 4918 4920
f 4762 4940 4763
f 4763 4940 4939
f 4763 4939 4750
f 4750 4939 4936
f 4750 4936 4744
f 4744 4936 4937
f 4744 4937 4729
f 4729 4937 4938
f 4729 4938 4730
f 4730 4938 4933
f 4730 4933 4731
f 4731 4933 4934
f 4731 4934 4766
f 4766 4934 4935
f 4766 4935 4767
f 4767 4935 4932
f 4767 4932 4748
f 4748 4932 4931
f 4748 4931 4770
f 4770 4931 4943
f 4770 4943 4761
f 4761 4943 4942
f 4761 4942 4762
f 4762 4942 4940
f 4964 4963 4967
f 4964 4967 4968
f 4968 4967 4969
f 4968 4969 4970
f 4970 4969 4953
f 4970 4953 4954
f 4956 4955 4971
f 4956 4971 4972
f 4972 4971 4973
f 4972 4973 4974
f 4974 4973 4961
f 4974 4961 4962
f 4952 4951 4975
f 4952 4975 4976
f 4976 4975 4977
f 4976 4977 4978
f 4978 4977 4957
f 4978 4957 4958
f 4960 4959 4979
f 4960 4979 4980
f 4980 4979 4981
f 4980 4981 4982
f 4982 4981 4965
f 4982 4965 4966
f 4983 4984 994
f 994 4716 4983
f 4983 4716 1018
f 4983 1018 4985
f 4985 1018 1016
f 4985 1016 4986
f 4986 1016 1014
f 4986 1014 4987
f 4987 1014 1012
f 4987 1012 4988
f 4988 1012 1010
f 4988 1010 4989
f 4989 1010 1008
f 4989 1008 4990
f 4990 1008 1006
f 4990 1006 4991
f 4991 1006 1004
f 4991 1004 4992
f 4992 1004 1002
f 4992 1002 4993
f 4993 1002 1000
f 4993 1000 4994
f 4994 1000 998
f 4994 998 4984
f 4984 998 996
f 4984 996 994
f 4989 4829 4988
f 4988 4829 4828
f 4988 4828 4987
f 4987 4828 4833
f 4987 4833 4986
f 4986 4833 4794
f 4986 4794 4985
f 4985 4794 4793
f 4985 4793 4983
f 4983 4793 4839
f 4983 4839 4984
f 4984 4839 4838
f 4984 4838 4994
f 4994 4838 4836
f 4994 4836 4993
f 4993 4836 4841
f 4993 4841 4992
f 4992 4841 4840
f 4992 4840 4991
f 4991 4840 4843
f 4991 4843 4990
f 4990 4843 4830
f 4990 4830 4989
f 4989 4830 4829
f 4995 4996 98
f 98 4715 4995
f 4995 4715 122
f 4995 122 4997
f 4997 122 120
f 4997 120 4998
f 4998 120 118
f 4998 118 4999
f 4999 118 116
f 4999 116 5000
f 5000 116 114
f 5000 114 5001
f 5001 114 112
f 5001 112 5002
f 5002 112 110
f 5002 110 5003
f 5003 110 108
f 5003 108 5004
f 5004 108 106
f 5004 106 5005
f 5005 106 104
f 5005 104 5006
f 5006 104 102
f 5006 102 4996
f 4996 102 100
f 4996 100 98
f 4996 4850 5006
f 5006 4850 4848
f 5006 4848 5005
f 5005 4848 4846
f 5005 4846 5004
f 5004 4846 4855
f 5004 4855 5003
f 5003 4855 4854
f 5003 4854 5002
f 5002 4854 4853
f 5002 4853 5001
f 5001 4853 4852
f 5001 4852 5000
f 5000 4852 4856
f 5000 4856 4999
f 4999 4856 4858
f 4999 4858 4998
f 4998 4858 4791
f 4998 4791 4997
f 4997 4791 4790
f 4997 4790 4995
f 4995 4790 4851
f 4995 4851 4996
f 4996 4851 4850
f 5007 5008 72
f 72 4712 5007
f 5007 4712 96
f 5007 96 5009
f 5009 96 94
f 5009 94 5010
f 5010 94 92
f 5010 92 5011
f 5011 92 90
f 5011 90 5012
f 5012 90 88
f 5012 88 5013
f 5013 88 86
f 5013 86 5014
f 5014 86 84
f 5014 84 5015
f 5015 84 82
f 5015 82 5016
f 5016 82 80
f 5016 80 5017
f 5017 80 78
f 5017 78 5018
f 5018 78 76
f 5018 76 5008
f 5008 76 74
f 5008 74 72
f 5010 4860 5009
f 5009 4860 4869
f 5009 4869 5019
f 5019 4869 5020
f 5019 5020 5008
f 5008 5020 4866
f 5008 4866 5018
f 5018 4866 4861
f 5018 4861 5017
f 5017 4861 4863
f 5017 4863 5016
f 5016 4863 4865
f 5016 4865 5015
f 5015 4865 4870
f 5015 4870 5021
f 5021 4870 5022
f 5021 5022 5013
f 5013 5022 4874
f 5013 4874 5012
f 5012 4874 4788
f 5012 4788 5011
f 5011 4788 4787
f 5011 4787 5010
f 5010 4787 4860
f 5023 5024 46
f 46 4713 5023
f 5023 4713 70
f 5023 70 5025
f 5025 70 68
f 5025 68 5026
f 5026 68 66
f 5026 66 5027
f 5027 66 64
f 5027 64 5028
f 5028 64 62
f 5028 62 5029
f 5029 62 60
f 5029 60 5030
f 5030 60 58
f 5030 58 5031
f 5031 58 56
f 5031 56 5032
f 5032 56 54
f 5032 54 5033
f 5033 54 52
f 5033 52 5034
f 5034 52 50
f 5034 50 5024
f 5024 50 48
f 5024 48 46
f 5029 4878 5028
f 5028 4878 4876
f 5028 4876 5027
f 5027 4876 4875
f 5027 4875 5026
f 5026 4875 4887
f 5026 4887 5025
f 5025 4887 4888
f 5025 4888 5035
f 5035 4888 5036
f 5035 5036 5024
f 5024 5036 4890
f 5024 4890 5034
f 5034 4890 4885
f 5034 4885 5033
f 5033 4885 4884
f 5033 4884 5032
f 5032 4884 4882
f 5032 4882 5031
f 5031 4882 4881
f 5031 4881 5030
f 5030 4881 4879
f 5030 4879 5029
f 5029 4879 4878
f 5037 5038 20
f 20 4714 5037
f 5037 4714 44
f 5037 44 5039
f 5039 44 42
f 5039 42 5040
f 5040 42 40
f 5040 40 5041
f 5041 40 38
f 5041 38 5042
f 5042 38 36
f 5042 36 5043
f 5043 36 34
f 5043 34 5044
f 5044 34 32
f 5044 32 5045
f 5045 32 30
f 5045 30 5046
f 5046 30 28
f 5046 28 5047
f 5047 28 26
f 5047 26 5048
f 5048 26 24
f 5048 24 5038
f 5038 24 22
f 5038 22 20
f 5038 4892 5048
f 5048 4892 4893
f 5048 4893 5047
f 5047 4893 4894
f 5047 4894 5046
f 5046 4894 4895
f 5046 4895 5045
f 5045 4895 4900
f 5045 4900 5049
f 5049 4900 5050
f 5049 5050 5043
f 5043 5050 4903
f 5043 4903 5042
f 5042 4903 4899
f 5042 4899 5041
f 5041 4899 4898
f 5041 4898 5040
f 5040 4898 4897
f 5040 4897 5039
f 5039 4897 4896
f 5039 4896 5037
f 5037 4896 4891
f 5037 4891 5038
f 5038 4891 4892
f 4834 4955 4847
f 4847 4955 4957
f 4847 4957 4845
f 4845 4957 4909
f 4834 4832 4955
f 4955 4832 4785
f 4955 4785 4784
f 4911 4961 4973
f 4911 4973 4912
f 4912 4973 4971
f 4912 4971 4913
f 4913 4971 4955
f 4913 4955 4784
f 4909 4957 4977
f 4909 4977 4904
f 4904 4977 4975
f 4904 4975 4905
f 4905 4975 4951
f 4905 4951 4908
f 4961 4911 4910
f 4910 4941 4961
f 4961 4941 4877
f 4961 4877 4959
f 4959 4877 4880
f 4959 4880 4919
f 4907 4908 4951
f 4928 4945 4953
f 4953 4945 4944
f 4953 4944 4951
f 4951 4944 4906
f 4951 4906 4907
f 4948 4965 4981
f 4948 4981 4947
f 4947 4981 4979
f 4947 4979 4783
f 4783 4979 4959
f 4783 4959 4919
f 4928 4953 4969
f 4928 4969 4929
f 4929 4969 4967
f 4929 4967 4930
f 4930 4967 4963
f 4930 4963 4926
f 4927 4926 4963
f 4965 4948 4949
f 4949 4950 4965
f 4965 4950 4873
f 4965 4873 4963
f 4963 4873 4871
f 4963 4871 4927
f 4956 4728 11
f 11 10 4956
f 4956 10 5
f 4956 5 4958
f 4958 5 4
f 4958 4 4726
f 4728 4956 4972
f 4728 4972 4752
f 4752 4972 4974
f 4752 4974 4751
f 4751 4974 4962
f 4751 4962 4749
f 4739 4952 4976
f 4739 4976 4745
f 4745 4976 4978
f 4745 4978 4725
f 4725 4978 4958
f 4725 4958 4726
f 4960 4719 4962
f 4962 4719 4749
f 4771 4954 4739
f 4739 4954 4952
f 4719 4960 4980
f 4719 4980 4754
f 4754 4980 4982
f 4754 4982 4755
f 4755 4982 4966
f 4755 4966 4757
f 4777 4964 4968
f 4777 4968 4775
f 4775 4968 4970
f 4775 4970 4773
f 4773 4970 4954
f 4773 4954 4771
f 4964 4777 4966
f 4966 4777 4757
f 3963 4108 3922
f 3922 4108 4107
f 4108 3963 4122
f 4122 3963 3955
f 4122 3955 4121
f 4121 3955 3956
f 4121 3956 4114
f 4114 3956 3980
f 4111 3907 4118
f 4118 3907 3906
f 4118 3906 4117
f 4117 3906 3924
f 4117 3924 4107
f 4107 3924 3922
f 3973 4116 3980
f 3980 4116 4114
f 4109 3894 4111
f 4111 3894 3907
f 4116 3973 4120
f 4120 3973 3974
f 4120 3974 4119
f 4119 3974 3951
f 4119 3951 4113
f 4113 3951 3949
f 4112 3877 4124
f 4124 3877 3876
f 4124 3876 4123
f 4123 3876 3892
f 4123 3892 4109
f 4109 3892 3894
f 3877 4112 3949
f 3949 4112 4113
f 5051 5052 5053
f 5053 5052 5054
f 5053 5054 5055
f 5056 5057 5058
f 5058 5057 5059
f 5058 5059 5060
f 5052 5051 5061
f 5061 5051 5062
f 5061 5062 5063
f 5063 5062 5064
f 5063 5064 5065
f 5065 5064 5066
f 5065 5066 5067
f 5067 5066 5068
f 5067 5068 5059
f 5059 5068 5060
f 5051 5069 5062
f 5062 5069 5070
f 5062 5070 5064
f 5064 5070 5071
f 5064 5071 5066
f 5066 5071 5072
f 5066 5072 5068
f 5068 5072 5073
f 5068 5073 5060
f 5060 5073 5074
f 5060 5074 5058
f 5058 5074 5075
f 5058 5075 5056
f 5056 5075 5076
f 5056 5076 5077
f 5078 5079 5055
f 5055 5079 5080
f 5069 5051 5080
f 5080 5051 5053
f 5080 5053 5055
f 5077 5076 5081
f 5082 5079 5078
f 5079 5082 5083
f 5079 5083 5080
f 5084 5081 5076
f 5076 5075 5084
f 5084 5075 5074
f 5084 5074 5085
f 5085 5074 5073
f 5085 5073 5086
f 5086 5073 5072
f 5086 5072 5087
f 5087 5072 5071
f 5087 5071 5088
f 5088 5071 5070
f 5088 5070 5083
f 5083 5070 5069
f 5083 5069 5080
f 5089 5054 5052
f 5089 5052 5090
f 5090 5052 5061
f 5090 5061 5091
f 5091 5061 5063
f 5091 5063 5092
f 5092 5063 5065
f 5092 5065 5093
f 5093 5065 5067
f 5093 5067 5094
f 5094 5067 5059
f 5094 5059 5057
f 5055 5054 5089
f 5055 5083 5078
f 5078 5083 5082
f 5081 5084 5077
f 5077 5084 5056
f 5055 5089 5083
f 5083 5089 5090
f 5083 5090 5088
f 5088 5090 5091
f 5088 5091 5087
f 5087 5091 5092
f 5087 5092 5086
f 5086 5092 5093
f 5086 5093 5085
f 5085 5093 5094
f 5085 5094 5084
f 5084 5094 5057
f 5084 5057 5056
f 5095 5096 5097
f 5097 5096 5098
f 5097 5098 5099
f 5100 5101 5102
f 5102 5101 5103
f 5102 5103 5104
f 5096 5095 5105
f 5105 5095 5106
f 5105 5106 5107
f 5107 5106 5108
f 5107 5108 5109
f 5109 5108 5110
f 5109 5110 5111
f 5111 5110 5112
f 5111 5112 5103
f 5103 5112 5104
f 5113 5114 5099
f 5099 5114 5115
f 5116 5095 5115
f 5115 5095 5097
f 5115 5097 5099
f 5104 5117 5102
f 5102 5117 5118
f 5102 5118 5100
f 5100 5118 5119
f 5100 5119 5120
f 5095 5116 5106
f 5106 5116 5121
f 5106 5121 5108
f 5108 5121 5122
f 5108 5122 5110
f 5110 5122 5123
f 5110 5123 5112
f 5112 5123 5124
f 5112 5124 5104
f 5104 5124 5117
f 5125 5114 5113
f 5120 5119 5126
f 5103 5101 5127
f 5103 5127 5111
f 5111 5127 5128
f 5111 5128 5109
f 5109 5128 5129
f 5109 5129 5107
f 5107 5129 5130
f 5107 5130 5105
f 5105 5130 5131
f 5105 5131 5096
f 5096 5131 5132
f 5096 5132 5098
f 5114 5125 5133
f 5114 5133 5115
f 5134 5126 5119
f 5119 5118 5134
f 5134 5118 5117
f 5134 5117 5135
f 5135 5117 5124
f 5135 5124 5136
f 5136 5124 5123
f 5136 5123 5137
f 5137 5123 5122
f 5137 5122 5138
f 5138 5122 5121
f 5138 5121 5133
f 5133 5121 5116
f 5133 5116 5115
f 5099 5098 5132
f 5099 5133 5113
f 5113 5133 5125
f 5126 5134 5120
f 5120 5134 5100
f 5099 5132 5133
f 5133 5132 5131
f 5133 5131 5138
f 5138 5131 5130
f 5138 5130 5137
f 5137 5130 5129
f 5137 5129 5136
f 5136 5129 5128
f 5136 5128 5135
f 5135 5128 5127
f 5135 5127 5134
f 5134 5127 5101
f 5134 5101 5100
f 4109 5139 3725
f 3725 5139 5140
f 5139 5141 5140
f 5140 5141 5142
f 5140 5142 3719
f 5142 4123 3719
f 3719 4123 5143
f 3719 5143 5144
f 5143 5145 5144
f 5144 5145 5146
f 5144 5146 3717
f 5146 4124 3717
f 3717 4124 5147
f 3717 5147 5148
f 4112 3715 5149
f 5149 3715 5148
f 5149 5148 5150
f 5150 5148 5147
f 4113 3679 4112
f 4112 3679 3715
f 4113 5151 3679
f 3679 5151 5152
f 5151 5153 5152
f 5152 5153 5154
f 5152 5154 3838
f 5154 4119 3838
f 3838 4119 5155
f 3838 5155 5156
f 5155 5157 5156
f 5156 5157 5158
f 5156 5158 3836
f 5158 4120 3836
f 3836 4120 5159
f 3836 5159 5160
f 4116 3756 5161
f 5161 3756 5160
f 5161 5160 5162
f 5162 5160 5159
f 4114 3767 4116
f 4116 3767 3756
f 4114 5163 3767
f 3767 5163 5164
f 5163 5165 5164
f 5164 5165 5166
f 5164 5166 3769
f 5166 4121 3769
f 3769 4121 5167
f 3769 5167 5168
f 5167 5169 5168
f 5168 5169 5170
f 5168 5170 3771
f 5170 4122 3771
f 3771 4122 5171
f 3771 5171 5172
f 4108 3776 5173
f 5173 3776 5172
f 5173 5172 5174
f 5174 5172 5171
f 4107 3743 4108
f 4108 3743 3776
f 4107 5175 3743
f 3743 5175 5176
f 5175 5177 5176
f 5176 5177 5178
f 5176 5178 3741
f 5178 4117 3741
f 3741 4117 5179
f 3741 5179 5180
f 5179 5181 5180
f 5180 5181 5182
f 5180 5182 3739
f 5182 4118 3739
f 3739 4118 5183
f 3739 5183 5184
f 4111 3736 5185
f 5185 3736 5184
f 5185 5184 5186
f 5186 5184 5183
f 4109 3725 4111
f 4111 3725 3736
f 5160 3756 3679
f 5180 3739 5184
f 3715 3743 3736
f 3679 3756 3715
f 3715 3756 3776
f 3715 3776 3743
f 5180 5184 3741
f 3679 5152 3838
f 3736 3743 5184
f 5184 3743 5176
f 5184 5176 3741
f 3717 5140 5144
f 5144 5140 3719
f 3736 3725 3715
f 3715 3725 5140
f 3715 5140 5148
f 5148 5140 3717
f 3838 5156 3679
f 3679 5156 3836
f 3679 3836 5160
f 5168 3771 3769
f 3769 3771 5164
f 3756 3767 3776
f 3776 3767 5164
f 3776 5164 5172
f 5172 5164 3771
f 5187 5188 5189
f 5190 5191 5192
f 5192 5193 5188
f 5188 5193 5194
f 5195 5196 5197
f 5198 5199 5200
f 5191 5201 5192
f 5192 5201 5202
f 5192 5202 5193
f 5193 5202 5200
f 5193 5200 5203
f 5203 5200 5199
f 5204 5205 5206
f 5206 5205 5194
f 5189 5188 5207
f 5195 5197 5192
f 5192 5197 5208
f 5192 5208 5190
f 5200 5209 5210
f 5211 5212 5213
f 5194 5205 5188
f 5188 5205 5214
f 5188 5214 5207
f 5210 5215 5200
f 5200 5215 5216
f 5200 5216 5198
f 5204 5217 5205
f 5205 5217 5211
f 5205 5211 5218
f 5218 5211 5213
f 5189 5219 5220
f 5220 5221 5189
f 5189 5221 5222
f 5189 5222 5187
f 4107 4108 5223
f 5223 4108 5224
f 5223 5224 5225
f 5225 5224 5226
f 5225 5226 5227
f 5227 5226 5228
f 5227 5228 5229
f 5229 5228 5230
f 5229 5230 5231
f 5231 5230 5232
f 5231 5232 5205
f 5205 5232 5214
f 5233 5234 5235
f 5214 5236 5207
f 5207 5236 5237
f 5207 5237 5189
f 5189 5237 5238
f 5189 5238 5219
f 5219 5238 5239
f 5219 5239 5220
f 5220 5239 5240
f 5220 5240 5221
f 5221 5240 5241
f 5221 5241 5222
f 5222 5241 5235
f 5222 5235 5187
f 5187 5235 5234
f 5187 5234 5188
f 5242 5243 5244
f 5244 5243 5233
f 5233 5235 5244
f 5244 5235 5241
f 5244 5241 5245
f 5245 5241 5240
f 5245 5240 5246
f 5246 5240 5239
f 5246 5239 5247
f 5247 5239 5238
f 5247 5238 5248
f 5248 5238 5237
f 5248 5237 5249
f 5249 5237 5236
f 5249 5236 5250
f 5214 5232 5236
f 5236 5232 5230
f 5236 5230 5250
f 5250 5230 5228
f 5250 5228 5226
f 5242 5244 5251
f 5251 5244 5245
f 5251 5245 5252
f 5252 5245 5246
f 5252 5246 5253
f 5253 5246 5247
f 5253 5247 5254
f 5254 5247 5248
f 5254 5248 5255
f 5255 5248 5249
f 5255 5249 5256
f 5256 5249 5250
f 5256 5250 5257
f 5257 5250 5226
f 5257 5226 5224
f 5163 4114 5251
f 5251 4114 5258
f 5251 5258 5242
f 4122 5170 5255
f 5255 5170 5169
f 5255 5169 5254
f 5254 5169 5167
f 5254 5167 5253
f 5253 5167 4121
f 5253 4121 5252
f 5252 4121 5166
f 5252 5166 5251
f 5251 5166 5165
f 5251 5165 5163
f 4122 5255 5171
f 5171 5255 5256
f 5171 5256 5174
f 5174 5256 5257
f 5174 5257 5173
f 5173 5257 5224
f 5173 5224 4108
f 5229 5231 5259
f 5194 5260 5206
f 5206 5260 5261
f 5206 5261 5204
f 5204 5261 5262
f 5204 5262 5217
f 5217 5262 5263
f 5217 5263 5211
f 5211 5263 5264
f 5211 5264 5212
f 5212 5264 5265
f 5212 5265 5213
f 5213 5265 5259
f 5213 5259 5218
f 5218 5259 5231
f 5218 5231 5205
f 5225 5227 5266
f 5266 5227 5229
f 5229 5259 5266
f 5266 5259 5265
f 5266 5265 5267
f 5267 5265 5264
f 5267 5264 5268
f 5268 5264 5263
f 5268 5263 5269
f 5269 5263 5262
f 5269 5262 5270
f 5270 5262 5261
f 5270 5261 5271
f 5271 5261 5260
f 5271 5260 5272
f 5194 5273 5260
f 5260 5273 5274
f 5260 5274 5272
f 5272 5274 5275
f 5272 5275 5276
f 5225 5266 5277
f 5277 5266 5267
f 5277 5267 5278
f 5278 5267 5268
f 5278 5268 5279
f 5279 5268 5269
f 5279 5269 5280
f 5280 5269 5270
f 5280 5270 5281
f 5281 5270 5271
f 5281 5271 5282
f 5282 5271 5272
f 5282 5272 5283
f 5283 5272 5276
f 5283 5276 5284
f 5175 4107 5277
f 5277 4107 5223
f 5277 5223 5225
f 4118 5182 5281
f 5281 5182 5181
f 5281 5181 5280
f 5280 5181 5179
f 5280 5179 5279
f 5279 5179 4117
f 5279 4117 5278
f 5278 4117 5178
f 5278 5178 5277
f 5277 5178 5177
f 5277 5177 5175
f 4118 5281 5183
f 5183 5281 5282
f 5183 5282 5186
f 5186 5282 5283
f 5186 5283 5185
f 5185 5283 5284
f 5185 5284 4111
f 4114 4116 5258
f 5258 4116 5285
f 5258 5285 5242
f 5242 5285 5286
f 5242 5286 5243
f 5243 5286 5287
f 5243 5287 5233
f 5233 5287 5288
f 5233 5288 5234
f 5234 5288 5289
f 5234 5289 5188
f 5188 5289 5192
f 4109 4111 5290
f 5290 4111 5284
f 5290 5284 5291
f 5291 5284 5276
f 5291 5276 5292
f 5292 5276 5275
f 5292 5275 5293
f 5293 5275 5274
f 5293 5274 5294
f 5294 5274 5273
f 5294 5273 5193
f 5193 5273 5194
f 5295 5296 5297
f 5192 5298 5195
f 5195 5298 5299
f 5195 5299 5196
f 5196 5299 5300
f 5196 5300 5197
f 5197 5300 5301
f 5197 5301 5208
f 5208 5301 5302
f 5208 5302 5190
f 5190 5302 5303
f 5190 5303 5191
f 5191 5303 5297
f 5191 5297 5201
f 5201 5297 5296
f 5201 5296 5202
f 5304 5305 5306
f 5306 5305 5295
f 5295 5297 5306
f 5306 5297 5303
f 5306 5303 5307
f 5307 5303 5302
f 5307 5302 5308
f 5308 5302 5301
f 5308 5301 5309
f 5309 5301 5300
f 5309 5300 5310
f 5310 5300 5299
f 5310 5299 5311
f 5311 5299 5298
f 5311 5298 5312
f 5192 5289 5298
f 5298 5289 5288
f 5298 5288 5312
f 5312 5288 5287
f 5312 5287 5286
f 5304 5306 5313
f 5313 5306 5307
f 5313 5307 5314
f 5314 5307 5308
f 5314 5308 5315
f 5315 5308 5309
f 5315 5309 5316
f 5316 5309 5310
f 5316 5310 5317
f 5317 5310 5311
f 5317 5311 5318
f 5318 5311 5312
f 5318 5312 5319
f 5319 5312 5286
f 5319 5286 5285
f 5151 4113 5313
f 5313 4113 5320
f 5313 5320 5304
f 4120 5158 5317
f 5317 5158 5157
f 5317 5157 5316
f 5316 5157 5155
f 5316 5155 5315
f 5315 5155 4119
f 5315 4119 5314
f 5314 4119 5154
f 5314 5154 5313
f 5313 5154 5153
f 5313 5153 5151
f 4120 5317 5159
f 5159 5317 5318
f 5159 5318 5162
f 5162 5318 5319
f 5162 5319 5161
f 5161 5319 5285
f 5161 5285 4116
f 5293 5294 5321
f 5200 5322 5209
f 5209 5322 5323
f 5209 5323 5210
f 5210 5323 5324
f 5210 5324 5215
f 5215 5324 5325
f 5215 5325 5216
f 5216 5325 5326
f 5216 5326 5198
f 5198 5326 5327
f 5198 5327 5199
f 5199 5327 5321
f 5199 5321 5203
f 5203 5321 5294
f 5203 5294 5193
f 5291 5292 5328
f 5328 5292 5293
f 5293 5321 5328
f 5328 5321 5327
f 5328 5327 5329
f 5329 5327 5326
f 5329 5326 5330
f 5330 5326 5325
f 5330 5325 5331
f 5331 5325 5324
f 5331 5324 5332
f 5332 5324 5323
f 5332 5323 5333
f 5333 5323 5322
f 5333 5322 5334
f 5200 5335 5322
f 5322 5335 5336
f 5322 5336 5334
f 5334 5336 5337
f 5334 5337 5338
f 5291 5328 5339
f 5339 5328 5329
f 5339 5329 5340
f 5340 5329 5330
f 5340 5330 5341
f 5341 5330 5331
f 5341 5331 5342
f 5342 5331 5332
f 5342 5332 5343
f 5343 5332 5333
f 5343 5333 5344
f 5344 5333 5334
f 5344 5334 5345
f 5345 5334 5338
f 5345 5338 5346
f 5139 4109 5339
f 5339 4109 5290
f 5339 5290 5291
f 4124 5146 5343
f 5343 5146 5145
f 5343 5145 5342
f 5342 5145 5143
f 5342 5143 5341
f 5341 5143 4123
f 5341 4123 5340
f 5340 4123 5142
f 5340 5142 5339
f 5339 5142 5141
f 5339 5141 5139
f 4124 5343 5147
f 5147 5343 5344
f 5147 5344 5150
f 5150 5344 5345
f 5150 5345 5149
f 5149 5345 5346
f 5149 5346 4112
f 4113 4112 5320
f 5320 4112 5346
f 5320 5346 5304
f 5304 5346 5338
f 5304 5338 5305
f 5305 5338 5337
f 5305 5337 5295
f 5295 5337 5336
f 5295 5336 5296
f 5296 5336 5335
f 5296 5335 5202
f 5202 5335 5200
